,0,1,2,3,4,5,6,7,8,9,10,11,12,13,14
s02T1622,0.5681989771239798,0.0,0.1060425939438024,0.0033414099000750376,0.016112755823917635,0.04441069209562868,0.01521782447479371,0.008312388931962527,0.0,0.005049500976286141,0.0017435894430732535,0.0,0.0008651694344055835,0.23013777346248532,0.0005673243895898794
s03T1622,0.0034101132413227033,0.0,0.06814829406584184,0.009759572252858976,0.04964311587859127,0.0417566891975643,0.1046357202939616,0.0,0.0,0.0010062281005861018,0.00015659145367548035,0.0,0.0,0.7150542325967105,0.006429442918887266
s04T1622,0.011386399017764906,0.002504899929348882,0.14846217250495594,0.07997085181165241,0.1725685318404578,0.04040915389469727,0.005631817804053027,0.029421696805820397,0.0,0.015745430278492924,0.001916552442680235,0.00036515058491150103,0.0,0.455284872759304,0.0363324703258607
s05T1622,0.01096964267246862,0.001104255005085753,0.1728442883741165,0.05250517627071745,0.2398536870585019,0.04599537979445593,0.0,0.011192106316808458,9.215130027953208e-06,0.008682687075220763,0.002523668429201017,0.0,0.0,0.43295595850754154,0.021363935365854132
s06T1622,0.008988070702578167,0.00020475366682951924,0.0488097747262342,0.14169947164094973,0.5225913278518843,0.00014902647879706522,0.1594771385991165,0.004010352066341542,0.0,0.03060326879433108,0.0,1.3249235575995275e-05,0.0,0.07297054202932969,0.010483024208032144
s07T1622,0.9950264447325705,0.0,0.0,0.0,0.0,0.004276546671491518,0.0,0.0,0.0,0.0,0.0,0.0,0.0006970085959378659,0.0,0.0
s08T1622,0.04679138710655652,0.0,0.0,0.0,0.0,0.0,0.0,0.0,0.0,0.26215694433990083,0.6910516685535426,0.0,0.0,0.0,0.0
s09T1622,0.007878989244365985,0.0,0.00038375199645012764,0.025519710734179912,0.0009136755153857589,0.0,0.0005094474267800992,0.008715125803605419,5.4114000650172635e-05,0.4128779663006271,0.5427664368442378,0.0,0.0,0.00038078213371751045,0.0
s10T1622,0.000604525765864987,0.0,0.0024818197968680183,0.0036720542617564864,0.0017878503029426364,0.0,0.0005005302482921637,0.0,0.0,0.5496382605381558,0.43432052627166234,0.0,0.0,0.006248846057020931,0.0007455867574366008
s11T1622,0.012496309270804418,0.0002723823140586844,0.0016030646118268962,0.06421727374976662,0.004771174968846879,0.0016610566744137394,0.004195998518871929,0.033121158116652276,0.0009697000056360146,0.49876334480588697,0.36460597224036584,0.0006632169482344715,0.0007573210035547752,0.005956850870040379,0.005945175901040215
s12T1622,0.043793220766683454,0.0073941229749327165,0.010242056027934827,0.28413337143855727,0.010541500975714959,0.004947424584416771,0.0067061656599224475,0.09959966808929631,0.004430351229192639,0.2523215928301637,0.12175266789837094,0.006074112349534141,0.014812210037950337,0.04038982996853415,0.09286170516879531
s13T1622,0.004425133944549207,0.017948858003366375,0.01994084997097092,0.27172962285525487,0.0,0.017058514400587914,0.0,0.11999262239594756,0.0501971645896924,0.12048476397375774,0.06863189682881819,0.0,0.27277643032511695,0.008871005686565557,0.02794313702537245
s14T1622,0.4851266005407127,0.004979063273492096,0.026888604937326716,0.22912584095697638,0.017164239633729643,0.0015809943859123846,0.0007701189029043762,0.06744150344695173,0.0016770621290015447,0.08294796256306573,0.0367884658915882,0.0006376247130849102,0.009670459473756624,0.01257180863267426,0.022629650518822722
s15T1622,0.858386581514305,0.0019104422507216555,0.0015180907669352177,0.05212703835017511,0.0,0.0007526971713922797,5.1937787421210817e-05,0.0211389847396403,0.0003116191360155579,0.019460103368358947,0.009472382020833772,6.640943770041577e-05,0.007022828240730523,0.0,0.02778088521577002
s02M1722,0.0,0.00036987685263014416,0.5683736268013995,0.0077593718288375526,0.0,2.9064683838623303e-05,0.08741462132652802,0.0006528865609791572,0.0,0.006348372210476078,0.0041902275439462825,3.1558527148723075e-05,0.0,0.3191113685465944,0.005719025117621732
s03M1722,0.008969411118432588,0.0,0.08192950771001913,0.06171678703278904,0.1704480745208495,0.0,0.015726619773155738,0.0,0.0,9.557799289034994e-05,0.0,0.0,0.0,0.5786220147415481,0.08249200711031562
s04M1722,0.009691833242731674,0.0004567376918947128,0.07219053587952601,0.041563246090204564,0.0765852944155088,0.0011144092765098736,0.4108525923641819,0.003215447869425466,8.43076792694726e-05,0.0026527155596911323,0.001973191851932824,0.0,0.0,0.23494467877834238,0.14467500930078114
s05M1722,0.003915523021733181,0.00044555290030669974,0.23921453349436625,0.03751133079640585,0.17961208648934904,0.0,0.348331685401932,0.005278988378429593,3.373377042161531e-05,0.004710633883832569,0.002081104932336242,0.0,0.0,0.16389819650007673,0.014966630430810151
s06M1722,0.31368010997504975,0.0003087078569172592,0.19479994107681917,0.01948113870842214,0.23483339974910325,0.0005133199782167037,0.0,0.005097150049703482,0.0,0.003214180796769332,0.0009119841319610415,0.0,0.0,0.22055367923033348,0.0066063884467044915
s07M1722,0.8769928080180268,0.0,0.0,0.12300719198197319,0.0,0.0,0.0,0.0,0.0,0.0,0.0,0.0,0.0,0.0,0.0
s08M1722,0.0,0.0,0.00011194525348816336,0.0,0.0,0.0,0.0,0.0,0.0,0.09981928723219832,0.8999798511626754,0.0,0.0,8.891635163804736e-05,0.0
s09M1722,0.16236809323866971,0.0,0.0,0.3612730595783022,0.0,0.0,0.0,0.07955935268568522,0.005258849355243637,0.15357524197463576,0.2320126369213736,0.0,0.0059527662460899435,0.0,0.0
s10M1722,0.023675147330217777,0.0,0.0046083857286399535,0.2214628799152594,0.0,0.0005961589833571212,0.0,0.04688479132054763,0.001432112028800784,0.5044467574929012,0.19214810187629539,0.0,0.0,0.004745665323980704,0.0
s11M1722,0.0902158347850788,0.0,0.0,0.4044185648462,0.0,0.0015229809179156631,0.0,0.14004019730942935,0.007195221081069214,0.15488667770185194,0.20172052335845495,0.0,0.0,0.0,0.0
s12M1722,0.08817568462021017,0.0018617738735512627,0.0017589778263837114,0.4076737350740407,0.0,0.0053347065838618155,0.0,0.15004101395453132,0.00675159393904993,0.16769357081696556,0.17070894331140565,0.0,0.0,0.0,0.0
s13M1722,0.03465822806159966,0.0023713291642553157,0.0014933224132279526,0.24570634361281407,0.0,0.0035474935747064926,0.0,0.068208500689382,0.0039161010703704195,0.3704705072204004,0.1574430109844008,0.0015175884370694241,0.001986850689917803,0.10161828982282314,0.007062434259032649
s14M1722,0.659350751776343,0.004617932515107316,0.002081519654713056,0.11995101565612547,0.06416178501108245,0.003698583216124864,0.0,0.06228361882446679,0.0054540482052765895,0.028770099555269713,0.03242202063595483,0.005680538093105521,0.0031627228324563866,0.0,0.008365364023974064
s15M1722,0.9167689538415283,0.0007599765895962933,0.0,0.03415722746915857,0.0,0.00023378989087383543,0.0,0.00660778276459878,0.000129811744310173,0.003992467448531815,0.0032148161792635317,4.81177298570008e-05,0.0005173937345950633,0.0,0.03356966260768652
s01X1722,0.8354840407742914,0.0,0.0,0.016441918287009617,0.0,0.0,0.0,0.0,0.0,0.0,0.0,0.0,0.0,0.0,0.14807404093869905
s02T1722,0.046486670002448285,9.980680115502436e-05,0.8253393780220756,0.0,0.0,0.0003561757382874579,0.0,0.001228335129677947,0.0,0.0027762862187761346,0.0028366620673196253,9.835446092662894e-05,0.0,0.11486426435980714,0.005914067199526253
s03T1722,0.009508144818966856,0.0,0.005599663937856461,0.0779798018595335,0.0,0.0,0.0,0.0,0.0,0.0,0.0,0.0,0.0,0.9069123893836433,0.0
s04T1722,0.4070639876163639,0.0,0.0629960044396779,0.011943375819798253,0.19147186037555208,0.0,0.0,0.0,0.0,0.0,0.0,0.0,0.0,0.32465086001349663,0.0018739117351112842
s05T1722,0.032194623257157357,0.0,0.03788118825554572,0.007031440695952484,0.1935884671535342,0.0,0.0,0.0,0.0,0.0,6.370654878988793e-05,0.0,0.0,0.7263449647772173,0.002895609311803058
s06T1722,0.0008230087976755495,0.0,0.23390675661587995,0.0,0.4089204221937265,0.0,0.0,0.0,0.0,0.0,0.0,0.0003785734574238913,0.0,0.35597123893529403,0.0
s07T1722,0.3258879881178607,0.0,0.0,0.0,0.0,0.0,0.0,0.0,0.0,0.0,0.0,0.0,0.0,0.0,0.6741120118821393
s08T1722,0.0,0.0,0.0,0.0,0.0,0.0,0.0,0.0,0.0,0.04504188853472167,0.9549581114652783,0.0,0.0,0.0,0.0
s09T1722,0.014853872693132321,0.0009046722787300882,0.00012296655228935196,0.054612193462601925,0.0,0.005120625154286038,0.0,0.021483102459160287,0.00038568974472257846,0.15070975829007527,0.7517799022249662,2.7217140036117702e-05,0.0,0.0,0.0
s10T1722,0.09949313670412797,0.0,0.0,0.4235325368524614,0.0,0.00019132799665475133,0.0,0.13698258711554176,0.006581072129099269,0.100296328155474,0.23292301104664084,0.0,0.0,0.0,0.0
s11T1722,0.10864956653000603,0.00017115205924219325,0.0,0.38072535569743055,0.0,0.003969540666050606,0.0,0.12317753246122944,0.005737788215626533,0.12225048267341602,0.25531858169699856,0.0,0.0,0.0,0.0
s12T1722,0.5577251570657953,0.0006410471955904707,0.0,0.29975013300194286,0.0,0.0024340724658614373,0.0,0.04358021951504227,0.001282778579539793,0.025651478897242962,0.06893511327898492,0.0,0.0,0.0,0.0
s13T1722,0.0889334393716032,0.001937779839849648,0.0018058689223502305,0.37303026003336337,0.0,0.0017154540596209637,0.0,0.11661385986973197,0.005130914416813652,0.09751812859231833,0.15307252125108764,0.0,0.0,0.1530175400446268,0.007224233598634203
s14T1722,0.9241087300887282,4.073382566335795e-05,0.0,0.018319141843969853,0.013430425507098094,0.0,0.0,0.008810415766802937,0.00027511663488212533,0.002904274919885084,0.0090966033200406,0.0,0.0,0.0,0.023014558092929665
s15T1722,0.4028404253896184,0.0,0.0,0.0,0.0,0.0,0.0,0.0009454054628010665,0.0,0.001077392943046464,0.004790649096467443,0.0,0.0,0.0,0.5903461271080667
s02M1822,0.08364218195144407,0.0,0.6555926447141516,0.14176200678810127,0.008456540942786892,0.0018966441398074244,0.000847364772354885,0.02224255704519511,0.0,0.004620378191494987,0.0,0.00014015530214395183,0.007921027497735225,0.04923045668533245,0.023648041969452072
s03M1822,0.0,0.0,0.002734072573976288,0.0,0.0,0.0,0.0,1.0491011092259271e-05,0.0,8.039900530716022e-05,0.0,0.0,0.00014368620684770226,0.9692566764668948,0.027774674735881733
s04M1822,0.0,0.0,0.04925966036812355,0.0,0.03350130202502768,0.0,0.0,0.0,0.0,0.0,0.00019420897924372546,0.0,0.0,0.68890489258226,0.228139936045345
s05M1822,0.0,0.0,0.29733556842975817,0.0,0.021978693608029776,0.0,0.0,0.0,0.0,4.369328648219336e-05,0.0,0.0,0.0,0.6806420446757299,0.0
s06M1822,0.0,0.0,0.3176355048426372,0.12758621148933907,0.42231294875791386,0.0007307668544519045,0.0,0.01406775926954286,0.0,0.001680930305602906,0.0,0.0,0.0,0.10586802543360756,0.010117853046904686
s07M1822,0.04151113163821102,0.0,0.11070837168444936,0.2819375034281289,0.17914316089719182,0.0054048434767166266,0.006752533093756429,0.05095021282206306,0.0015822570249507673,0.008423430027049851,0.0034943345286030086,0.0,0.010226072209699462,0.21616837648360324,0.08369777268557622
s08M1822,0.0,0.0,0.0017326779888009406,0.0,0.0,0.0,0.0,0.0,0.0,0.18439056164531614,0.8119971945929869,0.0,0.0,0.0018795657728960483,0.0
s09M1822,0.012008701480967754,0.000740855752311475,3.827302919592946e-05,0.043706895976372215,0.0,0.005795321769194971,0.0,0.016896100256643037,0.00012977813751222564,0.18046797110861276,0.7402161024891896,0.0,0.0,0.0,0.0
s10M1822,0.010141412039104038,0.0008619329424774861,0.0026544105337763467,0.06069622741097789,0.0,0.005839410947999286,0.0,0.013223603150847925,0.0,0.22820450772417422,0.6722831262888842,1.4902902665695602e-05,0.0008834912913234805,0.004925226422257119,0.0002717483455123686
s11M1822,0.006912523989744671,0.0026854125656313485,0.0015827204144747483,0.02111327836202442,0.0,0.011388853721624083,0.0,0.015443916108613563,0.0,0.2563727509352131,0.6791806327518716,0.00029613149687418415,0.0012790669424225722,0.002903734615190481,0.0008409780963152371
s12M1822,0.028677539936537603,0.005010885548758242,0.002768625892370231,0.132102792756735,0.0,0.01812763660038901,0.0002811809632396304,0.05406153802112666,0.0015257030819434956,0.231299557536034,0.49524857266950395,0.0011739583703925009,0.006026105352196319,0.00827674440825529,0.015419158862518179
s13M1822,0.025322812333883754,0.015015302668163177,0.010393680127174338,0.2407377502113389,0.0,0.04191894694220197,0.0,0.08842907627796834,0.0157810558070331,0.12315793296946792,0.32202815177208705,0.0,0.09555185760686395,0.014896333583535674,0.00676709970028202
s14M1822,0.15434238591132624,0.10846945911931902,0.0,0.12075937846633575,0.2295159798076758,0.014155616273939183,0.0,0.22561033863964494,0.005081967666104834,0.024483509372414263,0.04166280372438165,0.017705858633769476,0.04729447615916224,0.0,0.010918226225926397
s15M1822,0.9056962867741339,0.0002320599852999422,0.0,0.0180511139293818,0.0030877900918493467,6.452008023836642e-05,0.0,0.00719664279606452,0.0003637912795338353,0.0018428674035604095,0.006322360133901922,0.0,0.0,0.0016358599233780192,0.05550670760265789
s01X1822,0.0,0.0,0.004407559602162496,0.0008899528169334954,0.0,0.0,0.0,0.0,0.0,0.0,0.0,0.0,0.0,0.0,0.9947024875809041
s02T1822,0.0,0.0,0.9912812109901582,0.0,0.0,0.0,0.0,0.0,0.0,0.0,0.0,0.0,0.0,0.008718789009841826,0.0
s03T1822,0.0,0.00022428721768204209,0.08830876253533856,0.0097432667079617,0.0,0.0005213452603303096,0.0002974382208932534,0.0023844579540068943,0.0,0.001170270808479532,0.0010586660958942055,0.00010302865515173183,0.001238291097949558,0.8939774939053322,0.0009726915409800691
s04T1822,0.003652756984134732,0.0,0.09217314276474158,0.06588418721242785,0.31210799276052037,0.0,0.0,0.0,0.0014536558675938705,0.0,0.0011809273112215529,0.0,0.0,0.5126755373637981,0.010871799735562068
s05T1822,0.010067609489128377,0.0,0.2264499734935567,0.028493812732761616,0.3089324339763418,0.0,0.0,0.0,0.0,0.0,0.00039625469810784857,0.0,0.0,0.41599794179211924,0.00966197381798447
s06T1822,0.0,0.0,0.21496425211393197,0.0,0.1745424344794408,0.0,0.11551906935880227,0.0,0.0,0.0,0.0,0.0,0.0,0.49497424404782503,0.0
s07T1822,0.011841829791984719,0.0,0.17848717576543127,0.17250753266191757,0.26636384717572265,0.002436789253034137,0.0,0.02240001443039764,0.0,0.004434478050993183,0.0,0.0,0.0,0.30798389350377703,0.03354443936674176
s08T1822,0.0,0.0,0.038821908571555534,0.0,0.0,0.0,0.0,0.0,0.0,0.17741946599111844,0.7822412334234857,0.0,0.0,0.0015173920138402267,0.0
s09T1822,0.01941555448913162,0.0,0.0012291195676621893,0.07343995989303073,0.0,0.001079415147162459,0.0,0.03740697873403121,0.001858433838250605,0.2875683977592446,0.5774240956066232,0.0,0.0005780449648633901,0.0,0.0
s10T1822,0.037284175869055386,0.0,0.0024450232301283068,0.12156178458369792,0.0,0.013666143957852128,0.0,0.13742719802356154,0.0053585980808403535,0.2548526025221575,0.38764156889743456,0.0,0.011702209456446878,0.011974717537350802,0.016085977841474548
s11T1822,0.04580509220937391,0.0,0.0035479828059370015,0.1377245223619333,0.0,0.002989279877368252,0.0,0.0646063019658493,0.003498644686849418,0.22846314443825283,0.4713298399135016,0.0,0.020290445964241205,0.006023520105470549,0.01572122567122249
s12T1822,0.010762128291698928,0.011615256927751082,0.013930399536232681,0.38637344036347127,0.0,0.013608324046910845,0.0,0.09281165984647383,0.03592054061219496,0.07643949339472796,0.16010929751220224,0.0,0.19842945946833634,0.0,0.0
s13T1822,0.003472115073656192,0.0,0.0,0.8738656197545058,0.0,0.0030675284131613974,0.0,0.00685380566851842,0.0,0.0,0.11112415409993652,0.0016167769902214583,0.0,0.0,0.0
s14T1822,0.04866641495220529,0.00347330007219476,0.17315981977218675,0.4324699843904208,0.12674929138045551,0.0027037016751457,0.0,0.06148574583541679,0.004270740887043688,0.015087163110345823,0.06792685442701381,0.0004075706710338949,0.007480403749451391,0.022869898896714896,0.03324911018037064
s15T1822,0.0021163966671243007,0.00021865411152240767,0.0,0.0,0.0,0.0,0.0,0.003246969288009031,0.0,0.001989638864930385,0.004784337210749877,0.0,0.0,0.0,0.987644003857664
s02M1922,0.0,0.0,1.0,0.0,0.0,0.0,0.0,0.0,0.0,0.0,0.0,0.0,0.0,0.0,0.0
s03M1922,0.00014907438646930696,0.0,0.4775676604712216,0.0451367940513195,0.04578710476970007,0.0007172970856629018,0.0025920443228535364,0.008131520602174428,0.0003423801457576974,0.0017304714647631719,2.8038160994532103e-05,0.00011764648941792904,0.0009497616072718028,0.40908260182751655,0.007667604614877208
s04M1922,0.0,0.0,0.005589926400723548,0.0,0.06019221590880597,0.0,0.006757235641501236,0.0,0.0,0.0,0.0,0.0,0.0,0.9274606220489693,0.0
s05M1922,0.0,0.0,0.45460804343061745,0.004417111255569091,0.20601374581877316,0.0,0.00024074905467671455,0.0,0.0,0.0,0.0,0.0,0.0,0.3347203504403636,0.0
s06M1922,0.0,0.0002951900135236165,0.007296563770984402,0.0,0.07632269349107118,0.00011386319314599112,0.0,0.0003855227582355627,0.00045949408384136464,0.0,7.486181294537673e-05,0.0,0.0010481276315353902,0.9140036832447171,0.0
s07M1922,0.0,0.0,0.3009056103105116,0.0,0.3103396972012494,0.0,0.019243132168545677,0.0,0.0,0.0,0.0,0.0,0.0,0.36951156031969334,0.0
s08M1922,0.0,0.0,0.0,0.0,0.0,0.0,0.0,0.0,0.0,0.223467345206223,0.7747346548629273,0.0,0.0,0.0017979999308496114,0.0
s09M1922,0.029780086508208355,0.00845674748354628,0.004198322416213793,0.11966260782704213,0.0,0.02558420824358123,0.00037349716556796155,0.18321245164679603,0.018492321389809507,0.20880918393622866,0.29771987105893755,0.0,0.05919141291529968,0.012297676287274174,0.032221613121494685
s10M1922,0.02466906708478184,0.08729340363366205,0.004203216666055739,0.11828457561708981,0.0355375378789232,0.027767366119260332,0.0035991932990957843,0.3074468670486571,0.013271019049511803,0.14112012061965964,0.13451466814221139,0.012105252336554335,0.06838288522446533,0.004274396125432631,0.01753043115463902
s11M1922,0.04434797703379343,0.00950914031660921,0.0038875191128042302,0.13618189795004104,0.0,0.017681144530012464,0.0031180509962282247,0.19608700910371882,0.015172528870771612,0.22099234986455268,0.2480728362898245,0.0,0.04479886418006209,0.015374206782474222,0.04477647496910731
s12M1922,0.0,0.0010067799853983928,0.0,0.863726106388886,0.0,0.0,0.0,0.0,0.0,0.021615463590364103,0.11365165003535148,0.0,0.0,0.0,0.0
s13M1922,0.02672947093710471,0.015835881652006476,0.0029078154885884165,0.11221722504823635,0.0012036346796575656,0.008765241698412475,0.0022993106252290913,0.1322319503587784,0.010353412251990208,0.287651671565487,0.32598364273202,0.0,0.031055490880221498,0.014288964313798983,0.028476287768468646
s14M1922,0.05090918666877026,0.022394400798776578,0.015469432193239,0.2163655733307196,0.04819680111468394,0.022135645931461157,0.0,0.20032055188726,0.02639432050907483,0.09708481319049563,0.09837170951714885,0.035440684066467304,0.04421190811874737,0.04003673326277053,0.082668239410385
s15M1922,0.05775722674453412,0.016402917371488284,0.019443699420771333,0.2888735108236294,0.042733225365446506,0.016012264714673874,0.006828291884389473,0.15181373931577233,0.021999614531205386,0.06790383081036451,0.06286931046277196,0.005262069224174476,0.10094614564172585,0.058003756211616415,0.08315039747743604
s01X1922,0.8486463868192304,0.0,0.010560322614587917,0.03004895709712287,0.025055830577752194,0.0011300413103122646,0.0037700997844524855,0.005152588010462039,0.0025780714254971756,0.0011865327733463894,0.0017189212819405672,0.0004262453564012439,0.012382325371682728,0.024600135454302702,0.03274354212290905
s02T1922,0.0,0.0,0.47359226667203597,0.0,0.12371514887251767,0.0,0.0,0.0,0.0,0.0,0.0,0.0,0.0,0.014950490499867866,0.3877420939555785
s03T1922,0.007804178223480336,0.0,0.031572246532680565,0.0,0.13032252722937557,0.0,0.0,0.0,0.000929674224082776,0.0,2.2691646767562243e-05,0.0,0.0,0.05090537562910914,0.778443306514504
s04T1922,0.00914013968594231,0.0,0.024941171246416982,0.017794487807385347,0.6305487420739139,0.0,0.061522918293640566,0.0,0.0011341391171976213,0.00014102241267041068,0.001858450358507158,0.0,0.035251194096961196,0.12403152689532816,0.09363620801203622
s05T1922,0.013365240724724956,0.0,0.02040041722120546,0.016822822592552685,0.47349948816455667,0.0,0.005133953840624849,0.0,0.00044290710277253477,0.0,7.383478889156093e-05,0.0,0.0,0.13165290544817695,0.33860843011649444
s06T1922,0.0030523675461941575,0.0,0.060254263104183615,0.0261487167166131,0.4213243798969457,0.0,0.0,0.0,0.00027752894543206887,0.0,0.0,0.0,0.0,0.24176965332021727,0.2471730904704141
s07T1922,0.008011568405626656,0.0,0.05558982160816551,0.019883685176583996,0.6375154543245602,0.0,0.0,0.003280391984714613,0.00048472253430006766,0.0018962980873507363,0.00047434701093168196,0.0,0.0,0.25820441278278267,0.014659298084983893
s08T1922,0.0,0.0,0.020937106195530058,0.0,0.0,0.0,0.0,0.0,0.0,0.06936308801326702,0.908708454883601,0.0,0.0,0.000991350907601939,0.0
s09T1922,0.06698317808084017,0.017868160357304593,0.019553400910604393,0.30021731521243333,0.002816220121062983,0.022558017685230677,0.004675451014830704,0.17394247763949636,0.029106071542422642,0.03343098752706592,0.052671785357420536,0.0068909017117625895,0.14653488941578094,0.04998044655122236,0.07277069687252179
s10T1922,0.07957109864074516,0.006479143168174624,0.01181238224204665,0.2863156505930076,0.018949023665349955,0.020708184104127947,0.06629194962359837,0.1606493778788931,0.012786589608244267,0.10106240720632963,0.12897969431998085,0.0,0.03165082269403867,0.02236884371799048,0.052374832537472917
s11T1922,0.9534451483694899,0.0005282657108857112,0.0,0.0,0.0,0.0006980825405478748,0.0,0.004887443988734512,0.0005037280825875003,0.0037365895290450662,0.0045837913896493625,0.0,0.0016215325671299948,0.0,0.029995417821930225
s12T1922,0.9854842194559963,0.0007635494884311928,0.0,0.0,0.0,0.0008282904057830727,0.0,0.0068207022260095744,0.0008366830888750978,0.0003982667195864897,0.0010532116998576075,0.00046121305141576886,0.0033538638640447527,0.0,0.0
s13T1922,0.06908317844749381,0.0,0.00016099216820838406,0.05792695714242593,0.0,0.00751877718747465,0.0,0.02386281928236696,0.0023759114189849245,0.012161963309186511,0.009030396254888735,0.006057663768397595,0.0853609620921663,0.0,0.7264603789284063
s14T1922,0.7870786670896405,0.0018862498642548628,0.0,0.059069468637560255,0.010036532425864747,0.002035270385875148,0.0,0.009666371427895545,1.011143411205841e-05,0.0,0.0,0.001309131594801587,0.0022277372980461434,0.0,0.12668045984194917
s15T1922,0.09196190569207471,0.00036629430277209594,0.0012251402953116445,0.0,0.008682985651804575,0.0007334683843546281,0.0,0.006700679959937762,0.0002755263908254176,0.001179755335861726,0.0008023519694190259,4.817746589740372e-05,0.0,0.004153200295869351,0.8838705142558716
s02M2022,0.009118159867414292,0.0015905018893523871,0.8293856608363508,0.06515294091359027,0.036489355483302274,0.00047318084449235335,0.0001864415060102673,0.017415228674743693,0.0016039213302855094,0.008984589575107362,0.004154510306139138,0.0,0.0025390205124374795,0.0052853464075010795,0.0176211418532734
s03M2022,0.028615686517112906,0.0004928227630316695,0.10798401490072425,0.09511323374292638,0.5935075175963115,0.0005827996641095514,0.013400087717280568,0.021697356695351236,0.006421761942350843,0.009256340353842986,0.009544330378575999,0.0,0.0,0.07008142318889118,0.04330262453949101
s04M2022,0.013077590417543056,0.002403062502387348,0.11358707538944167,0.10016411278520417,0.33459914327139484,0.00016822023480753454,0.0,0.026017315494534433,0.005346126762879932,0.012673111467551491,0.0061030104330540265,0.0,0.0,0.34055646555543045,0.04530476568577114
s05M2022,0.0005294180043217171,0.0,0.15002653055502535,0.007358722124784931,0.675261527509324,0.0,0.0422823865702438,0.0,0.0,0.0,0.00039713885012064066,0.0,0.0,0.12414427638617952,0.0
s06M2022,0.004000525404715404,0.0,0.10987534865678847,0.0014117200777535126,0.8258247866512368,0.0,0.0,0.0,0.0001630531305295158,0.0008836991030649174,0.0003124587808428182,0.0,0.0,0.05468814141170239,0.0028402667833660115
s07M2022,0.00994523701392654,0.0008394150897429201,0.04206347978166422,0.06877295029617021,0.38893301776002237,0.0,0.01052866360892988,0.01160184895255822,0.0031640465436336943,0.005702351141338411,0.003919343462275741,0.0,0.0,0.4283784396662111,0.026151206683526638
s08M2022,0.0,0.0,0.0,0.0,0.0,0.0,0.00014981508182961904,0.0,0.0,0.08319752338701547,0.9166526615311549,0.0,0.0,0.0,0.0
s09M2022,0.016190966845683486,0.00459206146904001,0.0031953789297570682,0.060492313957306525,0.010181588290936397,0.020806396008824023,0.004414480688404746,0.1185032782225234,0.021058399205160862,0.19877219221735798,0.4700009892103746,0.0,0.027720482561134012,0.012893775493053835,0.03117769690044313
s10M2022,0.024747681858087393,0.009374810971743417,0.009202119663886758,0.14925295063839317,0.0026560747989993064,0.05243119457295946,0.007608810760495668,0.2107193105252371,0.04641956179178392,0.1037262154456136,0.23695667787952657,0.0,0.08319656250051129,0.01729085315435549,0.0464171754384068
s11M2022,0.025886088976296157,0.007387770111132302,0.008007103742333979,0.1713141760885919,0.0,0.07219601666459764,0.005084158503432522,0.2625150190250113,0.052718298382596784,0.08113116102655114,0.1603547113078057,0.0,0.08627703228637282,0.015098561268558183,0.0520299026167196
s12M2022,0.02031529994233071,0.014245437287020069,0.01030932251963134,0.13890875055305796,0.0,0.017475432240645006,0.0,0.15635440025409073,0.034914618548583735,0.16063051096517375,0.2676581545430618,0.0,0.13272480139088935,0.012372426358220334,0.034090845397295226
s13M2022,0.02330733203350196,0.009759126751567652,0.009731063088304634,0.08988949385917402,0.0454562000762026,0.009692597868628356,0.0039044705534620294,0.10393665032302672,0.013891255183196168,0.19817733843198201,0.39710123851017826,0.0,0.036131940126711164,0.016305836653494853,0.04271545654056948
s14M2022,0.021673564385732952,0.02859101534011227,0.010463153521471655,0.15926963487825524,0.08017817547707308,0.03681944227027824,0.00756981928761361,0.18896663825807103,0.011992257127120915,0.16193139624186492,0.14326773409333898,0.003840107237441146,0.05779719061723385,0.014930780308632987,0.07270909095575925
s15M2022,0.009156048992204211,0.0019307574164026992,0.009386516781618186,0.05424924156278359,0.01629359656506605,0.0018985750925210813,0.003980969749144112,0.0238530737391054,0.0015165720081782498,0.013476973898821803,0.0012779585487173294,0.00044718009225904295,0.0018183804592502662,0.011274981830088853,0.8494391732638391
s02T2022,0.0193616975891962,0.0,0.42091471946281284,0.021386226486413296,0.14343633280586546,0.0,0.295745509833825,0.0,0.00019350292602120575,0.0,0.0,0.0,0.0,0.07846625003240244,0.020495760863463414
s03T2022,0.2727685556522192,0.0,0.10529003899133253,0.12269734062410556,0.18568617137006974,0.00255562362594565,0.02773260551830092,0.012434888334970287,0.0028170912089037314,0.00128166064766065,0.0025806752517344815,0.0,0.03647191080752769,0.12702467960991398,0.10065875835731557
s04T2022,0.7350090406770047,0.0,0.008693735071926778,0.013631564634641975,0.18250086483960123,0.0003743619446553135,0.0010958426004469225,0.002494831475239911,0.0002290374980230717,0.0,0.0,0.0,0.0,0.04516024407876878,0.010810477179691483
s05T2022,0.03886624433939495,0.0,0.03803772483653453,0.07864629320410195,0.6136311462625887,0.0006555339255504404,0.0,0.01044646579155118,0.0014026465611637708,0.0013700385515041302,0.0013885657052784975,0.0,0.0,0.16105802050806806,0.054497320314263735
s06T2022,0.8886402314283787,0.0,0.004036324774067343,0.015326523865874285,0.03119954178784887,0.0003110251569497896,0.03892326340625909,0.00011701205969252373,0.00024333381194748612,0.0,0.0,0.0,0.0,0.01502365046417785,0.006179093244804029
s07T2022,0.13219863966255782,0.0,0.07970464192917691,0.06455821299561598,0.36525764635983415,0.001925502772231146,0.10718100039653164,0.0,0.0004841718971372885,0.0,5.978517542191521e-05,0.0,0.02029135829847058,0.182423095413378,0.045915945099644695
s08T2022,0.0,0.0,0.00037701306163011463,0.0,0.0,0.0,0.0002140686395875108,0.0,0.0,0.1741899640543814,0.8250029290636585,0.0,0.0,0.00021602518074252179,0.0
s09T2022,0.0236417706352738,0.0,0.0029169350898075696,0.17354522991936458,0.018698770688268834,0.13628401476654037,0.0040093694605644195,0.2993873503217812,0.12045318544407266,0.047698122561523455,0.06791754781432048,0.0,0.05026887462173165,0.010532795392522007,0.04464603328422884
s10T2022,0.06455724987666073,0.0002958004044810309,0.010000806678472458,0.18313596933289517,0.04667674812946814,0.14904899758539064,0.02219611164846806,0.2613280148807389,0.02288261343028463,0.028160683820345003,0.025333207518619942,0.0,0.027593119826748565,0.04465915954287385,0.11413151732455291
s11T2022,0.08123152109469128,9.189489884482486e-05,0.01378615571776428,0.2111914408106958,0.06474582031349997,0.09641559963463965,0.030041700812344977,0.19929539402816643,0.025351254766348804,0.02049248468618356,0.04231966783085899,0.0,0.0438180300106834,0.059508761740821724,0.11171027365445635
s12T2022,0.029552476875794157,0.021286376754954112,0.03106068442299089,0.268608128928451,0.0,0.042291924729098436,0.0,0.1822054410347667,0.05890995551254382,0.0,0.03663291471114843,0.0027210823242788417,0.2709346645593007,0.02100907705429796,0.034787273092374935
s13T2022,0.016773281330093773,0.0032028450506612514,0.006571651538459089,0.036327525980791225,0.017424043470598113,0.009789858697995773,0.8071808417757385,0.037297849157418274,0.005543886826810815,0.0025995967560587226,0.0059547276900859735,0.0048627357651174815,0.0006448000736541321,0.01815616912997922,0.027670186756537606
s14T2022,0.05502324590234251,0.015790722861641616,0.022170619018665603,0.24500150340513854,0.05477190557567802,0.06281419624726681,0.0069561322267841525,0.16965443415975637,0.03941263106932911,0.00950129913440461,0.026347932079740816,0.0,0.17777974492507354,0.0429991484652673,0.07177648492891109
s15T2022,0.5375349336687495,0.0017659381535814153,0.012277718301201859,0.12737640923226368,0.04357341901927065,0.01569373565046144,0.015525089002644836,0.04153505266287512,0.010970231855173094,0.0010277195074987941,0.009932251229940568,0.0,0.05056065163290402,0.05505415821182542,0.07717269187160955
s02M2122,0.07222665378667774,0.0,0.41352617593535057,0.13365506335769697,0.12134436430362266,0.003341272146902924,0.010650315444826747,0.032540355680434584,0.007632324835309221,0.0048442830665767714,0.004527364373873825,0.0,0.024063351908856452,0.06071260634195439,0.11093586881791732
s03M2122,0.054447601464392315,0.0,0.07314346799233587,0.13678797401899323,0.44310894920054944,0.003533768584984181,0.07622908365798284,0.025952614556650218,0.004033143416418626,0.004132903057486441,0.0035324496488631403,0.0,0.0,0.09617037665846699,0.0789276677428768
s04M2122,0.024494523176676147,0.0,0.08139388095185601,0.0860546385900606,0.511692321182166,0.0,0.036380299512659066,0.00946419275949938,0.005226026530147392,0.0019426118579181615,0.004250270301265085,0.0,0.0,0.1926673413068386,0.046433893830913356
s05M2122,0.00519156861935444,0.0,0.22675202929735178,0.042966817867926804,0.5313201900475392,0.0,0.0,0.0,0.00040571078910008426,0.0,0.0,0.0,0.0,0.1802521060474248,0.013111577331302852
s06M2122,0.00960945061268124,0.0,0.4936928360661613,0.05990499508280742,0.27747895915273696,0.0,0.019388908508529323,0.008251304836772059,0.0022531504731117006,0.0017008004926263977,0.0011770606064083584,0.0006048145010034997,0.0,0.09985604061481676,0.02608167905234507
s07M2122,0.04020118918848592,0.0,0.0733850141553666,0.10782511789787494,0.4645439901788652,0.0007301344541509574,0.021056288907643727,0.012533251560721098,0.004258161013822379,0.001517837740134478,0.001416893536601793,0.0,0.0,0.2026480728972609,0.06988404846907223
s08M2122,0.0,0.0,0.0003706725532498375,0.0,0.0009873689504922118,0.00012215192596546964,5.348009259394521e-05,0.0,0.00031348738474831794,0.4563037383780997,0.5408424357834852,0.0,0.0,0.0010066649313653824,0.0
s09M2122,0.00346538728225197,0.0,0.0,0.14844286249938082,0.0,0.20657578969615528,0.0,0.39726356813798386,0.052643173983743144,0.07549694162464374,0.022380135970934332,0.0,0.04118018242647672,0.0,0.05255195837843019
s10M2122,0.01948491090851134,0.005700065874283108,0.004471285255169177,0.16690971741267677,0.0,0.19589280927021818,0.02290206388943331,0.35376557999090275,0.03594986820752167,0.047126188861128245,0.011843303446311867,0.0,0.05799313670858996,0.008545289502445295,0.06941578067280835
s11M2122,0.035698666076208925,0.02630061095678154,0.00928148914898666,0.2021475176353548,0.00399959345460548,0.09949828465851142,0.002513976850628312,0.25815693547673507,0.03024004404507578,0.14956991177829795,0.043164800920133965,0.0,0.05078369488954817,0.014451312177510046,0.07419316193162215
s12M2122,0.010762522396234788,0.020419244333847612,0.008761377064689022,0.1626208262778758,0.0,0.1899268612823006,0.00266935650570696,0.3526199528381013,0.028842480316865017,0.07821788677109143,0.005820121904966659,0.0,0.047354650349126816,0.0024431954765673893,0.08954152448262653
s13M2122,0.04016197325318846,0.02380966023925248,0.008453563562401355,0.2103956341305445,0.015414737487553952,0.1335809346804692,0.005888931732797504,0.29007158408327266,0.030539936065491814,0.05863043903947288,0.016898276041337198,0.0,0.05581808974430533,0.01785543215141489,0.09248080778849785
s14M2122,0.05219769993285447,0.033501689879567594,0.01817949822172249,0.2798505489802587,0.023487877465280495,0.05398800407514433,0.002064556060693866,0.20833739075073412,0.030166689675710935,0.07119901881672155,0.028596106265206835,0.0,0.10710133249279113,0.017301701850963556,0.07402788553234983
s15M2122,0.08739878705713797,0.0015160556890555681,0.03503160297735708,0.17081104517716467,0.11038861572464731,0.0062471358272686555,0.01898636441723114,0.0452853260884846,0.010401947023754797,0.012074315980398166,0.00831453023542054,0.0,0.0038190402613033545,0.08224254678179328,0.4074826867589829
s01X2122,0.12066009376166831,0.0,0.028239445600985843,0.1732182425467414,0.07949603134322437,0.002325492707908626,0.009933099489134276,0.014500355495054235,0.001543673039871446,0.008682424331983471,0.003292529922725756,0.0,0.3032100210969333,0.08960048169919295,0.16529810896457606
s02T2122,0.0,0.0,0.3495325479226034,0.0,0.2314915372409563,0.0,0.0,0.0,0.0,0.0,0.0,0.0,0.0,0.0,0.41897591483644037
s03T2122,0.039302663217135214,0.0,0.10725339018711329,0.062145259205960014,0.5323214251507682,0.0005526783957901914,0.035791089109286696,0.0021414595472069066,0.0014012338851345219,0.0,0.0006569992011206747,0.0005985456585984036,0.0,0.1670978442422928,0.05073741219959291
s04T2122,0.02446177099369569,0.0,0.022051551313724157,0.051287020275988665,0.7185647431099609,0.0,0.06919458391685722,0.0015275116579721065,0.0042868877454593935,0.0,0.004892685734855415,0.0,0.01971126071807954,0.05095721981662035,0.03306476471678673
s05T2122,0.05548895465078543,0.0,0.019632021523300614,0.22636133445643197,0.4792125091167971,0.0007354593250180765,0.00730424444929892,0.0038765168916762116,0.004818140463420381,0.0,0.004546008029537365,0.0,0.0,0.12887601395641268,0.0691487971373213
s06T2122,0.012357108725939044,0.0,0.03343064765818078,0.019243244159688623,0.8467416514197844,0.0,0.0,0.0,0.001887124960307794,0.0,0.0017671358351337492,0.0,0.0,0.07173476905937193,0.012838318181593748
s07T2122,0.007718604920740033,0.0,0.01229862838165093,0.010773003083823562,0.01655058434000757,0.0,0.9141369063517675,0.0,0.0003309896885825016,0.0,4.4905611841718965e-06,0.0,0.0,0.025069778669386512,0.013117014002857311
s09T2122,0.06600252773421528,0.0,0.0076290751012512426,0.2366037159279965,0.04617850687704799,0.0998467684706895,0.021507805195410373,0.25804357887718893,0.05430666702111742,0.019689524124277224,0.043315027476256575,0.0,0.025616345749928198,0.041260450602930425,0.08000000684169026
s11T2122,0.01836592881223815,0.015133558705473053,0.019645347693690616,0.26330277221720083,0.04824272904570446,0.0562151276964632,0.0,0.17360744435053738,0.05626406865456279,0.0010463335291685878,0.03440259794668216,0.0,0.2601223775112572,0.03474751601954512,0.018904197817476466
s12T2122,0.01038635733864353,0.012682880580988343,0.007669089401871425,0.5824563487846381,0.0,0.037598206550878414,0.0,0.11556939624968282,0.034545910658786566,0.0,0.00898189015543117,0.004467743950518519,0.14847788797488012,0.0,0.03716428835368089
s13T2122,0.03655559040649128,0.015173831734625913,0.02886920181269478,0.2664420667200058,0.0,0.05965596039614045,0.00110860820643174,0.16343631859336516,0.0560096575344246,0.0,0.02838187687927556,0.0,0.2590974081990533,0.04187785334415567,0.04339162617333585
s14T2122,0.0642114437687696,0.006572601928620775,0.011581387275451768,0.20256266118767288,0.1426037785620655,0.09899215055074405,0.009253144372143782,0.17826224229181534,0.02283571291666837,0.01590723094976788,0.011959281890271992,0.004744044254142019,0.0786992364640249,0.040761213487492384,0.11105387010034873
s15T2122,0.0,0.0,0.0,0.0,0.0,0.006170001163217389,0.0,0.001625668576182859,0.0,0.0,0.0,0.0,0.0,0.0,0.9922043302605997
s02M2222,0.12262961045228862,0.0,0.04017058326179202,0.18019050579731377,0.2917659432077667,0.005422049512774762,0.022531419485609456,0.0218484414779562,0.006050632633050757,0.0,0.008475438677534515,0.0,0.02573994195296259,0.12067803773378896,0.15449739580716162
s03M2222,0.06488141594295331,0.0,0.02276760517903885,0.09698648565177476,0.5674018421740891,0.001524885418784208,0.03295607179846924,0.007599255175355071,0.0027060448446247893,0.0,0.0031077686606440836,0.0,0.029758555759698154,0.08034087663116682,0.08996919276340157
s04M2222,0.0241457500336416,0.0,0.046888022997204105,0.0487994857384229,0.6521577236891389,0.0,0.09376329639903609,0.0,0.002634523106869826,0.0,0.0023564838097732527,0.0,0.0,0.09951667723825963,0.029738036987653906
s05M2222,0.022111133940454008,0.0,0.023792034810223087,0.11108234389071588,0.3987463172312436,0.0,0.034121384026544896,0.0,0.001418606892066298,0.0,0.00012826894090207068,0.0,0.0,0.10689984697619304,0.30170006329165705
s06M2222,0.0,0.007195757225124119,0.004755283406762826,0.18745295485897173,0.4862869438916042,0.008372451596245254,0.0,0.03646588048739342,0.021604122183435756,0.0,0.008392989660734951,0.0,0.0960259159261183,0.0,0.14344770076360933
s07M2222,0.030558671196892113,0.009605617814147557,0.0374828360619508,0.24426765661994515,0.18787072996548773,0.0148397140054918,0.00043347180927755295,0.08384386345537011,0.03935709662834263,0.0,0.01802581880812086,0.0,0.21872807387317195,0.050057292674395105,0.06492915708740653
s08M2222,0.001431932793575155,0.0,0.011269833912530617,0.0,0.029789004493566612,0.0061743416368966655,0.005202133366111305,0.011328731148604752,0.0008852604257613742,0.0,0.9089301097748066,0.0,0.0,0.007763326241501528,0.01722532620664539
s09M2222,0.01664333636771787,0.0,0.003421565923166649,0.18887308100117567,0.012166726025580872,0.07484730373905461,0.0035938979763472686,0.46127459856012604,0.08385188548073087,0.012296528204118097,0.03568623147920887,0.0,0.0607801821745868,0.009810350598651688,0.036754312469534214
s10M2222,0.028589152229994978,0.01298160614198855,0.0037762853068741735,0.2080449446022823,0.0,0.1683434399057117,0.0,0.3332776739393143,0.05424479299728735,0.02838631726722724,0.03072965194100553,0.0,0.09103285031707448,0.0004420823801356632,0.04015120297110361
s11M2222,0.05571255911643519,0.007549764646056798,0.013701871123651817,0.2248661689439824,0.04368157738494135,0.07638788227354854,0.022765006889344276,0.23672368227546262,0.04525348546209854,0.02368787316173752,0.043012920249495136,0.0,0.08770026429711335,0.03717236500350511,0.08178457917262755
s12M2222,0.09195567971074962,0.025018570666107433,0.022084374023649097,0.2145406297927115,0.07162631628530172,0.03143071708040653,0.03179960521294214,0.1618799840513193,0.03741650991786462,0.04469846207701246,0.045531093724816236,0.0,0.07395889928630876,0.04963314653893161,0.09842601163187899
s13M2222,0.008577965467255741,0.00045342802717964446,0.0,0.1455194197307008,0.0,0.2542992711856363,0.0,0.39333282279188064,0.031747545532659925,0.0436702848969471,0.004976727984460403,0.0,0.04677396382293914,0.0,0.0706485705603402
s15M2222,0.09503632534123314,0.00621978120943613,0.018088544202221914,0.21081752361813683,0.10065620370091878,0.06778760441252513,0.04480867151526412,0.13748360714634786,0.014787428453662238,0.024427136726169456,0.011499806996043957,0.0,0.02432221257416106,0.07900369172525852,0.1650614623786208
s01X2222,0.12638262524582666,0.0,0.0408612006488791,0.2113257236716462,0.15841335876126297,0.013826727819907124,0.029099590065900644,0.041119498437791765,0.008295553774702749,0.004098374020028052,0.009889670548828047,0.0,0.0599135751879689,0.11830493724371564,0.17846916457354223
s02T2222,0.02207551128706824,0.0,0.0070450302881088995,0.01186400116470888,0.7813342131111246,0.0,0.0,0.0,0.0012305805185501004,0.0,0.0013115290703964474,0.0,0.0,0.0,0.1751391345600428
s03T2222,0.06535896578483769,0.0,0.023603399751380132,0.1019183116154292,0.47706740236285,0.00866641628648453,0.0136062278582217,0.01821800116159478,0.004529232564478962,0.0,0.004926888468022921,0.0,0.0,0.10360172463447273,0.1785034295122274
s04T2222,0.010907562358928945,0.0,0.021391582952003926,0.026861877963874542,0.7636035830956989,0.0,0.08560136756004483,0.0,0.0007916162725813984,0.0,0.00043158440205117197,0.0,0.0,0.07227140173598913,0.01813942365882723
s05T2222,0.046281389186865675,0.0,0.06937638444127171,0.10173002936177024,0.49020121223378044,0.0012283612408861167,0.023358212404141362,0.007624568700292071,0.005715215785598592,0.0,0.004692526665158662,0.0,0.0,0.18737334996642657,0.06241875001380838
s06T2222,0.03702712042280733,0.0,0.038330317971710624,0.07541139971287988,0.4352777349616283,0.00013476501484869035,0.23032329630215642,0.0034175741482259875,0.0043946728177433215,0.0,0.004124878012078716,0.0,0.0,0.12731127396223504,0.04424696667368567
s07T2222,0.017175196657863843,0.0,0.01553310400956894,0.03904681816456302,0.06366649417912819,0.00025166869144556815,0.7957566513926821,0.005354765508040281,0.001972105189867579,0.0006410670439287952,0.0013749189286006505,0.0,0.010530950479186793,0.02138145596465293,0.027314803790471017
s08T2222,0.0,0.0,0.0,0.0,0.0010533898299204861,0.00588141330013044,0.0024241603574376358,0.007449847684839745,0.0,0.0,0.9831911888276718,0.0,0.0,0.0,0.0
s09T2222,0.003464222622441671,0.0,0.0,0.017407498651110843,0.0,0.05526608452537255,0.0,0.8914277274542717,0.014054062451030162,0.005018073264859884,0.0002998780572045295,0.0,0.003399012841192246,0.0,0.00966344013251637
s10T2222,0.0017353599804700753,0.0,0.0,0.08399784628891886,0.0,0.2115657410930611,0.0,0.5752597972798674,0.03790733179051677,0.026645169377117937,0.002784285242141157,0.0,0.021525468941267088,0.0,0.03857900000663974
s11T2222,0.007979086210390698,0.0040814394018177805,0.0006030066261432973,0.10355442157671635,0.0,0.12864300100833753,0.0,0.6315337781421958,0.027463285188085808,0.03028290158054213,0.006641791381724723,0.0,0.022399962354260165,0.0,0.03681732652978582
s12T2222,0.007923212374973785,0.021253148736249183,0.01486979482378305,0.24128892544912392,0.0,0.07086951204189268,0.0,0.29900147826812495,0.07256565671493664,0.014342851206481785,0.02918056352361236,0.0,0.21549672639140022,0.0,0.013208130469421483
s13T2222,0.00741707863574371,0.001275213804896637,0.002608012029769299,0.15126952120471995,0.0,0.23192966328536616,0.0,0.4054720877917542,0.03720699518544696,0.0420070801504033,0.009246162782485004,0.0,0.05631056018656594,0.0,0.05525762494284886
s14T2222,0.0457827684068236,0.00036501901272296234,0.00584044729615837,0.13967451539146314,0.03671180559362625,0.14254784101282972,0.012599851740076697,0.20881642913534795,0.02375911388291241,0.02597763412610587,0.00818634112139227,0.0,0.039890215771243076,0.030099612082864605,0.27974840542643314
s15T2222,0.0,0.0030838050897263585,0.0,0.10723870002088899,0.0,0.19857168119679408,0.0,0.3459239633720822,0.03268416514433423,0.03298539472335899,0.0024929800918862396,0.00032243681520823425,0.05425921204684451,0.0,0.22243766149887603
s02M2322,0.1091303429314896,0.0,0.023569430619818647,0.1422743190878375,0.09609370785643505,0.007122944953496533,0.10294120322151959,0.015214646747056061,0.005750176903277076,0.00040363484681609857,0.0058843201102987295,0.0,0.23541493745055414,0.09078048405069757,0.16541985122070346
s03M2322,0.008643797735975926,0.0,0.0,0.0008368427753507918,0.8526786614062676,0.0032567079122157033,0.05280822272453309,0.011621493893772419,0.001902898626198904,0.0027696714069529956,0.00011039782954907027,0.0015227488934330615,0.03067238794114685,0.0,0.033176168854603436
s04M2322,0.054369593268076624,0.0,0.014348054549899642,0.0707959794884072,0.45226294738434375,0.0024676664036770296,0.22285194582240186,0.008128416703850401,0.003122592050073951,0.00016166151360466307,0.004063112981935378,0.0,0.06267562526376678,0.040556412050980165,0.06419599251898252
s05M2322,0.0022863396539305474,0.0,0.007536204899558132,0.0,0.8388856070580022,0.0,0.05763183363269255,0.0,0.0,0.0,0.0,0.0,0.014555877808990507,0.0,0.07910413694682604
s06M2322,0.0077387060309944255,0.0,0.0053593496504305395,0.003453274644242081,0.8469501744391438,0.0,0.11936043001105097,0.0,0.0009094813776586203,0.0,0.0008547148168718658,0.0,0.0,0.009407664998806624,0.00596620403080104
s07M2322,0.05300611555774842,0.0016130892480641448,0.0010255465966145666,0.06965111414769763,0.5419327330022731,0.039090844890817274,0.028361416709444313,0.07735701477669904,0.011268940791437412,0.004998000111637392,0.003048638626823753,0.007034745670483715,0.012707128835318483,0.06370209276358663,0.08520257827135404
s08M2322,0.0,0.0,0.0,0.0,0.0022034558562457427,0.0006947536331917523,0.005451492576835618,0.0,0.0005653521257372454,0.0,0.990968698821134,5.3125118360481013e-05,0.0,6.3121868495208e-05,0.0
s09M2322,0.009953744142029418,0.01138124785304104,0.0,0.08777483557091223,0.0,0.13926481895393197,0.0,0.6365498268959098,0.030547989733969865,0.020273240498292783,0.01588083884637711,0.011943921616002766,0.017244480485971082,0.0,0.019185055403562027
s10M2322,0.004194537869868634,0.021184242608073067,0.0013272919003759882,0.09612637530356065,0.0,0.08428576489611603,0.0,0.613339858851561,0.04544573369876863,0.015776303572341988,0.009782852810883657,0.027412828493816013,0.06480743659443329,0.0,0.01631677340020122
s11M2322,0.013335120694829452,0.027195653166458417,0.0022653047973275036,0.1383188053332963,0.0,0.04322550116897385,0.0,0.5582148073667712,0.04465942771927119,0.0321659680677787,0.01052380391148741,0.032897263225860035,0.05495506795066341,0.0,0.042243276597282574
s12M2322,0.0015411217695174462,0.036456393272672215,0.0,0.06552021937725501,0.0,0.052430091581891936,0.0,0.6249585827322106,0.06155706883900071,0.01622428156689985,0.0008560190798087817,0.07291657671763108,0.052306161340041894,0.0,0.015233483723070557
s13M2322,0.0,0.03866257966294272,0.0,0.07038747224854483,0.0,0.06315306549909644,0.0,0.5904424108012859,0.06276154606003821,0.014695251164916935,0.00012185887870701137,0.07680441113708092,0.06845319061863557,0.0,0.014518213928751383
s14M2322,0.012428638144777123,0.027266183880516905,0.001122869906817474,0.1331579506552167,0.027154691957335535,0.09261571864475142,0.009434928675955252,0.4947138252235104,0.04631225306634608,0.035503245936282325,0.008763337857201063,0.0271624354679458,0.04744788424699753,0.0,0.03691603633634623
s15M2322,0.025045823016526175,0.02530701131356177,0.0030542167158425864,0.20020834731940587,0.009404662719971328,0.10347139373340186,0.01288658552965443,0.38491772289074155,0.04562090624113112,0.04529009280407911,0.015550194111336624,0.009425964479709665,0.051762700675235265,0.0014800976628370484,0.06657428078656558
s01X2322,0.05158695952088901,0.00907605782063088,0.025211244070881853,0.10422038963335391,0.09620906675912105,0.02960305566103152,0.0018135588236427972,0.17989642953811705,0.03779601558436214,0.006661793751506766,0.0019356928316418155,0.04376167171916225,0.2581690921159198,0.043321288793105685,0.11073768337663333
s02T2322,0.06682922006101151,0.0,0.03376231635732045,0.19612891976164107,0.06340469611997392,0.014048097387840502,0.003984078280687862,0.07391787146965442,0.028710356350989865,0.0,0.017862944970826754,0.0,0.3411449644905775,0.0634627172101408,0.09674381753933536
s03T2322,0.05391455655133519,0.0,0.02087700062972403,0.10280634492184601,0.4981430609948917,0.008080005171620946,0.053547016737240195,0.043080818691004504,0.008450851475516823,0.0037843735511618294,0.00433278521319045,0.0021608643742326646,0.0687484767675114,0.058141485736261,0.07393235918446311
s04T2322,0.009631293140123592,0.004217613120025435,0.0016811587468602836,0.03664468687252012,0.5693748934235762,0.010664872132591598,0.137673832737156,0.07801197421855433,0.013850725397933068,0.004598764939082825,0.0,0.019178294173634328,0.08252045593581807,0.0,0.031951435162124106
s05T2322,0.021859478013572634,0.0,0.03324813263888728,0.02092651510528743,0.7773547771126175,0.0023215499945278884,0.03145958056333401,0.00113858273196297,0.0014485211113378063,0.0016791278166368312,2.0924110163024158e-05,0.0005778871013022637,0.021632573186339377,0.05845693826279233,0.027875412251238577
s06T2322,0.005390242467639951,0.0,0.017483770624629153,0.0,0.6082973976259273,0.0,0.1417104120702138,0.0,0.00010003154600694936,0.0,0.0,0.0,0.03519405580509114,0.022521467914663675,0.16930262194582815
s07T2322,0.041794750557666766,0.005522002953137077,0.016388809472104145,0.07382789423614994,0.31502121847707,0.020059640371299477,0.05081899139984922,0.12236425502407883,0.027813454119661737,0.005147007576098907,0.0026137682398265677,0.02874194603099982,0.18482871478113674,0.025902797365268043,0.07915474939565281
s08T2322,0.0048260565433096165,0.0014658421163046703,0.0016112576632585284,0.0,0.021973518206491717,0.012411106167788016,0.009425900124194298,0.021595384700408046,0.012964008458843516,0.0,0.8918769297941149,0.0006999524054107955,0.001060546643706358,0.006236967055335783,0.013852530120833482
s09T2322,0.04223246783716685,0.042069751827023626,0.0059426969040774005,0.2899504876820976,0.015457645254974119,0.05164354266950067,0.0,0.205326772796442,0.023540888839571793,0.2295215733693917,0.02507658502703513,0.0,0.014560886441495079,0.0,0.05467670135122408
s10T2322,0.027098629058057593,0.03230862016544145,0.002722184610471107,0.2083346861638266,0.003053803180777877,0.09103860844967493,0.0,0.3171401038479311,0.04965636002740138,0.19200919890897514,0.01276967181150664,0.0,0.017456608287680937,0.0,0.04641152548825527
s11T2322,0.04917609034370523,0.03629108256165749,0.0044593438900773115,0.3320489601473806,0.0,0.027401435701706636,0.0,0.24338326816160386,0.02224547771832336,0.17285557811206334,0.032702649828256145,0.0,0.018022833614595418,0.0,0.06141327992063061
s12T2322,0.05202338474092828,0.045272902902278325,0.006032089985672668,0.3521958779876717,0.0,0.0,0.0,0.1589989467817997,0.02856291606937032,0.24549845781768498,0.025479959071772938,0.0,0.018057662822136795,0.0,0.06787780182068433
s13T2322,0.02323654271180339,0.03839300952414701,0.010175545108012161,0.26320525024756486,0.0,0.0393544847384854,0.0,0.19789825467838887,0.07729081165435482,0.15550224426174045,0.02859202259476653,0.0,0.1432311158022641,0.0,0.023120718678472357
s14T2322,0.0,0.013172105138615133,0.0,0.030015001882396822,0.0,0.005803921577007023,0.0,0.04569615714861573,0.0288952713074723,0.04894457984815813,0.007265100994856657,0.0,0.012819174109180756,0.0,0.8073886879936975
s15T2322,0.05510118399753637,0.02072383944419088,0.01748363821321437,0.15553271150227316,0.06096253596489033,0.02845289680016376,0.005881310819801431,0.21501022655064506,0.07479071898430967,0.02815920830655363,0.007423924663760494,0.04724063321174844,0.1459217660560822,0.03885169617942637,0.0984637093054037
s02M2422,0.028557440859044433,0.0,0.017872637888617857,0.047992252111710425,0.7722738146450829,0.002624453481530698,0.030114429917698856,0.011009258449864516,0.012420436064967757,0.0016229575813188554,0.0024206117263677633,0.0,0.0012422820805228906,0.02341577687860241,0.04843364831467054
s03M2422,0.005174749070571645,0.0006730234073944152,0.01019452625186179,0.0,0.920295441269117,0.0,0.05040724918188014,0.0,0.001925050240807675,0.0,0.0,0.0,0.0,0.0,0.011329960578367194
s04M2422,0.0038409364048546807,0.0,0.017505905638818178,0.035350484577405604,0.7638621276916486,0.0,0.06381128590197224,0.0,0.0,0.0,0.0,0.0,0.027620598041727448,0.02598194606324615,0.06202671568032701
s05M2422,0.024012309923438575,0.0,0.05830311485879576,0.0409332005652193,0.5619972652845727,0.0,0.04568272972696259,0.0,0.0009776837870165752,0.0,0.0,0.0,0.0008973514603482049,0.1494129340384128,0.11778341035523354
s06M2422,0.027246108933895844,0.0,0.015411963600758359,0.042657811704446866,0.6036351741681436,0.0,0.1882423777417714,0.0009689108631789153,0.007064676860090675,0.0,0.0006687794899336324,0.0,0.0,0.05293274692157759,0.061171449716203
s07M2422,0.01080791443134932,0.012053042722556067,0.01235771490386524,0.04075701790086473,0.42938630723139043,0.0132782728672476,0.10323009262564621,0.10322922576387926,0.022440530454406506,0.0037272561771909928,0.0,0.028340545850775705,0.055929473434492456,0.041583842015652836,0.12287876362068247
s08M2422,0.0011999022188337648,0.00043916716806810107,0.0004519028844595416,0.0,0.006889431800582153,0.028557941845696166,0.00373192647788947,0.0018553458816082018,0.010841246223817744,0.0,0.9364127870173106,0.0004540344820142802,0.0,0.0038228597195629392,0.00534345428015709
s09M2422,0.0,0.0,0.0,0.0,0.0,0.580255402661154,0.0,0.003680456591197295,0.4160641407476487,0.0,0.0,0.0,0.0,0.0,0.0
s10M2422,0.0,0.0,0.0,0.00034113655964263434,0.0,0.2089670178710783,0.0,0.01738588892202211,0.7680830695681091,0.000490067249177406,0.0,0.004732819829970508,0.0,0.0,0.0
s11M2422,0.0,0.0,0.0,0.0,0.0,0.08220993728053086,0.0,0.019879034407414592,0.8979110283120545,0.0,0.0,0.0,0.0,0.0,0.0
s12M2422,0.0008199956001517615,0.0,0.0,0.0,2.781829500537357e-06,0.011816654806707431,0.00042427187139268115,0.027837543237527154,0.957844387939867,0.0001561872740272549,5.282010258858645e-05,0.0,0.0,0.0005318549195634892,0.0005135024186740457
s13M2422,0.0010002208206360387,0.0,0.0,0.0,0.0,0.001762476183082387,0.00022853098447998672,0.0,0.9963589273542658,0.0,8.07811071401859e-05,0.0,0.0,0.0004506990735729679,0.00011836447682279396
s14M2422,0.004664238942002576,0.010324341608058897,0.001382918012570805,0.045422280446765995,0.01908821608399379,0.15667085210484902,0.0,0.1372631217212155,0.5517853213586317,0.009699896247749466,0.0011336257756275028,0.008850128540052751,0.03146688725704285,0.0007201858795570266,0.021527986021881985
s15M2422,0.027530270844970832,0.004321604988589312,0.019351114185028925,0.11391922673781253,0.07060228018667646,0.15735840816481603,0.012046637198240782,0.08767224341980386,0.31836400167355833,0.013237308516348906,0.0014147492387959113,0.009406890015834432,0.05109923775318128,0.04623478055945057,0.06744124651689186
s01X2422,0.017124062398036047,0.0,0.011342061669626884,0.05604757097273296,0.21701773671992483,0.003557028057304391,0.07380421462154127,0.011631086907081778,0.016260063169033487,0.0057414378066110855,0.003590420047910989,0.0,0.09421002646496542,0.02429592793384153,0.4653783632313893
s02T2422,0.03245643194041956,0.00106097724592874,0.008974067883160783,0.10449975571898358,0.5602528360695618,0.03569724276652729,0.0,0.023365917756196244,0.02036056087120698,0.00742164765876827,0.004108295356103528,0.0,0.14582045413758773,0.005194096116885271,0.05078771647867028
s03T2422,0.00530766651361551,2.2039729153983398e-05,0.001504145394820099,0.0037259963459571016,0.47824271900269005,0.05001788499903925,0.29372185952994556,0.0,0.0033835564708857733,0.001670902084307916,0.0013057322101465195,0.0,0.12358139507959139,0.0,0.03751610263984659
s04T2422,0.0,0.0,0.012952535916783265,0.07614936185347777,0.7828212784185757,0.04754281306469194,0.01635118559663489,0.016270840170159052,0.009495593868138953,0.00357462950942554,0.0,0.00014523339555860847,0.020346812682161385,0.0033438042025756274,0.011005911321817172
s05T2422,0.0016725295726993381,0.0,0.010096445720084286,0.016939886008397676,0.6988203466811208,0.0832251314410369,0.05834467336226016,0.0,0.08241144924103909,0.0,0.0,0.0,0.0,0.04134103283130162,0.00714850514206014
s06T2422,0.0014179689741999624,0.00033169421371557616,0.012063145315071043,0.001506842809578353,0.7992409067899481,0.019075751140384418,0.06989206645215311,0.0,0.08394577479193327,0.0,0.0,0.0,0.0,0.012018977789921127,0.0005068717230951813
s07T2422,0.0067110214883433,0.00012171188906315366,0.03396252133157079,0.020236611397971265,0.7379098983099119,0.007709917051673527,0.07525707451647982,0.006667850380595668,0.02592520930572101,0.0,0.0003854170938897109,0.0006390705987819763,0.013238555178936707,0.06498034493008482,0.006254796526976519
s08T2422,0.0,0.0,0.0,0.0,0.0,0.000912868918304981,0.00043832204923069585,0.0,7.570983646233924e-05,0.0,0.9985201802484764,5.291894752549548e-05,0.0,0.0,0.0
s09T2422,0.0,0.0,0.0,0.0,0.0,0.32845910924417987,0.0,0.0010604077055345162,0.6701585607220654,0.0,0.00032192232822025006,0.0,0.0,0.0,0.0
s10T2422,0.0,0.0,0.0,0.0,0.0,0.07349694540612738,0.0,0.0,0.9150218461138426,0.0,0.0,0.0,0.0,0.0,0.011481208480029833
s11T2422,0.0,0.0,0.0,0.0,0.0,0.060508161274633314,0.0,0.0,0.9394918387253667,0.0,0.0,0.0,0.0,0.0,0.0
s12T2422,0.0,0.0,0.0,0.0,0.0013818488383038883,0.10439281591857108,0.0008843991423606498,0.0013001505762198138,0.8908618114867726,0.0,0.0,0.0011789740377720185,0.0,0.0,0.0
s13T2422,0.0,0.0,0.0,0.0,0.0,0.0,0.0006741557973788236,0.0,0.999325844202621,0.0,0.0,0.0,0.0,0.0,0.0
s14T2422,0.0070933626286865115,0.009334706934175709,0.00145226776090158,0.046865259581577265,0.02159063880164801,0.14284121058141755,0.0005786354172090373,0.13398748996231957,0.4568142455421591,0.009112160310930829,0.00039482755957513085,0.022053048966191646,0.040015147033770335,0.003503579252256398,0.1043634196671813
s15T2422,0.011068707659554866,0.0003237702837555777,0.002729561454011408,0.03443996305294744,0.022996147866741565,0.06110150042359322,0.004040976125966874,0.05159718135379103,0.7402431269598018,0.006075594109216053,0.0005336490515139617,0.006832296213447004,0.02630464423482205,0.00957729214330147,0.02213558906753569
s02M2522,0.020953950995122546,0.0,0.002639369786937669,0.04361611239814035,0.7549353319591382,0.01761648473719476,0.0,0.007240665992244588,0.025077074103335806,0.004429848001222459,0.0038547609112888877,0.0,0.09181450192943943,0.003149648969033891,0.024672250216901014
s03M2522,0.011272967421734602,0.0010640329181016426,0.004305559831011899,0.017811768754534035,0.41031233934144445,0.018072577944505046,0.2145853061879447,0.005642275286624692,0.015635077877020433,0.0021999209168470563,0.0003253675916334549,0.0,0.11249266169935077,0.00039225254111792965,0.1858878916881292
s04M2522,0.0,0.016408117573072534,0.0,0.02131903618699583,0.42851527041780646,0.0223176359344156,0.1989561492418461,0.14360933222707342,0.02788264789469778,0.004942731759423848,0.0,0.04195976151364651,0.042356333324722016,0.0,0.0517329839262998
s05M2522,0.00041626018126053507,0.0002827119642451802,0.004977423338520307,0.0,0.9423835632202565,0.002765986226596113,0.025133831173538103,0.00030065263679504936,0.00584814254078724,0.0008901249937787164,0.0,0.0,0.010575452309758584,0.0,0.006425851414463653
s06M2522,0.011117006922069295,0.0,0.006358310330832555,0.02294153367727134,0.6195363461612744,0.005622759243310802,0.17912347923626668,0.013649464608010673,0.0621882538170108,0.003672441775378192,0.0012142574610118318,0.0011886572151182488,0.05134280832733079,0.006640984094128789,0.015403697130985937
s07M2522,0.014549691202825614,0.0,0.004123933526103743,0.025588300794749608,0.22898387562597586,0.0,0.0,0.0,0.42914235358857933,0.002225017345037755,0.0015362242139908865,0.0,0.22745944921596842,0.04277390245719141,0.0236172520295773
s08M2522,0.0,0.0,0.0,0.0,0.0,0.0058985009245654365,0.00038280709787437596,0.0,1.8505826986104928e-05,0.0,0.9936732908430662,2.6895307507892928e-05,0.0,0.0,0.0
s09M2522,0.0,0.0,0.0,0.0,0.0,0.8427539120504824,0.0,0.0,0.15711346393700704,0.0,0.00013262401251052435,0.0,0.0,0.0,0.0
s10M2522,0.0,0.0018953124125001008,0.0029704274594661564,0.025233553950753933,0.0,0.35022482190995435,0.005907149934289198,0.0339982910551208,0.5355161237455883,0.0,0.00712828079019765,0.0,0.03712603874212947,0.0,0.0
s12M2522,0.0,0.0,0.0007589535120712918,0.005051083568640493,0.0,0.00022800480513779389,0.0013223012122393657,0.04539437411040768,0.9349937633293889,0.0,0.0009139739837478099,0.0,0.011337545478366769,0.0,0.0
s13M2522,0.0,0.007986285448740301,0.003673933308190747,0.04095115419954811,0.0,0.02031194873849495,0.0,0.03960331117133467,0.8244930524667051,0.0,0.0052856380306447225,0.0,0.05769467663634132,0.0,0.0
s14M2522,0.0,0.01720968107214121,0.013661893643753484,0.16308384826711028,0.0,0.07452604893927406,0.0,0.11435883009178986,0.35052631091533054,0.0,0.018796343897863575,0.002498550553913052,0.22113738039081057,0.0,0.02420111222801327
s15M2522,0.0019274968885129918,0.004416338064834599,0.0,0.20827946553913948,0.002352043407550045,0.24080081655878263,0.0,0.04516928667635109,0.40315698964525365,0.0,0.0,0.010614661926801825,0.02482366160549032,0.0,0.05845923968728326
s01X2522,0.007599706171401578,0.0,0.0013494652206630833,0.016286640350214866,0.015494952371368985,0.16301423943467197,0.0,0.00875146408872061,0.04842766686235649,0.0029713103394275104,0.002979022194587497,8.656123404585694e-05,0.24677635759479072,0.0035787999264418687,0.4826838142113089
s02T2522,0.009915287780913731,0.0,0.0021065727027909744,0.013803304581847744,0.1642837391271805,0.005614386820435709,0.0,0.0,0.0302060034266874,0.009810689826091654,0.0,0.0,0.7473311296867038,0.0017515871680596547,0.01517729887928886
s03T2522,0.0019519805033324001,0.0,0.0,0.0026561708397713343,0.5954050250053349,0.019421423940538956,0.0,0.0008295805125486302,0.014881566243282898,0.003975055028570352,0.0014513184975022925,0.0,0.06319945366371872,0.0,0.2962284257653995
s04T2522,0.004771106243900086,0.003042684797898954,0.02919719329365176,0.0411718628191668,0.6942767729318208,0.013843940728334385,0.027638123689245085,0.016020073202235856,0.026043356061838926,0.0,0.003397837996621379,0.0,0.07509133877741862,0.060939634731078156,0.0045660747267893004
s05T2522,0.003923497542201794,0.002123707260167594,0.024933845704247743,0.016314016579587646,0.7564463234978153,0.0032379000271948203,0.0925139281372283,0.0024909638570836503,0.00737390151152593,0.0015283089123310145,0.0,0.0,0.028658089836895717,0.05501899903732618,0.005436518096394354
s06T2522,0.00016676356802899719,0.0,0.00033383148715972227,0.0109451707399673,0.9351162695567012,0.0039049729922683387,0.0,0.0,0.013132645445428862,0.0003333961068965763,5.0704839605107384e-05,0.0,0.0,0.03378645109494511,0.0022297941689985896
s07T2522,0.0016145228094638956,0.0,0.008490207573420777,0.047623547669464986,0.7122983254613967,0.0021519286159904336,0.0,0.007222667739969343,0.08826616249839041,0.004094367467692439,0.00026204310035050655,0.0,0.026500918259324192,0.08594827368133273,0.015527035123203773
s08T2522,0.0,0.0,0.0,0.0,0.0,0.050532998240165584,0.0006203838490476572,0.0,0.03607137091890303,0.0,0.9127731615564608,2.0854354229162854e-06,0.0,0.0,0.0
s09T2522,0.0,0.0,0.00011498288972712113,0.0,0.0,0.7617702313752753,0.0,0.09587307517973,0.14181322237897354,0.0,0.0004284881762941133,0.0,0.0,0.0,0.0
s10T2522,0.0,0.004449582644231815,0.006045735204985065,0.05304857065979834,0.0,0.08103961871231943,0.0,0.6010011506779542,0.16981829557225228,0.0,0.006818806265641504,0.0,0.0777782402628174,0.0,0.0
s11T2522,0.0009943067135694185,0.023411270556812584,0.0033853123545238856,0.015410324895463536,0.003744049070155254,0.2624986999289845,0.0,0.16689263208783725,0.48708908747015717,0.002291321225666148,0.002517192743745967,0.0,0.014636305840978789,0.0018916987538528153,0.015237798358252544
s12T2522,0.000533677465132812,0.023822283245775188,0.009111866122681278,0.08165969768496206,0.0,0.40881627557057915,0.0,0.11529618963044365,0.20836243391591208,0.0024892761512923267,0.008915909340170693,0.0,0.09135030008486715,0.0,0.0496420907881836
s13T2522,0.0,0.02213825965548061,0.01686559880720127,0.15818930934010278,0.0,0.09576160555237243,0.0,0.3735546413662331,0.10262796610399509,0.0,0.01894480713254115,0.0,0.2083055142244185,0.0,0.0036122978176550773
s14T2522,0.0,0.019758685538051934,0.00951665800613466,0.1362197883862152,0.10526629542476587,0.13012131466327032,0.0,0.1704706021428097,0.05002222276670433,0.002972290871987846,0.015617035383508652,0.0,0.15473322889245164,0.0,0.2053018779240998
s15T2522,0.0,3.988170223138219e-05,0.0,0.9114555837005002,0.0,0.004710473970817158,0.0,0.0,0.0431646971250475,0.0,0.0,0.0028125161368302764,0.037816847364573386,0.0,0.0
s02M2622,0.003503435178562228,0.0,0.0163060017723211,0.008907614796566377,0.0,0.03541707107207746,0.0,0.0,0.046181937388333906,0.0,0.0017603275948636342,0.0,0.8656280412135806,0.00928861841454181,0.013006952569152857
s03M2622,0.0,0.0,0.0,0.0,0.630886766783958,0.016173299888997305,0.051554529330989154,0.0,0.010608112729467562,2.1875937245254002e-05,0.0,0.0,0.29063471240548666,0.0,0.00012070292385600031
s04M2622,0.0,0.0,0.0,0.0,0.6070628074235598,0.04219198126264059,0.3152627292346553,0.003388327938628359,0.007473829767918439,0.00014494271157151998,0.0,0.0,0.024475381661025968,0.0,0.0
s05M2622,0.00026035721525594606,0.0,0.0005371951961279894,0.0027191161437976194,0.6989888607893862,0.019347133053297595,0.24137270908936428,0.0,0.005924354442391823,0.0006246890067479836,0.0,0.0,0.0157948802498953,0.013410998049695217,0.001019706764040285
s06M2622,0.0,0.010830012973870274,0.006891851272773954,0.09504239778445346,0.399592261906215,0.022809464371330627,0.0,0.044427579858947,0.03071906096524655,0.0,0.012430783120494877,0.0,0.3772565877466681,0.0,0.0
s07M2622,0.0,0.008836745524111072,0.0016537487623431368,0.04308615462511687,0.4760459845738585,0.12079685838381882,0.039204977186431414,0.05642233544644011,0.02946022468695417,0.0,0.004128844838062595,0.008165907584687283,0.15796990883703754,0.017660230977543292,0.036568078573595265
s08M2622,0.002548772440759432,0.0028924734179857268,0.0,0.0,0.009340406979018305,0.016212233565369532,0.0,0.00747450388286241,0.03366720755223287,0.5691869639497146,0.3513789661516202,0.0012791760953790915,0.0033317913804337303,0.0021828279463623856,0.0005046766382617419
s09M2622,0.0,0.003379919777822049,0.0024840992941431873,0.0,0.0,0.11957935193255137,0.0,0.11133315597252771,0.7460699999850722,0.0014214292412727807,0.0008563880134181487,0.0,0.0075442244354253125,0.00020774213373468177,0.007123689214032521
s10M2622,0.0,0.024963711739208142,0.012955746604024173,0.0,0.01460454589190187,0.0803471724198405,0.0007486643742408753,0.047351405349741436,0.7691513377188055,0.0,0.0,0.0,0.0016206329670753956,0.00373989425920148,0.04451688867596054
s11M2622,0.0,0.0023596018005727654,0.0006753239051907458,0.0,0.0,0.06305239835757809,0.0,0.0,0.9302665050713546,0.0,0.0,0.0,0.0,0.0,0.0036461708653037946
s12M2622,0.0,0.0,0.0016146931948494059,0.01138297898890975,0.0,0.043100377798617494,0.0,0.0,0.9137944900038427,0.0,0.0016124988779782493,0.0,0.02849496113580237,0.0,0.0
s13M2622,0.0,0.0,0.00033136971350805324,0.0,0.0,0.009059636415577669,0.0,0.0,0.9879009024931222,0.0,0.0,0.0,0.0,0.0,0.002708091377792124
s14M2622,0.0,0.003531022503523712,0.005482315728828245,0.028704732861234348,0.0,0.01724751636426356,0.0,0.013608332253933578,0.8308255958660802,0.0,0.003642239001831351,0.0,0.06563441868170976,0.0,0.03132382673859525
s15M2622,0.0,0.000344224672618225,0.0,0.0,0.0,0.008716726477329526,0.0,0.0,0.062080802488857806,0.0,0.0,0.0,0.020295093331382588,0.0,0.9085631530298119
s01X2622,0.0,0.0,0.0,0.0,0.0,0.0017754417771991984,0.0,0.0,0.007344060303354427,0.0,0.0,0.0,0.1530940712537819,0.0,0.8377864266656645
s02T2622,0.01841008394021448,0.0,0.0,0.0,0.42777101301549997,0.001789396297186191,0.0,0.0,0.0036438844038967186,0.0,0.0,0.0,0.5121312781060681,0.0,0.03625434423713462
s03T2622,0.004007377747262942,0.008490542661699638,0.004716104311055066,0.04166386359479338,0.5321040255698107,0.00779957139602085,0.0857942056543305,0.054399152861623584,0.01792313365333558,0.0,0.004433322637691006,0.009132083002404284,0.2284478745086698,0.0,0.0010887424013027703
s04T2622,0.0013316310702374283,0.0,0.001970034703016576,0.0,0.8454411301053686,0.0,0.10104802350847154,0.0,0.0006070301199118766,0.0,0.0,0.0,0.03872218663543063,0.0,0.010879963857563395
s05T2622,0.0,0.0016094669599428224,0.0,0.0,0.9544096124766145,0.0,0.04297484773690392,0.0,0.0,0.0010060728265387504,0.0,0.0,0.0,0.0,0.0
s06T2622,0.004629435690600703,0.0013195137652849888,0.006845752365984398,0.0,0.8982466600408598,0.019145620631390158,0.042406490741583695,0.0,0.010163072228477794,0.00010069423898147134,0.0,0.0,0.01355268321717945,0.0,0.0035900770796575394
s07T2622,0.0,0.007892527334344366,0.0,0.11493455431356689,0.43695240259371465,0.15182505281083955,0.0,0.005932442704410815,0.059991319743707465,0.0,0.0,0.0015516326758388903,0.03698684752272968,0.0,0.18393322030084758
s08T2622,0.0,0.002119153504211403,0.0,0.0,0.02650405763749819,0.02283185339205581,0.0008459249009508919,0.0029464093662661577,0.011733450995728962,0.0,0.9220120666378734,0.0011509214003434026,0.00936078954880369,0.0,0.0004953726162682515
s09T2622,0.0,0.011176513097152823,0.0,0.0,0.0,0.1550694490847717,0.0,0.0,0.8335252206406357,0.0,0.00022881717743981528,0.0,0.0,0.0,0.0
s10T2622,0.0,0.011756417849542585,0.0,0.0,0.0,0.013783698839388212,0.0,0.0,0.9557646227670645,0.0,0.0,0.0,0.018695260544004583,0.0,0.0
s11T2622,0.0,0.013700744483769295,0.0,0.0,0.0,0.06779628616910675,0.0,0.0,0.9185029693471239,0.0,0.0,0.0,0.0,0.0,0.0
s12T2622,0.0,0.014160772190847245,0.0,0.0,0.0,0.047990961744474335,0.0,0.0,0.9378482660646784,0.0,0.0,0.0,0.0,0.0,0.0
s13T2622,0.0,0.010860777401471825,0.0,0.0,0.0,0.0006784664494565831,0.0,0.0,0.9884607561490715,0.0,0.0,0.0,0.0,0.0,0.0
s14T2622,0.0,0.0126088720942308,0.0,0.0,0.012981643034041918,0.0,0.0,0.0,0.9744094848717273,0.0,0.0,0.0,0.0,0.0,0.0
s15T2622,0.002867537611851521,0.015528071458630752,0.0010527589309045182,0.0006566467132183817,0.03536667183117962,0.00013981362910327866,0.00015603905769141487,0.0,0.8327768053694049,0.0,0.00042116611682266726,0.0,0.05972762421740092,0.002046120863877691,0.049260744199914386
s02M2722,0.0,0.0,0.0,0.0,0.1929216269339764,0.0,0.016500061092737217,0.0,0.009450332041278061,0.0,0.0,0.0,0.03809328928238255,0.0,0.7430346906496257
s03M2722,0.00783468979471561,0.007328223305934078,0.0,0.02664858971744459,0.6635114430284754,0.0044272416655047764,0.11753957859765451,0.011734057138621662,0.010807865319414914,0.0,0.0,0.0011515578312095496,0.07452762031607986,0.0,0.07448913328494511
s04M2722,0.02805363021718201,0.0026560586471066215,0.03768991340903369,0.029533246912890304,0.6689133542751019,0.0007209773908078981,0.014376184237083471,0.0,0.010898362917958263,0.0,0.0,0.0,0.09541988970891241,0.08494364565097613,0.02679473663294724
s05M2722,0.0024108947811805653,0.0006849901206259341,0.002258870921079489,0.02740336826693244,0.7109854597618934,0.0,0.044071578243808425,0.0,0.0014225931485057743,0.0,0.0,0.0,0.007271064163442302,0.11905104432792984,0.08444013626460171
s06M2722,0.00421105016302649,6.458729621846779e-05,0.0,0.0,0.7908372200382209,0.002351568034649425,0.07501079523666287,0.0,0.000774101422112228,0.0,0.0,0.0,0.07889953894590376,0.0,0.047851138863205946
s07M2722,0.0021733857620484546,0.012090622505824421,0.0016412855775904368,0.014382126937857082,0.4850170876787534,0.0,0.024397957530334673,0.0,0.005767703965201473,0.0,0.0011592923644958852,3.544960345765777e-05,0.42987556709633945,0.01843144154049533,0.005028079437601557
s08M2722,0.0,0.0010284078207811766,0.0,0.0,0.0014997668819082366,0.04379846053790848,6.817612256898088e-05,0.0,0.007028476284832885,0.0,0.9456357206435206,0.00041654137288311575,0.0,0.0005244503355965396,0.0
s09M2722,0.0,0.0,0.0,0.0,0.0,0.7374629699606952,0.0,0.0,0.2625370300393048,0.0,0.0,0.0,0.0,0.0,0.0
s10M2722,0.0,0.0,0.0,0.0,0.0,0.7981730738152852,0.0,0.0,0.2018269261847148,0.0,0.0,0.0,0.0,0.0,0.0
s11M2722,0.0,0.0040021168316720975,0.00016747200403743347,0.0027298366950051496,0.0,0.5617242268348197,0.0,0.00394298407819446,0.41777950523998214,0.0,7.948071255851468e-05,0.0007498934531123065,0.008824484150618098,0.0,0.0
s12M2722,0.0,0.019687392271013668,0.0016779851503083319,0.039134040026217544,0.0,0.20283023083123927,0.0,0.10530346230146605,0.5398735635953547,0.0037974272092329312,0.002070625767732599,0.024739140161249423,0.05953232871433129,0.0,0.001353803971854122
s13M2722,0.0,0.025072382525619476,0.0,0.024522682174668117,0.0,0.16411240610328026,0.0,0.17251929739911032,0.5052884888524778,0.006557692531603646,0.0,0.048304786539166825,0.04852832794517088,0.0,0.005093935928902848
s14M2722,0.0,0.021808501956071053,0.015266689382347516,0.17239677906618447,0.0,0.22174042035279448,0.0,0.09877053893818345,0.15019039291116776,0.0,0.021147257210011303,0.0,0.29867942018323995,0.0,0.0
s15M2722,0.013535526600364037,0.02446938916596997,0.0038492367492069914,0.06787369276730625,0.21122933519082515,0.26163852205037447,0.0,0.06648097225792296,0.06832112076977419,0.004871524940255878,0.006665554465864863,0.003281334334068443,0.1958573003263761,0.0,0.07192649038169073
s01X2722,0.0,0.0,0.0,0.0,0.0,0.3106794982729354,0.0,0.0,0.017281997558370735,0.0,0.0,0.0,0.20421689271549986,0.0,0.4678216114531941
s02T2722,0.016829053063537994,0.0,0.015861529737127872,0.06590858106148709,0.6135769004703349,0.013124873325208581,0.0,0.00016914685821710067,0.012443328307042761,0.0018368670030646178,0.0,0.0,0.2148814415878259,0.012310522097644914,0.033057756488508214
s03T2722,0.0030467152589620642,0.0,0.0,0.0,0.9834863821375317,0.002786145531579824,0.0,0.0,0.003959595389423538,9.872929142355334e-05,0.0,0.0,0.006223511399206617,0.0,0.0003989209918727557
s04T2722,0.013733608527166785,0.0,0.018665791076124125,0.00275378353327523,0.9055971087528573,0.0011727103249149608,0.0282149127055494,0.0,0.00106148842707512,0.0,0.0,0.0,0.0,0.019615395597286717,0.009185201055750363
s05T2722,0.01059289795313419,0.0,0.007770786320396393,0.032025866333610035,0.8477241266436235,0.01979765648093265,0.0,0.0037669594710869315,0.004999107040867983,0.0006376177137493132,0.0,0.0,0.0051300585946424115,0.05115444410077752,0.016400479347179045
s06T2722,0.0014462499729974564,0.0,0.007492007583759488,0.03214032958876519,0.7708805520019839,0.0007041737008350725,0.056338121659717355,0.0,0.00234004943653232,0.0,0.0,0.00022496205924879342,0.0,0.12196180005611759,0.006471753940042969
s07T2722,0.0,0.0,0.0,0.0,0.8500690967590898,0.0,0.06904571463402344,0.0,0.0,0.0,0.0,0.0,0.08088518860688672,0.0,0.0
s08T2722,0.0,0.0,0.0,0.0,0.0,0.0011012446621554333,6.00508876174667e-05,0.0,0.0,0.0,0.99881144999095,2.7254459277175854e-05,0.0,0.0,0.0
s09T2722,0.0,0.0,0.0,0.0,0.0,0.9942109977430692,0.0,0.0,0.005789002256930725,0.0,0.0,0.0,0.0,0.0,0.0
s10T2722,0.0,0.03256168509299538,0.0,0.007132714908070405,0.0,0.7874744591425172,0.0,0.052052652965028805,0.07020281427660498,0.0016479476142258207,0.0013677110301814615,0.008103359431090215,0.03692169827494298,0.0,0.0025349572643428003
s11T2722,0.0002000539826710726,0.06473988877229216,0.0,0.01751103783392576,0.0,0.6331459158802062,0.0,0.11700476443791794,0.08032556108466189,0.0036911498407733805,0.0020397921085829403,0.023272162183989583,0.052292823246181515,0.0001124027378917619,0.005664447890905688
s12T2722,0.0006008352357944263,0.0520162972169171,0.0012721582874073837,0.03132576974347246,0.0,0.6647363973651252,0.0,0.10969493600795743,0.03345427191635398,0.0014816382187659068,0.0037824743754662138,0.018622095081564025,0.07711409317877112,0.0008733235019891276,0.005025709870415677
s13T2722,0.0033349778904022123,0.03399416957403949,0.0020550190934492604,0.037498338953602134,0.0,0.596524637979555,0.0,0.10464528187546225,0.03114788138359794,0.00209111496330828,0.003465888899021787,0.015287211369109745,0.16024090730747784,0.0031205320020209104,0.006594038708953258
s14T2722,0.01024331514431885,0.014783635617062434,0.0023495422823712883,0.045077401298117645,0.17702430183848955,0.5569546133607317,0.0,0.046648441415017165,0.023818800728350048,0.00022327076441797412,0.004299331515636304,0.0,0.10626202214752763,0.0,0.01231532388795941
s15T2722,0.00453875854829812,0.021065798215688936,0.006478067400634176,0.07907572341301974,0.0433133255993442,0.22878471398439593,0.0,0.07143591804638917,0.028165951116227706,0.0,0.008290351203228907,0.010121918683902395,0.4926314326913725,0.002252234197683068,0.0038458068998150955
s02M2822,0.0,0.0,0.0,0.0,0.0820694194807517,0.05471860975640558,0.017149177347063005,0.0,0.002726318537560669,0.0,0.0,0.0,0.19244119126722897,0.0,0.6508952836109901
s03M2822,0.0,0.0,0.0,0.0,0.40055878089678154,0.01817317450043652,0.0,0.0,0.0,0.0,0.0,0.0,0.03600615877284631,0.0,0.5452618858299356
s04M2822,0.015379790081420177,0.0,0.002108736925276125,0.0025472459109693855,0.5443784180073549,0.05697981880584077,0.03902293280111095,0.0,0.0014941028968752789,0.0,0.0004204939717604143,0.0,0.025587812867157198,0.0,0.3120806477322349
s05M2822,0.0,0.008939357707819213,0.015685202685572455,0.1030960326133822,0.535269328433896,0.009621774242294913,0.10226126208745677,0.05158871042671709,0.02719650705896583,0.0,0.012616496502242728,0.0,0.13372532824165292,0.0,0.0
s06M2822,0.01553360208280475,0.00040292537290263623,0.031430618145157234,0.04160535653082938,0.5877342262921893,0.06104211204663745,0.10752788408296805,0.005035813824535187,0.0018007343285562202,0.0,0.0,0.0015990659841845687,0.0,0.12448709415142305,0.02180056715781213
s07M2822,0.0,0.011586392363258168,0.02059677629882567,0.36474263704705573,0.15760262508278733,0.028653667538461342,0.0,0.08209733315491714,0.0411864947500071,0.0,0.015473319385204543,0.0,0.2726770922650229,0.005383662114460053,0.0
s08M2822,0.0,0.0003534090431488714,0.0,0.0,0.0,0.013956419781830693,0.00017452936000289553,0.0,0.0008418378656642801,0.0,0.984524555751472,0.00014924819788129256,0.0,0.0,0.0
s09M2822,0.0,0.0,0.0,0.0,0.0,0.985695508166914,0.0,0.0,0.014304491833085978,0.0,0.0,0.0,0.0,0.0,0.0
s10M2822,0.0,0.01876374986432847,0.0,0.007087919912587062,0.0,0.8114516262191879,0.0,0.045869651945883425,0.026825255903107702,0.0013770985369758143,0.0008234372077558101,0.012007209778026655,0.07510541508933233,0.0,0.0006886355428149875
s11M2822,0.0,0.06285790448466351,0.0,0.0,0.0,0.8461709303602493,0.0,0.0053849331987105365,0.03958420302615585,0.0,0.0,0.0,0.04600202893022082,0.0,0.0
s12M2822,0.0012556068185221945,0.03219263037922517,0.012211617248194188,0.09997142144292118,0.0,0.41714707636247,0.0008752000818873365,0.10577010308283294,0.03759781311286988,0.005876288830582341,0.003102936391263448,0.013626394586088556,0.24831082099460178,0.01017411034594357,0.011887980322597472
s13M2822,0.0,0.030410489501093558,0.008706842089695549,0.09281340770508209,0.0,0.09251636009324529,0.0,0.08053020937457318,0.03418808938584051,0.0,0.011168675431102497,0.009008251538379192,0.6406576748809881,0.0,0.0
s14M2822,0.00565563647144964,0.036661663256493594,0.008068143556921478,0.08576997579561241,0.17107714909334654,0.17546598225847676,0.0,0.10029726511443525,0.02557805483242914,0.01038834892905003,0.0020545778105563557,0.012944086475619022,0.3453067676999793,0.002747530834736353,0.017984817870894117
s15M2822,0.0015665685021046653,0.029497077481451354,0.0,0.0,0.0,0.043385028531806015,0.0061174839031775076,0.0,0.0,0.0,0.0,0.004436231842669573,0.9081755617440503,0.006822047994740497,0.0
s01X2822,0.0,0.0,0.0,0.0,0.0,0.017169430603742757,0.0,0.0,0.0,0.0,0.0,0.0,0.7716428990721157,0.0,0.21118767032414143
s02T2822,0.0040606607179689246,0.0,0.0,0.014836776910320187,0.5584845711425067,0.0059109642590773935,0.04438175229253249,0.0,0.020992788945549682,0.002160476930156638,0.0,0.0,0.3351023724600619,0.0,0.014069636341826078
s03T2822,0.0,0.0,0.0,0.022518580026856666,0.8267582405171624,0.0,0.014987860451150858,0.0,0.0004999238858966125,0.0,0.0,0.0,0.0,0.11521021663426786,0.020025178484665493
s04T2822,0.0017082793869642907,0.0,0.0,0.016728265160041916,0.6832407431255534,0.0,0.0348992227661746,0.0,0.002755153353713219,0.0,0.0,0.0,0.17033710139897132,0.06724278725470509,0.02308844755387638
s05T2822,0.0,0.0,0.0,0.0,0.7580485171373544,0.0019529250885501508,0.11776429811510541,0.0,0.0,0.0,0.0,0.0,0.0748823944874462,0.0,0.04735186517154374
s06T2822,0.0,0.0,0.0018664116130535807,0.0,0.48202295025399616,0.0,0.015106684384239698,0.0,0.0,0.0,0.0,0.0,0.012965584935172036,0.0056091080269534506,0.48242926078658505
s07T2822,0.0,0.0,0.0,0.0,0.0,0.0,0.02157426385331522,0.0,0.0,0.0,0.0,0.0,0.24959319661975626,0.0,0.7288325395269284
s08T2822,0.0,0.0001573604449330946,0.0,0.0,0.0,0.0010708853844669593,0.00016371524522560717,0.0,0.0004995822250510045,0.0,0.9979668957418477,0.00014156095847559983,0.0,0.0,0.0
s09T2822,0.0,0.19238934157105897,0.0,0.0,0.0,0.20028680559426135,0.0,0.06794535075189406,0.45984557203228416,0.0029689991703758002,0.013636798682278146,0.005067759377620695,0.057859372820226816,0.0,0.0
s10T2822,0.0,0.23226713118069475,0.0007162309777695053,0.03966413289208937,0.0,0.13918804587978947,0.0,0.17701920883158648,0.16332995953820287,0.006170691070728997,0.002184284286248021,0.04314726206693682,0.19553081926165855,0.0,0.0007822340142952834
s11T2822,0.0,0.15703758386998984,0.0,0.06040519786791243,0.0,0.10885692503561363,0.0,0.3355909969454154,0.12394276420591813,0.010420650914144857,0.0,0.08959677340067708,0.10605820865079746,0.0,0.008090899109531365
s12T2822,0.0,0.24065067752941416,0.008529761876761577,0.10867088775367303,0.0,0.13871627452166038,0.0,0.1206522878916552,0.1176231724206787,0.0,0.012437723972397783,0.008341549135153187,0.24437766489860605,0.0,0.0
s13T2822,0.0,0.2268825174741145,0.009005521818127185,0.11212631097164019,0.0,0.12115057869805183,0.0,0.13613699672209884,0.14777676948810742,0.0,0.0122690127223708,0.013292551612070637,0.22135974049341853,0.0,0.0
s14T2822,0.030084281266837033,0.07018454175933846,0.0,0.0,0.015147229890577237,0.052622591758295076,0.0,0.03343683976717621,0.008281428035245212,0.008229104772782062,0.0,0.012994684060762988,0.7246525966122731,0.0,0.04436670207671274
s15T2822,0.0024247848895504933,0.056364900328672966,0.0054227618084603,0.05418669180331516,0.0,0.0183431644700231,0.0,0.05526285045148938,0.033476708039907876,0.0026102356790714963,0.0034760770779056665,0.01043775790274666,0.7501935943079655,0.005698623111938803,0.00210185012895264
s02M2922,0.0,0.0,0.0,0.0,0.7374212876749513,0.0,0.08384236325112172,0.0,0.002671230281812929,0.0,0.0,0.0,0.17606511879211403,0.0,0.0
s03M2922,0.0,0.0,0.0,0.0,0.0,0.009600359995843511,0.0,0.0,0.004974848938424246,0.0,0.0,0.0,0.2385124608039423,0.0,0.74691233026179
s04M2922,0.0,0.0,0.0,0.0243103018572977,0.8554952753477961,0.0,0.0,0.0,0.0,0.0,0.0,0.0,0.0,0.12019442279490616,0.0
s05M2922,0.0,0.010663745295723462,0.0119804494718577,0.1508552582474886,0.4054551798605753,0.012806981616594902,0.029373677364717368,0.07415514249151517,0.04098779896512725,0.0,0.018810005668580574,0.0,0.24491176101781958,0.0,0.0
s06M2922,0.0,0.0013705943047224852,0.0,0.0,0.7698567762445434,0.010522190026828838,0.05199946474223971,0.0,0.0,0.0,0.0,0.0,0.16625097468166555,0.0,0.0
s07M2922,0.0,0.002179347792008477,0.0,0.0,0.9846808441477491,0.0,0.0,0.0,0.004573417576657983,0.0010137943934547175,0.0,0.0,0.007552596090129727,0.0,0.0
s08M2922,0.0,0.0010878219038420033,0.0,0.0,0.0,0.006508803791209659,0.0,0.0,0.006385243622350101,0.11960577539782463,0.8656225226499532,0.00021778624793793944,0.0,0.000572046386882648,0.0
s09M2922,0.0,0.20850984031749673,0.0,0.0,0.0,0.11941140567469215,0.0,0.05227405272922779,0.5095411845153961,0.003616591978769048,0.001736390111998535,0.0,0.10491053467241969,0.0,0.0
s10M2922,0.0017082894147452056,0.5774788248510296,0.0,0.007603540486895096,0.0,0.17599201898524983,0.0,0.024858896172501428,0.049936154458767514,0.001467667380109451,0.0013900733218256296,0.0,0.15941305536205336,0.00015147956682268126,0.0
s11M2922,0.0011207895825315912,0.36451894488240044,0.0,0.00030930933478517903,0.0,0.0986733897079342,0.0,0.06463789096270055,0.3533644591851364,0.006439483950626601,0.003522660240711732,0.0,0.10667472875874097,0.0007383433944323669,0.0
s12M2922,0.0015027963690663647,0.39169201211646326,0.0002061035653624103,0.010296331648042384,0.0,0.08882577754113335,0.0,0.03393943582421456,0.3512813487571568,0.008457212850789448,0.004009611492475578,0.0,0.10963304251611794,0.00015632731917806115,0.0
s13M2922,0.0021339702955671196,0.5501566046490047,0.0,0.008073772917632,0.0,0.0865427913951497,0.0,0.05970328328364535,0.1279618383421465,0.004379605008459353,0.0011583819093866098,0.0,0.15923167196312704,0.0001196723144188991,0.0005384079214625148
s14M2922,0.00233980010445578,0.41005332278106515,0.005706936574116418,0.08868394840120425,0.0,0.04814962614651437,0.0,0.07842798070265938,0.07038387513386991,0.005927585194839134,0.010470086067121166,0.00013050563364946487,0.2797263332605051,0.0,0.0
s15M2922,0.0006168478647223831,0.08883700205375025,0.0,0.0,0.0,0.004380192346057812,0.0016885492389832795,0.0,0.0004942254220021928,0.0006632776279116083,0.0001411639834973336,0.002746242477471136,0.900432498985604,0.0,0.0
s01X2922,0.0,0.0,0.0,0.0,0.0,0.0,0.0,0.0,0.0010890400658685074,0.0,0.0,0.0,0.9723548898645632,0.0028551805818892934,0.023700889487679084
s02T2922,0.0,0.0,0.0,0.03607885465389437,0.5887955911927175,0.0,0.0,0.003299734572433775,0.011310285928404652,0.0,0.0037615309331515425,0.0,0.3431072797206308,0.0,0.013646722998767378
s03T2922,0.0,0.0,0.0,0.0,0.48007697364071344,0.0,0.04258023805923454,0.0,0.0,0.0,0.0,0.0,0.14118951863878626,0.013000739042874715,0.32315253061839116
s04T2922,0.0,0.0,0.0,0.0,0.8748113319683161,0.0,0.029297432326659004,0.0,0.0,0.0,0.0,0.0,0.09331624138319665,0.0025749943218282426,0.0
s05T2922,0.0,0.0010539669896970482,0.0,0.0,0.2619696328076102,0.0,0.6171913900885267,0.0,0.0,0.0,0.0,0.0,0.10159808846167022,0.018186921652495785,0.0
s06T2922,0.0,0.003927758610906134,0.0,0.0,0.7473679614113913,0.0,0.07081658044879717,0.0,0.0,0.0,0.0,0.0,0.16462023585655744,0.0,0.013267463672347895
s07T2922,0.0,0.1425164804085122,0.0,0.0,0.05337737045215275,0.0,0.006447913219491624,0.0,0.003119554957103065,0.0,0.00042103967154950037,0.0011075387696870122,0.4232830670626085,0.0,0.36972703545889535
s08T2922,0.0,0.0036430894576316855,0.0,0.0,0.0,0.0015878896367978387,0.0007699730954808374,0.0,0.0003061991190177463,0.0,0.9934205574572215,0.0002722912338504879,0.0,0.0,0.0
s09T2922,0.0010294287419362667,0.4381156744755275,0.001973740267974834,0.02356865942190629,0.0,0.0662558453159165,0.0,0.11503763436402076,0.07275490526954526,0.014564401946914985,0.0038244137070757387,0.0,0.2621593177709029,0.0007159787182788586,0.0
s10T2922,0.00029329233325035256,0.3363166001829995,0.00011193069830002142,0.0024166773415875585,0.0,0.19106891403075343,0.0,0.041419178063065824,0.05477371561009422,0.0009368825928130844,0.0036819740816580577,0.002127990179780984,0.3668528448856968,0.0,0.0
s11T2922,0.0012900328174783354,0.5061199758944548,0.0,0.000895687094575176,0.0,0.1314136278603942,0.0,0.036862599062017824,0.20112858452596408,0.007375998386349787,0.0007873890642544247,0.0004821450845730506,0.1123732174362245,0.0012707427737137878,0.0
s12T2922,9.866449928316122e-05,0.6309396980607184,0.0019873409376594377,0.02315290931156512,0.0,0.04969092869228438,0.0,0.05222161484831821,0.12138812661045399,0.010950901285858981,0.002223116006327876,0.0,0.10734669974753065,0.0,0.0
s13T2922,0.00018926402272307095,0.4167276862027898,0.0035879322357512764,0.045492666398166515,0.0,0.18048549176699039,0.0,0.05662507553989737,0.08344735991708849,0.004907080622067803,0.006160376352645364,0.0,0.20237706694188007,0.0,0.0
s14T2922,0.0,0.42889149541052457,0.0011572333379874411,0.018646874491784586,0.0,0.05343859808299797,0.0,0.03146578351605308,0.021904162592844018,0.0,0.0045200726391630775,0.0004722036920693967,0.2538888432596136,0.0,0.18561473297696224
s15T2922,0.0,0.22426732252219794,0.0,0.0,0.0,0.01423487087417499,0.0,0.0,0.0,0.0,0.0,0.002481158384689083,0.5059101329753275,0.0,0.2531065152436104
s02M3022,0.0,0.007954519566751628,0.0012491974012061283,0.01769172274820595,0.17974469547756994,0.0,0.03916220988373947,0.0,0.0,0.005034520904875753,0.0,0.0,0.7305378763515206,0.0,0.01862525766613057
s03M3022,0.0,0.0,0.0,0.00034639671750560637,0.6859330639271688,0.00034709281756672376,0.19386972580501322,0.005057848898989139,0.0,0.0034358785270108706,0.0,0.0,0.11100999330674562,0.0,0.0
s04M3022,0.0,0.0,0.0,0.0,0.6495156114074081,0.0,0.28701636637944355,0.0,0.0,0.0,0.0,0.0,0.06346802221314832,0.0,0.0
s05M3022,0.0,0.006202982134336843,0.0,0.0,0.5846378476442775,0.0017070287538355118,0.02152307491148315,0.0,0.00016443919459585248,0.0,0.0,0.0,0.04101093109442404,0.0,0.3447536962670471
s06M3022,0.0,0.29106304821418594,0.0069875611021140115,0.046153711949166454,0.45309351813048965,0.013364625591495073,0.05007705326441893,0.021751714330601447,0.020600904334714867,0.0009158305216486248,0.0001392287597197778,0.0018202977858891747,0.09331015263793764,0.0,0.0007223533776185667
s07M3022,0.0,0.0,0.0,0.0,0.7138648335798337,0.0,0.012388226018347355,0.0,0.0,0.0,0.0,0.0,0.2737469404018189,0.0,0.0
s08M3022,0.0,0.004833687582269311,0.0,0.0,0.007234910478991816,0.0026222399750823098,0.0015451330452293907,0.0,0.003890555521755632,0.03936013125386327,0.9327170580775824,0.0003478070126382167,0.007448477052587647,0.0,0.0
s09M3022,0.0,0.1630308238431327,0.0,0.002425313731506346,0.0,0.7767652718979263,0.0,0.01712785167557903,0.016759747089455684,0.0007800499353662451,0.0006553866160275055,0.00540182826883066,0.017053726942175478,0.0,0.0
s10M3022,0.0,0.438144091050663,0.0,0.0,0.0,0.46299795771332514,0.0,0.010871922073093636,0.023074347742919443,0.0,0.0,0.004771936797464472,0.060139744622534186,0.0,0.0
s11M3022,0.0,0.6580146484052948,0.0,0.0,0.0,0.0435534553904544,0.0,0.02695654349675643,0.05338569133779958,0.0004479403989052883,0.0,0.010336220143687003,0.2073055008271025,0.0,0.0
s12M3022,0.0,0.6516282362660201,0.001962568774004983,0.03528793730163633,0.0,0.031282248608251344,0.0,0.09107958603849454,0.04923122767875371,0.0001040038459120003,0.002551145402385883,0.020061716318238797,0.11681132976630251,0.0,0.0
s13M3022,0.0,0.6751349378026729,0.002527869934378841,0.0408732279165622,0.0,0.034381310308731164,0.0,0.07885954668932033,0.05356969443246331,0.00011327909728177848,0.003394731672912083,0.017768458403495804,0.09337694374218156,0.0,0.0
s14M3022,0.0,0.5595151474630694,0.0038264666552056334,0.0562299265179656,0.0,0.022022852763754583,0.0,0.09988728307009166,0.03008347427949512,0.00019150762419789885,0.004425678879064279,0.02024233540222318,0.20357532734493283,0.0,0.0
s15M3022,0.0,0.22236441983467775,0.0,0.0,0.0,0.006096947592396937,0.0,0.0,0.0,0.0,0.0,0.005111728081947837,0.7659314301163042,0.0004954743746732887,0.0
s01X3022,0.0,0.0,0.0009990140916678926,0.0,0.0,0.0,0.0,0.0,0.0,0.0,0.0,0.0,0.9933199370188978,0.004952815034664885,0.0007282338547695271
s02T3022,0.0,0.02163061740455896,0.0,0.0,0.48292650590115566,0.0,0.009036881475505947,0.02134911801796409,0.0007514814351739916,0.0,0.0,0.002295547671907988,0.146854315712755,0.0,0.3151555323809785
s03T3022,0.0,0.06654502008261341,0.0,0.0,0.7060369688446678,0.00022973298247939904,0.1062373056771736,0.0,0.006974878820997635,0.0,0.0,0.00021140419502829576,0.11376468939703972,0.0,0.0
s04T3022,0.0,0.00014221938642467212,0.0,0.009502774173220702,0.8046787325105754,0.007986787661295163,0.09566212096906379,0.0,0.00030537041364082375,0.0,0.0,0.0,0.02891876030036039,0.05077808967167029,0.0020251449137485525
s05T3022,0.0,0.0015825872186923087,0.0,0.0,0.8694384406994585,0.003055007412469062,0.0741248429414465,0.0,0.001128350665718398,0.0,0.0,0.0,0.050670771062215236,0.0,0.0
s06T3022,0.0,0.000355403776568844,0.0,0.0,0.8198081399786304,0.0,0.14304344063378416,0.00014489926207040185,0.0034069328880837225,0.0,0.0009448337865406801,0.0,0.032296349674321795,0.0,0.0
s07T3022,0.0,0.007662364844709653,0.0,0.003729316569389626,0.6866595759083697,0.017991577420845374,0.07513954814811552,0.0,0.007857226538344406,0.0003847097240762757,0.0,0.0,0.20057568084614955,0.0,0.0
s08T3022,0.0,0.003367638893098372,0.0,0.0,0.0,0.0065709031665701426,9.138855642197002e-05,0.0,0.005641994522926364,0.055887613947542415,0.927847723330385,0.00047838663609118295,0.00011435094696456858,0.0,0.0
s09T3022,0.0,0.8287799088933095,0.0,0.0,0.0,0.152060722281277,0.0,0.0027254683946760774,0.0058107657990002426,0.010544698180960715,0.0,0.0,0.0,7.843645077631168e-05,0.0
s10T3022,0.0,0.211384185584976,7.469612483103699e-06,0.0,0.0,0.7565865393374153,0.0,0.0,0.009327868530497732,0.0,0.0,0.0004800891427894304,0.022147048559225797,6.679923261266625e-05,0.0
s11T3022,0.0,0.2642611297380219,0.0001975460936572711,0.0016108851048391374,0.0,0.7076357566666016,0.0,0.008050873315605493,0.010189654342745418,0.0,0.0,0.0014948921644607318,0.00655926257406836,0.0,0.0
s12T3022,0.0,0.6821582467205473,0.003924284065213062,0.03758617157800135,0.0,0.09263524861499942,0.0002540734440869869,0.05456702873788773,0.017937643209614267,0.0018014594265912075,0.002653410601585918,0.008180768393425413,0.09730887882932192,0.000992786378725593,0.0
s13T3022,0.00041354085450626994,0.9680159648910871,0.0006054798660629221,0.0014958112093122857,0.0,0.009920217868036993,0.0011457866634946654,0.0,0.002003525935744744,0.0,0.0,0.0,0.013222572411695744,0.0021582142144915928,0.0010188860855678058
s14T3022,0.0,0.7209871795377149,0.00027022612020404657,0.0,0.007800380661800347,0.009520105469282718,0.0002585344813186498,0.03158355950012545,0.0,0.0,0.03412380688587328,0.004398926689151449,0.044320111438588855,0.0,0.14673716921594035
s15T3022,0.0,0.3590693094873963,0.0006435176395198047,0.0,0.24010594713613898,0.0,0.0,0.0,0.0,0.0,0.0,0.0,0.39922431230981636,0.0,0.0009569134271284973
s02M3122,0.0,0.007901008113852715,0.0,0.0,0.4155921315384611,0.0,0.20852485456586975,0.0,0.0,0.0,0.0,0.0,0.35481891783576314,0.013163087946053212,0.0
s03M3122,0.0,0.0,0.0,0.0,0.8137398065008503,0.0,0.11637250581722122,0.0,0.0,0.0,0.0,0.0,0.06988768768192852,0.0,0.0
s04M3122,0.0,0.00020279066416027173,0.0,0.0,0.720006120658226,0.0,0.2736743472063386,0.0,0.0,0.0,0.0,0.0,0.006116741471275123,0.0,0.0
s05M3122,0.0,0.0,0.0,0.001948192736357295,0.8127537082881987,0.0,0.08346590213667038,0.0,0.0,0.0,0.0,0.0,0.04273467307004236,0.05909752376873142,0.0
s06M3122,0.0,0.0517586155289227,0.0,0.0,0.09873417193067256,0.0,0.0858959454677041,0.0,0.0,0.0,0.0,0.00026677685180014006,0.7633444902209006,0.0,0.0
s07M3122,0.0,0.0,0.0,0.0,0.0,0.0,0.0,0.0,0.0,0.0,0.0,0.0,0.34419876341101857,0.0,0.6558012365889815
s08M3122,0.0,0.0034265986211463634,0.0,0.0,0.0,0.0026939342229441794,2.291243418365003e-05,0.0,0.0,0.0,0.9620205059146462,0.0003469187978269209,0.0,0.0,0.031489130009252644
s09M3122,0.0,0.06052483526386739,0.0,0.0,0.003732559004554412,0.8690779965524625,0.0,0.016028594606655656,0.017728683823174874,0.0,0.0030402792000420124,0.0,0.014399395874509726,0.0,0.015467655674733377
s10M3122,0.0,0.45169304215301437,0.0,0.00832286618124847,0.007628541154346147,0.44860707461605853,0.0065856257308651136,0.0552445402260068,0.0,0.0015740304448119225,0.00030388726748517043,0.01010515241328569,0.007710888294995603,0.0009952236764337575,0.0012291278414484155
s11M3122,0.00012036478547101603,0.6032253925567096,0.0,0.0017084056841338163,0.001804721828983081,0.29396218360498977,0.035224867374936526,0.061369016033748176,0.0,0.0,0.0,0.0025445366551965056,0.0,0.0,4.0511475831522735e-05
s12M3122,0.0,0.4655158779482771,0.0,0.0,0.0035532271146075083,0.3491281397236697,0.0,0.09797041783315712,0.0009257233811915113,0.0,0.0,0.0,0.08290661399909716,0.0,0.0
s13M3122,0.005598268618261657,0.05341985245086241,0.01238006671788949,0.1475066724946637,0.0,0.3743143908422599,0.0,0.0973146125027635,0.03408669743165511,0.0,0.017448989183295356,0.0,0.2434073810202304,0.0,0.014523068738118445
s14M3122,0.0013459799056784619,0.24851771001706086,0.0,0.0,0.0,0.07690890571197456,0.0,0.00047745104372581815,0.0,0.0012853361942936987,0.0,0.0,0.5412951588910989,0.0009631682979654147,0.12920628993820224
s15M3122,0.0,0.2943250728477179,0.0,0.0,0.0009629504601653133,0.6976669888232413,7.470600416360571e-06,0.0,0.007037517268459162,0.0,0.0,0.0,0.0,0.0,0.0
s01X3122,0.0,0.0,0.0,0.0,0.0,0.01307239743607913,0.0,0.0,0.0,0.0,0.0,0.0,0.9281872210661722,0.0,0.05874038149774863
s02T3122,0.0,0.0,0.0,0.0,0.0,0.0,0.0,0.0,0.0,0.0,0.0,0.0,0.6223360662160002,0.0,0.3776639337839996
s03T3122,0.0,0.0,0.0,0.0,0.388738777981474,0.053616816385659495,0.0909844739234868,0.0,0.0,0.0,0.0,0.0,0.4666599317093797,0.0,0.0
s04T3122,0.0,0.0,0.0,0.0,0.7602459858023775,0.002000139391928707,0.054740777898098725,0.0,0.0,0.0,0.0,0.0,0.18301309690759504,0.0,0.0
s05T3122,0.0,0.0,0.0,0.0,0.6923794326915679,0.0,0.2227696011846443,0.0,0.0,0.0,0.0,0.0,0.08485096612378772,0.0,0.0
s06T3122,0.0,0.0018817010485871677,0.0,0.0,0.4886381349015849,0.0,0.18028396872368457,0.0,0.0,0.0,0.0,0.0,0.3291961953261433,0.0,0.0
s07T3122,0.0,0.028784831007047495,0.0,0.0,0.0061498254675016436,0.0,0.02103779411622286,0.0,0.0,0.0,0.0,0.0,0.9433024617316571,0.0007250876775709337,0.0
s08T3122,0.0,0.01991909564164352,0.0,0.0,0.002935004217243294,0.01768495845740829,0.0015946506749721066,0.0,0.00010189604805893151,0.0,0.9386735608745166,0.0006208141158761321,0.01847001997028121,0.0,0.0
s09T3122,0.0,0.03665850208577522,0.0,0.0,0.0,0.9620653974588482,0.0,0.0,0.0012761004553765894,0.0,0.0,0.0,0.0,0.0,0.0
s10T3122,0.0,0.1656745470947456,0.0,0.0,0.002550756435610812,0.7794401142631263,0.0,0.022404066781581543,0.0286262754698177,0.0007939482837238342,0.00028507774055605735,0.0,0.00022521393083809713,0.0,0.0
s11T3122,0.0,0.6239454200417269,0.0,0.0,0.03637747087980545,0.09943488736893233,0.006678338498920034,0.18571419002868453,0.03601987066515648,0.0038038368560702625,0.0,0.00023772805573579446,0.0074604947710403624,0.0,0.0003277628339279705
s12T3122,0.0,0.5249719604309628,0.0,0.0,0.0,0.005904517261444541,0.0,0.4591849976563856,0.0,0.009938524651207046,0.0,0.0,0.0,0.0,0.0
s13T3122,0.00014158003023656803,0.6508724143162943,0.0,0.0,0.0,0.02817851814745361,0.0,0.22588554179237083,0.00896809389539209,0.022112017400804516,0.0,0.0,0.062482879261013896,0.0,0.0013589551564340745
s14T3122,0.0,0.489937301894326,0.003758191817154152,0.048888270021692805,0.019049565145313762,0.06797519517411416,0.0,0.2146722153570343,0.01202130117524361,0.00320532041304221,0.005294492509470035,6.095072191730029e-05,0.13513719577069155,0.0,0.0
s15T3122,0.00522141697391512,0.09987118059164307,0.0,0.0,0.0,0.04902158360505606,0.004197683117874915,0.053634851573256606,0.0,0.0044528252682973285,0.0,0.0,0.6469423521658615,0.003254719591627411,0.13340338711246794
s02M3222,0.0,0.0,0.0,0.8466393346870507,0.046849217508552345,0.00212522034397193,0.0,0.0,0.0,0.0,0.0,0.0,0.10438622746042504,0.0,0.0
s03M3222,0.0,0.0,0.0,0.0,0.6533401502160726,0.01895630701288068,0.04838322248954574,0.0,0.0,0.0,0.0,0.0,0.2793203202815009,0.0,0.0
s04M3222,0.0,0.0,0.0,0.0,0.6146465940697524,0.03448646208012893,0.020231456820960707,0.0,0.0,0.0,0.0,0.0,0.23543442305283493,0.0,0.09520106397632308
s05M3222,0.0,0.007054480345374055,0.0,0.0,0.6890540705002968,0.014067539454977856,0.20693900575604354,0.0,0.0,0.0,0.0,0.0009284128876686147,0.08195649105563889,0.0,0.0
s06M3222,0.0,0.009111536327413653,0.0,0.0,0.4483431866850032,0.2516415510259739,0.2449622804858966,0.0,0.0,0.0,0.0,0.0,0.04594144547571274,0.0,0.0
s07M3222,0.0,0.0,0.0,0.0,0.3692664577879801,0.4941175030766234,0.01623890488798528,0.0,0.0,0.0,0.0,0.0,0.12037713424741113,0.0,0.0
s08M3222,0.0,0.008341160186503162,0.0,0.0,0.0037462130623900653,0.02008310350469834,0.0031323478816277597,0.0,0.0002615870285974586,0.0,0.963824141227774,0.0006114471084090553,0.0,0.0,0.0
s09M3222,0.0,0.023907874374058603,0.0,0.0,0.0,0.9508772777127076,0.0,0.0,0.02521484791323376,0.0,0.0,0.0,0.0,0.0,0.0
s10M3222,0.0,0.8526540377782614,0.0,0.0,0.0,0.0866253903315073,0.0,0.0,0.04986459906744153,0.0,0.0,0.010855972822789762,0.0,0.0,0.0
s11M3222,0.0,0.9128411892393877,0.0,0.0,0.0,0.009746517796414762,0.0,0.0,0.06268355536490175,0.0,0.006927081687731691,0.007801655911564287,0.0,0.0,0.0
s12M3222,5.173795421274056e-05,0.9414794342251427,0.0,0.0,0.0,0.021425850933510623,0.0,0.0021945532465703368,0.02497030829938583,0.0,0.0,0.009847470183595374,0.0,3.064515758247882e-05,0.0
s13M3222,0.0001295159506070748,0.2864746060744107,0.0,0.0,0.0029100670090396394,0.6425899278671633,0.00031963385604459865,0.0010777124397215391,0.0654975134910899,0.0,0.0,0.001001023311923278,0.0,0.0,0.0
s14M3222,0.0,0.05735488493406841,0.0,0.0,0.0,0.05512641387002056,0.0,0.010759989465989685,0.0,0.0,0.0,0.0014870559697163113,0.18960434075392543,0.0,0.6856673150062795
s15M3222,0.0,0.0,0.0,0.0,0.0,0.03389073718361661,0.0,0.0,0.0,0.0,0.0,0.0,0.9645201993984518,0.0009180861840177199,0.0006709772339137523
s01X3222,0.0,0.0,0.0,0.0,0.0,0.0,0.0,0.0,0.0,0.0,0.0,0.0,1.0,0.0,0.0
s02T3222,0.002168149394732004,0.019094860311031157,0.0,0.0,0.12328798228509066,0.0,0.0,0.0,0.0,0.0,0.0,0.0,0.7785673530867776,0.0,0.07688165492236847
s03T3222,0.0,0.009578076492923396,0.0,0.0,0.21248695152856487,0.0001579948514151033,0.6938919912271184,0.0,0.0,0.0,0.0,9.911034300997708e-05,0.08378587555696837,0.0,0.0
s04T3222,0.0,0.0,0.0,0.0,0.7803555636798009,0.0,0.01092633987406027,0.0,0.0,0.0,0.0,0.0,0.20264942986077486,0.0,0.006068666585364021
s05T3222,0.0,0.007462073853658888,0.0,0.0,0.9231908713058558,0.0,0.03260108551842797,0.0,0.0,0.0,0.0,0.0,0.03674596932205737,0.0,0.0
s06T3222,0.0,0.009367707678464433,0.0,0.0,0.7726410547131848,0.015583453815610859,0.09686601663652473,0.0,0.0,0.0,0.0,0.0,0.10554176715621506,0.0,0.0
s07T3222,0.0,0.0,0.0,0.0,0.885159045506444,0.0,0.022834525099235795,0.0,0.0,0.0,0.0,0.0,0.09200642939432024,0.0,0.0
s08T3222,0.0,0.0031467427847220817,0.0,0.0,0.0,0.04667781959932814,0.0008570065765717946,0.0,0.00017764685725079425,0.0,0.9470934399507167,0.0020473442314103765,0.0,0.0,0.0
s09T3222,0.0,0.20717663019649324,0.0,0.0,0.00840098445074148,0.36845456955977074,0.0,0.0,0.33090076170315047,0.0,0.0010911733614690517,0.08397588072837528,0.0,0.0,0.0
s10T3222,0.0,0.9389487229182372,0.0,0.0,0.0,0.0,0.0,0.0,0.0419254225070473,0.0,0.0,0.01912585457471561,0.0,0.0,0.0
s11T3222,0.0,0.8792431061334468,0.0,0.0,0.0,0.0043730476401753135,0.0,0.0,0.10001269425695176,0.0,0.0,0.016371151969426016,0.0,0.0,0.0
s12T3222,0.0,0.9233205754297185,0.0,0.0,0.0,0.0,0.0,0.0,0.05488639263364058,0.0,0.0,0.021793031936640988,0.0,0.0,0.0
s13T3222,8.883301553015933e-05,0.9366088570606641,0.0,0.0,0.0,0.0,0.000780978792305492,0.0,0.04335416932683272,0.0,0.0,0.01916716180466753,0.0,0.0,0.0
s14T3222,0.0,0.26076184844318173,0.0,0.0,0.0,0.0,0.0,0.0,0.0,0.0,0.0,0.0,0.4183168843309196,0.0,0.32092126722589864
s15T3222,0.0,0.7864658473835527,0.0,0.0,0.0005120806681606141,0.0,0.0,0.0,0.01670182963403138,0.0,0.0,0.012421540255421228,0.02388009624454837,0.0,0.1600186058142856
s02M3322,0.0,0.0,0.0,0.0,0.0,0.0,0.0,0.0,0.0,0.0,0.0,0.0,1.0,0.0,0.0
s03M3322,0.0,0.0012862350124357757,0.0,0.0,0.5530675644937704,0.005420094041040195,0.0,0.0,0.0,0.0,0.0,0.0,0.4402261064527536,0.0,0.0
s04M3322,0.0,0.022369908453428164,0.0,0.0,0.19184548486340536,0.0,0.0,0.0,0.0,0.0,0.0,0.0,0.7204485891872406,0.05052850644964321,0.014807511046282532
s05M3322,0.0,0.004577002439909022,0.0,0.0,0.8939652121491144,0.0,0.0,0.0,0.0,0.0,0.0,0.0005985456680840077,0.10085923974289263,0.0,0.0
s06M3322,0.0,0.004286106836613675,0.0,0.0,0.8462594235674147,0.0018599818326814988,0.04820077098633587,0.0,0.0,0.0,0.0,0.00028318488946506363,0.0991105318874894,0.0,0.0
s07M3322,0.0,0.0,0.0,0.004592428076028308,0.7772223731738105,0.0,0.09188836771863755,0.0,0.0,0.0003994174822651299,0.0,0.0,0.12589741354925846,0.0,0.0
s08M3322,0.0,0.0023434422489480838,0.0,0.0,0.0006536437033071778,0.0032949901792924266,0.0013699288647472901,0.0,0.0,0.0,0.989598291267126,0.0018026447844040497,0.0009370589521750584,0.0,0.0
s09M3322,0.0,0.43944012421437506,0.0,0.0,0.0,0.24732653188779408,0.0,0.0,0.3085996653891306,0.0,0.00014351786012437425,0.0044901606485758735,0.0,0.0,0.0
s10M3322,0.0,0.0796971759737682,0.0,0.0,0.0,0.8313567227675894,0.0,0.0,0.07453512475962426,0.0,0.0,0.014410976499018282,0.0,0.0,0.0
s11M3322,0.0,0.5097573780695872,0.0,0.0,0.0,0.2859550007767669,0.0,0.0,0.06582020407164646,0.0,0.0,0.12541087777563767,0.0037800962784820275,0.0,0.009276443027879755
s12M3322,0.0,0.4907926722722584,1.1894716399964104e-05,0.0,0.0,0.03115721092599829,0.00039539952558656884,0.0,0.17452698154536767,0.0,0.0010684802370401051,0.2889563590869817,0.012669053756891216,0.0004219479334761533,0.0
s13M3322,0.0,0.6208005354087993,0.0,0.0,0.0,0.0030195998164356326,0.0,0.0,0.1347218922642168,0.0,0.0,0.22145994843733405,0.01999802407321425,0.0,0.0
s14M3322,0.0,0.2597468840633221,0.0,0.001384829720890331,0.09493448745170484,0.06775167432180496,0.00043826395694591795,0.04743101590650731,0.15040497091238264,0.000520098301662899,0.000409907644946612,0.31550403822032064,0.061473829499511704,0.0,0.0
s15M3322,0.005563173208110456,0.12895288046112396,0.0,0.0,0.0,0.03343987878570532,0.0,0.002079966636391381,0.22332555932071976,0.0010045796546841925,0.0,0.285024014815121,0.3110879291550085,0.0007674101559544146,0.008754607807180967
s01X3322,0.012664223961280719,0.0,0.0,0.0,0.0,0.027202308178926604,0.0,0.0,0.0,0.00014889220706201033,0.0,0.0020280576716171575,0.5197049267177478,0.0,0.43825159126336577
s02T3322,0.0,0.0,0.0,0.0,0.0,0.0010324570951471043,0.0,0.0,0.0,0.0,0.0,0.0,0.99665891767683,0.0003161796281462693,0.001992445599876592
s03T3322,0.0,0.009176926828193675,0.0,0.0,0.41490172020393457,0.013140435588892543,0.4275245687805445,0.011567193726184217,1.4167347387550019e-05,0.00023432132157598365,0.0,0.0012902136278297263,0.09489599122909664,0.0,0.02725446134636048
s04T3322,0.0,0.000606734436914134,0.0,0.02752477490079363,0.6800118089747136,0.00271361747473738,0.0550691606406771,0.0,0.0,0.0,0.0,0.0,0.2340739035721642,0.0,0.0
s05T3322,0.0,0.004300206881897492,0.0,0.0,0.5420852531621351,0.0,0.34873968190800786,0.0,0.0,0.0,0.0,0.00019759213164957412,0.10467726591630992,0.0,0.0
s06T3322,0.0,0.0040973944477555296,0.0,0.0,0.46722311978066916,0.0,0.06677557990837471,0.0,0.0,0.0,0.0,0.0,0.4619039058632005,0.0,0.0
s07T3322,0.0,0.0,0.0,0.0,0.0,0.03776003960801168,0.0,0.0,0.0,0.0,0.0,0.009640770946189085,0.8809229830810845,0.0,0.07167620636471472
s08T3322,0.0,0.012887087163619882,0.0,0.0,0.0,0.018288929067945547,0.0021878228357895524,0.022620188076793703,0.012528318635897547,0.0,0.8017206918813101,0.12692263356610822,0.0028443287725354953,0.0,0.0
s09T3322,0.0,0.19162260719116872,0.0,0.0,0.0,0.12084426931972894,0.0,0.004066634634861875,0.34874273148172263,0.0,0.0014665804587972405,0.3320647766860659,0.0,0.0,0.0011924002276547004
s10T3322,0.0,0.16139617331486042,0.0,0.006423305043586601,0.0,0.045034928017650355,0.0,0.06991705201034583,0.33076585001137315,0.002183108512964561,0.0,0.3582827021346813,0.0229338228923644,0.0,0.0030630580621735085
s11T3322,0.0,0.29767356436731224,0.0,0.0,0.0,0.036952443058196956,0.0,0.0,0.458129083609169,0.0,0.0,0.16186567524918133,0.04460552320586919,0.0,0.0007737105102711794
s12T3322,0.0,0.21795444300547362,0.0,0.0033716502605670145,0.0,0.035126901183938714,0.0011792205271500629,0.0900062602236546,0.30877852355326874,0.002690847437324516,0.0,0.19398873874794045,0.1452317426408588,0.0,0.0016716724198235387
s13T3322,0.02683529826326564,0.07845095276960347,0.0,0.0,0.0,0.12411684842687207,0.01152829277333436,0.0,0.07085424609607793,0.0056571354640471885,0.0,0.06497048040467507,0.37692121257626787,0.0,0.2406655332258563
s14T3322,0.0016591764581584789,0.035092210390693365,0.0,0.0,0.0,0.20773860250422485,0.0,0.0036316727358321177,0.05054257944542686,0.0003146845977509679,0.0,0.04701511499678067,0.1507894130515804,0.0,0.5032165458195523
s15T3322,0.0029255704368844775,0.02578384913431047,0.0,0.0,0.0,0.04259396409253398,0.0,0.0,0.019298053148292346,0.0,0.0,0.05084628865726623,0.4543541789130411,0.0,0.4041980956176712
s02M3422,0.0,0.0,0.0,0.0,0.012263686673766786,0.0,0.27596133683412605,0.0,0.0,0.0,0.0,0.0,0.7104241893151455,0.0,0.0013507871769617061
s03M3422,0.0,0.0143528032951892,0.0,0.0,0.5496456908809578,0.0,0.29479799490419967,0.02204223379848385,0.0,0.0004646235910160123,0.0,0.002344124429979717,0.11635252910017363,0.0,0.0
s04M3422,0.0,0.0,0.0,0.0,0.5489024777901825,0.0,0.42315715700684586,0.0,0.0,0.0,0.0,0.0,0.027940365202971475,0.0,0.0
s05M3422,0.0,0.00033509275676965134,0.0,0.0,0.3730971541189659,0.0022494088055684943,0.5938868355320297,0.0,0.0,0.0,0.0,0.00030349948969866626,0.03012800929696768,0.0,0.0
s06M3422,0.0,0.0014836025371105022,0.0,0.0,0.3268756350786746,0.0,0.6075493533993529,0.0,0.0,0.0,0.0,0.0,0.06409140898486182,0.0,0.0
s07M3422,0.0,0.006023636297040921,0.0,0.0,0.11625811356265733,0.0,0.03681753293668724,0.0018819583098413834,0.0,0.0,0.0,0.004808533781540811,0.8089920659843532,0.025218159127879225,0.0
s08M3422,0.0,0.0004587822498606637,0.0,0.0,0.40060343500062257,0.00039021705578412243,0.0284755718881976,0.0,0.00011664308628812657,0.026726581159838687,0.5152642785276654,0.0064639024323681635,0.02150058859937467,0.0,0.0
s09M3422,0.0,0.003202776209349534,0.0,0.0,0.0,0.3379952166070682,0.0,0.0384357937983148,0.00486615380978845,0.0,0.0,0.615500059575479,0.0,0.0,0.0
s10M3422,0.0,0.009124286864925944,0.0,0.0,0.0,0.0029147787418304554,0.0,0.0010417569220086368,0.004352538335706894,0.0,0.0,0.9825666391355282,0.0,0.0,0.0
s11M3422,0.0,0.0038567976171320693,0.0,0.0,0.0,0.0073911516098241195,0.0,0.0,0.003354311631899101,0.0,0.0,0.9785323347760628,0.006865404365081855,0.0,0.0
s12M3422,0.0010153789249081092,0.016407898392849517,0.0,0.0020451456262333256,0.0,0.12706382997158394,0.00487788736338607,0.02310563314935046,0.0028366477995293883,0.0017178083068664718,0.0,0.690848320648002,0.12845675784114882,0.0005747108219186769,0.0010499811542232778
s13M3422,0.0,0.019108521193544815,0.0,0.0,0.0,0.07230729915402949,0.009969039893696022,0.02286973870863175,0.0,0.0008271727346217222,0.0,0.12250153865392785,0.4700140870103378,0.0,0.28240260265121053
s14M3422,0.0004507014519653748,0.03282438037053594,0.0,0.0,0.0,0.04903342342872097,0.009608297642303467,0.0078397491302356,0.0,0.0012733148886908876,0.0,0.07533776317315656,0.8230670729447382,0.0005652969696528992,0.0
s15M3422,0.0,0.0,0.0,0.0,0.0,0.0,0.0,0.0,0.0,0.0,0.0,0.03475376605688946,0.41381291570893053,0.0,0.55143331823418
s01X3422,0.0,0.0,0.0,0.0,0.0,0.0,0.0,0.0,0.0,0.0,0.0,0.0,0.9954581562132936,0.0,0.004541843786706426
s02T3422,0.0,0.0,0.0,0.0,0.6351511401481256,0.0,0.0,0.0,0.0,0.0,0.0,0.013036083154595722,0.35181277669727873,0.0,0.0
s03T3422,0.0,0.004463908742245319,0.0,0.0,0.5144302525406063,0.0,0.38476915458707706,0.003014913278198024,0.0,0.0,0.0,0.0033246453621553875,0.08999712548971797,0.0,0.0
s04T3422,0.0,0.0,0.0,0.0,0.950320014951117,0.0,0.0,0.0,0.0,0.0,0.0,0.0050425890898055225,0.04463739595907747,0.0,0.0
s05T3422,0.0,0.0005166645107248177,0.0,0.0,0.6386718394559605,0.0,0.35984322556028764,0.0,0.0,0.0,0.0,0.0009682704730270613,0.0,0.0,0.0
s06T3422,0.0,0.0007896662754395033,0.0,0.0,0.5246981464689551,0.0005720659874060485,0.39901195512179344,0.0,7.281633520635405e-05,0.0,0.0,0.035723993167635464,0.039131356643564236,0.0,0.0
s07T3422,0.028178343601567922,0.00032148453688555937,0.0,0.004814822771435405,0.0,0.010596426658545228,0.01285066653042922,0.0,0.0,0.00448558497652299,0.0,0.6105478811374546,0.28584187175924053,0.0,0.04236291802791857
s08T3422,0.0,0.0043338963691307185,0.0,0.0,0.0012509667330753169,0.004275403908596744,0.00046614664743481216,0.0,0.0040077363732461,0.025740713212425863,0.9271874899439623,0.030039788628927422,0.0026978581832007116,0.0,0.0
s09T3422,0.0,0.0,0.0,0.0,0.0,0.0,0.0,0.005639870717128146,0.0,0.0,0.0,0.9943601292828718,0.0,0.0,0.0
s10T3422,0.0,0.0,0.0,0.0,0.0,0.0,0.0,0.0,0.0,0.0,0.0,1.0,0.0,0.0,0.0
s11T3422,0.0,0.0,0.0,0.0,0.0,0.0,0.0,0.0,0.0,0.0,0.0,1.0,0.0,0.0,0.0
s12T3422,0.0,0.000641622803474506,0.0,0.0,0.0,0.0,0.0,0.0,0.00021113006910355759,0.0,0.0004250986854406157,0.9829719631580395,0.01575018528394174,0.0,0.0
s13T3422,0.0,0.0,0.0,0.0,0.0,0.0,0.0,0.0,0.0,0.0,0.00013637400186946656,0.9998636259981306,0.0,0.0,0.0
s14T3422,0.0,0.005287289290833751,0.0,0.0,0.017171607743595458,0.0008202677189191983,0.0,0.0,0.0020433733851006617,0.0,0.0,0.9421048969838299,0.032572564877720936,0.0,0.0
s15T3422,0.0003313684261491079,0.0033568446310933034,5.8977206760545806e-05,0.0,0.0,0.02188652744943922,0.0015507920283163526,0.01999569679329417,0.0,0.0,0.0,0.9014831426706273,0.050482457567372734,0.0005658145297856617,0.0002883786971616182
s02M3522,0.0,0.0006664351695813163,0.0,0.0,0.21177700617290404,0.0,0.7641097585450634,0.0,0.0,0.0,0.0,0.0007374060611188822,0.007645471070783414,0.0,0.015063922980548842
s03M3522,0.0,0.0016159228384734269,0.0,0.0,0.5536144007775928,0.0,0.37922470166426714,0.00036367249525614615,0.0004013421997962878,0.0,0.0,0.003968070715349378,0.060811889309264816,0.0,0.0
s04M3522,0.0,0.02068497671117585,0.0,0.0,0.7801171234601595,0.011612192049479234,0.12294950389883698,0.02736649026213174,0.0034119456503030354,0.000530879772692033,0.0,0.0034564185645018456,0.02987046963071977,0.0,0.0
s05M3522,0.0,0.0013358156202723298,0.0,0.0,0.5801431577637242,0.0,0.3738215340412608,0.0,0.0,0.0,0.0,0.0014595138697638726,0.043239978704978706,0.0,0.0
s06M3522,0.0,0.0,0.0,0.0,0.6109958953421126,0.0,0.31184717043266147,0.0,0.0,0.0,0.0,0.0,0.07715693422522585,0.0,0.0
s07M3522,0.0,0.0062570346555394325,0.0,0.0,0.6187586672120136,0.0006046370279614904,0.17733555212600977,0.014372672412759585,0.0,0.0005919594831334849,0.0,0.004394496156469055,0.17768498092611368,0.0,0.0
s08M3522,0.0,0.0032297520257634155,0.0,0.0,0.002676152786126014,0.0026785686194264204,0.004893375318120398,0.0,0.00010585946134284575,0.0,0.9796679202001766,0.0055952080664960465,0.0011531635225482118,0.0,0.0
s09M3522,0.0,0.0,0.0,0.0,0.0,0.0,0.0,0.0,0.0,0.0,0.0,1.0,0.0,0.0,0.0
s10M3522,0.0,0.013424919928180392,0.0,0.015953478741426993,0.0,0.01255426353077046,0.0,0.09859711353030583,0.016537734716715213,0.0038945541537448855,0.0,0.8222309917660916,0.013706783900479103,0.0,0.003100159732285562
s11M3522,0.0,0.01083099207242605,0.0,0.013913132790005727,0.0,0.01143130143487775,0.0,0.08615893079004211,0.015851108065159436,0.0032873566478991167,0.0,0.8438553513548561,0.012247458662852314,0.0,0.002424368181881453
s12M3522,0.0,0.018755874950236492,0.0,0.022609430326182064,0.0,0.01723162777500519,0.0009283887038945451,0.14579754090956226,0.022557646711793965,0.005478279629308563,0.0,0.7065907649175311,0.05460512560781299,0.0,0.005445320468672918
s13M3522,7.10827286747486e-05,0.0007530392086609741,0.0,0.0015150529691142448,0.0,0.001229695531635232,0.0009310856989103445,0.026552488593084903,0.0029320105631450493,0.0010986566244759626,0.0,0.859014063946872,0.10315323849206741,0.00010087806242457273,0.0026487075809345137
s14M3522,0.0,0.0,0.0,0.012147078399674346,0.025592856249780215,0.005834865170884197,0.009964717783352266,0.03028604020891008,0.0029146313275555417,0.02205969928493502,0.0,0.5448590083615268,0.33524311810185037,0.0,0.01109798511153107
s15M3522,0.0,0.0,0.0,0.0,0.0,0.0,0.0042592043792346315,0.030250477654131424,0.0,0.0,0.0,0.11297930038053766,0.7035929498338838,0.0,0.14891806775221253
s01X3522,0.0,0.0,0.0,0.0,0.0,0.0,0.017319252545057513,0.0,0.0,0.0,0.0,0.07482264976145388,0.9008836480330695,0.0014027108648983386,0.005571738795520823
s02T3522,0.0,0.0,0.0,0.0,0.2273017552450202,0.0,0.0,0.0,0.0,0.0,0.0,0.029578278250456738,0.7396667385559484,0.0,0.00345322794857466
s03T3522,0.0,0.0,0.0,0.0,0.5353318616813907,0.0068942395115508615,0.014603798381933817,0.0038685933753034936,0.0005871258268564882,0.0011638257596347636,0.0,0.05319877076148451,0.3815034547523626,0.0,0.002848329949482928
s04T3522,0.0,0.0,0.0,0.0,0.4878110766185605,0.0,0.12102476931914963,0.0,0.0,0.0,0.0,0.02620367832889525,0.36496047573339463,0.0,0.0
s05T3522,0.0,0.0037735543701294463,0.0,0.0,0.7439325855601093,0.0,0.22511510738200044,0.000346476876078751,0.0,0.0,0.0,0.003360625210256595,0.023471650601425254,0.0,0.0
s06T3522,0.0,0.0011830925558185023,0.0,0.0,0.5621742528573094,0.0,0.4250478876103496,0.0017368686633240852,0.0,9.89053830779661e-05,0.007093460550662847,0.0026655323794578054,0.0,0.0,0.0
s07T3522,0.0,0.0,0.0,0.0,0.0,0.0,0.0,0.0,0.0,0.0,0.0,0.5665155390430748,0.432317602526985,0.00038208437766796405,0.0007847740522721541
s08T3522,0.0,0.00044022562620610225,0.0,0.0,0.0,0.0006004675836478869,0.0005965857964985139,0.0,0.0,0.0,0.9585848578099103,0.03977786318373724,0.0,0.0,0.0
s09T3522,0.0,0.0,0.0,0.0,0.0,0.0,0.0,0.27356635858809353,0.0,0.0,0.0,0.7264336414119066,0.0,0.0,0.0
s10T3522,0.0,0.0,0.0,0.0,0.0,0.0,0.0,0.0,0.0,0.0,7.094314284176819e-06,0.9999929056857159,0.0,0.0,0.0
s11T3522,0.0,0.0,0.0,0.0,0.0,0.0,0.0,0.009907205866464503,0.0,0.0,0.0,0.9900927941335356,0.0,0.0,0.0
s12T3522,0.0,0.0,0.0,0.0036937253303045013,0.0016115938820795174,0.003357084463478219,0.0024820639688434985,0.015620076899215954,0.0,0.0008670500310349837,0.0,0.9723684054250434,0.0,0.0,0.0
s13T3522,0.0,0.002036249777082942,0.0,0.0007881824489487654,0.0,0.0009804293745677682,0.0,0.004805896594664849,0.0036757868464625055,0.0001478649293708597,0.0,0.9860009412677609,0.001339871149782016,0.0,0.00022477761135931558
s14T3522,0.0,0.011770261862163033,0.0,0.016666985422060587,0.016432818225448436,0.007916022426682066,0.007588792371237525,0.10345665634882696,0.0006072903641040746,0.005509757736077611,0.0,0.8142141220586115,0.014114999839636017,0.0,0.0017222933451519508
s15T3522,0.001711587405972173,0.0,2.2195902072788307e-05,0.023701493051245675,0.0,0.004380886927021801,0.01231888084381692,0.08712601453869281,0.0,0.0035522357909286363,0.0,0.6493363622642044,0.20957719936829192,0.0013080646802818817,0.006965079227471025
s02M3622,0.0015155609594316383,0.0,0.0,0.0,0.11669666994787053,0.00023999827826222606,0.7397316893047382,0.0016471641736950948,0.0,0.00016607802305242307,0.0,0.04628462576289161,0.09257884822055638,0.0,0.001139365329502069
s03M3622,0.0,0.0,0.0,0.0,0.2657380372984531,0.0,0.6204843479475859,0.002983795692717211,0.0,0.0,0.0,0.029669652873050706,0.08112416618819318,0.0,0.0
s04M3622,0.0,0.0,0.0,0.025503073448008964,0.5481717197639623,0.0,0.28820652533201235,0.0,0.0,0.0,0.0,0.015456261314862245,0.002423849146146081,0.11728049031203179,0.0029580806829761354
s05M3622,0.0,0.0,0.0,0.0,0.8039455799308267,0.0011683032905445798,0.07114729062553414,0.0006963210751236904,0.000842436571444175,0.0011264411468307992,0.00012234389042400695,0.07688375129975988,0.04406753216951217,0.0,0.0
s06M3622,0.0,0.00015232190931914832,0.0,0.0,0.28504331278346823,0.0,0.6931519110943843,0.0007595260627014492,3.8017677911742115e-05,0.0,0.0,0.013618846203093006,0.00723606426912233,0.0,0.0
s07M3622,0.0,0.003965881247175659,0.0,0.1597258110780486,0.0,0.009905821230588115,0.08536459566536554,0.18570821744301422,1.821367334369306e-05,0.0,0.0,0.41281834255723715,0.14249311710522716,0.0,0.0
s08M3622,0.0,0.0005375298990407713,0.0,0.0,0.00165269055242424,0.0011667428062018073,0.00308049112161569,0.0073701444141028045,0.002648184324712582,0.6622449805915317,0.3162916974167591,0.005007538873611342,0.0,0.0,0.0
s09M3622,0.0,0.0,0.0,0.0,0.0004397555379765839,0.00035750852234931797,0.0012257300905746944,0.20511102917159738,0.0,0.001009563092666097,0.0,0.7918506836096253,0.0,5.729975210486708e-06,0.0
s10M3622,4.1599043352570665e-05,0.0,0.0,0.0010287698534843716,0.0009974411982867104,0.0014120516838503434,0.0016458437786188533,0.10329288582697525,0.0,0.00037888523004331564,0.0,0.8909338789942441,0.0,0.00026864439114435525,0.0
s11M3622,0.0,0.0,0.0,0.006315522019088192,0.0029012630785615044,0.005560220772722069,0.004111720623590817,0.08807929122285664,0.0,0.0016920892321280346,0.0,0.8913398930510527,0.0,0.0,0.0
s12M3622,0.0,0.004855491181051226,0.0,0.008958340789912705,0.004172241780709197,0.008122608679433844,0.00449842363883031,0.03962234655503615,0.0013392004831138977,0.0024513307604454295,0.0,0.9113008697036027,0.014679146427864694,0.0,0.0
s13M3622,0.0,0.0006781234860902484,0.0004622471868240707,0.0013247145263666341,0.015054140347986389,0.0032408676450409834,0.004917646110039032,0.0957907251371435,0.0,0.0003880895881465881,0.0,0.8781434459723625,0.0,0.0,0.0
s14M3622,0.0,0.01044376423047511,0.0,0.005155814972042583,0.03608817788544295,0.004416750133096514,0.0003702497677615173,0.05431341563282267,0.002878487123898655,0.0018976262773131394,0.0,0.8837997980360102,0.0003433529749591763,0.0,0.0002925629661774666
s15M3622,0.0018815470488721367,0.0,0.0,0.00022906079163632058,0.0024472718333063723,0.0,0.002908286551334971,0.008399030047303035,0.0,0.0,1.0495014904282868e-05,0.980029565092356,0.0013905297794815235,0.0,0.002704213840805442
s01X3622,0.0162113134927396,0.0,0.0,0.00842183857718616,0.038055071149454195,0.0,0.15375390305746175,0.0,0.0036627590293326186,0.0038184031410306604,2.2837848650311664e-05,0.43525138044434536,0.3136790125760436,0.0,0.027123480683755676
s02T3622,0.0,0.0,0.0,5.0282459465214475e-05,0.04550740265881795,0.0,0.9335456408139968,0.0,0.0,0.0,0.0,0.003997613477919026,0.009136833428649757,0.007762227161151226,0.0
s03T3622,0.0,0.0,0.0,0.03272882842705262,0.16015240548402876,0.001669151115871427,0.6102014658810806,0.042994997625903496,0.0,0.00039301886136759273,0.0,0.03517912685265483,0.11653636604720871,0.0,0.0001446397048319181
s04T3622,0.0,0.0,0.0,0.0,0.03133936947147057,0.0,0.9596736298032903,0.0,0.0003401055205412988,0.0,0.0,0.003999423670049296,0.004647471534648542,0.0,0.0
s05T3622,0.0,0.0,0.0,0.0,0.9861316841656554,0.0,0.013736519688250093,0.0,0.0,0.0,0.0,0.00013179614609444988,0.0,0.0,0.0
s06T3622,0.0,0.0009090260166994747,0.0,0.004724083080577242,0.39611975008685424,0.0,0.5376512842425855,0.0,0.00028003745752851894,0.0,0.0,0.002347325328281472,0.014051554300848763,0.04391693948662477,0.0
s07T3622,0.0004785137982821462,0.0,0.0,0.06440898091975074,0.024559439272923877,0.00582532924810234,0.24049745853631213,0.08030543175168013,0.0006529040925382527,0.0011941378716736988,0.0,0.15963256157846203,0.4208875237731786,0.0,0.0015577191570960807
s08T3622,0.0,0.0010468196959260493,0.0,0.0,0.0017810700422148903,0.0018367831250887966,0.0007460464483007101,0.0018358035367540754,0.0,0.010759847833499725,0.9785558598017541,0.003437769516461685,0.0,0.0,0.0
s09T3622,0.0,0.0,0.0,0.0,0.001758581447743213,0.0008313473153234633,0.004632779876604877,0.9547866458393506,0.0,0.0,0.0021782782732559735,0.035812367247721986,0.0,0.0,0.0
s10T3622,0.0,0.0,0.0,0.0,0.0009814267715364657,0.0,0.0028140742728350893,0.9459565151377167,0.0,0.0,0.0,0.04031467761929243,0.00837945056917763,0.0015538556294416178,0.0
s11T3622,0.0,0.0,0.0,0.0,0.0,0.0,0.0027884044190581237,0.9732523844629879,0.0,0.0,0.0,0.023959211117953908,0.0,0.0,0.0
s12T3622,0.0,0.00021187252370000596,0.00040235618100516445,0.007746835426714437,0.0,0.002579100544703742,0.002708935720851158,0.927906221116049,0.0,0.0011705174322154937,0.0,0.04796173008999616,0.009312430964764883,0.0,0.0
s13T3622,0.0,0.0,0.0009036252381517936,0.09280442671957938,0.0,0.0002139125248886113,0.0459039159740518,0.7084808799883956,0.0,0.0,0.0,0.06031722269994844,0.09137601685498438,0.0,0.0
s14T3622,0.0,0.0,0.01786252192665161,0.11900085203682624,0.022425011416855524,0.0007876874672083181,0.012041006452593341,0.27220388349034047,0.0,0.0016786288121238531,0.0,0.5086976096670053,0.018345654142767374,0.014009230134761162,0.012947914452866733
s15T3622,0.01562617434711537,0.0,0.0008380541924730952,0.026456544988390875,0.00809787348455633,0.0036531846252672007,0.03707414150336434,0.08018888878141146,0.0006781938293799483,0.004248882712480492,0.0,0.6884147634459676,0.10627430828920158,0.0008213910603176866,0.02762759874007409
s02M3722,0.0,0.0,0.0,0.9955224985171282,0.0,0.0,0.0040875310294489165,0.0,0.0,0.0,0.0,0.00038997045342298916,0.0,0.0,0.0
s03M3722,0.0,0.0,0.0,0.09603886006262528,0.10131961007661908,0.0036162250080601726,0.6215034539103131,0.09410845784000632,0.0,0.0,0.0,0.0072721108781675856,0.06894366218939982,0.007197620034808427,0.0
s04M3722,0.0,0.0,0.0,0.056209443810254764,0.0,0.002610314980582628,0.8450798462900867,0.05252311331264374,0.0,0.0,0.0,0.005539223673669203,0.038038057932762916,0.0,0.0
s05M3722,0.0,0.006138470640244444,0.0,0.08476388519666006,0.6209041723726005,0.015523440783990004,0.0817977193097099,0.07681716593865835,0.0,0.0,0.0,0.008485671829802316,0.09146983221609693,0.013326208408653215,0.0007734333035841468
s06M3722,0.0,0.0,0.0,0.002495894709918242,0.7648561894695793,0.0,0.14685736809497463,0.0,0.0,0.0059612555256305585,0.029907143910283745,0.0,0.0,0.04992214828961351,0.0
s07M3722,0.0,0.0037617213757961034,0.0019231771088873788,0.19389658146546038,0.06235123920005778,0.012436957670944623,0.13273538391668835,0.17537855986733641,0.0,0.0,0.0,0.03388929851203402,0.36807272559667953,0.014855715839453795,0.0006986394466617326
s08M3722,0.0,0.001524455225688021,0.0,0.0,0.00036747180738677383,0.0030244141562945697,0.0022423472039752655,0.009756450708883532,0.00043369498028986923,0.0,0.9735019379773737,0.003950011834496349,0.005199216105612097,0.0,0.0
s09M3722,0.0,0.0,0.0,0.0,0.0,0.0,0.0,0.9956348449072294,0.0,0.0,0.0,0.004365155092770537,0.0,0.0,0.0
s10M3722,0.0,0.008936053433522294,0.0,0.7334227761047558,0.0,0.0027403510343994007,0.0,0.22447527410813464,0.006362874085739818,0.0,0.0,0.01784162506708696,0.0062210461663610135,0.0,0.0
s11M3722,0.0,0.01745640360785523,0.0,0.016008045997663502,0.013970302909930944,0.016555572311690456,0.05502466293058244,0.7618348741738156,0.02298397444888714,0.004467270369596341,0.0,0.04526397950567736,0.04216029737588795,0.0,0.0042746163684130095
s12M3722,0.0,0.04231414768114786,0.0,0.07714336226342797,0.0,0.034706319108753984,0.0009605807049328526,0.5926497551958894,0.04635873322114271,0.012475005973459838,0.0,0.08002809111539276,0.10338448423540654,0.0,0.009979520500445876
s13M3722,0.004859270240824178,0.06923523498640635,0.0005763911682098048,0.07762451479684487,0.03496757775672997,0.04493295836562709,0.009411284788995123,0.3879654384844345,0.05362585122575924,0.02258997822313944,0.0,0.09583784427484271,0.17247245295736055,0.0014162278112609314,0.02448497491956512
s14M3722,0.00028732088655756383,0.030001884224283397,0.0,0.06760359399183136,0.0727070110458581,0.02344265258713533,0.054722046895072644,0.6152697976036706,0.011124950789719996,0.008882706199545561,0.0,0.03926366345695357,0.06588082836326051,0.0,0.010813543956111149
s01X3722,0.003595517038556644,0.020052912815877986,0.01673298175573743,0.13497633908398282,0.049972454439508575,0.034045593058199645,0.054521587110675944,0.14424155581629397,0.008508278489038255,0.017430600881658966,0.0,0.05173271693365109,0.4176354262633633,0.01368128937865627,0.03287274693479909
s02T3722,0.0,0.03497133937534319,0.0004851952346508604,0.0938793716075223,0.16654177200744197,0.010773541804109589,0.5523807930658047,0.0744543721186186,0.0037472905436155947,0.004464650732047096,0.0,0.009024017556743025,0.04722202016760432,0.0,0.0020556357864986345
s03T3722,0.0,0.005137600136776047,0.0012393495493436498,0.07225434225889237,0.33991245658735,0.020110849577549026,0.24276989675937627,0.08589279075021852,0.0042118967446631225,0.00646905830929118,0.0,0.02536276534823216,0.11907565060337931,0.07267106664721149,0.004892276727716861
s04T3722,0.0,6.032913791354502e-05,0.0,0.0,0.20053736080408063,0.0,0.7597555859198558,0.0,0.0002337916388391348,0.0,0.0,0.0,0.039412932499310764,0.0,0.0
s05T3722,0.0008370868962619116,0.0025961240486844024,0.01377200930023733,0.04542976782044059,0.6538787553344856,0.006244595928674355,0.1512683127577792,0.021345346343730972,0.003123850979654293,0.00297083033951493,0.0,0.0015877684561240988,0.026109446065335693,0.061817478396763936,0.009018627332312481
s06T3722,0.0,0.001286428418623486,0.0005345719688349757,0.0,0.6130055128888553,0.0,0.24608511660283863,0.0,0.0,0.0,0.0,0.0006574979177565044,0.13843087220309117,0.0,0.0
s07T3722,0.0,0.009593342226861637,0.0004823786839465248,0.007060078950434257,0.1285816393620189,0.0,0.6599209809049037,0.010738614798385254,0.0,0.001716330543828575,0.0,0.003350219844168154,0.17838255111207008,0.00017386357338294086,0.0
s08T3722,0.0,0.0011279861749874623,0.0,0.0,0.0,0.0025292499507660127,0.0015431857344330316,0.0,0.0,0.0,0.9943370911208255,0.0004624870189880529,0.0,0.0,0.0
s09T3722,0.0,0.0,0.0,0.0,0.0,0.0,0.0,1.0,0.0,0.0,0.0,0.0,0.0,0.0,0.0
s10T3722,0.0,0.007112687288591476,0.0,0.007844244698559603,0.009807004429079393,0.04095085100519676,0.011890920303131988,0.8618422594345628,0.0033190333080026684,0.0181654575186108,0.0,0.0270639565872817,0.012003585426982696,0.0,0.0
s11T3722,0.0,0.04075929329579175,0.0,0.04116903167631655,0.008165139670605859,0.04908591154395222,0.012965185127545378,0.4623173906673504,0.04597460359814723,0.014937014944731736,0.0,0.08110093101531311,0.08069810730982993,0.0,0.16282739115041597
s12T3722,0.002577360844778985,0.05237428226186624,0.008391345722831628,0.1127769076305123,0.07424125271137266,0.052231832850464135,0.03971400661521749,0.41354967780882684,0.029572018088457278,0.023516237676038356,0.0,0.0626650314694914,0.08208764391875714,0.007730257796295482,0.03857214460509003
s13T3722,0.0,0.020928503477470908,0.0,0.14434099765011194,0.00992227592084354,0.022901039111420825,0.041417596727273125,0.28028846517721107,0.008526490780332968,0.007551724646962092,0.0,0.02370175564580964,0.4375222224963598,0.0,0.002898928366204014
s14T3722,0.002579633206949374,0.02898718355604166,0.01623507712983419,0.15393026871546162,0.09672129837655583,0.03221443888532121,0.03957954250766726,0.4153411506684564,0.01577748000508174,0.02481704991731923,0.0,0.044685177726878675,0.06462441779684634,0.019774116881012417,0.04473316462657391
s15T3722,0.0,0.010215762519235751,0.036601604299870645,0.2854166902850711,0.08610727922528125,0.015495093636259685,0.046186142253033184,0.16854211237069555,0.006210142125752348,0.011896332715135571,0.0,0.02491770078223954,0.23880877226418873,0.03150111723124593,0.038101250291990796
s02M3822,0.0,0.0023556170465924018,0.0,0.02551092525852314,0.711522224560468,0.002375055152603649,0.1629581019931904,0.007820075873522663,2.7839138260161097e-05,0.0016108873946039798,0.0,0.0009049617882892555,0.0412586383557632,0.043586522364169974,6.9151074013131e-05
s03M3822,0.0,0.0013320254563038674,0.0,0.0052987677401946705,0.18888160025679268,0.0033438032921057083,0.7875826474901054,0.007933450803068579,0.0008276935564107276,0.0012658319107403135,0.0,0.0008107337624755777,0.00204930639229028,0.0,0.0006741393395118315
s04M3822,0.0,0.0015941744347935207,0.0025316278931874843,0.010452103029114587,0.19353302527020494,0.0026294384184127875,0.7229629022472401,0.006727113015360566,0.0004373383048980271,0.005599643214779552,0.012463421783209508,0.0005295523449014893,0.035823013687770695,0.002066007163895929,0.002650639192231013
s05M3822,0.0,0.0,0.0,0.052369615417610815,0.7236858979510595,0.0009687193669580225,0.035076520175348784,0.00031732714135074166,0.00016570654160083062,0.0,0.0,0.0,0.0,0.18329978821458892,0.004116425191482178
s06M3822,0.0,0.0012076012110682698,0.0013093859921615352,0.021591279583317517,0.155425930050843,0.00344616880669575,0.791207525527625,0.015155931444346899,0.001179117184491564,0.004095684477005152,0.0,0.0012563594161623566,0.0010445170333454991,0.0,0.003080499272937631
s07M3822,0.0,0.017865262770568983,0.003763488973767605,0.04563270078635802,0.03419759618892887,0.011491855046212947,0.05306042366997856,0.04071766521800553,0.023276853359587405,0.007014831335870203,0.0,0.011084966836274659,0.47159555523967484,0.003705785506775628,0.2765930150679968
s08M3822,0.0,0.0,0.0,0.0,0.0,0.0,0.0,0.0,0.0,0.4925995443617637,0.5074004556382363,0.0,0.0,0.0,0.0
s09M3822,0.0,4.729995622920423e-05,1.7516887105425654e-05,0.0,0.0,0.0,0.0,0.9999351831566654,0.0,0.0,0.0,0.0,0.0,0.0,0.0
s10M3822,0.0001857679553202595,0.04566246913473847,0.0,0.008481458414590255,0.006371959376880569,0.02514352744064224,0.009338459990214085,0.7803188929422983,0.0,0.004941742480928463,0.0,0.05445450953086359,0.0626148069121626,0.0008990339963313151,0.001587371825029775
s11M3822,0.00020294032482781133,0.029777436503188568,0.0,0.006834351456805316,0.002703453284919129,0.009127727290220095,0.005672798955777474,0.8290441898732165,0.0035108126996230365,0.002882803136840627,0.0,0.045579699523941114,0.061058895713317796,0.0011864569631973654,0.002418434274125337
s12M3822,0.00207091198993792,0.035898737384160516,0.01432083756527667,0.1251388016911782,0.034966445492850114,0.016357712665495402,0.025542324385388063,0.34496989451253973,0.009702218106232377,0.01662535689561488,0.0,0.03711304596343602,0.2909452734874643,0.017658375337703876,0.028690064522721707
s13M3822,0.0053308642057627005,0.03197418781278417,0.0058235919382884395,0.14330108226447064,0.0654167573401361,0.028464839394109768,0.05881016343249718,0.24108941205147538,0.0008227383171094116,0.02272670734287477,0.0,0.029128315512278763,0.31995867414356916,0.010178657781330262,0.03697400846331344
s14M3822,0.0030037680741157122,0.017208389374069114,0.0185396306194326,0.1674328675951613,0.07852201662922528,0.0215190052124735,0.05361261272456953,0.2155888680458955,0.0,0.021948603322908634,0.0,0.05113560275741936,0.2939204963305201,0.019098411271530988,0.038469728042678335
s15M3822,0.006600833355105655,0.016776428373563343,0.009432989585699221,0.12901970961952405,0.06692989579109485,0.03173883360178008,0.05908880532621861,0.16264802800546757,0.013614666579541634,0.019138439661432954,0.0,0.03200931155323602,0.4031700512176799,0.012721248709420993,0.037110758620235045
s01X3822,0.0,0.0059449807015928575,0.0035445103404261416,0.09441259770035217,0.06822353240866887,0.0002565335633670607,0.6002999680773797,0.0054228460576802055,0.0,0.0010616852023506704,0.0,0.0017786613899875771,0.2011517456522795,0.0,0.017902938905915215
s02T3822,0.0025776593166607327,0.027716336503655133,0.004881336058938396,0.05833998479638967,0.19451713576946394,0.03377676956509329,0.16649911553621066,0.05576022980004556,0.03342706263534999,0.011351934955765966,0.0014149193845263705,0.007874525871508282,0.3791822814844907,0.0009705962263025637,0.021710112095599005
s03T3822,0.0,0.0047001147571026,0.0,0.037638336311747636,0.5620875506209592,0.0,0.13850575291885436,0.012862613353034617,0.00017339169553399095,0.0,0.0,0.0012057636643803722,0.12249278297250683,0.1194265312209011,0.000907162484979176
s04T3822,0.0,0.0,0.0,0.0,0.30724553558921214,0.0,0.6925234593350046,0.0,0.0002310050757833015,0.0,0.0,0.0,0.0,0.0,0.0
s05T3822,0.0,0.0,0.0,0.0,0.5469540875202656,0.0,0.4424649641008794,0.0,0.0,0.0,0.0,0.0,0.0,0.010580948378855032,0.0
s06T3822,0.0,0.0002631001283476882,0.05479234168819079,0.29172754844234683,0.3233577135556681,0.007316614027174214,0.15259155317128792,0.04566205821554565,0.0,0.005770041807699956,0.0,0.0012541078496362348,0.04268634610322496,0.04152504795861628,0.03305352705226148
s07T3822,0.0,0.004187631493677315,0.022076550373628885,0.13483137583894023,0.15086079822239698,0.007246837782672604,0.5010535143473903,0.039222986998220896,0.002178591005616444,0.004448250221720814,0.0,0.00822730861512759,0.08670545598559669,0.020769125295330062,0.018191573819680985
s08T3822,0.0,0.0,0.0,0.0,0.006426719528781217,8.764305996871169e-05,0.0035494761394375893,0.0009883318406019976,0.0,0.07543692929758798,0.9124768131763493,0.0010340869572731744,0.0,0.0,0.0
s09T3822,0.001589831475628639,0.02820883024839817,0.0,0.008119427853342928,0.009773721824507274,0.035547220475264374,0.010530671903587217,0.6780806024137126,0.007676619834616211,0.07595267305188648,0.08424062888927486,0.03502278600346655,0.022316989722985094,0.00017126099912125048,0.0027687353042085343
s10T3822,0.0037523034223451877,0.06797850477255034,0.0,0.006307645972803213,0.005205432512451343,0.03583238049780221,0.10170935630908222,0.4978724004708158,0.02787355047941516,0.05274035279408104,0.05894166298330544,0.10368477739897708,0.02973240637981962,0.002200108568600392,0.006169117437950884
s11T3822,0.0,0.006856934596141424,0.0,0.0,0.6380421624842249,0.0020391758021976528,0.2645696157506368,0.05820328989275572,0.0015830581791357798,0.008025732277308274,0.011951250469026566,0.00525547758138022,0.0,0.0034733029671927744,0.0
s12T3822,0.005169389653910569,0.06500170145776821,0.0,0.036981367398792354,0.07195872332908465,0.034682365887499914,0.04619670746867158,0.45831586639947675,0.026450167833189913,0.06250980871885067,0.043211160726790085,0.08142799937891307,0.03728623436897329,0.015478360768880733,0.015330146609198228
s13T3822,0.0030898194298691894,0.05010611303897559,0.0,0.007119347724452212,0.040228991248340625,0.02870409071724759,0.05532549160020282,0.546757664058522,0.010117379232482838,0.06858807649551604,0.04721042607119131,0.05529391687676254,0.018398255658456063,0.0,0.06906042784798118
s14T3822,0.0051022026101988135,0.1027990095073942,0.0017523289091141633,0.028876056045448923,0.03460416073354781,0.021714275949326813,0.013912529956526906,0.4062658148643686,0.006481808940983713,0.04214513324709964,0.011697210659102281,0.0755201874118343,0.23178387698498698,0.003876082881447786,0.013469321298619217
s15T3822,0.003157255932442752,0.04503364655748151,0.0,0.0,0.0,0.008954623617193036,0.030051148361906834,0.12999235260019182,0.0,0.019201894885304088,0.004736885772744985,0.054196985858555195,0.7019018053853048,0.0027734010288750087,0.0
s02M3922,0.0,0.0006666997791199852,0.0,0.0622317604405255,0.6928082105303466,0.002906231682008722,0.03322469645992146,0.004633639200224722,0.0032601460060974383,0.0,0.0,0.002329320433137793,0.001214484018730629,0.18583753933576602,0.01088727211412096
s03M3922,0.0013350281340369643,0.003073190653812591,0.0,0.1302441313850318,0.2145116277325516,0.06877478589078986,0.149818813823214,0.15975256224103715,0.018090235060699303,0.02201175859171324,0.0,0.04452485126120255,0.14761262801326025,0.0,0.040250387212650715
s04M3922,0.0,0.002513856658575087,0.002114429669062162,0.037504902906684755,0.6086382745504963,0.023642712579621725,0.24071579441007096,0.030051010664146928,0.009075039865747765,0.005755499979530212,7.980818851223878e-05,0.004544952666610525,0.020698324086762997,0.0,0.014665393774178406
s05M3922,0.0,0.0023544978415680016,0.0007284516243751687,0.02627561663966868,0.6784400486983361,0.012125006247225924,0.17756819422383868,0.018296714375713088,0.007082206331672832,0.0032581787045580855,0.00038225236103198954,0.0026049024064647426,0.05062162307675362,0.011819027713015908,0.008443279755777204
s06M3922,0.0,0.005443536148393411,0.010073250473860745,0.08271410989080812,0.7137328073146679,0.018024586628604584,0.05007755319309342,0.037304622650460834,0.007441260629679685,0.008150534435924558,0.0014547963611137443,0.00852206827308077,0.017654674144656227,0.01029806557771709,0.029108134277938815
s07M3922,0.0,0.018428855496979445,0.0,0.10690347542520125,0.14977276038256498,0.025465438908834244,0.2665147599997643,0.10113236293077904,0.026925205972645177,0.007647010340908346,0.0,0.02689277293852282,0.22835177976327847,0.0,0.041965577840521885
s08M3922,0.0,0.0,0.0,0.0,0.0,0.00020130723539930044,0.0004711612375088476,0.0,0.0,0.0,0.9992553474119635,7.218411512837821e-05,0.0,0.0,0.0
s09M3922,0.0,0.039107965514527526,0.0,0.0,5.580599698838783e-05,0.008509411603791369,0.0011567259048513698,0.9314051867142883,0.0,0.0,0.0,0.01517732177758069,0.00458758248797252,0.0,0.0
s10M3922,0.0,0.013932028747911152,0.0,0.0,0.0,0.0007954001918869764,0.00041392709913719674,0.9815263381809808,0.0,0.0,0.0007794102585387425,0.002552895521545196,0.0,0.0,0.0
s11M3922,0.0,0.030451582753835117,0.0,0.0,0.0,0.00015319977712261143,0.0,0.9443632255160724,0.0,0.0,0.0,0.025031991952969866,0.0,0.0,0.0
s12M3922,0.0,0.08560340264717975,0.0,0.0011096983679357098,0.025849106716034322,0.01107462493410339,0.0030433676512046214,0.7743874372050094,0.011206330322163933,0.008635119839294134,0.0,0.026166446055716042,0.051305281059929354,0.0,0.0016191852014294367
s13M3922,0.0,0.04366643808148242,0.0,0.0,0.0036021676216043464,0.007388755550435984,0.0005726889310034871,0.9000011295291914,0.0005260533760861185,0.0,0.0,0.016633855540802565,0.027608911369393658,0.0,0.0
s14M3922,0.002662697199684636,0.07291684355593166,4.13817882423827e-05,0.0057200658893352616,0.08340055185009342,0.02694060683230352,0.004718268611132696,0.7099427576323448,0.0034974383296432084,0.009676608098486344,0.0,0.018155605246778513,0.05862658280346556,0.0,0.0037005921625580035
s15M3922,0.0007865620360741148,0.08004700365291359,0.0,0.0,0.004191945552651098,0.023340485076608193,0.007847470808614162,0.7731729861292822,0.0,0.0,0.0,0.003272334927210225,0.10581309894221021,0.000801042526179324,0.0007270703482566009
s01X3922,0.0,0.015119657410211122,0.0,0.14540723469523031,0.15526880186918832,0.08381368585836721,0.1209223983732937,0.14583817131171908,0.039722598046174,0.01584264283524193,0.0,0.04569548227611094,0.1699466538746024,0.0,0.06242267344986103
s02T3922,0.0,0.0026589068647439153,0.007827964729939303,0.015983896162393756,0.8226146943416552,0.003041244644255864,0.0900224797124215,0.005325307101044446,0.001123656070604519,0.0,0.0,0.0005547633571912555,0.0062018374906823714,0.03513520648976855,0.009510043035299105
s03T3922,0.0,0.0013414115458436622,0.0,0.04939675869060663,0.4590087927479558,0.007274145002445708,0.3282229890243541,0.012756509020228535,0.0009750309966833992,0.0011844820442073643,0.0,0.002189475293214824,0.027666431155921514,0.0913944727356921,0.018589501742846216
s04T3922,0.0,0.0,0.0,0.0,0.26958363282438386,0.0,0.7297555659859188,0.0,0.0,0.0,0.0,0.0,0.0,0.0006608011896972656,0.0
s05T3922,0.0,0.0023293598096341224,0.0,0.0030542074749873704,0.20299344510150844,0.002468691252273743,0.7387994612848429,0.006866493622036782,0.0005141618851214517,0.001336096240559615,0.0,0.001863624908290159,0.036618287750461075,0.0,0.0031561706702844796
s06T3922,0.0,0.0,0.0,0.0,0.4672972597736489,0.0,0.5043151366170326,0.0,0.0,0.0,0.0,0.0,0.0283876036093185,0.0,0.0
s07T3922,0.0012780423907887053,0.006271206681381909,0.005608858839293718,0.11071702423543582,0.2985969234155062,0.04911292043700012,0.2234240771546464,0.10020199929251071,0.024691055954718284,0.015554364198169912,0.0,0.008167872002604685,0.12235517538564121,0.0014649890490094299,0.03255549096329289
s08T3922,0.0,0.0,0.0,0.0,0.0,0.0,0.0,0.0,0.0,0.39226459146590886,0.6077354085340911,0.0,0.0,0.0,0.0
s09T3922,0.0,0.0,0.0,0.0,0.00041890532239747885,0.0,0.0,0.9995810946776026,0.0,0.0,0.0,0.0,0.0,0.0,0.0
s10T3922,0.0,0.0,0.0,0.0,0.0,0.0,0.0,1.0,0.0,0.0,0.0,0.0,0.0,0.0,0.0
s11T3922,0.0,0.0572680586849018,0.0,0.0,0.0002670556156956134,0.0,0.014616760646211379,0.8919577037106209,0.0,0.009017653314790073,0.0011039895864999516,0.02498331062025153,0.0,0.00023296096539101205,0.0005525068556378677
s12T3922,0.0,0.07322120884609183,0.0,0.0374339347355568,0.3881732496901826,0.002968921096669879,0.006140551466746848,0.3212835008594696,0.004887355979169635,0.004224218711889974,0.0,0.041210970162209384,0.0,0.11609677962323327,0.004359308828780285
s13T3922,0.0,0.03833782042785465,0.00016338354600213407,0.0,0.0,0.0,0.0,0.9249984658367268,0.0008853325658966884,0.0,0.0,0.03521764404002823,0.0,0.0003973535834912357,0.0
s14T3922,0.0,0.040281071802125215,0.001259873327201791,0.003285536315011991,0.016617251433049894,0.0008911745880710369,0.003367267681112447,0.8467094620993263,0.0,0.0033986474253858644,0.0,0.01806545655493535,0.06358186708612587,0.0020346163152655384,0.0005077753723888354
s15T3922,0.002227081807530846,0.041636907761671706,0.0014351139684248585,0.046767388752719505,0.03304432627996869,0.027393349823762212,0.034148262471206337,0.5663217606218174,0.003061076637836314,0.013447102424133092,0.0,0.04567814950184354,0.17096637182145974,0.001571127989972335,0.012301980137653564
s02M4022,0.0,0.0012132493869486092,0.0,0.0,0.5726060346205886,0.0004509770108461541,0.4211982391065111,0.004055353151823787,0.0,0.00026155945081936325,5.784695826609698e-05,0.00015674031419630287,0.0,0.0,0.0
s03M4022,0.0,0.002629874913122222,0.0,0.0028680395395367262,0.3760205147260005,0.000377238735184295,0.5278345928762057,0.0,0.0,0.0,0.0,0.00034908112220893254,0.08110258428662882,0.0,0.008818073801112871
s04M4022,0.005645427421224488,0.000831252048059494,0.02240333784253883,0.10659957465836484,0.45282166530078943,0.007705247844864005,0.12483212229354242,0.031179216885299347,0.01186070881383501,0.0036513774067401727,0.0,0.0029492644605284245,0.06748915173093831,0.1218902449501723,0.04014140834310304
s05M4022,0.0,0.0008993228152731149,0.0,0.046233812206067496,0.7274471930348242,0.0034833294370977467,0.0733015641970871,0.006432466462868287,0.0,0.0,0.0,0.0009876370451859348,0.0,0.1302991072183474,0.010915567583248617
s06M4022,0.0,0.002936138141474586,0.0025310796730217966,0.040639777095758826,0.5997417837092157,0.013864184387420415,0.2250249871763524,0.04094585293594603,0.0010768109351802372,0.005358887224003373,0.0,0.0057447521241335295,0.04862587018189459,0.0015020775905598956,0.012007798825038966
s07M4022,0.0,0.0026613998572103596,0.0023755315976758326,0.10286832523574026,0.5631820542509822,0.01827979156713232,0.08206871363502305,0.06252387888334877,0.0016021369417578775,0.008477704161498758,0.0,0.004893625713032978,0.09135486071150566,0.012154422173657997,0.047557555271433946
s08M4022,0.0,0.0,0.0,0.0,0.0,0.0,0.013080325366207745,0.0,0.0,0.6717076111620942,0.31521206347169806,0.0,0.0,0.0,0.0
s09M4022,0.0,0.007885129074624953,0.0,0.0,0.0,0.006497902003969903,0.14184055765449616,0.8018716650074251,0.0,0.013094987533027857,0.0,0.0023468170700304213,0.026462941656425716,0.0,0.0
s10M4022,0.0,0.0065509553272313555,0.0,0.0,0.004095469548104651,0.02234668399987205,0.006793191354245137,0.9206807455948953,0.0,0.014924310833320195,0.0,0.0034431385249176333,0.020900984181830593,0.00026040182459082504,4.118810992206831e-06
s11M4022,0.00014727015210971923,0.011733915344824571,0.0,0.002180152940582734,0.003607072052950393,0.01377671393813082,0.0039476067984977525,0.9180108510155143,0.0,0.008880567131575923,0.0,0.006496977988149661,0.030462714661304697,0.0,0.0007561579763592687
s12M4022,0.001993062884227875,0.01611618807998151,0.0012587138581983495,0.018907720193838757,0.004371273231840399,0.0,0.001321608076835615,0.9309971354565258,0.00024127272556029075,0.005475623283323916,5.905023993376604e-05,0.004223252706634022,0.009939251091292206,0.0007416056700612964,0.004354242501746317
s13M4022,0.0026228220891166836,0.009138696629100985,0.000693179539772628,0.01838333593349208,0.005513716303100396,0.0017176198157782124,0.005146004488134575,0.9177031481877287,0.0,0.0070504404312075756,3.385369554359937e-05,0.0008991135533282006,0.023966320809781415,0.000827244486634427,0.006304504037280648
s14M4022,0.011600234110798293,0.07025315108093422,0.005424163868560737,0.07807888644951397,0.06872004187418429,0.0030812670730076936,0.007946307965792886,0.6422467106287251,0.007233102332440066,0.021863033400048363,0.004834916401611547,0.02271476822591881,0.027892079934409373,0.006578941931296212,0.021532394722758745
s15M4022,0.003569783641714619,0.026118190825377988,0.002349345456422797,0.10904013562832052,0.0700908773707557,0.06989400151183937,0.06272541489712442,0.3321102681508378,0.007602222962398436,0.01765581894319729,0.0,0.030141770624575806,0.23631170941371318,0.004235625914851996,0.028154834658870077
s01X4022,0.0,0.004172008429743063,0.008267528762442885,0.08056926963249286,0.6712464256185318,0.03176433535640544,0.048360032893530164,0.053086170386673896,0.0149290417743166,0.017633803403902498,0.0,0.005195208731532393,0.03429933300999373,0.0,0.030476842000434722
s02T4022,0.0,0.0023402047609143105,0.0,0.0,0.7090239352098111,0.0,0.2565228747211634,0.0,0.0,0.0,0.0,0.0003856532103637114,0.0317273320977475,0.0,0.0
s03T4022,0.0,0.0,0.0,0.03705993854943792,0.7796837791510832,0.0,0.013818537230597082,0.0,0.0,0.0,0.0,0.0,0.0,0.16943774506888168,0.0
s04T4022,0.0,0.0,0.0,0.0,0.9571635337645387,0.0,0.042836466235461314,0.0,0.0,0.0,0.0,0.0,0.0,0.0,0.0
s05T4022,0.0,0.0,0.0,0.0,0.5271978110665889,0.0,0.4542797823867374,0.0,0.0,0.0,0.0,0.0,0.008032937341709236,0.010489469204964446,0.0
s06T4022,0.0,0.0,0.0,0.0,0.723296205210906,0.0,0.27670379478909407,0.0,0.0,0.0,0.0,0.0,0.0,0.0,0.0
s07T4022,0.0,0.0057709479593694,0.0021684152774564965,0.04124601692762323,0.5697765469676374,0.0013805308641304925,0.2322339635905384,0.013438438916601705,0.0006381700993748864,0.001682478164522153,0.0,0.0009611287420796066,0.08281651152057806,0.03889413223199604,0.008992718738092263
s08T4022,0.0,0.0,0.0,0.0,0.0,0.0,0.0,0.0,0.0,0.7965374637620809,0.2034625362379191,0.0,0.0,0.0,0.0
s09T4022,0.0,0.0,0.0,0.0,0.0,0.0,0.0,0.986557469901809,0.0,0.01344253009819089,0.0,0.0,0.0,0.0,0.0
s10T4022,0.0,0.013766629456451608,0.0,0.0,0.0,0.031919219492668904,0.004258955829095388,0.7536735050021173,0.0,0.02439263749391588,0.0,0.0,0.17132412509204345,0.000664927633707374,0.0
s11T4022,0.0,0.004819533248047742,0.0,0.0,0.0,0.0015722328732338331,0.0,0.9057078776145236,0.0,0.08790035626419476,0.0,0.0,0.0,0.0,0.0
s12T4022,0.0,0.1516527213735052,0.0006274155093039535,0.012102529936532384,0.0646921894112897,0.019710305093789463,0.00617469808721672,0.4870693903788077,0.023383009428280963,0.10666182615364968,0.0,0.03916208581656951,0.08416916107201142,0.0,0.004594667739043473
s13T4022,0.0033989774854054386,0.06038757752486185,0.00948846383707629,0.08049795973178542,0.029642416542928568,0.03319998613383078,0.006953920863422741,0.5768458607910791,0.008048735229026065,0.09763055272052686,0.0,0.02675759701545745,0.04045621031168992,0.00968573858658696,0.017006003226322543
s14T4022,0.008741007505210605,0.0677730871499179,0.014377152176726565,0.12464906502797084,0.0932140241242345,0.007094700265203182,0.010697938586817553,0.31248245133340274,0.010897898039437496,0.07680533248781031,0.000157762734525819,0.03647972657191456,0.18956164793504965,0.021705770964986,0.025362435096792424
s15T4022,0.005679656499630789,0.024175478335127447,0.005294439917690673,0.117648042179981,0.07262009668737554,0.04944323853391887,0.09662376682684042,0.426811237507216,0.0016368273675178495,0.0396506012403547,0.0,0.060104483523290654,0.06777914861516698,0.0059245959753165545,0.026608386790572668
s02M4122,0.0,0.0005694800951329635,0.042879551629780965,0.2661537681119387,0.2543121052206188,0.03248837389645334,0.07018148485634809,0.10055179808870988,0.0030350733713837646,0.014943630466338344,0.0,0.004734023433136275,0.13334374174315586,0.03428859650149438,0.04251837258550873
s03M4122,0.0,0.0,0.02314638057456516,0.1535935404806076,0.3342663988847521,0.0040106197466406495,0.4137603126705107,0.03886271050252302,0.0,0.007082079892925526,0.0,0.0014713237111320466,0.006972122641531132,0.0,0.016834510894811992
s04M4122,0.0,0.0,0.028147063853553145,0.3021829234588858,0.17626901674647485,0.029927370256762967,0.08205821144629831,0.13692385704291618,0.0,0.0010351809424509752,0.0,0.011088903212259547,0.19682659155580318,0.018153151588608554,0.017387729895986526
s05M4122,0.0,0.0,0.004599723735941726,0.014550881364543009,0.17861606170046213,0.0013023988259005508,0.7880444013977589,0.00216970979033943,0.0,0.0013319917299312737,0.0,0.0,0.005067704664489485,0.003718837600133513,0.0005982891905000493
s06M4122,0.0,0.0015531582798137137,0.07341580851462678,0.332705671786309,0.3178652791718136,0.0045226714765772905,0.02579383451275856,0.04841651658919334,0.0,0.007204069229591854,0.0,0.0013550809096399593,0.07428920742040557,0.07149797976058449,0.04138072234868579
s07M4122,0.0,0.003414263898713707,0.015179646066117651,0.11979199451126211,0.31876666031911305,0.038113117709096665,0.2603941821460074,0.0877367860579164,0.0015967556319272374,0.01171869079744537,0.0,0.0117821622125657,0.060094274422436346,0.04844853637877417,0.022962929848624337
s08M4122,0.0,0.0,0.0,0.0,0.0,0.0,0.0,0.0,0.0,0.9574229652911816,0.04257703470881824,0.0,0.0,0.0,0.0
s09M4122,0.0,0.0014146973897922826,0.0,0.0,0.002071298387508801,0.005659508792502871,0.0025479251321015783,0.8771246277167981,0.0,0.09582861035490732,0.0,0.0,0.015315170575333164,3.8161651055740565e-05,0.0
s10M4122,0.0,0.0,0.0,0.0,0.0,0.0,0.0,0.9635592766313769,0.0,0.03308491117355134,0.0,0.0,0.0033558121950717492,0.0,0.0
s11M4122,0.0,0.0,0.0,0.0,0.0,0.0,0.0,0.9592314208134065,0.0,0.040768579186593386,0.0,0.0,0.0,0.0,0.0
s12M4122,0.0009096002419920052,0.012227872617466605,0.0008884744062547887,0.010020971384573507,0.003668859789543343,0.0,0.0020961186000583608,0.8816661827309721,0.00026073310234606475,0.054508612174151455,0.0,0.000839731123563955,0.027314682972894695,0.0009886831483211834,0.004609477707861892
s13M4122,0.0005200408100327857,0.02204655630329014,0.0018394565019890594,0.015276879182129936,0.011475389254624614,0.0,0.0011203520589532477,0.8748483480609431,0.0,0.03960495135598152,0.0,0.0022159290258507917,0.025134363198846925,0.0016778383713875258,0.00423989587597056
s14M4122,0.0,0.08457586936189199,0.01810960988774065,0.10132486139081497,0.06316333361555918,0.012069551593807943,0.006836741583770077,0.48201003570289686,0.0034581433111674897,0.037334016972617415,0.0,0.015936089933883596,0.1452621183458475,0.015950629633307206,0.01396899866669511
s15M4122,0.0018623587725052296,0.014080857664657652,0.007382503751157562,0.06352658825289846,0.010963224918776944,0.06734236768339244,0.01623159172832087,0.4861192606694295,0.0,0.029676140680468692,0.0,0.010922000918303938,0.27284591314172674,0.009325472214995103,0.009721719603366812
s01X4122,0.0,0.0033175380606631196,0.010249622750751555,0.2203531983277091,0.09689490593408254,0.08668585476611822,0.1257605066324622,0.17491985635559823,0.002658003469120952,0.013231279528070293,0.0,0.03335100911481214,0.20975589917205562,0.0018686442048751735,0.02095368168368099
s02T4122,0.005133754639983239,0.0042867414027003,0.001709358747150572,0.10861585998560294,0.23812119208022006,0.19797104153286846,0.08487032694329391,0.1572363784588756,0.022204379137791195,0.026394994086130406,0.0023006731457797408,0.03609693136085977,0.08429188376656387,0.0,0.030766484712180076
s03T4122,0.0,0.0,0.0,0.0,0.6186625299705071,0.00236254467205823,0.35001428309702914,0.0005015887058024329,0.0,0.0005343765191107557,0.0,0.0,0.027924677035492333,0.0,0.0
s04T4122,0.0,0.0,0.00806173153165497,0.005839476385599874,0.764014296388708,0.05792224262170217,0.10109744696192849,0.014470773327422425,0.007299161325871607,0.005254671796173309,0.0,0.00033417566669842735,0.03537397857737175,0.0,0.0003320454168690828
s05T4122,0.0,0.0,0.0,0.0,0.8413671514673877,0.0006276343064038152,0.08585895332486854,0.007952261216074057,0.0,0.0017338290825765952,0.0,0.0,0.06246017060268917,0.0,0.0
s06T4122,0.0,0.004769922166798248,0.0013733016380065612,0.045443639425294335,0.6808362706092126,0.03772047014870552,0.02864837080564829,0.12528105032305628,0.005044764452446615,0.01263049993064029,0.0010064011572234704,0.017785156108366725,0.029764428948893036,0.0,0.00969572428570811
s07T4122,0.0010148970835846046,0.0035710047627489964,0.0,0.07278109620278501,0.23803679800552147,0.08330167868399896,0.19562424914247734,0.19282502791900696,0.00433619236839132,0.016841644162553307,0.0,0.03364318579554408,0.13786851872718056,0.0,0.020155707146207347
s08T4122,0.0,0.0,0.0,0.0,0.0,0.0,0.003673043868518539,0.0,5.0530548339644137e-05,0.8698765664291681,0.12639985915397361,0.0,0.0,0.0,0.0
s09T4122,0.0,0.0,0.0,0.0,0.0,0.00303884519158197,0.0029932025820121637,0.9576565391501227,0.0,0.03631141307628318,0.0,0.0,0.0,0.0,0.0
s10T4122,0.0,0.0,0.0,0.0,0.0,0.0,0.0,0.9983817666197176,0.0,0.0016182333802824962,0.0,0.0,0.0,0.0,0.0
s11T4122,0.0,0.0,0.0,0.0,0.0,0.0,0.0008707099161174622,0.9819889558473116,0.0,0.01714033423657088,0.0,0.0,0.0,0.0,0.0
s12T4122,0.0001237272064723689,0.011398067331237672,0.00035044646451846164,0.0026735385312798045,0.0036581006713436288,0.0,0.00031051848715951273,0.9333367842585909,0.0,0.04609510900139067,0.0,0.0,0.0,0.0006331803872773159,0.0014205276607296452
s13T4122,0.0,0.0,0.0,0.0,0.003952267274628638,0.0,0.0,0.991290251957916,0.0,0.004757480767455497,0.0,0.0,0.0,0.0,0.0
s14T4122,0.0,0.004458643305718403,0.0005734355510622841,0.0,0.0034659225079581154,0.0,0.0007020003259577961,0.966574674696038,0.0,0.003321384635507162,0.0,0.0,0.020202905136855624,0.0007010338409027244,0.0
s15T4122,0.0010319779691797648,0.005858102977249378,0.0,0.0,0.0010239307576925788,0.0,0.007813022703638381,0.8452053323515797,0.0,0.007384312713520299,0.0,0.0,0.129894870913301,0.0,0.0017884496138390023
s02M4222,0.0007537294508346843,0.0190136100543192,0.04688398486068578,0.2438723374469016,0.22158975197247943,0.0453893634720826,0.0610346910950466,0.14121538403302147,0.0,0.014389230809303667,0.0,0.01991194383947874,0.09753700297682973,0.055747015439983116,0.03266195454903332
s03M4222,0.0,0.0,0.0,0.0,0.2535487514451238,0.00013198774918970276,0.7193438002285693,0.0,0.0,0.0023876690470200513,0.0010118932064279178,0.0,0.023575898323669346,0.0,0.0
s04M4222,0.0,0.0,0.0,0.0,0.956417166923133,0.0,0.0434528625853766,0.0,0.0,0.0,0.00012997049149030666,0.0,0.0,0.0,0.0
s05M4222,0.0,0.0012712449708233995,0.005798114705664429,0.009359165003975812,0.6678126317206121,0.0038496454139395364,0.24599130138949388,0.05413642614345795,0.0028415353786916866,0.005715806085459634,0.00025767904562726393,0.001384245698985866,0.0003092671142498065,0.0,0.0012729373290185984
s06M4222,0.0,0.0,0.0034188164401784816,0.0,0.13215363492015367,0.0,0.8508403898237242,0.004907597850603166,0.0,0.0,0.0,0.0,0.007756576468192331,0.0009229844971482124,0.0
s07M4222,0.0,0.001366798448249849,0.0,0.04565991621454594,0.5078839035917259,0.02816374355348582,0.21937753165176413,0.02808971588222557,0.0006322460766870989,0.0011389337149130905,0.0,0.0059427318984085434,0.020230902476342665,0.1377478087434658,0.003765767748185511
s08M4222,0.0,0.0,0.0,0.0,0.0,0.0,0.0,0.0,0.0,0.8802718362606666,0.11972816373933325,0.0,0.0,0.0,0.0
s09M4222,0.004393441214519368,0.010012827808810503,0.0,0.023403278544345513,0.003422451050299161,0.3008405810256343,0.004828511785061826,0.20753117480717365,0.0014624226936626138,0.4105494202664012,0.01057587065037759,0.0,0.01395572096780241,0.0008990421940341187,0.008125256991877744
s10M4222,0.002296849188317768,0.021276174045821626,0.0,0.009206842503881173,0.0,0.14331326549978238,0.036417999590361363,0.3089053964967354,0.0,0.2243013069528526,0.0,0.0029657422927973193,0.24187056262866058,0.0018787646378148233,0.007567096162974923
s11M4222,0.0031136138550410556,0.022169153573375868,0.0,0.01631481160245625,0.0,0.08603136967048097,0.010516940726403686,0.46456500502735154,0.0005689285155142574,0.19502040112358857,0.0,0.0032983996601233276,0.18895157035346058,0.0010890813694404684,0.008360724522763367
s12M4222,0.00010302916117435356,0.03212158761949859,0.0002352851699107683,0.005991600629622502,0.06001599348027665,0.02827246551935259,0.3240588781021061,0.2596505894478154,0.004157816565013812,0.2409582684153432,0.0,0.007674759623826565,0.03250517046731326,0.0,0.004254555798746457
s13M4222,0.001575727418862706,0.03425750943169792,0.0011725516484662783,0.027022058363537327,0.10280633491755503,0.05932532414331554,0.034629914713536866,0.34934900289457615,0.0011429790561212365,0.3188821060361269,0.0,0.012029154282190006,0.05125086836939802,0.0,0.006556468724615937
s14M4222,0.01151990085615283,0.13198703207211276,0.009650049826224307,0.03370717103213612,0.1147257631107807,0.05476507797258126,0.022032344252668916,0.3971513504365707,0.007538766055732206,0.04120985820799604,0.0,0.03340611605443583,0.10419195255602624,0.015302902022227515,0.022811715544354575
s15M4222,2.714743150191515e-05,0.006907772575026978,0.0,0.16667341535717609,0.06934549744147468,0.1236406776704657,0.1074514188411704,0.29942771422425835,0.0,0.07030936042947482,0.0,0.03805174881334209,0.09970476331815217,0.0,0.018460483897956962
s01X4222,0.022079932606248735,0.002007905026017563,0.0,0.37498268422127756,0.23021065430065527,0.00674470878676536,0.14536024626134597,0.008673002702124894,0.0,0.08533527729872582,0.0,0.006498343416448429,0.11810724538039034,0.0,0.0
s02T4222,0.0,0.0,0.0020006642411756663,0.009436050381210924,0.7670512936443418,0.005290045829638277,0.09359248698751424,0.021615983217497768,0.0,0.0029104350210472853,0.0,0.009738160705390303,0.08836487997218384,0.0,0.0
s03T4222,0.0,0.0,0.0004491926215493754,0.02224455840505478,0.70176721040885,0.00022650239195451657,0.1451392555031786,9.012616882311483e-06,0.0,0.001479748696771492,0.0,0.0,0.128684519355759,0.0,0.0
s04T4222,0.0,0.0,0.0,0.0,0.793757259079369,0.0,0.16766018764798782,0.0,0.0,0.0,0.0,0.0,0.038582553272643094,0.0,0.0
s05T4222,0.0,0.00022891848889615736,0.0022973773805246194,0.0,0.27442271662178364,9.446987233189878e-05,0.7220470484311726,0.0,0.0,0.0,0.0,0.0009094692052909288,0.0,0.0,0.0
s06T4222,0.0,0.0,0.0,0.0,0.2574838699417448,0.0,0.7400300534146907,0.0,0.0,0.002486076643564419,0.0,0.0,0.0,0.0,0.0
s07T4222,0.06714419770756808,0.0,0.0,0.4333221435502186,0.16892813789796082,0.016021129387562724,0.2593548608709019,0.02073542198246047,0.0,0.018427162649671876,0.0,0.004067819186731137,0.01199912676692442,0.0,0.0
s08T4222,0.0,0.0,0.0,0.0,0.0,0.0,0.0,0.0,0.0,0.9481065165299325,0.051893483470067475,0.0,0.0,0.0,0.0
s09T4222,0.0,0.005566190723809016,0.0,0.0,0.0,0.0991870162300412,0.0024229713250425748,0.07444995483580073,0.0,0.7357426586915652,0.0,0.0,0.08263120819374123,0.0,0.0
s10T4222,0.0003014265094369106,0.009038461724283289,9.289653443369798e-05,0.0,0.0,0.14725661636534715,0.01618835599564777,0.5277665084600519,0.0,0.24941910851254845,0.0,0.0016786363334537948,0.04397508001106895,0.0026271920584979088,0.0016557174952301185
s11T4222,0.002033126923907353,0.01894969746874344,0.0,0.00708885853997506,0.0037867230512683265,0.1157847229463858,0.019754009737035824,0.4765755405823216,0.00014576161728178689,0.30683437449723505,0.0,0.0,0.04196433947673228,0.002501647198721411,0.004581197960392263
s12T4222,0.00029515847551986107,0.04369429480297561,0.002279549577083406,0.0,0.01673806068482033,0.12278752255887193,0.016176677500152406,0.541418885292189,0.0011606104639728275,0.19941481310671283,0.0,0.008098126778826943,0.04490061769017774,0.0009723259017089671,0.002063357166988059
s13T4222,0.001244051454181015,0.024107271453517196,0.0004377235415044381,0.006360304802402787,0.009017142983990395,0.10691745058035981,0.014996178056043275,0.4692973179355528,0.004997687467545659,0.28618554057933704,0.0,0.009130836688451023,0.05889495340513092,0.0034059095165356805,0.005007631535448166
s14T4222,0.0039061068204423546,0.12257362033473646,0.006273448802961879,0.05203770526662352,0.10495108424964701,0.03994123059009082,0.019719814508148276,0.3122664704444821,0.008233914198254984,0.16338592439897892,0.0,0.036777149214580133,0.11314461523405041,0.007452884359893848,0.009336031577109322
s15T4222,0.013845569869784063,0.04322294963938173,0.0027270580006352654,0.05468320695542489,0.04652488079013515,0.15465535787268944,0.08623527963651277,0.2909870946033374,0.00189994338472587,0.08236207896580156,0.0009687535350411402,0.007536303309492548,0.1732451526895058,0.008474561960566649,0.032631808786965893
s02M4322,0.002731665150861576,0.003941148942759898,0.01612046108921116,0.0,0.8455684996662742,0.035638237597520835,0.0,0.02097606869021883,0.00046682412982109475,0.052430469213029816,0.016688108264783303,0.0021053067762383084,0.0,0.0,0.003333210479280867
s03M4322,0.0,0.0,0.0,0.0,0.9225785297962058,0.019375152737027057,0.0202684184647498,0.016192388164679543,7.420601192064038e-05,0.011190863454775777,0.0012384227661237934,0.002939401368202166,0.00614261723631558,0.0,0.0
s04M4322,0.0,0.0,0.0,0.0,0.42695120952188,0.07958546693614584,0.4901173978428164,0.0,0.0,0.00053566285426241,0.0,0.0,0.002810262844895418,0.0,0.0
s05M4322,0.0,0.0,0.0,0.0,0.13108600959953676,0.0002421155557101287,0.8686718748447531,0.0,0.0,0.0,0.0,0.0,0.0,0.0,0.0
s06M4322,0.0,0.0,0.0,0.0,0.6131729781805049,0.0,0.38682702181949524,0.0,0.0,0.0,0.0,0.0,0.0,0.0,0.0
s07M4322,0.0,0.0011734942121677605,0.0,0.0,0.12008109005726579,0.012673054862763216,0.8510263116729128,0.01136474625783752,0.00038767138055968665,0.0015396318123140108,0.0,0.001753999744179309,0.0,0.0,0.0
s08M4322,0.0,0.0,0.0,0.0,0.0,0.0,0.0,0.0,0.0,0.9753950641493639,0.02460493585063601,0.0,0.0,0.0,0.0
s09M4322,0.00015799151415903806,0.0,0.0,0.0,0.0,0.9040954913689081,0.001635664150253713,0.04714056237447481,0.0,0.03745182982255202,0.0,0.0,0.009208430975568045,0.0003100297940844763,0.0
s10M4322,0.0015142516988677797,0.0076601873746144035,0.0,0.010609161143010463,0.007398167760080529,0.688817872074148,0.011964009773408866,0.1896440025778242,0.0,0.06107386755389464,0.0,0.004661618197010338,0.011327711968165642,0.0009000917280851613,0.00442905815088993
s11M4322,0.0,0.005682644220445225,0.0,0.0,0.0,0.02556579708413016,0.8506949059456903,0.05768632404330309,0.0008806140514475199,0.055524243523674674,0.0,0.003965471131309042,0.0,0.0,0.0
s12M4322,0.007309752899475537,0.10011260216331977,0.0050152446340609195,0.07419989028077514,0.04129541283704969,0.1258322697253061,0.02204785570635171,0.36137681948176115,0.02366890320938,0.11116840901567474,0.0,0.04245789176237487,0.059569971193379125,0.006824549713166993,0.019120427377924066
s13M4322,0.001483907367492505,0.02179589462995775,0.0,0.015202061629813335,0.2128429329569131,0.3899680589187566,0.008340554691859358,0.22353993363483854,0.005026944469004617,0.07372505646382088,0.0,0.015255911834549716,0.0292873748188995,0.0,0.0035313685840941368
s14M4322,0.0035665583343807957,0.0649614548052386,0.007182865626610162,0.09425121554650626,0.05520230800890384,0.12501700898427498,0.03467638405777302,0.35043335867169306,0.010930444917696618,0.09795552474745424,0.0,0.04234147684995161,0.0910808828749647,0.008227955917888614,0.014172560656663436
s15M4322,0.005755632238112101,0.040445004847768945,0.0014934290977537594,0.04825623103160204,0.01868981663411908,0.14053655402816695,0.0328237838748586,0.22146928792456175,0.0023920019358903166,0.098234314329501,0.0,0.02392199775059573,0.3462104756889537,0.006751748293474282,0.013019722324641905
s01X4322,0.005342746913169583,0.003936297990853729,0.0,0.10504966015311432,0.10148997557529646,0.3716873002568942,0.08555723007518046,0.16191979472785095,0.012095489104087254,0.030771694834824493,0.0,0.03442392750654675,0.06028551871484067,0.0,0.027440364147341256
s02T4322,0.0008993406862470951,0.008476007944524879,0.0,0.007325514981923926,0.38559216257804774,0.1706905897887956,0.034418070532077294,0.04157237792295129,0.0,0.004931017948856975,0.0002901372238442655,0.010047897261927133,0.3322165805498352,0.0,0.003540302580968557
s03T4322,0.004620944690671,0.0,0.0019460823275806696,0.02913080634267013,0.17681054341293645,0.15676919409074264,0.5494188435264333,0.03435544787623443,0.0,0.005762863530367197,0.002256489258077665,0.000671391519138013,0.02086948169110654,0.0,0.017387911734042024
s04T4322,0.0,0.0,0.0,0.0,0.9834632974291231,0.011298741060865735,0.0,0.004407194169111702,0.0,0.0006992414203710071,0.00013152592052844943,0.0,0.0,0.0,0.0
s05T4322,0.0077053250840865796,0.0,0.0,0.04593593919589941,0.5825164691474379,0.059185305003882804,0.09012946196429053,0.0685070125269342,0.0012766456991154542,0.010235761131787209,0.005577331017860885,0.0008028172199086398,0.030766561484124343,0.0,0.09736137052467195
s06T4322,0.0005432909497478339,0.0,0.0,0.007441947853623907,0.19578788366030217,0.012431123573857023,0.7615015071118589,0.013981204027469848,0.00022822313831978122,0.0021625526871511197,0.0008438012333858886,0.0,0.0,0.0,0.005078465764283539
s07T4322,0.013935058570483563,0.002115864353969621,0.0,0.06305292463203795,0.4580912444792184,0.059997158140188175,0.10160539620385024,0.08444806779584789,0.0006274478346143385,0.013263420115382667,0.00702319775388959,0.0016451498099775948,0.15009421000730738,0.0,0.04410086030323248
s08T4322,0.0,0.0,0.0,0.0,0.0,0.0012637307190277692,0.0,0.0,0.0,0.9744155335058495,0.02432073577512272,0.0,0.0,0.0,0.0
s09T4322,0.00057995388452874,0.0,0.0,0.0013310627744590059,0.0,0.9277139783731574,0.0,0.03929803418695318,0.0,0.029639669449304594,0.0,0.0,0.0,0.00011206641756800892,0.0013252349140290302
s10T4322,0.010161022134049623,0.043284828526726674,0.00022174474888937126,0.042809367275801986,0.01742508686890516,0.5205345315351878,0.014252248061733683,0.2220047659207945,0.012246521809474427,0.07770422363464279,0.0,0.001149094137358341,0.01957174037782614,0.0037196582207741045,0.014915166747835079
s11T4322,0.0029799581872537286,0.030740430671883805,0.00523581549591743,0.04146144245042096,0.01834052510017448,0.10075644254374304,0.008299477100847143,0.12964555244944587,0.004415226488776746,0.6065917904367002,0.0,0.006448507888152274,0.030885868303252323,0.00473430679673322,0.009464656086698579
s12T4322,0.0032348963379601674,0.12534715489235396,0.001987440771788669,0.026652775834954703,0.05307807468697705,0.04428790578129904,0.010522406419279182,0.23793818188479907,0.013008225439890964,0.3863616073983145,0.0,0.030926627977744727,0.05494821798041903,0.0011808587847431165,0.010525625809475917
s13T4322,0.010816325065334647,0.11553999748084944,0.0022727529328230673,0.05203848195252427,0.07059081984754331,0.07534246959646931,0.019400292429604452,0.16869871229265734,0.0184064523709512,0.39400823577059796,0.0,0.01303633990258079,0.041600548357556645,0.0013770969040800387,0.016871475096427634
s14T4322,0.009721079466603109,0.09720987911436485,0.0025894118533015247,0.1008549208236146,0.10643330306571158,0.11741447768207412,0.02738335635080191,0.28681627524215775,0.017402793706289485,0.07119559036456877,0.0,0.046386789206160024,0.08200618695650085,0.0,0.03458593616785153
s15T4322,0.0,0.0,0.0,0.27353572989055047,0.02237318232266465,0.04251435670642824,0.16892424062479394,0.28658060480734954,0.0,0.0,0.0,0.014868247161253467,0.18661730872812107,0.0,0.004586329758838672
s02M4422,0.003910984713745455,0.0,0.004368964804300383,0.04229714197598744,0.14640099152295463,0.7002196357338365,0.03203997744095963,0.0340545895182538,0.0,0.00515762456968401,0.0013762126178180891,0.00418244490222502,0.010785113697168102,0.0,0.0152063185030669
s03M4422,0.0022259079809012028,0.0,0.0,0.024196788879989658,0.6069854370603204,0.07010492423601788,0.20623397427023593,0.042886135380799696,0.0,0.005468975432432467,0.001711603984151999,0.0032306664724376316,0.02417821375015724,0.0,0.012777372552555863
s04M4422,0.0,0.0,0.0,0.016540692498089146,0.4593839245972107,0.01674601749843129,0.4973109238792402,0.0018005004870152409,0.0,0.000404751741846602,0.0,0.0,0.007813189298166762,0.0,0.0
s05M4422,0.0,0.0004140959624049747,0.0,0.0,0.8940479632332256,0.009488240476822377,0.07776059236401334,0.0033491269112745107,0.0,0.0007105781450709617,0.0,0.0,0.014229402907188254,0.0,0.0
s06M4422,0.0,0.0,0.0,0.0,0.45391918916163354,5.253406796329269e-05,0.5355159971412524,0.0,0.0,0.0,0.0,0.0,0.010512279629150589,0.0,0.0
s07M4422,0.0013088571045886338,0.0,0.01053071720130134,0.09719249297627673,0.11865924963687899,0.11373385818260776,0.2001463552332646,0.08224870682234267,0.0,0.010596973346663211,2.115617490885191e-06,0.007492286636500845,0.09052631941437775,0.0005942596089648798,0.2669678082187418
s08M4422,0.0,0.0,0.0,0.0,0.0,0.0013894458621741706,0.00011061176128069745,0.0,0.0,0.3571292618862286,0.6413706804903164,0.0,0.0,0.0,0.0
s09M4422,0.0011747243592951132,0.00015371818325700574,0.0,0.013311930611165503,0.0,0.7749757850285084,0.004715335738744666,0.15333314882452226,0.0,0.03136911613934667,0.0,0.0,0.013964984272714245,0.0,0.007001256842446303
s10M4422,0.013046493709287937,0.03205314755091242,0.0006586583371113962,0.05202693618493008,0.05651235407328534,0.37297739706835104,0.04883714042743223,0.27938361015837393,0.01533386811098089,0.05676784699295509,0.0,0.0027491092760599644,0.03389091480150933,0.002797673732746527,0.03296484957606384
s11M4422,0.014881105747504973,0.07683780500082545,0.0012262767245308915,0.05219430169929336,0.07894248436838287,0.10333372914657175,0.06298831439259642,0.23741849563073097,0.029608078860812743,0.23749702306497994,0.0,0.0027310432887896587,0.06468020275369914,0.00322034069298705,0.03444079862829471
s12M4422,0.011450613159530042,0.0896421106688704,0.00185566514850375,0.057530271383672026,0.06319262388106339,0.09080884022049297,0.046805769510314274,0.22412148766342718,0.013749313824397319,0.32187786912314914,0.0,0.01717734312489883,0.03245366711394994,0.0037274291908218835,0.025606995986908816
s13M4422,0.009471921244696474,0.09358268252144228,0.008844522700082994,0.08266450279334066,0.05611182648870658,0.10472137473725081,0.043426419612748915,0.34244167765768047,0.006529410475958365,0.17963347914007852,0.0,0.0,0.03381996298730197,0.010230182289180769,0.028522037351531283
s14M4422,0.01737069948694097,0.023435395095401042,0.0019092488851716832,0.10850643031169821,0.13614992542167506,0.1756662610941935,0.11415160707369074,0.2422904613093256,0.0037751907205191173,0.04226513727147246,0.0048227700390415336,0.022991317516191843,0.05177217962244551,0.0002953845669517803,0.05459799158528099
s15M4422,0.000753957897693971,0.0,0.0,0.2811303471721979,0.004529707887601547,0.06718303086461906,0.16269380318547189,0.2717391604728579,0.0,0.0,0.0,0.01952635705318502,0.18539726016029837,0.0,0.007046375306074234
s01X4422,0.009639054288374341,0.009782070532184795,0.0007301279092851397,0.07670133849867879,0.1489553439827297,0.1494258758449271,0.08827628567997423,0.15857730813066404,0.0020771785811634345,0.04004745783551608,0.028253840577462008,0.02542027179312078,0.2357948234541424,0.0,0.026319022891777368
s02T4422,0.016826856875338362,0.00652590783363963,0.02475784620561785,0.0957332225694138,0.26593927225257885,0.21718073004171876,0.07348747403339961,0.12387605776597095,0.000941281103032008,0.01846466254221889,0.013297066261583546,0.028485722011539566,0.03913928507394412,0.03852858608267909,0.03681602934732486
s03T4422,0.002931485152878309,0.0,0.0,0.027550086490127888,0.3432986867626453,0.5109147757456478,0.04765019008820955,0.029650572301366578,0.0,0.00493835572136154,0.0016270594312823563,0.0030198219027591437,0.016481102643323427,0.0,0.01193786376039794
s04T4422,0.0,0.00048701714068765913,0.0006908478424372243,0.015514477858761968,0.27405736055881524,0.15026684977191052,0.5126837093600266,0.016533296423029715,0.0,0.003086971696748556,0.0,0.005168815640790168,0.01933144765537249,0.0,0.002179206051420041
s05T4422,0.0,0.0,0.005199667449811756,0.0,0.40506771596921176,0.025939199502619966,0.554821445990504,0.004518909012658531,0.0,0.0010558048352654528,0.0,0.0006664867944704785,0.0027307704454580654,0.0,0.0
s06T4422,0.003893596520414081,0.0054580173753893835,0.01559620258754048,0.04285353035978774,0.2904828825298663,0.418585507377095,0.11315055380054043,0.02464697899496978,0.0,0.004077260988407323,0.0,0.003746074948804498,0.057266354999602684,0.0075410812978459335,0.012701958219736447
s07T4422,0.0034147558617769478,0.0019406808346931694,0.0002514872807416293,0.07161112415415659,0.29505235553923304,0.19676345891246685,0.1572891313944176,0.07088470281916188,0.0,0.006913429371343278,0.0018253840260894231,0.012684854997903809,0.09554608651977987,0.06634985868061725,0.019472689607618675
s08T4422,0.0,0.0,0.0,0.0,0.0,0.0009041044861643533,0.0019627753207515307,0.0,0.0,0.0,0.9971331201930841,0.0,0.0,0.0,0.0
s09T4422,0.004725436161552551,0.05005477303708685,0.0007466672939729952,0.043439048123737764,0.011415739253669127,0.4220586876023651,0.023759015338567727,0.22242506476559765,0.015180296982795815,0.02265088219777782,0.1351299228817881,0.0,0.02721966998200273,0.003419692832431403,0.017775103546654333
s10T4422,0.0,0.024428488563163403,0.0,0.01024509743985339,0.007155839788569385,0.20315287600654677,0.04503824386325617,0.10959549025616866,0.006236009098751307,0.014812712461468657,0.0010248448709103215,0.008660475682318649,0.03933367276685258,0.0,0.5303162492021407
s11T4422,0.010104892194580307,0.08792997114089293,0.0005174705742870644,0.10144174128767605,0.05884283678036081,0.22616851411854497,0.053971912024859556,0.28229724104436227,0.016272159557361478,0.04002146817098136,0.002868827089713893,0.042501198519761314,0.037895591640995985,0.0007690737725270843,0.0383971020830951
s12T4422,0.005048715036641077,0.05406391070144109,0.0017598836500165524,0.10916870596103617,0.05721800404889016,0.17625056058692942,0.05409525307129977,0.33800514893100947,0.008792176877604696,0.03517242830429679,0.0,0.07054254656807088,0.06487560107322829,0.00086523825903338,0.024141826930502118
s13T4422,0.008633351712042919,0.11579458000350702,0.004752176740370873,0.10108344649397105,0.059893770455876516,0.18671988501648648,0.04666335399856976,0.24659194711527738,0.012086210106814255,0.033400419430249406,0.0004235117543891814,0.03704203537072617,0.10419056702797876,0.009012012169412444,0.03371273260432762
s14T4422,0.003877920246524088,0.04144219980389392,0.011334725821838821,0.14900537357740298,0.06373786138931713,0.18954058598698775,0.05620932594877393,0.23830060582967647,0.017481974563542252,0.04145756311781266,0.00733373015004876,0.0394458745168156,0.10401747412296565,0.015329628562754213,0.02148515636164585
s15T4422,0.00657028109392414,0.021115454561354188,0.002423167638827998,0.12364193697067874,0.08980467439267921,0.27804306852471616,0.08306220964454551,0.2317939466302369,0.0,0.021430772845723797,0.0,0.04995724101362683,0.06307953371342913,0.0007543907039630324,0.02832332226629453
s02M4522,0.0,0.002211844651261687,0.0,0.022646437942209725,0.7146320483444019,0.008006393513510535,0.07358062940414299,0.008409888445893951,0.0,0.00018521832029407567,0.0,0.004621414446676691,0.06204523305901864,0.10366089187258971,0.0
s03M4522,0.0,0.0005278774329812269,0.0,0.0,0.986230559247176,0.006902142893156404,0.0,0.004237510201575261,0.0,0.0005570008346246043,9.508916983036732e-05,0.0014498202206560903,0.0,0.0,0.0
s04M4522,0.0,0.0,0.0,0.0017978319248239416,0.566803204366644,0.022939396742156226,0.3821828856055183,0.004468714344250148,0.0,0.0015446523579467487,0.0004212967336042354,0.0,0.011554388081336308,0.008287629843720045,0.0
s05M4522,0.0038617624416420098,0.0006888565399216467,0.005183366972630511,0.017036357079690465,0.1674890177212888,0.055069587720305305,0.7160719985295546,0.01759316454434755,0.0001339836961147848,0.0028995253802739946,0.0015873852649464077,0.0008000137555217482,0.0,0.0010647851759975205,0.010520195177764813
s06M4522,0.0,0.0,0.0,0.0,0.2421617254260433,0.037785719884531124,0.7078978342114002,0.0037612022272489527,0.0,0.0007533483327179469,0.00035164445338846037,0.0,0.00728852546467003,0.0,0.0
s07M4522,0.0024033419012122028,0.0,0.0,0.02948120389692263,0.13808964600050772,0.044827488480274943,0.6879039762896446,0.03193163331477907,0.0,0.0037360495645627537,0.0013156456899488806,0.0015787889902191604,0.05185333702150631,0.0,0.006878888850421732
s08M4522,0.0,0.0,0.0,0.0,0.0,0.0,0.0023847404015742684,0.0,0.0,0.33781844781713194,0.6597968117812938,0.0,0.0,0.0,0.0
s09M4522,0.0008283181439141665,0.0067461945811182365,0.0,0.015589600627680595,0.00996779978144343,0.860821652816497,0.008776157997073626,0.04834162632371409,0.0,0.01432948387155269,0.018271195162906678,0.005662178078879963,0.003670630307383028,0.0,0.006995162307836563
s10M4522,0.004754655083336712,0.034025145272037746,0.0025111155245725082,0.059408040285648576,0.014621749827114592,0.6522327430610766,0.008846572509368876,0.15005977686113112,0.0038689644067252172,0.020863009748787232,0.0,0.00034854028151924704,0.014190224079225893,0.005364045647172515,0.028905417412283172
s11M4522,0.0025822850561860004,0.04725736371885416,0.007612966744386974,0.08731557691247353,0.02852975425110193,0.553884984151816,0.02058636032831841,0.15402189211754613,4.509860077220865e-05,0.024017004856336836,0.000623786149212962,0.020327710833364602,0.021614848796048403,0.00860664366939573,0.022973723814186157
s12M4522,0.001396734495136709,0.11735425711561227,0.009927211440896998,0.08369330014354953,0.06989954415706368,0.17699186516818,0.020873201542836117,0.3175002980071655,0.012538011191875337,0.026474602873270064,0.0,0.05786237341388937,0.06433399236405887,0.020114283557560647,0.021040324528904822
s13M4522,0.0010885727545154446,0.0395784539953655,0.01389631677555317,0.11877957259002403,0.04623815961323779,0.3629402268582585,0.03390100911199817,0.21011668766626618,0.0011209509978940416,0.02386218089926781,0.0,0.05625979593451951,0.039737182206183365,0.02630221384290968,0.026178676754006727
s14M4522,0.0004070659788241552,0.05732674306887182,0.017422881551459254,0.11619966932470085,0.07008886044696273,0.17138249526659993,0.03208814594714624,0.27466216621023853,0.019290527867038474,0.022534806913800106,0.0,0.07105672041337506,0.07712027743419694,0.03832587082829529,0.03209376874849048
s15M4522,0.010235592822637953,0.0,0.004754751317178816,0.08564485189194121,0.08348834055720404,0.5784537053682713,0.06980012396223349,0.0753784748348468,0.0,0.010518124555406546,0.003317349260877879,0.0062520553335952515,0.033305866603385144,0.004974489189522534,0.03387627430289908
s01X4522,0.017308617981804043,0.00043328902408772997,0.0018177019223507378,0.12042334398272418,0.13672237067807622,0.28315188375766787,0.10204363852276256,0.16720552161937105,0.0,0.02264811160568326,0.005084001768730349,0.035932409781776586,0.052569972349829144,0.0019489631246950264,0.05271017388044111
s02T4522,0.0015107811429963393,0.0007274984093282977,0.0,0.00649591773736354,0.5396193144596227,0.04175367222934886,0.33765098410162475,0.021671302133779744,0.0,0.0038973218586995004,0.0018714030719926215,0.002558589677681769,0.03571241188996049,0.0,0.006530803287601078
s03T4522,0.0,0.0,0.0,0.0,0.5531967873081667,0.002629169698756418,0.4172054005373862,0.0,0.0,0.0,0.0,0.0,0.026968642455690684,0.0,0.0
s04T4522,0.0,0.0,0.0,0.0,0.5689410140717532,0.008684562838133946,0.38649412755358037,0.0027360087960328038,0.0,0.0005361348311721969,0.00010420238203867754,0.0006071214592869859,0.03189682806800167,0.0,0.0
s05T4522,0.0,0.0,0.0,0.0,0.03557758418707493,0.0,0.9644224158129251,0.0,0.0,0.0,0.0,0.0,0.0,0.0,0.0
s06T4522,0.0,0.0,0.0,0.0,0.23868551642134908,0.0014631994704219534,0.743813563381554,0.0,0.0,0.0,0.0,0.0,0.016037720726674923,0.0,0.0
s07T4522,0.0008253236785145319,0.0007944612101043645,0.0,0.014617139494121682,0.04285877475875378,0.058343358970365695,0.8337554585978889,0.022211426707901844,0.0,0.002906683984097756,9.478337772140372e-05,0.005585162987747739,0.013544414218885149,0.0,0.004463012013897211
s08T4522,0.0,0.0,0.0,0.0,0.0,0.0,0.002402772766348803,0.0,0.0,0.3488405242681987,0.6487567029654525,0.0,0.0,0.0,0.0
s09T4522,0.0,0.0,0.0,0.05376263650515645,0.0,0.6351087513679472,0.0,0.2207239635181227,0.009221081811506916,0.030184429173904338,0.0,0.0,0.017879871691466636,0.0,0.03311926593189569
s10T4522,0.004132687663419917,0.017809001558759373,0.0014347440913296456,0.09417689366393067,0.08693774996112112,0.36003525118519963,0.05303021423906089,0.21646128438094817,0.0,0.03110123166627785,0.005397193289669454,0.0589743124524419,0.04452308330507748,0.0,0.025986352542763852
s11T4522,0.0,0.017341477030235183,0.06643409588833908,0.3893791660050285,0.08562134656089594,0.15344583665841197,0.013745640807553304,0.10564147683775175,0.0,0.024436093622670425,0.0,0.003850228476059211,0.03264925145506554,0.05394709840151385,0.05350828825647526
s12T4522,0.008471226001122292,0.07478924666945762,0.010526361796749933,0.13725249239786932,0.046177092422357145,0.15461069060893637,0.02319993708613048,0.2952432683690308,0.017106985203389987,0.040613943507939405,0.0,0.06515847209427117,0.06286535496458612,0.01800296751472159,0.04598196136343795
s13T4522,0.006003793671459461,0.027267804338823705,0.01631153627252521,0.18215309495148052,0.09780447410838755,0.10798918220360791,0.06159276491983121,0.2728960241533174,2.822616743040344e-07,0.03850873971173376,0.0,0.08038917420511425,0.04450976771423147,0.023260740875639764,0.04131262061217357
s14T4522,0.008117257615149875,0.027575265386330188,0.008026832666696437,0.12191116197824448,0.20290384682191703,0.11836279989674596,0.055943045080543395,0.20916325775859637,0.001155474249896033,0.037245501112507524,0.04879842379476363,0.052162188142231565,0.05729382791983046,0.010536622482761257,0.040804495093785975
s15T4522,0.02400740537453788,0.00701057889756629,0.0050327149915491715,0.14372605325249932,0.1522662352000453,0.15914390728402902,0.10495032530619153,0.1547823375561294,0.00018114983110792274,0.023821811447513244,0.00580548911006139,0.023386218444535613,0.111578143087482,0.0072572504365948825,0.07705037978015707
s02M4622,0.0,0.001478337806371793,0.0,0.0,0.9867914817896143,0.0040918538429659725,0.0,0.00448064531409656,0.0003053483500559214,0.001462599665371837,0.0005207913462720067,0.0008689418852515364,0.0,0.0,0.0
s03M4622,0.0,0.0,0.0,0.0,0.2919353340212395,0.0011119427290173895,0.6909727155070531,0.00018213124701073395,0.00014605357893802406,0.0004721266021417925,0.00029029301593369247,0.0,0.0148894032986657,0.0,0.0
s04M4622,0.0,0.0,0.0,0.0,0.31266966730478063,0.0004895842253026719,0.6868407484699167,0.0,0.0,0.0,0.0,0.0,0.0,0.0,0.0
s05M4622,0.0,0.0,0.0,0.0,0.08825085559460404,0.0,0.911749144405396,0.0,0.0,0.0,0.0,0.0,0.0,0.0,0.0
s06M4622,0.0,9.387857237880433e-05,0.0,0.0,0.08758291903774755,0.0,0.9073579696358772,0.0,0.0,0.0,0.0,0.0,0.004965232753996409,0.0,0.0
s07M4622,0.0,0.001851033769660759,0.0,0.026718495556740284,0.2599482843149442,0.03100895195989053,0.5119741705864175,0.08761337025407875,0.0,0.008520816497139592,0.0,0.03148388565636599,0.04044474069441528,0.0,0.000436250710347012
s08M4622,0.0,0.0,0.0,0.0,0.0,0.039805256523521126,0.0031936531706507347,0.0,0.0,0.1620459835873812,0.7942105485955094,0.0007445581229373762,0.0,0.0,0.0
s09M4622,0.0,0.0,0.0,0.017873293292928662,0.0,0.8881849025937781,0.003403932643736195,0.0684597130935156,0.0,0.007981177772169014,0.0,0.0,0.0034950224008815462,0.0,0.01060195820299102
s10M4622,0.0048223894767733975,0.007191658405263399,8.108397878790298e-05,0.045837958353897215,0.019377933327445116,0.49997157169586626,0.2530518500726129,0.10349610645360022,0.0013355173778508134,0.017498000439628087,0.002969459215472951,0.011226359493813948,0.013407313492918804,0.0,0.019732798216069193
s11M4622,0.0076311472749045995,0.012329762943254791,0.0013518934521348329,0.09285710415729669,0.05271213705224168,0.4890402703941938,0.04316988804380158,0.17393613912580858,0.0,0.02779394987851547,0.0,0.04263514036874723,0.027761699794251957,0.0,0.02878086751484876
s13M4622,0.005871457738895624,0.019344229322996672,0.0021087846401984895,0.059645664508162395,0.027838523255237002,0.6545655791741103,0.022746238035054725,0.11486417308435493,0.0013885102606155495,0.021359608573216657,9.344245859204499e-05,0.029846061150327383,0.01759207690576848,0.003967121253467825,0.018768529639001687
s14M4622,0.00034609097377165447,0.0056646652316421795,0.003177720832874818,0.08814740254428907,0.4032363001933032,0.09912553576237733,0.15267103126225517,0.11519906091932164,0.0009575367910829583,0.0240692490728674,0.004602042569880138,0.029048274272794376,0.05976153659378103,0.0,0.013993552979759061
s15M4622,0.013348947163779762,0.00997730709265826,0.004814027465444497,0.11033913833860907,0.11168514391807376,0.3419618268123569,0.09812439514157537,0.12162741709828874,0.0026807544562150194,0.023960422252919635,0.0062514562995851335,0.02287589263114939,0.08483662978383681,0.004462909047071142,0.0430537324984366
s01X4622,0.005103507246016409,0.0024855465166129867,0.0,0.08040265667979672,0.04128723289016439,0.04705328603823702,0.6120670750045044,0.13033773345104008,0.0,0.02033336508171462,0.0,0.041365013970769804,0.014602686471314187,0.0,0.0049618966498295326
s02T4622,0.00020024505945914913,0.0,0.0,0.006437223393209912,0.232682896731223,0.004829237954225188,0.6880276767253457,0.0013143826880639585,0.0,0.000946818086997184,0.00026982706136361703,0.0,0.03533816324420142,0.016814316378006598,0.013139212677904214
s03T4622,0.0,0.0007844581980390603,0.0,0.0,0.24889282117190614,0.0,0.6985138618434203,0.0,0.0,0.0,0.0,0.0,0.04584906504966723,0.005959793736967235,0.0
s04T4622,0.0,0.0,0.0,0.0,0.24672934651039555,0.0,0.6933288804916021,0.0,0.0,0.0,0.0,0.0,0.05994177299800238,0.0,0.0
s05T4622,0.0,0.0,0.0,0.0,0.38697510679022873,0.0,0.6122731398597563,0.0,0.0,0.0,0.0,0.0,0.0007517533500150472,0.0,0.0
s06T4622,0.0,0.0011265505164004882,0.0,0.0,0.2233041075573424,0.0,0.69288227721351,0.0,0.0,0.0,0.0,0.0,0.06290237647024917,0.019784688242497826,0.0
s07T4622,0.009463715821805496,0.00860882851001764,0.0008627856240757992,0.041440941781481944,0.03953311953187721,0.024623262619770107,0.6526282600015378,0.02768984271692506,0.0006640846561683373,0.004603799506481018,0.0015509310071388858,0.004863853028549018,0.15038310005287775,0.01219438523704344,0.02088908990425044
s08T4622,0.0,0.0,0.0,0.0,0.0,0.0,0.0003195285008591027,0.0,0.0,0.6178707995066819,0.3818096719924589,0.0,0.0,0.0,0.0
s09T4622,0.010646121948164182,0.0066450894941969185,0.0013219113254133205,0.041514157907426165,0.06412511840054148,0.20917266821493385,0.05400388213058578,0.10806247279586262,0.004573557006125488,0.2715903995263576,0.16716733608519388,0.004027158723075457,0.01775615058590409,0.004883454633458517,0.03451052122276075
s10T4622,0.008559239175970748,0.006185592894359969,0.0020996923303198594,0.05597624868370843,0.039456396042634574,0.6262176301919982,0.02783193506131354,0.123468803374892,0.006091066387854498,0.02860829536039723,0.008937476367853105,0.011561539937462352,0.021671269100043782,0.00434205382507448,0.028992761266117037
s11T4622,0.01137952896976857,0.019688086014644217,0.0017820179772331367,0.07062133308116918,0.06918083501009359,0.5244126161457089,0.0495607268130949,0.1349363871866465,0.004524257091495539,0.024362998637728436,0.004005392199999094,0.022316284632712024,0.023182504925889934,0.003960466195254358,0.03608656511856155
s12T4622,0.010539188037680357,0.00696397359789239,0.0022979038178013323,0.0764244128428927,0.05001270211835238,0.525746941214315,0.044004801855266645,0.13249655579743203,0.0023060806559121686,0.014571356465234402,0.00411596461235112,0.03115497718073666,0.06764690554104151,0.003421576431203729,0.0282966598318875
s13T4622,0.002719335339069893,0.015656378620080052,0.0,0.09452413552441985,0.04679652179999284,0.38747749121783065,0.04771939428484811,0.2530021772690801,0.0018487189792860297,0.02704389289275706,0.0,0.07700809505526883,0.0312634104460366,0.0,0.014940448571330093
s14T4622,0.0029618412235328786,0.007925829542378316,0.001412010687845153,0.07560593512083259,0.0266007562930223,0.3070528387543191,0.30399457703077787,0.1673274713296037,0.003562644721531772,0.020842929273674118,0.0,0.04950569304645251,0.020241522107412094,0.0,0.012965950868617616
s15T4622,0.01824149578146511,0.013718846446322805,0.005524450322708335,0.0995468178004219,0.06563750402351866,0.49408026785083853,0.04227466173692142,0.09251879359812623,0.003045853320683373,0.0566407895669494,0.0050441024617233305,0.013641609876499658,0.028921093381668126,0.009934069305995719,0.05122964452615728
s02M4722,0.0,0.007458380193365523,0.0,0.0,0.5754428297940143,0.006740163246877237,0.34343137193663537,0.020508129082910956,0.0,0.0025924003643838225,0.0,0.004232365697156412,0.03959435968465608,0.0,0.0
s03M4722,0.0022939934949070375,0.0,0.0,0.021487305017602414,0.4335241507478815,0.012563702814300554,0.4513551887182225,0.0177939780660672,0.0,0.003023140165039755,0.0006346452808982621,0.0009108859746300867,0.04602298556431861,0.0,0.010390024156132141
s04M4722,0.0,0.0,0.0,0.053211098070529574,0.7451634676161103,0.0009870494717084681,0.14560979474010902,0.0,0.0,0.0,0.0,0.0,0.0,0.0,0.0550285901015425
s05M4722,0.020904566666813444,0.0031040065579686048,0.0080743151884625,0.08019274038268262,0.19190334778111848,0.03153216923022056,0.38410014061136305,0.06422271147960763,0.0016489931607057856,0.009187497180110126,0.004172979041055516,0.0008547437534202119,0.10918946426730365,0.043683822799727746,0.047228501899440146
s06M4722,0.007190448331144381,0.0003375115314590012,0.0,0.3635282499839744,0.4448710760033676,0.023759352142028997,0.0872185273199688,0.03851628675716151,0.0014979281345211342,0.002361820480207686,0.0,0.00028701203550631415,0.010222379988751558,0.0,0.02020940729190841
s07M4722,0.027181943595896832,0.0021399176003632473,0.013308269252493184,0.1498993940048027,0.18281090726068983,0.07293008528964783,0.10789956074078286,0.10015966787174324,0.0057886637880783035,0.022389875253827858,0.00572267047742197,0.0022851290076568945,0.04856344486716965,0.02722714517746791,0.23169332581195776
s08M4722,0.0,0.0,0.0,0.0,0.04937937163987404,0.0,0.0,0.0,0.0,0.7270846713434094,0.2235359570167165,0.0,0.0,0.0,0.0
s09M4722,0.0017779106422466796,0.0,0.0,0.01748990803180248,0.0,0.5200013245523986,0.0,0.06516984458677585,2.7580354569306485e-05,0.3789953043181176,0.0,0.0,0.0038670159009262395,0.0007343800335026737,0.011936731579660523
s10M4722,0.012598774542041582,0.0,0.0030288984377375467,0.08133792892369139,0.08842370210859452,0.40562275141823295,0.051509631856100115,0.13168806715048065,0.002535536382867557,0.1414524509984489,0.0023801296038933367,0.013696791961894841,0.024874943408116454,0.004611146578652937,0.03623924662924727
s11M4722,0.0,0.0017175528677926728,0.0013458296334170894,0.022785382232388598,0.008934944396395002,0.07818267121319421,0.010660561902237235,0.0879949288642726,0.0022298058996688117,0.7373524574330731,0.0,0.00831792083708778,0.026648357419749785,0.0009992248126100194,0.012830362488113282
s12M4722,0.0,0.008246938401170634,0.003126461907849287,0.010897941087536339,0.010882912014070444,0.11548517783170445,0.006420612607029443,0.044021233280974195,0.0028317001850287496,0.767883176476578,0.0,0.005668351168272521,0.010303775245141006,0.004471786182950401,0.009759933611694598
s13M4722,0.0,0.0022510177405543103,0.0024208376053108287,0.0,0.01630324229597681,0.015895915229475765,0.00896378321263672,0.006923438743363273,0.0004993827695568712,0.930854322787276,0.0,0.0008769251705408451,0.005087112803843395,0.003835780117880357,0.006088241523584762
s14M4722,0.0,0.010269821635241034,0.0037777879820656327,0.054429937433011846,0.029382611498070872,0.08257250203736624,0.0208929094438619,0.10730588664834181,0.003541153455978308,0.23154230690688546,0.0008489866973564887,0.020119375635231623,0.02663183613299797,0.0,0.40868488449359075
s15M4722,0.018812563481505975,0.003296376900193869,0.0063138922143507175,0.12105136808821465,0.12678783480749053,0.05812707778853802,0.08915115159742672,0.16601174932964058,0.004610760666439732,0.2360313529594747,0.02581987987312191,0.039921914959991485,0.041574500590170586,0.014874448880921223,0.047615127862519445
s01X4722,0.016594474023058813,0.00505297346546474,0.0018511508698889196,0.18911617893153562,0.1489226751944525,0.113552514589205,0.17539009584555845,0.17681586770116656,0.004510398868958453,0.06083002196352268,0.0,0.039044492634325766,0.03737355900767683,0.0,0.03094559690518571
s02T4722,0.0,0.0,0.0015414244580665606,0.0,0.4168539248698086,0.014608846479666964,0.5340097128663781,0.0,0.0,0.0019080061512336888,0.0,0.0013792605353027546,0.029698824639543323,0.0,0.0
s03T4722,0.0,0.0,0.0,0.003197648134391922,0.10169523076316493,0.01470138727246739,0.8730272990144877,0.001338213778958111,0.0006308725397685704,0.005409348496761266,0.0,0.0,0.0,0.0,0.0
s04T4722,0.0,3.582067161491028e-05,0.0,0.0033924750131679626,0.0,0.01923781212404744,0.9532587957609304,0.015251591329298774,0.00021654592021755863,0.003831280551574094,0.0,0.004775678629148876,0.0,0.0,0.0
s05T4722,0.0,0.0,0.0,0.0,0.5435100906122422,0.018482896298456154,0.42444317969763373,0.006746038179426007,0.0,0.0036176430440712755,0.0,0.003200152168170591,0.0,0.0,0.0
s06T4722,0.0,0.001226594923915322,0.00315776804199007,0.008479696216024884,0.721770685335261,0.037886818414034004,0.1851297268535861,0.009900421796394786,0.0,0.017832986557761627,0.0,0.001262799457108557,0.009035295852108906,0.0029598111390012026,0.0013573954128134219
s07T4722,0.010595681796806408,0.0012286865612317055,0.0023137238798144034,0.11917864959754403,0.06254028011813763,0.22999705557751113,0.3399048699726233,0.10790441914012885,0.0004498127090035858,0.05199197810149142,0.000491690952392184,0.014515325426295718,0.03135854498918246,0.0035065996862462543,0.024022681491590956
s08T4722,0.0,0.0,0.0,0.0,0.0,0.0,8.207757906834408e-05,0.0,0.0,0.7676870394605105,0.23223088296042108,0.0,0.0,0.0,0.0
s09T4722,0.0,0.0,0.0,0.0,0.0019101528150424934,0.029789336635639443,0.0019260938257113023,0.03008450729983959,0.0006271494798638566,0.9300523288751364,0.0,0.0003169231071335186,0.002292153335420613,0.00029707184661167,0.002704282779601193
s10T4722,0.003352986602213776,0.009114624452969206,0.0030824881167452515,0.033618873909571904,0.020037282018456982,0.18365053102968606,0.018509440657414368,0.07169003588169615,0.0017139848765958068,0.6130463392408004,0.0,0.011201835549817095,0.011572351650013206,0.00494036127165171,0.01446886474236804
s11T4722,3.5682853009909155e-05,0.005092740225129401,0.0017105073377072233,0.0014438353630025318,0.010136416260293959,0.027704125362800137,0.008645622251360544,0.042165932389092095,0.0015412066211528555,0.8746337533156114,0.0,0.005862190072243446,0.007709251533205901,0.004186091527081563,0.009132644888308944
s12T4722,0.001445795782961636,0.013787890149953599,0.006404968186067415,0.06679903729033976,0.01927547625397884,0.06585209374646743,0.014243661503122831,0.10335034540437756,0.006729463764001483,0.6245260541465644,0.0,0.014463662222703068,0.02644207829586894,0.010155638597333086,0.026523834656259983
s13T4722,0.0,0.009120697757681017,0.008470521973238096,0.043673364140433185,0.010786069184730266,0.04605955771038987,0.00532112829765679,0.06233644261997514,0.007465644150016853,0.7502889586101739,0.0,0.013519131393636117,0.016228865423584062,0.011982096252531575,0.014747522485952973
s14T4722,0.009963293356897879,0.011471076368884484,0.0023269997865952817,0.13267479486948724,0.08241808531844291,0.08609976566451982,0.07830327191878993,0.2676768696467186,0.0033748402287666337,0.14357799315097075,0.010506445594458354,0.08692296804209024,0.04562337618626624,0.004582853161951581,0.03447736670516011
s15T4722,0.0036648270005527135,0.011638428801402128,0.024612656565368304,0.2336684445640819,0.06929438685489829,0.09305836061731537,0.04341285356088952,0.20008675457018987,0.0030750248764163,0.1653805099836324,0.0,0.049843295079671716,0.038134006428855845,0.025715062257581224,0.038415388839144346
s02M4822,0.012876229893780438,0.0015440296861588673,0.026198293740853015,0.06905557174608516,0.5694649358582978,0.017553836367191242,0.16186172032488075,0.06101050706773875,0.005347869123395224,0.016800855185867446,0.0,0.014989271893082114,0.0,0.02782948923550646,0.015467389877162892
s03M4822,0.011423198963200928,0.0,0.006096307699516011,0.055043012513501376,0.20937037671575723,0.011876935206928509,0.5495933472189232,0.026597450749270328,0.0020858143676621187,0.012018090145273667,0.0040279808375607035,0.0001274846411960343,0.022032391950791035,0.06459894278780014,0.02510866620261909
s04M4822,0.0,0.0,0.0,0.0,0.010252762287409954,0.004654734562388951,0.9840446302525088,0.0004792459331668162,6.732988848341373e-05,0.00017732531445522376,0.0,0.00032397176158697463,0.0,0.0,0.0
s05M4822,0.0,0.0,0.001957545484643727,0.0,0.11929640502145834,0.0016297681084964382,0.8743289485801837,0.0,0.0004095007051797413,0.0,6.860077831993025e-06,0.0,0.0,0.0023709720222059904,0.0
s06M4822,0.004650033811337524,0.0,1.9541942827092702e-05,0.3024449562533502,0.19201175814961652,0.01437002938381545,0.4673472716251042,0.00719737861751446,0.0006379196311722578,0.0,0.0,0.0,0.003951683264493764,0.0,0.0073694273207685086
s07M4822,0.022955526295824258,0.007734757767790737,0.020791167330500585,0.2673029398303743,0.09061116512762343,0.050771633794289395,0.12177430496430075,0.193514984774092,0.003918093137762624,0.04819405426860341,0.0,0.04034360446903809,0.04416248475864379,0.026602414144557756,0.06132286933659873
s08M4822,0.0,0.0,0.0,0.0,0.0,0.0,0.0,0.0,0.0,0.9193562553469973,0.08064374465300264,0.0,0.0,0.0,0.0
s09M4822,0.0018758687475991004,0.001197751327752833,0.004589216751324714,0.023247105149476602,0.004251938709144714,0.05090312603187878,0.00032971316013079906,0.03754505275395106,0.0007057525222767497,0.8543224547819086,0.0,0.0,0.003928131756596349,0.005746981115413277,0.011356907192546476
s10M4822,0.0,0.0014456284857882293,0.0018043230979964836,0.0,0.0034346014798581864,0.022827474299311926,0.0026582839798650116,0.019155474941971864,0.0013628154625688518,0.9347954269623877,0.0,0.0021515762509556747,0.003361974032265412,0.0027001657215230067,0.004302255285507636
s11M4822,0.00029433306498202305,0.005189602554518879,0.0035080475456764314,0.010980840743527608,0.00901343035027082,0.015168193845786779,0.005689241111246688,0.032599310090166415,0.0014070976103331939,0.8888151618474943,0.0,0.004787006131146773,0.006304050423315283,0.005141463153065977,0.011102221528468728
s12M4822,0.0,0.0011241214371910844,0.0,0.642751244918472,0.0,0.005778511608532748,0.0,0.007721002113001035,0.0,0.3359931592111191,0.0,0.006631960711683948,0.0,0.0,0.0
s13M4822,0.0022981979349521574,0.016938635489496368,0.016754882808004107,0.13262319746819454,0.02036827490038849,0.031183488275679173,0.007031342907402596,0.1541550374798917,0.01767196547019332,0.4884539750948122,0.0,0.034879240738262866,0.031434951754068054,0.019949253275411413,0.026257556403242947
s14M4822,0.003693232398391923,0.02026642384019515,0.04128442203245185,0.27341837427725424,0.053465800281885086,0.029263138747718104,0.02579324297533737,0.16797595466858828,0.01610309256707783,0.185313940471658,0.0,0.03156544797333192,0.04264729951259363,0.05211491834280354,0.057094711910713025
s15M4822,0.0025633974592744325,0.00848422759711444,0.015831992130441064,0.16747887722662033,0.06199515767869623,0.06930718710663368,0.05187981197250978,0.20878793297783346,0.0,0.044111017292411646,0.0,0.0609084670150218,0.03263582995579601,0.021581438249408568,0.25443466333823844
s01X4822,0.001969502730359362,0.0013019583554372033,0.0019387641352901072,0.016749109160053812,0.0,0.002898041929748136,0.915395076926186,0.005509095343934377,0.001678765625990576,0.009009010507649637,0.0009262129491184178,0.0009190388751069904,0.037456389184894294,0.0,0.004249034276231119
s02T4822,0.009332278564599592,0.0004338163679144742,0.03813936981303359,0.026387127645948673,0.12566561481696706,0.0008171832390739068,0.7066317115814633,0.0012663128384937758,0.00023658355572398143,0.001889005548429051,0.0,0.0009734195564512035,0.0,0.07240022759186687,0.01582734888003443
s03T4822,0.0,0.0,0.0,0.0,0.0,0.0,0.9995554836808964,0.0,0.0002929369514001356,0.00015157936770358323,0.0,0.0,0.0,0.0,0.0
s04T4822,0.0,0.0,0.0,0.0,0.013303541447180503,0.0,0.9797020209484604,0.0,0.00016821454881598173,0.000638571879853079,0.0,0.0,0.0,0.006187651175690101,0.0
s05T4822,0.0,0.0,0.0,0.045810054132487905,0.4011547576611777,0.0008723387883321095,0.4952461383549776,0.0023706595209706358,4.516611547593684e-05,0.003024454225278368,0.0,0.00036088619933637416,0.0,0.05111554500196339,0.0
s06T4822,0.28621057776493064,0.0,0.0,0.04590813259999996,0.43303528214869574,0.007967639190411444,0.067220880181763,0.027119862410563834,0.0,0.01223966769586238,0.0,0.008074966019616315,0.0,0.0874033536092301,0.024819638378926374
s07T4822,0.025221512752520027,0.007944217047000029,0.007362511671239508,0.158183981135165,0.06972241797817984,0.06325149229913564,0.06609675046183476,0.19037995410922287,0.0,0.2709257742836368,0.0,0.051956161202483093,0.03349411813029437,0.013187888997251408,0.04227321993203663
s08T4822,0.0,0.0,0.0,0.0,0.0,0.0,0.0,0.0,0.0,0.9373186672337478,0.06268133276625219,0.0,0.0,0.0,0.0
s09T4822,0.0,0.0,0.0,0.0,0.0,0.008279932898559316,0.011623309720865933,0.008886307931260686,0.0,0.9712104494493141,0.0,0.0,0.0,0.0,0.0
s10T4822,0.0,0.005191600854082558,0.0,0.0,0.0,0.0001829140295315677,0.0003324487190379925,0.0,0.0,0.9942930363973479,0.0,0.0,0.0,0.0,0.0
s11T4822,0.0,0.004306975564869022,0.0,0.0,0.0,0.0,0.000133070548415689,0.0,0.0,0.9955599538867154,0.0,0.0,0.0,0.0,0.0
s12T4822,0.0,0.008095483309863745,9.85152367835139e-05,0.0,0.0,0.0,0.0,0.0,0.0,0.9908817329613874,0.0,0.0,0.0,3.607231706910893e-05,0.0008881961748962526
s13T4822,0.0,0.003942545469523674,0.0,0.0,0.0,0.00016365066045204236,0.0,0.00020245121837310563,0.0010042551038412218,0.992232764386003,0.0,0.0020307055848995297,0.0004236275769073742,0.0,0.0
s14T4822,0.0030798113015471913,0.01192990743221194,0.0035023310983509515,0.03446189052982303,0.016996759583234895,0.009085099444994917,0.012620508794645133,0.05089972862014377,0.0030600961788293675,0.8176420012707171,0.0,0.011304208430509303,0.009256462179778116,0.004196401723053679,0.011964793412160862
s15T4822,0.005905143439800424,0.01247626558208812,0.00563092654420183,0.06651969913889787,0.0313850361664825,0.021441594793041314,0.021816364037780287,0.07975206319709846,0.0,0.6637926152084336,0.0,0.017860492789908474,0.03620728148055056,0.009405366562260988,0.027807151059455592
s02M4922,0.0,0.0,0.00019760757701028656,0.0,0.0,0.00036008134346515817,0.9959752414334178,0.0,5.566544500961094e-05,0.001779994265861677,0.0,0.0,0.0,0.00163140993523559,0.0
s03M4922,0.004580011325106562,0.0,0.001018174101186719,0.014351910865937095,0.03363339753211748,0.004866657054000531,0.9052173353833982,0.00799567689506031,0.00020145757823258946,0.005594576934379845,0.000517211880181821,0.0,0.011725912705100485,0.002398689884578535,0.007898987860719683
s04M4922,0.005400495569311737,0.009268326812095481,0.0,0.0,0.12536322779160847,0.003528221529191156,0.49517228656464235,0.0,0.0,0.0033765322020124027,0.0,0.0010563643629526661,0.3446535382662122,0.0063092443808272815,0.0058717625211461635
s05M4922,0.004690134384166944,0.0002838713281524509,0.0050010169689385766,0.01285018338911448,0.03679170142333765,0.0052688538084005535,0.8749239514046725,0.008426049450173317,0.0,0.005587475615475682,0.0,0.0005284869582570517,0.020615903790611446,0.018774532194422575,0.006257839284276895
s06M4922,0.0,0.006793991060631103,0.0,0.006762320235886746,0.3720707964205691,0.0,0.29801340585030955,0.0,0.0,0.0002487637553206976,0.0,0.001411485981361175,0.24229305981370555,0.0694157574648109,0.0029904194174050973
s07M4922,0.022716037450383048,0.010758014690468987,0.0019471077488044844,0.19088375741763805,0.05516549605578078,0.06827579433428452,0.16467883087286073,0.15218997409231616,0.0,0.1870025881114301,0.0,0.029864098664298445,0.06950875841706267,0.008346965789876674,0.03866257635479556
s08M4922,0.0,0.0,0.0,0.0,0.0,0.0,0.0,0.0,0.0,0.9160357295596073,0.08396427044039269,0.0,0.0,0.0,0.0
s09M4922,0.0,0.0064526269357833,0.0,0.0,0.0,0.0,0.0,0.0,0.0,0.9935473730642167,0.0,0.0,0.0,0.0,0.0
s10M4922,0.0001687374344703638,0.038508727053988626,0.0,0.014818353041128964,0.0,0.000568565936360105,0.0007431663668265846,0.03376872594425013,0.0,0.8981096047123089,0.0,0.0,0.00023450986390201754,0.0,0.013079609646764476
s11M4922,0.0,0.030729642622818486,0.0,0.0,0.0,0.0,0.000686725800171765,0.012902146233401536,0.0,0.9449996883527961,0.0,0.0,0.0,0.0,0.010681796990812136
s12M4922,0.0008711144326219167,0.03170009655980067,0.0,0.037403697329869354,0.0,0.0,0.002086535316732943,0.021567151866931686,0.0,0.8934299352739723,0.0,0.0,0.0007585711931063913,0.0,0.012182898026964607
s13M4922,0.0,0.03143565985558232,0.0,0.020004486657969646,0.0,0.0,0.0,0.01637293457251877,0.0,0.9208413176515897,0.0,0.0,0.0,0.0,0.011345601262339435
s14M4922,0.00315953979228501,0.01686388012771007,0.015919992102101852,0.19280054180097364,0.03255784744995983,0.015407937499792813,0.014398746116575921,0.0944227305109654,0.0,0.5268683045288463,0.0,0.004595136788064916,0.027055162290271894,0.014846875421388841,0.04110330557106353
s15M4922,0.011363670040257918,0.032604704836179464,0.007364587992261396,0.1239915688980454,0.024777779727319173,0.018102593936511598,0.020841057702046875,0.09958738079071079,0.0,0.5706367330884394,0.0,0.015008896568675425,0.018407609082124157,0.011931953512121984,0.04538146382530634
s01X4922,0.03585633127204194,0.001938539725519026,0.03189503725811181,0.23577386093536062,0.14144023004297943,0.044953651062637365,0.13130118244765526,0.12047078329329938,0.0029191685464788147,0.03039182821453739,0.002968224498426896,0.014250560707557567,0.03608576976536569,0.06843650384171272,0.10131832838831609
s02T4922,0.002312792554425371,0.0,0.010804209960758208,0.00374369625552985,0.0,0.0,0.9574021189530534,0.0,0.0,0.0027595896539664134,3.18580978662573e-05,0.0,0.0,0.02143182205785021,0.0015139124665502516
s03T4922,0.0018206941454754558,0.0007053344773803036,0.01040888782964348,0.05351341392446879,0.0,0.0024010803823958614,0.8669017011732495,0.009137560466799912,0.0,0.005989634369128022,0.0,0.0006907372855177371,0.026283594152844935,0.012902401947803406,0.009244959845292696
s04T4922,0.0,0.0,0.0,0.0,0.4277215529515331,0.009241587282261755,0.5289641687636714,0.0,0.0,0.0029376287131627956,0.0,0.0,0.031135062289370994,0.0,0.0
s05T4922,5.090668698312133e-06,0.00015891212270745272,0.0002584811046853208,0.0,0.056975950608361754,4.966455895551841e-05,0.9209225985835535,0.0,0.0,0.0006558265926023236,0.0,0.0,0.01962815416010938,0.0013453216003266831,0.0
s06T4922,0.00750113545486652,0.0005637465478831614,0.0015247544728907755,0.6463061327928158,0.15787554574209792,0.005596202385186687,0.05310169578504742,0.0011795752742154387,0.0,0.00938973530962872,0.0025786553463932253,0.0,0.07793764454319214,0.02073142224082364,0.015713754104958927
s07T4922,0.0,0.0,0.0,0.005033547366681619,0.02032418537249965,0.0,0.9746422672608187,0.0,0.0,0.0,0.0,0.0,0.0,0.0,0.0
s08T4922,0.0,0.0,0.0,0.0,0.0,0.0,0.0,0.0,0.0,0.8283514691284766,0.17164853087152337,0.0,0.0,0.0,0.0
s09T4922,0.0,0.0,0.0,0.8133288145145167,0.0,0.0,0.0,0.0,0.0,0.1866711854854833,0.0,0.0,0.0,0.0,0.0
s10T4922,0.0,0.0,0.0,0.0,0.0,0.0,0.0,0.0,0.0,1.0,0.0,0.0,0.0,0.0,0.0
s11T4922,0.0,0.0,0.0,0.0,0.0,0.0,0.0,0.0,0.0,1.0,0.0,0.0,0.0,0.0,0.0
s12T4922,0.0,0.0,0.0,0.0,0.0,0.0,0.0,0.0,0.0,1.0,0.0,0.0,0.0,0.0,0.0
s13T4922,0.017665107274512173,0.005569995458186454,0.017349672561026954,0.15731997521930827,0.09998466367162648,0.028328728823299603,0.4032542514888298,0.08943108719388733,0.0006216645169166095,0.04784511152244469,0.0,0.004327102113574632,0.024859991235530423,0.04024829954434574,0.06319434937651082
s14T4922,0.05630948917786844,0.0,0.0,0.7112737578396997,0.0,0.0,0.0,0.0,0.0,0.232416752982432,0.0,0.0,0.0,0.0,0.0
s15T4922,0.0,0.0,0.0,0.25341845164551874,0.0,0.0007234186661190784,0.0,0.0,0.0,0.0,0.0,0.0,0.0,0.0,0.7458581296883622
s02M5022,0.0,0.0,0.0,0.9105146491387085,0.0,0.0014641586195186145,0.0,0.0,0.0,0.0,0.0,0.006414309713062065,0.0,0.0,0.08160688252871083
s03M5022,0.0008027079697509954,0.0,0.0,0.09807816420513721,0.1854143909179523,0.001824278618962996,0.6778395739237707,0.001165902587325103,0.0,0.0009863835342380218,0.0,0.0,0.00678940871752021,0.016310660728665195,0.010788528796677127
s04M5022,0.0010149151985560463,0.0,0.002507964087527127,0.033634332195540385,0.2917151659457752,0.0026795768654824296,0.5769953933693077,0.002144109218672562,0.0,0.0037279178973419983,0.0,0.0,0.0,0.0778248172594458,0.007755807962350765
s05M5022,0.0,0.0,0.0,0.0,0.0,0.0,0.11635140619506656,0.0,0.0,0.0,0.0,0.0,0.004435657988723482,0.0,0.87921293581621
s06M5022,0.006964166621190147,0.0019317145174438,0.013344852372808951,0.028351652714290947,0.18729251270517516,0.00816651846257273,0.6102860090680668,0.005064842246266594,0.0,0.013588666412541441,0.0,0.00017970808746533757,0.06336285643555024,0.04875985862087316,0.012706641735754521
s07M5022,0.0,0.0,0.0,0.12136483255527719,0.0,0.00526664658104916,0.0,0.0,0.0,0.010473854193079597,0.0,0.0,0.0,0.0,0.862894666670594
s08M5022,0.0,0.0,0.0,0.0,0.0,0.0,0.0,0.0,0.0,0.8569357696997423,0.1430642303002577,0.0,0.0,0.0,0.0
s09M5022,0.0,0.0,0.0,0.0,0.0,0.0,0.0,0.0,0.0,1.0,0.0,0.0,0.0,0.0,0.0
s10M5022,0.9100081748475676,0.0,0.0,0.012811357415955781,0.0,0.0008550653715118934,0.0,0.00030256001391797463,0.0,0.0751602466134757,0.0,0.0008625957375710278,0.0,0.0,0.0
s11M5022,0.7482444661361574,0.0,0.0,0.007500381299647438,0.0,0.001227988065029796,8.201097364819178e-05,0.00292089393250884,0.0,0.2387685699405297,0.0,0.00034705651457175786,0.00029237469934284267,0.0,0.00061625843856411
s12M5022,0.7756929944323776,0.0,0.0,0.13577560579575929,0.0,0.0,0.0,0.0,0.0,0.0028933369809811243,0.0,0.0003120012529037564,0.0,0.0,0.08532606153797836
s13M5022,0.0,0.0,0.0,0.06074708188318277,0.0,0.0,0.0,0.0,0.0,0.010635857894712976,0.0,0.0,0.0,0.0,0.9286170602221042
s14M5022,0.030139915821690476,0.008818476087888948,0.01911857986376139,0.3447030817030125,0.0442099869323799,0.06276509657158383,0.03105262511985325,0.08782360930411676,0.00037420840641722513,0.20614207883467578,0.0,0.004675359381800116,0.026577078367705186,0.031027328015657652,0.10257257558945719
s15M5022,0.0,0.0,0.0,0.0,0.0,0.0,0.0009900660208919374,0.0,0.0,0.0015946384815050602,0.0,0.0,0.0,0.0,0.997415295497603
s01X5022,0.0,0.0011123185300455714,0.008080176288028163,0.05551842133815061,0.012870776089471674,0.00936579556666148,0.0230865991028635,0.016867752710576528,0.0,0.006616295488089441,0.0,0.0005566000664380325,0.017918897949456045,0.006012569709302193,0.8419937971609168
s02T5022,0.0027905150463656482,0.0,0.012640054059693241,0.084176637840053,0.0710638856430456,0.0,0.7996103368822408,0.0,0.0,0.0,0.0,0.0,0.0,0.026047507129502896,0.003671063399098908
s03T5022,0.0,0.0,0.0,0.0,0.09780652338260906,0.0,0.8943636360611731,0.0,0.0,0.0,0.00033241364479160893,0.0,0.00749742691142621,0.0,0.0
s04T5022,0.22246537779744066,0.0,0.0,0.5503791810831338,0.0,0.005934519523458405,0.22122092159596707,0.0,0.0,0.0,0.0,0.0,0.0,0.0,0.0
s05T5022,0.003528014864793514,0.0,0.0,0.07904376893210335,0.7003651712965985,0.002943312412471924,0.13940655277758238,0.0,0.0,0.004869297312869538,0.0,0.0,0.06788338597238391,0.0,0.0019604964311968876
s06T5022,0.0,0.0,0.0,0.8818535480137232,0.0,0.0,0.0,0.0,0.0,0.0,0.0,0.0,0.0,0.0,0.11814645198627685
s07T5022,0.0,0.0,0.0,0.5158988872408269,0.37395103281325787,0.0021968474233239996,0.003085609937800978,0.0,0.0,0.0,0.0,0.0,0.0,0.1048676225847902,0.0
s08T5022,0.0,0.0,0.0,0.0,0.0,0.0,0.0016095293333832725,0.0,0.0,0.7684516293013424,0.22993884136527443,0.0,0.0,0.0,0.0
s09T5022,0.0,0.0,0.0,0.0,0.0,0.0,0.0,0.0,0.0,1.0,0.0,0.0,0.0,0.0,0.0
s10T5022,0.022075419193962706,0.004107199201845781,0.0029399026380567293,0.1729691760138457,0.007715852633201638,0.01858430933980958,0.09008041563232132,0.06985015178942537,0.0003547713640150232,0.5659418647321214,0.0,0.010750396088907955,0.008696154844071548,0.00301086572840893,0.022923520800006102
s11T5022,0.0,0.0,0.00012121554562072408,0.0,0.0,0.0,0.00042601755368879343,0.0,0.0,0.9990424913928954,0.0,0.0,0.0,0.0004102755077951464,0.0
s12T5022,0.008426648594905889,0.0010375778116349325,0.0013830836025103723,0.04916957627464257,0.0015855373286659433,0.005523778890808069,0.002026200217311678,0.01956270744911169,0.0021016610137948237,0.8872774405766807,0.0,0.003771188381623599,0.004668518318840836,0.0020567400326858224,0.011409341506783115
s13T5022,0.011280183920960642,0.003574077461402212,0.0016725424064584066,0.11229519998661686,0.0013656462798086824,0.013082411539284544,0.005846440033174074,0.05228679450888818,0.004702261686546248,0.7579985119947165,0.0,0.013086693334286394,0.008869377776713245,0.001150582168037192,0.01278927690310692
s14T5022,0.017140338077008505,0.0025450987600775443,0.010860691497952164,0.20087839954143508,0.012851531047516958,0.021580175836036636,0.01043722666255955,0.07317588989266559,0.0026303859577349142,0.5829174681247216,0.0,0.014001512852051928,0.013067844939838206,0.012075785128024196,0.025837651682376863
s15T5022,0.061573763751498194,0.0,0.0,0.423356172040398,0.0,0.0003933610191292184,0.0,0.0,0.0,0.0,0.0,0.0,0.0,0.0,0.5146767031889746
s02M5122,0.025808486742227705,0.0030589767891909254,0.09801885451127798,0.13829046289066854,0.2608824738165249,0.016492197159553676,0.11116554080852618,0.0719893509242609,0.0,0.015267544399336329,0.0,0.020687276374168246,0.0031193542147515277,0.1947844684279161,0.040435012941597064
s03M5122,0.03610034932455277,0.0024883195678367413,0.030277130218341004,0.3257974834269342,0.10813820398136093,0.017303558653888527,0.17794594897712118,0.08906951817624459,0.0008083956198080259,0.05564154617671062,0.0,0.0038388907937345965,0.022816930497120608,0.054414956511040065,0.07535876807530624
s04M5122,0.01800949666911538,0.007051200377000428,0.05172709609078364,0.32781478327610764,0.08314852507757918,0.010547592301482996,0.16564219214047501,0.08523938760443961,0.0,0.03828465325332465,0.0,0.005355119161340562,0.02302952721176535,0.10748756211377734,0.07666286472280828
s05M5122,0.0,0.0,0.0,0.0,0.01669558062970313,0.0,0.978429821246517,0.0,0.0,0.0,0.0,0.0,0.0,0.004874598123779898,0.0
s06M5122,0.039375905189248654,0.0026989438221738985,0.03998970258316961,0.10641070314815461,0.1735616000422685,0.01198563200949457,0.3682130196495761,0.022428351450532902,0.0033462532726949296,0.006601313015496766,0.0029985251823652177,0.0003418060028685207,0.06197421877236702,0.10822394283996331,0.05185008301962545
s07M5122,0.0032864920690374496,0.0022418118783390966,0.00543045841713319,0.07151065898907344,0.004017107234779317,0.004051269615423967,0.8144899580493848,0.03445403401234907,0.0,0.024226762811480815,0.0,0.004339718838523139,0.006084379721306411,0.010020902650321779,0.01584644571284771
s08M5122,0.0,0.0,0.0,0.0,0.0,0.0,0.0,0.0,0.0,0.6479323917923584,0.35206760820764166,0.0,0.0,0.0,0.0
s09M5122,0.0,0.0,0.0,0.0,0.0,0.0,0.0,0.0,0.0,1.0,0.0,0.0,0.0,0.0,0.0
s10M5122,0.0,0.0,0.0,0.0,0.0,0.0,0.0,0.0,0.0,1.0,0.0,0.0,0.0,0.0,0.0
s11M5122,0.0,0.0,0.0,0.0,0.006812212295025094,0.0,0.005634776166943313,0.0,0.0,0.9875530115380317,0.0,0.0,0.0,0.0,0.0
s12M5122,0.0,0.0,0.0,0.0,0.0,0.0,0.0,0.0,0.0,1.0,0.0,0.0,0.0,0.0,0.0
s13M5122,0.007204628993352089,0.0,0.0012205199736846702,0.15721320532963384,0.0,0.0,0.0,0.0,0.0,0.8329322922347174,0.0,0.0006838509252708249,0.0,0.0,0.0007455025433410783
s14M5122,0.014107290383002171,0.0010881345825394257,0.008514602574650068,0.32336938713088936,0.007291664794182303,0.004482822851912767,0.008575868703795612,0.02486469975897385,0.0015245704584656604,0.5808592181850009,0.0,0.00200632156011915,0.00521146958468113,0.004107770157099614,0.013996179274688115
s15M5122,0.03254110375228451,0.0093585115633674,0.017443396511435987,0.2595438757117662,0.04480099361115446,0.028066691415783624,0.03267935880986586,0.1364191251933478,0.0006796516065374024,0.30749549343813726,0.0,0.021760493727484963,0.029689216128435295,0.020541094495470227,0.05898099403492902
s01X5122,0.0,0.00042645274183782805,0.0,0.2906600545511058,0.0,0.008470421068931906,0.0,0.005058384841898217,0.0,0.0,0.0,0.00011200159534291651,0.0,0.0,0.6952726852008835
s02T5122,0.00303895720333165,0.0,0.013164634694299886,0.001820460616437404,0.3465851741910915,0.0,0.6152961465044686,0.0,0.0,9.770812133147485e-05,0.0,0.0,0.0,0.01076843823632261,0.009228480432716802
s03T5122,0.00012125158909949501,0.0,0.0,0.015471038137337901,0.0,0.0,0.9844077102735626,0.0,0.0,0.0,0.0,0.0,0.0,0.0,0.0
s04T5122,0.013725004520540244,0.0012179699850866739,0.006283226331762499,0.0310599575130865,0.075645364859156,0.001968788276719083,0.7743651247827428,0.0027076113366626495,0.0,0.004804198466983823,0.0011351910302802944,0.0,0.040313306224682925,0.028036283986356235,0.018737972685940237
s05T5122,0.5370141283825349,0.0,0.0,0.41810411265912434,0.007836250864754325,0.0010438999049782825,0.018112652122901855,0.0,0.0,0.0,0.0,0.0,0.0,0.0,0.017888956065706337
s06T5122,0.0017882387003101555,0.0,0.0,0.08839529525239,0.07117768965104324,0.0,0.827618747376001,0.0,0.0,0.0,0.0,0.0,0.0,0.010224417526854122,0.0007956114934015705
s07T5122,0.012111054264000358,0.00242403123227229,0.03219660220880503,0.1187048512972166,0.09804525900770973,0.0009803133440969183,0.6039449979872068,0.01009828985862729,0.00016302425213989637,0.010059620896276336,0.0,0.0023607422317316355,0.0021503123328872834,0.07013298118975252,0.03662791989727734
s08T5122,0.0,0.0,0.0,0.0,0.0,0.0,0.16825979645809475,0.0,0.0,0.5243528902445382,0.307387313297367,0.0,0.0,0.0,0.0
s09T5122,0.0,0.0,0.0,0.0,0.0,0.0,0.0,0.0,0.0,0.8529798299731799,0.14702017002682016,0.0,0.0,0.0,0.0
s10T5122,0.024054997258437225,0.005307778564645586,0.0029463250694323003,0.18748590405920612,0.0,0.026104875303240706,0.359081087329981,0.08183030099349574,0.0005439292748210692,0.25940625320008726,0.0,0.01356647010048317,0.010717349481859989,0.0,0.028954729364309907
s11T5122,0.0,0.0,0.0,0.0,0.0,0.0,0.01381191947904259,0.0,0.0,0.9396323524690768,0.039180719758537215,0.007375008293343435,0.0,0.0,0.0
s12T5122,0.004300919649434664,0.0,0.0004653411801856739,0.06378312359095457,0.0024377151454848607,0.0,0.0,0.0,0.0,0.9212143225032324,0.006602247440526101,0.0,0.0,0.000394945322941799,0.0008013851672398864
s13T5122,0.0016807800188404698,0.0,0.0,0.07373581197216031,0.0,0.0,0.0,0.0,0.0,0.9245834080089993,0.0,0.0,0.0,0.0,0.0
s14T5122,0.013864636392793466,0.0001751677748553039,0.002177328624628029,0.09631496049077214,0.005504964316061072,0.0009645776836984355,0.004207556133674995,0.003382004572871415,0.00021003976435903624,0.8592318273691962,0.0,0.0006723485011826503,0.00236781380847052,0.0025355375717436616,0.008391236995693
s15T5122,0.03172712324103081,0.006193053300449468,0.011080549645389808,0.17090617451499324,0.022824089864632045,0.0036655320162592014,0.019015859428322426,0.05359914982108935,0.0013061328608766343,0.5940774170725359,0.0,0.00025261076777479693,0.012876808926553152,0.019543340612593867,0.05293215792749938
s02M5222,0.43005896468361615,0.0,0.0,0.5699200778898429,0.0,0.0,0.0,0.0,0.0,0.0,2.0957426540989377e-05,0.0,0.0,0.0,0.0
s03M5222,0.16214487435227284,0.0,0.0,0.8378551256477271,0.0,0.0,0.0,0.0,0.0,0.0,0.0,0.0,0.0,0.0,0.0
s04M5222,0.0,0.0,0.0,0.08043503084174985,0.024905737195030635,0.0,0.8870791551125982,0.0,0.0,0.0,0.0,0.0,0.0,0.007580076850621412,0.0
s05M5222,2.710870440826232e-05,0.0,0.0,0.011270439502422621,0.0033123221215351603,0.0,0.9853901296716339,0.0,0.0,0.0,0.0,0.0,0.0,0.0,0.0
s06M5222,0.0,0.0,0.0,0.2576775592196274,0.2656431026383806,0.0,0.3848942136666747,0.0,0.0,0.0,0.0,0.0,0.0,0.0822682447114172,0.009516879763900112
s07M5222,0.9745186676983703,0.00023647418619885066,0.0,0.002238809199788728,0.0,0.002434858574347931,0.010509485209336375,0.002622390339978843,0.0,0.002632836738538186,0.0,0.00027836247244525625,0.001668450114253434,0.0,0.0028596654667420573
s08M5222,0.0,0.0,0.0,0.0,0.0,0.0,0.00054093152097649,0.0,0.0,0.30977407565320797,0.6896849928258154,0.0,0.0,0.0,0.0
s09M5222,0.012393772302118964,0.00040032065780215564,0.0020364054291163924,0.13049885335892777,0.005438493952452558,0.00044366071569795654,0.0013253898139021422,0.022913498852027033,0.0015493844386581831,0.7739949384293943,0.019488150972445568,0.0,0.02067511876242511,0.0,0.008842012315032025
s10M5222,0.04888388645354851,0.00699968467607058,0.0018829099190357497,0.3480470454385447,0.012843619071545635,0.02422899147353408,0.022728849442324495,0.10288904436563823,0.00046024918979184845,0.3461310732124195,0.0,0.00326008257505307,0.023904923526613345,0.0,0.05773964065588028
s11M5222,0.01858554117442421,0.0007836459875916635,0.0,0.3647513626888771,0.0,0.0,0.0,0.0022061150057655983,0.0,0.6126260437224774,0.0,0.0,0.0,0.0,0.001047291420863911
s12M5222,0.027862900892348073,0.008069300476762303,0.0008475201720794149,0.3604303038005237,0.0,0.001352373581674866,0.0026611418105605858,0.05537154373287467,0.004554326496319547,0.5072123184247818,0.0,0.007972660074507427,0.008545266420838601,0.0,0.015120344116729013
s13M5222,0.054690527066880254,0.006777627201104602,0.0007199156418512901,0.3633582253704829,0.0,0.011195619611789777,0.002785301011242255,0.06727071272290774,9.393465522451978e-05,0.43902815506794696,0.0,0.001971604100438755,0.011943047105795244,0.0,0.04016533044433577
s14M5222,0.02745456751936174,0.0006686434476474484,0.0,0.38978140615854306,0.01866056473445518,0.005812932153691829,0.13419235921356415,0.034477388561685515,0.0,0.38407149326075024,0.0,0.0005162868524826095,0.003397680861591665,0.0,0.000966677236226524
s15M5222,0.036553374700510385,0.007647363605691307,0.014442622642529815,0.36967741834363615,0.038622453822960506,0.010331177142845833,0.10682443267098456,0.09922692631663672,0.0004584938843947739,0.23581127918559167,0.001660637369417662,0.0006952991661564833,0.02210422903434781,0.007202660004503342,0.04874163210979294
s02T5222,0.0014595348788041097,0.0,0.0033722574606037995,0.0023622991616979493,0.0,0.0,0.9675261303434992,0.0,0.0,0.0,0.015901429378130476,0.0,0.0,0.008454803220025701,0.0009235455572385326
s03T5222,0.0,0.0,0.0,0.0,0.0,0.0,1.0,0.0,0.0,0.0,0.0,0.0,0.0,0.0,0.0
s04T5222,0.0,0.0,0.0,0.10513630598303042,0.0,0.0,0.8948636940169696,0.0,0.0,0.0,0.0,0.0,0.0,0.0,0.0
s05T5222,0.0004349071992381429,0.0,0.0,0.0,0.02013045785778806,0.0,0.9741014813636257,0.0,0.0,0.0,0.0,0.0,0.0,0.005333153579347987,0.0
s06T5222,0.0,0.0,0.0,0.031522809781977294,0.0,0.0,0.9684771902180227,0.0,0.0,0.0,0.0,0.0,0.0,0.0,0.0
s07T5222,0.0012283112160242848,0.0,0.03741312330332142,0.23350114918013387,0.1729153238696588,0.002981051889258063,0.39034618098673374,0.0319961806204662,0.0,0.00726154850699679,0.0,0.00042562433008926125,0.003793243501692892,0.07896982875778938,0.03916843383783554
s08T5222,0.0,0.0,0.0,0.0,0.0,0.0,0.0005373760469712792,0.0,0.0,0.05271292523935268,0.9467496987136761,0.0,0.0,0.0,0.0
s09T5222,0.06559587863089843,0.0038424809484574577,0.0014283770789084512,0.11094691499158801,0.02045831998568426,0.006271685164580202,0.027008564614542985,0.032783324589743444,0.0,0.5031380944396526,0.20302336320806227,0.0034595839962956606,0.010271277870200546,0.0,0.011772134481385884
s10T5222,0.025583807112541622,0.005563431282836131,0.002369612558025687,0.3538479777346033,0.0035713046195310124,0.010000493408154698,0.015621610823460036,0.07590478920716769,0.00024352995810696533,0.36922488496171474,0.08668146788061944,0.0028015163200681256,0.016958334887152312,0.0,0.03162723924601832
s11T5222,0.009262422332040537,0.005932287382282053,0.0003721094458789753,0.09508249539687108,0.0,0.0007901598060364639,0.003281742802923823,0.005661427651324158,0.00012719365651391905,0.5941834289056918,0.2737390479353116,0.00017673330802053997,0.0008788175289967809,0.0,0.010512133848108444
s12T5222,0.020534287622262132,0.03940071899386869,0.005208171011204225,0.18889588242400862,0.0,0.02466974850340207,0.0024601048773988444,0.24264015361933508,0.03484557887031948,0.28524026511552747,0.01697911099780523,0.05986212338696096,0.04496031102554172,0.006925283109425687,0.027378260442939912
s14T5222,0.01796775951320206,1.8462208877070958e-05,0.0,0.44926700461719893,0.0,0.0,0.0,0.0,0.0,0.532746773660722,0.0,0.0,0.0,0.0,0.0
s15T5222,0.04909996548909632,0.011533348284558025,0.017821105016921936,0.337579942181553,0.04034322256880674,0.02492580553148155,0.10243249060490436,0.09034580849502592,0.0010907815957291016,0.15078003479323895,0.014520452938793253,0.0010018077932989152,0.0328051316829796,0.030758047119875318,0.09496205590373699
s02M0123,0.0,0.0,0.009231907289237755,0.1787725380678209,0.5334262497728045,0.0,0.24415923224791675,0.0,0.0,0.0,0.0,0.0,0.0,0.034410072622220095,0.0
s03M0123,0.00451421101589544,0.0,0.0022145257996101283,0.010783590441758946,0.01940109673345309,0.0,0.9442151805805414,0.0,0.00013806454064419648,0.0003637941766298517,0.000122112041285007,0.0,0.0,0.012909720510933108,0.0053377041592485245
s04M0123,0.011843130161619305,0.0,0.0,0.021707135948507705,0.04682570265800484,0.0,0.9176374711702391,0.0,0.0,0.0,0.0,0.0,0.001235549893478483,0.0007510101681507289,0.0
s05M0123,0.0,0.0,0.0,0.06443073926147824,0.010900553823592094,0.0,0.866282198653024,0.0,0.0,0.0,0.0,0.0,0.0,0.004619513615127482,0.05376699464677814
s06M0123,0.0,0.0,0.0,0.0,0.0,0.0,1.0,0.0,0.0,0.0,0.0,0.0,0.0,0.0,0.0
s07M0123,0.0,0.0,0.0,0.028837437727647627,0.1642538350935519,0.0,0.7472009385392817,0.0,0.0,0.0069638039289145635,0.0,0.0,0.0,0.05274398471060423,0.0
s08M0123,0.0,0.0,0.0,0.0,0.0,0.0,0.0004959277356408276,0.0,0.0,0.1437192569502795,0.8557848153140796,0.0,0.0,0.0,0.0
s09M0123,0.7810125849853045,0.0013453587659208544,0.0,0.034944455778374954,0.0,0.03253788278634517,0.004110224853879296,0.02455425925137554,0.0,0.0774808703213564,0.036392578249703426,0.00042880136605483236,0.003881565290949266,0.0,0.003311418350735776
s10M0123,0.037582874370736916,0.0029744973025587276,0.0048391369305938545,0.4365501776997322,0.0,0.0021157830755078703,0.00398583720336089,0.02150280460875859,0.0,0.4721248663274057,0.0,0.0004174845448837893,0.003838581796243326,0.0,0.01406795614021801
s11M0123,0.008883398935995126,0.006684295836170829,0.0027040735392082887,0.21892159723366303,0.0,0.0,0.0028709971404447037,0.0046314665338076585,0.0,0.7477727031814356,0.001216313195341898,0.0002514885778531057,0.0013290804552243927,0.0,0.004734585370855259
s12M0123,0.014754383861909786,0.008566271455850318,0.0,0.26869241149224826,0.0014982249033657486,0.0005423312822739646,0.01206584038760896,0.012559027043317175,0.0025060144843212714,0.6740076885242172,0.0,0.0035789892494315747,0.0011145808400736363,0.0,0.00011423647538213743
s13M0123,0.5689410876983405,0.0008782649560355929,0.0,0.13261335634873653,0.0,0.0,0.0,0.0,0.0,0.29756729099688745,0.0,0.0,0.0,0.0,0.0
s14M0123,0.01848308979533539,0.003133492258380547,0.00017419210261502077,0.30882268408076263,0.0,0.006386020631974251,0.003500797474024308,0.03857927551795597,0.0,0.4029317740462785,0.0,0.015029203137019019,0.01754751822285086,0.0,0.18541195273280345
s15M0123,0.0,0.0022761793744016,0.0,0.08147260315997155,0.0,0.0039327415553092274,0.08541674627829583,0.01609709778536445,0.0,0.09426734440796372,0.0,0.0,0.0,0.0,0.7165372874386936
s01X0123,0.0,0.0,0.07744815342486817,0.5008085029737439,0.06148749222628289,0.02249516703899822,0.023922406333419872,0.11900670559585676,0.0,0.015617447967365288,0.0,0.021183089024342457,0.029957474437209468,0.07092700294549284,0.057146558032420164
s02T0123,0.03610800792872941,0.0022975760451327512,0.08135138770025226,0.19338117024927864,0.2307682340349879,0.005819110471407399,0.11010490584302983,0.025424611732816165,0.0,0.005841905364273451,0.0,0.0013583718503973996,0.10000895598507901,0.15821180516518255,0.04932395762943314
s03T0123,0.0347711880344516,0.0036647025184534496,0.04421384184494987,0.2635164746048174,0.1554625885255965,0.02305037434030146,0.1320881173875378,0.048165250079043084,0.0007570375396493704,0.009017500830069854,0.004765478416684125,0.0033656732525150536,0.12506254884021614,0.086969902192156,0.06512932159355839
s05T0123,0.025413831190664014,0.0,0.0530381973817835,0.16618915476733076,0.13716443480527057,0.0033590211941246727,0.4232221164644855,0.025176032829887413,1.0886675651505419e-05,0.019539669542989302,0.0003409406009666079,0.0,0.00026487770942102123,0.10313220750156825,0.04314862933585692
s06T0123,0.042160402715948,0.0,0.0038534046301436113,0.056310886489140656,0.672421565346724,0.0,0.0013981267621587985,0.0,0.0,0.0,0.0,0.0,0.0,0.20687345956930855,0.016982154486576265
s07T0123,0.03342188765059758,0.001492394047944565,0.07449004049955932,0.19639317088372543,0.22328904399432678,0.012941009311569506,0.09322557309789418,0.06400477427119515,0.0010197567991316904,0.008324695144978085,4.462642669126207e-05,0.005906254144697325,0.08641227817409432,0.14273129781691765,0.056303197736677094
s08T0123,0.0,0.0,0.0,0.0,0.0,0.0,0.0,0.0,0.0,0.23746940348866005,0.76253059651134,0.0,0.0,0.0,0.0
s09T0123,0.0033946170053132207,0.02941486463629076,0.0017619754509011366,0.08435703447807794,0.013219977111275732,0.0012557624631758936,0.004922999701004164,0.014045244418565075,0.0,0.8077323368067937,0.025466881390745485,0.0,0.006523857835689211,0.0,0.007904448702167737
s10T0123,0.0014372705530200812,0.021911095143305897,0.022965152573489255,0.2977534301837076,0.0,0.031095363394961575,0.0,0.15125248875521755,0.06535883752029596,0.00029588572629718734,0.04057446724475893,0.0,0.3673560089049459,0.0,0.0
s11T0123,0.02709267383393496,0.025183966975289716,0.012578670967348536,0.34611145765239676,0.024220509895874095,0.01754075876289372,0.017192257699688875,0.13689190732203182,0.010495454548028008,0.26936874983780573,0.0032960276594854545,0.020060373317163673,0.02981294526536019,0.014127252860941839,0.04602699340175643
s12T0123,0.014210316858506955,0.010193095991130663,0.03914613477590005,0.4124160378078735,0.038614181798403965,0.014408634453506104,0.01697263749526364,0.11581010431921475,0.003368781077540128,0.19918874444110027,0.0,0.009316811945292125,0.0346299561307292,0.035379700623150864,0.05634486228238774
s13T0123,0.9399394296409551,0.0007525415211246368,0.0,0.021086700208341344,0.0,0.0008085416673511113,0.0006256656221596828,0.0065799464147809975,0.00031045443117406953,0.027065080086312455,0.0,0.0010799257213135018,0.001751714686487319,0.0,0.0
s14T0123,0.016384434442591363,0.007108661291203572,0.03048905114452868,0.3958873578933798,0.05499190207870936,0.02218271556840281,0.030799208106385593,0.14759504214105848,0.0,0.14249664293067582,0.0,0.02191843052198371,0.03799508097348959,0.03135473117087315,0.060796741736718146
s15T0123,0.006307494454350358,0.0,0.019034353833494114,0.7979160665724854,0.008769986293951083,0.0038146344603663734,0.011419323290290984,0.020510337605134384,0.0,0.004242991124694241,0.0,0.0014911627246720605,0.08038442080319323,0.01260713010773562,0.03350209872963212
s02M0223,0.017742265078912297,0.0062759377855273,0.05517745850388167,0.32646790386704394,0.12895081461992736,0.011065252083766188,0.06584308440784567,0.07071413368988633,0.0,0.08153135143065127,0.051393319376861306,0.005345581585711978,0.023521575953727756,0.10833122048271604,0.04764010113354094
s03M0223,0.0002985638320195411,0.004725218031911011,0.027572999032165747,0.4421959896677422,0.013367727562614558,0.0033646264878656428,0.27191258288313286,0.06678447219331311,0.0,0.08743883401234578,0.0,0.003915424036365162,0.01605095025652952,0.027865520353728808,0.034507091650265956
s04M0223,0.008628892633075064,0.0013837795937962965,0.01655506637998759,0.043544149089766095,0.035340405463140746,0.002364654621935523,0.794947914175564,0.022153081362334476,0.00032736850558511146,0.008692287562431213,0.0006206126270928592,0.0012907288025723175,0.0036615941080795846,0.042544391183258486,0.01794507389138065
s05M0223,0.0,0.0016145248374411865,0.013029766108827131,0.5103408631577867,0.022955370285709643,0.0,0.40195050208772604,0.0,0.0,0.014212884526133516,0.0,0.0005779175710933688,0.012166896897828633,0.023151274527453893,0.0
s06M0223,0.0015779491233692735,0.0,0.00999741727128047,0.008362096652553276,0.006976768476258755,0.0,0.935492186793259,0.0,0.0,0.001655924429613312,0.0,0.0,0.0,0.023609550360483053,0.012328106893182882
s07M0223,0.6783213826976947,4.4352499066581374e-05,0.0,0.14983412228946824,0.002242481740239655,0.004416871784706777,0.11671806010200966,0.01994341702426812,0.0,0.019407164448557435,0.0,0.0036670724524792164,0.0054050749615095805,0.0,0.0
s08M0223,0.0,0.0,0.0,0.0,0.0,0.0,0.0002730746117004403,0.0,0.0,0.2218917318447595,0.7778351935435401,0.0,0.0,0.0,0.0
s09M0223,0.006299688866399028,0.005126273282906583,0.0025179139286324497,0.06557888627985184,0.012510592550949502,0.004800558784863546,0.008168980654805135,0.04855594934575707,0.0,0.7449200827918697,0.07360962880720293,0.0013507324799663378,0.009035936948148294,0.003544522214817217,0.013980253063830415
s10M0223,0.02459738460390147,0.013162551443522127,0.011358495688818897,0.23423414873419332,0.04350675592764158,0.009241642529040422,0.027986536170660267,0.1257222102370801,2.2456866665413893e-05,0.3135793784269582,0.03061039283341788,0.003668138453351312,0.08194466770895237,0.01548560625686857,0.06487963411892808
s11M0223,0.00397265163361112,0.006077349512674135,0.003195147696808267,0.07065010525524394,0.01054907732185967,0.0006402946996300881,0.00813747229525544,0.019471813367600052,0.0,0.7899141917656249,0.06287433044466169,0.001445708494471186,0.0052958456441932035,0.005339485098058142,0.01243652677030808
s12M0223,0.01085750734663499,0.010319068090857806,0.004073587886053569,0.1916101302028096,0.013187813615193153,0.0040324592633039415,0.00987874449684167,0.0498399962130536,0.0018734336050426504,0.6308379333100986,0.02745510597591607,0.006682243385017962,0.011330537803540186,0.008139269665573337,0.01988216914006285
s13M0223,0.012130414149789907,0.011257312087742442,0.007681339985411161,0.15267755901794403,0.020856950285098208,0.00444224239406097,0.012429754314639135,0.06272796694520631,0.0015490367276498418,0.6039669851563547,0.05197484182985271,0.0046217632795273605,0.015335299783368958,0.012008628967826649,0.026339905075527633
s14M0223,0.0,0.000804750917199438,0.0,0.0,0.0,0.0,0.00450682446570061,0.0034079119562332085,1.995038624264311e-05,0.026921783704568547,0.0034929269809840504,0.0009433152134197471,0.0,0.0,0.9599025363756517
s15M0223,0.0340697241149218,0.003364566888439867,0.015638683936945882,0.3407667473045902,0.06428662801244799,0.01586641861091327,0.03219148447619505,0.1120172669818204,0.00044270238999234615,0.1941148914592361,0.017513577936334904,0.003042830016127676,0.049769708341409306,0.03185535153513557,0.08505941799548958
s01X0223,0.0,0.0,0.0,0.9990572208972422,0.0,0.0,0.0,0.0,0.0,0.0,0.0,0.0,0.0,0.0,0.0009427791027577268
s02T0223,0.0,0.0,0.0,0.7550889270275848,0.0,0.0,0.0,0.0,0.0,0.0,0.24491107297241532,0.0,0.0,0.0,0.0
s03T0223,0.0,0.00021445360683087155,0.0,0.006580280422262142,0.0399541436927578,0.0,0.9221995316728497,0.0,0.0,0.0,0.0,0.0,0.006632812729672746,0.014400506164395706,0.010018271711231002
s04T0223,0.0,2.9286028480526823e-05,0.0,0.00015310619945890395,0.0830375046982136,0.0,0.8925898066739573,0.0,0.0,0.0,0.0,0.0,0.008615809310689513,0.015574487089200199,0.0
s05T0223,0.0,0.0,0.0,0.0,0.0,0.0,1.0,0.0,0.0,0.0,0.0,0.0,0.0,0.0,0.0
s06T0223,0.0,0.00034586480871666745,0.004885317179119145,0.1608983273482844,0.012282294704540194,0.0,0.7948596630945141,0.0,0.0,0.0004622018407026007,0.0,0.0,0.01965673194333391,0.00468550836196317,0.0019240907188259797
s07T0223,0.0094110937598899,0.004018408390375441,0.011380688018914014,0.3033689854429715,0.0782935415053369,0.01379364450627355,0.26077994081855066,0.12700364118913146,0.0,0.06713149866336136,0.0,0.005061355783035552,0.05487984766406686,0.01377104353045097,0.05110631072764177
s08T0223,0.0,0.0,0.0,0.0,0.0,0.0,0.0022493012084326435,0.0,0.0,0.08709633109535231,0.9106543676962151,0.0,0.0,0.0,0.0
s09T0223,0.004166246272670757,0.015958719362553057,0.0027728768512784506,0.12020545551027766,0.04165075622988483,0.004819732120931867,0.007600676272047613,0.06792964671710333,0.0,0.5356083452153317,0.14586201003599997,0.0006401331149905135,0.025137220155202505,0.0,0.027648182141727613
s10T0223,0.02680307305928207,0.022532756254455933,0.006637646835440199,0.26244827968821194,0.032426306467038195,0.021599793269465577,0.031951297114730104,0.1565676477620206,0.005943765939345164,0.12527325153347318,0.04730423138715086,0.018574910092930295,0.15911476045869194,0.014389722419546733,0.06843255771821699
s11T0223,0.009988579526262508,0.021644726904832833,0.0052540096397959216,0.09910477713872604,0.01699289851667835,0.005749512881698946,0.012620901464346246,0.05197786975908014,0.0020419664326276625,0.48588417270360346,0.2380312114465875,0.0045404116845492205,0.012857078211823268,0.008029152532591398,0.025282731156796464
s12T0223,0.03221418778096134,0.03264343368547569,0.015302667419002419,0.1849502074350806,0.02984102312806106,0.020543840817722887,0.007759907645223435,0.10585409891066518,0.019603886053686074,0.3121476697386471,0.06906871796007209,0.019437222979334097,0.07500952742077883,0.014262896843191476,0.0613607121820977
s13T0223,0.004270226053273701,0.013616698860331684,0.0028842605542488938,0.5525699029871894,0.008991070397796525,0.013465515900102644,0.009035528592434077,0.0677593529110322,0.00033079519099907305,0.1671307904715804,0.009462862560246612,0.005786011663304767,0.12290390328718179,0.0,0.021793080570278307
s14T0223,0.07847363800068777,0.0011851663506381067,0.00504376688574628,0.27010837068553717,0.01792613261011036,0.010792823895678622,0.00512739790488214,0.05870425249383587,0.0016016941531458028,0.22230634588613982,0.006147216151499425,0.016050560800388795,0.16826890089412644,0.009091801251223228,0.1291719320363602
s15T0223,0.9133217084811248,0.0011808920351040369,0.0016355021738927494,0.03024586186618558,0.003836916324285558,0.0021213156933049737,0.0029328817541177075,0.016337807466974157,0.0,0.01842892249995968,0.0,0.0005745197456874705,0.007781439103747993,0.0,0.001602232855615
s02M0323,0.00527991411872428,0.0012333663842681592,0.008277973052519113,0.05582062236722095,0.026510664503312888,0.0029942984186579796,0.8134008426953622,0.01218786897458321,4.4486192312250855e-05,0.02441725001505367,0.006225597932656942,0.0006400550128639774,0.013879563419280084,0.016223670681934147,0.012863826231250179
s03M0323,0.031918063072443825,0.008310818263866064,0.0221041451640064,0.1879988002118869,0.1488935445995626,0.0069809142700903385,0.08180607269176539,0.0333927929656523,0.0,0.04820620819813772,0.0,0.0027054867471297734,0.24832668718440004,0.10023981823912069,0.07911664839193791
s04M0323,0.003063371533102512,0.001962795809733393,0.002981758245036321,0.06635787312580987,0.010737340955748003,0.0007367567250660427,0.8209694502560082,0.0,0.0,0.0,0.0,0.0,0.0781958651226118,0.009454381230778873,0.005540406996104968
s05M0323,0.0,0.0,0.0,0.0005943347616091524,0.0026367554383463078,0.00013654588932459862,0.9898526065126474,0.0,0.0,0.0,0.0,0.0,0.0,0.0067797573980726104,0.0
s06M0323,0.01853742139722641,0.0013491767572636835,0.0552401015739263,0.09407988489790442,0.1677987912733382,0.01313649215217767,0.43976871530059913,0.012452293791904158,0.0,0.006696009370903943,0.0,0.0007675645065635135,0.031110024889028684,0.1228180857963654,0.03624543829279849
s07M0323,0.023655737950382,0.0042792776896570595,0.01875490998310401,0.16801143273100702,0.1674531199446721,0.029994742171455046,0.2310333361672434,0.05381491388120796,0.0,0.018811857929998385,0.00012090856601500597,0.0020676425261351486,0.15563075174264326,0.054229735920624925,0.07214163279585468
s08M0323,0.0,0.0,0.0,0.0,0.0,0.0,0.0006240195644294993,0.0,0.0,0.055264823890170546,0.9441111565454,0.0,0.0,0.0,0.0
s09M0323,0.00010666711117678368,0.01215044179317435,0.0002384863147883045,0.0,0.0039420172445609305,0.0024619772007264226,0.0030760016988634915,0.010669606641566319,0.0,0.22064074396830288,0.7418180753733226,0.0002953729280710862,0.0,0.0012710724674708795,0.003329537257975922
s10M0323,0.009675506685002281,0.045508926089925586,0.012102639200040833,0.11867162490889488,0.032903281730376994,0.011482756654493184,0.01824410023982267,0.07440581404175663,0.0031841275587364826,0.43921806193096763,0.1649226624535146,0.005060026052365803,0.016947943847833373,0.015508304855391722,0.03216422375087717
s11M0323,0.002316624635334043,0.04934543105076882,0.0031116118129271187,0.01342946094114914,0.010565085238739164,0.007903617866827464,0.004454157864182007,0.010844374398882712,0.0004482140294590363,0.27614679398787895,0.5952358935731479,0.0015435929827684386,0.005376659786685787,0.007097040246102512,0.012181441585146956
s12M0323,0.0,0.02722538575558723,0.008537103409465807,0.18022474609506495,0.0,0.004905890339211957,0.00047566814964426296,0.013547220441122065,0.00041921276424754456,0.17661766996013376,0.3257113704626617,0.0022154313043531077,0.0005918631830491859,0.0,0.2595284381354585
s13M0323,0.0034101731961117877,0.03694650648954218,0.0038159274308469126,0.06361682147255641,0.005492082429773437,0.009375368896627694,0.00535588696098061,0.03027734975272241,0.0034255786000813044,0.36292157180370155,0.447474978585467,0.0065624826098154825,0.006354158860604735,0.005772902174715596,0.009198210736452698
s14M0323,0.815136963097809,0.00635650270693373,0.0013365405166456178,0.023851567036583372,0.0,0.0022999317471647123,0.0,0.008931629947283462,0.0005869121602830633,0.054077505326816946,0.06937425662636125,0.0021281810771553874,0.011516349139593967,0.0,0.004403660617369496
s15M0323,0.0,0.0,0.0,1.0,0.0,0.0,0.0,0.0,0.0,0.0,0.0,0.0,0.0,0.0,0.0
s01X0323,0.0,0.015893885298714782,0.03079773328532044,0.38752403037274097,0.0,0.01655961060496693,0.005217417209587409,0.1268180336898701,0.037030229646699414,0.008614059974576203,0.021961401213116325,0.0,0.3117395266903652,0.016689898270184793,0.021154173743857457
s02T0323,0.02267796243407896,0.004008145090677937,0.09264946161081286,0.2370503832671849,0.2220427393332774,0.004324713901182036,0.053682206222406235,0.05801513194025462,0.0,0.03319103637657451,0.0,0.0031277893642535745,0.016592542603023095,0.1841507883941815,0.06848709946209247
s03T0323,0.015693127379237202,0.006973164707136294,0.02195373350864218,0.23541601650433913,0.15239532469579095,0.016027423544785563,0.20673075683298472,0.06770631410533835,0.0,0.04773845665935295,0.0,0.004698058721257533,0.06943736959171838,0.06557833036233403,0.08965192338708253
s04T0323,0.02078436867687362,0.0014714231156191383,0.05130205509410031,0.136738395753566,0.22991927791776431,0.019187216989694802,0.28814191305638354,0.03283648138528443,0.0005877509258824262,0.010777218352964557,0.0010387091683208552,0.0008315689289333989,0.005801682714302908,0.1379502519997244,0.06263168592058523
s05T0323,0.0022170948286599126,0.0,0.015513973575278126,0.6606877900802555,0.12147842737879305,0.0,0.11823040491742806,0.0,0.0,0.0,0.0,0.0,0.0015604336440331712,0.06148936870804198,0.018822506867510164
s06T0323,0.009263937010125295,0.00050022561045138,0.012317391848846445,0.04697389722230933,0.09534249800246211,0.003676389461667011,0.763860644215673,0.007623157269105711,0.00047109415066801693,0.004311884011008794,0.0,0.00023994139040038696,0.00747895110532074,0.027943153527059988,0.019996835174901733
s07T0323,0.0018567321833263897,0.0008697182152211197,0.001281020655721341,0.055239724214612755,0.13121249692785564,0.0025716337901220254,0.7198855371792283,0.013759329534902269,0.0,0.008289671020565676,5.171184022787687e-05,0.0006785673420276112,0.0,0.05015558601681086,0.014148271079378032
s08T0323,0.0,0.0,0.0,0.0,0.0,0.0,0.0015186488290199083,0.0,0.0,0.017097264474001166,0.9813840866969789,0.0,0.0,0.0,0.0
s09T0323,0.008090633472945264,0.007249122454018415,0.0016760663853299213,0.04857895871538955,0.010945734345935704,0.004603147536721417,0.007882077278183654,0.03357871821107817,0.0,0.5383767463106464,0.3164685113458566,0.00037177970487512613,0.003994505099895673,0.004485547722738769,0.013698451416385354
s10T0323,0.015131293179333732,0.013877599753640344,0.016132722273302653,0.2444137408577747,0.027654676187016357,0.007057121220695335,0.01960267922418497,0.08473947220867623,0.0007689716135290405,0.3756168055722548,0.10396418384076865,0.004345317314314137,0.021044211742023037,0.021564984298610725,0.044086220713875156
s11T0323,0.01639657912424002,0.007430863271461042,0.004811629261272067,0.1220826701910239,0.016043859386602917,0.006804093345378369,0.005031797969577909,0.030316819771878892,0.0006236584955347581,0.4716480254393834,0.2355083319112794,0.003136227355132808,0.0329239964524179,0.008242203946293524,0.038999244078523246
s12T0323,0.013656795373329502,0.011095337589375365,0.00975630345382491,0.2933441317725888,0.02511644736629622,0.009503121730285956,0.008907173764046665,0.08214787938987239,0.006372798129267024,0.3941886977242119,0.07029350792826679,0.010903893440044481,0.021702270767153954,0.014736960745990664,0.02827468082544536
s13T0323,0.012488451067524952,0.006909088191501831,0.001463295886981595,0.36594417565686455,0.006066091888786853,0.002861961231596348,0.004095154209298974,0.02426668567858507,0.0004521959943712834,0.5186859998510058,0.03840652828470939,0.002647416289820442,0.006492677453307981,0.00023369895438046917,0.008986579361264586
s14T0323,0.014656660002105802,0.0005205105238760456,0.008117945586368379,0.41728314761382207,0.03796903930083329,0.00522403610140084,0.01045938875616474,0.06929434274894593,0.0,0.33622244226576226,0.016901417886819373,0.002875973437421229,0.036725974454378474,0.005068653286467948,0.03868046803563337
s15T0323,0.0,0.0,0.0,0.8685714070039007,0.0,0.00932720589564275,0.0,0.0036618623672379077,0.0,0.010635114289356833,0.07780143967724802,0.00019294936867031778,0.012180390953868758,0.0,0.017629630444074732
s02M0423,0.0027874011822749357,0.0,0.002086353049615248,0.01569273117796531,0.0,0.0028775723571842207,0.9605003355358286,0.0023562998433660264,5.778433200572485e-05,0.0011148938292427995,0.0015974981648390818,0.0,0.0,0.005311410560834438,0.00561771996684363
s03M0423,0.0060534405556913655,0.0021530260791770986,0.012869008541630075,0.15844651679747385,0.0734385126442862,0.017841617752252955,0.06378132424473507,0.0560620002300373,0.0,0.01813574498276528,0.006355920894653478,0.002053015966471054,0.019278236148121665,0.03034031151416454,0.53319132364854
s04M0423,0.0,0.0,0.0,0.0,0.013044774750679312,0.0,0.26935447797305795,0.0,0.0,0.0,0.0,0.0,0.0013632710635159025,0.0,0.7162374762127468
s05M0423,0.013261768964278551,0.0,0.001425307569110133,0.39800868028777053,0.13318909296620782,0.0026792710672997925,0.09473549375847608,0.0,0.0,0.0,0.0,0.0,0.04515848063283838,0.04838800093038942,0.2631539038236292
s06M0423,0.022071405495037444,0.0011892469522569729,0.036849112842216,0.08729279333643127,0.12097204748324313,0.01094397899367737,0.47813089029478206,0.014555561947793684,0.0003377137801844877,0.006159009106563413,0.0016257428684399104,0.0005784529134343656,0.0008386198050751108,0.17779029987667666,0.04066512430418815
s07M0423,0.007920360390372723,0.004483245885023425,0.012045670031640037,0.18413377083383947,0.11205308470597523,0.012427095316409722,0.027979595798147378,0.06292544931742945,0.0,0.04363104324509096,0.005047988559476205,0.0018256399352421977,0.02080852387973877,0.043395293189581144,0.4613232389120333
s08M0423,0.0,0.0,0.0,0.0,0.0,0.0,0.00046008494191804365,0.0,0.0,0.01284756997104747,0.9866923450870344,0.0,0.0,0.0,0.0
s09M0423,0.0,0.005356207871274973,0.005763682196288605,0.040940889582473876,0.0,0.005997069186650413,0.0,0.028109374389614826,0.013861240108872819,0.1499940142152862,0.6714221966481165,0.0,0.07855532580142166,0.0,0.0
s10M0423,0.0012443684045763718,0.002732817146778686,0.0025872944023760326,0.005200474851456603,0.008151062101448864,0.0026431036330456068,0.004116662598466804,0.007437117808277501,0.0,0.48617733039658584,0.46619500741990244,0.0001991868104859536,0.0007567161205803759,0.004910463329845611,0.007648394976173156
s11M0423,0.003410089475900895,0.01036757723910347,0.002459394099956726,0.03840591363886514,0.007864356158889769,0.00383841017101384,0.0091183667335792,0.02957772471938294,0.0,0.49404276327943475,0.37509354110386556,0.002054990999993838,0.003948113391392209,0.005537397335224353,0.01428136165339737
s12M0423,0.004298499150373457,0.005689844167833033,0.007677563093231289,0.041426122488165754,0.00962378479766691,0.001396075192691184,0.009188940082897858,0.02967760175663535,0.0,0.5416535759535328,0.3248262886878548,0.0014445309192237777,0.003418441861248028,0.0064457688999751865,0.013232962948670513
s13M0423,0.004034252700004889,0.0034428504943661217,0.0012190288848325887,0.025053002569496528,0.006787698730411664,0.0012661332382722656,0.004422692317002801,0.014639874214831119,0.0,0.6574930161771322,0.26997045853808294,7.287268724565377e-05,0.00034878861692065486,0.004139796351509995,0.007109534479890637
s14M0423,0.001635627010365036,0.0035936642076609742,0.008554497015467021,0.08911995218787389,0.013639498727827772,0.001575704533569086,0.007269732118471194,0.024487580187929143,0.0,0.6028622759310398,0.21021227845605217,0.0014899698010604097,0.00797514628594991,0.010487907818604989,0.017096165718128636
s15M0423,0.0022550988705796206,0.0044567245116712605,0.003764982621911634,0.027504217400310563,0.005814457258231853,0.0022831181178791203,0.006946077866100093,0.022914913296948818,0.0,0.6022643396682515,0.3017151608228128,0.001630709215798532,0.0033003483674290844,0.004435011158555369,0.010714840823519917
s01X0423,0.03606005181928771,0.006709748650395501,0.02772695883715133,0.3114440273950174,0.06476883251925589,0.16773679424505605,0.02711168614073908,0.091655109912089,0.0,0.041077583442469166,0.031978652382428634,0.0025330449101150627,0.022089592204456387,0.07289957756861079,0.096208339972928
s02T0423,0.0,0.0003165770298154112,0.0021404016822253393,0.22016380639691988,0.008611499861680175,0.0067297760570948495,0.06147145958240612,0.005554719738855166,0.0,0.0022059234546642145,0.015861736413402567,0.00018672354379090388,0.0,0.0,0.6767573762391453
s03T0423,0.005489902361901468,0.0,0.0008103811481910961,0.019332608738571393,0.015178499786737094,0.0008376795287323044,0.9394121297275561,0.0014548063641223192,0.00011310158621372902,0.0019499648497812488,0.0020530112214059335,0.0,0.0,0.006101952028999395,0.007265962657787998
s04T0423,0.034427679735566624,0.0,0.007747833392732191,0.1111575661444609,0.3738501750817649,0.000867294679919601,0.21571845907645568,0.002813591868107801,0.0005194460198156432,0.00019864547749800387,0.002646927180171608,0.0,0.0,0.13125732849372834,0.11879505284977875
s05T0423,0.017649314828389134,0.0,0.0007904724084925296,0.22046471310917523,0.32922443783817285,0.0,0.264089480882372,0.0,0.0,0.0,0.0,0.0,0.0,0.11393879724745878,0.053842783685939546
s06T0423,0.029198976447309778,0.0,0.0060397905149343414,0.10519627393961038,0.5540484633947177,0.0004504375865064712,0.029814128272320044,0.0003726347487554075,9.936456226158891e-05,0.0,0.00046869458693619953,0.0,0.0,0.1931437136404517,0.08116752230619627
s07T0423,0.06924996461381758,0.0018418067234353414,0.04393908369278517,0.3926038949409961,0.08431182917600626,0.01517873705060221,0.028013518580494768,0.06554711128479786,0.0012014000180165638,0.02632148128162768,0.03271442135746537,0.0018264023309584236,0.016596860710584454,0.09907614879523148,0.12157733944318085
s08T0423,0.0,0.0,0.0,0.0,0.0,0.0,0.0002542168645512156,0.0,0.0,0.00033950372114600603,0.9994062794143028,0.0,0.0,0.0,0.0
s09T0423,0.0012192302147175397,0.00015681310085673684,0.00013601659608035774,0.0,0.002899226262257468,0.0003314374453053776,0.0017520177138483986,0.007845959146543558,0.0,0.16565133329845722,0.8169259634940509,0.0,0.0,0.0014353643971382407,0.0016466383307441937
s10T0423,0.014170516591080939,0.002603021954827549,0.0012110159307485242,0.15901901180048755,0.007860680448939682,0.00043017206815045,0.005922827040900808,0.025022305696629162,0.0,0.4404348350869036,0.3280830287607146,0.0,4.73401111730549e-05,0.003911271126932666,0.011283973382511176
s11T0423,0.0,0.001641648236215882,0.00047669789114981794,0.0,0.001747047862626474,0.0,0.0009073624838795789,0.0,0.0,0.21445621256353123,0.7793940680216136,0.0,0.0,0.0013769629409835138,0.0
s12T0423,0.0,0.003259272659967768,0.0015920725504574031,0.0,0.00118687570243588,0.0,0.0006117896678985948,0.0,0.0,0.26887585900324545,0.7231545928754126,0.0,0.0,0.0012110139880978754,0.00010852355248445106
s13T0423,0.0,0.0033035769941195106,0.001624577107499266,0.029657655961554476,0.0011072586895557708,0.0,0.0009690315108587898,0.0,0.0,0.4942397971594935,0.465467447439666,0.0,0.0,0.0020789460029952975,0.0015517091342574518
s14T0423,0.0,0.0,0.0,1.0,0.0,0.0,0.0,0.0,0.0,0.0,0.0,0.0,0.0,0.0,0.0
s15T0423,0.0,0.0,0.015056928314567494,0.28773360149745325,0.006388249609952953,0.006444115222771646,0.004109106648702397,0.01792276758368279,0.0,0.006748643878022157,0.004091503278681208,0.0,0.001634305521042076,0.011721259328741313,0.6381495191163827
s02M0523,0.05073822594987886,0.0021785825452126065,0.08695572036032789,0.10454449006841893,0.237432765486309,0.00043301069579950824,0.20571369589381022,0.007667923855358893,5.257765814686366e-05,0.002676489731057693,0.001524582499655968,0.0006074917228720542,0.0483985375795821,0.19129266936134248,0.05978323659222695
s03M0523,0.0,0.0,0.0,0.07420277668127571,0.6935309259953989,0.0,0.012896893509060444,0.0,0.0,0.0,0.0,0.0,0.0,0.20246885303386658,0.01690055078039832
s04M0523,0.007968771066789442,0.0016715833272275037,0.0,0.06906100878843681,0.7400559708822625,0.0,0.0,0.0,0.0,0.0,0.0,0.0,0.008999391533098025,0.0,0.1722432744021858
s05M0523,0.06915229369318125,0.0,0.030661000903731694,0.3065582128943256,0.1988119456030917,0.001744846053394201,0.13504844836601212,0.00734626736446822,0.0012779456012745702,0.0,0.00040364398020347104,0.0,0.011841088544052168,0.14209129411538507,0.09506301288088005
s06M0523,0.0,0.0,0.0,0.5453811396108303,0.3149059001628686,0.0,0.013010736671299773,0.0,0.0,0.0,0.0,0.0,0.0,0.10260979991252553,0.024092423642475793
s07M0523,0.07310486218121622,0.0007269896100502776,0.04654082721308039,0.31241823219155795,0.1098149298821374,0.01826306318597121,0.07785161402084238,0.08293432895685399,0.0009451235124644086,0.013137666331559087,0.004383675277979392,0.0007494595746371175,0.014377190567168617,0.11928271497469126,0.12546932251979023
s08M0523,0.0,0.0,0.0,0.0,0.0,0.0,0.00016704354104137126,0.0,0.0,0.0,0.9998329564589586,0.0,0.0,0.0,0.0
s09M0523,0.0,0.006523342636709332,0.004855030945126925,0.04437650335391833,0.0,0.004753626683919441,0.0,0.023910840105285915,0.01248052138091405,0.07473333350044763,0.7582026001570917,0.0,0.07016420123658662,0.0,0.0
s10M0523,0.03487269666044416,0.005080789194608241,0.0,0.4369756605881056,0.04340499479448195,0.017825903506419445,0.001428087565985706,0.05801808127363695,3.9034359592858205e-06,0.09157076674864811,0.23968769755150937,0.00028987395080696843,0.0,0.0,0.07084154472939407
s11M0523,0.45023081298482764,0.0025369233138485166,0.005681375172447134,0.17011435227800834,0.011137373019648036,0.011568632400655319,0.0021572805412016748,0.05432108106455318,0.0012076263332480798,0.11734823122106693,0.1322583855991873,0.0012985302343875012,0.0032764987009622627,0.008775340837593093,0.02808755629836504
s12M0523,0.0,0.002029972395398279,0.0015246390003250873,0.755293557262185,0.0,0.0,0.0,0.0,0.0,0.057204480789371175,0.18228131281067878,0.001666037742041802,0.0,0.0,0.0
s13M0523,0.0,0.00044121256167573876,0.0015112304075860382,0.5501900398602919,0.0,0.0,0.0,0.001197255661084833,0.0,0.08393501774767224,0.10127361271701053,0.0,0.0,0.0,0.2614516310446786
s14M0523,0.003780557960788493,0.0,0.007100990524437109,0.8883914320859062,0.0,0.0002938300906378725,0.0032233392201611623,0.010284239749705694,0.0,0.06280649603386676,0.0026049660997744914,0.0,0.0,0.006317664882306836,0.015196483352415234
s15M0523,0.0,0.0,0.0,1.0,0.0,0.0,0.0,0.0,0.0,0.0,0.0,0.0,0.0,0.0,0.0
s01X0523,0.17404332971757147,0.0,0.0,0.7039933338887561,0.0,0.0004927813598869037,0.0,0.0,0.0,0.0,0.0,0.0,0.0,0.0,0.12147055503378548
s02T0523,0.5104258509116287,0.0,0.0050615578257173525,0.36128991374606184,0.0,0.0012698221483997667,0.0,0.0,0.0,0.0,0.0,0.0,0.0,0.0,0.12195285536819245
s03T0523,0.0,0.0,0.012053386792883954,0.9057846501623769,0.0,0.0,0.024753145770926886,0.0,0.0,0.0,0.0,0.0,0.0,0.0009364960688742043,0.056472321204938156
s04T0523,0.0,0.0,0.008867427338447498,0.9351886635818635,0.0,0.0008021617058440658,0.011899786787654227,0.0,0.0,0.0,0.0,0.0,0.0,0.0,0.043241960586190765
s05T0523,0.034945292502249745,0.0,0.03884919408935559,0.48500107124592506,0.11759806365804382,0.004587436766448192,0.11163068555668826,0.030413096365921228,0.0,0.003825840424204352,0.0004902494308079067,0.000922706505604065,0.015565693276422635,0.0835831976145648,0.07258747256376423
s06T0523,0.0,0.0,0.008728158059035276,0.9111692926586066,0.00195647167200157,0.0,0.04818357995135064,0.0,0.0,0.0,0.0,0.0,0.0,0.012028099314173068,0.017934398344832868
s07T0523,0.46261407471516447,0.0,0.007210242513638278,0.5103882296533719,0.0,0.00107940707472268,0.0014038120343698324,0.0002416415599339501,0.0,0.0,0.0,0.0,0.010403365103967865,0.002427370319960948,0.004231857024870035
s08T0523,0.0,0.0,0.0,0.0,0.0,0.0,0.0,0.0,0.0,0.07465850144735713,0.9253414985526429,0.0,0.0,0.0,0.0
s09T0523,0.0,0.0020236361607811606,0.0,0.0,0.0002756707608407546,0.0,0.0007769563272256913,0.0,0.0,0.06509168576340137,0.9315738174215937,0.0,0.0,0.00025823356615727494,0.0
s10T0523,0.010050407083680322,0.008710166789938672,0.001334505152813192,0.15575169445583376,0.01506815189622693,0.0022729478120578415,0.0008068015304934011,0.029186776122330484,0.0004443852088820201,0.23998419037618648,0.5071664687651892,0.0017691719126319417,8.1368374614714e-05,0.0018559966186359022,0.02551696790048512
s11T0523,0.0038114600531840106,0.017473373020518865,0.011622337641164316,0.18694911115567864,0.0,0.010756033974585891,0.0,0.07064704440985994,0.030127408791652883,0.14280143675252904,0.3548994172506789,0.0,0.16511670672111473,0.0,0.005795670229032808
s12T0523,0.015040288578514471,0.004996651571174603,0.0009696476922435109,0.6959834888845899,0.0,0.0031746451410536673,0.0,0.04067446341801564,0.0007990163601257937,0.1109114653947688,0.10452687288237335,0.0022876891549957453,0.0,0.0,0.02063577092214432
s13T0523,0.0,0.0,0.0,0.9004218675042156,0.0,0.0,0.0,0.0,0.0,0.012534640847050962,0.08704349164873344,0.0,0.0,0.0,0.0
s14T0523,0.08425346536939385,0.0057510417476872985,0.017406575350956487,0.49032686248047336,0.04870614598084051,0.003745943566752038,0.022795703812888583,0.059744060014847174,0.0010728868024442312,0.047088190065350755,0.05879268449772287,0.0010306793221204363,0.01000807357919084,0.06092557015546252,0.08835211725386913
s15T0523,0.0,0.0,0.0,1.0,0.0,0.0,0.0,0.0,0.0,0.0,0.0,0.0,0.0,0.0,0.0
s02M0623,0.04028219272281484,0.001338729168735621,0.03335539794547568,0.44807537176588086,0.06664017652704178,0.046443376690360666,0.025266313317667776,0.05638587486249867,0.0,0.01699228025282639,0.048659020348781085,0.0004220611253063741,0.029363813554180503,0.07707226870686598,0.10970312301156382
s03M0623,0.3517587531375426,0.0,0.0,0.6482412468624574,0.0,0.0,0.0,0.0,0.0,0.0,0.0,0.0,0.0,0.0,0.0
s04M0623,0.010376031132643302,0.0005572637626169186,0.0,0.09171200205628637,0.11764395172933051,0.0022478046578139313,0.07113195229641794,0.0,0.0,0.0,0.0,0.0,0.02709139658017273,0.03446251306277042,0.644777084721948
s05M0623,0.000486001160038865,0.0,0.0,0.004563807839999156,0.018415602847642997,0.0,0.8389852538730861,0.0,0.0,0.0,0.0,0.0,0.0,0.0,0.1375493342792328
s06M0623,0.020462567188332732,0.0011215843134025907,0.004325733058672119,0.1137570405733986,0.14263650211621215,0.0006165131264796442,0.5788197482185635,0.0014522631889831938,0.00019835989665489728,0.0,0.0013908659016801394,0.0011267535964364789,0.015946534657278136,0.04587648473217322,0.0722690494317326
s07M0623,0.04655235675960665,9.90235867023471e-05,0.04370906021462822,0.3250528310392515,0.21524138418101116,0.0031836342000980803,0.06403089869420668,0.03962266062979056,0.0,0.014127357395120822,0.00979581098877019,0.0005282836995167449,0.023474969726445215,0.11735942158585964,0.09722230729899194
s08M0623,0.0,0.0,0.0,0.0,0.0,0.0,0.0,0.0,0.0,0.13739515478477024,0.8626048452152297,0.0,0.0,0.0,0.0
s09M0623,0.0,0.0,0.0,0.0,0.0,0.0,0.0,0.0,0.0,0.19240954900296708,0.8075904509970329,0.0,0.0,0.0,0.0
s10M0623,0.0,0.000555638059180167,0.0007626437147285405,0.0,0.0,0.0,0.0,0.0,0.0,0.220950917898583,0.7776306270173734,0.0,0.0,0.00010017331013488288,0.0
s11M0623,0.0,0.0,0.0,0.0,0.0,0.0,0.0004165956584008617,0.0,0.0,0.20912773433962523,0.7904556700019738,0.0,0.0,0.0,0.0
s12M0623,0.00852985434842252,0.0037885915050741657,0.0019360583093511437,0.20471469288733232,0.005224166159912953,0.0,0.0,0.0007050854905876219,0.0,0.3787989558007647,0.3825341196102109,0.0,0.0,0.0,0.013768475888343524
s13M0623,0.006774193686918608,0.0019790875575204964,0.0,0.19148404333033142,0.0,0.0,0.0,0.0,0.0,0.45105952938514876,0.34709274023617953,0.0,0.0,0.0,0.001610405803901067
s14M0623,0.041077299620453256,0.001715907630638998,0.01823926709975592,0.21053653645117207,0.02148934761009918,0.000930032560561199,0.005163313179452106,0.024650727889155188,0.0014637717845138926,0.15307700373637942,0.42419274628615283,0.0008068619790369543,0.0037952012011617333,0.03648646247697396,0.056375520494493354
s15M0623,0.8546754910266801,0.0010771721188711112,0.0,0.02605667621872726,0.0018245942140960598,0.004563263130621801,0.0025935330216221445,0.01845238654185245,0.0,0.0321605630574396,0.0492548590038793,0.005937717150706941,0.002354320504197341,0.0,0.0010494240113059201
s01X0623,0.09003196187025822,0.003532261107288712,0.02455545023406876,0.3156094131468099,0.07108485507828809,0.00558414172669577,0.03272954079245441,0.04221505519576933,0.0030163620834183255,0.04881756957766654,0.10810666052421583,0.0,0.004740206550795669,0.10805489170225546,0.1419216304100149
s02T0623,0.10492513404864218,0.0,0.04712767594173412,0.16932290540024866,0.16326473222251933,0.005017507058349519,0.036704383199561215,0.012625233182465398,0.0023015354321233115,0.006360406714187138,0.013664483692942228,0.0,0.0,0.14756423579462327,0.29112176731260353
s03T0623,0.049289234894766505,0.0026747012209152247,0.016564513994295642,0.14479326608899384,0.023950254312576007,0.0052502196336335506,0.5492783879487456,0.020743940336516577,0.0008501587952329058,0.01416828316930009,0.013001506842768186,0.00020124998190210492,0.01841030774694038,0.06215155043067134,0.07867242460274206
s04T0623,0.03305643363402547,0.0,0.004116120663644338,0.36015283484914373,0.04115076328809875,0.0,0.07116595008386183,0.0,0.0,0.0,0.0,0.0,0.0,0.028399153723635256,0.4619587437575906
s05T0623,0.029850451791591164,0.0,0.0034050439103574114,0.8007092695263448,0.037247236508611246,0.0,0.03140650422141823,0.0,0.0,0.0,0.0,0.0,0.0,0.035561031515865774,0.06182046252581146
s06T0623,0.01659142149005397,0.0,0.0008777193157683183,0.06891904026678011,0.03818303410548546,0.0,0.8037452259705883,0.0,5.3211012924430924e-05,0.0,0.0006671579835836904,0.0,0.008589539649000177,0.012134803053468925,0.050238847152346576
s07T0623,0.017250991462456202,0.0015586057810754572,0.006200554544922912,0.20958578652819207,0.007988651035441661,0.01980102078218513,0.024039872672708604,0.012378058064927472,0.0,0.023769555305038957,0.04618325304547262,0.0003780894067355914,0.0,0.02107169083819249,0.6097938705326509
s08T0623,0.0,0.0,0.0,0.0,0.0,0.0,0.0,0.0,0.0,0.13383048791956606,0.8661695120804339,0.0,0.0,0.0,0.0
s09T0623,0.0,0.0,0.0,0.0,0.0,0.0,0.0,0.0,0.0,0.24842442694711725,0.7515755730528827,0.0,0.0,0.0,0.0
s10T0623,0.01900810049791731,0.0010134586010116756,0.001173360776995212,0.2351828634641864,0.023893047560846075,0.00019097069416199394,0.0,0.025092920061610922,0.0,0.20910717761464018,0.4470630096472189,6.289054550392863e-05,0.00022707525822583566,0.0005427096420841457,0.037442415635597553
s11T0623,0.0,0.0008775765812205341,0.00015527171238695085,0.022011869246486328,0.0020561545549569625,0.0,0.0,0.0,0.0,0.311369367187938,0.6597946463207882,0.0,0.0,0.0004415377489768434,0.0032935766472460535
s12T0623,0.009527631992404069,0.014066362649130184,0.008518835129533683,0.12181609988383862,0.024398548319406438,0.007809684844524183,0.0017784298553491383,0.05547410545423239,0.01305237559957066,0.24161291019176656,0.45334285025762155,0.014560172205140534,0.006653716576679926,0.008027560584250549,0.01936071645655165
s13T0623,0.009072839211976763,0.002240855816685922,0.0010902476724165726,0.14321124370662455,0.007641297905584698,0.0,0.0009278124398579108,0.008141183022147771,0.0016493753023093369,0.3107144072445951,0.494672537338918,0.0020269754203641353,0.0,0.0023883184983219557,0.01622290642019737
s14T0623,0.0,0.0,0.0,0.0,0.9540259567023945,0.0,0.0,0.0,0.0002104759784132095,0.01498949379931537,0.030774073519876807,0.0,0.0,0.0,0.0
s15T0623,0.9395966700016405,9.631299067157962e-05,0.0,0.010991905221103476,0.0,4.4104737831549116e-05,0.0,0.0007975636152296236,1.7539136537213325e-05,0.009875991403084426,0.03495743322296328,0.00010499550794685651,0.001999097614435559,0.0,0.0015183865485558707
s02M0723,0.05079184961336432,0.0001261196874589639,0.022120662626042616,0.2548460515512959,0.4175165429559041,0.003238477902276167,0.06727553156574587,0.021925796703596675,0.0006016745472833833,0.008154134903837445,0.009923905840645335,0.0,0.013204104668511086,0.054146235933558384,0.07612891150047978
s03M0723,0.04475882389864887,0.0,0.015958424406261315,0.1456492003435092,0.10711910506179932,0.01700067524816974,0.49649587225147024,0.01975570982506119,0.0006409737832192231,0.010291622656058598,0.008613234839909485,0.0006378979045461803,0.013143878087308448,0.057661541988510416,0.062273039705527576
s04M0723,0.005882346172772674,0.0,0.0,0.037127664667985553,0.32921326059316847,0.0,0.36650896503440566,0.0,0.0,0.0,0.0,0.0,0.0330371478638894,0.0,0.2282306156677782
s05M0723,0.043997451386520676,0.0006082138918239869,0.011194918994510989,0.12137612279431823,0.06283195062762868,0.001971971455234398,0.6147385512216192,0.005409020411031328,0.0008000296759975935,0.0011476957507727064,0.0022534859524590786,0.0,0.0031288620332499666,0.05824985612161843,0.07229186968321474
s06M0723,0.002959750686937398,0.0,0.001413283125062731,0.025772187260426946,0.27160796955174427,0.0,0.5629463535490573,0.0,0.0,0.0,0.0,0.0,0.0,0.0819147021317889,0.05338575369498235
s07M0723,0.0340295730878037,0.008208290615348916,0.035848840484668965,0.2564801933462675,0.06563579260550831,0.003964159854987968,0.28173488766139154,0.07030550483183882,0.00030389009574804287,0.05108641021678838,0.015348086540061727,0.004012319260779292,0.016652380448516295,0.0737828739770964,0.08260679697319416
s08M0723,0.0,0.0,0.0,0.0,0.0,0.0,0.0,0.0,0.0,0.11194351268016758,0.8880564873198324,0.0,0.0,0.0,0.0
s09M0723,0.0,0.0,0.0,0.0,0.0,0.0,0.0,0.0,0.0,0.15738801082345655,0.8426119891765436,0.0,0.0,0.0,0.0
s10M0723,0.0,0.0,0.0,0.0,0.0,0.0,0.0008857193611691928,0.0,0.0,0.25097385753302676,0.748140423105804,0.0,0.0,0.0,0.0
s11M0723,0.0,0.0,0.0,0.0,0.0,0.0,0.0,0.0,0.0,0.23553351396477645,0.7644664860352235,0.0,0.0,0.0,0.0
s12M0723,0.0,0.0,0.0,0.0,0.0,0.0,0.0,0.0,0.0,0.24144079916441738,0.7585592008355825,0.0,0.0,0.0,0.0
s13M0723,0.0,0.0,0.0,0.08907368235343503,0.0,0.0,0.0,0.0,0.0,0.37518153454557746,0.5357447831009875,0.0,0.0,0.0,0.0
s14M0723,0.003541897189014824,0.0,0.0,0.13022529551526332,0.0,0.0,0.0,0.0,0.0,0.39079234199783797,0.4754404652978839,0.0,0.0,0.0,0.0
s15M0723,0.03391279763117019,0.004544860750530013,0.014302467779144047,0.30211293741641687,0.028612065159187905,0.007237579274190315,0.009083584426485942,0.05862936593020159,0.0004842975782143939,0.2148352318033577,0.22653121601821805,0.00011781368789702192,0.011072640396024598,0.028653161145338397,0.059869981003622855
s01X0723,0.20476032604081867,0.0,0.0,0.7952396739591814,0.0,0.0,0.0,0.0,0.0,0.0,0.0,0.0,0.0,0.0,0.0
s02T0723,0.014884091425176452,0.0,0.006993146091482779,0.04424839929342708,0.0,0.0004135414718106241,0.6962214598242101,0.008040614954303324,2.7549765357863878e-05,0.00342043453789802,0.0017845098467238626,0.0,0.0,0.020677715643213388,0.2032885371463966
s03T0723,0.08424781787236502,0.002688224627805962,0.037597516947453995,0.2742095565146789,0.08868140475476184,0.005222664428710951,0.13407990715117946,0.04674350203040577,0.0030630454413567445,0.022637813550786264,0.014668651697297612,0.0006869232003814541,0.0052886755520052215,0.12745173741070348,0.15273255882010722
s04T0723,0.07477994821165464,0.0002672844584734113,0.023954039288525738,0.13188114241853532,0.1863028861123684,0.0,0.30323591046921705,0.004120116793634802,0.0011607405692458683,0.006980502299816719,0.014177554452462795,0.0,0.03350583134643429,0.09579180690703394,0.1238422366725969
s05T0723,0.512576405865614,0.0009891207280245875,0.0080908721481161,0.05457913610332898,0.057354158202108395,5.477041144941421e-05,0.24106900817974708,0.004647077787646009,0.00041970794541479334,0.008487110729757535,0.013745338293528779,0.0001767169203953398,0.020122780060108727,0.03719062597548677,0.04049717064927344
s06T0723,0.019827298283661497,0.0,0.000627312369200807,0.6076643931770146,0.0,0.0,0.22843791798580163,0.0,0.0,0.07957595018729632,0.0,0.0,0.0,0.014464620630639429,0.04940250736638579
s07T0723,0.7125164066536753,0.0,0.003025136767847499,0.13089782373816122,0.007180600439250906,0.001706665166212721,0.005616137338347674,0.006864904552412456,8.648400954204315e-05,0.08393938372743574,0.010612056991626645,0.0,0.0010396464002387742,0.010966362480632517,0.025548391734616406
s08T0723,0.0,0.0,0.0,0.0,0.0,0.0,0.0,0.0,0.0,0.1586014201724643,0.8413985798275357,0.0,0.0,0.0,0.0
s09T0723,0.0,0.0,0.0,0.0,0.00014958699658491152,0.0,0.0,0.0,0.0,0.2277402247594501,0.7715427382614051,0.0,0.0,0.0,0.0005674499825597883
s10T0723,0.011837929527101224,0.0006862631542266696,0.0014674458358170798,0.08399992008178947,0.009802971204124945,0.0,0.0,0.009909991695841084,0.0004157546649694638,0.2582499075164797,0.5893417881940318,0.0006197088571746591,0.010988774122041727,0.0,0.02267954514640201
s11T0723,0.0,0.0,0.0,0.0,0.0,0.0,0.0,0.0,0.0,0.27249612974808785,0.7275038702519121,0.0,0.0,0.0,0.0
s12T0723,0.0,0.0,0.00029828706040336796,0.0,0.00010387209915700597,0.0,0.0,0.0,0.0,0.23286769835946228,0.7650045950367601,0.0003103326617880913,0.0,0.00021377167516420134,0.0012014431072648762
s13T0723,0.0,0.0,0.0,0.030122411141295276,0.0,0.0,0.0,0.0,0.0,0.3148694080833352,0.6549861999802186,0.0,0.0,0.0,2.1980795151064997e-05
s14T0723,0.0073816226187048695,0.002135408551336156,0.003176863428400308,0.10469941174249975,0.00157894237049543,0.0,0.0,0.01636272771742225,5.437972161805214e-05,0.28654069842953334,0.5625364618878521,0.0002388016177052413,0.001881510450184798,0.0014479328251882514,0.011965238639059359
s15T0723,0.022052572320031893,0.0,0.0051753685148814895,0.07702937204299272,0.013654671360422407,0.0,0.0036237001324591496,0.005800236614612848,0.0003777061942967817,0.24969899369524676,0.5746641017527154,0.0,0.0,0.016087314433375494,0.03183596293896513
s02M0823,0.018751346285081055,0.0,0.040293292229866044,0.7372825902739812,0.03646456916974972,0.0,0.009720073920738122,0.007273920507580375,0.0,0.0,0.0,0.0,0.015684921383669122,0.05441774965783082,0.08011153657150359
s03M0823,0.0548333464764254,0.0,0.03152302549828909,0.48980094978768934,0.04608706823023661,0.005011396467043352,0.039934145399680585,0.020454576195346363,0.0,0.010275849257956065,0.015403800906727116,0.0,0.0026739066154923426,0.060227134038639135,0.2237748011264745
s04M0823,0.03148100865445888,0.0,0.024325163670837053,0.6606301280133394,0.04703209875811656,0.0,0.12981685553318617,0.0,0.0,0.0,0.0,0.0,0.019651966829770374,0.0515107509861626,0.03555202755412897
s05M0823,0.029778317969680605,0.0,0.02575924064592536,0.4682531516651732,0.1093162913604194,0.0,0.1931847242646988,0.0,0.0,0.0,0.0,0.0,0.024550144010360618,0.08031584010086143,0.06884228998288063
s06M0823,0.7085656941560686,0.0,0.030403856102276274,0.10799525220032334,0.060984086124942424,0.0012093410943981582,0.011077118313746267,0.0014378340138342766,0.0,0.0,0.0,0.0,0.009775960221895858,0.05209026111711748,0.01646059665539729
s07M0823,0.005361496307944048,0.0,0.024893422415685262,0.7122493060630177,0.011227613328697076,0.0,0.00490777312540659,0.001180843944175523,0.0,0.0,0.0,0.0,0.0,0.0218955733230409,0.2182839714920329
s08M0823,0.0,0.0,0.0,0.0,0.0,0.0,0.0,0.0,0.0,0.20566791136348903,0.794332088636511,0.0,0.0,0.0,0.0
s09M0823,0.0,0.0,0.0,0.0,0.0,0.0,0.0,0.0,0.0,0.23393632593449765,0.7660636740655024,0.0,0.0,0.0,0.0
s10M0823,0.030504169596190178,0.011011621328559908,0.00395805113782277,0.3605084010347717,0.03541633969614128,0.0,0.0,0.056710570929352964,0.003327111414278505,0.09521353877428203,0.3421110302345139,9.928743140723266e-05,0.0012865193128386587,0.0,0.05985335910984093
s11M0823,0.0,0.00012434130344387404,0.00038662797264871933,0.012198309034453963,0.003706777713592243,0.0,0.0,0.0,0.0,0.27840272513409586,0.7003637447861927,0.0,0.0,0.00047183290373593693,0.0043456411518368755
s12M0823,0.0,0.000205663720411485,0.0009032878432977051,0.0,0.0,0.0,0.008124128374666554,0.0,1.5159542226848962e-05,0.23650323259219339,0.7505186009716069,0.0008790218257288807,0.0,0.00020695465059475336,0.002643950479273557
s13M0823,0.019297595600316967,0.009688530964562757,0.005562763640074448,0.17213680147313384,0.022155694569369035,0.0,0.000546318538862087,0.03918368108279002,0.0028018984353652843,0.2425120675227889,0.451233283377463,0.00038353600918596847,0.0023242454314484655,0.0032167711041494844,0.02895681225049002
s14M0823,0.026612932526364236,0.010240076123577224,0.005269502348318639,0.2116976876662864,0.0023181142038312245,0.0,0.0,0.06573489180148784,0.0023612951226800604,0.22914788793443996,0.4014539878769817,0.00022006184638226743,0.008279977526462975,0.00039895982127136304,0.03626462520191606
s15M0823,0.0,0.0,0.0,0.7662294277527086,0.0,0.0,0.0,0.0,0.0,0.09148387871556167,0.14228669353172976,0.0,0.0,0.0,0.0
s01X0823,0.37481154242252174,0.0,0.003832393697854584,0.5810137753512552,0.0,0.0034179662065750185,0.0,0.0,0.0,0.008193562288478189,0.0,0.0,0.0,0.0,0.02873076003331546
s02T0823,0.08989035516889925,0.0,0.026069209846068225,0.47086050855176115,0.010986558952863483,0.0025667605980182837,0.009436809356142413,0.00044814032224200074,0.0,0.04810434270036497,0.1390176538538008,0.004180115361650967,0.07015398726088727,0.031681679879902606,0.09660387814739865
s03T0823,0.0,0.0,0.0,1.0,0.0,0.0,0.0,0.0,0.0,0.0,0.0,0.0,0.0,0.0,0.0
s04T0823,0.0,0.0,0.0,0.8640334878821176,0.03152949987278006,0.0,0.01689208283016399,0.0,0.0,0.0,0.0,0.0,0.0,0.0,0.08754492941493822
s05T0823,0.0,0.0,0.0,0.779537665818086,0.0,0.0,0.22046233418191388,0.0,0.0,0.0,0.0,0.0,0.0,0.0,0.0
s06T0823,0.01209422242834749,0.010150055810269855,0.009696065385757503,0.017349962640946962,0.03003384877473302,0.0,0.018570992592505536,0.0,0.0,0.005089951204525799,0.000218876540764197,0.0008175215780628242,0.34668261126144767,0.036275426964522274,0.5130204648181168
s07T0823,0.30193718586792395,0.0,0.0,0.49513933243642816,0.0,0.0,0.0,0.0,0.0,0.13761078927107045,0.0,0.0,0.0,0.0,0.06531269242457746
s08T0823,0.0,0.0,0.0,0.0,0.0,0.0,0.0,0.0,0.0,0.31960049535010376,0.6803995046498962,0.0,0.0,0.0,0.0
s09T0823,0.0,0.0,0.0,0.0,0.0,0.0,0.0,0.0,0.0,0.24404025080296202,0.755959749197038,0.0,0.0,0.0,0.0
s10T0823,0.006935827374982651,0.002550764637960651,0.0027992303295213726,0.08040066922761403,0.01621321490188735,0.0,0.0,0.016977189654551965,0.0013281170115080339,0.28075918396184346,0.5767921185413275,0.0002736429265812313,0.0,0.0006133263985917138,0.014356715033630082
s11T0823,0.0,0.0,0.0,0.0,0.0,0.0,0.0,0.0,0.0,0.3325442907379043,0.6674557092620956,0.0,0.0,0.0,0.0
s12T0823,0.01849168699351487,0.008110501397855891,0.004775148800927579,0.15489193769915718,0.005883249840124935,0.0,0.009293894900332852,0.05167427041628777,0.002998209155707371,0.25368541268833295,0.4556230018106906,0.0014248716765915728,0.006146467241991859,0.0,0.027001347378484614
s13T0823,0.0034735870347859356,0.0014173625703700515,0.0011925461994760536,0.037315106430085544,0.002505377450714218,0.0,0.0,0.009223338877925367,0.0001963336053954905,0.31091581441955146,0.6254804936460951,0.0,0.0,0.0,0.008280039765600676
s14T0823,0.02202254748447183,0.010099265112297457,0.004454333134305749,0.18099589832985077,0.0,0.0,0.0,0.06321487551791488,0.002634138999078894,0.24484612823219384,0.43108470501341745,0.0010342859232671487,0.008055455922904846,0.0,0.031558366330297266
s15T0823,0.0,0.0008037839855755381,0.0,0.0008583201881493402,0.0,0.0,0.0,0.00028050609073870927,0.0,0.12184380014293981,0.2291564908992545,0.0,0.0,0.0,0.647057098693342
s02M0923,0.03262559842677646,0.009687349286153788,0.01770148066362355,0.2351792638409174,0.039155551327008264,0.00610384198349415,0.06295771462095363,0.06601814100141179,0.021223690675024595,0.03408110318120349,0.027599406682175292,0.0,0.11861520266749981,0.020754437239259384,0.3082972184044983
s03M0923,0.4820671282872667,0.0,0.015011365376451829,0.47867552425015986,0.00026960576575527155,0.0,0.016253367264623342,0.0010180462432718169,0.0,0.0,0.0,0.0,0.0025125249610878676,0.0014676564191469085,0.0027247814322365455
s04M0923,0.26564140173840456,0.0,0.0,0.25169449007938,0.0,0.0,0.23435758235774296,0.0,0.0,0.0,0.0,0.0,0.0,0.00658351116524018,0.24172301465923238
s05M0923,0.0,0.0,0.0,0.056686508051636324,0.0,0.0,0.7016070099013669,0.0,0.0,0.0,0.0,0.0,0.0,0.0,0.24170648204699668
s06M0923,0.005208162411321844,0.0023430442981416696,0.010935017783212894,0.49520840421161777,0.012714173527716817,0.0,0.27414977541107294,0.007754862327068553,0.0,0.009044651305960895,0.0016381521195662553,0.0,0.0,0.023327642334542584,0.15767611426977785
s07M0923,0.03672301502522567,0.01007235154531291,0.03093722006274662,0.47540855681083727,0.02381622700535002,0.007993713283893323,0.0052547283505962284,0.10065195956079256,0.0014046634152674077,0.12463315915978164,0.02382894329920288,0.0,0.02081501722239327,0.032419428266744564,0.10604101699185567
s08M0923,0.0,0.0,0.0,0.0,0.0,0.0,0.0,0.0,0.0,0.3047854882607529,0.6952145117392471,0.0,0.0,0.0,0.0
s09M0923,0.0,0.0,0.0,0.0,0.0,0.0,0.0,0.0,0.0,0.26860615371762353,0.7313938462823764,0.0,0.0,0.0,0.0
s10M0923,0.0,0.0,4.097665736526893e-05,0.0,0.0,0.0,0.0,0.0,0.0,0.34046950647795565,0.6594895168646792,0.0,0.0,0.0,0.0
s11M0923,0.0,0.0,0.0,0.0,0.0,0.0,0.0,0.0,0.0,0.357977321146447,0.642022678853553,0.0,0.0,0.0,0.0
s12M0923,0.0,0.0,0.0,0.0,0.0,0.0,0.0,0.0,0.0,0.43021557066725435,0.5697844293327456,0.0,0.0,0.0,0.0
s13M0923,0.0,0.0,0.0,0.0,0.0,0.0,0.0,0.0,0.0,0.3990309274162567,0.6009690725837434,0.0,0.0,0.0,0.0
s14M0923,0.0036680419836127996,0.0015621821394117945,0.0024154389819827085,0.17426908631915272,0.0009983559609184546,0.0,0.0,0.01134514475971751,4.864909600024513e-05,0.2900662282623059,0.5073774046677128,0.0,0.0,0.0,0.008249467829185243
s15M0923,0.048125635123933,0.014218804406776444,0.014005885532807572,0.33462106865029717,0.023980053406015302,0.003596325847548213,0.0010690661761649605,0.10544039920513028,0.004146982082104503,0.1710228738090295,0.19043778538254677,0.0,0.012770341060774867,0.010312028830971626,0.06625275048589964
s01X0923,0.07375664675255578,0.018207119743639553,0.024120790648673812,0.3776501258435592,0.027531310576503674,0.0,0.020361919427405107,0.11352278839123704,0.003747455549203772,0.10152504496055487,0.05878979731429514,0.0,0.015775271854502778,0.052995732292615096,0.11201599664525402
s02T0923,0.116415235853296,0.00356774694036958,0.049669268471477145,0.2982664953396811,0.0635903770816961,0.005306922341679221,0.026356255891716012,0.04770319547882093,0.0028890678733482634,0.06879975349790478,0.06203558573423286,0.0,0.0018123708421029388,0.11977533236123986,0.1338123922924353
s03T0923,0.0,0.0,0.0,1.0,0.0,0.0,0.0,0.0,0.0,0.0,0.0,0.0,0.0,0.0,0.0
s04T0923,0.4434413032301862,0.0,0.020045326778008944,0.1879512184407427,0.039625770659275014,0.07432605737785114,0.016311185785917934,0.02679104621562594,0.0,0.013901442360013519,0.010051987414406743,0.0,0.0013516053100021015,0.0599587885307778,0.106244267897192
s05T0923,0.007220151203734231,0.0004925936463299857,0.0013542913502410283,0.027051818402573098,0.0,0.0,0.048095719554479006,0.0,0.0,0.0008857430614950357,0.0006895316752461981,0.0,0.010380469926581207,0.0016408288663160436,0.9021888523130042
s06T0923,0.741891774781202,0.0,0.0,0.0,0.0,0.0024707598767577848,0.007965282034441709,0.0,0.0,0.0,0.0,0.0,0.0,0.0,0.24767218330759838
s07T0923,0.029217205676694624,0.0,0.07030118120664626,0.40498382032592956,0.043340597176689616,0.005799800713535535,0.0025037282066016045,0.049393296926077614,0.0,0.012315637635229592,0.001119032918365688,0.0,0.016168880017100595,0.06740205470868725,0.29745476448844194
s08T0923,0.0,0.0,0.0,0.0,0.0,0.0,0.0,0.0,0.0,0.2686575154637619,0.7313424845362381,0.0,0.0,0.0,0.0
s09T0923,0.0,0.0,0.0,0.0,0.0,0.0,0.0,0.0,0.0,0.3239265840899192,0.6760734159100809,0.0,0.0,0.0,0.0
s10T0923,0.0,0.0,0.0009312394443512878,0.0,0.0,0.0,0.0,0.0,0.0,0.46840452376450153,0.5306642367911473,0.0,0.0,0.0,0.0
s11T0923,0.0,0.0,0.00017473298333331422,0.0,0.0,0.0,0.0,0.0,0.0,0.4804563709204465,0.5193688960962202,0.0,0.0,0.0,0.0
s12T0923,0.0,0.0,0.00011930407123724891,0.0,0.0,0.0,0.0,0.0,0.0,0.5414811019155376,0.458399594013225,0.0,0.0,0.0,0.0
s13T0923,0.0,0.0,0.0,0.0,0.0,0.0,0.0,0.0,0.0,0.4817257712480643,0.5182742287519356,0.0,0.0,0.0,0.0
s14T0923,0.0006011840178581987,0.0,0.0004898290831366703,0.0064578662195984415,0.0,0.0,0.0,0.0,0.0,0.49375650813070615,0.4951361307491875,0.0,0.0,0.0001175256027530005,0.0034409561967599566
s15T0923,0.3467431628706334,0.006284432967108128,0.004483713051590164,0.19888918369404934,0.0,0.0,0.0,0.048914461524639144,0.0005275547567164581,0.1848655772828349,0.17917058187646498,0.0,0.006063484232143387,0.0,0.024057847743820124
s02M1023,0.09442918238765638,0.00031819151111879307,0.05081032897657351,0.35851403760419653,0.07802202787652883,0.006546824809989014,0.07012362959052766,0.03959532041452759,0.0009391034504524649,0.011164401048345025,0.007278981094216819,0.0,0.0025755799252990385,0.11589886883318995,0.16378352247737846
s03M1023,0.6359612657588946,0.0,0.00983701854623252,0.05471192835477006,0.009267273543057212,0.0020056702522924376,0.005712046388945347,0.004774623725774098,0.0,0.0003924278260407472,0.0,0.0,0.0,0.00847043990593816,0.26886730569805484
s04M1023,0.022008286447461868,0.0,0.0036470952129653315,0.1741178154462693,0.013655868364910645,0.0009315471453421063,0.7290654678092666,0.0,0.0,0.0,0.0,0.0,0.0,0.01905713802456517,0.03751678154921898
s05M1023,0.05143287212467044,0.0,0.03192303295756678,0.24512937032343837,0.06738502938011579,0.004279758304699244,0.41082648537472594,0.02356481703486505,0.00020954932058836806,0.003287940642918705,0.0,0.0,0.002393617270820289,0.07234673404705987,0.08722079321853121
s06M1023,0.13665513793052073,0.0,0.005811121369485081,0.029222164243180207,0.0,0.0,0.7246023435472833,0.0001545080506247291,2.4295081834542906e-05,0.0,0.0,0.0,0.0,0.013785492952505009,0.08974493682456652
s07M1023,0.45594582584856413,0.0,0.02465731298987038,0.24236980707984002,0.020180332329050567,0.001688554718504154,0.005651336794718845,0.020699301757617833,0.0,0.003376723624895253,0.0,0.0,0.0026032281806802637,0.029746560501880962,0.19308101617437762
s08M1023,0.0,0.0,0.0,0.0,0.0,0.0,0.0,0.0,0.0,0.35820979274322085,0.6417902072567792,0.0,0.0,0.0,0.0
s09M1023,0.0,0.0,0.0003646060201389981,0.0,0.0,0.0,0.0,0.0,0.0008066129293534572,0.3960059332205626,0.5972995574422029,0.0,0.005523290387742002,0.0,0.0
s10M1023,0.007056398005341795,0.0,0.0036447215802550463,0.17990636391010192,0.017817450318543832,0.0,5.3010607353041495e-06,0.017395435425617774,0.0010420422366434335,0.3967428113417601,0.3694215557792014,0.0,0.0,2.320792447394347e-06,0.006965599549352141
s11M1023,0.0,0.0,0.0,0.0,0.0,0.0,0.0,0.0,0.0,0.49977032998374077,0.5002296700162592,0.0,0.0,0.0,0.0
s12M1023,0.0,0.0,0.00011437300070519554,0.0,0.0008547347530305664,0.0,1.674429124465282e-05,0.0,0.0,0.44537152169128014,0.5531279144410955,0.0,0.0,0.0005147118226440074,0.0
s13M1023,0.0,0.0,0.0006668963307131795,0.026680157186015116,0.0,0.0,0.0,0.0,0.0,0.4702972937941374,0.5018504396081923,0.0,0.0,0.0,0.0005052130809419503
s14M1023,0.003332941904356085,0.001403138545588488,0.0042304762321355395,0.721781566875404,0.0,0.0,0.0,0.01009299503756501,0.0,0.08771261862197338,0.166883655762073,0.0,0.0,0.0,0.004562607020904422
s15M1023,0.0,0.0,0.0,1.0,0.0,0.0,0.0,0.0,0.0,0.0,0.0,0.0,0.0,0.0,0.0
s01X1023,0.4102174784805407,0.0,0.043429015722502226,0.30318835777319425,0.03613268251745006,0.004219265374918449,0.007969750569933652,0.040030734985671536,0.0,0.010055325282868332,0.001475335267613747,0.0,0.009478176987026264,0.06227330241665052,0.0715305746216303
s02T1023,0.004944992961250749,0.0,0.0935222517272273,0.5542217924703893,0.056828443328479215,0.004494325807812838,0.006174342325660999,0.05883618864935272,0.0,0.02212950268008499,0.0006949366805178919,0.0,0.021312809064117644,0.09627655561778686,0.08056385868731933
s03T1023,0.0709524255424076,0.0015217184609547974,0.06280042874057401,0.40268196132330997,0.06228685043934491,0.00474693249875852,0.027260139102855567,0.026249430672251797,0.0002573456380861535,0.011287133224811459,0.004454505462798489,0.0,0.00200089502443135,0.14848027536780625,0.1750199585016091
s04T1023,0.8158688761740364,0.0,0.012227567690919351,0.06792560433282392,0.03213490385493859,0.0,0.008942643048422903,0.0,4.314974156356359e-05,0.0,0.0,0.0,0.0,0.036782409597909335,0.02607484555938611
s05T1023,0.02964260562106892,0.0008711969421086651,0.01695097198966435,0.06980997119277221,0.014548525282237218,0.0,0.7623020389311674,0.006738425111132788,0.0005325308463601703,0.005814951216892429,0.0011822280082233645,0.0,0.0,0.05459935594709473,0.03700719891127763
s06T1023,0.12036421385695786,0.000606178909838401,0.06695084174721291,0.15901674590465834,0.1832524830824842,9.771385546929232e-05,0.08906726595101204,0.013504595293879118,0.0017011477154891812,0.004190686551061509,0.0032750253663857646,0.0,0.0,0.18094281150970118,0.1770302902558501
s07T1023,0.045204084900210655,0.00011311982197472625,0.0256596186077159,0.6744714021515225,0.021636871610884956,0.011387905541129109,0.0067319684865902,0.04801533301038303,0.0,0.028720061125160658,0.0071275701621436255,0.0,0.001250472172600594,0.054587848784908,0.07509374362477611
s08T1023,0.0,0.0,0.0,0.0,0.0,0.0,0.0,0.0,0.0,0.2869876996622938,0.7130123003377061,0.0,0.0,0.0,0.0
s09T1023,0.0011620322694690477,0.0,0.00010556702511664311,0.0,0.00015424320107721166,0.0,0.0,0.0,0.0,0.5421652503028694,0.45641290720146754,0.0,0.0,0.0,0.0
s10T1023,0.0,0.0,0.0,0.0,0.0,0.0,0.0,0.0,0.0,0.55025783374397,0.4497421662560301,0.0,0.0,0.0,0.0
s11T1023,0.0006271578058481063,0.0,0.0009669310613634446,0.0,0.0006389022482306212,0.0,0.0,0.0,0.0,0.5127906657934631,0.482610920480359,0.0,0.0,0.0007068301490703371,0.0016585924616653828
s12T1023,0.0,0.0,0.0,0.0,0.0,0.0,0.0,0.0,0.0,0.5064487592206341,0.4935512407793659,0.0,0.0,0.0,0.0
s13T1023,0.0,0.0,0.0,0.0,0.0,0.0,0.0,0.0,0.0,0.5094831547866724,0.4901846246825792,0.0,0.0,0.0003322205307485074,0.0
s14T1023,0.0,0.0,0.0001157195621165784,0.020464569629672122,0.0,0.0,0.0,0.0,0.0,0.4822110505089529,0.4972086602992583,0.0,0.0,0.0,0.0
s15T1023,0.061632811125221586,0.0152014226793299,0.024644647900089377,0.4128893969129857,0.009861844809238924,0.0008638366061363974,0.0005562920006386001,0.12252583938561006,0.002602012819871083,0.14164523576582946,0.08149769852171171,0.0,0.01834518626096299,0.02393183300080649,0.08380194221156763
s02M1123,0.0532163083638605,0.0009685280582104082,0.026827766181703145,0.413263673166023,0.03316981069249983,0.00035628458148454043,0.01719970125184792,0.023125422248576267,0.0,0.07455286032340823,0.052238584667020506,0.0,0.0040367351822541385,0.12726708398374453,0.17377724129936692
s03M1123,0.05878810081116764,0.0021324477584025612,0.008218204776692254,0.4493415343129851,0.022472051336606392,0.0,0.018777323140462758,0.011552017682591263,0.0,0.008161399953984835,0.0033203688680200553,0.0,0.0,0.14935471478889972,0.2678818365701873
s04M1123,0.4808790501438593,0.0,0.005460664378525505,0.0047015849423766715,0.006316358279128864,0.0009703433283814149,0.0004702812121989546,0.0,0.0,0.0009215531668779949,0.00029281098391753475,0.0,0.0,0.005693550966115101,0.4942938025986187
s05M1123,0.1178241164300855,0.0,0.006963524756432334,0.04101427274309633,0.01935292583565228,0.0012658920160627297,0.27077071685094917,0.0,0.0,0.0,0.0005601019147909955,0.0,0.0,0.02994033923989072,0.5123081102130399
s06M1123,0.5239927550533007,0.0,0.01428747123088625,0.38126339540184967,0.023401844418422173,0.0,0.036499900242662676,0.0,0.0,0.0,0.0,0.0,0.0,0.020554633652878566,0.0
s07M1123,0.047679106390753324,0.00018700820519959555,0.011484892177679703,0.5037880017894764,0.008511609706112524,0.0014980820410852393,0.03545811144304687,0.013093074860600558,0.0,0.010440850992011105,0.007567619400843167,0.0,0.0,0.1332173626886707,0.22707428030452076
s08M1123,0.0,0.0,0.0,0.0,0.0,0.0,0.0,0.0,0.0,0.38882027562139804,0.6111797243786019,0.0,0.0,0.0,0.0
s09M1123,0.02188743310529194,0.0,0.0,0.093867053771835,0.0,0.0,0.0,0.024911924452814135,0.0010319826666025543,0.4327035065037835,0.4255980994996729,0.0,0.0,0.0,0.0
s10M1123,0.18755130099574932,8.423428556791444e-05,0.0,0.39754692217682086,0.004779779847424881,0.0,0.0,0.12430887277081326,0.006636291296914999,0.11526997552134738,0.16234781156548825,0.0,0.0,0.0,0.001474811539873152
s11M1123,0.02077179085329764,0.0,0.00015394790775774482,0.09549699488973735,0.0,0.0,0.0,0.024527500980224597,0.0011490111129717655,0.4339807510430702,0.42213341445627167,0.0,0.0,0.0,0.0017865887566691106
s12M1123,0.020740331916799123,0.0017615562450993632,0.019295920852338257,0.14065434135489413,0.004341190208330588,0.0,0.00015352640156294478,0.029127928703258293,0.0016457541318908736,0.4175492209628775,0.35175518373748926,0.0007028920162383664,0.0,0.0034514332296618584,0.008820720239559581
s13M1123,0.017048881429483607,0.002249016868237588,0.00037957687068609886,0.19657729971099702,0.0,0.0,0.0,0.016245512161309515,0.00027852268891450944,0.47283020934857417,0.286161030791266,0.0,0.0,0.0,0.008229950130531679
s14M1123,0.03572104158861868,0.00509611409196889,0.005413638933689829,0.26609079372015915,0.0023382251680010495,0.0,0.0001280752673033568,0.05265383868477087,0.0018199243651415193,0.37892165238036646,0.21978850543794665,0.0,0.002989924802607665,0.0032128958423965253,0.025825369717029232
s15M1123,0.4327342686303301,0.005789250044353501,0.002886134687750669,0.2738577277830536,0.0,0.0,0.0,0.042034211220680746,0.0005853007999198327,0.12843303566369377,0.08605121871979353,0.0,0.0031657555853617575,0.0,0.024463096865062452
s01X1123,0.019065179840571905,0.0,0.0,0.19855011682901896,0.0,0.0,0.002733846601645823,0.0,0.0,0.0,0.002071697985822361,0.0,0.0,0.05335801617780901,0.7242211425651319
s02T1123,0.4415940412459411,0.0,0.013499810699267999,0.3125248825336892,0.0058965373050036615,0.002364560777594862,0.008070892912797846,0.01687484522655722,0.0,0.00478011018498183,0.0,0.0,0.002558319620072342,0.07234155804213742,0.1194944414519565
s03T1123,0.08088387401137649,0.0,0.03615330810983897,0.41263357336315626,0.03815541346208712,0.0,0.03310402120619283,0.0021222332950327476,0.0007539738105285165,0.0011308211707483924,0.0030891858455049186,0.0,0.0,0.18041740263782188,0.21155619308771179
s04T1123,0.2954667969195967,0.0,0.0006469005248758033,0.030511595854831163,0.0,1.4101978826276498e-05,0.643077755356295,0.0,0.0,0.0,0.00015293413857956367,0.0,0.0,0.010312754913634505,0.01981716031336106
s05T1123,0.9322917586437813,0.0,0.0,0.0514271375703875,0.0,0.00026026196808528996,0.0006746260365744684,0.0,0.0,0.0,0.0,0.0,0.0,0.005257957866125488,0.010088257915045976
s06T1123,0.6517972596415142,0.0,0.0,0.1579277578363268,0.0,0.0,0.0,0.0,0.0,0.0,0.0,0.0,0.0,0.0,0.19027498252215902
s07T1123,0.013659830368772361,0.0,0.0,0.8728465690748628,0.0,0.0,0.0073972824371759125,0.0,0.0,0.0,0.0,0.0,0.0,0.03480991771197197,0.07128640040721701
s08T1123,0.0,0.0,0.0,0.0,0.0,0.0,0.0,0.0,0.0,0.5069678388025448,0.49303216119745513,0.0,0.0,0.0,0.0
s09T1123,0.0,0.0,0.0,0.0,0.0,0.0,0.0,0.0,0.0,0.47077205760498675,0.5292279423950131,0.0,0.0,0.0,0.0
s10T1123,0.0,0.0,0.0,0.0,0.0,0.0,0.0,0.0,0.0,0.5496837028427572,0.45031629715724286,0.0,0.0,0.0,0.0
s11T1123,0.000590669898607534,0.0,0.0003810566992086272,0.0007265731699778077,0.0,0.0,0.0,0.0,0.0,0.5697459600151099,0.42814630950282523,0.0,0.0,0.00040943071427093105,0.0
s12T1123,0.0,0.0,0.0,0.0,0.0,0.0,0.0,0.0,0.0,0.6013031754715552,0.39869682452844474,0.0,0.0,0.0,0.0
s13T1123,0.0,0.0,0.0,0.0,0.0,0.0,0.0,0.0,0.0,0.562784191050346,0.43364132464107596,0.0,0.0,0.00357448430857792,0.0
s14T1123,0.006792239957488564,0.0008523209264129743,0.0029681836919394616,0.05275993057695871,0.0,0.0,0.0,0.006560804699459838,0.0,0.5163227835006482,0.40149965494440765,0.0,0.0,0.004896916783133006,0.007347164919551742
s15T1123,0.06040031743689199,0.009986562186621065,0.011164006828131744,0.4490875810183768,0.008057970926713053,0.0,0.002526869885927445,0.08823919696457827,0.0021116001526481016,0.1499914358327669,0.07151057580838151,0.0,0.007501655584911651,0.03010501410120155,0.10931721327284993
s02M1223,0.062022816108285486,0.0,0.04464161749652439,0.34271195253049935,0.022728577483227812,0.00269933856601749,0.10975365203948255,0.0008555729952723148,0.0,0.002643298991153369,0.0071461003379159355,0.0,0.0,0.12001442993744575,0.28478264351417537
s03M1223,0.03674624055799035,0.0,0.025940611835215555,0.35033920896191406,0.08092145744775259,0.0,0.12125427285999581,0.0,0.0,0.0,0.0,0.0,0.0,0.12852464401061672,0.2562735643265148
s04M1223,0.04028396956707176,0.0,0.028407535561277845,0.3432763371714396,0.09206504754408978,0.0,0.11267695369112452,0.0,0.0,0.0,0.0,0.0,0.0,0.13789981646949312,0.24539033999550347
s05M1223,0.05204415133348475,0.0002456322180578143,0.0028989796379034734,0.2669900432100021,0.40775876601890104,0.0002875930838220074,0.10404603236980829,0.004062978243090971,0.0004938508621556988,0.001674865040506804,0.00022612295732859646,0.0,0.0,0.04054018461268566,0.11873080041225272
s06M1223,0.015191516736211969,0.0,0.0,0.6284925449980254,0.0,0.0,0.03065342025585382,0.0,0.0,0.0,0.0,0.0,0.0,0.06280318154955805,0.2628593364603507
s07M1223,0.0025845939715457155,0.0,0.008502051959005878,0.49194424995356917,0.0,0.0,0.0035347993971196184,0.0020810163781716205,0.0,0.006960185549555588,0.0,0.0,0.0,0.08415392109516845,0.4002391816958638
s08M1223,0.0,0.0,0.0,0.0,0.0,0.0,0.0,0.0,0.0,0.508522159652529,0.4914778403474709,0.0,0.0,0.0,0.0
s09M1223,0.005390220280795848,0.0,2.7170505453098307e-05,0.01879080213104311,0.0,0.0,0.0,0.0027645190315911633,0.0011615210539587723,0.5751161493110258,0.39282110761795935,0.0,0.003928510068172801,0.0,0.0
s10M1223,0.07803083509385629,0.0,0.0,0.46051015119908967,0.0,0.0,0.0,0.1280231495737239,0.00878827283431733,0.12015472370063116,0.1899371087009236,0.0,0.014555758897458117,0.0,0.0
s11M1223,0.001042248504078874,0.0,0.0009654520955160056,0.019791759983018804,0.0,0.0,0.0,0.0008390524559915633,0.0016636131004117262,0.5484597077005705,0.4162191158283482,0.0,0.009981939225121542,0.0010371111069428461,0.0
s12M1223,0.006194474574910889,0.0,0.0027518016561600606,0.028072200484802107,0.0,0.0,0.0,0.0,0.0,0.5655488451406696,0.3938852727215163,0.0005226522539474617,0.0,0.0022197415718012343,0.000805011596192392
s13M1223,0.005809864323607782,0.0,0.0012454534566471082,0.10508392890897028,0.0,0.0,0.0,0.016055403071657644,0.0,0.4757653994925699,0.3808714216919181,0.0,0.0,0.015103354051813457,6.517500281567377e-05
s14M1223,0.04100073849307164,0.003031567435118141,0.01811394185654817,0.3216691356636619,0.010871702088956537,0.0,0.0006942950036326063,0.06849130094938599,0.0006139938209096315,0.3027204962534798,0.17776380040436968,0.0,0.006303218586292764,0.016596366459229978,0.032129442985343294
s15M1223,0.766130212555723,0.0034669328411695306,0.00868792370301441,0.12188726387006528,0.0,0.0002826759372894438,0.0,0.03436311254066508,0.0002581730641274539,0.030041032412183998,0.0124243754345839,0.0,0.005777124757363665,0.00160532138736976,0.01507585149644457
s01X1223,0.9099867650744569,0.00035705183526672015,0.0,0.063460479082296,0.0,0.0009912828352466188,0.0,0.003738190701707691,0.0,0.0017920058132548779,0.0029334667996181413,0.0,0.00024792516376348863,0.001955789376877091,0.014537043317512491
s02T1223,0.08213490011576251,0.0,0.033390315357167716,0.5120269412651984,0.029600043360462888,0.006402793062490511,0.008094259585027784,0.00775790615120122,0.0002637891879745749,0.006247969824228499,0.03267946649224601,0.0,0.0,0.09177396146943699,0.1896276541288028
s03T1223,0.13253161600115376,0.0,0.017443909643971293,0.4410586457792319,0.06498756926594589,0.0,0.022269023350887044,0.0046189141522353415,0.002147415391496649,0.0021179637048914777,0.011951619155380169,0.0,0.0,0.13265611255142312,0.16821721100338333
s04T1223,0.03947871112554071,0.0,0.0,0.9506100462903658,0.0,0.0035844688644941273,0.0017567871270421495,0.0,0.0,0.0,0.0,0.0,0.0,0.0,0.004569986592557269
s05T1223,0.11267908887480506,0.0,0.05959658896152761,0.19331357204629968,0.1463280031925829,0.0027397180916705344,0.04419621346483025,0.0076622663211262905,0.0021921722733837965,0.0,0.001288698363474922,0.0,0.0,0.3119652983049213,0.11803838010537746
s06T1223,0.8538815350246556,0.0,0.03056953847129846,0.03769071662823701,0.021129507756248996,0.004299095321444798,0.0017993489329631276,0.0,0.0,0.0,0.0,0.0,0.0,0.041908687031773736,0.008721570833378246
s07T1223,0.06941399717143287,0.0,0.0023748548089129206,0.5571699838916284,0.01893623836048473,0.003961543880993278,0.00746293034223806,0.0005306849059178922,0.0,0.0,0.01615376662304929,0.0,0.0,0.06591570011768567,0.2580802998976568
s08T1223,0.0,0.0,0.0,0.0,0.0,0.0,0.0,0.0,0.0,0.4415056836253839,0.5584943163746161,0.0,0.0,0.0,0.0
s09T1223,0.05071176296573381,0.002561442905874254,0.0013904747274523974,0.25885911609862583,0.0,0.0009243227861008991,0.0,0.08546693273238906,0.012647731644616257,0.2528639126387675,0.286504714440602,0.0,0.048069589059838054,0.0,0.0
s10T1223,0.23306035225185834,0.0,0.0,0.43244264611193795,0.0,0.0,0.0,0.12438238486828924,0.005678306756101802,0.05902764095872483,0.1454086690530877,0.0,0.0,0.0,0.0
s11T1223,0.044435018485842984,0.0,0.0007460171859647202,0.19603379457230288,0.0,0.0,0.0,0.052064074315554744,0.0024498259299262164,0.3530632746611299,0.3512079948492786,0.0,0.0,0.0,0.0
s12T1223,0.036775889015774936,0.0001975576615472803,0.033970582402761636,0.26620182593842584,0.0050057786608924,0.00025766216252329986,0.0008370414500241434,0.04331263382191609,0.0028835924646071873,0.3669745411483879,0.22664903950280535,0.0031794830783799764,0.0,0.008346074857292518,0.005408297834661433
s13T1223,0.4335097776438776,0.0,0.0006775413080154811,0.2138504308864769,0.0,0.0,0.0,0.0526484924009323,0.0020467262060648206,0.16087203602301448,0.13639499553161838,0.0,0.0,0.0,0.0
s14T1223,0.02809544964296473,0.0026378583401316822,0.0037881788765674277,0.7382609307940428,0.0,0.0,0.0,0.03524873645154199,0.0,0.07490930386109551,0.11554819159838484,0.0,0.0,0.0,0.0015113504352710244
s15T1223,0.08521948887360517,0.011906887551085184,0.010694241169026706,0.3836849803427517,0.012944060933699939,0.00612419461834587,0.004126374248618242,0.11840854980350152,0.004002347372929486,0.08435299358554543,0.06697268625458994,0.0010940148892022133,0.010635492337296578,0.02841676176040066,0.1714169262594013
s02M1323,0.021410810584622377,0.0,0.0,0.3658280763666426,0.023199398656389734,0.0,0.2761335737717557,0.0,0.0,0.0,0.0,0.0,0.0,0.09451451789185634,0.21891362272873333
s03M1323,0.019257262844529947,0.0,0.0,0.6135299104453189,0.07058312579367489,0.0,0.0009576694411672842,0.0,0.0,0.0,0.0,0.0,0.0,0.056915434185398635,0.2387565972899104
s04M1323,0.11049493033264028,0.0,0.004219624834403936,0.01552712000211867,0.020979507610956075,0.0,0.7121405943882508,0.0,0.0,0.0,0.0,0.0,0.0,0.08788917730647028,0.04874904552516004
s05M1323,0.018695193063340994,0.0,0.0020363872964935604,0.4494485608594538,0.07602132116666073,0.0,0.22332536834545,0.0,0.0,0.0,0.0,0.0,0.0,0.08007909224769648,0.15039407702090435
s06M1323,0.047356968403341734,0.0,0.109432072258699,0.3449574013264107,0.09595037794989023,0.0,0.02199153471419071,0.0,0.0,0.0,0.0,0.0,0.0,0.16041788979575056,0.21989375555171708
s07M1323,0.2133977994109859,0.0,0.009025543340870495,0.35495490438460414,0.03189877501649557,0.00416902584994881,0.013862787450028505,0.02062988102439466,0.0004967924584028157,0.009121629812504563,0.010753303772601225,0.0,0.0,0.10180512335410276,0.22988443412506068
s08M1323,0.0,0.0,0.0,0.0,0.0,0.0,0.0,0.0,0.0,0.40025560873809446,0.5993880921171104,0.0,0.0,0.00035629914479519837,0.0
s09M1323,0.00835590484218533,0.0,0.00025940308481872963,0.01764008291064168,0.0008425475412077731,0.0,6.848074507675542e-07,0.003467994217612485,1.264044616228566e-05,0.36616711753404557,0.601805025499306,0.0,0.0,0.001448599116569337,0.0
s10M1323,0.010829905353505252,0.0,0.004349041195420176,0.05887999140191536,0.0011219621280045215,0.0,0.010027851998174834,0.008759543493400485,0.00021410254096050009,0.40535124271162287,0.4658886937569855,0.0,0.0,0.031169414422337078,0.003408250997673496
s11M1323,0.01085657241698431,0.0,0.001957874755978877,0.04630409711866704,0.003342957943313559,0.0,0.0017068505924491637,0.004827683609324288,3.0107640104982733e-05,0.41461411875133897,0.5101898788927047,0.0,0.0,0.0032683946326768293,0.0029014636464572453
s12M1323,0.10432136054549454,0.0004600595943506616,0.0,0.5018438312765902,0.0,0.0,0.0,0.15308383546805884,0.007012401010359044,0.08019986438388364,0.15307864772126323,0.0,0.0,0.0,0.0
s13M1323,0.07603659577046142,0.009456582392493796,0.006367321765447047,0.4389246707372484,0.0,0.0007090660753085588,0.0,0.14372130614718268,0.01362420504908377,0.09734222393447645,0.09678998279466373,0.0,0.047376668496208335,0.045492502477147666,0.024158874360278144
s14M1323,0.0603448057447612,0.012289235033587068,0.020149763416829416,0.5309564414130551,0.00628833038371459,0.0,0.0006848399929420314,0.12049518926859003,0.0028731142630052226,0.12139087438914123,0.03715351501068753,0.0,0.013726752596013522,0.014056545857730151,0.059590592629942894
s15M1323,0.09313779300249733,0.007944926328899935,0.006325960846765327,0.537894021712668,0.011355129586046061,0.0,0.003356351543520292,0.09360238823396876,0.003743293224190062,0.09841111016086826,0.055579687570602804,0.0,0.002127867553944115,0.02491759369651262,0.06160387653951663
s01X1323,0.0636126498179543,0.0,0.007236716430021663,0.1747207092827259,0.02070881407649161,0.007100093183142845,0.006834039767632999,0.013969634898010699,0.0005571152745608762,0.004239008197904201,0.01293907441066141,0.0,0.0,0.05927027962452229,0.6288118650363711
s02T1323,0.09572182057560849,0.0,0.1615319928097824,0.3063451983214957,0.05024791473877912,0.002048078394987333,0.008241256028424418,0.030071597051823867,0.0019008450645312132,0.02198427001724336,0.031225219250491834,0.0,0.0,0.16834401417641273,0.1223377935704195
s03T1323,0.12044656193012143,0.0,0.03133994640917775,0.09266253389068384,0.0,0.0,0.010649893309788609,0.005151169767696083,0.0006122227025794363,0.008875080865227002,0.004677535617210539,0.0,0.0,0.6158917195292456,0.1096933359782698
s04T1323,0.01524498179719757,0.0,0.010920582501892678,0.044786366131061996,0.0,0.0067853194001100525,0.10571858347057564,0.0016266328056261453,0.0,0.003624260328903562,0.0014375642401436984,0.0,0.0,0.6975342859972667,0.11232142332722198
s05T1323,0.0,0.0,0.003622606224322164,0.0,0.0,0.0,0.16900046148136547,0.0,0.0,0.0,0.0,0.0,0.0,0.046989557037394034,0.7803873752569183
s06T1323,0.004380318351578455,0.0,0.05219440965642026,0.3451086015436457,0.0,0.0,0.0658746361743855,0.0,0.0,0.0,0.0,0.0,0.0,0.5324420342739701,0.0
s07T1323,0.3914518896278906,0.0,0.0,0.32127606642360385,0.0010067147680088819,0.0002439120842996948,0.09240015697361026,0.02430292604467003,0.0011678545589000723,0.054557610452315684,0.031039911955172188,0.0,0.0042678055225671,0.03767187385096293,0.04061327773799859
s08T1323,0.0,0.0,0.0,0.0,0.0,0.0,0.0,0.0,0.0,0.4310843422271276,0.567905677872807,0.0,0.0,0.0010099799000654183,0.0
s09T1323,0.0790107389622915,0.0,0.0,0.34416166425369854,0.0,0.0,0.0,0.10500938296987289,0.005101358952650827,0.22384966238071383,0.2428671924807724,0.0,0.0,0.0,0.0
s10T1323,0.07772708939448626,0.0016965098251332492,0.0013504613138498032,0.4317588032117947,0.0,0.0,0.0,0.11452662217709733,0.008664813533560073,0.14634669558774738,0.203514090800593,0.0,0.01441491415573819,0.0,0.0
s11T1323,0.07822577395505918,0.0,0.0016811233713605901,0.35374771894744445,0.0,0.0,0.0,0.10531121250372165,0.005002002853477631,0.20429926838913787,0.2517328999797987,0.0,0.0,0.0,0.0
s12T1323,0.7789648872442713,0.0,0.0,0.09506380037505498,0.0,0.0,0.0,0.013367932094861897,0.000775246498502861,0.06106453130993758,0.050763602477371335,0.0,0.0,0.0,0.0
s13T1323,0.025016812310044798,1.4783531517575183e-05,0.002036464309242981,0.12993996285748194,0.0,0.0,0.0018595211985802228,0.03436547564133821,0.0013552422234236327,0.41009640509921064,0.31814711523603734,0.0005257383412663036,0.0,0.0708895119920403,0.005752967259815974
s14T1323,0.03549966968662579,0.0011876219401184026,0.005173294106415213,0.35199574345480256,0.004307129005029641,0.0,0.0019621943154457043,0.0510580350492324,0.0014921666384609313,0.27452350077881904,0.2320385078962727,0.0010007426819365608,0.0024222879303540013,0.021132822801509608,0.016206283714977576
s15T1323,0.7935798782137643,0.0,0.0,0.1049336631132385,0.0,0.0,0.0,0.02104433606463692,0.0009683782502325156,0.04127181371466204,0.035672859858627746,0.0,0.0,0.0,0.0025290707848377295
s02M1423,0.7987394530163912,0.0,0.0,0.11854823487736231,0.0,0.0,0.0,0.0,0.0,0.0,0.0,0.0,0.0,0.010502237730412827,0.07221007437583381
s03M1423,0.41901105916288095,0.0,0.0,0.19550745502399616,0.0,0.0,0.08264925790958709,0.0,0.0,0.0,0.0,0.0,0.0,0.03801379717205064,0.26481843073148514
s04M1423,0.02908717127942284,0.0,0.0,0.20134011967009668,0.24942795609293567,0.0,0.002819233340507354,0.0,0.0,0.0,0.0,0.0,0.0,0.09661364878957501,0.4207118708274625
s06M1423,0.31650032495612007,0.0,0.007444446666730721,0.17927406154049427,0.0907474988854905,0.0,0.0,0.0028749698233555576,0.00016261688594393242,0.0011685519699697671,0.005141128146335671,0.0,0.0,0.22213438015597656,0.17455202096958303
s07M1423,0.6852908176322994,0.0,0.0033804280168005293,0.07006876853758312,0.0,0.0,0.0007081971631160868,0.006913016895721495,5.991300821089149e-05,0.00280451616013825,0.009607016713511921,0.0,0.0,0.015163304990709265,0.20600402088190908
s08M1423,0.00023611798784620833,0.0,0.0,0.0,0.001314067245760274,0.0,0.0009019748148934564,0.0,0.0,0.24444176807842333,0.7515850509455169,0.0,0.0,0.0015210209275599018,0.0
s09M1423,0.06365557134942681,0.0,0.0,0.2661542555892428,0.0,0.0,0.0,0.08151625100724424,0.0044802511175800535,0.17200091292388092,0.4121927580126251,0.0,0.0,0.0,0.0
s10M1423,0.018688379415946994,0.0,0.009384825685082308,0.05197147685987566,0.0008099718532954656,2.9255995984931333e-05,0.0023320074254924166,0.01709175024008421,0.0013166705076906714,0.33974240130166466,0.46259432774253506,0.0,0.00019225525978400868,0.09047460864871111,0.005372069063852666
s11M1423,0.0478452341378382,0.0014977449412182174,0.002126909836348654,0.17360201725772348,0.003810210174667576,0.00016346148336963655,0.0040469783523050685,0.060286539108726105,0.004320365243118292,0.35727710805002316,0.320489119861207,0.0,0.008793752594087904,0.006214255123881134,0.009526303835485658
s12M1423,0.06161781543289073,0.0025504447588496062,0.0036241711260688587,0.2991559421251447,0.009683292182354187,0.0,0.004246259900676511,0.10128900712294579,0.004324013575393648,0.2834160344892871,0.20055773414493946,0.0008403892734792596,0.00037256775363501054,0.014584080154415585,0.01373824795991967
s13M1423,0.017510205401354013,2.8452417979926066e-05,0.0,0.061898981376973625,0.0,0.0009766605441042938,0.0011645873746480662,0.02037582780605591,0.0010456651026364682,0.2712972472189196,0.2088030097512459,0.00031045043881351367,0.0005946889021998942,0.40848097326500976,0.007513250400059126
s14M1423,0.06968051270480105,0.0024851738435903692,0.0076858699986241535,0.30219743135813176,0.020752735781325037,0.0,0.005840146091919529,0.07580742379586743,0.004047108782130975,0.14076025481073445,0.12006834256500268,0.0,0.0,0.08110208403628605,0.16957291623158652
s15M1423,0.8145342818764081,0.0,0.0,0.13464751461149443,0.0,0.0,0.0,0.002681975407689671,0.0,0.0,0.007894996164980548,0.0,0.0,0.0,0.04024123193942717
s01X1423,0.12009617498845701,0.0,0.02863741944933766,0.2992581843557621,0.06467213462207277,0.013755344975438887,0.020220639163063193,0.04536721321860746,0.0026292716830127955,0.017470780996210397,0.019728709427588323,0.0,0.0025206109212580884,0.24553836732981832,0.12010514886937297
s02T1423,0.014423853462272783,0.0,0.1242957442706341,0.3418659737252636,0.0,0.0,0.0004719976156226812,0.0,0.0,0.0,0.0,0.0,0.0,0.5156936931677212,0.0032487377584858226
s03T1423,0.0074941086748558025,0.0,0.0,0.04792466929326096,0.0,0.0,0.033397596300279504,0.0,0.0,0.0,0.0005422130326126666,0.0,0.0,0.6699142675725276,0.24072714512646337
s04T1423,0.8932651435381433,0.0,0.0,0.0,0.0,0.0,0.0,0.0,0.0,0.0,0.0,0.0,0.0,0.10673485646185664,0.0
s05T1423,0.19944190869504544,0.0,0.00545867371401995,0.0,0.0,0.0,0.0,0.0,0.0,0.0,0.0,0.0,0.0,0.7950994175909346,0.0
s06T1423,0.04444955094879717,7.893088457894631e-05,0.0774673595524698,0.07711164610143893,0.09782649818663527,9.319748173242726e-05,0.013753816890471095,0.00639223472744755,0.0008781286752724928,0.001842489899541394,0.0012670768004999994,0.0002841584647488996,0.0,0.642952707738956,0.03560220364741011
s07T1423,0.0,0.0,0.0,0.9554939730535453,0.0,0.0,0.0,0.0,0.0,0.0,0.0,0.0,0.0,0.0,0.04450602694645472
s08T1423,0.0,0.0,0.0,0.0,0.0,0.0,3.192221621964049e-05,0.0,0.0,0.2646408386564234,0.7325054064604236,0.0,0.0,0.0028218326669334146,0.0
s09T1423,0.021927450995920438,0.0,0.0,0.08043713575972454,0.004282233159989723,0.0,0.0019387477647852438,0.028046958094028178,0.0012092681980775373,0.3061707963113174,0.5533572059416706,0.0,0.0,0.0017893942703164072,0.0008408095041702404
s10T1423,0.012438568629478964,0.0,0.0014230893280253747,0.03768529749675505,0.006948687693742733,0.0,0.0038753384620373492,0.01652984024099364,0.00046483630503237663,0.4890149342325769,0.4128391271481719,8.394844962594595e-05,0.0,0.013082529294928022,0.005613802718631715
s11T1423,0.022739683590951163,0.0,0.0040483177024606045,0.08421856236723262,0.004979454995206729,2.583492938844446e-05,0.0013163409244117928,0.026871288476959573,0.0032097320784345916,0.3776116327852205,0.4451136565970485,0.0,0.009323947673125652,0.01735274200192541,0.00318880587763434
s12T1423,0.009174127700484458,0.0,0.0031700870583526025,0.026868999704978302,0.005504919094018891,0.0,0.00203391411612815,0.001713751014266992,0.0,0.4181907233478058,0.5181203417094815,0.0,0.0,0.011038272433905115,0.004184863820578076
s14T1423,0.004234019524892906,0.0,0.0,0.004869670591377571,0.0,0.0,0.0009964727755959887,0.0031813587672002816,0.0,0.3955925960789011,0.4346696871159545,0.0,0.0,0.15390978242121714,0.0025464127248604504
s15T1423,0.007871574810542105,0.0,0.0038946754615433728,0.024958201185418704,0.0,0.0,0.0022211502527997576,0.007547760657687826,0.0004715695365377519,0.41813061471903745,0.3885588817860838,0.0007829081140992254,0.0,0.13962618407756663,0.005936479398683297
s02M1523,0.7284807248386654,0.0,0.08514400112905056,0.07266629867488728,0.01506939012460711,0.0,0.0013014801302338704,0.0,0.0,0.0,0.00021928382580722712,0.0003519544988310285,0.005052770841954113,0.07767985509840256,0.014034240837560975
s03M1523,0.9285562705054525,0.0,0.0,0.0006475843549525446,0.0,0.0,0.030501531700929927,0.0,7.678129415729459e-05,0.0,0.0,7.234499773317188e-05,0.00022745626314165342,0.038862002543384455,0.0010560283402485098
s04M1523,0.909684769826407,0.0,0.0,0.0,0.0,0.0,0.0020298460153972634,0.0,0.0,0.0,0.0,0.0,0.0,0.08828538415819573,0.0
s05M1523,0.0,0.0,0.00556203166586392,0.9133946375485092,0.012821219521583204,0.0,0.0,0.0,0.0,0.0,0.0,0.0,0.0,0.06822211126404369,0.0
s06M1523,0.6956650236450299,0.0,0.0,0.0,0.0,0.0,0.0,0.0,0.0,0.0,0.0,8.508823742551631e-05,0.0,0.2830981679525131,0.021151720165031394
s07M1523,0.8111715124149182,0.0,0.0,0.18820168505449078,0.0,0.0,0.0,0.0,0.0,0.0,0.0006268025305910935,0.0,0.0,0.0,0.0
s08M1523,0.005626721131330089,0.0,0.0,0.0,0.0006404248098387405,0.0,0.0006323213878583738,0.0,0.0,0.27982745500991457,0.7107108610329489,0.0,0.0,0.0025213743871689283,4.084224094045418e-05
s09M1523,0.07955762931917668,0.0,0.0,0.2571823003797713,0.0,0.0,0.0,0.07803851760655771,0.004113152837019675,0.29415832633103717,0.27045292258432796,0.0,0.0,0.016497150942109413,0.0
s10M1523,0.060085684938951854,0.0,0.0012822459168503014,0.2401922596305904,0.0015664227833136189,0.0,0.0,0.07695636208335761,0.004519203921456241,0.3174452704721273,0.2760464730310264,0.0,0.0,0.01975430476952689,0.0021517724527992392
s11M1523,0.10068514080338357,0.0,0.0,0.40277719321731104,0.0,0.0,0.0,0.1264263550435699,0.006845174400835277,0.15131013957233633,0.20095764206468936,0.0,0.0,0.0,0.010998354897874573
s12M1523,0.026305012213272305,0.0,0.0,0.27307042930265774,0.0,0.00014570491360857483,0.0,0.039883753297489846,0.0017926389048555007,0.1427751299544727,0.13917761093848396,0.0,0.0,0.37684972047515936,0.0
s13M1523,0.47263471818098757,0.0,0.0006816383440891837,0.16602443347294554,0.010376751251055232,0.0010488269831673486,0.003685155094076454,0.04461986777831137,0.00293522733611684,0.12832050476191761,0.12683055498186555,0.0,0.002469596062341662,0.02929928146495416,0.011073444288171495
s14M1523,0.01838892008956357,0.0019844502069884798,0.0017634891356092639,0.21303436778505525,0.004885830427510925,0.001722424107918352,0.012375982114729704,0.03803096128152416,0.0009187759248401501,0.312994504450964,0.21335576429438877,0.0016551647317424119,0.003115525409669309,0.1593647336908687,0.01640910634862712
s15M1523,0.9087525507919815,0.00029896770189570044,0.0,0.03511595941734842,0.0,0.00017627368016743478,0.0,0.010680380122182666,0.0003159163663339026,0.023172875263928205,0.019420806400460976,6.674064561926744e-05,0.0011547752906942762,0.0007879884019618176,5.676591742589619e-05
s01X1523,0.7386912543206532,0.0,0.0003279170168312535,0.1541965773770542,0.0,0.0014905606623979398,0.0,0.0,0.002007052564184948,0.0,0.0,0.0,0.0,0.003857829917692519,0.09942880814118593
s02T1523,0.15781553987695263,0.0,0.013492810908710757,0.5303333197999578,0.0,0.0,0.0,0.0,5.2519717189021925e-05,0.0,0.0,0.0,0.0,0.10845672262579435,0.18984908707139542
s03T1523,0.9072076477986009,0.0,0.0,0.05569591970330242,0.0,0.0,0.0,0.0,0.0,0.0,0.0,0.0,0.0,0.002321556647766871,0.03477487585032993
s04T1523,0.7252043005812698,0.0,0.0,0.0,0.0,9.198256231421607e-05,0.0012773357050786158,0.0,0.0006530706793158622,0.0,0.0,0.0,0.0,0.2727733104720216,0.0
s05T1523,0.918235337727409,0.0,0.0012137544314552412,0.0,0.0010710356742733578,0.0,0.0,0.0,0.0,0.0,0.0,0.0,0.0,0.02400633727421133,0.055473534892651034
s06T1523,1.0,0.0,0.0,0.0,0.0,0.0,0.0,0.0,0.0,0.0,0.0,0.0,0.0,0.0,0.0
s07T1523,0.8241175398287198,0.0,0.0,0.09202694882097798,0.00035459275156743354,0.0,0.0005155204067929475,0.0,0.0013123513868890575,0.0,0.0,0.0,0.00032842119454347635,0.0074426575351188495,0.07390196807539051
s08T1523,0.002855731648492193,0.0,0.0,0.0,0.0,0.0,0.0002797343105685284,0.0,0.0,0.33071799837609933,0.6647393002320346,0.0,0.0,0.0012478297069663813,0.00015940572583896515
s09T1523,0.03380688013298437,0.0,0.0,0.12570938687970848,0.0,0.0,0.0013364721314591563,0.03873680455627512,0.0015952393138258328,0.4470889593657317,0.3449443286129922,0.0,0.0,0.0006136982733739696,0.006168230733649315
s10T1523,0.5837477181977638,0.00013797895634951247,0.0,0.17435489827136447,0.0,0.0,0.0,0.05543525421512577,0.0027707317363030817,0.0900217930025899,0.09072987278877695,0.0,0.0,0.00280175283172649,0.0
s11T1523,0.40289806779960197,0.011937837403872142,0.012599125160044843,0.18304649973522014,0.0,0.01169338329473078,0.0,0.08845402239072346,0.03465229095801149,0.028740279683387448,0.04361019369469614,0.0,0.18236829987971173,0.0,0.0
s12T1523,0.24195871252693898,0.0,0.00015368766545986815,0.1360999218386562,0.00020217210815862434,0.0,0.00043260559061688545,0.04497394991963909,0.0021097410408813127,0.34287802743831236,0.2272275041772554,0.000872974502142132,0.0,0.0008550836727789096,0.0022356195191602234
s13T1523,0.8246108015670361,0.0006390912977063559,0.0,0.07394772893605445,0.00201696673849734,0.00017613388204439055,0.0,0.024189514234214275,0.0018956976242783983,0.03909968731311579,0.028457262164201646,0.0009426808364685696,7.414760236536319e-06,0.004017020646145942,0.0
s14T1523,0.9142033787557775,0.0003803880158223269,0.0,0.051555739898053114,0.0,0.0,0.0,0.008351892781373537,0.00031786363883158864,0.016358257942177788,0.00879804254562357,3.4436422340625384e-05,0.0,0.0,0.0
s15T1523,0.8119611333148555,0.0009267556498974002,0.0016323182216597975,0.08793769732675497,0.004765210299042104,0.0,0.0023327126381774347,0.02212278384819365,0.001999952288352634,0.013476177268552918,0.016996851411637988,0.0,0.00023294803997810746,0.018149376670872075,0.017466083022025215
s02M1623,0.2356901717834795,0.0,0.01858209058600065,0.0,0.0,0.0,0.003646369966362781,0.0,0.0008768000880956199,0.001267380629934147,0.0028837154628831956,0.0,0.0004483248444620476,0.7366051466387822,0.0
s03M1623,0.9573588473207442,0.00022890597382905137,0.03579378132732904,0.0,0.0,0.0,0.0,0.0004219498883850625,0.00011928714516584091,0.00011797861911659988,0.0,0.0,0.0,0.0,0.005959249725430203
s04M1623,0.9634219068670851,0.0,0.0,0.0,0.0,0.0,0.0,0.0,0.0,0.0,0.0,0.0,0.0,0.03657809313291499,0.0
s05M1623,0.8791490592618805,5.9969623820631044e-05,0.0,0.0,0.011169813501532861,9.336135426764785e-05,0.07678994275897276,0.0,0.0007257340063792697,0.0,0.0,1.3737635655802501e-05,0.004475034013516634,0.02752334784397401,0.0
s06M1623,0.7868680768518846,0.0,0.098001115603784,0.047927434827827645,0.016735836443424374,0.0,0.0,0.0,0.0,0.0,0.0,0.0,0.0,0.05046753627307938,0.0
s07M1623,0.33700468804521727,0.0,0.08918179829780414,0.0,0.0022275094730133003,0.0,6.300549665986295e-05,0.0,0.0,0.0,0.0,0.0,0.0,0.5715229986873055,0.0
s08M1623,0.0,0.0,5.185790934846442e-05,0.0,0.0,0.0037052472593153752,0.0016112389274759787,0.0,0.0,0.17354581499465022,0.7974842480625424,0.0,0.021548859777363958,0.0018433670158023857,0.00020936605350137103
s09M1623,0.0,0.0,0.0,0.0,0.0,0.0,0.0,0.0,0.0,0.261393694756316,0.7381424334355344,0.0,0.0,0.0004638718081495955,0.0
s10M1623,0.06526209773004553,0.0,0.0,0.27580996662557444,0.0,0.0,0.0,0.08417215576885635,0.004623073279017802,0.22196318870427448,0.34816951789223155,0.0,0.0,0.0,0.0
s11M1623,0.009332221639509024,0.013868625830805916,0.015491506046672742,0.228443262349764,0.0,0.01444573866240776,0.0,0.106094459578426,0.044571404835594415,0.14515027411444503,0.18385487744913168,0.0,0.2387476294932434,0.0,0.0
s12M1623,0.040029900624719277,0.0,0.0,0.16434899717654203,0.0,0.0008843544940894411,0.0008043500703715247,0.059427156265779935,0.002661865707060313,0.36908615846974324,0.3609228835763165,0.0,0.0,0.001834333615377741,0.0
s13M1623,0.7684677269121803,0.0008323226665739047,0.0,0.07248343311330888,0.0,0.0009769720596055124,0.0,0.013983991360166138,0.0016025908903678986,0.07746779964027005,0.05722901067341788,8.059054670775915e-05,0.006875562137401701,0.0,0.0
s14M1623,0.4835383455508868,0.0011725991528729195,0.004156190479122187,0.09832372580982585,0.009804019535446611,0.0011274141942914115,0.0028456715419644687,0.03229133194231107,0.0015362763566559663,0.11247957505066354,0.08344481935254376,0.0,0.0006318746349588077,0.027700904781894204,0.14094725161656232
s15M1623,0.9157780477326094,0.0009762732521569535,0.0,0.04425641469439108,0.0,0.0,0.0,0.016515296304235753,0.000675014886620766,0.00847722174203252,0.011094716245942117,0.0,0.0005665819558916143,0.0,0.0016604331861198476
s01X1623,0.8423766483136156,0.0,0.002578315688668636,0.0423027066815029,9.390650799184811e-05,0.001674620110417593,0.0,0.004449322905355187,0.004126395966374989,0.0006249143447875373,0.0013544031343933102,0.001073270604652112,0.0363821647106666,0.037132170062612074,0.025831160968961434
s02T1623,0.5064502857106891,0.0,0.010767524967539223,0.09246804721834195,0.03627073536617384,0.0,0.02881137297312558,0.0,0.00028635199522565537,0.0,0.0016000810816636333,0.0,0.0,0.2170221519434579,0.10632344874378306
s03T1623,0.11727881786697159,0.0,0.022251972977366908,0.1450753307500368,0.08108175301560235,0.0,0.021226359813148125,0.0,9.769295805146201e-05,0.0,0.0,0.0,0.0,0.30887469173264187,0.3041133808861809
s04T1623,0.385402910186717,0.0,0.004920825811913579,0.10593826298609153,0.13203185432030706,0.0,0.15226001620676405,0.0,0.0002641137419092161,0.0,0.0,0.0,0.0,0.1377170523670881,0.08146496437920953
s05T1623,0.36568909302456926,0.0,0.006067628577022886,0.12842014955202152,0.051602602679844206,0.0,0.3371626773651168,0.0,0.00026357201458528426,0.0,0.0,0.0,0.0,0.06602429785928482,0.04476997892755543
s06T1623,0.20569417400784631,0.0,0.005612492467081004,0.1654934290349887,0.17353112174566346,0.0,0.0,0.0025562878939572944,0.00042492264298888083,0.0008451145831126348,0.0032050052345840405,0.0,0.0,0.4124295624987182,0.03020788989105954
s07T1623,0.8582904720177759,0.0,0.0022479228047635924,0.025138206862279414,0.0019429618786485703,0.0,0.0012023469539162866,0.0,0.0003039732650915448,0.0,0.0,0.0,0.0,0.01942944227129951,0.0914446739462252
s08T1623,0.0,0.0,0.0,0.0,0.0,0.0,0.0,0.0,0.0,0.32515719875747806,0.6748428012425219,0.0,0.0,0.0,0.0
s09T1623,0.04635513838772466,0.0,0.0,0.19324603226490927,0.0,0.0,0.0,0.05988925135853921,0.002898038445369323,0.31057868555753687,0.38703285398592063,0.0,0.0,0.0,0.0
s10T1623,0.015952525782787278,0.0,0.0,0.06843624926584484,0.0,0.0,0.0,0.02398459371821599,0.0010997558189713257,0.4791511230352431,0.40774502788574224,0.0,0.0,0.0036307244931952356,0.0
s11T1623,0.04697810727156062,0.0,0.0001127482430316362,0.18272405138809766,0.0022837311721619594,0.0006670213858658868,0.0013334475701767057,0.06879398410892718,0.003761273951888588,0.3233912397173352,0.36512387006703684,0.0,0.0,0.0018611299315907505,0.002969395192326878
s12T1623,0.0285909098886776,0.000290736239970369,0.0007637194730000667,0.1026354022937611,0.008191752116118091,0.002771362849665018,0.004630484860542514,0.04425540350302756,0.0018188551957812602,0.41378676326410485,0.36999474857004183,0.0,0.0,0.011207234365562002,0.01106262737974758
s13T1623,0.025216224455753614,0.0,0.0018537486790987103,0.07801578726242084,0.011204571321614043,0.0008311183886771096,0.004079636890613083,0.030140505048497326,0.0013726743585554223,0.40330844665711807,0.4153998796158369,0.0,0.0,0.01646269307004893,0.012114714251765827
s14T1623,0.030626619495407743,8.754753456070615e-05,0.0035690748059161435,0.1040718537482277,0.004866844403295248,0.0011267287811806584,0.0026989032046102696,0.046713080143098294,0.002155073973821628,0.3340251442030793,0.322794785750208,0.0,0.0001524969372734861,0.13605138490963745,0.011060462109683483
s15T1623,0.8300597940083378,0.0021930278894878074,0.002258636161875713,0.07642351124702437,0.0014527330567776255,0.0008723298862286729,0.0017312536418128718,0.025603548958716617,0.0011006952954898993,0.021967264378096783,0.014963192776756461,0.0,0.0021289639936906703,0.006024422726175847,0.013220625979528973
s02M1723,0.005248019231203972,0.0010318425568720516,0.9190878916394635,0.010769920188641936,0.0,0.0010095629929573152,0.0,0.005222623425917202,0.003343457754842022,0.0,0.002848456621672698,0.0,0.01679355943870698,0.03363627387227502,0.0010083922774474033
s03M1723,0.0011542695033977483,0.0,0.002946296412105547,0.0,0.0,0.0,0.005463121705061375,0.0,0.0004086792214704998,0.000857946847559442,0.0013287570042368184,0.0,0.0,0.9878409293061685,0.0
s04M1723,0.0,0.0,0.0,0.0,0.0,0.0,0.0,0.0,6.128888174792928e-05,0.0,0.0,0.0,0.0,0.999938711118252,0.0
s05M1723,0.04933352078106088,0.0,0.31345549992228805,0.0,0.0,0.0,0.0,0.0,0.0,0.0,0.0,0.0,0.0,0.6372109792966512,0.0
s06M1723,0.2743084704585504,0.0,0.008170088442871577,0.10361154957821002,0.0,0.0,0.0,0.0,0.0,0.0,0.0,6.168990357546622e-05,0.0,0.6138482016167925,0.0
s07M1723,0.8009980075556524,0.0,0.00924353700358704,0.06886116155457515,0.02142420792202102,0.0009584635612532514,0.005757280843482287,0.007032846662487476,0.0026134586631720866,0.0,0.0011237822568745124,0.0,0.0,0.04243158899825056,0.03955566497864416
s08M1723,0.0,0.0,0.0002625976753181088,0.0,0.0,0.0,0.00041480685919032185,0.0,0.0,0.1455690212229164,0.852474284100194,0.0,0.0,0.0012792901423811422,0.0
s09M1723,0.08399001671248352,0.0,0.0,0.33226896652452964,0.0,0.0,0.00031593203684156436,0.1158034521545205,0.005441461364967644,0.1850272890637586,0.27584796398631506,0.0,0.0,0.0,0.0013049181565834738
s10M1723,0.09118040580718738,0.00320705006642249,0.0,0.4075077992590294,0.0,0.0,0.0,0.13785994677927854,0.005975322126641882,0.14718098079654449,0.1965187868047763,0.0,0.0,0.0,0.01056970836011958
s11M1723,0.0661311523562203,0.0018053866442966353,0.00029893817884407464,0.2902123753396924,0.0,0.0,0.0,0.0962891998832734,0.004260399571280645,0.23444256492212817,0.2991603976492686,0.0,0.0,0.0,0.007399585454995619
s12M1723,0.7102786685857359,0.0031244973409339013,0.003820463608833043,0.10694038221607974,0.0,0.0011306241249317954,0.00010576241132280203,0.0342283417139542,0.0011379267294900528,0.09566170008779586,0.029113267120190082,0.0012110989787715548,0.003540739002870259,0.0,0.009706528079091033
s13M1723,0.19717667581331655,0.0027360251102284665,0.0012277049720812222,0.32669693352507995,0.0,0.0004908826485530074,0.00027822245606202664,0.11425095589190944,0.005472133270963687,0.10674448134788382,0.1345519780937992,0.0,0.0020545878024307743,0.0007130828327504483,0.10760633623494159
s14M1723,0.85701157221295,0.0008486503955176513,0.0,0.08560703432660793,0.0,0.0002986276203978474,0.0,0.01407161646224867,0.0008011222601305366,0.020994867683299258,0.016041358222873472,0.0,0.002037599101993857,0.0,0.0022875517139807483
s15M1723,0.8296588019107788,0.00015657034999433435,0.0031220279194372914,0.04642840922168243,0.008303628317102973,0.0007362197923492946,0.0025220962730821955,0.009144249288175052,0.0009485063785422137,0.004475507639048411,0.0035769245081222617,0.0,0.0,0.01729165178965563,0.07363540661202897
s01X1723,0.8729434851225807,0.0,0.002511699741304452,0.05179646340431115,0.011700078160613223,0.0,0.003614245437300947,0.0,0.00039599710656526435,0.0,0.0,0.0,0.0,0.025146212537989186,0.031891818489335214
s02T1723,0.07852813015823835,0.0,0.14408783906141817,0.1649000204412787,0.4029919793641896,0.0,0.0,0.0,0.000768112682644381,0.0,0.0,0.0,0.0,0.14460634738173883,0.06411757091049189
s03T1723,0.6775950560176576,0.0,0.0034772004693222084,0.18909705464392074,0.01231668359274877,0.0,0.0018129147762866262,0.0,0.0,0.0,0.0,0.0,0.0,0.0556661464171742,0.06003494408288978
s04T1723,0.12928365394823108,0.0,0.009988446517173748,0.1852677739233474,0.04058373562932708,0.0,0.2834153877298595,0.0,0.0007131004812689199,0.0,0.0,0.0,0.0,0.2919940183320253,0.058753883438767064
s06T1723,0.004505690050689078,0.0,0.0030559980362376087,0.0223737169679775,0.14087113759722714,0.0,0.015367405519754245,0.0,0.0,0.0,0.0,0.0,0.0,0.8064787554517919,0.007347296376322552
s07T1723,0.03172495683966289,0.0,0.004618393131765086,0.022902301525604525,0.3370951407312682,0.0,0.04975599723096927,0.0,0.0,0.0,0.0,0.0,0.02773076614436438,0.5070500004209882,0.019122443975377292
s08T1723,0.004629328174432119,0.0,0.0018792847955128491,0.0,0.007096907297361882,0.0003843538750125346,0.002271466639666077,0.0,0.00016991481696321175,0.2416603814025334,0.7278111838293904,0.0,0.0,0.007456163847503834,0.006641015321623715
s09T1723,0.11749374024702708,0.0,0.0,0.4881761811972593,0.0,0.0,0.0,0.1553020538290634,0.0076198525914227076,0.0641694808052004,0.16723869133002714,0.0,0.0,0.0,0.0
s10T1723,0.05355711022084367,0.0,0.0,0.21727993006705096,0.0,0.0,0.0,0.06648590362250043,0.00334790041768216,0.20549025665700166,0.453838899014921,0.0,0.0,0.0,0.0
s11T1723,0.1323015167003072,0.0,0.003399213775078631,0.09904252154030449,0.01887723596882506,0.0019939994653699806,0.006789827838860158,0.029855966080226247,0.0026629942626466307,0.17959887134646702,0.4889841486009027,0.0,0.0005315259250078492,0.015674203797336275,0.020287974698667912
s12T1723,0.015690581568912388,0.0,0.001165894999850305,0.0654091975336432,0.00230084606518226,0.0,0.0003137486035359013,0.01330119007996261,0.0017372106947613516,0.27632306926529454,0.6111000564575982,2.229669523978648e-05,0.003104391689449096,0.0051709914633646156,0.004360524883205764
s13T1723,0.4809907977776574,0.0,0.002840074453775222,0.19460030799288147,0.033876974007194124,0.002729113283197085,0.0055172108639546325,0.06465162925630136,0.003461323105095527,0.0550930750219417,0.10462975913351344,0.0,0.0038527044400385917,0.015245942599714726,0.03251108806473444
s14T1723,0.8060167288408351,0.0018373605601451051,0.002075207087442856,0.05859986053862414,0.006617638063527377,0.0001335552736191411,0.0025510047920200246,0.017530435128477063,0.0009269534406574695,0.013045857923111918,0.011522264032298437,0.0,0.0006709047349158803,0.012421052203566721,0.06605117738075893
s15T1723,0.8938896626559794,0.0005401577784510144,0.0019345219385760945,0.033269486443207465,0.009829333368636603,0.0,0.002650176008029078,0.005641843160616246,0.0005118665185944876,0.004602667706649095,0.0014351541429944855,0.0,0.0,0.02159593247618283,0.024099197802083035
s02M1823,0.0008391111533254457,0.00014492247556884807,0.9898716440244996,0.0,0.0,0.0,0.0,0.0,5.119326364369277e-05,0.0,0.0,0.0,0.0003163358787628746,0.008776793204199324,0.0
s03M1823,0.022010590665451555,1.3836182896426166e-05,0.007223291986497902,0.01822435612929569,0.0,0.00022237265727664354,0.0,0.002524449936728378,0.00058794979201589,3.3945280977483896e-05,0.0021854965397848664,0.0,0.0,0.9308266467805976,0.0161470640484776
s04M1823,0.0657153482511419,0.0,0.056624945729232254,0.13564847682941242,0.11920078461386195,0.0001630115352175991,0.17532952786123884,0.00684857297133168,0.0011265305498993749,0.0,0.00102531332451963,0.0,0.0,0.3222884217734775,0.11602906656066699
s05M1823,0.499773189825247,0.0,0.3187033287054269,0.033512828516422094,0.006843574883707443,0.0,0.030674500152777968,0.0,0.0,0.0,0.0,0.0,0.0,0.09604417594611672,0.014448401970302035
s06M1823,0.8397100718542815,0.0,0.05411499833917387,0.0,0.014671144871460123,0.0,0.0013890781198381819,0.0,0.0,0.0,0.0,0.00020845708212712362,0.0,0.0879409785958189,0.001965271137300278
s08M1823,0.0033177367861601014,0.0,0.001159513263435561,0.0,0.0009613956375237458,0.0,0.00016531364051231175,0.0,0.0,0.20198284203415298,0.7790952663987248,0.0,0.0,0.012365097362041591,0.0009528348774488978
s09M1823,0.18936502525337012,0.0008533755209922177,0.0016211687537820685,0.13710617945768688,0.0,0.004676588797462668,0.0012669859357705164,0.0594583344639275,0.0033097367051234355,0.17373446224509342,0.40968954441254885,0.0,0.007148603950034015,0.002943801823826097,0.008826192680381996
s10M1823,0.09926851480567053,0.0032738757105400394,0.0,0.5233194778532979,0.0,0.006194349337812195,0.0007368064665344984,0.1357788571144552,0.005969096572167254,0.05916166342383895,0.13591955766261524,0.0,0.004238527857278106,0.0031380192561654414,0.023001253939624638
s11M1823,0.06426355280310185,0.0009289903701310043,0.0009412870855182905,0.22644777008707026,0.0,0.003845435236615149,0.0007990220308864638,0.08584693018898076,0.004363371073595552,0.17868945106866685,0.40562451814484246,0.0,0.004779550922176549,0.0040614689754815345,0.019408652012933375
s12M1823,0.04405606237520604,0.005577335736646878,0.0009151016192754548,0.48210667358787646,0.0,0.0022179991961014485,0.00501727351838616,0.06364920116075021,0.002530685077790672,0.14979171798026436,0.20212923617340273,0.0042607061535939374,0.005876170697845694,0.008371136776576615,0.02350069994628342
s13M1823,0.06991596053020063,0.010068512050177943,0.0070024337808771925,0.2821475253789524,0.0013033789186079454,0.0052201435806996325,0.0032199001500876376,0.11498999314396438,0.004523051459704857,0.1833174105391518,0.25276162812445496,0.0,0.013421758293295642,0.008089683954167839,0.04401862009565707
s14M1823,0.1928897870799551,0.017032336971627066,0.01675161859678264,0.27825035371991613,0.0,0.01481989050960668,0.0,0.12324262729633188,0.04075280280271794,0.022039900780917138,0.05717125390039014,0.0,0.21937620303802072,0.002474696204469639,0.015198529099264809
s15M1823,0.8682376908547478,0.0005662635894456113,0.0,0.05237853285454632,0.0,0.0,0.0,0.005736030436683788,0.00040835472996998066,0.004479096656229662,0.009843423946611935,0.0,0.0004936469898565938,0.0031378568851380515,0.0547191030567701
s01X1823,0.623836440557017,0.0,0.012426672810263925,0.1007556918699726,0.03826750085378083,0.00039878115847980015,0.011452106552664662,0.004595074256275944,0.0016890831615209573,0.0,0.0008944027414538128,0.0,0.0,0.0795792258904662,0.1261050201481042
s02T1823,0.0,0.0,1.0,0.0,0.0,0.0,0.0,0.0,0.0,0.0,0.0,0.0,0.0,0.0,0.0
s03T1823,0.00017195228939361347,2.7644885884414096e-05,0.029982803735637546,0.0,0.0,0.0,0.0,0.0,0.0,0.0,2.5332834904444534e-05,0.0,0.0,0.96979226625418,0.0
s04T1823,0.009634448968488665,0.0,0.12288094226941379,0.018885510792740638,0.16718168387651974,0.0,0.002032679640540546,0.0,0.0,0.0,0.0,0.0,0.0,0.6694825472091323,0.00990218724316447
s05T1823,0.004010362808143694,0.0,0.3993360561885646,0.0,0.07386896637826344,0.0,0.010094068788727713,0.0,0.0,0.0,0.0,0.0,0.0,0.5124910116159268,0.00019953422037376073
s07T1823,0.003206910278993101,0.0,0.005593837444707548,0.0,0.0,0.0,0.001311836005088956,0.0,0.0,0.0,0.0,0.0,0.0,0.9898874162712104,0.0
s08T1823,0.009141347597870707,0.0,0.003794529115313951,0.0,0.005449353577330189,0.0008168263554425385,0.00203714440843894,0.0,0.00023707908479480918,0.14500614478678905,0.8179054605951426,0.0,0.0,0.004946093636445651,0.010666020842431618
s09T1823,0.05743624884429915,0.0,0.0022720578306429213,0.04809815192524845,0.0033101600721678563,0.0007438809117339135,0.000548254453190852,0.017177961772580526,0.002936763533978853,0.235317983898294,0.6095256111760172,0.0,0.008551577967970703,0.006402165100401031,0.007679182513474604
s11T1823,0.03812496233965718,0.002374103995766675,0.007953109463935236,0.1007369363843074,0.012624671589375759,0.0053659439426304075,0.005187495558765653,0.04453317943649063,0.006440669238087378,0.18229344208978607,0.5142667041392002,0.0,0.022313902871668095,0.026629286392297315,0.031155592558031818
s12T1823,0.8514218779909822,0.00030099999709700905,0.0,0.02834680786949388,0.0008529650379795104,0.0002894744800193618,0.0007828734109652574,0.002891880444519538,0.0003511691693250551,0.011627214786558251,0.011179134837088043,9.053728757199626e-05,0.0012920003623649648,0.0016072303183602198,0.08896583400767463
s14T1823,0.017574605270066893,0.0066927889557724515,0.0007094610711378218,0.4607718182693547,0.0,0.0023961879346966032,0.0,0.04344938543666954,0.0047500858376087534,0.15516065587110722,0.27039338470221896,0.0,0.02578005153445854,0.0,0.012321575116908548
s15T1823,0.7450622298163779,0.003642917774484508,0.0009789968190040195,0.07029757852491883,0.0,0.0,0.0004266598237592523,0.0270563516779712,0.0007877418144740286,0.017113949773904652,0.010438261678262352,0.0,0.0025824493930268304,0.0048242966650371265,0.11678856623877941
s02M1923,0.7989661406446763,3.5191485297410956e-05,0.01060254295201089,0.04533901699905834,0.0026965431331509256,0.0,0.0038201011767635905,0.0,0.0,0.0006021758297395531,0.0010976462474788843,0.0,0.0,0.026237566200879647,0.11060307533094445
s03M1923,0.6258003025092856,0.0,0.0338241957294628,0.014507379110233047,0.0886322139422645,0.0,0.072727306471455,0.0,6.41033801988e-05,0.0,0.0,0.0,0.0,0.11618091961945207,0.048263579237648145
s04M1923,0.8619952852654846,0.0,0.0,0.05197760116265872,0.0,0.0,0.0,0.0,0.0,0.0,0.0,0.0,0.0,0.0,0.08602711357185679
s05M1923,0.9623765440761626,0.0,0.0,0.00028713731826633324,0.0,0.0,0.0,0.0,0.0,0.0,0.0,0.0,0.0,0.0,0.03733631860557107
s06M1923,0.8783350499331524,0.0,0.001567285581398454,0.0578277223783593,0.0,0.0,0.0,0.0,0.0,0.0,0.0,0.0,0.0,0.0,0.06226994210708989
s07M1923,0.8456954229114062,0.0,0.00277165770811701,0.019533670379539896,0.006148071458904134,0.001271731113283059,0.0017528467376115167,0.002189574907739183,0.00046754887357973424,0.0004680289220354621,0.0,0.0005733172443425243,0.009219658635033157,0.03163990687819416,0.07826856423021396
s09M1923,0.07916830127002099,0.006957318912112782,0.004161205030749691,0.3409021906551903,0.0,0.0,0.0,0.11579373369765932,0.010070393354853947,0.20273190078441392,0.18168930031203753,0.0,0.029460544339968614,0.0032465870035876905,0.025818524639405115
s11M1923,0.8244851387583535,0.001997395377760905,0.0,0.08595092127331645,0.0,0.0019437150881917596,0.0,0.03259401939965982,0.001271533580612556,0.021876053844517577,0.02729644405048406,0.0,0.0015517665341576673,0.0,0.0010330120929455803
s13M1923,0.3393836199704442,0.008711424570888792,0.015973094238549618,0.2298945420381026,0.026597380161710014,0.007279387382791964,0.006974777429491991,0.08444530283731634,0.006178835623344151,0.07700312914738303,0.05198745644134749,0.0013618231082041929,0.017879600932591427,0.03443680575020188,0.09189282036763252
s14M1923,0.08377452640511514,0.020277386006950567,0.012807034544166927,0.3869577999174483,0.018297498325171153,0.008518823432541293,0.0015613163481339356,0.16035029116154095,0.01012492847049742,0.09832145994172224,0.05971004604339728,0.001317570261737397,0.03720720119061862,0.019428419037543627,0.08134569891341505
s15M1923,0.5224557397380938,0.004285472243969337,0.007009731074931781,0.20108058448101884,0.02578619147956747,0.0019028740025613773,0.0072148321117719745,0.05924621865685929,0.003889696236062682,0.03383025503680574,0.04237255112172562,0.0,0.0029555254447257728,0.03467929115596918,0.053291037215937066
s02T1923,0.0830028768173689,0.0,0.18748406830749806,0.2990656684129753,0.0,0.0,0.0,0.0,0.0,0.0,0.0,0.0,0.0,0.012624987470085804,0.41782239899207185
s03T1923,0.8953929663746388,0.0,0.0,0.02251994855268597,0.0,0.0,0.0,0.0,0.0,0.0,0.0,0.0,0.0,0.0,0.08208708507267519
s04T1923,0.6939441931272015,0.0,0.004437016114928449,0.0,0.012748642259824772,0.0,0.011605286046569189,0.0,0.0,0.0,0.0,0.0,0.0,0.01264464659376408,0.2646202158577122
s05T1923,0.960636086591978,0.0,0.008455664356314297,0.00066188144417661,0.022020744136388694,0.0,0.0,0.0,0.0,0.0,0.0,0.0,0.0,0.0062371446172661184,0.001988478853876207
s06T1923,0.9251213428230782,0.0,0.0032339918927724127,0.031850251355939795,0.011362529182585929,0.0,0.0015934369621028522,0.0,5.7435270496150904e-05,0.0,0.0,0.0,0.0,0.015571235780416469,0.011209776732608194
s09T1923,0.015861158826639746,0.007127082894342879,0.008325484100225863,0.12134008591368833,0.0,0.010654637921427968,0.0,0.08576485890325254,0.018740509249344874,0.29209488111084353,0.33598053512575854,0.0,0.09619533647786702,0.0015748390469093965,0.0063405904296993
s10T1923,0.7532071129585084,0.0033206779750334114,0.0008314892632537498,0.04831311661275269,0.0,0.0010950906895904504,0.0,0.022410261074132444,0.0028541145700981246,0.07640891244583549,0.07202982687534021,0.0,0.013586965017870581,0.0,0.005942432517584527
s11T1923,0.020692203462690153,0.004877453786914519,0.00221217314501208,0.06787989022842073,0.0,0.0022245534101953224,0.0,0.0339429754895512,0.0034639753669349627,0.11232344448046626,0.09631615857412676,0.0,0.01284539321645031,0.0,0.6432217788392377
s12T1923,0.6109279401631086,0.00820579561705592,0.004746834344142328,0.12177987535075767,0.0,0.00045118810162451,0.0,0.042421384695671784,0.003251407954154443,0.0938636895149928,0.055555295916459684,0.0006086207482968453,0.02318790225144634,0.0,0.03500006534228913
s13T1923,0.05094675258798171,0.018422065770387436,0.013189248232752382,0.4000418263602391,0.0,0.0046539988543007876,0.0,0.11992091346105264,0.019989677862526006,0.12418136223610203,0.0889106850666649,0.0,0.1026084163412469,0.009560264428018812,0.04757478879872724
s14T1923,0.6737641282282221,0.0010470015239284307,0.0,0.30732575789059496,0.0,0.0,0.0,0.001810489970882384,0.0015168277619641648,0.0,0.0,0.0,0.00683657410232145,0.0,0.007699220522086496
s15T1923,0.4719866372805747,0.00222034734112384,0.003655362068422181,0.06203171909567512,0.008439628266206948,0.0001946008658675702,0.0032526738223535266,0.01628391038161585,0.0010824124042945493,0.009912848122925364,0.004059480112057533,0.0,0.0,0.018599653415070704,0.39828072682381216
s02M2023,0.04582737301145851,0.0,0.4309437961910081,0.04260018554815628,0.3515276674010931,0.0,0.010581935229344223,5.183452835619423e-05,0.0014768277206234958,0.0,4.7371273734094234e-05,0.0,0.0,0.07781443489940494,0.039128574196821045
s03M2023,0.7083228677372907,0.0,0.057888909894363245,0.02097580807382605,0.06508223355331114,0.00024443200573924593,0.03843041799600759,0.0,0.00041841796450522734,0.0,0.0,6.850098495021957e-05,0.0,0.08753607321951794,0.021032338570488744
s06M2023,0.9018544949555384,0.0,0.0023319414471233628,0.06692149103407782,0.02049665402796583,0.0,0.004659491533832049,0.0,0.0,0.0,0.0,5.080031321682228e-05,0.0,0.0036851266882458014,0.0
s07M2023,0.9078834886273417,4.131930590885616e-05,0.0057091648026088414,0.02447752333907236,0.012873979407539022,0.000712899666188543,0.003647537845996869,0.0032587726771828103,0.0016156541115320883,0.0,0.0,0.0006797808972045659,0.0,0.01790756577781175,0.021192313541612513
s08M2023,0.0,0.0,0.0,0.0,0.0,0.0,0.0,0.0,0.0,0.36092248234241264,0.6390775176575872,0.0,0.0,0.0,0.0
s09M2023,0.04739016134891176,0.00019018398712952885,0.006906636904210452,0.13423343060104606,0.011393223218454445,0.21984794047096098,0.0035366646798497842,0.11277081116628679,0.011709169309585146,0.16291614089227405,0.20617842925652444,0.0,0.032142534906004085,0.02219204083888227,0.028592632419879947
s10M2023,0.02395660740981579,0.040326960117185916,0.014610310182770371,0.1852684671124749,0.013587574453527021,0.04099261245262595,0.0,0.35335182397157283,0.05559038423080056,0.04218706733794622,0.010745817741637053,0.0838045641511896,0.07702065840181396,0.019792726528891913,0.03876442590774788
s11M2023,0.1244336336520122,0.01201151473418216,0.03798419653310355,0.24747594288373273,0.06161059130913233,0.018963257037128842,0.016897624585009,0.14568768093187684,0.01734347163721489,0.048161104121609774,0.038365058746319645,0.01247276105421883,0.01749363685490972,0.08555509382687473,0.11554443209267466
s12M2023,0.30632298083958165,0.0066961940345685944,0.0,0.0,0.0,0.005664751769348737,0.0,0.05132383122105274,0.009274453808483888,0.002041196593780656,0.0010457672104006454,0.01455182823458144,0.006503237536404434,0.0,0.5965757587517974
s13M2023,0.03622718958752907,0.033109996913754165,0.01977488719333065,0.23025701800365775,0.001321830903088227,0.03308663107339264,0.0,0.25666522880966663,0.06003801725839595,0.0119587606624587,0.01652589545831578,0.049639474212593585,0.18336026204683395,0.028684190811809784,0.03935061706517297
s14M2023,0.9477554808573971,0.0027938990472656947,0.0019451891679077014,0.013966185495738104,0.0,0.001997348272703927,0.0,0.014434967491860452,0.0026219497465359465,0.0018230256966292788,0.0032886133949005646,0.002416022829833069,0.006957317999228023,0.0,0.0
s15M2023,0.891762800956756,0.0,0.00012879269423722985,0.005931698547232615,0.002378826704581878,4.7481241084478696e-05,0.001280574142711835,0.0,0.00037509010729819297,0.0,0.0,2.115440864358516e-05,0.0,0.004861865483613237,0.09321171571384075
s01X2023,0.9252406487396508,0.0,0.0021242242611025264,0.00896626650169781,0.011479855820500443,0.0,0.0012776418630400304,0.0,0.0005338691941216115,0.0,0.0,0.0,0.0,0.00989898540293963,0.040478508216947186
