,0,1,2,3,4,5,6,7,8,9,10,11,12,13,14,15,16,17,18,19,20
s02T1622,0.012612735324082755,0.0,0.16779967589510741,0.007973681820032122,0.029405805368760838,0.06695190139280253,0.024033853389671286,0.0021889389187729875,0.0,0.0077135058053411495,0.002500084283746143,0.0,0.0012345930141036906,0.3295273189210397,0.0010057479116749837,0.008140673865890293,0.0025387054577317115,0.014210100936859099,0.02688313122237352,0.29283169581767543,0.0024478506543342254
s03T1622,0.0038810599578772064,0.0,0.06843726048270253,0.010654769159762776,0.055802809668787,0.039990624435795874,0.104844938699217,0.0035312094927648463,0.0,0.0007330724343856369,0.0001691539315475714,0.0,0.0,0.6489897452152449,0.00546156801215581,0.0005993917884743943,0.00037054783425303627,0.0,0.05518965677713098,0.001141862726584513,0.0002023293833159222
s04T1622,0.07859746239096098,0.0018232201036673336,0.1276606974681661,0.03776119357796312,0.05383226262881402,0.03309059989813918,0.004340462789226929,0.025947194100121748,0.0,0.009104294279497582,0.0013073523971888947,9.447037498096587e-05,0.0,0.3296636237327443,0.022072144154752945,0.014460869095330306,0.001367768617176981,0.020599766207754586,0.21435256439338168,0.00258185589127144,0.021342197898860906
s05T1622,0.10089433031338879,0.0003450774642841665,0.14534387868364093,0.013792999667214716,0.10826006083303377,0.036909193840719126,0.0,0.018378079753570517,0.0,3.597423018495723e-05,0.0016072459693811717,0.0,0.0,0.3054353847807529,0.010993150017589121,0.010124697413461836,0.0004012050941629324,0.003535474465623886,0.21712075624255098,0.002194883288899167,0.02462760794154138
s06T1622,0.3331572141984657,0.0,0.031016494111571796,0.06459168898671952,0.3179413548965733,0.0,0.10068864511229458,0.00311318363377855,0.0,0.0,0.0,0.0,0.0,0.04319443203893936,0.004326486720290914,0.002916823541442771,0.00013675501008582173,0.0006831074996853274,0.09322677821375606,0.0015059141241545362,0.0035011219122416714
s07T1622,0.0,0.0,0.0,0.0,0.0,0.012518656278376674,0.0,0.0,0.0,4.819725611829312e-06,0.0,0.0,0.0025724227532510665,0.0,0.0,0.0,0.0,0.0007318297404470362,0.0,0.9841722715023133,0.0
s08T1622,0.0,0.0,0.0001739700912838596,0.0,0.0,0.0,0.0,0.0,0.0,0.19718475580481448,0.2994366307125458,0.0,0.0,0.0,0.0,0.0,0.48786072197412755,0.0,0.0,0.01534392141722821,0.0
s09T1622,0.0,0.0,0.00019781044993543616,0.0,8.447102271483446e-06,0.0,0.0004616424408111139,0.0,0.0,0.21897010372720727,0.4406715477128437,0.0001965257672573419,0.00011733703197218791,0.0,0.0,0.0,0.14351240304794083,0.0,0.0,0.0,0.1958641827197606
s10T1622,0.26211168220144565,0.0,0.0014843053865069688,0.0,0.000246527229427825,0.0,0.0003332190198020723,0.0,0.0,0.25792844710780416,0.42504130248560323,0.0,0.0,0.0033089902762101758,0.0,0.0,0.02792649110882878,0.0,0.0003618715474063627,0.0,0.02125716363696461
s11T1622,0.1354411668814383,9.743861586532648e-05,0.0008986956505125354,0.0028084181798827546,0.0011154415321904887,0.00045135871138845374,0.003179996817857503,0.0,2.0416177033251854e-05,0.2501461711940006,0.36657384892355366,0.0006361370192487633,0.001097834649260731,0.002844229603049565,0.0009904265860611885,0.0031986038089612135,0.014502646903302737,0.010806926610561835,0.003549567708632392,0.0,0.20164067442719863
s12T1622,0.37348763548525704,0.0013315522123487137,0.0035171444974305788,0.012910239578733988,0.0026701866334886697,0.0,0.0026306371878212086,0.04843437835460218,0.0,0.06281315997369195,0.05282676539811424,0.0023622262070801484,0.0006251756938370783,0.015377292805836032,0.029532090644318505,0.062416575685733625,0.00032742407421783266,0.011263814509440627,0.0056354433877180265,0.0004681884274140764,0.3113700692429153
s13T1622,0.12116513812982498,0.0,0.0,0.0,0.0,0.0,0.0,0.8356914938862117,0.0,0.014914202425658591,0.013649240684233748,0.0,0.0,0.0,0.0008858037827708925,0.0,0.0,0.0,0.0,0.0,0.01369412109130019
s14T1622,0.5479587660964236,0.0010933479203031784,0.014796212822151935,0.033519729775323255,0.010899414092060428,0.0,0.0,0.022576580141626806,0.0,0.0046275825648932805,0.008050898741766446,3.703663675960831e-05,0.0026328547162302305,0.0072283975712508115,0.006439016401819148,0.022122080953559217,0.004780482939050025,0.013242746698359118,0.002024408816775004,0.08820648712940608,0.20976395598224187
s15T1622,0.2613270643222118,0.0014875411529848618,0.0018018893108790253,0.016535928909382696,0.0,2.8113754171480014e-05,1.6361896496345202e-05,0.029992796058598344,0.0,0.0062304108300111575,0.008774782450448894,0.0,0.007030485434924551,0.0,0.03301185486122476,0.02128513985167632,0.0009664929648253401,0.01272303649022203,0.0,0.43419499439831244,0.16459310731362994
s02M1722,0.018409587886349974,0.0003815884803863005,0.5595979694663796,0.005508599715351646,0.0,1.6112227938359682e-05,0.08566064069096936,0.001986221380307085,9.923695928789277e-05,0.004172670128253033,0.0032628007360770627,0.0,0.0,0.28168872589761623,0.004768815560277178,0.0013413500155213664,0.002329362274088129,0.00015858923847398228,0.02554084672758795,0.0,0.005076882615134826
s03M1722,0.01731207355548983,0.0,0.07901324391557961,0.05819105907378904,0.15115622352953947,0.0,0.015006433453776669,0.0020075625897493293,0.0,0.0,8.456937950796413e-05,0.0,0.0,0.5052723704074317,0.06595546591642525,0.0,0.0,0.0,0.10307992623653539,0.002921071942175732,0.0
s04M1722,0.03729469718414668,0.000117540919879702,0.06807843360557332,0.020063121652538044,0.024447967020622394,0.0008620340684843761,0.3894863380645224,0.00937848488013546,0.0,0.0,0.0009673103596427944,0.0,0.0,0.18767762534453547,0.11239212455015697,0.0038675561086182466,0.0002473214645648779,0.0,0.11474916289080152,0.0023989152183561957,0.02797136666742137
s05M1722,0.051087620308687694,7.799004320176831e-05,0.21259628768006264,0.007967411963761528,0.05494697564284672,0.0,0.3098866919866187,0.006681978202302601,0.0,0.0,0.000800644346491773,0.0,0.0,0.10341763319971785,0.007085326776044059,0.006134951668833308,0.00024156842760965117,0.0007497466018313242,0.21183977657948716,0.00028687185272218264,0.026198524719781152
s06M1722,0.03796545649563895,0.00011072373340133217,0.21922874834509637,0.00760612435097629,0.2007747084802199,0.0003724932967822988,0.0,0.004902298641150641,0.0,0.0009053807473493794,0.0009644120464895862,0.0,0.0,0.20900930379606875,0.003946445998298888,0.007745303224374457,0.00013793927385046575,0.003698872182550932,0.17153124862882974,0.11480147377531313,0.016299066983608855
s07M1722,0.02653820902981337,7.1052965612182e-05,0.00012800383196354882,0.2748081110467372,0.0,0.0003823145508975474,0.0,0.0,0.0,0.0,0.0010951777430229426,0.0,0.0008873897566279115,0.0,0.0,0.0,0.0,0.0,0.0,0.6485836691519783,0.04750607192334703
s08M1722,0.0,0.0,0.00047365214541135486,0.0,0.0,0.0,0.0,0.0,0.0,0.022364650109075568,0.3930435188495495,0.0,0.0,0.00041259528735062363,0.0,0.0,0.5835964595315533,0.0,0.0,0.0,0.00010912407705952636
s09M1722,0.0,0.0,0.0,0.036080508196348816,0.0,0.0,0.0,0.0,0.0,0.029477232432135646,0.11259512671793856,0.0,3.528020864030899e-05,0.0,0.0,0.0,0.0017314417241396252,0.0,0.0,0.016643488108262782,0.8034369226125342
s10M1722,0.8118382984961098,0.0,0.0,0.0,0.0,0.0,0.0,0.0,0.0,0.04844012352289595,0.061202158739450584,0.0,0.0,0.0,0.0,0.0,0.0014244090500956292,0.0,0.0,0.0,0.07709501019144813
s11M1722,0.0,0.0,0.0,0.0,0.0,0.0,0.0,0.0,0.0,0.019983788007225754,0.03976467742481884,0.0,0.0,0.0,0.0,0.0,0.00029939941077995746,0.0,0.0,0.0,0.9399521351571755
s12M1722,0.030104601156909407,0.0,0.0,0.0,0.0,0.0,0.0,0.0,0.0,0.029418420790044062,0.02933539347840489,0.00021681594477017326,0.0,0.0,0.0,0.0,0.0,0.0,0.0,0.0,0.9109247686298714
s13M1722,0.7065612709595152,0.0,0.0,0.0,0.0,0.0,0.0,0.0,0.00017462530453873454,0.04341722581725179,0.055105277239031365,0.0,0.0,0.026450943246879886,0.0,0.0013810318593873263,0.0004894039019585366,0.0008194798352626551,0.0,0.0,0.16560074183617457
s14M1722,0.15560272436390718,0.002236579878076154,0.0018658380234553285,0.003792573812342251,0.07572670156099304,0.00048550154915838256,0.0,0.03929117259007074,0.002757008449279181,0.00045097882488754156,0.0074463685704729745,0.005606471505478798,0.0,0.0004407033549392128,0.0020251798968074384,0.04460187367848243,0.000751817245149523,0.020990039659780774,0.0,0.21622380428592433,0.4197046627507948
s15M1722,0.08632618648933629,0.0009392696083907584,0.0,0.045187511197010595,0.0,0.0,0.0,0.002905252894559011,0.0,0.0,0.002688261446231622,0.00016576016986404951,0.00031524021532561844,0.0,0.06091432042060235,0.00755361402566164,0.0,0.0039000524414276095,0.0,0.6608844655911282,0.12822006550046214
s01X1722,0.0,0.0,0.0,0.053996245576451274,0.0,0.00010450743094290989,0.0,0.0,0.0,0.0,0.0004946699119079636,0.0,0.0,0.0,0.2944292019592045,0.0,0.0015662403865388703,0.0,0.0,0.6494091347349544,0.0
s02T1722,0.007840304043147055,0.00023627461986671215,0.8476446822619856,0.0,0.0,0.00043304378093659136,0.0,0.0021872634666193678,0.00011926801735365776,0.0022798322670647057,0.0012194885163664838,6.4171199242491e-05,0.000550523896463148,0.10839140961960113,0.005582093859833218,0.0021285331742201645,0.0025954951407800536,0.001645017656753037,0.0,0.01561062639459155,0.0014719720851748446
s03T1722,0.0,0.0,0.0069493586777531514,0.08923537830732009,0.007564507169097283,0.0,0.0,0.0,0.0,0.0001695313951936554,0.0,0.0,0.0,0.8692756150709953,0.0,0.002439083657618187,4.0360955255440436e-05,0.0,0.020638504603611146,0.003687660163155709,0.0
s04T1722,0.0,0.0,0.07945338376823619,0.0025085055059622767,0.11517006299962097,0.0,0.0,0.0,0.0,0.0,0.0,0.0,0.0,0.3406023953044715,0.0,0.005804520946236079,0.00018369186872401388,0.0,0.2851618217879053,0.17053006519167346,0.0005855526271700627
s05T1722,0.0,0.0,0.035362256189349704,0.0,0.06836297588175841,0.0,0.0,0.0,0.0,0.0,0.0,0.0,0.0,0.607443015790152,0.0,0.0,0.00016275445360345548,0.0,0.2788317052762019,0.009837292408934547,0.0
s06T1722,0.0,0.0,0.21168446845167202,0.0,0.2802106340249624,0.0,0.0,0.0,0.0,0.0,0.0,0.00022116733966255777,0.0,0.2694574499461503,0.0,0.0,3.090232028625184e-05,0.0,0.23839537791726645,0.0,0.0
s07T1722,0.0,0.0,0.0,0.0,0.0,0.0,0.0,0.0,0.0,0.0,0.0,0.0,0.0,0.0,0.8404900535169272,0.0,0.0,0.0,0.0,0.15950994648307273,0.0
s08T1722,0.0,0.0,0.0003293083570167368,0.0,0.0,0.0,0.0,0.0,0.0,0.0,0.3893803058986597,0.0,0.0,0.0,0.0,0.0,0.6064900708356408,0.0,0.0,3.1517466405455764e-05,0.003768797442277404
s09T1722,0.0,0.00027967175868142953,0.0,0.0,0.0,0.0024160498498774596,0.0,0.0,0.0,0.0,0.49220178224137334,0.00021012080193350007,0.00035564842501753144,0.0,0.0,0.0,0.21058809415718258,0.0,0.0,0.0,0.2939486327659342
s10T1722,0.0,0.0,0.0,0.0,0.0,0.0,0.0,0.0,0.0,0.0,0.04461578131212065,0.0,0.0,0.0,0.0,0.0,0.0003365580319500746,0.0,0.0,0.0,0.9550476606559293
s11T1722,0.0,0.0,0.0,0.0,0.0,0.0,0.0,0.0,0.0,0.0011255202062782758,0.07542812652786579,0.0,0.0,0.0,0.0,0.0,0.0014786373728020153,0.0,0.0,0.0,0.9219677158930539
s12T1722,0.0,0.0,0.0,0.0,0.0,0.0,0.0,0.0,0.0,0.0,0.002472131813768169,0.0,0.0,0.0,0.0,0.5300266653253114,3.000182451929837e-05,0.0,0.0,0.0954136182612681,0.37205758277513296
s13T1722,0.1437643665318065,0.0,5.962586758581428e-05,0.0,0.0,0.0,0.0,0.0,0.0,0.0,0.02439876664674128,0.0,1.5789419362380953e-05,0.06279985316254384,0.0,0.031080324106401474,0.0004494567319550818,0.0,0.0,0.0,0.7374318175336037
s14T1722,0.0,0.0,0.0,0.0,0.037691616221490636,0.0,0.0,0.0,0.0,0.0,0.0,0.0,0.0,0.0,0.036132558775437466,0.0,0.0,0.0,0.0,0.6137956170362309,0.312380207966841
s15T1722,0.0,0.0,0.0,0.0,0.0,0.0,0.0,0.0,0.0,0.0,0.0,0.0,0.0,0.0,0.7046961846643675,0.0,0.00012481114411805525,0.0,0.0,0.18692019904234178,0.1082588051491726
s02M1822,0.14766600916863748,0.0,0.5752038028537132,0.09737771211952455,0.009172513989707282,0.0021647326932067485,0.0007055968822488894,0.009327387756746507,2.816842709224194e-06,0.0007572710411264523,0.0,0.0,0.008757497719361186,0.04216300934090062,0.01770893688557156,0.028490981981076895,0.0009250958094302419,0.023555015963578643,0.007715459500522968,0.024065059533288146,0.004241099918649422
s03M1822,0.0036965630313765614,0.0,0.0043425779615376735,0.0,0.0,1.3420878364106091e-05,0.0,0.0,0.0,1.44148888949427e-05,0.0,0.0,0.0002772283139380657,0.9623643884891239,0.027898790576044885,0.00045216720692615856,0.0,0.0009404486537936881,0.0,0.0,0.0
s04M1822,0.0,0.0,0.0513600476766147,0.0,0.012918845473807637,0.0,0.0,0.0,0.0,0.0,0.00043606931905793624,0.0,0.0,0.6407196026917154,0.1979865837213268,0.002599586080532276,9.948784938174326e-05,0.0,0.09387977718756335,0.0,0.0
s05M1822,0.004864072697005759,0.0,0.298525082325215,0.0,0.0,0.0,0.0,0.0,0.0,0.0,0.0,0.0,0.0,0.6067774959488433,0.0,0.0005984998485574773,0.0,0.0007138151695173669,0.08852103401086099,0.0,0.0
s06M1822,0.12037259071249204,0.0,0.25135233849054156,0.0760681116473928,0.28471867045323296,0.0011208309277361329,0.0,0.0,0.0,0.0,0.0,0.0,0.0,0.06781748308130828,0.005673227343964011,0.02065339621771116,0.0008530869968072376,0.015612556494656427,0.15575770763415733,0.0,0.0
s07M1822,0.2075239600643046,0.0,0.07770909061606888,0.14346120081659094,0.10262256172513222,0.003383784578896468,0.005046301727890064,0.05227389173338337,0.0007946271193329524,0.0,0.004920237014588548,0.0,0.007805998259978841,0.13517066870183744,0.04775376242093937,0.059258371996378116,0.0016272962236517274,0.034695831975965055,0.08417842924309382,0.009344051734515753,0.02242993404745183
s08M1822,0.0,0.0,0.0019639751312904015,0.0,0.0,0.0,0.0,0.0,0.0,0.06335215232036712,0.49570112955239826,0.0,0.0,0.0019023374996603012,0.0,0.0,0.43690244849908777,0.0,0.0,0.00017795699719611385,0.0
s09M1822,0.0,0.000437493652198375,0.0,0.0,0.0,0.0033444439886484907,0.0,0.0,0.0,0.0,0.6011166652852807,0.0001705640970549362,0.0002773210930582123,0.0,0.0,0.0,0.13751255109747526,0.0,0.0,0.0,0.25714096078628385
s10M1822,0.0,0.0007719572463148211,0.0018314727318544154,0.0,0.0,0.0035855232856069515,0.0,0.01128509012325542,0.0,0.004196850073819914,0.6094674032209058,0.00015339743765865248,0.0004372439341396758,0.002838100624980017,0.0,0.138127683281819,0.06894057900383382,0.0,0.0,0.0001354503838338337,0.15822924865197788
s11M1822,0.0,0.0028803924254338954,0.0012938390315647304,0.0,0.0,0.009012708830142,0.0,0.00756610038129034,0.0,0.0015161015408945828,0.7883651541189255,0.0004623553383146041,0.0012781120686762364,0.0014589147727324542,0.0,0.009073153331350448,0.022449945835245528,0.005233286971656226,0.0,0.0,0.1494099353537733
s12M1822,0.0,0.002836488617959923,0.0016808010004674457,0.0,0.0,0.009966458106694243,0.0005000283713397814,0.019661892758933153,0.0,0.027911739489519728,0.44448794009877024,0.0010673135034647342,0.0019902079763530287,0.0044178126189765975,0.004219603527883303,0.08585110722896856,0.01098793720478478,0.006848047931781904,0.0,0.00012284648613381335,0.37744977507796856
s13M1822,0.0,0.0,0.0011188803608122404,0.0,0.0,0.0068587043071665675,0.0,0.4643705314913018,0.0,0.0017251154049292379,0.16025991052411234,0.0,0.0,0.004266430691236132,0.0,0.21760839768086243,0.0009415801346067543,0.0,0.0,0.0001518699820982913,0.1426985794228742
s14M1822,0.0,0.0824653545824557,0.0,0.0,0.19535746107379504,0.00648627866766403,0.0,0.08078351641569881,0.0010828949838128366,0.0018099999099923621,0.00416636927858466,0.012411684796198636,0.02279831759941847,0.0,0.0023322271108544425,0.03552782913925438,0.0002728435532777242,0.12622014460830114,0.0,0.030386746952334166,0.39789833132835756
s15M1822,0.014955480849883704,0.0,0.0,0.0,0.00889528420955784,0.0,0.0,0.00966368203364721,0.0,0.0,0.0012665118708713593,0.0,0.0,0.0038583166134608902,0.09995039251120243,0.013105693393732092,0.0009288420522915056,0.0,0.0,0.6498611301745251,0.1975146662908279
s01X1822,0.019261894734877563,0.0,0.0056808420838785545,0.005808368866862168,0.0,0.0,0.0,0.0,0.0,0.0,2.4703988920640678e-06,0.0,0.0,0.0,0.9529160898433641,0.011946329664302195,2.7487497834585167e-05,0.004356516909988751,0.0,0.0,0.0
s02T1822,0.0,5.798737258081616e-05,0.9895905237490144,0.0,0.0,0.0,0.0,0.0,0.0,0.0001753564258595637,0.0,0.0,0.0,0.010049452539261658,0.0,0.0,0.00012667991328358102,0.0,0.0,0.0,0.0
s03T1822,0.018525994959294467,0.000198152025060609,0.09189795808109594,0.01288498706147024,0.007180616213260436,0.000536134800878816,0.0020311175675725578,0.00016838383856844968,6.0180831953366715e-05,0.0004087590811810152,0.00010872824718080005,4.965457173209834e-05,0.0009371915929766409,0.8373929469216884,0.0023368337347039773,0.0037429563584889386,0.0012870572727388574,0.0024784334791806356,0.016273316541855463,0.0,0.00150059681911839
s04T1822,0.0013877129422948478,0.0,0.08158625499667434,0.03350376766777413,0.09194781094362252,0.0,0.0,0.009686123622761635,0.0010830210361292994,0.0,0.001764593972514951,0.0,0.0,0.37087443399252934,0.0014388178720476646,0.00038640563325503883,0.0001648657071333878,0.0,0.396762516546128,0.0003489947918739268,0.009064680275260882
s05T1822,0.0,0.0,0.20913015830490808,0.006320386197433478,0.11379276046114603,0.0,0.0,0.0,0.0,0.0,0.0005680986646087827,0.0,0.0,0.30211425068797054,0.0016213376162078537,3.867471986806254e-05,0.000338350282867354,0.0,0.3604848491527107,0.002455209475042619,0.0031359244372363513
s06T1822,0.0,0.0,0.208952892599615,0.0,0.1473245373591079,0.0,0.11200610337769003,0.0,0.0,0.0,0.0,0.0,0.0,0.42855150834170597,0.0,0.0,0.0,0.0,0.10316495832188104,0.0,0.0
s07T1822,0.15471347484612574,0.0,0.13970920173426932,0.10218777610455072,0.17973355499716476,0.0021872390056789067,0.0,0.014396969510132411,0.00014363279304867408,0.0,0.00029233716609941015,0.0,0.0009004935061819794,0.214310570220282,0.020999565797381145,0.028198450298319674,0.0007688864347590821,0.02031457191985745,0.11235747428865915,0.003040497609724921,0.005745303767764477
s08T1822,0.0,0.0,0.03566860110648073,0.0,0.0,0.0,0.0,0.0,0.0,0.08363584682170273,0.40412912435680154,0.0,0.0,0.00163346493370587,0.0,0.0,0.4749329627813091,0.0,0.0,0.0,0.0
s09T1822,0.0,0.0,0.0005082532540360874,0.0,0.0,0.0,0.0,0.009846630628695684,0.0,0.05999562413911684,0.5452889821806534,0.0,0.0,0.0,0.0,0.010584946673335179,0.03816901323682955,0.003266773082494786,0.0,0.0,0.33233977680483856
s10T1822,0.0,0.0,0.0012362335898419194,0.0,0.0,0.005014179691890061,0.0004984498244249026,0.11646161433507718,0.0015269165127772056,0.06459534517909825,0.3360729157995388,0.0,0.0,0.006056630767018271,0.0030220675530706273,0.14918727322452022,0.0009052804030883233,0.052972928415940077,0.0,0.002970627801231133,0.259479536902483
s11T1822,0.0,0.0,0.0012753811792557313,0.0,0.0,0.0,0.0,0.18684201099439723,0.0,0.028002481345346372,0.37322330074021365,0.0,0.0,0.002152297873279527,0.0017893031925000004,0.1634960952124448,0.0,0.0007012452392369218,0.0,0.004024043637639332,0.2384938405856865
s12T1822,0.0,0.0,0.0,0.0,0.0,0.0,0.0,0.6316266623118665,0.0,0.0076634929150994485,0.039252365598723554,0.0,0.0,0.0,0.0,0.29551331800241964,0.0,0.0,0.0,0.0,0.02594416117189091
s13T1822,0.0,0.0,0.0,0.0,0.0,2.3089935880242253e-05,0.0,0.0032392049612731404,5.949262712625082e-05,0.0,0.002947671187794907,4.254298201755705e-05,0.0,0.0,0.0,0.9796653815693592,0.0,0.0,0.0,0.0,0.01402261673654867
s14T1822,0.003922797272903339,0.0,0.0657084934698756,0.002489823178011187,0.054320292218674696,0.0,0.0,0.06927826943462188,0.0,0.0,0.001949439827328901,0.0,0.0,0.01100640623938634,0.007911346675413947,0.6063996969524561,0.0005496085362891742,0.0004297003586867041,0.003738171630832156,0.0029005463421554085,0.16939540786336446
s15T1822,0.0054413210331952675,1.6654648106087012e-06,0.0,0.0,1.2052300491177174e-05,0.0,0.0,0.006275401484091061,0.0,0.0,0.003216741887601925,0.0,0.0,0.0,0.9184509266138574,0.027351421652716347,0.0005936444033362922,0.0,0.0,0.00019597380267013197,0.03846085135722996
s02M1922,0.0,0.0,0.9988268264604572,0.0,0.0,0.0,0.0,0.0,0.00019508917333707924,7.804163310393284e-05,2.498009681158488e-05,0.0,0.0007926169014595558,0.0,0.0,0.0,8.244573483080711e-05,0.0,0.0,0.0,0.0
s03M1922,0.05790733345979775,0.0,0.4453545348860559,0.03306063660805638,0.05062600057632976,0.0007649929134001848,0.002753025359679875,0.006252887323303435,0.00047938873185877576,0.0,0.0005309555066384425,0.0,0.001716833070840591,0.34660975344241757,0.00635341097020623,0.010692556376953313,0.00039669678012900164,0.008233636724643544,0.024124294038348187,8.866631216303734e-05,0.004054396919178167
s04M1922,0.0,0.0,0.005081560783253087,0.0,0.022385713862883797,0.0,0.006881910859366432,0.0,0.0,0.0,0.0,0.0,0.0,0.8285714933067921,0.0,0.0,0.0,0.0,0.1370793211877046,0.0,0.0
s05M1922,0.0,0.0,0.4255921711492515,0.0,0.06782065635957245,0.0,0.0,0.0,0.0,0.0,0.0,0.0,0.0,0.24907248853916641,0.0,0.0,0.0,0.0,0.25751468395200955,0.0,0.0
s06M1922,0.0,0.0,0.006948578519469646,0.0,0.06764106914818983,0.0,0.0,0.03131374742321367,0.0,0.0,0.0,0.0,0.0,0.8054661552878759,0.0,0.0,0.0,0.0,0.08863044962125105,0.0,0.0
s07M1922,0.0,0.0,0.2828157051278,0.0,0.2692224917394972,0.0,0.01822690427263696,0.0,0.0,0.0,0.0,0.0,0.0,0.3112933445182507,0.0,0.0,0.0,0.0,0.11844155434181516,0.0,0.0
s08M1922,0.0,0.0,0.00021947802560295547,0.0,0.0,0.0,0.0,0.0,0.0,0.16934125490973498,0.25441450843464997,0.0,0.0,0.0018950196662443118,0.0,0.0,0.5740811098500784,0.0,0.0,4.862911368945509e-05,0.0
s09M1922,0.0,0.0009746695121826119,0.0005414984059431766,0.0,0.0,0.005407286764453018,0.0029536719647721217,0.3554313286567451,0.004272499013156208,0.04995969748811006,0.23897726653007292,0.0,0.002969546849437625,0.005102323809161646,0.011088508812643274,0.1431252989060701,0.0005502840406547603,0.06392614655264042,0.001829868198257462,0.003239571383234782,0.10965053311246473
s10M1922,0.0,0.05315891981136764,0.00152352732079178,0.0,0.02724984582461009,0.010435188344257973,0.004035323089579539,0.21103024563119968,0.004004254309983049,0.04884888378786296,0.10290465476394968,0.006499305555634039,0.018966516991029685,0.0020997850030599684,0.004752646809976217,0.17750648863934249,0.0008276916933559806,0.1506827017752706,0.0,0.001733993602789414,0.17374002704593924
s11M1922,0.0,0.00335688344665736,0.0012751670694562296,0.0,0.0,0.0038470105739049367,0.004517638031318213,0.2260831943353402,0.005261682472948212,0.07031833143835844,0.2046993603623715,0.0,0.007324111125049429,0.007077134918659722,0.01779368865548077,0.2116671635375274,0.00015803294777161676,0.07802937717330682,0.0045375285848644805,0.005550838969480386,0.1485028563575043
s12M1922,0.0,0.0,0.0,0.0,0.0,0.0,0.0,0.0,0.0,0.0038470031879120218,0.00583734328273916,0.0,0.0,0.0,0.0,0.9903156535293488,0.0,0.0,0.0,0.0,0.0
s13M1922,0.0,0.008985692160568982,0.0012048330334130594,0.0,0.0003800873475803156,0.0016028861630679127,0.0034403322239926356,0.14256591161460871,0.0043034971176850985,0.09684492719663867,0.29426430226330896,0.0,0.007185865757525643,0.007557339938172106,0.012030278752213847,0.25527838212255394,0.0,0.0593044173123454,0.003037848612830435,0.0036184412408619784,0.09839495714263237
s14M1922,0.02085076849931275,0.008875910290984872,0.007348811984020891,0.003803551208317058,0.025459246061894293,0.005340567279361244,0.0005427226474823664,0.2059655235225337,0.009666586991055322,0.02838341588339703,0.06001255883816303,0.016168796822628794,0.0028177436460909925,0.01876341843346425,0.03290002564394966,0.4114144336132451,0.0,0.07397010829863902,0.009358365499927575,0.007217785501245468,0.05113965933428654
s15M1922,0.05385899635371872,0.0007215095531046407,0.005213951575807293,0.021543197324712594,0.015798034369841753,0.0,0.004829796420838677,0.47519364862904534,0.0007647048073583726,0.016574634981585644,0.02219158951838011,0.0006500517545931273,0.0,0.02093045810335943,0.025308986060094095,0.2158316830200408,0.0009548132744652511,0.0244089609338103,0.013506417807532579,0.00596113191262968,0.07575743359908134
s01X1922,0.08689714867572232,0.0,0.019214248027270023,0.032477448872333683,0.03125324792630886,0.0006073685796690458,0.008062369377933287,0.09483993827981821,0.003383977878016103,0.0,0.0034906216177488483,0.00032384447357833144,0.016520455116026903,0.03942332406502556,0.04914580184260307,0.021543105331330532,0.001996863136058206,0.002381470585697572,0.04030679022181012,0.5236357772125739,0.0244961987804754
s02T1922,0.0,0.0,0.48927256108326445,0.0,0.11847725333688974,0.0,0.0,0.0,0.0,0.0,0.0,0.0,0.0,0.014871709599304077,0.332583384642374,0.0,0.0,0.0,0.04479509133816767,0.0,0.0
s03T1922,0.0,0.0,0.03433484026123297,0.0,0.11978909217389706,0.0,0.0,0.00952336724133527,0.0009113310347040205,0.0,5.4972840673183256e-05,0.0,0.0,0.046942327178255604,0.7045095650327283,0.006143552868438654,0.0005516864883894398,0.0,0.07436361120056947,0.0028756536797759054,0.0
s04T1922,0.0022251572807631876,0.0,0.020344932507249985,0.007320809120399567,0.5441993633800307,0.0,0.050380070895242775,0.008913759407246605,0.001082340464391273,0.0,0.0018634104053952345,0.0,0.01757062721366883,0.08784591757131657,0.06712742497230911,0.001745756701406444,0.00017138405721899762,0.0,0.17524774670316173,0.002416317570407259,0.011544981749791664
s05T1922,0.0,0.0,0.01735638780446227,0.0,0.30190545154090676,0.0,0.004858420349569114,0.007121823048077034,0.0002938344838564705,0.0,0.0003862910911835582,0.0,0.0,0.07659831020278728,0.2597378080894296,0.0,0.00023948849784389398,0.0,0.3265322251905088,0.003668843660900511,0.001301116040474511
s06T1922,0.0,0.0,0.05405081136198236,0.005475709217075825,0.22415066642053247,0.0,0.0,0.001747653993977315,0.00021034319312688256,0.0,0.000398831941091405,0.0,0.0,0.15968548812202632,0.18637070772851375,0.0,0.00010848801156359922,0.0,0.36522183556809473,0.00039291643968285804,0.00218654800233251
s07T1922,0.016079004080008483,0.0,0.04810635026905667,0.01253545350505024,0.5392914980636158,0.0,0.0,0.011822050286524081,0.0002639987595660399,0.0005488042086606635,0.0005450574961607078,0.0,0.0,0.20721654889052854,0.009990284084966035,0.0073945601672043846,7.911069564337147e-05,0.0012022825592632445,0.13835237318424187,0.002194521197768178,0.004378102551741596
s08T1922,0.0,0.0,0.01880391152579554,0.0,0.0,0.0,0.0,0.0,0.0,0.04933903740651082,0.21892595156677197,0.0,0.0,0.001157762165113178,0.0013889035044084316,0.0,0.7103844338314002,0.0,0.0,0.0,0.0
s09T1922,0.05904174925275129,0.0,0.0027969294600888265,0.013527747457819237,0.0,0.0,0.003689704349935979,0.6441953584445791,0.0,0.0020077312429200105,0.01044027773128823,0.0002659376444907387,0.0,0.014335675479543349,0.017399948499434735,0.147032823534747,0.00283860147572612,0.015604721306481916,0.007775908645450972,0.0059467673106461515,0.053100118164096426
s10T1922,0.0,0.0001187974986212725,0.00512915050354395,0.00948007266215207,0.005105371493436651,0.004363930216029034,0.03802264052137512,0.18289786523150148,0.0016604380534769787,0.02181286851358638,0.051725833627026443,0.0,0.0014061427678486683,0.009029487778217495,0.016788034696132575,0.099859801026846,0.0018595896958640717,0.030462920725767933,0.01182428365046821,0.0051892082271854595,0.5032635631109204
s11T1922,0.0,0.0010176336813966461,0.0,0.0,0.0,0.0005558682923275243,0.0,0.034869773729703055,0.0009033823095382848,0.00702585105089407,0.018171023467084668,0.0,0.00026559563974486215,0.0,0.06427717741845719,0.041270679322188135,0.0,0.00971191470176173,0.0,0.7974158945862108,0.024515205800693097
s12T1922,0.0,0.0009557779571562688,0.0,0.0,0.0,5.659882044710226e-05,0.0,0.08397775587658425,0.0008752240958438247,0.0013727794123073935,0.005120961356145784,0.0008589900511209495,5.962662894213572e-05,0.0,0.0,0.03691916430298838,0.0,0.012348268133110287,0.0,0.839700836423166,0.017754016942187603
s13T1922,0.19782203921824307,0.0,0.0,0.002785187150085338,0.0,0.0026699722647788968,0.0,0.1538662062540542,0.00020787363406528443,0.0,0.004531226213654927,0.003798464484907718,0.04705513856695662,0.00028491366955829214,0.4733273445661789,0.04331695449098844,0.0012260754403213077,0.0056955646690787735,0.0027089376023226204,0.016425836205073884,0.044278265569731766
s14T1922,0.0055468223429353935,0.00430717709344066,0.0,0.1322242591236667,0.0383630219608878,0.004099421391405931,0.0,0.01535152402354491,0.0005150636289528291,0.0008495547492942157,0.0,0.00259357394176175,0.00349869223982093,0.0,0.2227128625340466,0.006360661588817468,0.0,0.023864511889075617,0.0,0.5391394200433889,0.0005734334489601442
s15T1922,0.012818932182699236,0.000374598173393603,0.0016777280252558845,0.0,0.017177974611513293,0.0010554419191886012,0.0,0.01624464966619925,0.00018119565400073818,0.0006473911210836125,0.0011971253768972923,0.0,0.0,0.008027186484921758,0.8798937932606706,0.009404257722368376,0.000573267502544398,0.007013368260660347,0.001321203054020903,0.03594332913270791,0.0064485578518740675
s02M2022,0.12555137740230987,0.0005567203899541139,0.6941996390813733,0.02459346324788412,0.023492667394418056,0.0,0.00045316818112342127,0.0368398452642925,0.0008092922481055198,0.0,0.0027970895271926923,0.0,0.0013738490310885496,0.004567021612168521,0.010659564450739567,0.011160639340831715,0.000422214566587464,0.005777318517970762,0.017061196576828887,0.001753915014077349,0.037931018153053726
s03M2022,0.10081441723112956,0.0,0.0798561945428091,0.029037971372972742,0.3927137872468646,0.0,0.010801991587267336,0.06706505215328273,0.003117042012700431,0.0,0.006454155781418947,0.0,0.0,0.041621464365143516,0.022509851455081116,0.01056084003773828,0.0007021762821203767,0.0023053677425026345,0.17225398350676266,0.005823278403857258,0.05436242627834862
s04M2022,0.14974496364686402,0.00043993680135209653,0.08274028623151064,0.02402400346217571,0.14809020731157108,0.0,0.0,0.06502722704061378,0.0025912726766064045,0.0,0.0036580222904867587,0.0,0.0,0.2044065821494616,0.0220305600571263,0.01520949580545272,0.0006283005991909576,0.004955477738412397,0.22753290549063335,0.0018565866477445539,0.04706417205079765
s05M2022,0.0,0.0,0.1283598466524447,0.0,0.49684200360196207,0.0,0.03640243310013881,0.0,0.0,0.0,8.485293768983441e-05,0.0,0.0,0.08160510308975288,0.0,0.0,0.00036174629945126264,0.0,0.25543143788555545,0.0,0.0009125764330050164
s06M2022,0.010522067945330258,0.0,0.0933086352646657,0.006656892300462748,0.7346744783446294,0.0,0.0,0.005938104742161792,4.064985027547798e-05,0.0,0.00018004678600451823,0.0,0.0,0.06768500165995152,0.003266797841784037,0.00044874372712340715,0.0,0.0,0.07149804657466508,0.001226700171483056,0.004553834791462911
s07M2022,0.08061853920095084,0.0,0.032415767706959,0.020964363540533954,0.20961231663679042,0.0,0.008520623794677534,0.035186749616682576,0.0017367998678849295,0.0,0.00298035543223253,0.0,0.0,0.2909911072835116,0.012432048525011204,0.008701328368573612,0.0002203183202448132,0.0012710675203688477,0.2621871360471107,0.0016889991574711445,0.030472478980996337
s08M2022,0.0,0.0,0.00028177125013292885,0.0,0.0011676445329649105,0.0,0.0,0.0,2.079896466070516e-05,0.06687776594865122,0.2015951475352025,0.0,0.0,0.00018617637438385568,0.0,0.0,0.7298706953940038,0.0,0.0,0.0,0.0
s09M2022,0.0,0.001719912235458067,0.001586038907774332,3.468385097313675e-05,0.003176589199247217,0.006155862878611823,0.0052984891408348195,0.2525585498066535,0.009960077289461619,0.0258007094127567,0.4305024411933514,0.0,0.004373678152552491,0.007223072769115796,0.014276763635889558,0.07845499770089916,0.039246802127454516,0.047716983724740494,0.007260404426861586,0.003156904825374003,0.06149703872198994
s10M2022,0.0,0.0,0.002059132584746643,0.0015363435205207364,0.0,0.01017591606722886,0.006342878022248781,0.5775124157026005,0.01206936885300977,0.005828724375886857,0.1625291442568839,0.0,0.0,0.006037840816651479,0.013121479571422328,0.0892528346662443,0.0016869850163770054,0.04388285700585355,0.006150684974735182,0.0029344875688959164,0.05887890699669426
s11M2022,0.0,0.0,0.001459841513599602,0.0011805238232530557,0.0,0.015724288632263963,0.004600950253314246,0.6167597195008255,0.012946926564618537,0.008229563250858793,0.10062679360247706,0.0,0.0,0.004631668633378602,0.012630314868580612,0.08221055048087883,0.0004379022007690469,0.051088633294702375,0.004762079808907533,0.0026436976315979913,0.080066545939974
s12M2022,0.0,0.0,0.00015276293903070156,0.0,0.0,0.0,0.0027338943256856774,0.6887464922751617,0.0023325505890653864,0.024374654900229754,0.16498873951989515,0.0,0.0,0.002790815599102523,0.008292515496084285,0.06702777909282753,0.0,0.020117448873317206,0.0016562598605186197,0.0018546319552966205,0.014931454573784697
s13M2022,0.0,0.00420365358264094,0.005208807495475948,0.0018821372709154206,0.02924673548180643,0.0005812946632165677,0.005268306903273795,0.22827557865709505,0.00497905566274952,0.026908171931361115,0.3731636032654304,0.0,0.005035056312929058,0.009961991068752278,0.0210864402522452,0.19425423041470807,0.0,0.04479409385316668,0.009294105967908934,0.004432010187496157,0.031424727028828564
s14M2022,0.1024604512424634,0.015528689303958863,0.005155064874119559,0.041172397084348354,0.05333141916968132,0.01478421118350723,0.006587995909564082,0.2791203077143298,0.00262762935920937,0.055618258654471245,0.130610413730208,0.0014281878863240372,0.012268562737745051,0.0101086824409183,0.03398202030913642,0.1001922339388852,0.0001507016339146598,0.08638394571122564,0.009333249822481094,0.0036727594649361823,0.03548281782857212
s15M2022,0.1339020426466064,0.0013079453514906806,0.008554680905195953,0.024471450800305557,0.01585571438547425,0.0015142154139732842,0.004735135199775252,0.04198342584445339,0.0008829895251461175,0.004593250625236846,0.0010197072281294599,0.0001355763366820474,0.0005407942232198205,0.011840686221806054,0.667365789840946,0.02699888621143396,0.0007567898972329494,0.0163038075817098,0.01186682516396108,0.00241853453932849,0.022951752057892887
s02T2022,0.0,0.0,0.40401225176754024,0.01852359766343759,0.1323462802209521,0.0,0.28282595461440824,0.01971286693334138,2.3248595220399575e-05,0.0,2.038551681536458e-05,0.0,0.0,0.07187800875697592,0.01563517820825927,0.0,0.00030534252997409966,0.0,0.046627420076232565,0.006061037900042707,0.002028427216800238
s03T2022,0.07776885875668618,0.0,0.1002834346094718,0.0793067288444185,0.13815602417547757,0.001102421953007246,0.027926802661429256,0.11196517902587289,0.0013080717667928493,0.0,0.0017776005072629682,0.0,0.030023270493553723,0.10520628002937453,0.076613486321052,0.015256718011436568,0.0023717790923446264,0.0022090435346493104,0.11558088084023668,0.0854389848659127,0.02770443451102071
s04T2022,0.018894901608291895,0.0,0.014040206444282324,0.015779943984235267,0.24334687914120062,0.00028380400829132506,0.0019147627933358896,0.021058598024150794,0.00017626456039395659,0.00028238635210860603,6.148564118843374e-05,0.0,0.0,0.05503086193135571,0.01288215717633628,0.0025104363826915646,0.0007833727770737839,0.004378196287635607,0.18872828483260143,0.4175273370931905,0.002320120961636004
s05T2022,0.03281930927529697,0.0,0.02792724970129107,0.02571073130698237,0.29902859680617844,0.0,0.0,0.05344763463763133,0.0002876173828188263,0.0,0.0005342267759299586,0.0,0.0,0.06839366731996509,0.02910373933521856,0.005351401752093728,0.0013776748653598694,0.0024902036873990416,0.43255992328875387,0.009541420661450728,0.01142660320363019
s06T2022,0.006504973457931825,0.0,0.009091770408066663,0.03696692917135271,0.05160201615592257,0.0003780689128025983,0.09132674848391624,0.026008639468925048,0.0003671215689382775,0.0,0.00027391332615420074,0.0,0.0,0.027379775543702817,0.011386315980004464,0.0006806562116406876,0.0006472403113013785,0.0007747808097871024,0.05293247968632382,0.6791872750642539,0.004491295438975666
s07T2022,0.008122631391788907,0.0,0.07488115927379142,0.05300874524295124,0.3450563128892654,0.0013681655505000374,0.10090990261707228,0.04403911732738035,7.250017091661365e-05,0.0,0.0002610814464444527,0.0,0.01408928802563776,0.16244756657044673,0.03470143461821841,0.0021578756578771374,0.000904426928843545,0.0,0.1096967495436035,0.04116530567906698,0.007117737066195123
s08T2022,0.0,0.0,0.0006903211053494465,0.0,0.00039266099586065644,0.0,1.3335473244338201e-05,0.003317943623626838,0.00014013532786963598,0.14694515470270153,0.18600041022746236,0.0,0.0,0.0004817161617524598,0.0001943322716732574,0.0,0.6612425313753704,0.0,0.00038688369909938724,0.0001945750359896874,0.0
s09T2022,0.0,0.0,0.0007410462618438825,0.001741547102232977,0.0004909934517539653,0.04636759471088278,0.002968062494458861,0.598964994205365,0.04823617409440256,0.010321214609317928,0.03222236536475067,0.0,0.0,0.0034349825890831066,0.006554127722907654,0.032386931444008664,0.0027255839378168218,0.054382816151425054,0.006850415084033036,0.002204620652042902,0.14940653012367416
s10T2022,0.0,0.0,0.005430833744113284,0.03008046055910795,0.015983854771595276,0.07170382731307416,0.014831310108610107,0.4687049675333303,0.004678930878812714,0.007286069642770878,0.009618896767239779,0.0,0.0,0.02260058000811574,0.04709727231791782,0.04127011093668148,0.0030396002716866505,0.07942628047289188,0.025940680600247026,0.011015835682214866,0.1412904883915901
s11T2022,0.0,0.0,0.00593019083722197,0.031041136619412588,0.021421997942368074,0.03780529506914845,0.01828589358319067,0.4997321300783431,0.00451899653103733,0.0027267789674730496,0.014505736354228454,0.0,0.0,0.027226326365424082,0.042825680787979714,0.058321603651802466,0.0037384218159149003,0.04238781775828975,0.032211725054821755,0.012407534135718792,0.14491273444762504
s12T2022,0.0,0.0,0.0024077806111657586,0.000747875112851957,0.0,0.0,0.0013741312332421762,0.9698616869923274,0.0,0.0,0.0011349193468625984,0.0,0.0,0.002465122541826425,0.0027366795516307156,0.00867716513890631,0.0004911583683776284,0.0,0.00044718324798002327,0.0011825841731929593,0.00847371368163581
s13T2022,0.007793062978039478,0.0018732053779094708,0.005716881987503968,0.01263119037078638,0.013005646805463558,0.005977430673733091,0.7330932253665897,0.08364839335517986,0.0032765246534660905,0.0,0.003232894546797063,0.0038292010737687714,0.0,0.01479672701266176,0.019287816217598053,0.01564420252177468,0.0012861506282838269,0.020177402013486702,0.015407873538085202,0.00432408921344244,0.03499808166542996
s14T2022,0.0010052174488684275,0.0,0.0027395562762784586,0.016353703680776845,0.016821076432016493,0.004763066444092215,0.004551447761797567,0.8802675888630971,0.0,2.9912888460367008e-05,0.002916037873314934,0.0,0.0,0.011989343145178143,0.015930796150462268,0.005143416416294919,0.0008030234392990935,0.0012966804771847751,0.010249375772270659,0.005287682525978235,0.01985207440462952
s15T2022,0.02405357653573204,0.0,0.006862480199379361,0.04914295353749556,0.022203987055926213,0.002192409908837347,0.015187247297330722,0.5552918441681535,0.0,0.0,0.003003340486858419,0.0,0.0,0.03863516895726957,0.050175602625696106,0.009641593082733478,0.0024783753531751004,0.0,0.038890642687061105,0.14971312099864542,0.03252765710570617
s02M2122,0.10191189693374048,0.0,0.3342069951490116,0.06432029907170123,0.0642863779677358,0.0010332010238415941,0.01021257948418381,0.13670240344787077,0.004124281934960282,0.0,0.002354560740445987,0.0,0.01333479139171912,0.039903521463870786,0.0707787530472632,0.015249288087001859,0.0027296208192116667,0.012064495597150816,0.07776271136868712,0.018506789719203096,0.030517432752400955
s03M2122,0.08411361699616128,0.0,0.0565618880750767,0.0697962763484516,0.2796606042748637,0.0015922445543678954,0.06072597815140479,0.07891377796318141,0.0018479484403562945,0.0,0.002316006808837888,0.0,0.0,0.055832809795089505,0.0478235778298447,0.014461732608703575,0.0021339255700012923,0.012730003549156725,0.19371848374062453,0.013553208926793195,0.024217916367084764
s04M2122,0.0451439762097963,0.0,0.06367790205066858,0.033894828335170775,0.2879376918014951,0.0,0.029660273230303527,0.05691880206940304,0.0029983940577725356,0.0,0.003985755901551305,0.0,0.0,0.11398313795585426,0.024976628848407335,0.005681075245466403,0.0003317543215403664,0.0,0.2993064040810246,0.005636051770552599,0.025867324120993275
s05M2122,0.0,0.0,0.19251322995020603,0.001080303427336076,0.15195411566923459,0.0,0.0,0.0016140857025827213,0.0002906316342161162,0.0,0.0003698515415314118,0.0,0.0,0.05834039738801377,0.0,0.00018844524104257306,0.00010874617220554074,0.0,0.5917651130182322,0.00038254808958997614,0.0013925321658090058
s06M2122,0.04922923984143956,0.0,0.42631370779459116,0.025871191116052784,0.1331388469969118,0.0,0.01667480536569676,0.02896222536744317,0.0015097635536593039,0.0,0.0013444370534394295,0.00027745394445425394,0.0,0.05261321834511952,0.014288835979618227,0.007257761049658418,0.0003547511428981807,0.0038324354746910117,0.22389822291499561,0.0021713409988504727,0.012261763060480425
s07M2122,0.044286959237801134,0.0,0.056607723852671835,0.049115038366550984,0.22521963827821126,0.0,0.01689296005235348,0.07974109078212956,0.0020488105547682147,0.0,0.0014429301361001073,0.0,0.0,0.11393407351393416,0.040258143367936136,0.007647157358851211,0.0008000957234613582,0.0026704748873144822,0.3344629161756075,0.009961127553786203,0.014910860158522336
s08M2122,0.0,0.0,0.0007031031899887924,0.0,0.0008842381561446457,0.00013388505611229345,0.00020292371147430821,0.007269841790166094,0.0006997280209040363,0.3862135583349724,0.1827202817245339,0.0,0.0,0.0010068345279223873,0.0009086087843345226,0.0,0.4169721769371768,0.0,0.0016883701880845913,0.00038535308577684175,0.00021109649240847134
s09M2122,0.0,0.0,0.0,0.0,0.0,0.07929001286853242,0.0,0.6252013458952314,0.013854436418413083,0.028523956751109865,0.007942279476929779,0.0,0.0,0.0,0.007860396028900799,0.000423685792138994,0.0004221093646254884,0.09451411294584754,0.0,0.0,0.14196766445827058
s10M2122,0.0037570326814548296,0.0,0.0007533728353579474,0.0021916339433077628,0.0,0.07549027828994442,0.012321466453668906,0.6456596450173102,0.005249298519249473,0.0136670608673533,0.00011191835122964988,0.0,0.0,0.0020823405340501156,0.016638995557300813,0.002936912415463662,0.00034162035354343807,0.08302659311736352,0.002535461820974209,0.0013687482264194456,0.13186762101600846
s11M2122,0.16774983153442583,0.0073707398202188645,0.0026022159418030316,0.010627046409671161,0.0,0.03345569941959849,0.0018231049768638605,0.46540559929121594,0.005357409776666215,0.04814634226831892,0.02537236486524636,0.0,0.0,0.004791684475453912,0.02101126002991003,0.02478023672399157,0.0008638969150864715,0.054690832655430344,0.0060749711956479,0.003472379662304198,0.11640438403814699
s12M2122,0.0851451203511292,0.006930335142491219,0.0037597854939365872,0.009975004755641932,0.0,0.07946731776858071,0.0018899162091440666,0.5338085528836153,0.0048548117668905585,0.027063186902213363,0.002825519610058912,0.0,0.0,0.0,0.027856050363941825,0.012925495394628716,0.0001477206852935294,0.09966228949897754,0.002029758992966143,0.0004533760878983943,0.10120575809259207
s13M2122,0.1767631333027079,0.007039693640931369,0.002544938900073943,0.01448119741210633,0.0037733989985386544,0.04893687933527752,0.003637560613377272,0.47910324026521106,0.005432576336104971,0.008691411557188701,0.004804981157306753,0.0,0.0,0.006589943645283592,0.02774461511484877,0.014702379185573586,0.0007692604129507327,0.06664692194931267,0.0074774543857056355,0.00443304018434789,0.11642737360315275
s14M2122,0.21941856247530017,0.0051959507153769135,0.0035198878623455697,0.01629239066939706,0.007496231080428606,0.008530721012089995,0.001839700330101139,0.5662531794128216,0.0008873384405162028,0.006404542298157092,0.006922654421705327,0.0,0.0,0.004777605997260456,0.01712398953032286,0.01731266181794355,0.00040018751441410954,0.02230901282312816,0.004939413014163749,0.004360838720379106,0.08601513186414822
s15M2122,0.14728805793791394,0.0,0.025970251259299023,0.07450749186012096,0.05579740067927246,0.002486203806613977,0.016527713799912525,0.15404187195734143,0.0052604231150677905,0.0002596886656794688,0.004931500184979306,0.0,0.0,0.05430902853511265,0.26219829999286337,0.025469458031541787,0.002650189466953334,0.015131669306370294,0.0749408391685389,0.02139229982696758,0.056837612405451085
s01X2122,0.20432392718901696,0.0,0.020596544675422847,0.08449282171365921,0.033361180181096455,0.0010106584751788546,0.00951332892520464,0.1342988610720785,0.0014590895766185667,0.0,0.0021058688238666866,0.0,0.20213140527081178,0.055979289008231715,0.09883489191852635,0.021274416150269704,0.0034481824473285914,0.004694702317194731,0.06628664303995115,0.029037110871215934,0.027151078344327104
s02T2122,0.0,0.0,0.36185921308013513,0.0,0.2682425421418326,0.0,0.0,0.003974267209919855,7.98852469643449e-05,0.0,0.0,0.0,0.0,0.0,0.3605008790881331,0.0,4.752049908638226e-05,0.0,0.005191633136739468,0.00010405959718919442,0.0
s03T2122,0.0,0.0,0.09120671748787926,0.03431386163548238,0.3648173881259234,0.0,0.030897650955128864,0.047704546801954385,0.00044802041553229063,0.0,0.00070439691243489,0.00024622792294584926,0.0,0.1140033150182151,0.03202609875540916,0.0018806280491749498,0.000496973680500613,0.0,0.26243648925944973,0.010741461157118536,0.008076223822850585
s04T2122,0.010379865407297255,0.0,0.01627165985782445,0.02055830347419887,0.5515155858999875,0.0,0.05452379295980094,0.036283535900602744,0.0026989979035961583,0.0,0.00400479131889825,0.0,0.0075170530067244475,0.02423530288498037,0.019301334192876995,0.0015508928934612185,0.00039680980169902333,0.0,0.21739390150634844,0.006030273830940588,0.027337899160762784
s05T2122,0.013010829641256702,0.0,0.013065061857563698,0.13959631133790096,0.2014989819931306,0.0,0.006329789757124715,0.07143643714070513,0.0026368291012178803,0.0,0.004729574932906246,0.0,0.0,0.047233299149504575,0.039675473500472624,0.003809975268101776,0.001493683303343009,0.0,0.4053380076745472,0.014194273811789053,0.0359514715304359
s06T2122,0.0,0.0,0.027429113655332033,0.007826316621402119,0.6506092454742988,0.0,0.0,0.016485687087172952,0.0010708380644789339,0.0,0.0015732083703279263,0.0,0.0,0.05210251796524237,0.006477108826126153,0.0,0.0,0.0,0.22361275909116768,0.0030588693766136483,0.009754335467837444
s07T2122,0.0,0.0,0.011965655150269192,0.007926860233376172,0.01362261235602249,0.0,0.8990599029886656,0.01034337060191873,0.0001231718896619333,0.0,0.00023965224730357692,0.0,0.0,0.022839858607105922,0.010488567250816998,0.00047229583142823064,0.00013925834090814718,0.0,0.01796828984066041,0.002435789174762194,0.002374715487100642
s09T2122,0.0,0.0,0.0035517517695423436,0.023176936814409882,0.012526595546248978,0.036384644507934764,0.012869776626324363,0.45713587900843305,0.01941237632214283,0.0005533561656512562,0.0,0.0,0.0,0.01855649237458548,0.025651917189934443,0.0,0.004435807208383959,0.05181681338145347,0.022524481069210393,0.00776571990563832,0.3036374521101065
s11T2122,0.0,0.0,0.0,0.0,0.0,0.0,0.0,0.9294061579681394,0.0,0.0,0.0,0.0,0.0,0.0,0.0,0.0,7.64553778813312e-05,0.0,0.04100808130768812,0.0,0.02950930534629118
s12T2122,0.0,0.0,0.0,0.18168326861671316,0.0,8.417710324846021e-05,0.0,0.7917948843647508,0.0,0.0,0.0,0.0,0.0,0.0,0.00936538676598167,0.0,6.485732873071513e-05,0.0,0.0,0.000609357803982935,0.016398068016592413
s13T2122,0.0,0.0,0.001815197907668973,0.003823941397674908,0.0,0.0,0.0020280398917538176,0.9696289757101115,0.0,0.0,0.0,0.0,0.0,0.007373629832458856,0.00451345154726599,0.0,0.0002970559980713914,0.0,0.004781545581345718,0.002045093421982045,0.003693068711666757
s14T2122,0.021040548821251347,0.0,0.0036588325201854124,0.022389180644496475,0.07069382860901512,0.03411834348885329,0.006262585070621958,0.5430832573380019,0.0011428295787533815,0.003811297959140125,0.0,0.0005607577692674756,0.0,0.018915118289623094,0.03945198069213682,0.12630192969328222,0.0012296329008905874,0.03383602705420847,0.020667700090096094,0.009661089786564778,0.04317505969361158
s15T2122,0.0,0.0,0.0,0.0,0.0,0.006539714423667878,0.0,0.01683945840503993,0.0,0.0,0.0,0.0,0.0,0.0,0.9766081803095502,0.0,0.0,1.2646861742040065e-05,0.0,0.0,0.0
s02M2222,0.05057029377239256,0.0,0.03185969119950958,0.09872775544552605,0.19527679060488953,0.0021193435988182273,0.020608898386687037,0.15457200621480294,0.002430026562556796,0.0,0.004525376480322658,0.0,0.01671841500337188,0.08385407535797763,0.10206457602117927,0.013242541983670291,0.0038927755958354997,0.00245553701642517,0.13724556800830925,0.03262710163026139,0.047209227117464184
s03M2222,0.03770764130053771,0.0,0.01625185127615313,0.04390117333679865,0.37109930769653354,5.2128614935712356e-05,0.026229542946025544,0.08957884229457388,0.0009621807612241214,0.0,0.001519292013999408,0.0,0.016180845189157637,0.03470920082597399,0.05598158683282033,0.006324512541098132,0.0017901371896925475,0.0,0.2610727357140743,0.016739057958292912,0.01989996350810854
s04M2222,0.0,0.0,0.03783295185207101,0.0183725007605738,0.4251171977061978,0.0,0.07917562842146744,0.030478073258457604,0.0014635372917243096,0.0,0.0020678487418552827,0.0,0.0,0.04931444449342654,0.015572299191959705,0.0002865758162189773,0.00035095072563331515,0.0,0.31929514506864315,0.006053849454221664,0.014618997217549211
s05M2222,0.0,0.0,0.01895647831112786,0.07409843052434388,0.17853308176201776,0.0,0.031196481212981422,0.02665959577201705,0.0009184844555950799,0.0,0.0013470010745278882,0.0,0.0,0.041045971272205155,0.22483263566931372,0.0,0.0004123335482190173,0.0,0.3857127320695509,0.006081240535014745,0.010205533793085697
s06M2222,0.0,0.0,0.0,0.04325535150961436,0.23621234672503758,0.0,0.0,0.6618127672088335,0.0,0.0,0.0,0.0,0.0,0.0,0.05064029832498166,0.0,0.0,0.0,0.008079236231532807,0.0,0.0
s07M2222,0.0,0.0,0.006491538661494201,0.017825811205432418,0.04367746787797054,0.0,0.00211683318007835,0.8585289944128213,0.0,0.0,0.0,0.0,0.0,0.00788052518302825,0.01321271329345039,0.0,0.0001683692686432376,0.0,0.047835467452536244,0.0022622794645450273,0.0
s08M2222,0.0,0.0,0.00855214118385531,0.0,0.0038136286813821307,0.002126567883110609,0.003927736214241073,0.04791818235856244,0.0006450026885997647,0.01266741021656095,0.02290645218764904,0.0,0.0,0.0012985090669346147,0.01190624780144641,0.0005542235026576679,0.8318199753820961,0.01082953321383581,0.034339519319320326,0.00116061236324036,0.005534257936507469
s09M2222,0.0,0.0,0.0,0.002820450692768064,0.0,0.0121660664774417,0.0023475163705052125,0.6775441910498983,0.02557384827755048,0.0,0.0031941318073334724,0.0,0.0,0.0015233408198679335,0.0031999538502404104,0.004828855945880913,0.0034130976686086592,0.1241065014427647,0.009495306644847195,0.0010631219575552133,0.12872361699473792
s10M2222,0.0,0.0,0.0,0.0,0.0,0.0500933452208873,0.0,0.6810270760599141,0.009044142558362651,0.0027593461760330538,0.0,0.0,0.0,0.0,0.0030137875746105666,0.0,0.00020306682774392403,0.05217379859867803,0.0,0.0005408743229297853,0.20114456266084052
s11M2222,0.016791058960610825,0.0,0.0032740512306991274,0.01969781296884546,0.011553169753540565,0.018600963686313546,0.012747970838000075,0.6486092628469964,0.008397507448297117,0.0016657562872214476,0.00905812083724085,0.0,0.0,0.013467493176976063,0.024482377100804583,0.022818232071480676,0.004681282463054132,0.04246747992988639,0.018423270811290925,0.006410268846358839,0.11685392074238292
s12M2222,0.09936568599886861,0.007042987845055289,0.008307940042546338,0.03449397444999787,0.026832013261732724,0.004817050824323455,0.018698906945123633,0.5159576014927063,0.009386426257461732,0.009358083266281647,0.017648897779719536,0.0,0.0,0.020968292808814935,0.03735050409347843,0.0292660133376006,0.006693273732679674,0.03654486105603683,0.028405118781241558,0.013988517958080806,0.07487385006825013
s13M2222,0.0,0.0,0.0,0.0,0.0,0.1068650810357455,0.0,0.6020612320849407,0.004265838524971591,0.011811642958941045,0.0,0.0,0.0,0.0,0.01636253916188639,0.0,0.0,0.10143188623441653,0.0,0.0,0.15720177999909832
s15M2222,0.10714583209429081,0.0026062883208949395,0.011375740799238929,0.07867555243825783,0.04708331907251163,0.03739437369248569,0.03273589680723407,0.27407222181461804,0.00492609327496499,0.00791100207412572,0.0035838753555587272,0.0,0.0025655741351999985,0.04606580937908275,0.08922604704835395,0.025069056412517467,0.0035992452794165867,0.05498398747229034,0.05989340543728128,0.02028210079635064,0.09080457829532561
s01X2222,0.09124207106505294,0.0,0.030775763699139726,0.10852960476250946,0.08290338255472272,0.007734076347977644,0.02531917028048951,0.1857380377230486,0.0037348738023358424,0.0,0.0056953170383385555,0.0,0.03815264058347087,0.0782947009342932,0.11271301856437536,0.01922610160507162,0.004426455951984958,0.01334359839168204,0.10596288092867535,0.03200037491764539,0.054207930849186244
s02T2222,0.0,0.0,0.007724866617532428,0.011327402378693048,0.7180420943750948,0.0,0.0,0.03185380538676872,0.000465379734418154,0.0,0.0005828242041428083,0.0,0.0,0.018020359082749394,0.12688953581066753,0.0002963897340878955,0.0006060505988841011,0.0,0.06960742864707775,0.0063792395025279456,0.008204623927355398
s03T2222,0.011182435877531637,0.0,0.017655231574740755,0.045414812755579,0.2731958731264349,0.004814666151163471,0.012078411677872252,0.10535599956011464,0.0017351854105260092,0.0,0.0028476335703473583,0.0,0.0,0.04902393607776452,0.11925056948323906,0.004177821618262851,0.0019526413464801711,0.001874063302580527,0.29906521855864104,0.01729234975497175,0.033083150153749866
s04T2222,0.0,0.0,0.01660589280979965,0.009337189532205012,0.5307865918496336,0.0,0.07149822082884622,0.007717836903259952,0.00044255959511568197,0.0,0.000599599914461725,0.0,0.0,0.031737778256043854,0.008545225646165373,0.0,1.966335317024828e-05,0.0,0.31611868608060745,0.002605072470949923,0.0039856827597412525
s05T2222,0.017249977172630007,0.0,0.05496156427040603,0.045850862089251446,0.25437519374314366,0.0,0.019454368848948696,0.0680545766362609,0.003241763174523003,0.0,0.004097484439929277,0.0,0.0,0.10669865112391683,0.03577786223211967,0.003356255772907742,0.0007100551262850401,0.0,0.3451541584222014,0.011720582711356403,0.029296644236119922
s06T2222,0.007692050235752764,0.0,0.030637584865157053,0.032796774464166546,0.24445466862835938,0.0,0.1984697357943265,0.052641805525243605,0.0024858247396590833,0.0,0.0037268863978918414,0.0,0.0,0.06938912204213726,0.025420018400373154,0.0015916672129396,0.000536709941966316,0.0,0.2942010212895361,0.009614658241914795,0.026341472220576097
s07T2222,0.024455859902826827,0.0,0.01406134700051808,0.022090691640342185,0.043901049203116424,0.0,0.7408040675660608,0.03991617484113391,0.0012001409798039376,0.0,0.0015170508707274034,0.0,0.008744871904431455,0.01582355852231266,0.019770963853298483,0.004691495103069454,0.0004907384418331052,0.0008351546815417718,0.044515415126537984,0.004985382387858323,0.012196037974587225
s08T2222,0.0,0.0,0.00021038691567418498,0.0,0.0005949233500229008,0.003957468362555109,0.0015913480109572,0.01843377221463967,0.0003472832818484374,0.0,0.000106706489488786,0.0,0.0,0.0,0.0007200341891894132,0.0,0.9578318226199302,0.01152963042684271,0.0017474514333782952,0.00016486769096090535,0.0027643050145120794
s09T2222,0.0,0.0,0.0,0.0,0.0,0.037075968099418016,0.0,0.20669619782748191,0.007584413521204209,0.0024809908059787106,0.0,0.0,0.0,0.0,0.002441862340612418,0.0,0.00015398502259461998,0.7005885264395293,0.0,0.0005700599616046523,0.04240799598157616
s10T2222,0.0,0.0,0.0,0.0,0.0,0.1067733442856377,0.0,0.4599619611823042,0.01318399266867228,0.008602415139518687,0.0,0.0,0.0,0.0,0.007394766363148377,0.0,0.0,0.26837726521535604,0.0,0.0,0.1357062551453627
s11T2222,0.03831585602706669,0.0,0.0,0.0,0.0,0.06462543741239687,0.0,0.3956823068160481,0.009184996221834425,0.007890358735952754,0.0,0.0,0.0,0.0,0.00960193341105947,0.00264199260336404,0.00024790950562480726,0.332447759862807,0.0010323538201976055,0.0,0.1383290955836484
s12T2222,0.019151356907756552,0.0,0.0,0.0,0.0,0.0033797691681642533,0.0006457560961069371,0.8973987280686425,0.005651274942886678,0.0,0.0,0.0,0.0,0.0,0.0,0.0,1.9729070067189234e-05,0.02748206559921235,0.0,0.0,0.046271320147163515
s13T2222,0.0,0.0,0.0,0.0,0.0,0.08859269573832239,0.0,0.6228228073718035,0.005326570741925446,0.010252887163250925,0.0,0.0,0.0,0.0,0.008836787985364483,0.0,0.0,0.09933751107678686,0.0,0.0,0.16483073992254632
s14T2222,0.038954635433340545,0.0,0.003320906937718307,0.02558360100177485,0.016759133756226893,0.07828140874590228,0.009695328652054639,0.4085342494705565,0.007603175678960489,0.007843472866044551,0.0,0.0,0.0020610332061417004,0.016606102183807404,0.1483029868809399,0.0054527353968808956,0.0018324658642736137,0.07159025413015277,0.02140857093206785,0.008196307575747006,0.12797363128740988
s15T2222,0.0,0.0,0.0,0.0,0.0,0.08185444259860261,0.0,0.6205904647193305,0.004912842582774855,0.009745788277329807,0.0,0.0,0.0,0.0,0.08740613080122098,0.0,0.0,0.09349348399960633,0.0,0.0,0.10199684702113482
s02M2322,0.05715142409806811,0.0,0.020083450832086083,0.08644955705705526,0.057411341990276456,0.004493592827189372,0.09258169076498173,0.13910240740174867,0.0043100672421234575,0.0,0.003305814769670838,0.0,0.18534598266976376,0.0672616337444737,0.11636712879859538,0.00981649759516392,0.0037513972735397903,0.0016912335190581258,0.07343562024857615,0.03068050340908257,0.04676065575854654
s03M2322,0.03490572263811424,0.0,0.0,0.00543918526195516,0.7871523702280477,0.0017855580626288845,0.04245438521060182,0.03099478992409284,0.0013057753590733356,0.000497836378693244,0.0,0.0011489672046306498,0.015434733224706308,0.0004966426894645508,0.024978229719733045,0.003295076867745744,0.0004754768467145435,0.00627663974209331,0.03796771491217885,0.0026546328484267833,0.0027362628810991612
s04M2322,0.019823937301198198,0.0,0.012889840292851104,0.045728863739743164,0.4074151162575919,0.001086909433445174,0.194096765812966,0.0664664281111772,0.0018961905939753967,0.0,0.0024352527685404138,0.0,0.049740231313360146,0.044134606355455464,0.045111347934472294,0.004858635789705021,0.0020570859650725836,0.00038146434318019084,0.0625959425111095,0.015185774646387994,0.02409560682976867
s05M2322,0.0,0.0,0.0080131310884162,0.0,0.8324437388911214,0.0,0.04868580966430605,0.0,0.00013617952605677968,0.0,0.0,0.0,0.005052900302012795,0.014757556665984557,0.06105821735562435,0.0,1.1471490842885948e-05,0.0,0.027716734398829844,0.0011515594655070792,0.0009727011512982215
s06M2322,0.0,0.0,0.004355344100158334,0.0,0.6717578091885701,0.0,0.09871099632918674,0.004349368803470718,0.000588162087388788,0.0,6.909374269101826e-05,0.0,0.0,0.003894967163604303,0.0027612317677816124,0.0,0.0006004608220871918,0.0,0.20851458157054048,0.002002637713955697,0.0023953467105651068
s07M2322,0.0012235233428739536,0.0,0.0,0.012910614158794076,0.2848880404654555,0.023734520004551524,0.021359458368573704,0.18139258125393648,0.005075102954915386,0.0019904570587537074,0.0005592883218326682,0.004583297162417338,0.0,0.006330880535631547,0.047729255723369855,0.0009113247936832864,0.0009967596890886703,0.03432654941271949,0.32251016080969425,0.012620594966917652,0.03685759097679103
s08M2322,0.0,2.653855153847751e-06,2.4276895261675248e-05,0.00014860168550220835,0.003036259527186601,0.00040413506069956947,0.004185073951471531,0.004082256966881257,0.0012073646550240923,0.0,0.0,0.0,0.0,0.0003510392820814571,0.000919617747586484,0.0,0.9813101885235559,0.001173958396561111,0.0010475705078513827,0.00026324311414836516,0.0018437598310346289
s09M2322,0.02153214112240146,0.005477514607307738,0.0,0.0,0.0,0.08375028270879997,0.0,0.2728303636105956,0.015024103859714182,0.0025907579089058234,0.0,0.007304912378619564,0.0,0.0,0.003985076081444088,0.0,0.0021711718939028376,0.3914792875070165,0.0,0.0,0.19385438832129226
s10M2322,0.010106505375849624,0.006103517877511258,0.0,0.0,0.0,0.03321520282747448,0.0,0.5305555665583496,0.015388765164251233,0.0020276298980443177,0.0,0.013306427869370509,0.0,0.0,0.0018129873706836603,0.0,0.0,0.2966446135414836,0.0,0.0,0.09083878351698176
s11M2322,0.1996729652627051,0.009527779581525796,0.0,0.0045320257361427235,0.0,0.013857384370836402,0.0,0.37482096581499613,0.016499187163016137,0.0,0.0020597362351711364,0.015587848184761643,0.0,0.0,0.014115733911692229,0.013531208518309103,0.0,0.2545990869326737,0.0,0.00047249340030049625,0.08072358488786943
s12M2322,0.07874061439778958,0.020556917683368155,0.0,0.002214727269009497,0.0,0.02384609055215945,0.0,0.3658285248162339,0.033599755872488035,0.0023878331845384043,0.0,0.04496375459919168,0.0,0.0,0.005626732327413046,0.008132152471374816,9.230887914944528e-05,0.37522047072036024,0.0,0.0,0.03879011722692362
s13M2322,0.05076555165902101,0.01886824171681771,0.0,0.0007272327980769333,0.0,0.02553105813825199,0.0,0.47805828133662787,0.02955372522994142,0.0026842176371666268,0.0,0.04368745443721765,0.0,0.0,0.0041195508230345125,0.0053019562893153495,0.0,0.3185497847591847,0.0,0.0,0.022152945175344146
s14M2322,0.13926715580245042,0.011058119380003338,0.0,0.002093481976304936,0.016614064609828495,0.03825565993835655,0.00599951087982074,0.4045658546806546,0.017493892617901033,0.003446827209001644,4.3022432960576756e-05,0.013243414539912715,0.0,0.0,0.009893732214311028,0.008227435153693721,0.0,0.21579146246271663,0.0,0.00020578927585247184,0.11380057682623111
s15M2322,0.14315936207351637,0.009068799872659157,0.00020650956051736048,0.017054241350660988,0.0012362310034718968,0.04064265636763951,0.007573162899960692,0.41499659679385587,0.015300975927581893,0.006133812426764091,0.0,0.0036009531865421112,0.0,0.0,0.02064910527111913,0.00808698303750771,9.259037207785891e-05,0.13580609199116206,0.006238722821722625,0.0013509413749337345,0.1688022636683069
s01X2322,0.07118388586060788,0.004001232807922582,0.017639460001185773,0.03584428337132539,0.048075603633751636,0.01447446482790736,0.004366720038852103,0.3153072113638299,0.023247816867797585,0.000981902066120247,0.0012024720285903259,0.02937167235559233,0.1492039184402025,0.024812328449215517,0.0634794503581722,0.009433735778760213,0.0021575988529307383,0.0998008679016583,0.055446758545232566,0.011806802434896818,0.018161814015448034
s02T2322,0.00989677329983568,0.0,0.009696102853232894,0.024123427392326178,0.01987655687847124,0.0,0.004584302211455721,0.7659040697839161,0.0,0.0,0.001044084672688086,0.0,0.07215791132521522,0.021376777946932615,0.030442116262041848,0.0002576155848017556,0.0015037899504869929,0.0,0.024385770232787925,0.008426447933286096,0.0063242536725215
s03T2322,0.057521711213660724,0.0,0.0163274085471418,0.05684656161482838,0.3960647213972768,0.0047115463974776554,0.04357913226138936,0.09657442892354048,0.005464745066223849,0.00034222229239047516,0.002444899611246577,0.0013524396323861116,0.04574353820340365,0.04635533301327726,0.04714410243800822,0.01006191061774654,0.002565436069252191,0.02534996968021999,0.10261489095968616,0.013823487678987391,0.02511151438185638
s04T2322,0.04529576287985574,0.0025876891695824334,0.0010240583689455109,0.019160226414094417,0.48479666754562717,0.005824518461041527,0.10795482071769268,0.10437955507109518,0.009518396830744418,0.0012517394803964654,0.0,0.014154756522857147,0.04339500697516618,0.0033276906912815393,0.02114819453208598,0.00615811827132695,0.0007366723678753677,0.051403991130053776,0.07338020352216106,0.002501260693264164,0.002000670354852146
s05T2322,0.041834569553025835,0.0,0.027140258595474438,0.013953181516911125,0.6406948525721295,0.0010678669779170104,0.02496474903894423,0.033669155919143455,0.0008573671058446098,0.0,0.0,0.0002568919119576872,0.013012091380752678,0.054717878985895314,0.018070818437785227,0.0010121832307543404,0.0005481486333382923,0.0,0.12179635644953332,0.005759922103160265,0.0006437075874324909
s06T2322,0.0,0.0,0.01584020740060225,0.0036598739171277896,0.6185718638091283,0.0,0.1259334094860698,0.0014842815349908188,0.0004405146082973115,0.0,0.00011232701731645237,0.0,0.020258236581594917,0.033635431224416174,0.1298595555269228,0.0,0.00021662291102025972,0.0,0.04790292798275052,0.0018886677359789739,0.00019608026378357802
s07T2322,0.047404861176510125,0.0021953750491197034,0.01256435738904839,0.02905764873440477,0.24105357284837992,0.010258606720093346,0.041606898640760906,0.2261276851726272,0.018101656666842575,0.0009086218962007824,0.0015495956131576225,0.020209912842456306,0.1137216518254251,0.022099298562716505,0.048198400819945746,0.008207203330608993,0.001869053130457595,0.07083618346039595,0.05744146457973381,0.01013793079408313,0.01645002074703122
s08T2322,0.00970515920891051,0.0008891048049179637,0.0011830446492559759,0.00780377524036894,0.014915779747665798,0.008285713114746518,0.007470403087629375,0.04845048005632637,0.010067171335961838,0.0,0.0031266224416474247,0.0002669456523117897,0.0001133657245784278,0.004044379262820687,0.009875908461005962,0.002627628657075391,0.8247981346858181,0.01649275781902763,0.009884757051518502,0.0019617419075784502,0.018037127090834375
s09T2322,0.36053600722900114,0.01475687551976999,0.0014059624470207567,0.007155668575264575,0.002292750761333503,0.01761988051480565,0.0,0.16212488108408277,0.006324765104917989,0.0728860110978797,0.0,0.0,0.0,0.0,0.011434066275367352,0.016815923566861145,0.0,0.032004234999974596,0.005296359205713867,0.001079451379918592,0.28826716223808846
s10T2322,0.26503118287215505,0.012747811248994826,0.00044589579474338625,0.003238945443434902,0.0,0.03731733902677112,0.0,0.22542984327969204,0.019476602547430003,0.07519710363724473,0.0,0.0,0.0,0.0,0.010438316018326982,0.01086474680552617,0.0,0.09877201533621754,0.0004583234232639878,0.0005118275592257236,0.24007004700697354
s11T2322,0.43584830969447924,0.010708126339185465,0.0004915566984113163,0.010683613323795292,0.0,0.00686634797187856,0.0,0.15515099359237175,0.005242556644088647,0.03464697324771556,0.0,0.0,0.0,0.0,0.012904631265068503,0.024155990142335153,0.0,0.043473721870136095,0.0,0.001772415914146158,0.25805476329638816
s12T2322,0.49628907336642564,0.013013351359735597,0.000878174735292333,0.012673234488489926,0.0,0.0,0.0,0.12832749706728222,0.0077957414003275,0.058188710204088785,0.0,0.0,0.0,0.0,0.014351096596662064,0.027699360386632503,0.0,0.00976639817504367,0.0,0.0021986633693021436,0.22881869885071768
s13T2322,0.10119006598937448,0.0034854469513402437,0.0,0.0,0.0,2.3287856852298152e-05,0.0,0.6754744595351536,0.013387714248008609,0.043446521401120014,0.0,0.0,0.0,0.0,0.0,0.00026925072201097186,0.0,0.006400476038695592,0.0,0.0,0.15632277725744428
s14T2322,0.07225855698141245,0.006876326746828497,0.0,0.0,0.0,0.0002897284181705544,0.0,0.20291746503955782,0.01785578733117359,0.030207261961507324,0.0,0.0,0.0,0.0,0.5369890598737013,0.0,0.0,0.006426369146746336,0.0,0.0,0.12617944450090207
s15T2322,0.1852379150504929,0.00985484899088032,0.010227855905945858,0.03660758000462288,0.02505170582002891,0.011039372566872771,0.005676584909977671,0.28728304919403685,0.04153046544903025,0.0038614365997923328,0.002820618614919742,0.02748192033146912,0.06241702483462687,0.01983066039887898,0.04802366037105344,0.020314833064557437,0.0016623822418482717,0.09869052079470737,0.03457503379204876,0.010141993920785597,0.057670537143423774
s02M2422,0.028863341328963937,0.0,0.014904768792501048,0.027832846078660725,0.6402685304152601,0.0011060621622330023,0.024886734038366467,0.057029705778650165,0.008621353802721953,0.0,0.0010885071292562468,0.0,0.0,0.03263827061995252,0.031808767185139565,0.005703462194650568,0.001314890447631522,0.0026993418613596625,0.10094487078045561,0.007419882152447026,0.012868665231750016
s03M2422,0.0,0.00020820662115538205,0.010876229491962357,0.0021488395260185586,0.8456041476907756,0.0,0.04336239398550641,0.0068292855488591726,0.00148379053739881,0.0,0.0,0.0,0.0,0.022955154899408758,0.010670553799924803,0.0,0.0,0.0,0.05393953808020333,0.0018368275679257428,8.503225086109909e-05
s04M2422,0.0,0.0,0.014694632690637073,0.037531804114840854,0.7055405545605996,0.0,0.05146549030265813,0.0,0.00038881314897730066,0.0,0.0,0.0,0.012487997078421312,0.029540254616486454,0.04562702637257055,0.0,0.0,0.0,0.10135119043687076,0.001372236677937987,0.0
s05M2422,0.0,0.0,0.049899523906753236,0.025604855833600892,0.41486192183383835,0.0,0.039041079217723276,0.016543006343296175,0.0006399497512544397,0.0,8.962554097095531e-06,0.0,8.454225022340424e-05,0.10237951768828599,0.08342643148549371,0.0,0.0002524632430039835,0.0,0.2594323231555258,0.006728313629092325,0.0010971091078114397
s06M2422,0.004032765667693786,0.0,0.012952571538526424,0.026759866909255615,0.5004121500803747,0.0,0.16225645716598738,0.028475793923403703,0.0053198638346302705,0.0,0.0004636565918046338,0.0,0.0,0.04075258419969451,0.042526088451327014,0.0019201117671671449,0.0005587259020810851,0.0,0.15700503757577383,0.007593329113428941,0.008970997278851063
s07M2422,0.03366975171513316,0.008271887154909624,0.009123066171733692,0.012703472824109047,0.29694662358594803,0.0066424520866753085,0.0830380451729102,0.1529344609509136,0.015132086070480765,0.0008362743751565866,0.0,0.020829905443189415,0.026791690170031107,0.01920138534529467,0.07961892168025964,0.0055664232866363674,0.00047999411970980053,0.06707992968875096,0.15835509871210546,0.002548548165096296,0.0002299832809561716
s08M2422,0.0009305297339011763,0.00048298393233136346,0.0005417753587438223,0.004521199304043432,0.005041060753048651,0.023571705198597193,0.0026582367288247584,0.01397847187332855,0.00954339320645834,0.0,0.0,0.00023713867832957062,0.0,0.0028351960870326575,0.005388591687778069,0.0004981191472997518,0.9128272584576638,0.006604026839428751,0.004596816539536556,0.0013936735142649078,0.004349822959388666
s09M2422,0.0,0.0,0.0,0.0,0.0,0.5769994109073247,0.0,0.0,0.41094970658128976,0.0,0.0,0.0,0.0,0.0,0.0,0.0,0.00011614785597602763,0.008367195991737533,0.0,0.0,0.0035675386636720165
s10M2422,0.001070610585522468,0.0,0.0,0.0,0.0,0.19422102234811653,0.0,0.06058574504537503,0.7129644892436531,0.0,0.0,0.004359763160322376,0.0,0.0,0.0,0.0,0.0,0.015794040862238505,1.9292728583174115e-06,0.0,0.01100239948191373
s11M2422,0.0,0.0,0.0,0.0,0.0,0.08154282927900028,0.0,0.0,0.8834407948347093,0.0,0.0,0.0,0.0,0.0,0.0,0.0,0.0,0.028154658963870018,0.0,0.0,0.0068617169224204294
s12M2422,0.0,0.0,5.897129517360691e-07,0.00046070327790963354,0.0005051048761525579,0.010030113108729819,0.0003893195970128633,0.044343005040316345,0.9005978836184025,0.0,0.0,0.0,0.0,0.0005525837349996405,0.0006516524851093899,0.0,0.00010268767917482826,0.030612549559901395,0.0005173082784938419,0.0002348262782447279,0.011001672752600503
s13M2422,0.0,0.0,0.0001332697268723055,0.00023493023703005653,0.00030495931663063945,0.001197262569401891,0.0003070516442631015,0.012399242192219046,0.9658613373672434,0.0,0.0,0.0,0.0,0.0006268509319887689,0.00047549174831163757,0.0,0.0,0.0,0.0006359611461048167,0.00025645439583545744,0.017567188724098477
s14M2422,0.008599825934734176,0.004785179967518442,2.0989685979752577e-05,0.002196255135883965,0.015871171379529043,0.10323823974111873,0.0002884668331232191,0.3572234910171482,0.3872408240334225,0.0035111451205220995,0.0,0.005301785946058078,0.0,0.0003333840808498291,0.009183794373630105,0.0004999575939429461,2.0000638095341144e-05,0.06599676403904307,0.0007016011242364352,0.0005405603275186711,0.03444656302764531
s15M2422,0.11687581702713774,0.0023291526160122496,0.014482735204271706,0.05449633160700899,0.043712960970057696,0.11467010470078913,0.010140303966541767,0.1515715073843789,0.23436120495146082,0.003855633334024326,0.0008801511835097758,0.006424319261489131,0.02841484204488086,0.031073754491493136,0.04130168430938631,0.023612848509060272,0.0016129040255530482,0.05439383417450416,0.03645110819185637,0.006602071104538366,0.022736730942045296
s01X2422,0.0910111182325499,0.0,0.010183372216882397,0.035631432455168796,0.2096857491639987,0.0034243681634020216,0.06622084296896995,0.044096117825357065,0.014262909136660087,0.000636889115650894,0.00035572521038197057,0.0,0.07231052061903569,0.024688395955825976,0.34661781630625144,0.012634884588996443,0.004698123992245551,0.008676183992349592,0.03414576246277646,0.004827796758142878,0.015891990835354194
s02T2422,0.11524486452332541,0.001572579652855677,0.007772326698100073,0.059933924571342716,0.4555858359233445,0.026143037482885063,0.0,0.06216211698054697,0.014978667982167394,9.980751781935952e-05,0.0016577512455727735,0.0,0.09468335443004092,0.020477788365282253,0.031787235824307244,0.015525309457057756,0.0031375817904371957,0.01612500097710713,0.04201901102459142,0.00772484896028818,0.023368956592928033
s03T2422,0.027319912689709503,0.0011699978318235747,0.00244348359620129,0.009470212170405317,0.46102901610921804,0.041332462231881986,0.2508104959773165,0.05010109604012881,0.0034967831682697764,0.0,7.736755329493018e-05,0.0,0.08594243695592126,0.0012907000708684872,0.028218228143017936,0.0025333341878071014,0.0019328164491563035,0.002132242616507665,0.025419918479181135,0.0015874416187293035,0.0036920541105611004
s04T2422,0.08519479097695978,0.0,0.010242227189168677,0.04675228272230736,0.6135141018608943,0.0348642018657267,0.011234180815449192,0.013625719231201192,0.0071746281627532,0.0002181920083041876,0.0,1.9774358113112116e-05,0.01122186065416083,0.01029150976266712,0.00725084147557943,0.014100571421085801,0.0005466351274756836,0.013295328556299345,0.11878948879037592,0.0,0.001663665021478191
s05T2422,0.007222809871237038,0.0,0.007749671844461227,0.006901682220768838,0.5325795475981075,0.06799304515342672,0.04856173129931912,0.0020735272393625583,0.06690333316201297,0.0,0.0,0.0,0.0,0.018517652434281405,0.0026530135851195245,0.001356026127779697,0.000332314591339343,0.0,0.23674402450876816,0.00030687663848989126,0.00010474372552596968
s06T2422,0.0013159013654139508,0.00021246200870822185,0.010839809924613596,0.005213369913917863,0.693384276711402,0.01530808364935874,0.058241863928419686,0.004720561815652546,0.06718489407744777,0.0,0.0,0.0,0.0,0.02174225907278245,0.0008568271965944434,0.0005304526829722639,1.8963734466768292e-05,0.0,0.11988902189557746,0.0005412520226720344,0.0
s07T2422,0.0,0.0,0.024687243362131572,0.007042885088906705,0.5538147030999908,0.003136862768647152,0.056598351375666676,0.13347140788607598,0.016500733078201484,0.0,0.0,0.0,0.0,0.04600125474816147,0.0024944327712468264,0.0,0.0,0.0,0.1547145866835812,0.00153753913739011,0.0
s08T2422,0.0,5.1737422153579756e-05,0.0,0.0,0.0008196335543976026,0.0007725939706541148,0.0,0.0,0.0009081432115438591,0.0,0.0,3.158585285375137e-05,0.0,0.00010510803639157072,0.0,0.0,0.997076864914385,0.0,0.0002343330376205961,0.0,0.0
s09T2422,0.0,0.0,0.0,0.0,0.0,0.30484654452069787,0.0,0.07440141538874837,0.6183834397580803,0.0,0.00010642012088894547,0.0,0.0,0.0,0.0,0.0,0.00018558492602089804,0.002061428574487245,0.0,0.0,1.5166711076375897e-05
s10T2422,0.0,0.0,0.0,0.0,0.0,0.07356328329147589,0.0,0.0,0.9105970024784724,0.0,2.9457300764611603e-05,0.0,0.0,0.0,0.01092570557743012,0.0,0.0002291295685556561,0.003990985206765187,0.0,0.0,0.0006644365765360959
s11T2422,0.0,0.0,0.0,0.0,0.0004403011518546803,0.06111948396185723,0.0001362476569682192,0.0,0.9383030257444088,0.0,0.0,0.0,0.0,0.0,0.0,0.0,0.0,0.0,0.0,9.414849110078495e-07,0.0
s12T2422,0.001876485531362539,0.0,0.0,0.0005895013080424393,0.0028960594531237584,0.10192573365115806,0.0009710183162081516,0.013880982875258532,0.8669507362894617,0.00014614380573991703,0.0,0.0014131692698797775,0.0,0.0002464105156690077,0.0004958331888744202,0.0002876928723855721,2.049860168557574e-05,0.006482363351217706,0.0003144291022665302,0.0001558530123419936,0.001347088855324351
s13T2422,0.0,0.0,0.0,0.0,0.0009475639328622023,0.0,0.0008718423901466392,0.0,0.9964046763246274,0.0,5.374492906122362e-05,0.0,0.0,0.00015650608676319653,0.0,0.0,3.281969992588849e-05,0.0,0.0002786519459375377,8.67203175902734e-05,0.0011674743730856266
s14T2422,0.038691664799053865,0.004922185351127638,0.0006430515345602569,0.011520063478580395,0.018449161255752935,0.10099986225653843,0.0013235728508221602,0.28292431350604813,0.33857547415159495,0.0032271489932934705,0.0,0.015584206157730159,0.008894854609024847,0.002689761223974861,0.06626900087251103,0.006418201921832485,0.0007663940626931753,0.07824376505750949,0.004206361268056003,0.0015014678169235531,0.014149488832372138
s15T2422,0.053047711003623134,7.695555516866193e-05,0.0027271993781804037,0.018839542418978308,0.019505575170296947,0.050694976094438605,0.0038817531287844553,0.08603692404280311,0.636657139363742,0.0018302478993310306,0.0004264677311991458,0.005719103700682625,0.02090608440666988,0.008051773045381311,0.015559008919157912,0.007258872609991747,0.0011245939191470548,0.0392412478584002,0.008555316091603392,0.0031118428811581123,0.016747664781262293
s02M2522,0.06607574847373607,0.0,0.0029195957915038907,0.023344130374027997,0.6014921535255284,0.012930716904079003,0.0,0.03855009654262782,0.01870952243653512,0.0,0.0015494798059622805,0.0,0.064917303393347,0.013528053729383288,0.015352864567719487,0.006409741475452475,0.0022992270167059266,0.0022121012016843833,0.10831110663340526,0.005141285919014569,0.01625687220928713
s03M2522,0.03425578097004504,0.0019552674654024988,0.004588904587193101,0.015605968360593095,0.3938088830241638,0.01623532183018393,0.19027330840300727,0.026982380286090124,0.013935419617981256,0.0,0.0004762840370914972,0.00010827114513219747,0.0863104335019662,0.012244985181344209,0.13788257880407692,0.0037086651226491234,0.0007604694884486015,0.006650960763150377,0.04237687970567371,0.003247004523533103,0.00859223318227376
s04M2522,0.033317638467209934,0.010719039605556023,0.0,0.0028992208586605638,0.34515235042332243,0.01177527867705238,0.1551412802014504,0.18260972928968344,0.01807279499461715,0.0010435057609728931,0.0,0.030237230686401776,0.008669481745720103,0.0,0.033221890391212074,0.003950231420069572,0.0,0.0916581040325592,0.0715322234455121,0.0,0.0
s05M2522,0.009923117488303148,0.0,0.006418586803678091,0.003066979486267318,0.8532818547730123,0.002218479867353795,0.021497656076474636,0.007459414241703194,0.004707613809393095,0.0,0.0,0.0,0.008156597907893224,0.013180326769297888,0.007008168750325716,0.0007115706501416427,3.995783017653897e-05,0.00017582060045259222,0.06078219600826325,0.0004895478690523857,0.0008821110682111538
s06M2522,0.0424970995213764,0.0,0.005852113154421792,0.012392381152030382,0.5289409238499638,0.004196647155857197,0.14854568338653953,0.02459365517104744,0.048954073956485884,0.0,0.0005925116152148661,0.000893374915594733,0.03801849905497892,0.015218424488367735,0.010316357923206393,0.004269025785583966,0.000696651876735517,0.007696799672371322,0.09048305326113011,0.002859129050977392,0.012983595008116605
s07M2522,0.039143117038589595,0.0,0.003112236769753058,0.011786079811785727,0.1154095413682962,0.0,0.0,0.0,0.3792947262488354,0.0,0.0008371104399757128,0.0,0.19743655536637303,0.00970801938654944,0.013969616756423926,0.004233139232681177,0.0019140848726390623,0.0,0.2016459727129744,0.003875528298455721,0.017634271696667692
s08M2522,0.0,1.290792126979839e-05,0.0,0.0,0.0,0.005073962948966702,0.0,0.0,0.0008808623659740604,0.0,0.0,1.1620998199224084e-05,0.0,0.0,0.0,0.0,0.9940206457655901,0.0,0.0,0.0,0.0
s09M2522,0.0,0.0,0.0,0.0,0.0,0.8421120756056243,0.0,0.0,0.15707654475500765,0.0,0.0,0.0,0.0,0.0,0.0,0.0,0.0008113796393681394,0.0,0.0,0.0,0.0
s10M2522,0.0,0.0,0.0,0.0,0.0,0.23821914457234777,0.004861965022196743,0.38271066168652634,0.36513145734311603,0.0,0.0,0.0,0.0,0.0,0.0,0.0,0.0031810679224908694,0.005895703453322172,0.0,0.0,0.0
s12M2522,0.0,0.0,0.0,0.0,0.00022885204402779607,0.0,0.0011640946213784908,0.2120011375686354,0.7536622654869044,0.0,0.0,0.0,0.0,0.0,0.0,0.0,0.0,0.03294365027905385,0.0,0.0,0.0
s13M2522,0.0,0.0,0.0,0.0,0.0,0.0027250302376755917,0.0,0.5140359063751738,0.4832390633871506,0.0,0.0,0.0,0.0,0.0,0.0,0.0,0.0,0.0,0.0,0.0,0.0
s14M2522,0.0,0.0,0.0,0.0,0.0,0.006404125757145271,0.0,0.9001026523740866,0.09164965633117177,0.0,0.0,0.0,0.0,0.0,0.0018435655375964252,0.0,0.0,0.0,0.0,0.0,0.0
s15M2522,0.007575695457768233,0.0024595847688201637,0.0,0.17067120041866052,0.00709857458383494,0.19945000440309352,0.0,0.1830057717642227,0.3343530012921621,0.0005026229011903338,0.0,0.00841199084421046,0.008168273500442998,0.0,0.0432882519510373,0.0007348538635238705,0.00020355390994330767,0.03141230775210735,0.0001427628175694376,0.0008595777213398144,0.0016619720500729506
s01X2522,0.06546914176314678,0.0,0.0016290827021481545,0.007263688160493281,0.021634815265449157,0.15241586370888646,0.0,0.05905626952305264,0.04606542508096641,0.0,0.0005487455516197635,0.0003411118978616123,0.21480651087184074,0.003989183354670618,0.38951918396709473,0.005261655382262025,0.0031542997994575134,0.006055972714399877,0.0018678247991461801,0.002087747777181925,0.018833477680322237
s02T2522,0.14159740641414204,0.0,0.002566284700533544,0.010623447523540903,0.16461404232096274,0.005833052646616324,0.0,0.10364944898359141,0.02610101355272976,0.0,0.0012009381392766515,0.0,0.4923574208520729,0.0013612116648456238,0.007445047508477105,0.007379749305041652,0.0003004310265037513,0.0,0.0,0.0017035778293912245,0.03326692753227432
s03T2522,0.053544530482732756,0.0,0.0,0.0,0.5213748449298606,0.01613823005579022,0.0,0.01496227867681013,0.012402392097069804,0.0,0.0006762296454941349,0.0,0.050008229646556476,0.0,0.21204583439073058,0.0023220466026698844,4.451734633926249e-05,0.0,0.09665984661346728,0.00024709447737136786,0.019573925035107326
s04T2522,0.0,0.0,0.016138014234388376,0.0008599949007317942,0.41681579433001364,0.002630115963689814,0.017949983261246198,0.3357581788293003,0.010146257646933363,0.0,0.0,0.0,0.014676599217410139,0.029789255004156794,0.0,0.0,0.0,0.0,0.15478463150347796,0.00045117510865174467,0.0
s05T2522,0.01981522917275213,0.0020696803970049723,0.019946689741861815,0.00811839206176222,0.6018933666924602,0.0027477459094839333,0.07481637966273862,0.009090815278743156,0.005968970941890129,0.0,0.0,0.0,0.017249787574726994,0.03782815680710384,0.0022992711946515387,0.0019886069344041946,4.372505800546083e-05,0.001706762535877189,0.18939315348492947,0.0009051328445518977,0.004118133707052137
s06T2522,0.00468243501896037,0.0,0.0,0.0,0.624762835137885,0.002863429580735991,0.0,0.001169510778827085,0.00991836997936073,0.0,0.0,0.0,0.0,0.0,0.0,0.00027416216592889947,0.0,0.0,0.353561827496232,0.0,0.0027674298420698354
s07T2522,0.0537632866693718,0.0,0.0036825544079312766,0.004883799068085198,0.35486297156121605,0.0016292445733329462,0.0,0.006252363942510147,0.06670792245118402,0.0,0.00010720180342040134,0.0,0.021826688760266087,0.007057138501507237,0.002456859472721811,0.006081038592643382,0.00036008722392279533,0.0035035509245964825,0.45653715671169626,0.0,0.01028813533559413
s08T2522,0.0,0.0,0.0,0.0,0.0008521387886447911,0.04354886736365729,0.0,0.007840048533639678,0.031634893358851175,0.0,0.0026045167104733176,0.0,0.0,0.0,0.0,0.0,0.9082454117321404,0.0021134355330988275,0.0007812035362174738,0.0,0.0023794844432770863
s09T2522,0.0,0.0,0.0,0.0,0.0,0.7270106141715743,0.0,0.040664316859843556,0.13471523515736764,0.0,3.882513285581658e-05,0.0,0.0,0.0,0.0,0.0,0.0005994080319952405,0.09697160064636352,0.0,0.0,0.0
s10T2522,0.0,0.0,0.0,0.0,0.0,0.032546960800830194,0.0,0.5873740979426083,0.07854926498179422,0.0,0.0,0.0,0.0,0.0,0.0,0.0,9.685192034156361e-06,0.30151999108273325,0.0,0.0,0.0
s11T2522,0.007637214082739823,0.019517016254215216,0.0025976265125955307,0.0,0.001664264863113486,0.21159877044428407,0.0,0.20741971711535245,0.39484134437958085,0.0003434047449990978,0.0010457491686755374,0.0,0.0,0.0008176620218376495,0.008867324708989908,0.0007214591925382004,0.0012626708431425287,0.12668920468023465,0.0025743735145723596,2.5930354221301163e-05,0.012376267118907448
s12T2522,0.010998651871091633,0.00521057083427111,0.0010886052671016295,0.0,0.0,0.2041952486245645,0.0,0.6347091218295006,0.09801454392172297,0.0,0.0,0.0,0.0,0.0,0.019273901350172463,0.0,0.00031215365977037296,0.023925437977885825,0.0,0.0,0.0022717646639189926
s13T2522,0.0,0.0,0.0,0.0,0.0,0.01463953241554256,0.0,0.8944496117045726,0.016743900652571784,0.0,0.0,0.0,0.0,0.0,0.0,0.0,0.0,0.0741669552273129,0.0,0.0,0.0
s14T2522,0.009342451432757214,0.0,0.0,0.0,0.050725767087128684,0.03575279053547389,0.0,0.8139180306531434,0.004758156934104863,0.0,0.0,0.0,0.0,0.0,0.0655164225487727,0.0,0.0,0.019223095092885698,0.0,0.0,0.0007632857157337638
s15T2522,0.006997519480322934,0.0012978298928086928,0.0,0.8416739815056973,0.0,0.006039559863317415,0.0,0.04304076487526354,0.04055708627449063,0.00033675863060642286,0.0,0.003009737961282078,0.03806250998491504,0.0,0.0,0.0,0.0,0.013593167146995547,0.0,0.0,0.005391084384300264
s02M2622,0.0,0.0,0.01089101229850947,0.0,0.0,0.02237687150486447,0.0,0.3785361608318157,0.030898956336776324,0.0,0.0,0.0,0.5473042012711126,0.0041436974044240585,0.004770929844044622,0.0,0.0006758175461929241,0.0,0.0,0.00040235296225986925,0.0
s03M2622,0.015081094013831193,0.0,0.0010027422949460195,0.0,0.6374267316919913,0.015306515455539998,0.0436531573492083,0.012224796075506413,0.01149436542235227,0.0,0.0,0.0,0.22646211413025003,0.00046555646180282325,0.0020363571592633546,0.0008081323592910399,0.0006266180619711547,0.0,0.030203114204574756,0.000249141045366068,0.0029595642741053066
s04M2622,0.0023340285332604676,0.0,0.0,0.0,0.6075711765407992,0.0368218325061628,0.2846728403122866,0.0,0.006835968393470602,1.2322039349486417e-05,0.0,0.0,0.018131469127615065,0.0,0.0,7.480042389101023e-05,6.489786867030845e-05,0.004230785655482756,0.039249878599011724,0.0,0.0
s05M2622,0.0022433645951883195,0.0,7.392747600078179e-05,0.0,0.5410055666050336,0.015697469202245823,0.20461366898171396,0.0023619894099883893,0.0048961203204593235,0.00021757633445343544,0.0,0.0,0.013060624101433545,0.0012108335379845373,0.0,0.0,0.00018108950398326682,0.0,0.214437769931515,0.0,0.0
s06M2622,0.0,0.0,0.0,0.0,0.1639281274109225,0.0,0.0,0.7434587207715648,0.0,0.0,0.0,0.0,0.06544346709816083,0.0,0.0,0.0,0.0,0.0,0.027169684719351876,0.0,0.0
s07M2622,0.0,0.00012036538309236013,0.0,0.0,0.23074384980657722,0.060817924280180964,0.02422350317469971,0.4595690725217832,0.009209602694408426,0.0,0.0,0.0032229552878207768,0.04384497202097726,0.0,0.014013260723702159,0.0,9.731072386636843e-06,0.007951053528594019,0.14627370950577723,0.0,0.0
s08M2622,0.0,0.0031139282164497377,0.00018863350029712752,0.0,0.007674307057088502,0.013946316394708221,0.0,0.018441595904583878,0.028848172810901438,0.45864410285386037,0.25029540750013385,0.0012205383546909905,0.0028822618992146417,0.0017706379118734579,0.0016041929753470758,0.0,0.19276128243687332,0.012815261383594484,0.004119964657435947,0.0016733961429470914,0.0
s09M2622,0.0,0.0030495505896830817,0.002097202274425182,0.0,0.0,0.10693496734538632,0.0,0.10034520660262368,0.6679919302969469,0.0016703549075311093,0.0009156546973601737,0.0,0.003469091469779479,3.087772274088451e-05,0.005517705303024132,0.0,0.000638685966859296,0.10675461761998467,0.0005841552036551505,0.0,0.0
s10M2622,0.004537297769992952,0.023793628100479948,0.01157992525850492,0.0,0.007507558302491546,0.0694465913915903,0.0008347609570599758,0.1261511157489666,0.6725009656305272,0.0,0.0,0.0,0.0,0.002425629202301355,0.032976575234460674,0.0,2.7934284726986384e-05,0.03796401192229127,0.008854223637236064,0.0,0.0013997825593703042
s11M2622,0.0,0.003996634105671645,0.001380369364554087,0.0,0.0001408770569658018,0.06328931255465246,0.0,0.0046341133333148805,0.9215923736561337,0.00024607033415730635,0.0,0.0,0.0,0.00020517588963161085,0.0039982696278287495,0.0,3.2001319012617864e-05,0.0,0.0004848027580771574,0.0,0.0
s12M2622,0.0,0.0,0.0,0.0,0.0,0.02729746188448724,0.0,0.29508165588247043,0.6776208822330424,0.0,0.0,0.0,0.0,0.0,0.0,0.0,0.0,0.0,0.0,0.0,0.0
s13M2622,0.0,0.0,0.0009589075043802218,0.0,0.0,0.009097143026074101,0.0,0.017114870514993236,0.9696231155401757,0.0,0.0,0.0,0.0,0.0,0.0031399268482755877,0.0,0.0,0.0,6.603656610101401e-05,0.0,0.0
s14M2622,0.0,0.0,0.0008374583394968779,0.0,0.0,0.00319242090239012,0.0,0.45684496938029756,0.5197070622801498,0.0,0.0,0.0,0.004039561672134071,0.0,0.015378527425531509,0.0,0.0,0.0,0.0,0.0,0.0
s15M2622,0.0,0.0007737226148822631,0.0,0.0,0.0,0.010767412379448242,0.0,0.0,0.06993418694760745,0.0,0.0,0.0,0.02404121042656609,0.0,0.8944834676314961,0.0,0.0,0.0,0.0,0.0,0.0
s01X2622,0.0,0.0,0.0,0.014412516200718845,0.0,0.004094753225341504,0.0,0.0,0.010555360489284652,0.0,0.0,0.0,0.16549796201879108,0.0,0.805439408065864,0.0,0.0,0.0,0.0,0.0,0.0
s02T2622,0.005960834855580367,0.0,0.002160935472870245,0.015941646936451115,0.44626648649955014,0.005605566546966557,0.0,0.0,0.008066704259030189,0.0,0.00047450211300633955,0.0,0.43917748065370577,0.013642240753501034,0.028546217757365763,0.0024759236448824067,0.0011227918225946724,0.0,0.016665820122171136,0.00583426798556307,0.0080585805767609
s03T2622,0.0,0.0,0.00022565414905410968,0.0,0.35562058515600486,0.0,0.050413668107167915,0.4913195328384423,0.002308248999230977,0.0,0.0,0.003775673541340803,0.07146378711012215,0.0013883064701803397,0.0,0.0,0.0,0.006301425566635719,0.01685572129153244,0.0003273967702884204,0.0
s04T2622,0.0,0.0,0.003930705314999513,0.0,0.7887851945187113,0.00012900875774153454,0.08775181777739124,0.0035561836464383092,0.0008353728632228462,0.0,0.0,0.0,0.03129653488854595,0.010248297621489407,0.010231317902086721,0.0,0.0,0.0,0.062443058589534556,0.0007925081198385947,0.0
s05T2622,0.0,0.0012621378203259163,0.0,0.0,0.9362689782531186,0.0,0.03876400847621391,0.0,6.026938425149795e-05,0.0010455472695482875,0.0,0.0,0.0,0.0,0.0,0.0,0.0,0.0,0.022599058796541747,0.0,0.0
s06T2622,0.0,0.0010398205889109162,0.007428123896613851,0.001257491396023143,0.8062424936286136,0.015461570789809745,0.035971797620069336,0.009159132838173127,0.00815296197689253,0.0,0.0,0.0,0.010181268528790092,0.016067431441427926,0.0043635001153375895,0.0,0.0,0.0,0.08207120664740965,0.0015641738734930156,0.0010390266584354387
s07T2622,0.0,0.004508473759699158,0.0,0.09107277673815545,0.3917417615696761,0.11639552737481983,0.0,0.1810164263282365,0.04446026889702584,0.0,0.0,0.00070332245215949,0.013722058478046037,0.0,0.12714790713352128,0.0,0.0,0.0,0.0292314772686602,0.0,0.0
s08T2622,0.0,0.0015205904453158042,0.0,0.0,0.022633084623080304,0.017524698522045107,8.948971623664029e-05,0.03425428423941195,0.009519899493811275,0.03247570457704132,0.005645724453555104,0.0007006527671629634,0.006212252950594459,0.0,0.0018329204456520897,0.0,0.8527134446752906,0.0064712695935111465,0.005886163446601754,0.00023337884767594158,0.002286441203013569
s09T2622,0.0,0.012077949251010687,0.0,0.0,0.0,0.14693686206483336,0.0,0.05182034198890558,0.7877830764290402,0.0003654417772705215,0.0003157933806860361,0.0,0.0,0.0,0.0,0.0,0.0007005351082536838,0.0,0.0,0.0,0.0
s10T2622,0.0,0.012428508789641309,0.0,0.0,0.0,0.011448632597768692,0.0,0.0780530853647261,0.8814422823056677,0.0,2.815444282169496e-05,0.0,0.01571165159250927,0.0,0.0,0.0,7.247444869774534e-05,0.0,0.0008152104581676992,0.0,0.0
s11T2622,0.0,0.01586901152245294,0.0,0.0,0.0,0.06611203981941177,0.0,0.021994910035088123,0.895084688545817,0.0,6.984059901466168e-06,0.0,0.0009080662410050834,0.0,0.0,0.0,2.4299776323622705e-05,0.0,0.0,0.0,0.0
s12T2622,0.0,0.01710481735259669,2.9816814984661887e-05,0.0,0.00029854510223528685,0.04790786724690204,1.3033530734804787e-05,0.0,0.9306300177560023,0.0,7.829570508142555e-05,0.0,0.0021334954376845145,0.0,0.0,0.0,5.9007738332021396e-05,0.0,0.0008802108698068793,0.0,0.0008648924456392919
s13T2622,0.0,0.013365713058986454,0.0,0.0,0.0,0.0004471021424676281,0.0,0.004240884786797975,0.9780192147901043,0.0,0.0,0.0,0.003319610698047094,0.0,0.0,0.0,0.00010156634855714995,0.0,0.000252220646885864,0.0,0.0002536875281535335
s14T2622,0.0,0.015194382568748334,0.00010079471467627036,0.0,0.01604139740577907,0.0,0.0,0.006799817588319171,0.9579573560842009,0.0,8.8571380360118e-05,0.0,0.0011387447109754158,0.0,0.0,0.0,7.327859492169916e-05,0.0,0.0013871206890069647,0.0,0.0012185362630120595
s15T2622,0.0,0.015566718270857913,0.0009136670201740899,0.0007533104286009217,0.03197540615468634,0.0,0.0004974793904387266,0.11315039986374492,0.7348903418124394,0.0,0.0007030811824566619,0.0,0.04503943231194371,0.0018594565925756368,0.03791866929238189,0.0,2.6155204415573596e-05,0.0,0.011903212650306798,0.00080194775182244,0.004000722073154895
s02M2722,0.0,0.0,0.0,0.0,0.23705066432056074,0.00046539848731089515,0.017771642864891822,0.0,0.010671999806636885,0.0,0.0,0.0,0.03571643185645362,0.0,0.676619535172578,0.0,0.0,0.0,0.02170432749156806,0.0,0.0
s03M2722,0.009968667542266562,0.006636402243013995,0.00025733836545267346,0.015590908945733247,0.5263141324803458,0.004244015188725468,0.09997111790793158,0.013967163356038825,0.009246968363980954,0.00025068323570298195,0.0,0.0009339468752966057,0.060575438457998954,0.003751245917529097,0.04947884208690966,0.003434178685899858,0.000518548336244928,0.010841682719409456,0.17854051090981457,0.002168836598654786,0.003309371783049865
s04M2722,0.0,0.0034871479035684235,0.03234966848165697,0.024351996487012886,0.5606593645724244,0.0014167570762833386,0.012367959718562988,0.03154917819941291,0.009342413329561457,0.0,0.0,5.5587593987927734e-05,0.07102605964957814,0.07183465808022231,0.01809804827990411,0.00025055329548112225,0.0003441230460061977,0.0,0.15060445627076996,0.007779132254908309,0.0044828957606587345
s05M2722,0.0,0.0007159815850558664,0.0,0.0,0.24122374023571871,0.0,0.03392751771510966,0.0,0.0011927649868481956,0.0,0.0,0.0,0.007957723415022426,0.0,0.04592730978559275,0.0,0.0,0.0,0.6690549622766524,0.0,0.0
s06M2722,0.0,0.0013964642383199376,0.0,0.0,0.6989064717381654,0.0029370056072783386,0.06232500376040876,0.002569492553993003,0.0014333140064313416,0.0,0.0,0.0,0.05286841710565473,0.0010843294774645876,0.03489665864772836,0.0,0.0,0.0,0.14025620780247702,0.001326635062078589,0.0
s07M2722,0.0,0.008500192669768383,0.0,0.0,0.2737343064715224,0.0,0.016812150656814562,0.3265048589622732,0.0007901067183289552,0.0,0.0,0.0,0.218282575237661,0.0,0.0,0.0,0.0,0.0,0.15537580928363154,0.0,0.0
s08M2722,0.0,0.0009131422911286771,0.0,0.0,0.0021687032008356213,0.03512819960068099,0.0,0.0050184869802192555,0.0063447226227130475,0.05359657841172148,0.009502001654461639,0.00024328801348570255,0.0001217572128840986,0.0006616467203897641,0.00041464291428827216,0.0,0.8813995322225621,0.002344505597410608,0.0007343823825957785,0.00015323253431733202,0.001255177640305671
s09M2722,0.0,0.0,0.0,0.0,0.0,0.7362520696210231,0.0,0.0026186210514831426,0.2608252810769397,0.0,0.0,0.0,0.00025479492585158835,0.0,0.0,0.0,4.923332470239138e-05,0.0,0.0,0.0,0.0
s10M2722,0.0,0.0,0.0,0.0,0.0,0.797329783116434,0.0,0.0,0.2011281351788602,0.0,0.0,0.0,0.001050862999324452,0.0,0.0,0.0,2.4528507980805328e-05,0.0,0.000466690197400679,0.0,0.0
s11M2722,0.0,0.002991337445429447,0.0,0.0,0.0,0.5055774589093157,0.0,0.11767903058351271,0.37309755214137014,0.0,0.0,0.00045187823074488247,0.00020274268962721967,0.0,0.0,0.0,0.0,0.0,0.0,0.0,0.0
s12M2722,0.018420644577931983,0.009007281138236489,0.0,0.0,0.0,0.12751323417951557,0.0,0.428948263210428,0.35237180088096703,0.0001402304076206613,0.0,0.015037861400518444,0.0019777597414521834,0.0,0.0,0.000862384994897098,0.0,0.04572053946843235,0.0,0.0,0.0
s13M2722,0.04066991291464508,0.01797663416563691,0.0,0.001970298733390239,0.0,0.12023388877809561,0.0,0.2625332489648556,0.38434065502359355,0.0016821325824182107,0.0,0.03589613351991829,0.013112522777924416,0.0,0.002486192892431373,0.004746035804776309,0.0,0.11407514998659135,0.0002771938557230449,0.0,0.0
s14M2722,0.0,0.0,0.0,0.0,0.0,0.047630648103910996,0.0,0.9249327824387223,0.02677618960593183,0.0,0.0,0.0,0.0006603798514347584,0.0,0.0,0.0,0.0,0.0,0.0,0.0,0.0
s15M2722,0.026826452799134384,0.01018127152993441,0.0003239607730430531,0.006381629939406248,0.14581605526816405,0.14556819131817172,0.0,0.4914587156687395,0.03304627271990868,0.0,0.0001054662785961006,0.0006235529099463332,0.06682817265857413,0.0032458847943374544,0.03439544646796764,0.0022625349298627134,0.0009512499114066534,0.008743040132563332,0.008171492791249828,0.0019125895050695276,0.013158019603924376
s01X2722,0.0032937834327756666,0.0,0.0001572441348495437,0.0002836004813050784,0.0,0.33196122126254635,0.0,0.0,0.021359497519858637,0.0,0.0,0.0,0.2095636195451659,0.0,0.4321932698870849,0.00048238131135930736,0.0007053824250546378,0.0,0.0,0.0,0.0
s02T2722,0.06884629177042097,0.0,0.014710297326228796,0.05327200448227876,0.5627343330097322,0.011942089111175452,0.0,0.0009688043901002207,0.011632685728125177,0.0,0.0,0.0,0.16250616105450225,0.03050314322067552,0.023920312963619152,0.011802462062840713,0.0009466336013371552,0.005128778820032971,0.03045918687313439,0.004826474413802336,0.00580034117199384
s03T2722,0.0032773891406282247,0.0,0.0,0.002911746675991602,0.9589791366351402,0.002260923102778573,0.0,0.004033235862612675,0.003297343503965578,0.0,0.0,0.0,0.007610125886451891,0.0,0.0047414381192045,0.00079634746164356,0.00018020402757182785,0.0,0.00884293471002403,0.0015451369125490755,0.0015240379614383877
s04T2722,0.0,0.0,0.016758237403104618,0.010516097855439681,0.8148555078271172,0.0007967978030227408,0.022864023891177067,0.0066049626620350264,0.0007542554525889669,0.0,0.0,0.0,0.0,0.040388569152785554,0.008035147663010268,0.0,8.565272621946279e-05,0.0,0.07343897548861938,0.004018178337315609,0.0008835937375642402
s05T2722,0.01321570609701885,0.0,0.005106676329726006,0.011553905314945925,0.5846186490081637,0.015408617645926827,0.0,0.006962117270328071,0.0038614048354431336,0.000166588554033655,0.0,0.0,0.00562713989247665,0.014816432258508096,0.007205574038972792,0.0021127596431911315,0.0003108370542320525,0.002386972214982505,0.32232713209771263,0.002495881305032078,0.0018236064393059438
s06T2722,0.0,0.0,0.0009054098608607104,0.0,0.3012963594890209,0.0003879131451221299,0.04340254423961933,0.0,0.0018403384485102064,0.0,0.0,0.0,0.0,0.0005922673022367449,0.0,0.0,0.0,0.0,0.6515751675146301,0.0,0.0
s07T2722,0.0,0.0,0.0,0.0,0.8570105091793729,0.0,0.05647204487757707,0.0,0.0005667228591792982,0.0,0.0,0.0,0.04882401050593303,0.0,0.0,0.0,0.0,0.0,0.03712671257793775,0.0,0.0
s08T2722,0.0,6.0451788308244265e-05,0.0,0.0,0.0,0.0009608702408292303,0.0,0.0,0.00046494099072531006,0.0,0.0,1.2423528755325353e-05,0.0,0.0,0.0,0.0,0.9985013134513818,0.0,0.0,0.0,0.0
s09T2722,0.0,0.0,0.0,0.0,0.0,0.9923450678871899,0.0,0.0,0.007654932112810093,0.0,0.0,0.0,0.0,0.0,0.0,0.0,0.0,0.0,0.0,0.0,0.0
s10T2722,0.0,0.029097804095646176,0.0,0.0,0.0,0.6735548253604418,0.0,0.1829452759273996,0.05886386927994603,0.0004345887796757889,0.0,0.006442740663543941,0.013338920931954872,0.0,0.0005347478330624252,0.0,0.0016025185397048418,0.029960654980095997,0.0,0.0,0.0032240536085285793
s11T2722,0.009940166730842524,0.053305169472795864,0.0,0.0,0.0,0.4940556036827676,0.0,0.2675559767607739,0.06036728161499775,0.0005960110415284061,0.0010981534777648799,0.017354227675260268,0.013445986311417827,0.0,0.002352153621134748,0.002868186672112963,0.0010037646369011847,0.07113382054497712,0.0,0.0,0.0049234977567251285
s12T2722,0.0,0.035064085136791746,0.0,0.0,0.0,0.45056270008742494,0.0,0.4268501645354995,0.017353785685214448,0.0,0.0005799440436024049,0.011477550695408028,0.010200166849774409,0.0,0.0007838690733981473,0.0008636482665395339,0.001140586363599646,0.04512349926274722,0.0,0.0,0.0
s13T2722,0.0,0.019625600747246272,0.0,0.0,0.0,0.37337509647682815,0.0,0.49559706961749134,0.0135626201961802,0.0,0.0008266607986645741,0.00840100708795275,0.049328465336618936,0.0,0.001209404769596814,0.0,0.00015165868286684173,0.03508182785276131,0.0027737040106358577,6.688442315680317e-05,0.0
s14T2722,0.0,0.005751445711883725,0.0,0.003432247446232451,0.13255595841464482,0.34806162659603435,0.0,0.4598639820089337,0.00837842383460007,0.0,0.00010160841684134492,0.0,0.023648833372022515,0.0028411214990166646,0.004666139643575501,0.0,0.00019713879362893568,0.0010861025067349214,0.006127424477440507,0.001675741859604544,0.0016122054188059546
s15T2722,0.0,0.005016308830016585,0.0,0.0,0.027263452824387645,0.09901996248468499,0.0,0.6936283487860134,0.0034487940399549315,0.0,0.0,0.0030863673790001785,0.1558271847467868,0.0,0.0,0.0,0.00043842503723443216,0.003921217634594193,0.008349938237326928,0.0,0.0
s02M2822,0.0,0.0,0.0,0.0,0.11781716681930396,0.0603193587117233,0.019249929869248745,0.0,0.005538075441006253,0.0,0.0,0.0,0.1949013315326486,0.0,0.6021741376260692,0.0,0.0,0.0,0.0,0.0,0.0
s03M2822,0.0,0.0,0.0,0.0,0.41907288950464305,0.01824441445094757,0.0,0.0,0.0,0.0,0.0,0.0,0.03512044229548274,0.0,0.4596363197091043,0.0,0.0,0.0,0.06792593403982225,0.0,0.0
s04M2822,0.0,0.0,0.00244582801540417,0.007038150711141019,0.5497656733428599,0.051463756471506104,0.03553140182830055,0.004362459340822994,0.0016196636251437338,0.0,0.0,0.0,0.01849020165074004,0.012565886348491005,0.2445391093990024,0.0,0.001133373761452259,0.0,0.06251324203592715,0.004898401036540738,0.003632852432667948
s05M2822,0.0,0.0,0.0014299200758721934,0.0,0.2150340354238175,0.0,0.04054112271328178,0.7118161273129392,0.0,0.0,0.0,0.0,0.0,0.0031797791346355607,0.0,0.0,0.0,0.0,0.027999015339453707,0.0,0.0
s06M2822,0.0,0.00012983069705829473,0.02445696267294121,0.0161986019381244,0.35562383021344046,0.049946210628548746,0.09138115601029717,0.02240470957008963,0.0012119489340137184,0.0002646577160835297,0.00013640941406109922,0.0011330636753862672,0.0,0.060712745320199685,0.009748111160172017,0.00040939156446836354,0.0002477421537449747,0.0028251094892451515,0.35793484702965883,0.0038589340787805087,0.0013757377336860305
s07M2822,0.0,0.0,0.0006958315766735759,0.05588601340181527,0.05321293983210425,0.0,0.0,0.8767365970671329,0.0,0.0,0.0,0.0,0.002305589655207974,0.0,0.0,0.0,0.0,0.0,0.011163028467065971,0.0,0.0
s08M2822,0.0,0.0005771239944716689,0.0,0.0,0.0008379533861455303,0.011896423953919528,0.0,0.0008885269713159502,0.0015406830575877383,0.0,0.0,0.00010233430578145596,4.315862643327187e-05,0.0,0.0,0.0,0.9832607938422456,0.0008158644687245321,0.0,0.0,3.713739337465926e-05
s09M2822,0.0,0.0,0.0,0.0,0.0,0.9835223032621792,0.0,0.0,0.016051683568667128,0.0,0.0,0.0,0.0,0.0,0.0,0.0,0.0004260131691537962,0.0,0.0,0.0,0.0
s10M2822,0.003359351133438296,0.016696432190889947,0.0,0.0,0.0,0.6996161903953904,0.0,0.16964702811726157,0.022085582888731473,0.0004632932126255414,0.0,0.00986877637975553,0.044357915095493555,0.0,0.0,0.0001030126450773016,0.0011728697741120258,0.03148092561767709,0.001148622549547277,0.0,0.0
s11M2822,0.0,0.05812166006634003,0.0,0.0,0.0,0.7247324750854335,0.0,0.1638430804881042,0.03312317452647996,0.0,0.0,0.0,0.020090472145224497,0.0,0.0,0.0,8.913768841782059e-05,0.0,0.0,0.0,0.0
s12M2822,0.051041684574604174,0.016533995411288145,0.004955527031221109,0.024320361423843365,0.0,0.23734371040336052,0.0022069023721523326,0.4850561989578875,0.015253573070308021,0.0005381383797594352,0.0,0.00662058844006831,0.0918699263075979,0.004380161414155531,0.004123709063199549,0.007740244495012362,0.00036961137283101063,0.04125370698169477,0.0063919603010159564,0.0,0.0
s13M2822,0.0,0.0057527692766669225,0.0,0.0,0.0,0.02420402305200115,0.0001474278573044959,0.8048362600682706,0.0011758592438224588,0.0,0.0,0.0014290587521916254,0.15768040401536754,0.0,0.0,0.0,0.0,0.0,0.004774197734375261,0.0,0.0
s14M2822,0.052833355129542105,0.02159646368554206,0.0033908218410657336,0.023163080453718538,0.11911705304800214,0.09748079691553009,0.000492017427335121,0.42867268742902576,0.00982588669482124,0.002716751002807061,0.0,0.006576812531285471,0.1487628366031078,0.004976508292926286,0.0076761262828358426,0.010636251403814056,0.0003496887078443619,0.04298892588761614,0.013666356959761882,0.0005178135453163161,0.00455976615810188
s15M2822,0.005401494620581054,0.04173843312663079,0.0012616345556133533,0.0011996431484018325,0.0,0.04804718960056657,0.008416585459853906,0.1217358145499765,0.004655391466026807,0.0,0.00012386053342098644,0.00575335276757667,0.6997897763950933,0.003295645875407352,0.0,0.0017600491822953774,0.00027659261189649537,0.015232797967764946,0.03874890491426311,0.0002762679007886538,0.0022865653238424172
s01X2822,0.0,0.0,0.0,0.0011832494909552061,0.0,0.024632491320091675,0.0,0.0,0.007074212994552526,0.0,0.00019329487964446374,0.0,0.7723042286843671,0.0,0.1886032427138769,0.0,0.001642722569742678,0.0,0.0,0.0,0.004366557346769253
s02T2822,0.04243435692354295,0.0,0.0,0.01991977465486833,0.5598977779376477,0.007792709052369285,0.03679921844420182,0.0032704692666749614,0.020338839714659256,0.0,0.00037905800548075885,0.0,0.25541891094141866,0.0,0.011394598251315299,0.003303572987166289,0.00013813153068316513,0.0,0.022917804028020215,0.0012414273029413597,0.014753350959010156
s03T2822,0.0,0.0,0.0,0.0,0.27380024854663815,0.0,0.008579063346094476,0.0,0.00044845322802565963,0.0,0.0,0.0,0.0,0.0,0.0,0.0,0.0,0.0,0.7171722348792416,0.0,0.0
s04T2822,0.0,0.0,0.0,0.0,0.3651556740880273,0.0,0.026064812478955725,0.0,0.003766702696175537,0.0,8.347078000775736e-06,0.0,0.12460049385002399,0.0,0.00826538825013336,0.0,0.0,0.0,0.47002069328491203,0.0,0.0021178882737712674
s05T2822,0.0,0.0,0.0,0.0,0.6783648560316703,0.002410001535496767,0.09646911684282075,0.0,0.0008891178119224936,0.0,0.0,0.0,0.04392824262297473,0.0,0.03425975973436122,0.0,0.0,0.0,0.1427607543387375,0.0,0.0009181510820162257
s06T2822,0.0,0.0,0.001428015395924563,0.0,0.4269340352516922,1.2427030565141438e-05,0.013459584702985689,0.0,0.0,0.0,0.0,0.0,0.012138986349920783,0.0,0.38380029729289894,0.0,0.0,0.0,0.16222665397601269,0.0,0.0
s07T2822,0.0,0.0,0.0,0.0,0.0,0.0,0.02701005581588841,0.0,0.0036542843861837966,0.0,0.0,0.0,0.26377288689983486,0.0,0.7055627728980928,0.0,0.0,0.0,0.0,0.0,0.0
s08T2822,0.0,0.00039115833559795184,0.0,0.0,0.0004831237508310988,0.0008836400376814502,0.0,0.0,0.0012680951674751404,0.0,0.0,9.013708689990804e-05,0.0007956612311347295,0.0,0.0,0.0,0.9949109760627395,0.0005455899429485002,0.0006316183846916156,0.0,0.0
s09T2822,0.0,0.16319185929427246,0.0,0.0,0.0,0.14948800870536852,0.0,0.25910353015187926,0.353639922350505,0.0021644663966151516,0.0011786598315119594,0.0033602313464078733,0.01746060018771075,0.0,0.0,0.0,0.011912222719340936,0.038500499016388016,0.0,0.0,0.0
s10T2822,0.013065596970391977,0.14625219229849873,0.0,0.0,0.0,0.07153757361597174,0.0,0.5215216197068686,0.08859666976001941,0.0012845302523768762,0.0,0.023780706272836582,0.05854337904152596,0.0,0.0,0.0007417279736489028,0.000751997200659257,0.07392400690720188,0.0,0.0,0.0
s11T2822,0.043321645912442114,0.09196530064594642,0.0,0.001690681740058795,0.0,0.049329938707199976,0.0,0.5332706988943295,0.06266158681763742,0.0014554168883961786,0.0,0.04897809952710489,0.006694475710083429,0.0,0.0018577410139153378,0.005319500801103685,0.0,0.15345491334178216,0.0,0.0,0.0
s12T2822,0.0,0.08816253732352028,0.0,0.0,0.0,0.035702363377374716,0.0,0.8356003655640821,0.029332983886933787,0.0,0.0,0.0005768233565079113,0.010624926491581121,0.0,0.0,0.0,0.0,0.0,0.0,0.0,0.0
s13T2822,0.0,0.08515327381412,0.0,0.0,0.0,0.030640861866701098,0.0,0.8279445491603714,0.04204876944643418,0.0,0.0,0.0025434062377666664,0.006068257386483251,0.0,0.0,0.0,0.0,0.005600882088123306,0.0,0.0,0.0
s14T2822,0.13719601880286117,0.059207145587022496,0.0,0.0,0.015412812926050758,0.03789154669894106,0.0003587913326479193,0.2068026567623087,0.008518023167023162,0.0,0.0,0.009113415956829277,0.43083921159898053,0.0,0.024341098565032197,0.0029508579192865365,0.000767036061781149,0.03184507552862518,0.023463916442327364,0.006291392155329158,0.005001000494953304
s15T2822,0.016169345158307043,0.03179374792661141,0.0006532811459591356,0.0038105530444090124,0.0,0.004471034638599121,0.0,0.5697644047831437,0.012486169067308218,0.0,0.0,0.0047979750519415824,0.33096410763928924,0.00029753963434371285,0.0,0.0017666530669827587,0.0,0.013301831576218634,0.00972335726688641,0.0,0.0
s02M2922,0.0,0.0,0.0,0.0,0.7979124539862056,0.0,0.07053777214270728,0.0,0.004395310727774583,0.0,0.0,0.0,0.1269499457768555,0.0,0.0,0.0,0.000204517366457128,0.0,0.0,0.0,0.0
s03M2922,0.0,0.0,0.0,0.0,0.0012126914619637675,0.013719314144515373,0.0,0.0,0.009010158387740606,0.0,0.0,0.0,0.2542225027029224,0.0,0.7218244373242364,0.0,1.0895978621488282e-05,0.0,0.0,0.0,0.0
s04M2922,0.0,0.0,0.0,0.0,0.2741040058410131,0.0,0.0,0.0,0.0,0.0,0.0,0.0,0.0,0.0,0.0,0.0,0.0,0.0,0.7258959941589869,0.0,0.0
s05M2922,0.0,0.0,0.0,0.0,0.12531875613522528,0.0,0.009756155044134919,0.8328755597333052,0.0,0.0,0.0,0.0,0.0,0.0,0.0,0.0,0.0,0.0,0.03204952908733461,0.0,0.0
s06M2922,0.0,0.0037796896152155575,0.0,0.0,0.638687525193306,0.010258527033426735,0.040257418856938794,0.014076083444844945,0.00010276044665558495,0.0,0.0,0.0,0.11091250148413699,0.0,0.0,0.0,0.0,0.0,0.18192549392547552,0.0,0.0
s07M2922,0.016232810537498178,0.0017390858031798846,0.0,0.0029715211252692698,0.9103679128049527,0.0,0.0,0.0030993784844938386,0.003830061673554634,0.00011128723395838106,0.0,0.0,0.006337428158130303,0.0,0.0,0.0026480076301968825,0.0,0.0009403733472758667,0.05172213320149004,0.0,0.0
s08M2922,0.0,0.0010507859250078726,0.0,0.0,0.0011817691258843076,0.005143052242570002,0.0,0.0033500144132295965,0.005827197492108365,0.14879899611071523,0.026861434971066737,0.00013652288796138476,0.00048453254636197967,0.0008665013318327755,0.0,0.0,0.8029456431680606,0.0032220940202514637,0.0,0.0001314557649495937,0.0
s09M2922,0.0,0.16285024335276574,0.0,0.0,0.0,0.07628330706763696,0.0,0.33263920155904464,0.36357717648551713,0.0017539414846640374,0.0009904078204596948,0.0,0.03645924737618163,0.0,0.0,0.0,0.0011267467032805073,0.023300707255227846,0.0,0.0,0.00101902089522199
s10M2922,0.009598667014008001,0.39655327509922056,0.0,0.0,0.0,0.09858659085109306,0.0,0.41477844546599124,0.02724308230570611,0.0,0.0,0.0,0.04737557495398932,0.0,0.0,0.0,5.947889038401374e-05,0.0,0.0,0.0,0.005804885419607615
s11M2922,0.0,0.28869775943654585,0.0,0.0,0.0,0.06235867519443069,0.0,0.31335766390839553,0.2513293175574887,0.0030669730184375715,0.0020856697121521967,0.0,0.038818928856450705,0.0,0.0,0.0009752408600467978,0.0016164099305204435,0.034111014120402045,0.0,0.0,0.0035823474051294335
s12M2922,0.0007372313545653628,0.28260613925837264,0.0,0.0,0.0,0.048359858515789514,0.0,0.40243887495272107,0.22606335950119988,0.003543821474985865,0.001923152021403752,0.0,0.027178296143895192,0.0,0.0,0.0004913165770137414,0.0008795786309487568,0.0030076548925938467,0.0,0.0,0.0027707166765104526
s13M2922,0.027812589682212265,0.42831574143220996,0.0,0.0,0.0,0.05402673490819044,0.0,0.2879060725579796,0.08660030837106794,0.0,0.000760496123127246,0.0,0.07326253140693499,0.0,0.0,0.001893903802586247,0.00019516005811137215,0.030057667162725583,0.0,0.0,0.0091687944948543
s14M2922,0.03192273665823669,0.19898650933200784,0.0,0.0,0.0,0.010104519559691254,0.0,0.6714853035500289,0.02085703627921147,0.0,8.860376293875207e-05,0.0,0.057908273387552694,0.0,0.0,0.00018298115333849322,0.0,0.0005315562299160149,0.0,0.0,0.007932480087077774
s15M2922,0.0059467082091666495,0.07029821555552555,0.0,0.0,0.0,0.00503627538545305,0.004019554653256419,0.3773159554385424,0.0009614676579490351,0.0,7.69828508665129e-05,0.0022928985032243873,0.5052575970641574,0.0,0.0,0.0,0.0,0.001239292176259514,0.02268789341767338,0.0,0.004867159087925829
s01X2922,0.0,0.0,0.0007156835932797002,0.005681495913414848,0.0,0.0,0.0,0.0,0.012550613366260668,0.0,0.00020870238706277813,0.0,0.9579139117774311,0.0020297124738793576,0.018449083830869663,0.0,4.228583026825369e-05,0.0,0.0,0.0,0.002408510827533521
s02T2922,0.0,0.0,0.0,0.0003910101718231255,0.362059619088634,0.0,0.0,0.4530510595012223,0.0,0.0,0.0,0.0,0.14155411709457366,0.0,0.00488338025846327,0.0,0.0,0.0,0.03806081388528372,0.0,0.0
s03T2922,0.0,0.0,0.0,0.0,0.3399747026078192,0.0,0.03619321684131583,0.0,0.0003548017163472539,0.0,0.0,0.0,0.11116493657920128,0.0,0.2420729557077671,0.0,0.0,0.0,0.2702393865475492,0.0,0.0
s04T2922,0.0,0.001104459033755519,0.0,0.0,0.6501893692683003,0.0,0.021617655055148743,0.0,0.0,0.0,0.0,0.0,0.06326448477346422,0.0,0.0,0.0,0.0,0.0,0.26382403186933123,0.0,0.0
s05T2922,0.0,0.00221084293609658,0.0,0.0,0.15710565244267136,0.0,0.5653300811515835,0.0,0.0009541411583940062,0.0,0.0,0.0,0.08316931609047705,0.0,0.0,0.0,0.0,0.0,0.19122996622077756,0.0,0.0
s06T2922,0.0,0.006181605546623845,0.0,0.0,0.6409085171965807,0.0,0.05853859077869824,0.007969452686248029,0.0006570342953532702,0.0,0.0,9.184428746883863e-05,0.11582717937804508,0.0,0.009713879336586089,0.0,0.0,0.0,0.160111896494396,0.0,0.0
s07T2922,0.0,0.11072148374404468,0.0,0.0,0.03281058370440474,0.0,0.006143113769230741,0.33923665478242376,0.0,0.0,0.0,0.00033353246304134864,0.2500740783365855,0.0,0.2266919143890627,0.0,0.0,0.0,0.03398863881120655,0.0,0.0
s08T2922,0.0,0.003666092022055512,0.0,0.0,0.0009296527584856948,0.0012430522331117954,5.4705924755060124e-05,0.0028230001208957405,0.0010248468813537773,0.0,0.0108025154304713,0.00017814576323591842,0.0003765207192914103,0.0,0.0,7.683912792581126e-05,0.9748457338566614,0.002311132890114327,5.2831508841904514e-05,2.156374195196168e-05,0.0015933670208484608
s09T2922,0.0,0.29653541562121244,0.0,0.0,0.0,0.034269886102789596,0.0003469228521751316,0.4519003031354586,0.038520408426211135,0.010102539312374776,0.0,0.0,0.10901918939091658,0.0,0.0,0.0,0.0007504153647431371,0.05523008374323969,0.0033248360508791024,0.0,0.0
s10T2922,0.0,0.23923253913847298,0.0,0.0,0.0,0.11718985487231169,0.0,0.4129499640893128,0.03231032490576801,0.0,0.001413502514246196,0.000757961130982475,0.1781857353130147,0.0,0.0,0.0,9.979539201375498e-08,0.011238922043245404,0.004411434195759428,0.0,0.002309662001494485
s11T2922,0.0,0.41890260826203557,0.0,0.0,0.0,0.09214554463535558,0.0,0.26831704931932937,0.14773439084640205,0.005774587360579467,0.0,0.0,0.051236942461598725,0.0,0.0,0.0,0.0004747539459599674,0.012625976356541689,0.0,0.0,0.0027881468121976143
s12T2922,0.0,0.4560820428024366,0.0,0.0,0.0,0.025872429920822223,0.0,0.39019639688677993,0.07260826288320443,0.008034832610977632,0.0,0.0,0.03124548756862308,0.0,0.0,0.0,0.0,0.015960547327156068,0.0,0.0,0.0
s13T2922,0.0,0.22311744591134947,0.0,0.0,0.0,0.07700505087758697,0.0,0.6290552286448481,0.033044614103194425,0.002233307935460892,0.0,0.0,0.035544352527560226,0.0,0.0,0.0,0.0,0.0,0.0,0.0,0.0
s14T2922,0.0,0.2804154095086224,0.0,0.0,0.0,0.02410811832133238,0.0,0.4988773038014012,0.005922205511692557,0.0,0.0,0.0,0.09559004407883487,0.0,0.09508691877811654,0.0,0.0,0.0,0.0,0.0,0.0
s15T2922,0.0,0.23347524115660218,0.0,0.0,0.0,0.017976276854775108,0.0009343494970844735,0.11456512550363465,0.00030031359456154515,0.00018949883623879237,0.0,0.003330249880037783,0.4093434805022642,0.0,0.20246613112244216,0.0,0.0,0.004269301094362807,0.013150031957996466,0.0,0.0
s02M3022,0.07339212271601676,0.013705276929409612,0.0028520365148712525,0.03131577245694461,0.1991573684871813,0.002154605066333756,0.03546223115880304,0.014409363307538628,0.004900855404097848,0.0018187438976033788,0.0,0.0,0.574589317644835,0.001354139328602363,0.014175468458756096,0.011001582583479552,0.0011427757551774362,0.013573308778421367,0.0027627248714173483,0.0,0.0022323066405108053
s03M3022,0.0374106620811754,0.0014968474165092144,0.0,0.011221028137387,0.6945443287449775,0.001481495735448005,0.1634092388995943,0.0,0.001171829513103064,0.0010099365240761491,0.0,0.0,0.07360338820421644,0.0,0.000721887869475595,0.004885501162279706,0.0004515019400087902,0.00818438279025744,0.0,0.0,0.0004079709814913351
s04M3022,0.0,0.0,0.0,0.0,0.63181166996925,0.0,0.25199804844327267,0.0,0.0,0.0,0.0,0.0,0.04079803901947132,0.0,0.0,0.0,0.0,0.0,0.0753922425680059,0.0,0.0
s05M3022,0.0,0.006774305603478679,0.0,0.0,0.6337308570599087,0.002269898869847414,0.018994784272275987,0.0,0.000969623907147945,0.0,0.0,0.0,0.03010324177055193,0.0,0.2781998301111018,0.0,0.0,0.0,0.028957458405687433,0.0,0.0
s06M3022,0.03629613487045569,0.22712427126625856,0.0046600738082488435,0.022992917669086406,0.3879295699100168,0.006415269161861973,0.03641239111850589,0.19698235009054324,0.01138742089995746,0.0,0.0,0.0008354585382268718,0.040529715095747355,0.0016790700373774086,0.0012035790292884829,0.0068059089806410565,0.0,0.007297542739393698,0.011448326784390313,0.0,0.0
s07M3022,6.778603160923184e-05,0.00044482133746330586,0.0,0.0033188744763486223,0.7549398806876352,0.0,0.011689173063002599,0.0,0.0012360273623087676,0.0,0.0,0.0,0.22239666655757323,0.0,0.00018915980575600754,0.00023317843141905316,0.0,0.0,0.0054844322468837695,0.0,0.0
s08M3022,0.0,0.004432543404412928,0.0,0.0,0.008426497472927327,0.0019856426462311113,0.0006666490975275645,0.0016617983968084781,0.003888783507549099,0.07474694210835119,0.050962412195905187,0.00020770220667404944,0.0076307511387822624,0.0,0.0,0.0,0.8377277830187129,0.0037834036996156166,0.0,0.00012564708605600648,0.0037534440204463945
s09M3022,0.00034674874592162836,0.16360622799153068,0.0,0.0,0.0,0.7084827743283482,0.0,0.08891361307745962,0.014716780594418551,0.0004923561798153561,0.00017346875939230923,0.004670042762128148,0.006340764826984925,0.0,0.0,0.0,0.0005478225937701764,0.011709400140230496,0.0,0.0,0.0
s10M3022,0.0,0.4398598746264866,0.0,0.0,0.0,0.42005253678385485,0.0,0.06053739347730773,0.020361669014853718,0.0,0.0,0.004291006556415874,0.044015373916982105,0.0,0.0,0.0,4.1882385620065464e-05,0.009532218315218093,0.0013080449232609813,0.0,0.0
s11M3022,0.0,0.6121850053202815,0.0,0.0,0.0,0.03625975483771883,0.0008626785600986917,0.12071984909515455,0.04357073803325688,0.0003179367647454751,0.0002488450714137773,0.008678979002810665,0.1472161241564674,0.0,0.0,0.0,0.0,0.023953710466641527,0.0059863786914107564,0.0,0.0
s12M3022,0.0,0.4459976169804522,0.0,0.0,0.0,0.011333544654504996,0.0008012135774126885,0.44757932229004077,0.0225030319710779,0.0,0.0,0.011062214023074892,0.02808888064347434,0.0,0.0,0.0,0.0,0.03263417585996222,0.0,0.0,0.0
s13M3022,0.0,0.44805327939445566,0.0,0.0,0.0,0.012052853258043405,0.0,0.4745481587817288,0.02347653610924447,0.0,0.0,0.009208695595377554,0.011176458281319515,0.0,0.0,0.0,0.0,0.0214840185798307,0.0,0.0,0.0
s14M3022,0.0,0.33694394173317777,0.0,0.0,0.0,0.002739286478824195,0.0007565206977220245,0.5604084583190284,0.00701487817937118,0.0,0.0,0.00948337140676759,0.055471644623995946,0.0,0.0,0.0,0.0,0.02718189856111296,0.0,0.0,0.0
s15M3022,0.0,0.2347956608085453,0.0,0.0,0.0,0.015155969043187304,0.0013155563166586772,0.08357943207587135,0.0,0.0,0.0,0.0064838270788309515,0.6310058067684305,0.0,0.0,0.0,0.0,0.0036981442502731624,0.023965603658202786,0.0,0.0
s01X3022,0.013138344080815104,0.0,0.004349915469692149,0.013279302468730972,0.0,0.0,0.0,0.0,0.004606219252673844,0.0,0.0,0.0,0.9546982283097502,0.0045033820253942616,0.0011530304583760955,0.0032736368642373812,0.00022618972566370665,0.0,0.0,0.0,0.0007717513446663063
s02T3022,0.0,0.023957425312190278,0.0,0.0,0.5511803242580452,0.0013699171104966674,0.008481810447275195,0.0003490187349739565,0.0024096670560206463,0.0006863742488684108,0.0,0.0025561208809263725,0.12217720383833487,0.0,0.2590888519797199,0.0,0.0,0.027190509804840328,0.0,0.0,0.0005527763283081875
s03T3022,0.0,0.060881309358238815,0.0,0.0,0.6535287599960291,0.0005005911335261552,0.09130999416462746,0.03339279665820498,0.006068603214901431,0.0,0.0,0.00032013179913885966,0.08306865716872225,0.0,0.0,0.0,0.0,0.0,0.07092915650661104,0.0,0.0
s04T3022,0.0,0.0005645714631988188,0.0,0.0,0.4912606135425352,0.006323487919104764,0.07310378090675129,0.0,0.0006091806699262409,0.0,0.0,0.0,0.01519495702073265,0.0,0.0,0.0,0.0,0.0,0.412943408477751,0.0,0.0
s05T3022,0.0,0.0023875183432131384,0.0,0.0,0.8757391232972508,0.003126349184050251,0.06130527345429368,0.0,0.0017017334225596739,0.0,0.0,0.0,0.02729842403569203,0.0,0.0,0.0,0.0,0.0,0.028441578262940484,0.0,0.0
s06T3022,0.0,0.0,0.0,0.0,0.7154711137953103,0.0,0.10804551842608062,0.15901719326396196,0.0,0.0,0.0,0.0,0.0017355513601921163,0.0,0.0,0.0,0.0,0.0,0.015730623154454972,0.0,0.0
s07T3022,0.025409256744022182,0.009115393032435479,0.0,0.014370631070870069,0.6890084010588152,0.016842021800986463,0.06167055088971604,0.0,0.008454126727347334,0.0,0.0,0.0,0.1436044723319063,0.0,0.0017596596283234675,0.005402179524117693,8.074201778389428e-05,0.0,0.023517521201508875,0.0,0.0007650439721669754
s08T3022,0.0,0.003020188604814344,0.0,0.0,0.0,0.0050618295577917706,0.0,0.0018260116736086459,0.005196784520801511,0.07959556695173872,0.07811942909802375,0.00030043192840670333,0.002191146767628797,0.0,0.0,0.0,0.8105810445812961,0.003900161782874287,0.0011485061245268557,9.659603680540906e-05,0.00896230237168317
s09T3022,0.0005813010843124115,0.8359343585607613,9.858188338049363e-05,3.3459994891178534e-05,0.0,0.13904838830708877,0.0,0.004055787573793127,0.003968785835042799,0.011278282210854442,0.0,0.0,0.0,3.303518367722084e-05,0.0,0.0,0.0,0.00345952084355743,0.0,0.0,0.0015084985226408703
s10T3022,0.0,0.22854938056751484,0.00016988414610773952,0.0003228825627886707,0.0,0.7392184957061279,0.0,0.0,0.010188409177189273,0.0,0.0,0.0006521848103764715,0.01989831316519815,7.36114093150803e-05,0.0,0.0,0.0,0.00022900887323866093,0.00069782958214337,0.0,0.0
s11T3022,0.0,0.2702251813096433,0.0,0.0,0.0,0.6557556411956662,0.0,0.056270807567454915,0.009043576977878724,0.0,0.0,0.0012815175228895938,0.0009311937389813188,0.0,0.0,0.0,0.0,0.006492081687485999,0.0,0.0,0.0
s12T3022,0.0039234657739373605,0.499064657581003,0.0004414649894603731,0.0016832802465144014,0.0,0.055697793392425074,0.0013216685594693066,0.3817804736322228,0.0048283416518193475,0.00025921873925365457,0.0,0.004320118675661941,0.027269964488842387,0.0,0.0,0.0007354946710509975,0.0,0.01864020388346415,3.385371487517161e-05,0.0,0.0
s13T3022,0.004858565995470805,0.9601698544756723,0.0006897153430402011,0.0030870919731611273,0.0,0.009555909341939799,0.000897652301211544,0.0,0.00034858895104308894,1.7730038732542027e-05,4.7460568961918455e-05,0.0,0.011652892561490609,0.001502657263917372,0.0006813965514965044,0.0011676422800589652,0.000366440042879262,0.002366290949542759,0.0024721265100498538,0.00011798485133139134,0.0
s14T3022,0.00933037076310156,0.720324233371991,0.0004915161597840465,0.0,0.011600611298853432,0.008867901952975288,0.00045983302729691856,0.021421651970866644,0.0,0.0,0.0,0.003983574359626457,0.0354662911966428,0.0,0.11556048564694095,0.002512137610487644,0.03670222342371825,0.030611509248920882,0.0,0.0,0.002667659968794075
s15T3022,0.01695783763585674,0.3568077108553679,0.002577931634206486,0.009746661675229543,0.25631613178795914,0.0008999764855598743,0.0,0.005498121085589461,0.0,0.0,0.0,0.0,0.33114154750158,0.00417697381233809,0.0019512301941384735,0.003630084141854126,0.00010089756118377127,0.0,0.008959494476045942,0.0,0.0012354011530904257
s02M3122,0.0,0.012263960031591678,0.0,0.0,0.2962918285640707,0.0,0.1854122980237423,0.011935581887714625,0.0,0.0,0.0,0.00018865575189077368,0.27638483387555485,0.0,0.0,0.0,0.0,0.0,0.2175228418654351,0.0,0.0
s03M3122,0.0,0.0,0.0,0.0,0.7886553925412475,0.0,0.09823567089982572,0.0,0.0,0.0,0.0,0.0,0.04343880609568421,0.0,0.0,0.0,0.0,0.0,0.06967013046324252,0.0,0.0
s04M3122,0.0,0.0002614860818444238,0.0,0.0,0.7314100027240208,0.0,0.24480673574554906,0.0,0.0,0.0,0.0,0.0,0.001228851222236972,0.0,0.0,0.0,0.0,0.0,0.022292924226348754,0.0,0.0
s05M3122,0.0,0.0002894741069023622,0.0,0.0,0.4235149330010752,0.0,0.06216342518617115,0.0,0.0,0.0,0.0,0.0,0.026569480242902756,0.0,0.0,0.0,0.0,0.0,0.48746268746294846,0.0,0.0
s06M3122,0.0,0.06485941579233798,0.0,0.0,0.1243758000697178,0.0,0.08547093032090208,0.03786905599110238,0.0,0.0,0.0,0.002369583755681044,0.6562108098841167,0.0,0.0,0.0,0.0,0.0017021828866649622,0.02714222129947682,0.0,0.0
s07M3122,0.0,0.0,0.0,0.0,0.0,0.0,0.0,0.0,0.0,0.0,0.0,0.0,0.3683027786231092,0.0,0.6316972213768907,0.0,0.0,0.0,0.0,0.0,0.0
s08M3122,0.0,0.0035424313239704294,0.0,0.0,0.0014663933415102572,0.0023140710059200878,0.0,0.0006602077293937696,0.00033853278628957935,0.0,0.0,0.00026425912312110286,0.00018472712740083634,0.0,0.025979016784916775,0.0,0.963571391807911,0.00167896896956617,0.0,0.0,0.0
s09M3122,0.0,0.06300529945362458,0.0,0.0,0.0056498303584256405,0.8244443552932592,3.4873563606460225e-05,0.04846575179167852,0.017784554053004744,0.0,0.0,0.0,0.00787723387397485,0.0,0.012535474070797152,0.0,0.003945295241725873,0.013357145985975764,0.0,0.0,0.0029001863139274196
s10M3122,0.020487336773393573,0.45400642079929593,0.0,0.007057878592898556,0.0028442902898574763,0.4080637296348727,0.006154984017780725,0.02139072511463147,0.0,0.0010298780229136726,0.0,0.009033892094522922,0.004807150113025428,0.0,0.0006458138404620603,0.0007840723774672142,0.001186081155849388,0.05291574107602686,0.009592006097002123,0.0,0.0
s11M3122,0.005906530697184765,0.6134203277113826,0.0,0.0020949423216594268,0.002641319320537974,0.2707540897684985,0.03376474465033133,0.007075434804998193,0.0,0.0,0.0,0.002371845962373852,0.0,0.0,0.0,0.0006029952277706093,0.0002696933541032818,0.05974149862018515,0.0,6.16759100346345e-05,0.0012949016509398125
s12M3122,0.0,0.4541994583823051,0.0,0.0,0.005513950420585764,0.30735329739205947,0.0,0.07865944103855674,0.0009799045375379226,0.0,0.0,0.0,0.05947346886543942,0.0,0.0,0.0,0.00010969761107337906,0.08953063116927223,0.002024669556256323,0.0,0.002155481026913827
s13M3122,0.0,0.0075043067067573285,0.0,0.0,0.0,0.10841734686452065,0.0,0.884078346428722,0.0,0.0,0.0,0.0,0.0,0.0,0.0,0.0,0.0,0.0,0.0,0.0,0.0
s14M3122,0.02514521121698474,0.26614899885071946,2.393254086652778e-05,0.0035738705011747387,0.0,0.07902138205115734,0.0,0.0,0.0,0.00023628260106551855,0.0004522912042619086,0.0,0.4876953212048684,0.0008208303852753408,0.10681401744169883,0.003472905650550852,0.0007780985286646483,0.017257304433477394,0.0,0.0004312094952495131,0.008128343893984702
s15M3122,0.0,0.31492601329156505,0.0,0.0,0.0018666559973176493,0.6756578321319604,0.0,0.0,0.007533571772470616,0.0,0.0,0.0,0.0,0.0,0.0,0.0,1.5926806686213552e-05,0.0,0.0,0.0,0.0
s01X3122,0.0,0.0,0.0,0.0,0.0,0.022298720565909987,0.0,0.0,0.0,0.0,0.0019809726672677264,0.0,0.9239514107960699,0.0,0.0517688959707525,0.0,0.0,0.0,0.0,0.0,0.0
s02T3122,0.0,0.0012510298538215563,0.0,0.0,0.0,0.0,0.0,0.0,0.0,0.0,0.0,0.0,0.638521765296835,0.0,0.3602272048493434,0.0,0.0,0.0,0.0,0.0,0.0
s03T3122,0.0,0.000374932100705406,0.0,0.0,0.43822262472383494,0.054691433887323546,0.08828401269371526,0.0,0.0,0.0,0.0,0.0,0.4044004403934747,0.0,0.0,0.0,0.0,0.0,0.014026556200946286,0.0,0.0
s04T3122,0.0,0.0,0.0,0.0,0.8105136571475411,0.003771939147260411,0.04714644447535997,0.0,0.0,0.0,0.0,0.0,0.1385679592298386,0.0,0.0,0.0,0.0,0.0,0.0,0.0,0.0
s05T3122,0.0,0.0007034924615225483,0.0,0.0,0.7426758344125606,0.0,0.19913848575662915,0.0,0.0,0.0,0.0,0.0,0.057482187369287764,0.0,0.0,0.0,0.0,0.0,0.0,0.0,0.0
s06T3122,0.0,0.006507643228681785,0.0,0.0,0.5468673165469394,0.0,0.16914993102620338,0.007008456760261061,0.0,0.0,2.4757915491994706e-05,0.0,0.26726485201091393,0.0,0.0,0.0,0.0,0.0,0.0029516974020237577,0.0,0.00022534510948471088
s07T3122,0.0,0.04150852238396539,0.0,0.0,0.0348392455749006,0.0,0.02442669010262343,0.0,0.0,0.0,0.0,0.0,0.8991008588061556,0.0,0.0,0.0,0.00012468313235498084,0.0,0.0,0.0,0.0
s08T3122,0.0,0.019339500736187062,0.0,0.0,0.004068961514871155,0.015343995024575912,0.0007777830218351752,0.0025783597592732256,0.0010401107290600874,0.002509864462732114,0.00510773160538363,0.0005075702741698423,0.016638980704077783,0.0,0.0,0.0,0.928729002735612,0.0020296355261660804,0.0011693283216521965,0.0,0.0001591755844037884
s09T3122,0.0,0.040639387701576254,0.0,0.0,0.0,0.956136100926516,0.0,0.0,0.003099150029209082,0.0,0.0,0.0,0.0,0.0,0.0,0.0,0.00012536134269868412,0.0,0.0,0.0,0.0
s10T3122,0.0017532591744514592,0.1783714615315152,0.0,0.0,0.0033067710699085416,0.7589268300694225,0.0,0.0,0.028650349211567866,0.0007905127152158327,0.0,0.0,0.0008649904543845825,0.0,0.0,0.0,0.0008302032731623799,0.02461069754465361,0.0,8.730106729187082e-06,0.0018861948489888231
s11T3122,0.007711357732452166,0.6199155659524902,0.0,0.0,0.03953331317564762,0.0896940920179426,0.006262628358669738,0.012103075250480485,0.031227834150019052,0.0032603408595199513,0.0,0.0003498785559680982,0.006533922961712097,0.0,0.00012450477802288792,0.00046095814106076157,0.0,0.17529859073137152,0.0,0.0,0.007523937334642919
s12T3122,0.007942646567255476,0.520609748836247,0.0,0.0,0.0,0.006227739997443854,0.0,0.014075897362780372,0.0,0.010215597712616813,0.0,0.0,0.0,0.0,0.0,0.0,0.0,0.43470974145013025,0.0,8.64254995759698e-06,0.006209985523568571
s13T3122,0.015447292452302981,0.6270553858425957,0.0,0.0,0.0,0.02500637759442317,0.0,0.03520106185802077,0.007032466897964901,0.020339124904715008,0.0,0.0,0.04852211877358584,0.0,0.00011064925072898455,0.0,0.0,0.2046994642161725,0.001595997638120043,0.0,0.01499006057137022
s14T3122,0.0,0.3054206076890252,0.0,0.0,0.016292268627780316,0.030799749138984485,4.2979387478981324e-05,0.5154292441144465,0.0,0.0011623792596085227,0.0,0.0,0.027954180197510222,0.0,0.0,0.0,0.0,0.10289859158516564,0.0,0.0,0.0
s15T3122,0.022256113945326002,0.10806947584991868,0.0,0.00394185224896766,0.0,0.051281068659668555,0.006746410413725424,0.04092691153397536,0.0022266628546632455,0.003456385499872375,0.0,0.0,0.5563004769722812,0.0024086488050254814,0.10682303082021222,0.002659152996354277,3.1650306224425846e-05,0.06925019241588803,0.007926227812359793,0.0015120071990185394,0.014183731666518675
s02M3222,0.0,0.0,0.0,0.814657434278836,0.08031794358606062,0.005607704861584834,0.0,0.0,0.0,0.0,0.0,0.0,0.09941691727351849,0.0,0.0,0.0,0.0,0.0,0.0,0.0,0.0
s03M3222,0.0,0.0,0.0,0.0,0.7197861723387821,0.019796982675980974,0.041665034571269736,0.0,0.0,0.0,0.0,0.0004803359537523666,0.21827147446021497,0.0,0.0,0.0,0.0,0.0,0.0,0.0,0.0
s04M3222,0.0,0.0,0.0,0.0,0.6754493535908189,0.03318335682832313,0.018218749135862865,0.0,0.0,0.0,0.0,0.0,0.19541806020487099,0.0,0.07773048024012416,0.0,0.0,0.0,0.0,0.0,0.0
s05M3222,0.0,0.008234096559560292,0.0,0.0,0.7162765376816558,0.013400023385202638,0.1858730142040525,0.0,0.0,0.0,0.0,0.0011602549812855555,0.0584430407172448,0.0,0.0,0.0,0.0,0.0,0.016613032470998382,0.0,0.0
s06M3222,0.0,0.009950286751846487,0.0,0.0,0.4853180155827921,0.22924755229950414,0.23191410739814675,0.0,0.0,0.0,0.0,0.0,0.037906937917320346,0.0,0.0,0.0,0.0,0.0,0.005663100050390267,0.0,0.0
s07M3222,0.0,0.0006934203407566177,0.0,0.0,0.38372576064680564,0.4548045999186173,0.0144141514095866,0.0,0.0,0.0,0.0,0.0,0.1027609234177527,0.0,0.0,0.0,0.0,0.0,0.04360114426648104,0.0,0.0
s08M3222,0.0,0.008228551683360938,0.0,0.0,0.0055822027992164566,0.017336512298185662,0.002166103667306674,0.0,0.0010537724663052964,0.0,0.0,0.0004951454661751698,0.00017572309830095925,0.0,0.0,0.0,0.963187606524675,0.001350411898199448,0.0,0.0,0.00042397009827413744
s09M3222,0.0,0.026661387302314404,0.0,0.0,0.0,0.9463270007444516,0.0,0.0,0.026695216020285698,0.0,0.00017143059944149194,0.00012503695864963296,0.0,0.0,0.0,0.0,1.9928374857226083e-05,0.0,0.0,0.0,0.0
s10M3222,0.0,0.8656006379173036,0.0,0.0,0.0,0.08013868689147109,0.0,0.0,0.04421213818329008,0.0,7.49810807760507e-05,0.009887064561449534,0.0,0.0,0.0,0.0,8.649136570978308e-05,0.0,0.0,0.0,0.0
s11M3222,0.0,0.9203474673742341,0.0,0.0,0.0,0.009360711333190616,0.0,0.0,0.05521080462258037,0.0,0.0,0.0070966876474893815,0.0,3.140413958723206e-08,0.0,0.0,0.007975823057341203,0.0,0.0,8.474561024973538e-06,0.0
s12M3222,0.0,0.9455580755693344,2.3913256379699964e-05,0.0003862626689825546,2.9471679914231327e-05,0.019910324752367117,0.0,0.0,0.020879970898796084,0.0,8.168959299654085e-05,0.008861055177940114,0.0,3.921838800168508e-05,0.0,0.0,6.516680491087142e-06,0.004171788356341933,0.0,5.1712978454585125e-05,0.0
s13M3222,0.0,0.305744211517066,0.0,0.0,0.003965685540940855,0.6205797825807965,0.000283636202093454,0.0,0.06329929992457484,0.0,0.0,0.0010678752710649262,0.0,6.381273874192304e-05,2.2148260967017807e-05,3.0380180492978382e-05,0.0005004030899894944,0.004139508808033985,0.0,8.301940448459687e-05,0.00022023648075346534
s14M3222,0.0,0.07125184444796348,0.0,0.0,0.0,0.06276674510272205,0.0,0.0,0.0005263473809547653,0.0,0.0,0.0021284848668127986,0.19122484250038227,0.0,0.6468977181490557,0.0,0.000677723312698052,0.02452629423941095,0.0,0.0,0.0
s15M3222,0.0,0.0,0.00023141065699770508,0.0,0.0,0.04502639102646431,0.0,0.0,0.0010244667131733963,0.0,2.7153361760835005e-05,0.0,0.9526632788095709,0.0007776184310924357,0.00024968100094033215,0.0,0.0,0.0,0.0,0.0,0.0
s01X3222,0.0,0.0,0.0,0.0,0.0,0.0005908867033625194,0.0,0.0,0.0,0.0,0.0,0.0,0.9994091132966374,0.0,0.0,0.0,0.0,0.0,0.0,0.0,0.0
s02T3222,0.008382383078518418,0.02606652319679468,0.0,0.0,0.15953676529998773,0.002399616156217328,0.0,0.0,0.00206810443729539,0.0,0.0,0.0,0.7325462754406232,0.0,0.06607248510677048,0.0,0.00015893601523861138,0.0,0.0,0.0011088027312692894,0.0016601085372847776
s03T3222,0.0,0.010778886317740611,0.0,0.0,0.24025376834697587,0.0011641015710820146,0.6715003795036395,0.0,0.0,0.0,0.0,0.00035055908054830415,0.07112369215169972,0.0,0.0,0.0,0.0,0.0,0.0048286130283138684,0.0,0.0
s04T3222,0.0,0.0001119735914335152,0.0,0.004973999340414922,0.7905067208000384,0.0,0.009935688133054864,0.0,0.0,0.0,0.0,0.0,0.1647168353645444,0.0,0.007883718954329488,0.0002032486164368791,0.0,0.0,0.021667815199747698,0.0,0.0
s05T3222,0.0,0.007058428150474563,0.0,0.0,0.906986390700966,0.0,0.029164775853130598,0.0,0.00045282679650941526,0.0,0.0,1.4292320434534202e-05,0.028431194560421976,0.0,0.0,0.0,0.0,0.0,0.027892091618062984,0.0,0.0
s06T3222,0.0,0.009146329236130695,0.0,0.0,0.7872282567493438,0.014337382180906492,0.08785729321479502,0.0,8.320184795441646e-05,0.0,0.0,0.0,0.08763718942949526,0.0,0.0,0.0,0.0,0.0,0.013710347341374279,0.0,0.0
s07T3222,0.0,0.0008234616386505564,0.0,0.0,0.8896402543087115,0.0,0.01886523199398848,0.0,0.0,0.0,0.0,0.0,0.0676884802132497,0.0,0.0,0.0,0.0,0.0,0.022982571845399667,0.0,0.0
s08T3222,0.0,0.0032671042430390115,0.0,0.0,0.0009975181471650319,0.040417303280950924,0.0001550939013024117,0.0,0.0010324399740408862,0.0,0.0,0.0017081792327114553,0.0006316641703494306,0.0,0.0,0.0,0.9503197246715653,0.001309554116641424,0.0,0.0,0.00016141826223394073
s09T3222,0.0,0.22460176709357388,0.0,0.0,0.010846741050730224,0.36073901546242537,0.0,0.0,0.321134759847405,0.0,0.0,0.08054350373050088,0.0,0.0,0.0,0.0,0.002134212815364689,0.0,0.0,0.0,0.0
s10T3222,0.0,0.9458999193777596,0.0,0.0,0.0,0.00047698803931806076,0.0,0.0,0.03642601390245729,0.0,0.0,0.017181971278873134,0.0,0.0,0.0,0.0,1.5107401591815088e-05,0.0,0.0,0.0,0.0
s11T3222,0.0,0.8909508384897222,0.0,0.0,0.0,0.004507702760945814,0.0,0.0,0.08947655175825459,0.0,0.0,0.014827609455839729,0.0,0.0,0.0,0.0,0.0002245604937100988,0.0,0.0,1.2737041527454471e-05,0.0
s12T3222,0.0,0.9315390007950766,3.541386335431233e-05,0.0,0.0006033870434564671,0.0,0.0,0.0,0.0481990692055174,0.0,1.2099689979244218e-05,0.019590960398683136,0.0,0.0,0.0,0.0,0.0,0.0,0.0,2.006900393294365e-05,0.0
s13T3222,0.0020966592075640743,0.9292235153049988,0.0,0.0,0.0,0.0,0.0006550823957020138,0.013452497329115829,0.03663007551083306,0.0,3.252872256671926e-05,0.016889440792667975,0.0,0.0,0.0,0.00020979445836451902,0.0,0.0,0.0,1.5565587923202914e-06,0.0008088497193946394
s14T3222,0.0,0.30122219042083503,0.0,0.0,0.0,0.0,0.0,0.0,0.0,0.0,0.0,0.0,0.4082994290392977,0.0,0.2886610344502212,0.0,0.0,0.001817346089646213,0.0,0.0,0.0
s15T3222,0.0,0.8133982989789901,0.0,0.0,0.0043007211089421,0.0,0.0,0.0,0.014561955678128362,0.0,0.0,0.011505477578186415,0.02209153193268503,0.0,0.1306120992061855,0.0,0.0,0.003529915516882597,0.0,0.0,0.0
s02M3322,0.0,0.006188712319519783,0.0,0.0,0.0,0.0,0.0,0.0,0.0,0.0,0.0,0.0,0.9903735996463967,0.0,0.0,0.0,0.0001785230813394041,0.0,0.0032591649527442396,0.0,0.0
s03M3322,0.0,0.006880123792080622,0.0,0.0,0.6096639725752722,0.01038417605962932,0.0,0.0077752910095554755,0.0,0.0,0.0,0.0,0.3641274458112492,0.0,0.0,0.0,0.0,0.0,0.0011689907522133586,0.0,0.0
s04M3322,0.0,0.028012326380377907,0.0,0.0,0.01931099235342921,0.0,0.0,0.0,0.0,0.0,0.0,0.0,0.6336186760543392,0.0,0.005101348209639151,0.0,5.3957534445449544e-05,0.0,0.3139026994677689,0.0,0.0
s05M3322,0.0,0.005763596554985463,0.0,0.0,0.901481356236364,0.0,0.0,0.008561271546247334,0.0,0.0,0.0,0.0008093251661121947,0.07680665558484935,0.0,0.0,0.0,0.0,0.0,0.006577794911441689,0.0,0.0
s06M3322,0.0,0.005505153647117305,0.0,0.0,0.8412239930788011,0.00299146171832721,0.04229955456807059,0.005931873219266954,0.0,0.0,0.0,0.0005485111169750568,0.07471566666988226,0.0,0.0,0.0,0.0,0.0,0.026783785981559585,0.0,0.0
s07M3322,0.030606140267780486,0.0,1.5876735666505397e-05,0.016262229619468088,0.7619031949508155,0.0011297491739537353,0.07730654642782964,0.0,0.0,0.0,0.0,0.0,0.0925281287017423,0.0,0.0,0.005223059148173585,4.8667532493372604e-05,0.0,0.014976407442076848,0.0,0.0
s08M3322,0.0007086729908514499,0.002379158308355062,0.0,0.0,0.0020191198677318393,0.002748127512700107,0.0004546547560733064,0.0008203258370082813,0.0004564073211320567,0.0,0.0,0.0014479362668980598,0.0032962599040920197,0.0,0.0,5.5880263465608224e-05,0.9828076053687496,0.0016978770592623645,0.0,0.0,0.001107974543680291
s09M3322,0.0,0.465250824197994,0.0,0.0,0.0,0.2369462484809058,0.0,0.0,0.29235229872594337,0.0,0.0,0.004428608284765038,0.0,0.0,0.0,0.0,0.001022020310391837,0.0,0.0,0.0,0.0
s10M3322,0.0,0.08762991359989955,0.0,0.0,0.0,0.8231950927200993,0.0,0.0,0.07461576315432716,0.0,0.0,0.014100718501344556,0.0,0.0,0.0,0.0,0.00045851202432959704,0.0,0.0,0.0,0.0
s11M3322,0.0,0.5358039455952782,0.0,0.0,0.0,0.27249618968715894,0.0,0.0,0.06180178686185518,0.0,0.0,0.1167207239857986,0.0052767563965937,0.0,0.007878514012551378,0.0,2.2083460763960947e-05,0.0,0.0,0.0,0.0
s12M3322,0.00037051709359774333,0.5158518949375749,0.00024811503825239824,0.0002373962324553181,0.0,0.03020223980358899,0.0002701084770522529,0.0,0.16380426473178536,0.0,0.0,0.268674753328369,0.013331891701122955,0.00042690751666147285,0.0,0.0001891513196070234,0.0018076121479310783,0.0038593875209463288,0.0007257601510557049,0.0,0.0
s13M3322,0.0,0.6465653541725257,7.63611862592541e-06,0.0,0.0,0.003744607539828618,0.0,0.0,0.12505642606475822,0.0,0.0,0.2041134834365526,0.019799087198165182,0.0,0.0,0.0,0.0,0.0,0.0007134054695437359,0.0,0.0
s14M3322,0.003696622042947602,0.25489948271528073,0.0,0.0015246337019367683,0.1027873439557407,0.05959409391524282,0.0005653084239951248,0.08074620719534292,0.13136472831339532,0.00018473177303920913,0.0,0.27412953980456767,0.043817536981523166,0.0,0.0,0.0009676025592503216,0.0005695977273127971,0.043778632067750706,0.0007958509447817191,0.0,0.000578087877892408
s15M3322,0.05534517034269676,0.13565881108451786,0.00033983893260846785,0.0,0.0,0.034155640383152316,0.0,0.0023548783873314073,0.2087818780798849,0.0,4.060440637692602e-06,0.25983305513366656,0.2724682134010202,0.0005556732405597588,0.006887670412271224,0.001023885957308093,0.00020202182173221115,0.014485200891742316,0.005260873332082303,0.0017416103001861524,0.0009015178586017062
s01X3322,0.13479057000495712,0.0,0.0,0.0,0.0,0.02988629471986329,0.0,0.0,0.0005736998345506121,0.0,0.0,0.0027500615254792728,0.4674008029671369,0.0,0.35950377972637326,0.0,0.0009753736989572316,0.0,0.0,0.004119417522682228,0.0
s02T3322,0.0,0.0,0.0001244590764080556,0.0,0.0,0.01119515783912941,0.0,0.0,0.0,0.0,0.0,0.0,0.9838884469522968,0.0008976635223194312,0.001216933236568825,0.0,0.00267733937327759,0.0,0.0,0.0,0.0
s03T3322,0.0,0.00972035089907427,0.0,0.0,0.44395025780176545,0.012720923441482117,0.40168084123877545,0.0,0.001047159031659546,0.0005346635082449859,0.0,0.001372018120017225,0.07935550083825373,0.0,0.023570804199490578,0.00027794650950524783,0.0,0.013835596752762662,0.010634689369433997,0.0,0.0012992482895345233
s04T3322,0.0,0.003539891228752528,0.0,0.04427082817986651,0.6731628431850184,0.005141033552997266,0.04863498691311226,0.005483297478860247,0.0,0.0,0.0,0.0,0.17985926475934497,0.0,0.0,0.0,0.0,0.0,0.03990785470204773,0.0,0.0
s05T3322,0.0,0.005697334277253787,0.0,0.012133447859813193,0.5614305922286573,0.0003814257920339722,0.3180829377319803,0.00755881448603213,0.0,0.0,0.0,0.00047081864840408516,0.08202355196324042,0.0,0.0,0.0,0.0,0.0,0.012221077012584838,0.0,0.0
s06T3322,0.0,0.010053888279500434,0.0,0.0,0.505456661289848,0.0,0.06482979530095552,0.01863331457051413,9.46727117907466e-05,0.0,0.0,0.0002746924433407823,0.3841647425946141,0.0,0.0,0.0,0.0,0.0,0.016492232809436267,0.0,0.0
s07T3322,0.0,0.0,0.0,0.0,0.0,0.048138694459115394,0.0,0.0,0.0035008552780482873,0.0,0.0,0.011899714790593128,0.8713370855283874,0.0,0.06419151349674433,0.0,0.0,0.0,0.0,0.0003296105552104018,0.0006025258919009248
s08T3322,0.002737959780878271,0.011142241687703018,0.0,0.00031552548758527786,0.0,0.013931241373766511,0.0014448084272029478,0.03041562885130089,0.010299313396524346,0.03689646453921383,0.02296653545256967,0.10158064220892762,0.0014707899601037753,0.0,0.0005217495818632329,0.00027381783872661343,0.7419246935778876,0.020788484399009318,0.00018039303362049587,7.265969757311232e-05,0.00303705070554312
s09T3322,0.001926022028553842,0.2056043980198974,0.0,0.0,0.0,0.11677634623253767,0.0,0.016244014736004026,0.3349544643801243,0.0,0.00030472404440335966,0.3152558553905267,0.0,0.0,0.001292438505444674,0.0002458883335258958,0.002201648911599804,0.0051762314145199035,0.0,1.7968002862479698e-05,0.0
s10T3322,0.017231538424066058,0.15805980396932717,0.0,0.00031964690623593843,0.0,0.037275699498438675,0.0,0.11191632622386488,0.29120745276666726,0.0005819398289967579,0.0,0.3130017970492081,0.010379138452582768,0.0,0.002187827021498906,0.002453607682333789,0.00011580411848516526,0.05526941805829464,0.0,0.0,0.0
s11T3322,0.0,0.3202229778830646,0.0,0.0,0.0,0.036510719206135044,0.0,0.0040608717734929335,0.4401703699962193,0.0,0.0,0.15379041584456513,0.042584834380337895,0.0,0.0012740054625949208,0.0,0.00016708324818153552,0.00019208728956324347,0.001026634915845566,0.0,0.0
s12T3322,0.019626234501878812,0.20571614526639323,0.0,0.0,0.0,0.02804006651616754,0.0019195213754088847,0.13953438906595841,0.2601394321545899,0.0007803947276879583,0.0,0.16189250733279245,0.10195880652840567,0.0,0.0011317759407954795,0.0026247880229544767,0.0,0.0732575253992885,0.003378413167678501,0.0,0.0
s13T3322,0.21765423342517956,0.0675812744268481,0.0,0.0,0.0,0.09326548037288983,0.008964665789330868,0.08261094328891247,0.05387079106669132,0.0,0.0,0.046771962796356016,0.24468257517983127,0.0,0.15245199770702714,0.0,0.0020314956248895315,0.008922878349875742,0.015035892774474114,0.0061558091976941,0.0
s14T3322,0.05277967622944254,0.04036576265181263,0.0,0.0,0.0,0.2082925542904304,0.0,0.01294576321825822,0.051895769251088616,0.0,0.0,0.045989416054618405,0.1385833720509607,0.0,0.4359890767307912,0.0,9.398275485026584e-05,0.012351371818105679,0.0,0.0007132549496412286,0.0
s15T3322,0.05736418141615851,0.03335298283302098,0.0,0.009043238249664062,0.0,0.04721421436692643,0.0,0.013532076203638185,0.023981348230655876,0.0,0.0,0.05012185044417311,0.4166628444879129,0.0,0.3473958469114337,0.0,0.00024479004853761023,0.0,0.0,0.0010866268078784703,0.0
s02M3422,0.0,0.0,0.0,0.0,0.032782974442321464,0.0,0.28753374897669776,0.0,0.00017736404378496955,0.0,0.0,0.0,0.6790385589061153,0.000170440731382817,0.0002969128996976955,0.0,0.0,0.0,0.0,0.0,0.0
s03M3422,0.0,0.014294348439052067,0.0,0.0,0.5836340495801826,0.000565341841315004,0.27365234128277643,0.0,0.0003166645743246596,0.000947578715539811,0.0,0.0022868109609700807,0.09851713989675903,0.0,0.0,0.0,0.0,0.022638267114960857,0.0,0.0,0.003147457594119378
s04M3422,0.0,0.0,0.0,0.0,0.5860342382100209,0.0,0.39123278728470323,0.0,0.0,0.0,0.0,0.0,0.02273297450527586,0.0,0.0,0.0,0.0,0.0,0.0,0.0,0.0
s05M3422,0.0,0.000688243298136057,0.0,0.0,0.39675094642809794,0.002435761792966433,0.5581984988872236,0.0,0.0,0.0,0.0,0.0003963215155311265,0.023314884598720227,0.0,0.0,0.0,0.0,0.0,0.018215343479324624,0.0,0.0
s06M3422,0.0,0.0024549528348242564,0.0,0.0,0.3625507589785967,0.0,0.5798371044630805,0.0019339404518238805,0.0,0.0,0.0,0.00011541012892408738,0.05310783314275067,0.0,0.0,0.0,0.0,0.0,0.0,0.0,0.0
s07M3422,0.0,0.011489101118350904,0.0,0.0,0.03571170922019584,0.0,0.037703214792504075,0.0,0.001801044512219147,0.0011189805456731986,0.0,0.005937687234736134,0.7153270874509038,0.0,0.0,0.0,0.0,0.022925773479079495,0.16139536023609644,0.0,0.0065900414102410725
s08M3422,0.0,0.0008860403379572388,0.0,0.0,0.4136853217393346,0.0005084689187528188,0.022316103844941444,0.0,0.0008692584157129025,0.04312491816890296,0.03975187184373043,0.005357844308087094,0.011330035930867581,0.0,0.0,0.0,0.4621701364917129,0.0,0.0,0.0,0.0
s09M3422,0.0,0.003623621559887951,0.0,0.0,0.0,0.34124107247591123,0.0,0.0,0.005502409536813662,3.0063496658466385e-05,3.0372974406092034e-05,0.6075454527460041,0.0,0.0,0.0,6.26060804222273e-05,0.0002624079462844499,0.04170199318361187,0.0,0.0,0.0
s10M3422,0.0,0.010563738188990417,0.0,0.0,0.0,0.003391292076644508,0.0,0.0,0.0047088347682601,0.0,3.235398595143109e-06,0.9776708177465699,0.0,0.0,0.0,0.0,1.3468617182604546e-06,0.0036607349592217716,0.0,0.0,0.0
s11M3422,0.0,0.004722452013039719,0.0,0.0,0.0,0.008057498859528249,0.0,0.0,0.0037862774779598733,0.0,6.949211418568117e-05,0.9752938665060991,0.00793581124137653,0.0,0.0,0.0,0.0,0.0,0.0,0.0,0.00013460178781093517
s12M3422,0.014218872123470012,0.01895473687567936,0.0,0.0021632658408230663,0.0,0.12209955646703424,0.0052713249046101515,0.04182962239855169,0.003726274539404485,0.0006764165245247329,2.393653264701277e-06,0.6440809030619015,0.10796864399284684,1.5434090803938826e-05,0.0007380177880786051,0.0016579925098899947,0.0,0.0254623621287084,0.006918333046709755,0.0001941911076821277,0.00402165894601654
s13M3422,0.0005838124001791256,0.026861940732487124,0.0,0.006242252492373119,0.0,0.0740572320017995,0.011210927760871967,0.07119558365218805,0.0029029886173420907,0.0014179710445155213,0.0,0.11396764669937043,0.40002849000804414,0.0,0.23296804523941383,0.0,0.0,0.044189267274258245,0.014128341257177287,0.0,0.0002455008199794564
s14M3422,0.0038356042231752693,0.04261718965466388,0.0,7.654518869409435e-06,0.0,0.05193995192710565,0.01145941723097252,0.094395268306448,0.00451440967484474,0.001375561847120908,6.105858587178751e-05,0.06608768017997907,0.6513321409308297,0.0,0.0,0.0011795553342306734,0.0,0.03782691047004635,0.026722956718767513,0.0,0.0066446403970745836
s15M3422,0.0,0.003704835586279625,0.0,0.0,0.0,0.005742617114238488,0.0,0.0,0.00032703570057742543,0.0,0.0,0.03845997285097385,0.4250552752234259,0.0,0.5267102635245047,0.0,0.0,0.0,0.0,0.0,0.0
s01X3422,0.0,0.0,0.0,0.0,0.0,0.0,0.0,0.0,0.00014875875237269925,0.0,0.0,0.0,0.9970045286771919,0.0,0.0027166485034537903,0.0,0.00013006406698183576,0.0,0.0,0.0,0.0
s02T3422,0.0,0.0,0.0,0.0,0.6819210576356969,0.0,0.0,0.0,0.000421517089432392,0.0,0.0,0.01215502031937,0.30550240495550063,0.0,0.0,0.0,0.0,0.0,0.0,0.0,0.0
s03T3422,0.0,0.004338742056262693,0.0,0.0,0.4230747256334531,0.0,0.34036002124927306,0.0,0.00030366503140551203,0.00010241566620068503,0.0,0.0028590100844492644,0.07432682817156634,0.0,0.0,0.0,0.0,0.004531178802071927,0.15010341330531743,0.0,0.0
s04T3422,0.0,0.0,0.0,0.0,0.8537708717830512,0.0,0.0,0.0,8.7541322179992e-05,0.0,0.0,0.0040889445515421485,0.036140481135089074,0.0,0.0,0.0,0.0,0.0,0.10591216120813753,0.0,0.0
s05T3422,0.00012429273297168256,0.00026955879641945223,0.0,0.0,0.6531025994231842,0.0,0.3291569657285199,0.0,0.0,0.0,0.0,0.0008418781848442459,0.0,0.0,0.0,0.0,0.0,0.0,0.01650470513406052,0.0,0.0
s06T3422,0.0,0.0008521533432504296,0.0,0.0,0.5490037823361086,0.0009968668080420277,0.3715260232250177,0.0,0.0005615776915482239,3.9987815186940596e-05,0.0,0.031194708101394807,0.0343518429804837,0.0,0.0,0.0,0.0,0.0,0.011473057698967436,0.0,0.0
s07T3422,0.14577741689934703,0.00302900884432924,0.0,0.0,0.0,0.010560551295385604,0.011563987852555503,0.05701386390972048,0.0009670993786199263,0.0,0.0,0.4995113040895983,0.21564392060062304,0.0,0.029109206479002187,0.002727966968330986,0.0006973802044075847,0.0,0.01576551603913676,0.007632777438943293,0.0
s08T3422,0.0,0.0039913919307621015,0.0,0.0,0.0018558809883548633,0.0033718107774864136,0.0,0.00195701160774527,0.003959106742476446,0.04439408646753724,0.10959137087153814,0.023987043031811543,0.00429908418883089,0.00010624851548752683,0.001347374075711335,0.0,0.7959249322215659,0.0045527001780399185,0.0003154625505928001,0.00020134839711754277,0.00014514745494199536
s09T3422,0.0,0.0,0.0,0.0,0.0,0.0,0.0,0.0,0.0,0.0,4.8302431072131806e-05,0.991284862298764,0.0,0.0,0.0,0.0,7.2274493989404356e-06,0.008659607820764933,0.0,0.0,0.0
s10T3422,0.0,0.0,0.0,0.0,0.0,0.0,0.0,0.0,0.0,0.0,0.0,1.0,0.0,0.0,0.0,0.0,0.0,0.0,0.0,0.0,0.0
s11T3422,0.0,0.0,0.0,0.0,0.0,0.0,0.0,0.0,0.0,0.0,0.0,1.0,0.0,0.0,0.0,0.0,0.0,0.0,0.0,0.0,0.0
s12T3422,0.0,0.0007456824370152735,0.0,0.0,0.0,0.0,0.0,0.021483931985440262,8.050231788061081e-06,0.0,9.279091102641995e-05,0.9650190196147768,0.012376297712001978,0.0,0.0,0.0,0.00027422710795113955,0.0,0.0,0.0,0.0
s13T3422,0.0,0.0,0.0,0.0,0.0,0.0,0.0,0.0,0.0,0.0,4.891754189283814e-05,0.9999280719037247,0.0,0.0,0.0,0.0,2.3010554382460902e-05,0.0,0.0,0.0,0.0
s14T3422,0.0,0.00615052406953276,0.0,0.0,0.02165392097719232,0.0008491638415697661,0.0,0.019759138077677617,0.0020877265933806973,0.0,0.0,0.9206052848293734,0.027583450716844895,0.0,6.849415417907048e-05,0.0,0.0,0.0,0.00048450143027823446,0.0,0.0007577953099713008
s15T3422,0.002448821014787989,0.0047698134662684626,0.0001815658309402847,0.00036642161032947074,0.0,0.023179105083390515,0.001598296899339566,0.0,0.0,0.0,6.0429885581829155e-05,0.8873156560659048,0.04812313547483299,0.0003712598466642894,0.0002862421365897014,0.00024151462804166584,0.00011825337299450507,0.02570117218216889,0.003411910667268823,8.358299130697393e-05,0.0017428188435891529
s02M3522,0.0,0.0006583596121303029,0.0,0.0,0.23836591695055936,0.0,0.738908105521196,0.0,0.0,0.0,0.0,0.0006916971696700264,0.007616746024204417,0.0,0.013759174722240005,0.0,0.0,0.0,0.0,0.0,0.0
s03M3522,0.0,0.001971003888439499,0.0,0.0,0.5780464229908502,0.00012666853145802584,0.34963649257555685,0.0,0.001057775778259286,0.00035213719187266373,0.0,0.0035897266701287634,0.04963035773497237,0.0,0.0,0.0,0.0,0.002954179171485375,0.01263523546697693,0.0,0.0
s04M3522,0.0,0.019612799590917628,0.0,0.0,0.7873237963900813,0.010112672189843538,0.10918650209371818,0.007894684318190763,0.003216907494175247,0.0008936367847257907,0.0,0.0030055813884428944,0.020155315372619515,0.0,0.0,0.0,0.0,0.025210573773299993,0.01114997928978953,0.0,0.0022375513141955983
s05M3522,0.0,0.0017430328567655973,0.0,0.0,0.5764070349902216,0.0,0.3394724336166307,0.0,0.0004266368432484083,0.0,0.0,0.0013940573962696109,0.033468558275625726,0.0,0.0,0.0,0.0,0.0,0.04708824602123836,0.0,0.0
s06M3522,0.0,0.0,0.0,0.0,0.6439982432083959,0.0,0.2797542784101059,0.0,0.0,0.0,0.0,0.0003004667652965762,0.05035144762719766,0.0,0.0,0.0,0.0,0.0,0.02559556398900387,0.0,0.0
s07M3522,0.009160940697663872,0.007718056828583782,0.0,0.009413539999081276,0.6153432588277082,0.0026613804027948514,0.15640200397542015,0.002972601584229793,0.0004913796196190709,0.0004428425322176875,0.0,0.004043787956287556,0.1369687991607453,0.0,0.0,0.002116612811679632,6.036798482496136e-05,0.02070554326514528,0.0314988843539985,0.0,0.0
s08M3522,0.0,0.003209211687447183,0.0,0.0,0.004162047943239799,0.0022099895400515333,0.00362817424995879,0.000553017044915948,0.0009097817093337919,0.0,0.0035542059799733485,0.004616095096815691,0.0034400855764487484,0.0,0.0005403525025901203,0.0,0.9686529942411308,0.004402796002906726,0.0,0.0,0.0001212484251873227
s09M3522,0.0,0.0,0.0,0.0,0.0,0.0,0.0,0.0,0.0,0.0,3.0991255883251635e-05,0.9999690087441168,0.0,0.0,0.0,0.0,0.0,0.0,0.0,0.0,0.0
s10M3522,0.028222665881598958,0.010676518348905673,0.0,0.002530466816169092,0.0,0.007201441069733192,0.0,0.14237008057434092,0.012364580245234158,0.001316274834521653,0.0,0.7152422041392028,0.0,0.0,0.0018199976907284521,0.0032741511239173134,0.0,0.07498161927564774,0.0,0.0,0.0
s11M3522,0.023914028504155693,0.008279582098868974,0.0,0.0015976998708274804,0.0,0.006418982876973709,0.0,0.13642535129569283,0.011965218952252303,0.001017964056981495,0.0,0.741250712863594,0.0,0.0,0.0013505672528185066,0.0029154258130924516,9.37357261192563e-05,0.06477073068862337,0.0,0.0,0.0
s12M3522,0.03851166181040945,0.014543126926153897,0.0,0.004372292388296136,0.0,0.009591187070217232,0.0017069138146990042,0.19377197737267934,0.016083264742612274,0.0017358534486599088,0.0,0.5795803546747271,0.0242139949735832,0.0,0.003209496435498445,0.005098081639045238,0.0,0.10724702878733539,0.00033476591608347367,0.0,0.0
s13M3522,0.009691259277546624,0.0009541468802193583,0.0,0.0016521594253663034,0.0,0.0012893437251118313,0.0013729162225770662,0.029415286158469233,0.0034311165054270116,0.0004462208179829894,6.080467180205474e-05,0.8250701081270699,0.09302510400597673,0.0,0.001996301875131867,0.00255221696839325,0.00034354661656255407,0.026525469631389794,0.0014512992316160216,0.0,0.0007226998593574258
s14M3522,0.04054954947453657,0.0,0.0,0.014680044867615679,0.032808035216137336,0.006969128411534917,0.010715976553145528,0.03978907775622959,0.005227132314354289,0.019626826618286908,0.0,0.48998959345540327,0.2886250254676196,9.940998656403638e-05,0.007849554100635025,0.0046570082784824895,0.0,0.031061451826684152,0.0,0.0,0.007352185672770554
s15M3522,0.0012660831452690892,0.00513770067146596,0.0,0.026459688174276803,0.0,0.0011251930374556003,0.0058037109559032655,0.0,0.0032574070514390704,0.00021733335189024587,0.0,0.10953938471045269,0.6431893366334086,0.0,0.12720661101349773,0.0019770161813926416,0.00036228536526480777,0.06470274589932692,0.009755503808956635,0.0,0.0
s01X3522,0.0001268610648932583,0.0,0.0009205046873461474,0.014305929994738809,0.0,0.0,0.02036173907615075,0.0,0.006535103161869608,0.0,0.0002548649610692252,0.0755010018958554,0.8692381317629008,0.0009120073048504398,0.003603801354967092,0.0036292884359048075,0.0007109322410611558,0.0,0.0038998340583925608,0.0,0.0
s02T3522,0.0,0.0,0.0,0.0,0.27194306134012974,0.0,0.0,0.0,0.006401832579805962,1.2899560728491503e-05,0.0005908401704982723,0.029163624152712946,0.6828516343796808,0.0,0.003009339830792235,0.005159286534979583,0.0,0.0,0.0,0.0,0.000867481450671932
s03T3522,0.002005742957365585,0.0,0.0007213660820170292,6.836992871300855e-05,0.5286931334913657,0.008766309070658077,0.014835237292418382,0.0,0.004229472737298694,0.0013724589189455334,2.668248372967787e-05,0.04608877993552256,0.32098840740990137,0.0025082602882571512,0.00300535180730257,0.005340332033495895,9.667389922835898e-05,0.011909274149609562,0.045312805293809766,0.0,0.004031342220360997
s04T3522,0.0,0.0,0.0,0.0,0.5032792577403502,0.0,0.11333159851452583,0.0,0.003603157362559842,0.0005056731416256147,9.127960397153513e-05,0.023720347369867986,0.31080863030303224,0.0,0.0005422949034085388,0.003254547669493071,0.0006391187657067214,0.0,0.039556661557249906,0.0,0.0006674330682086369
s05T3522,0.0,0.0036726565315104115,0.0,0.0,0.7125971778291506,0.0,0.20005913304949963,2.990494077607282e-05,3.3927520648395906e-05,0.0,0.0,0.0028460303509617794,0.019007040981968797,0.0,0.0,0.0,0.0,0.002152108300412662,0.05960202049507192,0.0,0.0
s06T3522,0.0,0.0009769814334250277,0.0,0.0,0.5770106792615738,0.0,0.3886558592706145,0.0,5.870720453775893e-05,0.0,0.00338570990389465,0.0023075069875159717,0.0,0.0,0.0,0.0,0.004785745941217592,0.0022708703443606575,0.020547939652859858,0.0,0.0
s07T3522,0.0,0.0,0.0,0.0,0.0,0.0,0.0,0.0,0.0015971240184562095,0.0,0.0015486372201618786,0.5606747948383016,0.4233258592693716,0.00025105426571094084,4.603617983822875e-05,0.0,0.0002687360496905287,0.011936530351227654,0.0,0.0,0.0003512278072413815
s08T3522,0.0,0.0005933070706043088,0.0,0.0,0.0,0.00042595239651543496,0.0,0.0,0.00027063248391478507,0.030119816549080733,0.014131859051151267,0.03252966875097797,0.00015565872086147965,0.0,0.0,0.0,0.9166473441619001,0.005125760814994011,0.0,0.0,0.0
s09T3522,0.0,0.0,0.0,0.0,0.0,0.0,0.0,0.0,0.0,0.0,0.0,0.7087086704487457,0.0,0.0,0.0,0.0,6.872877782793802e-06,0.2912844566734714,0.0,0.0,0.0
s10T3522,0.0,0.0,0.0,0.0,0.0,0.0,0.0,0.0,0.0,0.0,6.778559897363868e-05,0.9999322144010263,0.0,0.0,0.0,0.0,0.0,0.0,0.0,0.0,0.0
s11T3522,0.0,0.0,0.0,0.0,0.0,0.0,0.0,0.0,0.0,0.0,0.0,0.9869372951597609,0.0,0.0,0.0,0.0,0.0,0.013062704840239104,0.0,0.0,0.0
s12T3522,0.0105068387145592,0.0,0.0,0.004171292151189796,0.0019093790539084642,0.003674849946637885,0.002557941019076813,0.0,0.0,0.0007917881920891887,0.0,0.9581299052430406,0.0,0.0,0.0,0.0,3.967891404863117e-05,0.017781162785601115,0.0004371639798481486,0.0,0.0
s13T3522,0.0,0.0016121912022181027,0.0,0.0,0.0,5.5039376139622466e-05,0.0,0.030428979256089343,0.0031217439222132053,0.0,0.0,0.9632320505306984,0.0,0.0,7.149131158281093e-05,0.0003580798121923078,0.0,0.0011204245888663596,0.0,0.0,0.0
s14T3522,0.039389292143189134,0.012374001968887868,0.0,0.012123984108911917,0.017481443157510893,0.007623736245912348,0.0075211517255778255,0.012622259782395725,0.0007306645442986096,0.003807211715254147,0.0,0.7583416883815662,0.011915607727534349,0.0,0.0012202739699931967,0.00430059414649198,0.0,0.10279908288112548,0.0033811420947059204,0.0,0.004367865406644456
s15T3522,0.05391536078656532,0.0,0.0005019963455896592,0.02582233214206042,0.0,0.006520364285639529,0.011889354902949477,0.0,0.0008437752993393438,0.002332858073953661,0.0,0.5956925751395168,0.18917891488268934,0.0007383230211713098,0.005008931081032516,0.004341860972446177,0.00014189136646446544,0.09479352915444574,0.006587337100899818,0.0005768401350275512,0.0011137553102089366
s02M3622,0.023215864510024,0.0,0.0,0.0,0.1094449607638565,0.0007875978113325696,0.6996193464612551,0.0,0.0008373967337464636,0.0,0.0,0.04115668602523794,0.08305579065212704,0.0,0.000884388212557819,0.0,0.0006040062947751475,0.006096410990827903,0.033833327120196426,0.0004642244240629359,0.0
s03M3622,0.014732537444245747,0.0,0.0,0.002473897595340475,0.24102414380501128,0.0,0.5689865980288038,0.0,0.0002747572840421601,0.0,0.0,0.025586739856236895,0.07165538793376638,0.0,0.0,0.0,0.00012915851123889512,0.008360753716877521,0.06677602582443677,0.0,0.0
s04M3622,0.0,0.0,0.0,0.0,0.06252246667628647,0.0,0.22933111513823023,0.0,0.0,0.0,0.0,0.011378972785455112,0.006010807711040034,0.0,0.0,0.0,0.0,0.0,0.6907566376889882,0.0,0.0
s05M3622,0.0076518284574448835,0.0,0.0,0.0,0.5805322613467915,0.0010800330474889678,0.056634574639142926,0.0,0.0011062811058987843,0.0005751778581205852,0.0,0.05852922877724046,0.03683997789284908,0.0,0.0,0.00033060054250055583,0.0008335772201980531,0.00297799538920876,0.2529084637231154,0.0,0.0
s06M3622,0.0,0.00011725456528998183,0.0,0.0,0.3049808367459638,0.0,0.658857544447551,0.0,0.0002006954694506159,0.0,0.0,0.012170780011689785,0.006026074488731118,0.0,0.0,0.0,0.0,0.00162965636859666,0.01601715790272693,0.0,0.0
s07M3622,0.04595050371500917,0.004883801588883265,0.0,0.14599254434923414,0.0,0.012077144192170305,0.07187398322267208,0.0,0.002083979975901914,0.0013867026334209065,0.0,0.35054995264348543,0.12255213618637345,0.0,0.0,0.004185029559687327,0.00023843875983163226,0.19206099276802927,0.045909215651718606,0.0,0.0002555747535825739
s08M3622,0.0,0.000966112792439739,4.432813950894501e-05,0.0,0.002020367486117154,0.0011601040322268023,0.0030395110306465204,0.005757164745915405,0.0026074059476105882,0.5735702812141105,0.15331687778459496,0.00442393247841187,0.00019453699090640167,0.000248294858611487,0.0,0.0,0.23780313962269606,0.013389788029635934,0.0013455146035743872,0.00011264024299348705,0.0
s09M3622,0.002423175438851646,0.0,0.0,0.001209918109708468,0.0006911121887163217,0.0009757581631694906,0.0012724262204727758,0.0,0.0,0.0015023426587509213,2.0585425275118696e-05,0.7738837065401255,0.0,5.927930995212786e-05,0.0,0.0,0.0002155663531237735,0.21771193089002988,2.2987776284368616e-06,3.189992419548143e-05,0.0
s10M3622,0.008150069354005243,0.0,0.0,0.0026421054773699084,0.0012524967149929768,0.0019801735765024113,0.001667718344557303,0.0,0.0,0.0004246374983355931,0.0,0.8723019805315267,0.0,0.0003043086643542232,0.0,0.0,5.12997210631225e-05,0.11097349945913902,0.00019975671451247576,5.1953943640996284e-05,0.0
s11M3622,0.020782088726059366,0.0,0.0,0.006861325521100069,0.0031218217848462985,0.006050477904552886,0.0041477330086895125,0.0,0.0,0.0013983154670660016,0.0,0.8628904517498879,0.0,0.00011230577076946914,0.0,0.0,0.0,0.0937409895713957,0.0008944904956329091,0.0,0.0
s12M3622,0.024533718562897478,0.005220633047655068,0.0,0.006741358674351522,0.004723028764595667,0.007759475536245413,0.004630684036213215,0.019768058354132215,0.001264101021437727,0.0017081791727259301,0.0,0.8706629674048892,0.011226697826898968,0.0,0.0,0.0007828771906884365,0.0,0.0392247590679899,0.0017534613392792327,0.0,0.0
s13M3622,0.00713503364263637,0.000782618440266363,0.0005268975248545272,0.002198847239585336,0.017407459543482745,0.00339863014030286,0.00510175791660425,0.0010696659694602207,2.061400135556842e-05,0.00040933642235794733,0.0,0.859672126094599,0.0,0.0,0.0,0.0,0.0,0.10117911309343203,0.0010978999710626216,0.0,0.0
s14M3622,0.012990181588988839,0.010663949830689766,0.0,0.0029005160268914887,0.04154880338550642,0.003609795079204418,0.0004560690053233657,0.026730143569202416,0.00241488659632145,0.0012141352707848371,0.0,0.841872909410379,0.0,0.0,0.00026772123906016875,0.001467177624834675,0.0,0.052218772553664555,7.273364483841407e-05,0.0,0.0015722051743103222
s15M3622,0.011373853483717224,0.0,0.0,0.0007746275322811876,0.0014646222724484291,0.0,0.0028361971478142577,0.0,0.0,0.0,0.0,0.9640017562486577,0.003079546184220488,0.0,0.002153471436405917,0.0,7.72434864721548e-05,0.011305371692609745,0.0023146717930811584,0.0006186387222915802,0.0
s01X3622,0.1249449166581906,0.0,0.0,0.004946910358188165,0.0,0.0009365172944406512,0.1279689627025647,0.0003760152709822493,0.005740306101150036,0.0,0.0,0.3501210800681913,0.2490652867048671,0.0,0.016389491982763443,0.004060042963150948,0.0021366808818309205,0.010249249016735323,0.09896763497685628,0.004096905020088228,0.0
s02T3622,0.0,0.0,0.0,0.0,0.0,0.0,0.9007861259457629,0.0,8.345774739624754e-05,0.0,0.0,0.003575304077682643,0.010131447401388652,0.0,0.0,0.0,0.0,4.176837235066042e-05,0.08538189645541874,0.0,0.0
s03T3622,0.022794869019833252,0.0,0.0,0.0311953462402714,0.1233043470466708,0.003126916869874524,0.5528663335478228,0.0,0.001186624487184416,0.0005034410240642689,0.0,0.030112592191192455,0.0993789638001365,0.0,0.0,0.0018618259608319913,0.00014027080054235724,0.049683268465158525,0.0838452005464167,0.0,0.0
s04T3622,0.0,0.0,0.0,0.0,0.028317440717059952,0.0,0.9424198018756447,0.0,0.000386094839090358,0.0,0.0,0.0036789105690374036,0.005250413872336718,0.0,0.0,0.0,0.0,0.0,0.019947338126830746,0.0,0.0
s05T3622,0.0,0.0,0.0,0.0,0.9521022374962446,0.0,0.01376304410714691,0.0,0.0,0.0,0.0,0.00012791328581982794,0.0,0.0,0.0,0.0,0.0,0.0,0.03400680511078876,0.0,0.0
s06T3622,0.0,0.0009565529126353862,0.0,0.0,0.17550051923177865,0.0,0.4648796000904479,0.0,0.00040207364364967655,0.0,0.0,0.001822640983471314,0.011436179869710645,0.0,0.0,0.0,0.0,0.0,0.3450024332683066,0.0,0.0
s07T3622,0.06560781803744506,0.0,0.0,0.058062096003148475,0.0,0.008566549355911427,0.1878989113765856,0.0,0.00436884098812334,0.000744784368885774,0.0,0.12251242017718326,0.32171500815106246,0.0,0.0,0.00404155624304743,0.0006144816974568828,0.09197207819558115,0.13389545540556907,0.0,0.0
s08T3622,0.0,0.0009983441745115694,0.0,0.0,0.0017778653199802595,0.0013057752848689087,0.0,4.256749495767489e-05,0.00042190157889308454,0.06812243486104927,0.004758537471038188,0.0026272264412296135,0.0,0.0,0.0,0.0,0.9098323692990005,0.008028918280214396,0.0020840597942565773,0.0,0.0
s09T3622,0.008803693051109165,0.0,0.0,0.0049557152371616205,0.0011715893852717286,0.003192243560602551,0.004224704645189103,0.0,0.0,0.0013131554562443408,0.0,0.03275995062041333,0.00046976723340977697,0.0,0.0,0.0,0.0042065446298032525,0.9368663523507749,0.002036283830020238,0.0,0.0
s10T3622,0.009852646312829238,0.0001224500768339752,0.00013278555221135608,0.0012943063814665555,0.0,0.0,0.00252595906093238,0.0,0.0,0.0,0.0,0.0370709912228088,0.010473618012452899,0.0012838716329647845,0.0,0.0,0.00023085017979689073,0.9338893727382525,0.0029882626807365,0.0001348861487141377,0.0
s11T3622,0.004025261739786974,0.0,0.0,0.0016513063302694368,0.0,0.0,0.002504191396517127,0.0,0.0,0.0008074100202792164,0.0,0.022260698123753704,0.0031638486997844634,0.00013848540245937676,0.0,0.0,0.00014465961871837268,0.9642981382674819,0.0009493470057605172,5.665339518876463e-05,0.0
s12T3622,0.014909153298015376,0.0,0.0,0.004543609215943677,0.0,0.0019200680504261683,0.002416756460032318,0.11084358202138644,0.0,0.0016554989017018022,0.0,0.039485444011115235,0.0004584056840542743,0.0,0.0,0.0009501768990297214,0.0,0.822034135350683,0.0007831701076120261,0.0,0.0
s13T3622,0.03732266026801488,0.0,0.001181292711487297,0.09099610365443825,0.0,0.004510650746544401,0.03715390961731621,0.0,0.0,0.0,0.0,0.0515759563013818,0.07980215032023032,0.0002223422388014076,0.0,0.002729926447380166,0.00013774480771729547,0.6728223540341707,0.02154490885251721,0.0,0.0
s14T3622,0.12141898363273707,0.0,0.015934438195212543,0.0882777915563642,0.02391385517199484,0.0022887172670975693,0.009357629063511437,0.0,0.0,0.0,0.0,0.4188328201951973,0.018088473754926854,0.013933898441792986,0.010097098987892782,0.01885697101796579,0.0003157536320222461,0.2506581894234097,0.007957647623526668,6.773203634789318e-05,0.0
s15T3622,0.11499689029813312,0.0,0.0007451359854394896,0.015490899931987665,0.0,0.003752248006347804,0.032366060132855194,0.019027528736727313,0.001545319387734148,3.3389721510780126e-05,0.0,0.5864205173752145,0.08728385243571286,0.0005675783792591498,0.019503520427592343,0.005411985023413435,0.0005958017898261462,0.07921493991584197,0.028623221158917203,0.004421111293486767,0.0
s02M3722,0.0,0.0,0.0,0.9805306992826983,0.0,0.0,0.006485138571172053,0.0,0.0,0.0,0.0,0.0012958636481378777,0.005668631638413946,0.0,0.0,0.0,0.0033754276731511974,0.0026442391864266246,0.0,0.0,0.0
s03M3722,0.003419532276899266,0.0,0.0,0.08775371897371892,0.04773987580795155,0.005987268310942363,0.560987573278699,0.0,0.0,0.0,0.0,0.00613586793243975,0.06209446539174527,0.0,0.0,0.0,0.00014806505099310436,0.10643819575918788,0.11929543721742285,0.0,0.0
s04M3722,0.009423889846679575,0.0,0.0,0.05665939245895004,0.0,0.0040741684615693986,0.8069657297630485,0.0,0.0,0.0,0.0,0.0049338965601155235,0.03653986611348302,0.0,0.0,0.000806370841974194,0.0002589633534611431,0.06259744655747146,0.017740276043247013,0.0,0.0
s05M3722,0.004397105611628499,0.005892548215448548,0.0,0.06259638909672316,0.4105997434877856,0.01457082202451809,0.06286928818313896,0.0,0.0008217561123712254,0.0008124626534927894,1.1646500622222987e-05,0.006486789539481618,0.07049561456782615,0.0,0.0,0.0038191829660292097,9.450765693167999e-05,0.0782959057391366,0.27823623764486555,0.0,0.0
s06M3722,0.0,0.0,0.0,0.0,0.40806542411645386,0.0,0.11590345564773884,0.0,0.0,0.0002962466012419864,0.02052434118405712,0.0,0.0,0.0,0.0,0.0,0.010647166069912613,0.0,0.4445633663805956,0.0,0.0
s07M3722,0.05236613362939499,0.007059641570321721,0.0013457890321631723,0.16199518583020064,0.0,0.01719539059221091,0.10266687563885596,0.0034178312662779694,0.0019480837570484172,0.0008160984414109583,0.0,0.026797650442706152,0.27872126931064567,0.0,0.0,0.007324436661726373,0.0005270753936199781,0.18742454691616134,0.1503939915172557,0.0,0.0
s08M3722,8.839372729023104e-05,0.0015359691060543921,0.0,0.0009914663488007072,0.000933937604445989,0.002397536852904974,0.0013357251360761845,0.0053877444913591616,0.0010757958220613934,0.00703152841688267,0.11829501764949633,0.0030899270992883338,0.005979498142364554,0.0,0.0,0.0,0.8352005308846666,0.014638383837909523,0.0006187885920278655,0.0,0.0013997562883710033
s09M3722,0.0,0.0,0.0,0.0,0.0,0.0,0.0,0.0,2.9752060366422116e-05,0.0,0.0,0.004463756684959153,0.0,0.0,0.0,0.0,0.00031440543073327177,0.9951920858239411,0.0,0.0,0.0
s10M3722,0.0,0.009147397689499742,0.0,0.6689276456340028,0.0,0.002766621633610555,0.0,0.07393555177350475,0.006802515760934337,0.002338084486293573,0.0,0.015657353224495688,0.005049481962341718,0.0,0.0,0.0,9.09689039896473e-05,0.2152843789313272,0.0,0.0,0.0
s11M3722,0.030200424025836142,0.01303666041195527,0.0,0.003293173528482423,0.01323907142247584,0.009388549491739562,0.04647694683505703,0.18633604148766952,0.016122673698047537,0.002006885549873909,0.0,0.03488664881653074,0.014387871240735909,0.0,0.002850595244731659,0.003958980253687546,0.0008240106312796531,0.6206493577043096,0.002342109657587515,0.0,0.0
s12M3722,0.06562179635631014,0.02783304253655387,0.0,0.03010331623640957,0.0,0.01618937105813425,0.002191503577136443,0.3253412879404781,0.02747534723454103,0.004363000500056656,0.0,0.053020037413501836,0.03550887870881974,0.0,0.005126564981772924,0.009306951314968429,0.0008444429917157833,0.39496636533738144,0.002108093812219914,0.0,0.0
s13M3722,0.09609908416622755,0.044544821565693435,0.00035588516783739585,0.01904910889375627,0.026588423843206657,0.020489588547544846,0.007963855332054274,0.35606603265029096,0.02949267487323749,0.00809074164181016,0.000113794426783076,0.05887913073008356,0.06839530426708453,0.0006989381617280555,0.012103804023350295,0.015210220128268526,0.001156741635942744,0.22326791059607937,0.008014512285207123,0.0006595100803979346,0.0027599169834158443
s14M3722,0.06226724426974705,0.02577053428847365,0.0,0.048092167245446196,0.06043389691720955,0.018665237984733688,0.044393862658810124,0.08608992981522019,0.008690442051236239,0.005583532754624169,0.00031230734275925805,0.030618936533193513,0.044250634578566865,0.0,0.007188078107689045,0.009652691227377892,0.00016296189124511567,0.5170857869575611,0.023773170114703587,0.00019036946250132022,0.006778215798901422
s01X3722,0.17332976695867872,0.02023023090686116,0.012902201340641763,0.08524431356044207,0.028213457449167263,0.028623752707100724,0.04121984829419662,0.059509300836540026,0.009377667403623492,0.008250042604445557,0.0,0.036866515479915415,0.27481627880021386,0.008962526185175729,0.01947600449095363,0.021854680856365,0.0003198005629527997,0.1218212384399668,0.04411722746510549,0.0008362042284313277,0.0040289414292226065
s02T3722,0.029427212492789706,0.03365806739374903,0.0009808889908271448,0.08173540822830168,0.16825111746087104,0.009634577973500518,0.4969303386456525,0.0261556062033976,0.0036326397621293726,0.003840887531425246,0.0,0.007685411057584317,0.0360774283703988,0.0005324282676759212,0.002289802606097352,0.006387474244403188,0.00012745800300834327,0.06832790856630412,0.015358189466919402,0.0,0.008967154734964712
s03T3722,0.061580412992854966,0.00602544475172084,0.0,0.03158518517711324,0.054815815814262606,0.017698597010813295,0.19688124422422368,0.007742768675663495,0.004567214476063599,0.004160427752737656,0.0,0.019531601323410218,0.0877957500355833,0.0,0.0,0.004782874613024323,3.9965502009361104e-05,0.07844854637112195,0.42434415127939745,0.0,0.0
s04T3722,0.0,0.0008060772274981912,0.0,0.0,0.21631913818699514,0.00022481125921491478,0.7273390004336335,0.0,0.0007073002369650447,7.636482561983527e-06,0.0,1.097646469417684e-05,0.029612532723472876,0.0,0.0,0.0,0.0002339954070738306,0.0004472916791585139,0.024291239898731845,0.0,0.0
s05T3722,0.03026560297036141,0.002499832454099928,0.009598631035243433,0.02111820608455056,0.4179758365145048,0.005393368888024784,0.12317410371668731,0.004739505017371143,0.0027546226122815765,0.0017027700393904832,0.0,0.0011452246815274823,0.019991431737521465,0.01792764355490772,0.0019111300479149559,0.005916029427844231,0.00015307832396552751,0.020057743889063884,0.3136752390047393,0.0,0.0
s06T3722,0.00018498982483045008,0.0035723867151318434,0.0012420435407136,0.002854046192937054,0.6253136664154727,0.0012177669796458947,0.21782478091864782,0.004584068274838536,0.0007501253797093191,0.0003090086471101944,0.0,0.0010298859689474068,0.09932835467751204,0.0,0.0,0.0002667619872639902,3.335534133094963e-05,0.005487388468043657,0.036001370667864616,0.0,0.0
s07T3722,0.018099700516373184,0.01200468829624114,0.0007947949440617662,0.009664406490793318,0.11846787187998317,0.002062346063654345,0.6046875486325335,0.023576635742911037,0.0010455671370489096,0.0009384422349630618,0.0,0.0032211755813817615,0.14065914136240942,0.0006520415481777027,0.0,0.0034970293627763775,0.0005828880806052845,0.017798807760618148,0.04162303737931451,0.0,0.0006238769861535075
s08T3722,0.0,0.0013301788219225808,0.0,0.0,3.3213299160741456e-05,0.0021035241009613147,0.0008433932464037013,0.001057796026511444,0.00044791165932885795,0.0,0.023562687388798177,0.0003384551802788495,0.0,0.0,0.0,0.0,0.9651700908380543,0.0046322852976851256,0.0,0.0,0.0004804641408949401
s09T3722,0.0,0.0,0.0,0.0,0.0,0.0,0.0,0.0,0.0,0.0,0.0,0.0,0.0,0.0,0.0,0.0,5.517997671367584e-05,0.9999448200232863,0.0,0.0,0.0
s10T3722,0.03415314558325447,0.006891723004822456,0.0,0.009392865092994576,0.008739906311727545,0.03641752791036874,0.01076391461220113,0.0460758688043322,0.0033925443038515845,0.01831183833988376,0.0,0.023206118169221402,0.0073508463676114815,0.00010160821817777039,0.0,0.0038363290450899356,0.0,0.7888037826104359,0.00256198162602711,0.0,0.0
s11T3722,0.06063144994953287,0.027393565833744103,0.0,0.006347296503954628,0.008207236984734741,0.027132706026649203,0.011065652319161746,0.3195904009192696,0.028127058694493084,0.0069333437500035495,0.0,0.05563851514369351,0.023592280775799713,0.0,0.10009523817557002,0.011080547178744921,0.0,0.3115511054600577,0.0026136022845906787,0.0,0.0
s12T3722,0.12722372366216692,0.03734984589127817,0.005844580661633802,0.051667156060873604,0.05015370806667658,0.032266544698156076,0.029008131726972617,0.1849563265112079,0.018190621374515773,0.011241089099256411,0.0,0.0415752886738914,0.037845253736293195,0.006486827234481767,0.021756728729555006,0.030495417442424892,0.0003853954237944211,0.28243926416960985,0.022615264980607376,0.0004241125930026231,0.008074719263601461
s13T3722,0.02814252650958323,0.022395542549541778,0.0,0.11876398130909677,0.009075580492229488,0.020910503382147512,0.03407608922109437,0.14299668017186157,0.009059950683595617,0.00747761099543604,0.0,0.018613485790085163,0.3008943737083826,0.0,0.002585855543199141,0.014328090133357207,0.00023167740580101853,0.2407289688973479,0.029654832975080515,6.425023216002289e-05,0.0
s14T3722,0.19110398019361372,0.022492998300715897,0.01170368537693953,0.08354161855206413,0.06498169326008126,0.023087870962826985,0.02870478196692739,0.04686347433268768,0.011587447729828879,0.01067774206031485,0.0,0.030600161771187063,0.04203851374290871,0.015143197838119005,0.0264303121098191,0.03805125449917563,0.001706107376212649,0.30791424259524264,0.03369252489945206,0.0005789912744760249,0.009099401157406895
s15T3722,0.22558677436627195,0.009880096353146763,0.025959176381425912,0.1668725252329515,0.06140356096315821,0.01345661834923395,0.03132645259907717,0.03228667609772005,0.006378440122777918,0.003187272876832754,0.0,0.016366195035745237,0.1479699577841319,0.02398611885683513,0.022636085570294555,0.041029711239955746,0.0011863620629398877,0.13308762863936185,0.03429162426452745,0.0,0.003108723203612045
s02M3822,0.012347836984590643,0.0024627230945334128,0.0,0.0008842820945485869,0.3981370565411259,0.002417219145643276,0.1314180433938542,0.0,0.00045606660663105353,0.001091520937047422,0.0,0.0006214168446535022,0.03198275242207814,0.0,0.0,0.0028783178784408396,0.00025961429273040597,0.008919836103505916,0.40612331366061666,0.0,0.0
s03M3822,0.007171739929503531,0.00122785954540097,0.0,0.003906873768315307,0.17003591981136926,0.0030468547020877567,0.7400897804014889,0.003644946682936424,0.0007344114644072775,0.0008428986853359701,0.00010026710411324321,0.0006724194172422845,0.0027220588875786923,0.0,0.00036004125219354845,0.0020362588477234743,0.00017141786676150712,0.007624536875592638,0.0551298038002172,0.0,0.0004819109577318839
s04M3822,0.014070426698454801,0.0020185068942919753,0.002578231234901578,0.008821662284818116,0.17608817529011364,0.002831605839177503,0.6682363083612362,0.00754196174261639,0.000715559827181116,0.002541341334548149,0.009282424217040237,0.0004880094005856688,0.029500569476299313,0.004170318836607623,0.0019295327981723323,0.0031163167474517637,0.006284320351060399,0.008058785485059955,0.05066235471339733,0.0,0.0010635884669859617
s05M3822,0.0,0.0,0.0,0.0,0.018378084219382737,0.000555547500863903,0.023438331028200542,0.0,0.00019466682511138397,0.0005339866151056963,0.0,0.0,0.0,0.0,0.0,0.0,0.0,0.00025761875651021644,0.9566417650548255,0.0,0.0
s06M3822,0.0370275299184932,0.0010248585806897682,0.001725823618851701,0.016485830904448502,0.15769556600041415,0.0031109425214927476,0.7300962078131573,0.004541399405858749,0.001061328365337942,0.002188471054984555,0.0,0.0010207651597382182,0.0019656078103627954,0.0014229260312352908,0.002860002489517512,0.006639944492750666,9.797982866169608e-05,0.014243110486722424,0.01459325875817991,0.0,0.002198446759102955
s07M3822,0.061057835114666205,0.02236545288088002,0.003847555566894378,0.03888189977741021,0.018669581983326997,0.014680423176398918,0.04686270832880006,0.06550149928309203,0.022991415634718845,0.0038311602078295536,0.001623746785142385,0.009742212684265434,0.35279915500292236,0.0031712744214295427,0.19849933311054094,0.029078463369965557,0.00037874545208708385,0.05374200797132438,0.05011311887088504,0.0,0.0021624103774200275
s08M3822,0.0,0.0,0.00010694593935173173,0.0,0.00017992832731996078,0.0,0.0,0.0,0.0002916396076935689,0.40512255460178037,0.24247018030277923,0.0,0.0016744598150025684,0.0,0.0,0.0,0.34616826514907645,0.003986026256996085,0.0,0.0,0.0
s09M3822,0.0,0.001429812831595242,0.0003947697282220931,0.0,0.0,0.0,0.0,0.0,0.0,0.0,0.002203696046190398,0.0,0.0,0.00023483936089538238,0.0,0.0,0.00013855138116039025,0.9922517243611159,0.00050597850733605,0.0,0.0028406277834845143
s10M3822,0.03226550822215972,0.045241010577248754,0.0,0.009897482394449337,0.0046750121156634,0.02326398298033722,0.00859721659501565,0.03733621746720352,0.000259992284135851,0.003773481112110367,0.0010819753183333941,0.046838647676373246,0.04796648117244646,0.000649198883909074,0.0015004719322763492,0.003880193929787268,0.0003739531702699473,0.7200289595021881,0.006407883648115329,0.00023176012067351354,0.00573057089730352
s11M3822,0.028306956766544978,0.02947135049968419,0.00014843848461395208,0.007573114505151643,0.0015647529180557653,0.00886202712216555,0.005306265989161749,0.052361552962911034,0.0038872623921936264,0.0021086260131718015,0.0005036856846000411,0.039082003359368955,0.04526095675785351,0.0007969234926613775,0.002238458954347724,0.003772454237461428,0.00020625550706323208,0.7607570128137104,0.005439378902181922,0.00025393615014515295,0.002098586486951864
s12M3822,0.15575409304355534,0.02984309209675016,0.010685884936654165,0.06972225935449498,0.025343378047166056,0.01255623228179483,0.019135039080432858,0.11363905412963728,0.007981832141808537,0.005918729123046264,0.0,0.02548224262444246,0.17733908576339968,0.012377706825353683,0.017182906339785208,0.030043938269937672,0.0008236632908401354,0.25609990661117943,0.024150134206090912,0.00037418974176170277,0.005546632091868574
s13M3822,0.16550485058570036,0.027618119309848952,0.004337684425359145,0.08616285527394196,0.04494902684874274,0.02305525986806339,0.04180492795268493,0.06728978035006523,0.002811038166886932,0.00993216491959027,0.0,0.020130465329562013,0.20194232523691102,0.007526549535977455,0.021811461461726096,0.03640246344215435,0.0011202727753604953,0.18901196781463458,0.03933995325838765,0.001096804678987319,0.008152028765415011
s14M3822,0.20165271211946686,0.01634493695263857,0.013533418682142355,0.09532756811132966,0.05490529873364298,0.01795815801777976,0.03864386105477054,0.04830620907905633,0.0008114885376313413,0.008440635281277939,0.0,0.034697256433926876,0.1832653414925012,0.01438194870410565,0.022720721513719427,0.038594340632264856,0.0012200361424799144,0.16678216574442098,0.03434159592592804,0.0006097946663470437,0.007462512174569725
s15M3822,0.15590895787665718,0.01741820699996435,0.007292396790149793,0.07813512421716301,0.042409211293829185,0.026355397224999737,0.0445185094276487,0.06575828159803399,0.012590364731365768,0.008683035472656546,0.0010892067274928514,0.02274991491679802,0.2599803943811018,0.009348553107209364,0.022239115409359134,0.0388743754533681,0.000839634663998173,0.13381481603035636,0.0436629265108281,0.0014449908448825766,0.006886586322137176
s01X3822,0.04616812499585785,0.008923087552972811,0.0037597692990473633,0.08531099892161013,0.07730577287518847,0.0030056005260329813,0.5406795152292385,0.021164714319326754,0.0015434010696523787,0.0008284143106781083,0.0,0.0019355685715539484,0.1558923169788097,0.0016035009965927754,0.014628508524691879,0.008288803214076117,0.00029960587484306056,0.015829518693350007,0.012832778046477356,0.0,0.0
s02T3822,0.07980790045092538,0.028573331658180053,0.004570979946536019,0.04499060183907785,0.15833404983009045,0.03041056137555883,0.13535941754360675,0.05147950972423547,0.028695859445282728,0.006213742836436071,0.0011336072104610345,0.006556542797846413,0.2663004694697075,0.0058023253361538405,0.0142292135500131,0.012994027233991704,0.002694507860447069,0.05953876061068319,0.052531326789472116,0.0005106729680390803,0.009272591523255292
s03T3822,0.0014636865133498534,0.005836826201768385,0.0,0.0,0.07817488862731717,0.0007018213865498461,0.10917576200041385,0.0,0.0013023956764022817,0.0003451354055528991,0.0,0.0009596419401364192,0.08799557244766668,0.0,0.0,0.00030934839780575544,0.0,0.0161598200175034,0.6975751013855335,0.0,0.0
s04T3822,0.0,0.0,0.0,0.0,0.32301103258860153,0.0,0.6530103896249083,0.0,0.00030786239020370176,0.0,0.0,0.0,0.0,0.0,0.0,0.0,0.0,0.0,0.023670715396286523,0.0,0.0
s05T3822,0.0,0.0,0.0,0.0,0.3820165428282655,0.0,0.37881250513526377,0.0,0.0,0.0,0.0,0.0,0.0,0.0,0.0,0.0,0.0,0.0,0.23917095203647062,0.0,0.0
s06T3822,0.24543286825480876,0.0007685755569943345,0.03741792924017177,0.15907572112562748,0.24082912611171425,0.006042967455148588,0.10141740964887382,0.0037145095681100217,0.0,0.0,0.0,0.0005811751650579558,0.028699646037357477,0.03346490486088539,0.01983521601985741,0.04222033361869763,0.0005306217966003056,0.040522234991584825,0.03851640797088731,0.0,0.000930352577622889
s07T3822,0.1322737193013699,0.004556047895607044,0.017745196109890823,0.08506936355009441,0.10501769502214131,0.00688268215481212,0.40332539869881895,0.015314926753985688,0.002625441093240722,0.0006099040718086127,4.1336302603181586e-05,0.006191028744181686,0.06231763751785308,0.01368291708028488,0.011769518089371777,0.023545375792014787,0.0003385168365546031,0.037815730488551774,0.06710005184250964,0.0,0.0037775126543049945
s08T3822,0.0,0.00013143860532789474,7.170534668556931e-05,0.0021036915233936504,0.007807961919610685,0.0001963733002075094,0.0025834615258836856,0.0,0.000261197376593294,0.06062726370493626,0.20183871347626983,0.0007940944996886791,0.000449464078769163,0.0,0.0,0.0,0.713306508350511,0.008065959931864961,0.0,0.0,0.0017621663602578694
s09T3822,0.020155167487413302,0.026686304067840623,0.0,0.004193059892190926,0.00472367835143571,0.029800106956544517,0.00972539489298778,0.06396272502098416,0.006716062587286264,0.03646652200937477,0.10898316919751647,0.02917738421377188,0.013602925116534778,3.397213707067382e-05,0.0019037648935175489,0.013002554648214149,0.0034413052112275758,0.6011368624455219,0.007782123514137236,0.0005594691713237056,0.017947448185106053
s10T3822,0.0,0.06546450247755575,0.0,0.002126146293871246,0.0036533317193372127,0.031360884996688765,0.09291407230990893,0.07147802855311051,0.02384260346749435,0.026785241168526566,0.0781465041059608,0.08827409085513649,0.019892795112785806,0.0016563501551038935,0.004568046051049607,0.02017286118315238,0.0025316045578836132,0.4519542168612056,0.004719941911597073,0.0011439991326467139,0.009314779086984764
s11T3822,0.0,0.005931504640392401,0.0,0.0,0.4601183800763273,0.0015912294808702741,0.22290546078300502,0.0018104384778927778,0.0012989360945826064,0.003093483149640061,0.014553455617919556,0.004095207820940181,0.0,0.0,0.0,0.0033606970478104307,0.00048367654285045756,0.048942570663479956,0.23181495960428888,0.0,0.0
s12T3822,0.05438799313908088,0.05265958903479224,0.0,0.006096962846804801,0.015454492626545139,0.02310912705923438,0.03722453998796128,0.1515244308761396,0.01832841811433,0.030943686399347393,0.05219326620786323,0.05997256351550886,0.013475522353979206,0.0,0.007976023326863197,0.03285803736262604,0.0007290171929147183,0.34883293541603955,0.08070347142168348,0.0009659755663388007,0.012563947551947258
s13T3822,0.0,0.046295832309444895,0.0,0.0,0.0380064758338444,0.022923394776510748,0.04977109458044903,0.08546059282389629,0.00811988900428642,0.04251500995045082,0.06273163579533647,0.04573598622208602,0.008377738834373795,7.236591821968842e-05,0.05088416625580549,0.03623983300716937,0.0022152118825759064,0.4786976890071298,0.004363120100404071,0.0008698868977917526,0.0167200768002251
s14T3822,0.029593032091503522,0.09057706862299833,0.0015162292497287308,0.012673973540717462,0.03213186386485752,0.017249174976870726,0.012753294589280598,0.12375625668775991,0.005692499189916626,0.02730729810112528,0.016655639666736482,0.058047849508097014,0.1553893362681621,0.0029887886126265836,0.008853400731708955,0.03766263764518625,0.0009195335797732623,0.3312598498521146,0.012522196279405071,0.001115007305796331,0.021335069635634727
s15T3822,0.005189773984035611,0.05101636421733474,0.0,0.007941695354545534,0.0,0.015260701050478484,0.027669408643250865,0.10350709558055826,0.0050751913875965475,0.013988210617792016,0.010782335134580443,0.04500466777544885,0.5174137304858708,0.0,0.00032202777935767595,0.01567065947787972,0.00034603089946426375,0.13897632256630577,0.03842878329512501,0.0006919600831628803,0.002715041667212362
s02M3922,0.0,0.00037849655736172625,0.0,0.0,0.0,0.001975118298858856,0.02004430248309514,0.0,0.002448116993597987,0.00040865206061756014,0.0,0.001266449764398446,0.006143924065326664,0.0,0.0,0.0,0.0,0.004031243988230967,0.9633036957885127,0.0,0.0
s03M3922,0.1766781118750742,0.0030789871865214927,0.0,0.07827466233470166,0.13034074898963896,0.05206712016524281,0.11278876308391489,0.011015864792097962,0.014645230716499175,0.010655568989947753,0.0,0.03180466429780588,0.10511718556797717,0.0,0.022972640754141755,0.017730176290256222,0.001082108771883295,0.12761687513574818,0.09330942612362852,0.0001541460917502986,0.0106677188331697
s04M3922,0.04516725942944387,0.0019971595462014826,0.001687505144599493,0.022028087241112906,0.4794247039098886,0.019103067213228145,0.19777671051684168,0.0036482999284322493,0.007342024504226238,0.002570254889920504,0.00019887173230565607,0.003479623809468948,0.016571250562679635,0.001890705204948959,0.008480879479896616,0.0058068999907599055,0.00020436279473165758,0.0252191304806815,0.14900604497436226,0.0,0.00839715864626983
s05M3922,0.025013934510367635,0.002286894041711222,0.00010100966750803656,0.010134102511463502,0.48030276116149184,0.010187011198670791,0.14532734225081356,0.010742465644213307,0.0058433456381196455,0.0010531332523437565,0.0006939982528942452,0.001976193437835455,0.03896432038667584,0.0,0.002583612270145884,0.0018468859801121019,0.0,0.016064055051105443,0.23830220237827957,0.0,0.00857673236624807
s06M3922,0.08062897976032142,0.003921188011786765,0.0073996351500780185,0.043035344862415864,0.5042094799787384,0.013326556330182478,0.0378653558895384,0.019314690827289992,0.005390922768710898,0.001930154942615294,0.001725390555457082,0.005946181256593476,0.0151309920172142,0.008955692360771879,0.015750136735799447,0.009606478141539941,0.0004483841595149621,0.026796323358461847,0.18120080675587225,0.0,0.017417306137097372
s07M3922,0.0820683772238423,0.01859330448913297,0.0,0.07787091831083738,0.07524432304503671,0.023665039041505312,0.2213190357253597,0.016016830142410458,0.02360975207494437,0.004692547071526632,0.0,0.0213699227786251,0.17336962762918764,0.0,0.026161101965128417,0.009119903097741073,0.000320602424995319,0.09830945300465746,0.11974959194086064,0.0,0.008519670034208417
s08M3922,0.0,0.00019548422787629607,0.0,0.0,4.924497976504919e-05,0.000136178478219883,0.0,0.0,0.00027481768827733975,0.018720240279887126,0.08559539609646948,0.0,0.00020415609251644436,0.0,0.0,0.0,0.8889295101057572,0.005684237347967394,0.00021073470326387646,0.0,0.0
s09M3922,0.0,0.04171178137260711,0.0,0.0,0.0,0.011424025510644616,0.0009086023513079757,0.0,0.0,0.0,0.0019616186418626967,0.014117503406558098,0.008801320356787943,0.0,0.0,0.0002970531702931046,0.0006154842191127303,0.9176420557265123,0.002434119685427786,8.643555888568321e-05,0.0
s10M3922,0.0,0.015916718803870532,0.0,0.0,0.0,0.0037690155979807766,0.00043004413135642604,0.0,0.0,0.0,0.0006188923388467,0.0027459036847556537,0.0006076698377843648,0.0,0.0,0.0,0.0025234681925387996,0.9733882874128666,0.0,0.0,0.0
s11M3922,0.0,0.03270276004987774,0.0,0.0,0.0,0.0030401335660399007,0.0,0.0,0.0,0.0,0.0017539037483104774,0.023176685082112656,0.0027951389940894305,0.0,0.0,0.001962705272734111,0.0002883381081160419,0.9329563626629712,0.0012096667791625536,0.00011430573658580102,0.0
s12M3922,0.018950049355461678,0.0803119909595812,0.0,0.0,0.02784986784793666,0.009349832281883958,0.003196262728697797,0.08364707527711149,0.009309680396477121,0.006035182378977953,0.001512449277038488,0.02183129084673671,0.03352581797904835,0.00023962142209455563,0.0013231306445217596,0.005360712111789801,0.0,0.6865613469508247,6.778843929722103e-06,1.922097258872765e-05,0.010969689725299367
s13M3922,0.0,0.04662464806106252,0.0,0.0,0.0035975902349283935,0.01016058343091233,0.0005768701072990809,0.0,0.0019029399192609033,0.0,0.0016570475754906068,0.015555463766863724,0.026633948970142828,0.0,0.00038150255494989537,0.0014315755161260681,4.811327733526553e-05,0.8885842131176168,0.0023611521370808073,0.0001781825605085311,0.00030616877042243434
s14M3922,0.04139997124537285,0.07005642711990195,0.0002960665848469567,0.007157845111133445,0.08374165458557749,0.025771531331835365,0.004353833752399562,0.03475367013770398,0.003671724645707103,0.007082504526429743,0.0018848527449723475,0.015322994389731342,0.04585803802537404,0.0009227583209857254,0.0032423917764003592,0.005481773905795559,5.319196762935335e-05,0.6388454467903343,0.005785497347551538,0.0009977768163012752,0.0033200488740158505
s15M3922,0.0,0.08501549190480544,0.0,0.0,0.002585913175519278,0.027561608408557415,0.0077013852166115055,0.0,0.0002063964411437785,0.0,0.002787563947037984,0.003475145179416076,0.09380155508885317,0.0006059298877751281,0.0016318299509540538,0.004197970953376627,3.8537367593673986e-05,0.7601466363855304,0.00912014470660606,0.0005601843485126997,0.0005637070377067833
s01X3922,0.13421014563811146,0.013495290823357552,0.0,0.09558728221784568,0.07070849093907852,0.06606665122160368,0.09522852768113792,0.01680771282413562,0.03186926742924003,0.009148306411538932,0.0,0.03425701559932252,0.12797640604071653,0.0,0.03773961154574431,0.017022031729090992,0.0008102262291745979,0.1251298282494232,0.1157672141335815,0.0,0.008175991286896873
s02T3922,0.0,0.0021481191210543983,0.005731941115560209,0.005128902010210092,0.5715660140758686,0.0025858628209277272,0.07389185355527521,0.0,0.0010354457184311165,0.00046365599826632674,0.0,0.00031251118932400267,0.008577744462693927,0.009733094253077992,0.002536334628083806,0.0,0.0,0.005852172976642673,0.310436348074584,0.0,0.0
s03T3922,0.004954057316511541,0.0013916606727709098,0.0,0.004401920830566937,0.060835843825761654,0.006328831743393751,0.27587243257091365,0.0,0.0011682368675937386,0.001378331891265219,0.0,0.0015894266773121475,0.02551848144684337,0.0,0.0012709654017047391,0.0004027176226582058,0.0,0.012884415088894785,0.6020026780438094,0.0,0.0
s04T3922,0.0,0.0,0.0,0.0,0.2133714047523978,0.0,0.6723146909448181,0.0,0.0,0.0,0.0,0.0,0.0,0.0,0.0,0.0,0.0,0.0,0.11431390430278417,0.0,0.0
s05T3922,0.006871084124663863,0.002783350019175677,0.0,0.003380130701403542,0.18939776562458494,0.002722161444042217,0.6921320201132134,0.004147549706846352,0.000818555615310872,0.0008630192977628703,0.0,0.001700963266168822,0.030136653145619592,0.0,0.0023354455671557974,0.0012088705202430532,0.0,0.008107554844042748,0.052102999288096086,0.0,0.0012918767216701136
s06T3922,0.0,0.0,0.0,0.0,0.4320266104680246,0.0,0.45369314797073207,0.0,0.0,0.0,0.0,0.0,0.01771780444974776,0.0,0.0,0.0,0.0,0.0,0.09656243711149541,0.0,0.0
s07T3922,0.13023185542141286,0.006114505044000373,0.004281751122355167,0.0671306696273519,0.20589320519507576,0.03857703752038063,0.17408531353714204,0.015286948654626748,0.01951665404469304,0.008095828948060449,0.0,0.006027307778837266,0.08684678320809765,0.0023903460155338006,0.01949370873419967,0.01936024007277173,0.0005382609249876654,0.08430317777972818,0.10030443412077704,0.00017348140451185258,0.011348490845456067
s08T3922,0.0,0.0,0.0,0.0,0.0,0.0,0.0,0.0,1.3616705249590347e-05,0.36454310940494217,0.08069660672759696,0.0,0.0,0.0,0.0,0.0,0.5542213596004011,0.0005253075618101475,0.0,0.0,0.0
s09T3922,0.0,0.0,0.0,0.0,0.0015572442412865278,0.0,0.0,0.0,0.0,0.0,0.0,0.0,0.0,0.0,0.0,0.0,0.00015171789897841533,0.998291037859735,0.0,0.0,0.0
s10T3922,0.0,0.0,0.0,0.0,0.0,0.0,0.0,0.0,0.0,0.0,0.0,0.0,0.0,0.0,0.0,0.0,0.0,1.0,0.0,0.0,0.0
s11T3922,0.009294650449321568,0.059205061945447106,0.0,0.0017935177343681168,0.0,0.0,0.01398744516705999,0.0,0.0,0.008267944879944741,0.00399127526807633,0.022829861588452224,0.0006959062279802556,0.00013437619770217393,0.0012524252970268622,0.006217134969565419,0.00010543994773905812,0.8683400758141243,0.002124903671504863,0.00010101851508493126,0.0016589623266019043
s12T3922,0.007816460231352658,0.06109867791760254,0.0,0.0,0.0,0.0017986118991558386,0.0009172694895697068,0.02040575540447129,0.0034440366230333768,0.0025075913374169923,0.000519227650971443,0.03044491755467119,0.0,0.0,0.0,0.0050040200870670164,0.0,0.25317942582447794,0.6097526373269097,0.0,0.003111368653300373
s13T3922,0.005288143141192168,0.04050123822663578,0.0004279301194836021,0.0014105921299094103,0.0,0.0,0.0,0.0,0.0021218087040205686,4.892632305815753e-05,0.0006491790084485953,0.032439470737373244,0.0006790241585582615,0.0005290020114025447,0.0003728557242225329,0.001629158183209058,0.00013676326402803772,0.9120967141105978,0.0010041461256989688,4.627572252288387e-05,0.0006187723096384678
s14T3922,0.034039749959329506,0.04019357337749856,0.0013555965908299257,0.004841397842703436,0.0178085485672802,0.0026278506145973246,0.003214221639228029,0.025719065963466396,0.0007586913387251149,0.0020656023097993404,0.0,0.015814572427660274,0.04959655984363731,0.002011122008383302,0.0008592979741228033,0.004240551602418663,0.0,0.7822594866999228,0.003218181947820731,2.045941791539949e-05,0.009355469874660972
s15T3922,0.10601777471058964,0.03927972629088146,0.0013847482567911759,0.03050737637651902,0.020686850516706552,0.024995915348990178,0.028549746067124536,0.02945530270896341,0.00435972645253237,0.006695554998937319,0.00011264176146875988,0.0362949076941757,0.12532601580066907,0.0015937939055804611,0.008036299543288007,0.010064107248109294,0.0010487782852463456,0.4849413010672887,0.026361730785744338,0.0004517991939777454,0.01383590298641595
s02M4022,0.0,0.001034839707140194,0.0,0.0,0.5954943588147783,0.0005656324447925665,0.38890234225814246,0.0,9.702148348284103e-05,0.0004385289793220444,0.0,0.00015471383504199403,0.0,0.0,0.0,0.0,0.00045424183313224736,0.004778079098648846,0.008080241545518512,0.0,0.0
s03M4022,0.0,0.003597750221031079,0.0,0.005888158204673309,0.3358539862136518,0.0014084590182676417,0.4797497856025284,0.00871400333811953,0.00030741671832408936,0.0,0.0,0.00043305208449776,0.06564870577058882,0.0,0.006210491226506297,0.0,0.0,0.0030531335427961344,0.08913505805901516,0.0,0.0
s04M4022,0.04776224883907981,0.0012911395307066708,0.015076511783588625,0.05714198325255562,0.18986466504796834,0.006660388255848645,0.10034197062400778,0.028198607821902588,0.009695833554982002,0.002354006746343565,0.0002119589014110884,0.0021599374576902943,0.050208324715856685,0.04644782789250816,0.019798826071968256,0.007121749634145036,0.00037808250745743384,0.028896395981354944,0.3818484812233547,0.0009196861350057457,0.003621374022264081
s05M4022,0.0,0.0006715746999185924,0.0,0.0,0.15618502255832112,0.0026233300915683784,0.05444112265206775,0.0,1.4843463735365194e-05,0.0005886799238578398,0.0,0.00045221059589852376,0.004080615594957603,0.0,0.0,0.0,0.0,0.005818889808352241,0.7751237106113226,0.0,0.0
s06M4022,0.04750070229230759,0.003005846579508925,0.0016492581491273017,0.027352832199551504,0.4942473314351778,0.011655198276398186,0.18387973659256154,0.005899234314275796,0.001382740115151488,0.0028191066527756773,0.0,0.00453738553189183,0.031569308177715825,0.002315820224996411,0.007482089627026511,0.00594699860434546,0.0003398917497607145,0.03570155444234986,0.12857408673786164,0.0,0.004140878297215784
s07M4022,0.07756391051879216,0.002729903464816102,0.001321867961162964,0.06190616625307551,0.3612736732315865,0.015080663334575166,0.0637115565086417,0.009619726763535574,0.002157008865348245,0.004342609526509857,0.0,0.0036000251531807296,0.06792433313261914,0.001273815132545843,0.026978102798604808,0.010679287334438738,0.0012914326660213554,0.05436750724759337,0.22760818389634643,0.0,0.006570226210605841
s08M4022,0.0,0.0,0.0,0.0,0.0,0.0,0.012076141571157302,0.0,0.0,0.6069699075659184,0.0899760766671338,0.0,0.0,0.0,0.0,0.0,0.28709199471859065,0.0038858794771997845,0.0,0.0,0.0
s09M4022,0.0,0.00956752063418378,0.0,0.0,0.0,0.008439311287402718,0.1385543944805012,0.0,0.0,0.015148887887459425,0.0008259037512835615,0.00255494447180547,0.024744584662409894,0.0,0.0,0.0,0.0012754312441328678,0.7969975860057726,0.0018914355750485664,0.0,0.0
s10M4022,0.019457788847113407,0.007837839098541497,1.4785938234257989e-05,0.0028942820760129917,0.003994036010463329,0.022920152156414172,0.006338913619739462,0.0,0.0,0.01630525973935625,0.0,0.003467466351957503,0.01984507315378498,0.000596848566921489,0.0008991692439873702,0.0036682822524874872,0.0,0.8874635419642517,0.0014825136280304115,0.00019536296672408276,0.002618684385979591
s11M4022,0.03499420590463678,0.012568493069801793,0.0,0.0047172789891078235,0.0032570702309787604,0.014353653857564957,0.0035883233656761188,0.01172090621437329,0.00031377783943303274,0.008221956811944847,0.0,0.006006210728532551,0.02529082992345032,2.2216452524044267e-05,0.001146586328724139,0.0027247500375494936,0.0,0.8616025124667959,0.0022649959601654386,0.0002271038496408168,0.006979127969100075
s12M4022,0.07611104584570405,0.015370136773484179,0.0011550403112690288,0.007993469415269319,0.004304508913870837,0.0005365591035833764,0.001019356959382869,0.01755312188416997,0.001013840914584746,0.0005332287761833257,0.0006379552726999433,0.003768707025501691,0.007775939892914898,0.0008478561424720448,0.003257412987006305,0.006065091970525712,6.705022362064838e-05,0.8303274502467423,0.000987774198120799,0.00046300041412809855,0.02021145272876604
s13M4022,0.08545033291272357,0.009265407860456955,0.0006450523820422557,0.007747283485036181,0.0033310486335509453,0.003572785042348836,0.004370438098321116,0.00694155356525124,0.0,0.0014069543152018288,0.0006597697329990487,0.0010754979578115919,0.01962259125702558,0.0007902009678171021,0.004571890330571748,0.005625261456590077,0.0,0.8187427078071833,0.004641596562596746,0.0006021764494270532,0.020937451183044933
s14M4022,0.2076812345658406,0.0530290773556506,0.0035366070007374338,0.016019301444400204,0.05367978032467708,0.002410488329593468,0.005734711204896522,0.05386588169805722,0.004707239820828264,0.0,0.0026862795920583535,0.01553888910542531,0.014862408001957596,0.006018069468642075,0.010996019530606499,0.01695026617467525,9.46895237468812e-05,0.458354000658317,0.007373255813679646,0.0016147256851599316,0.0648470747010501
s15M4022,0.14633922401555494,0.023673393335977712,0.001927355808534862,0.06754794615036579,0.043658333199074875,0.055198040217123254,0.04771631782633537,0.04252955480437325,0.007683222882954771,0.007287571764644948,0.0,0.022230629091859973,0.1609817738362117,0.003858085080546974,0.017105390399387976,0.018027259303498445,0.0004840986615037708,0.2689978929318754,0.0456158150520965,0.0005872576734481419,0.018550837964631285
s01X4022,0.10153238696608705,0.003326722770670787,0.0074788344026610115,0.05229161689524393,0.5560110987590713,0.024020660556934234,0.0370974674109478,0.014027451352123209,0.011388305325449932,0.01003415054173658,0.0,0.003665055084201997,0.02410337087957166,0.010673881385097117,0.02025487304882365,0.017415149091863095,0.0007665842313480407,0.0426803786716743,0.058383147311627644,0.0,0.0048488653148667194
s02T4022,0.0,0.002512065052311417,0.0,0.0,0.62177457779882,0.0,0.22330029182566688,0.0013158827333989978,0.0,0.0,0.0,0.00036528274950369005,0.025365960779602435,0.0,0.0,0.0,0.0,0.0,0.1253659390606967,0.0,0.0
s03T4022,0.0,0.0,0.0,0.0,0.08308485408348165,0.0,0.007186127300828633,0.0,0.0,0.0,0.0,0.0,0.0,0.0,0.0,0.0,0.0,0.0,0.9097290186156897,0.0,0.0
s04T4022,0.0,0.0,0.0,0.0,0.6723946623433371,0.0,0.03414812976809443,0.0,0.0,0.0,0.0,0.0,0.0,0.0,0.0,0.0,0.0,0.0,0.2934572078885685,0.0,0.0
s05T4022,0.0,0.0,0.0,0.0,0.3829197979084681,0.0,0.3882898024848907,0.0,0.0,0.0,0.0,0.0,0.003479471839486283,0.0,0.0,0.0,0.0,0.0,0.22531092776715486,0.0,0.0
s06T4022,0.0,0.0,0.0,0.0,0.7456050463120958,0.0,0.2520655841985329,0.0,0.0,0.0,0.0,0.0,0.0,0.0,0.0,0.0,0.0,0.0,0.002329369489371327,0.0,0.0
s07T4022,0.02404449345593082,0.006099277107762219,0.0,0.014238593868143641,0.32342483243031833,0.002112124163779557,0.19132989877490109,0.009442320318371207,0.0011981126926353957,0.0006420140728570845,0.0005497789945791394,0.0007813069360068048,0.06124314065589241,0.0,0.0008117172200362194,0.004054580589016693,0.0,0.014498049977684571,0.34168594366828825,0.0,0.003843815073796622
s08T4022,0.0,0.0,0.0,0.0,0.0,0.0,0.0,0.0,0.0,0.7444399825272264,0.029932437975707188,0.0,0.0,0.0,0.0,0.0,0.22562757949706647,0.0,0.0,0.0,0.0
s09T4022,0.0,0.0,0.0,0.0,0.0,0.0,0.0,0.0,0.0,0.01600521601183051,0.0007790912162043833,0.0,0.0,0.0,0.0,0.0,0.0,0.9832156927719651,0.0,0.0,0.0
s10T4022,0.0,0.017315223868737472,0.0,0.0,0.0,0.03295183021241284,0.004598361391693494,0.02741091975363811,0.0,0.026501172220628623,0.0,0.0,0.14164824057909553,0.00044817257277721096,0.0,0.003028200510105399,0.0,0.7333780559445536,0.007085265602934115,3.583945293381343e-05,0.005598717890489713
s11T4022,8.946937224731939e-05,0.006068840010541308,0.00028142298926174476,0.001585281785317697,0.0,0.003694044195205553,0.0,0.0,0.0,0.08664161216226696,0.004607218699324961,0.0,0.0016167178615358131,0.0003314931904071087,0.0010086216429391812,0.0006311071026173978,4.7676511227841394e-05,0.8932223942370311,0.0,0.0001741002400758046,0.0
s12T4022,0.043468161546277674,0.12947578314743433,0.0004866271350091753,0.0009283331910788489,0.06520860565179583,0.013032124683692314,0.006029853742423083,0.13567637739907798,0.016982877573122643,0.08266040430845616,0.0020400319922823356,0.029751040626016752,0.047801178123483466,0.0,0.0025342424727608105,0.01025080812951795,0.0,0.38496214252832867,0.0,0.0,0.028711407749241948
s13T4022,0.17172812099741047,0.04869763424570212,0.007227295025057274,0.03887779990626441,0.025465835125660502,0.02478907535528335,0.0052658866279929155,0.05241467070604575,0.006044078778718462,0.06650887963417282,0.0021410465097427994,0.01922770784484781,0.02475411476392032,0.008010071109388572,0.010261989710961246,0.018175716582965924,7.645989288332698e-05,0.4408996995460599,0.004931054564972837,0.000563394056510866,0.023939469015438235
s14T4022,0.4401193325579024,0.039347535332818075,0.0073885875584257694,0.025276017294975323,0.054029929911574064,0.004474487917019568,0.005558369894034209,0.050093832855156215,0.006149730391400141,0.013523689330307644,0.0012531941350153112,0.01843432867012409,0.0863503807080416,0.011721982882098421,0.009376898683844668,0.015515859530135196,0.0003939889674280583,0.1649910273244903,0.013524683025235079,0.0005686157778597709,0.03190752725211414
s15T4022,0.22794767681311318,0.019045301735115632,0.003727213131861527,0.05751580729928747,0.04790901152579383,0.03591140515907031,0.07053033533765207,0.029052993912416007,0.001919504945914203,0.01810758868771325,0.00040965859691129765,0.04132910107671409,0.043793094978794495,0.005645603646629019,0.014736087869638415,0.018721167649185855,0.0003447496089074522,0.31333518552148826,0.025421537902259598,0.0009569737915842475,0.023640000809949765
s02M4122,0.24303791903517502,0.0015460964771510644,0.029462604368091467,0.14443216419058483,0.1742216366315308,0.02324446147496305,0.04706003292099653,0.01599846128399322,0.003470560315786301,0.00394314268715293,0.0,0.0029292415806332983,0.08225895753022618,0.028116008007990034,0.024165186467140762,0.03945655570599582,0.0010814935203175102,0.07831015545399898,0.05157455947254902,0.0,0.005690762875723142
s03M4122,0.16735081909976354,0.0,0.018660184963153376,0.09543238725962129,0.2908011798534126,0.0034860731506315182,0.3148906312503185,0.006076357547499012,0.00010108694297580657,0.0007571791444532784,0.0,0.00084347822889143,0.006732735435177243,0.014519465392049099,0.012276628369495652,0.027516560317488344,0.0006917545295761695,0.033812848965580386,0.005980078646394772,0.0,7.055090351800897e-05
s04M4122,0.1714087321482538,0.00015694011745172648,0.021444846744848853,0.20356980417981646,0.14501110943222634,0.02592504040450093,0.0551693378573132,0.0,0.0,0.0,0.0,0.00767598586096765,0.13427523548606096,0.018226292618729403,0.01211476295047447,0.02773998235363691,0.0005040152450406069,0.13104378945054931,0.04573412515012939,0.0,0.0
s05M4122,0.01958735894782868,0.0,0.004222383077203822,0.011898590351192668,0.1798542893664296,0.001278518811266748,0.7355197892401817,0.0,0.0,0.0006509342778930729,0.0,0.0,0.0023478946288346242,0.0055149315530892765,0.0008600657480265547,0.0037151074644925456,0.0002614858755819657,0.0027253615111901257,0.03156328914678873,0.0,0.0
s06M4122,0.2662665614874533,0.0018504594071098068,0.048826028015835604,0.1752919359802314,0.22711132784992372,0.004499108125415554,0.016385548075930984,0.011318251024393435,0.0,0.0,0.0,0.0006101842113722474,0.04566181730535986,0.05353796190827176,0.023896379570894476,0.046433249343756915,0.0005969717969162761,0.04178204686614331,0.03472539204523493,0.0,0.0012067769857564692
s07M4122,0.12237777557249209,0.003203395922307845,0.01048137983651373,0.06580253452147153,0.15931454359134695,0.029493523397440994,0.20192249886635827,0.017122838234762953,0.0018872797514387044,0.0051251405586761134,0.0,0.008493451782476133,0.04274989843474041,0.012513670917359691,0.01143825141669781,0.019640758620821683,0.001354839696966214,0.07318969709932255,0.20772184987765538,0.0,0.006166671901151106
s08M4122,0.0,0.0,0.0,0.0,0.0,0.0,0.0,0.0,0.0,0.8948210716813628,0.034512688474996805,0.0,0.0,0.0,0.0,0.0,0.07066623984364027,0.0,0.0,0.0,0.0
s09M4122,0.008037144966034662,0.002696905639942584,0.00017412643209309268,0.003690440229702879,0.0018380106226636818,0.007526037285819189,0.0023160111544746924,0.0,0.0,0.09259876141699268,0.0040234138114463285,0.0,0.015394260351397392,0.0002714556923972084,0.00028536280441278063,0.0007200286293280831,0.0008036429731531229,0.8519875778226995,0.0015640700344882435,7.458080218232167e-05,0.005998169330771496
s10M4122,0.0,0.0,0.0,0.0,0.0,0.0,0.0,0.0,0.0,0.034802017132303395,0.0011890605241902453,0.0,0.0061719275628180255,0.0,0.0,0.0,0.0,0.9576708520518704,0.0,0.0,0.0001661427288179076
s11M4122,0.0,0.0,0.0,0.0,0.0,0.0,0.0,0.0,0.0,0.04217916506705873,0.002329309333317743,0.0,0.0,0.0,0.0,0.0,0.0,0.9554915255996235,0.0,0.0,0.0
s12M4122,0.07678292721449206,0.012147226660995162,0.0009119646895292855,0.007029258060550199,0.004615551674535619,0.0,0.0018142601272185016,0.021426259241219235,0.0011540753088764666,0.04445925019268922,0.0014519592318238902,0.0009620922208478606,0.02049513769302813,0.0009655921691549864,0.0037479413606983326,0.004029081562053056,0.0,0.7876367731458542,0.00033502311289288514,0.00036143644239996077,0.009674189891140932
s13M4122,0.05637178366607234,0.021542581514925437,0.0017923149572174723,0.011250013359945592,0.01257599558295974,0.0007441918447918929,0.0010386778685968548,0.021679520426157603,0.0009048693927951727,0.03313201437427342,0.001114667200138752,0.0021341683125765884,0.01913956796389095,0.0018778374306497767,0.0035883103792452103,0.006393915855953695,0.0,0.7913357283015744,0.0006430536391989412,0.00027386660072019965,0.012466921328315901
s14M4122,0.16797187587159557,0.06739813033034903,0.013591992944877295,0.052691945562828954,0.056997707526843834,0.009272343072222362,0.005442079578667438,0.07067244436035228,0.0031483868957860955,0.019726290459760494,0.0,0.011179714200604918,0.08941199300096357,0.013227185111803581,0.0084326044507375,0.021111713992782468,8.095847099550787e-05,0.35947328476666235,0.005725414140878456,0.0,0.024443935261288262
s15M4122,0.12654552671299868,0.01583217783954209,0.00636418263038636,0.0411991019222225,0.007606516137334816,0.056274468037648816,0.013434385482542797,0.040731943024951305,0.0,0.01850101056745953,0.001518715723146158,0.00884315851510344,0.19172203541926322,0.006830082690250101,0.0065473744368431605,0.015649931070328457,0.0002694346750166624,0.4079380940825384,0.01993758820761426,0.0003080252802896284,0.013946247544519595
s01X4122,0.17251011516295633,0.004088699648375257,0.00797687197311488,0.1482165005563874,0.0639972478476581,0.0661980273213143,0.09024205339370052,0.012659771355189715,0.004183368957569437,0.007080778291459509,0.0,0.023512660122684836,0.14573789539841475,0.005129429756937532,0.012555238695178807,0.019860084294392392,0.0006303503923454012,0.1530287020971043,0.057449884721247034,0.0,0.004942320013969303
s02T4122,0.16899883478014616,0.004135099157112446,0.0013018205021020869,0.06361103282072154,0.1849350681337728,0.1468317322482335,0.06462780759255612,0.031699881875037986,0.017133014678823687,0.014024137051549044,7.349471638670363e-05,0.02596296335505065,0.05651222688520654,0.0,0.018534970591264903,0.01723163616751762,0.0037855579592163567,0.12279991027378896,0.04510429462750949,0.0012033139723200239,0.011493202611683665
s03T4122,0.0,0.0,0.0,0.0,0.5529243408255439,0.0023279908200443617,0.30417933678809295,0.0,0.000249185421672053,0.0005936178142226068,0.0,0.0,0.015818387736631224,0.0,0.0,0.0,0.0,0.001806477742672285,0.12210066285112055,0.0,0.0
s04T4122,0.03349371836957436,0.0,0.007563562539290726,0.011297651638421191,0.7298027194218345,0.04689046213067139,0.0822347539062165,0.0012469979598900606,0.006281572036136566,0.0025683445555037716,0.00016539191547392817,0.00043401778320889143,0.018707355190324376,0.011103454847179742,0.0025606246312834162,0.002946526483936898,9.880529835353363e-06,0.012412536343577312,0.025167926526383576,0.0,0.005112503191257345
s05T4122,0.015098259582853183,0.0,0.0,0.0010527289853137093,0.8084368477311021,0.0012756720274378797,0.06923397641659595,0.0,0.00013028377610228514,0.0008359558869798537,0.0,0.0,0.03488511043894434,0.0,0.00011720516785478189,0.0020856410149077717,6.105495359234355e-05,0.00941968922140033,0.05736757479691549,0.0,0.0
s06T4122,0.08296448136382266,0.003925398941511991,0.002373492548327992,0.029436905306859315,0.5814444001339747,0.0288141467930877,0.022836913358645267,0.025405410192051826,0.003888000573889306,0.00607460062757275,0.0009047455210439812,0.013080219241851506,0.020387390264205513,0.00025104035787959587,0.007017863701462833,0.008687295097445997,0.0003107997647766769,0.0977048500945186,0.049249677631218416,0.0,0.015242368485853334
s07T4122,0.10241863530779854,0.004615450612690482,0.0,0.04981067913580456,0.18531399120748038,0.06717061145429742,0.15947538771205083,0.030738160958816155,0.004638362103012146,0.011437825550275258,0.00013977776872629917,0.025924843767916986,0.09864747920197572,0.0,0.012196047833518965,0.007118452053587309,0.00037046535338118895,0.1629987703624339,0.06575669977060856,0.000204578400437056,0.01102378144518829
s08T4122,0.0,0.0,0.0,0.01358318423642649,0.0,0.0,0.00392674965453709,0.0,0.0005282901793298348,0.7577814011363928,0.19641369647780796,0.0,0.0,0.0,0.0,0.0,0.0268271081958592,0.0,0.0,0.0009395701196466703,0.0
s09T4122,0.0,0.0,0.0,0.0,0.0006457976517867728,0.005218358002292599,0.002982945600380179,0.0,0.0,0.03623035512401374,0.004587261019897449,0.0,0.0,0.0,0.0,0.0,0.0003170430270624183,0.946360869912532,0.0,0.0,0.0036573696620347605
s10T4122,0.0,0.0,0.0,0.0,0.0,0.001110816205646831,0.0,0.0,0.0,0.003375946445448758,0.0008665202091209889,0.0,0.0,0.0,0.0,0.0,0.0,0.9912629085253633,0.0,0.00011719318340732228,0.003266615431012843
s11T4122,0.0,0.0,0.0,0.0,0.0,0.0,0.0009495688562675134,0.0,0.0,0.018275122670068606,0.001860717987648662,0.0,0.0,0.0,0.0,0.000350823774083827,2.5305502077108942e-05,0.9742592026772251,0.0,7.263769491977671e-05,0.004206620837709485
s12T4122,0.06402473056588237,0.011470827747214795,0.0004351200630507347,0.0031116860378748532,0.0036467245233856604,0.0,0.00020719911982486152,0.0095821709313637,0.000866119913124925,0.03802545999237104,0.0033787094974129816,0.0,0.00048196353325255466,0.0006678254121601919,0.0016150210728561086,0.005413272862837162,0.0,0.8520618376865324,0.000115191305907103,0.0002456146625728308,0.004650525072375463
s13T4122,0.0,0.0,0.0,0.0,0.005345055204106721,0.0,0.0,0.0,0.0,0.006825850047031828,0.0006480492333803037,0.0,0.0,0.0,0.0,0.0,0.0,0.9871797882809343,0.0,1.2572345469263156e-06,0.0
s14T4122,0.011386498681899402,0.005898192614991425,0.0008749322094156033,0.0034620592535443235,0.003999588562293017,0.0006458914693763084,0.00062901545723606,0.0,0.0,0.004247679781438539,0.0002119233477459397,0.0,0.018937308646578763,0.0009752754742274655,2.220479750824127e-05,0.0018679675802125697,0.0,0.9431068512612213,0.0010902205339488038,3.984074269691744e-05,0.002604549585665305
s15T4122,0.011834926134481437,0.009087231113067182,0.0,0.004461786232163024,5.664266036854778e-06,0.0030511566144831273,0.007656068046755342,0.00544558256919227,0.0,0.007880206988164207,0.0005388097895012276,0.0,0.10889304395372938,0.0,0.002375402043899566,0.0027430463284733105,0.0,0.8218488808407266,0.009336964844499316,0.0005563617575513248,0.004284868477275953
s02M4222,0.1972796499656321,0.015108205300370218,0.033844218858521936,0.1456325476224135,0.15838055544850901,0.033282563605966146,0.041885786809488325,0.01669990688932423,0.0006852330786392747,0.0059240839510485135,0.0,0.013272682532197214,0.06570854953384728,0.04222983972545773,0.01937187325122032,0.03226235623147882,0.0004157514349129359,0.11367051083779844,0.056566074325275426,0.0003817189247890941,0.0073978916731093965
s03M4222,0.006682588725232115,0.0,0.0,0.0007309933199483163,0.2937481098697027,0.0004299292979530378,0.6791348364508167,0.0,0.0,0.0014188929097328517,0.0019253495100718348,0.0,0.014522628230038822,0.0,0.0,0.0010334145234774954,0.00014848329864241663,0.0002247738643835266,0.0,0.0,0.0
s04M4222,0.0,0.0,0.0,0.0,0.9620853324123362,0.0,0.03711326905513499,0.0,0.0,0.0,0.0008013985325286931,0.0,0.0,0.0,0.0,0.0,0.0,0.0,0.0,0.0,0.0
s05M4222,0.028050283585923284,0.0007391071843121685,0.005911350510625581,0.008095175306050782,0.5917038031114845,0.003100593258896369,0.20619191390392488,0.00794514370574626,0.0022320501849965903,0.002948421596572947,0.0004932604491492339,0.0010359170350768073,0.0007631789434786459,0.011085502321282326,0.0016337415678430657,0.004001948171747406,3.1027501851832075e-06,0.044512751313989046,0.07311438881331156,0.0,0.0064383662854033945
s06M4222,0.0,0.00017009459484918497,0.0032879826792983876,0.0,0.1418419156996452,0.0,0.820803242728337,0.0,0.0,0.0,0.0,0.0,0.004758974880465177,0.003468117719722392,0.0,0.0,0.0,0.00526559782903581,0.020404073868646667,0.0,0.0
s07M4222,0.001004870353722848,0.0014238788497902,0.0,0.0,0.0,0.02175594236523814,0.17115554575249023,0.0,0.0007538935905773042,0.001326870421686515,0.0,0.004219873494822316,0.017265919066620204,0.0,0.0,0.0,0.0,0.02354854357644961,0.7575446625286028,0.0,0.0
s08M4222,0.0,0.0,0.0,0.0,0.0,0.0,0.0,0.0,0.0,0.8099999266870176,0.057376891588265026,0.0,0.0,0.0,0.0,0.0,0.13262318172471738,0.0,0.0,0.0,0.0
s09M4222,0.032219946015555556,0.008665947402695356,0.0,0.004706396654462268,0.0032044712780324837,0.2386525958869857,0.004255720930576844,0.08928019888908476,0.00030712088602860387,0.32906031617156556,0.03772269168694067,0.0,0.0066240894556350745,0.0006512881562689058,0.003529994670059065,0.017236076191986235,0.0014028464327701623,0.15764161188809545,0.00012046742754170513,0.00048522496767157126,0.06423299500804415
s10M4222,0.006681305500556248,0.0216320118144757,0.0,0.0039307759013533505,0.0,0.1136664638357538,0.0311070651199186,0.14709800720330998,0.0,0.18551859316998257,0.008004840607955921,0.0026145586828057172,0.16910169146258483,0.0002816091786266858,0.002899728078721409,0.011297678751621361,0.0003455126145075652,0.24846523654744673,0.01243529113170399,0.0003244826711145536,0.03459514772756115
s11M4222,0.022665091830738004,0.02141722620926219,0.0,0.0056903652718359255,0.0,0.0667655165998848,0.009375273470667978,0.13787485782689266,0.0005075436951933265,0.15786427629527688,0.007157243382994011,0.002778663217704183,0.12924798945959526,0.00011860242434421942,0.003663131057463401,0.013925511857297068,0.0,0.37527679852205253,0.007953604988845328,0.0004996240212131453,0.03721867986873914
s12M4222,0.015175584127373843,0.030181235910464465,0.00043949091953018497,0.006561958947326693,0.06315445237160826,0.023409435464429817,0.28946050175656557,0.05834914652840748,0.003289097943524931,0.21274843375779454,0.01127913086055359,0.006460956693207198,0.02144460942417467,0.0005287091169756687,0.0033564503255267596,0.011674537929046878,7.714464347624233e-05,0.2288509129519069,0.0014682848760244674,0.0001638884201676374,0.011926037031914333
s13M4222,0.05155728183137625,0.030695539717609716,0.0012958833699309444,0.021405010350060153,0.09515476387639663,0.047631735278229295,0.029173797740146303,0.05438950579118633,0.0011421150464725408,0.26331386012762503,0.015388828926143865,0.00955027393497425,0.035194722823715094,0.0019199370936090635,0.004608743583195277,0.016699445427957097,0.0,0.2923307270684648,0.008549003110059676,0.000495323868134175,0.019503501034713603
s14M4222,0.07876001156173548,0.10772539727465913,0.007346801954858342,0.008794227619818686,0.10116214592066713,0.03816026486937026,0.01789423125268504,0.13982473204172702,0.004595238719277647,0.027276970525986523,0.0,0.024121682451980042,0.059604256349950605,0.013126597784152799,0.013005075287523312,0.015265704535121041,0.0,0.29488107004340397,0.007563460276263289,0.002619940981652069,0.038272190549167445
s15M4222,0.4315248297191467,0.003821357117371855,0.0,0.0396978037341893,0.02733472307464037,0.0593920331910293,0.0562627848478,0.11177117192945524,0.0,0.015278664079411808,0.0,0.01781105098216377,0.03678716444731577,0.0,0.004710773493263638,0.0158785947203756,0.00031833362595565256,0.14709292495601378,0.02390532749068503,0.0,0.0084124625911821
s01X4222,0.020437141140835193,0.004480196085461132,0.0,0.33687352711980795,0.20328331270307332,0.008399488012714094,0.12961263916087498,0.013136420728545524,0.0,0.08229228551116538,0.0,0.0058753000106254675,0.0943754028967002,0.0,0.0,0.0,0.006956430169270977,0.021101513652720498,0.06575519561664574,0.007421147191559517,0.0
s02T4222,0.039880845890799044,0.0,0.002005223399467943,0.019560316153208412,0.7733303295325151,0.005319761311221018,0.07320688721412624,0.0,7.239865021700447e-05,0.0013325108905338204,0.0,0.00803041615779212,0.049737423693592485,0.0,0.0,0.004513549513867055,0.0008520885263564314,0.022158249066303433,0.0,0.0,0.0
s03T4222,0.05117154241477921,0.0,0.0007622646210700968,0.027373179131161236,0.7086731493785949,0.0016200090259310702,0.1164053434934773,0.0,0.0,0.0,0.0,0.0,0.07915463333048756,0.0,0.0005230631669405745,0.008270780199135287,5.674255478772835e-05,0.005989292683634843,0.0,0.0,0.0
s04T4222,0.0,0.0,0.0,0.0,0.8047233631715165,0.0,0.1447109757846388,0.0,0.0,0.0,0.0,0.0,0.01860739259613689,0.0,0.0,0.0,0.0,0.0,0.03195826844770778,0.0,0.0
s05T4222,0.0,0.00011911049188317734,0.002693885279235143,0.0,0.2877096892936062,3.839659433233737e-05,0.6806578246916263,0.0,0.0,0.0,0.0,0.0008190757452854687,0.0,0.005970276615512751,0.0,0.0,0.0,0.0,0.021991741288518406,0.0,0.0
s06T4222,0.0,0.0,0.0,0.0,0.27040276502232763,0.0,0.7035093827945634,0.0,0.0,0.0025243759797271875,0.0,0.0,0.0,0.0,0.0,0.0,0.00041572602986380977,0.0,0.02314775017351783,0.0,0.0
s07T4222,0.014608622464753085,0.00036759104651621553,0.0,0.41494970923085883,0.19364445987076442,0.016193133994806333,0.24782572525786928,0.001317954322590457,0.00014809052016971055,0.025411989784537337,0.0,0.003968870194198421,0.0133630294201693,0.0,0.0,0.0008434458867964654,0.006795113910938409,0.02984859102005176,0.00548358745474022,0.022284193412837484,0.002945892207402123
s08T4222,0.0,0.0,0.0,0.0,0.0,0.0,0.0,0.0,0.0,0.8765328773243857,0.050045543902925246,0.0,0.0,0.0,0.0,0.0,0.07342157877268898,0.0,0.0,0.0,0.0
s09T4222,0.0,0.007401833448704657,0.00013789187750276854,0.0,0.0,0.09013623949349729,0.002952161640409838,0.013801284213569942,0.0,0.6800821088316679,0.04285334493323593,0.0,0.06717767571329236,0.0003400151713441191,0.0,0.0042668475206558264,0.008156085799497805,0.07871329849385506,0.003564329609627224,4.733348987874998e-06,0.0004121499041515202
s10T4222,0.024609058978221465,0.009121971997072235,0.0002688464931108655,0.0024871346242956735,0.0,0.1273721659170202,0.014684739205917943,0.05075718990059287,0.0,0.23053767199350594,0.0,0.0015939782797151946,0.034384402008368946,0.00214586756374752,0.0011487504876310502,0.017522236623200693,0.0,0.47168798467095335,0.0009199471631064062,0.00030066011115624676,0.010457393982383312
s11T4222,0.0,0.01795045321572938,0.0,0.0028774529411759297,0.0023920865189783684,0.09725012845962332,0.017424568097413426,0.04497200738385968,0.000656794150509936,0.2740782270461049,0.0,0.0,0.031928628452527835,0.002020954657990326,0.0031522493739060157,0.06885754904462413,0.0,0.4131540302758207,0.002910363204447932,0.0006485871365610532,0.019725920040727065
s12T4222,0.004626289862644493,0.04092667353247176,0.0021290665863832156,0.0013908737865652111,0.01778831618646551,0.10425856655820794,0.01466929336525453,0.06652272663026473,0.0012761391077574936,0.18241952954950816,0.0,0.006845398621504195,0.03244406879511428,0.0011501589900760664,0.0012837191703750455,0.028485126121260126,0.0,0.47442865999941597,0.0,0.0002053509295482521,0.019150042207183103
s13T4222,0.07864317466778209,0.02089585788725176,0.0003936859488519595,0.0033662272631853605,0.007806217294710846,0.08383384206295724,0.012705374481851339,0.08718877438337207,0.0037803269171189937,0.23708645924913888,0.0,0.0070403816650068535,0.03784902244502009,0.0023745118645293523,0.002906544134596261,0.01961283471428732,0.0,0.380375173166724,0.002507747530895804,0.00038777621934747025,0.01124606810337239
s14T4222,0.21913099866949434,0.08830056563960359,0.004167732255646652,0.013522087072771782,0.08179931060620091,0.02467384338712754,0.014021896640570557,0.10160663862517468,0.004823102477451341,0.09839921160099584,0.0003644128085223768,0.023381802734913623,0.05892739291201662,0.006925225119249744,0.004060093764412462,0.01584394350303228,0.0,0.20359154818991582,0.0052885453220817644,0.0004439612386910148,0.030727687432127226
s15T4222,0.07458996899841769,0.03879043510082082,0.0021953119174156436,0.030463662726172742,0.030405500380201983,0.12094921350367274,0.07088677758565563,0.09641915789370406,0.0022526359753316846,0.06417127590274124,0.0029664848510404336,0.005871805306299898,0.11839085844645741,0.005710695970168786,0.02051971826915997,0.01725961553072833,1.0723827643507428e-05,0.23388817406237764,0.029105567853259018,0.003197667588595956,0.031954748310134895
s02M4322,0.007953004615663598,0.0030088934317613844,0.015360665014352728,0.010519592830810574,0.7728450500181765,0.02790527812271936,0.0,0.01320160941660816,0.00026224708401364826,0.04411011083915085,0.00016463767047656988,0.0015807942649357523,0.0,0.02801460898460933,0.004648654469962625,0.0018158388332193904,0.01768996445578677,0.016413512079484664,0.029834267568489746,0.0011070463308436053,0.003564223968934914
s03M4322,0.012126412493473583,0.0,0.0,0.00034280569149609103,0.9076530878137034,0.01617750957936107,0.016798791962185502,0.0,0.0002946786817012169,0.00867406150428785,0.001993892217599722,0.002483685278787805,0.0003400500231680403,0.0,0.0,0.001369141465924521,0.00021432089938273928,0.0144444941066403,0.01532257580827558,0.0,0.001764492474012458
s04M4322,0.0018950793763041968,0.0,0.0,0.00039615883915053294,0.4448437323099327,0.0711478010809173,0.4557106159583164,0.0,0.0,0.00044807668630182906,0.0,0.0,0.00010110566749770703,0.0,0.0,0.0,0.0,0.0,0.02545743008157938,0.0,0.0
s05M4322,0.0,0.0,0.0,0.0,0.15461286464998353,0.00019116212443179786,0.8451322016578954,0.0,0.0,6.377156768928902e-05,0.0,0.0,0.0,0.0,0.0,0.0,0.0,0.0,0.0,0.0,0.0
s06M4322,0.0,0.0,0.0,0.0,0.5005503955642777,0.0,0.3325205799033785,0.0,0.0,0.0,0.0,0.0,0.0,0.0,0.0,0.0,0.0,0.0,0.16692902453234365,0.0,0.0
s07M4322,0.003531030684149715,0.0010824560945670557,0.0,0.0009690209814474807,0.13384344766160808,0.011698534920557535,0.8244667751830398,0.0036405336603880485,0.0003110558302020948,0.001289626497363714,0.0001149015864766144,0.001584186482544833,0.0,0.0,6.620511521273999e-05,8.115279087569597e-05,6.846163093310979e-05,0.01047763567394213,0.005085016980805375,0.0,0.0016899582258863039
s08M4322,0.0,0.0,0.0,0.0,0.0,0.0,0.0,0.0,0.0,0.9012100177786287,0.06967248191652618,0.0,0.0,0.0,0.0,0.0,0.029117500304844984,0.0,0.0,0.0,0.0
s09M4322,0.001019533920840854,0.0,0.0,0.0006567743599949132,0.0,0.8894885544199644,0.001624740762884044,0.0,0.0,0.03874098806368624,0.0023405829988045372,0.0,0.009771723102015292,0.0003241782272232933,0.0,0.002737919839870052,0.0,0.05180445116624109,0.0004821886525274853,9.596092716281412e-05,0.0009124035587851667
s10M4322,0.014084803291000139,0.007997738684275479,0.0,0.007226322220696479,0.006180631066964192,0.6349274349475353,0.011567134369450135,0.03693186807805583,0.0007106644876400841,0.060273233012978426,0.0,0.004266946465299335,0.009182638090425755,0.0009553362779769869,0.0028385581993758467,0.008472731271837996,0.0,0.17875166882565913,0.0029770406136882276,0.0004330977140535976,0.012222152383087192
s11M4322,0.005664462113268104,0.005877397596598078,0.0,0.0010579356011613341,0.0,0.02388933184865927,0.8324313037824402,0.008611201640083787,0.000805919456849019,0.05455891664369412,0.0010079526406459572,0.003653692710379214,0.0,0.0,0.0,0.0029580829407042583,0.0,0.0555840491791218,0.0,0.0,0.0038997538463948927
s12M4322,0.10205611861507502,0.07628927226820996,0.0036145113176419036,0.027509880496468603,0.03632900948628552,0.08520903278523646,0.01734986666674829,0.18295258999473912,0.014615231601536563,0.07657088445154761,0.0009438047897688557,0.029064008228807177,0.023488454155358253,0.005549960314658122,0.010689474328402655,0.029743868666511925,0.0,0.2479757123413016,0.002505801716822785,0.0014615777174174678,0.026080940057461956
s13M4322,0.033810680087213704,0.020349494953393686,0.0,0.010320599935035597,0.21125238066495777,0.33035507005993947,0.00801441829104776,0.050933394036313015,0.004556798155752805,0.0650695760698035,0.0,0.012658794718072876,0.02057629851065421,0.0,0.002849053880163954,0.012925596257170791,0.0,0.19334546958047188,0.004900856250084597,0.0003818066014199808,0.017699711948504313
s14M4322,0.0937912972863763,0.04149042904126045,0.0030310886377447207,0.031238405108032573,0.03941791848799314,0.0732810089353736,0.023655848445162955,0.32526968065594325,0.0021914059297622134,0.06110962948309563,0.0,0.025158085293059948,0.026617467067200463,0.0054424239324262005,0.005832780040721418,0.015994451076173692,0.0,0.21012003758937992,0.0080246739981805,0.0004411563103973051,0.007892212681715714
s15M4322,0.08885619148822266,0.03896529646786579,0.0016001258655942224,0.032721657253364136,0.012797003904574791,0.11206555261032278,0.027252768545688245,0.07837516085379403,0.004437208897078738,0.0766900299282715,0.0011029011578952892,0.01867242400872712,0.24014047691894289,0.004137516064244321,0.007934050978191717,0.018439458269529155,0.0,0.18676980433112447,0.025129420573771048,0.0011579508460849658,0.02275500103671225
s01X4322,0.21128755265205373,0.0033622347560740276,0.0,0.05749711705112716,0.07030383765252154,0.27029482967104235,0.06465278897950263,0.04786049717242401,0.009663835208773673,0.015649586326071017,0.0,0.024224868690985914,0.039120739583557655,0.0,0.015594800343355322,0.011505971783548417,0.00164530556187198,0.1221056899627127,0.030718903052317593,0.0012900290831312498,0.003221412468928731
s02T4322,0.026107317118019693,0.01244523224907627,0.0,0.01896986508226643,0.3724077723630494,0.14507359910668993,0.030329952938077248,0.0459102455223398,0.0,0.0037196385938253855,0.0004047542260020158,0.008722588948463245,0.2466092566244938,0.0,0.004058098019541004,0.0016405551669876556,0.0013121862036518553,0.050107083175872216,0.028484367231924632,0.0003444356678216399,0.0033530517618974515
s03T4322,0.03508458448817636,0.0,0.0019469801616538807,0.021614220680915022,0.17458700993409765,0.1375488375939881,0.5030128075616178,0.019454936503479063,0.0,0.0037543105875724046,0.0014009167144606594,0.0005278326036616311,0.01609329446401959,0.0016851637051178096,0.013140700510465524,0.005009475915817201,0.00132602740676755,0.03102839981356866,0.022976651923547337,0.0013349935736558694,0.008472855857417907
s04T4322,0.0,0.0,0.0,0.0,0.980581046258988,0.0095882898161376,0.0,0.0,0.0,0.0009001456736478323,0.0,0.0,0.0,0.0,0.0,0.0,0.00021475783033550266,0.004548243813672082,0.00410603907264464,0.0,6.147753457401478e-05
s05T4322,0.043172082898967415,0.0,0.0,0.031135618003423918,0.5058655331133199,0.04681847980911779,0.07535252181334254,0.03931708360978793,0.0007811915539741349,0.006639448763615524,0.0026413398904771928,0.0004909191935258895,0.021035485447903957,0.0,0.06739790824335536,0.007014099491149379,0.0025272413568873196,0.05491734391280948,0.07626725035404837,0.0020347618359994888,0.016591690708294388
s06T4322,0.006339674504480218,0.0,0.0,0.004900148632143174,0.17606449710352012,0.011030683096947122,0.7136261693909458,0.007151484066916749,0.00010078491443144662,0.0017080577363784452,0.00048534050711428694,0.0,0.0003754634182194609,0.0,0.003589376625001493,0.0011919438449381594,0.0005453062529476919,0.012534925540194615,0.057111787983385044,0.00010306150158625477,0.0031412948808499284
s07T4322,0.05480531288153454,0.003000827826656468,0.0,0.042981660140764474,0.3928760299638103,0.04724220088726724,0.08360276920135969,0.0660846800093011,0.000953493521446984,0.008315981432198284,0.003591635272777812,0.0012544379908383304,0.10480500184472842,0.00031816099440163753,0.02941538407449312,0.009036605824494259,0.003202162837023856,0.06962255906150823,0.05292155822607957,0.003504616406669202,0.0224649216026465
s08T4322,0.0,0.0,0.0,0.0,0.0,0.0018005681924881918,0.0,0.0,0.0,0.9068218210457628,0.027523980408432704,0.0,0.0012393884474121894,0.0,0.0,0.0,0.06261424190590419,0.0,0.0,0.0,0.0
s09T4322,0.0,0.0,0.0,0.0,0.0,0.9019172092972447,0.0,0.015922906441588947,0.0,0.029794635731876483,0.0007896448364366708,0.0,0.0,4.8926148601320673e-05,0.0006187734933644175,0.003015265036035029,0.00010802980497119082,0.03745715838904742,0.0,8.750648934889474e-05,0.010239944331484872
s10T4322,0.06451137069882129,0.03933269963957861,0.00011224696859731543,0.018145230053428846,0.015475216103583976,0.4302293389980095,0.012748830265469342,0.073731607594127,0.010052456546621699,0.06409902881138686,0.0,0.0008655230950960811,0.01171647710756802,0.003723213075221203,0.009192892495869074,0.02613288272729367,0.0,0.18176407483520662,0.003933260395139414,0.0024362891596863535,0.03179736142929505
s11T4322,0.07155733199183796,0.027902782569266274,0.004552329896606114,0.03417064632043088,0.016786196587816993,0.0812919174007864,0.007287155544751825,0.03009313155974189,0.00380620233381658,0.5084844285925532,0.014418387482927838,0.005235295510505801,0.021879744662517502,0.004666466182472345,0.006768459330509304,0.022634425928082878,0.0005794457979871316,0.10981303305505996,0.004873265625395047,0.0009332617282935869,0.02226609189864049
s12T4322,0.0571939989259958,0.10657070049024531,0.0015830411562279731,0.014620579215921064,0.051337446168771075,0.03208964337228159,0.009429037547892705,0.113840041378627,0.00895189949657265,0.311113428583237,0.004098435383460071,0.02341028846338401,0.029550942887862173,0.0020619421696218532,0.00661072573807227,0.016955646645923503,0.00036011030909615624,0.182520704476849,0.0002642997728966036,0.0009135669900511709,0.02652352082701104
s13T4322,0.08976737347230308,0.09793050114925997,0.0019234167773306598,0.029617054042463533,0.06148655721854455,0.05679491182790788,0.016251399172935693,0.0703732916843298,0.01371610501244397,0.31322360493357326,0.0054345328670495005,0.009780470656299858,0.025010442241963304,0.003730912393276479,0.010794038128143007,0.029768373577223815,0.0,0.12985666355053987,0.007843998150425788,0.0027106964048004296,0.023985656739185506
s14T4322,0.13595936736652434,0.07461595758768176,0.0019843603457759314,0.050198511057617835,0.08799851794200642,0.08042997850380865,0.02086039964353652,0.1432103348307509,0.011129897953168183,0.04632129581784389,0.0,0.031752872904985914,0.04171946890751648,0.00280724338117744,0.020345504032922956,0.021514877299922703,0.0001483429691843304,0.1992914700710368,0.008750403261521463,0.002153994557518761,0.01880720156549884
s15T4322,0.05842029669610155,0.0,0.0,0.22887234251350827,0.016394494636069724,0.0404164056335246,0.12912431287810253,0.0,0.0,0.002512998370978411,0.0002860394912387168,0.01144140319628559,0.15040660625571814,0.0,0.003529779279094748,0.005966107158198507,0.0013143492588769,0.2841970984924884,0.0646880139187462,2.177292455298487e-05,0.0024079792965148233
s02M4422,0.049685013935457704,0.0,0.004297747087197862,0.032666216897422676,0.14368897543850895,0.6274248736189326,0.029980659121404917,0.007232437758543416,0.0,0.003476058121831657,0.0008879364319020894,0.003664249972664508,0.010096399081631584,0.005166911155638489,0.011880776143820673,0.00713502796437286,0.0012986473426715853,0.03415076544441345,0.019797952319131534,0.0011910278639780556,0.0062783243004752316
s03M4422,0.03151092268913676,0.0,0.0,0.01884882111470244,0.5374918573118106,0.05704712735668022,0.1739571565041419,0.014173997311794816,0.0,0.0036330298975823863,0.0007653632779835029,0.0025545138378686113,0.015714486649989604,0.0,0.00947696150343778,0.004405767885023434,0.0010520857948114655,0.03658870405707433,0.08566535882087443,0.0006872496604444024,0.006426596326643379
s04M4422,0.0,0.0,0.0,0.024225840481463562,0.48277782119983287,0.014975373972183162,0.4575830092002653,0.0,0.0,0.0008963103622668172,0.0,0.0,0.004463399908819525,0.0,0.0,0.0,0.00010754663725191446,0.002737131297253122,0.01204548079638098,0.0,0.00018808614428288527
s05M4422,0.0,0.0005097609269459836,0.0,0.0,0.8753065722570349,0.00822720865492291,0.06783898382751277,0.001367101625259138,0.0,0.0009456823590752654,0.0,0.0,0.009383828797446191,0.0,0.0,0.0,0.00012859940611307795,0.00464329413380789,0.03164896801188196,0.0,0.0
s06M4422,0.0,0.0,0.0,0.0,0.4902053969516631,0.0002439522436938122,0.4983853885142418,0.0,0.0,0.0,0.0,0.0,0.00463004867452572,0.0,0.0,0.0,0.0,0.0,0.006535213615875601,0.0,0.0
s07M4422,0.10615049576460726,0.0009667306980492498,0.009297724586771023,0.07053903017900456,0.11081925570753445,0.09579821899375869,0.17316120131063134,0.026220409021013986,0.0,0.007200020284106298,0.0002800547110965812,0.006087305128866005,0.06871947517715755,0.005916649079819275,0.1929961356490543,0.01625617584639108,0.0014270880677671577,0.07750437294059893,0.02314051918521402,0.0004398499485599269,0.007079287719998185
s08M4422,0.0,0.0,0.0,0.0,0.0,0.0013466058356797728,0.0,0.0,0.0,0.3561993003712443,0.00680201883840783,0.0,0.0,0.0,0.0,0.0,0.6356520749546681,0.0,0.0,0.0,0.0
s09M4422,0.0,0.0,0.0,0.0,0.0,0.6824885865571749,0.00471286618532868,0.11047978116561018,0.0,0.02885857081718809,0.0,0.0,0.006740436100186615,0.0,0.003019685315870297,0.015105083276821328,0.0009227743453655686,0.12442535251226444,0.0,9.997070982484923e-05,0.02314689301436478
s10M4422,0.05215951781317638,0.028507626355026842,0.00029389597642533183,0.02575191936709742,0.043018119708480705,0.3034265953882458,0.04229030148302762,0.08764231302783418,0.012137434673336627,0.047642183791629274,0.0,0.0020764162634994807,0.022076283995331247,0.003301968653632031,0.021605517229842677,0.02664666403165148,0.0007336214249754173,0.22880576889166668,0.01964176017753401,0.0032514612415844766,0.028990630506002257
s11M4422,0.05169670941146537,0.06621823643951708,0.0007185303445403042,0.028248833698517155,0.058847038697297474,0.0792404240794773,0.05227571835159394,0.10231646922069965,0.02221719619261858,0.19174933386071513,0.006741629815164118,0.0019947683376086655,0.04148710388255591,0.003781905671360974,0.021591666174822836,0.0215149924863582,0.003083744401792591,0.18494972046292646,0.02609540249255214,0.0036517727363522792,0.03157880324206394
s12M4422,0.07196958272995052,0.07638505676403798,0.001282713971339548,0.03205893149483628,0.04797012480449618,0.0691294434186664,0.038605760469240705,0.08130452327505538,0.00993100613125342,0.2576599856922261,0.007500722977443756,0.012965642413399009,0.018634358833642783,0.00395480068924424,0.016117901507680815,0.02782983733642837,0.001027669863389903,0.17440039096228402,0.01903117682259511,0.0027788987138143914,0.029461471128975104
s13M4422,0.09318015469897568,0.08049088810839444,0.007050960933842272,0.05081063905564846,0.042769817213239386,0.08184984313220517,0.03566987818739209,0.052917827208709974,0.005142435848469732,0.14683244426992068,0.0,0.0,0.023547399312776263,0.009436398307942174,0.018791198928589173,0.03578639263225081,0.0006353228268490201,0.277172502293551,0.018134740869762328,0.0024755373182912383,0.017305618853190156
s14M4422,0.12022507018044942,0.019403938804845318,0.0010755320716569602,0.061553231333137386,0.09718773544982921,0.1321011302880409,0.0904321536896725,0.07600066476475822,0.002688344730072482,0.029611453334415252,0.0016161094879524587,0.016775797643884403,0.033285833438317106,0.002867622788840652,0.03394273382707974,0.020497242744910337,0.003234875738579726,0.18668998081169239,0.04284704040805169,0.004148411976955715,0.02381509648685813
s15M4422,0.05546164471062987,0.0,0.0,0.23529699059699558,0.0023562116335918105,0.06017413353171852,0.12464480601758164,0.0,0.0,0.0015022878883250719,0.00096817946370297,0.015153924253092787,0.1499767862091442,0.0,0.0053042461535750636,0.006775137002499833,0.0024894435837866744,0.2729695128635144,0.061788794164324756,0.0006018657867377496,0.004536036140779184
s01X4422,0.08685865663380404,0.01106832725074043,0.0006807482499095864,0.05336057678870739,0.11588823641044475,0.11776668684516774,0.07110119257416644,0.06707267168990708,0.0032766161944853735,0.03167791899105479,0.0011182670965493408,0.019449398258138823,0.164280793819556,0.002059199611963879,0.01646442305237935,0.010175740847374787,0.026403093882501033,0.13527148832586675,0.048026271285578986,0.002365692545360797,0.015633999646342555
s02T4422,0.10667584003332306,0.005547272401199093,0.019702678617638796,0.05480946434589562,0.21784229743872122,0.16710452484769622,0.05888662318845595,0.042057420281115365,0.0008428748337446515,0.007837504932615065,0.008629784526918902,0.02134660636332016,0.026302192237212696,0.035116511443718565,0.02311394685760092,0.00898976783330082,0.0033205109553590497,0.09588869945633863,0.04779309282381476,0.0037489736788701867,0.04444341290314017
s03T4422,0.04219390827226553,0.0,0.0,0.022440029721500877,0.3385740442610006,0.44351636051507987,0.04251372215340321,0.010357785269060116,0.0,0.0026675395797631884,0.0010482574134849448,0.00256808589610895,0.01171916460767017,0.0004357345574535239,0.009624056681712224,0.004782126503514597,0.001158125747082611,0.02822299940631346,0.03134488541656563,0.0009332105499271703,0.005899963448093415
s04T4422,0.03259687120706509,0.0007947691213821704,0.000479567269171345,0.010638465490384575,0.2449261768341188,0.131057259279473,0.46456540798206664,0.0028714634898958065,0.0,0.0015588258782554465,4.710613749111889e-05,0.0044198879145120155,0.01383819960427337,0.0,0.0013694938533759663,0.0026984950260541688,0.0002361935833505531,0.016126906387991604,0.07118728072610588,0.0,0.0005876302150324444
s05T4422,0.011898097240822502,0.0,0.00523785896385969,0.004478528745789608,0.42732884532427556,0.02267453237826903,0.5046153871069734,0.0,0.0,0.0006295870846986771,3.939241445308506e-05,0.000608342727993147,0.0,0.0034234196032870523,0.0002535745166461497,0.0018526085355790305,9.859531394588678e-05,0.005088225650460117,0.011773004392946864,0.0,0.0
s06T4422,0.06019808312447086,0.0061248549458629365,0.014095128941925703,0.03388479573236226,0.29402907684420276,0.3564252351190234,0.09904165387823975,0.005914857561403281,0.0,0.0017026096337994013,0.0,0.0032671397881989025,0.040906704555368864,0.015409112671666109,0.010312762714044313,0.007587710950966421,0.0003520588877915164,0.024977340209290454,0.015407731395641356,0.0011458598414463464,0.009217283204295507
s07T4422,0.048672622366528646,0.0028415919059126297,0.0,0.029859858030892843,0.03364047333324831,0.1591581024530497,0.1301823642796394,0.026423931260265526,0.0,0.004370648926822052,0.0014143664530916567,0.009916647252063622,0.07141909992751018,0.0,0.005813097380448622,0.005263373798288947,0.001414100262587568,0.06388991901998395,0.39898823936108235,6.277077873601623e-05,0.006668793209848083
s08T4422,0.0,0.0,0.0,0.0,0.0,0.0007922928047063857,0.0011644951667932578,0.0,0.0,0.0,0.0,0.0,0.0,0.0,0.0,0.0,0.9980432120285004,0.0,0.0,0.0,0.0
s09T4422,0.00832629600618272,0.04434984293861128,0.0005442754283166402,0.02401774510404344,0.007623494751386624,0.3390973808200952,0.019610235307897125,0.1407410624750237,0.010734600085189528,0.02722948952605636,0.0,0.0,0.015725645961900396,0.002408692639453832,0.009492132222174387,0.010259428277090206,0.1293248770537875,0.1705508063839461,0.009488896314240146,0.0011999689227419244,0.029275129781863037
s10T4422,0.007664308300525141,0.024368553511930652,0.0,0.0,0.011755279236181746,0.18060261493111807,0.043797899369811356,0.1384290090680404,0.004214193639010132,0.012366001438525245,0.0,0.007440279144397861,0.02571763404166526,0.0,0.4176241792790699,0.016955312471017957,0.0011805866509437565,0.08456048437793412,0.0,0.0,0.023323664539828454
s11T4422,0.09423057838089013,0.0679325145340369,0.00012964810949243864,0.0404238431266895,0.03802441395148642,0.15373623365711384,0.04035783381591168,0.21171491622197963,0.00845470574484235,0.02446921070132514,0.0,0.02893345583897398,0.015022025240305494,0.0012954895165200827,0.01859113223517711,0.01647383621368018,0.003584915890096117,0.17729785655525573,0.01986922621963104,0.0020550943603810097,0.037403069686211474
s12T4422,0.13064152629069595,0.04094165752192973,0.00114102529059458,0.048124387125089395,0.038807857987496294,0.11875454206536451,0.039827968563568156,0.1745981296428379,0.004377291916183249,0.020201424598966466,0.0,0.047785671166664975,0.031892024251078864,0.001725634317132432,0.011324071108011854,0.021434239414735747,0.0002683177627579944,0.22454764111061723,0.01757299253722978,0.0009259355040269198,0.025107661825017884
s13T4422,0.09403436067424913,0.08854040071615807,0.003272277672481111,0.0383357556747028,0.03801590196008677,0.12429786944445041,0.03458323122041085,0.21793356921168855,0.0058491248482858745,0.01858547413466072,0.0,0.02477490869216706,0.05390143981974628,0.005743424243748592,0.01626466822173729,0.022637608763562092,0.001205054421986319,0.15141238394222267,0.024477167066550388,0.0015576767145034213,0.03457770255660148
s14T4422,0.060887264214956764,0.01593484719056028,0.002409239798375427,0.025449350727747337,0.024464358395637608,0.0842882816783084,0.03097583511405462,0.5706616610993382,0.0,0.018084980455581795,0.0,0.01765182147787252,0.0023692261462373125,0.004077006033107972,0.0053514116653631625,0.015052639500292614,0.0007218420627013701,0.08708208117052267,0.025386595204332042,0.0,0.00915155806500998
s15T4422,0.16242955166422163,0.017971776172195458,0.0017186346039463484,0.07803580897250331,0.0624029533803832,0.21108772452763067,0.06426602531890463,0.0386385580997411,0.0,0.012133563986684007,0.0,0.03677264432847618,0.04469851842121966,0.002559115452957218,0.01722958883355914,0.013896572387087941,0.001392183376416905,0.18678081356113518,0.037420517320220774,0.0016208952779558717,0.008944554314760798
s02M4522,0.0,0.0027696125091290894,0.0,0.0,0.2380435262020603,0.006732091625133484,0.05534431996999514,0.0,0.0,0.0007335427134516362,0.0,0.00334821864669979,0.043723834201045544,0.0,0.0,0.0,0.0,0.00916491544069728,0.6401399386917879,0.0,0.0
s03M4522,0.0,0.0001636533570808435,0.0,0.0,0.9810097088555101,0.005939909155784638,0.0,0.0016356650757871052,0.0,0.0006786559870452637,0.0,0.0012129064770548023,0.0,0.0,0.0,0.0,0.0003133134733920415,0.004645909482680734,0.004400278135664538,0.0,0.0
s04M4522,0.0,0.0,0.0,0.0,0.4257576602142168,0.018944138566531554,0.3268615410320192,0.0,0.0,0.0012400660982627703,0.0002066511941257118,0.0,0.005532264945298918,0.0,0.0,0.0,0.0003105612957915833,0.004035557725270121,0.2171115589284833,0.0,0.0
s05M4522,0.021070318727474443,0.000512879931457995,0.004916542159179032,0.012808735033252418,0.17001454671837926,0.04856421065231182,0.6633130363361364,0.014768689163760576,0.0,0.0016285777970562387,0.0010217458939779565,0.0006110661663917755,0.0,0.007484786558497121,0.00819974875594779,0.0032376984320100334,0.0009252157507349032,0.015313470708389582,0.019245548078384227,0.001144265001190247,0.005218918135468088
s06M4522,0.0006988446299118548,0.0,0.0,8.745538591905972e-05,0.2717249071430882,0.03477178030337334,0.677972689347171,0.0018527948495213192,2.945894600525936e-07,0.0005860158921787663,0.0003182539246020273,0.0,0.004409678424944078,0.0,0.0008163453502121834,0.00014027147831243076,0.0002863092756595554,0.0038122471070286927,0.0010018041333836802,0.0,0.0015203081652337194
s07M4522,0.02744271988885237,0.0,0.0,0.021610831615347142,0.14924768049346118,0.039098269581186555,0.624988975277145,0.02778854054664534,0.0,0.001926399790239184,0.0008999471806137807,0.0013648842798670156,0.037990735430594585,0.0,0.005610809667509323,0.012784382248317685,0.0006376619548822916,0.03015419248700007,0.009028173165073632,0.0006327505778673803,0.008793045815397535
s08M4522,0.0,0.0,0.0,0.0,0.0,0.0,0.0018249008247398731,0.0,0.0,0.3422869044545849,0.0,0.0,0.0,0.0,0.0,0.0,0.6558881947206753,0.0,0.0,0.0,0.0
s09M4522,0.013737394184556578,0.0068034442824750265,0.0,0.006852223264063754,0.008617204982773114,0.7897633535384079,0.008414931532325202,0.06780566231783855,0.0,0.013771960392596925,0.0,0.0049992607636399925,0.0008878182325485818,0.0,0.0038630604718968013,0.0020548602599380285,0.02060181205278858,0.03587762331712115,0.0034041725257195174,0.00018795767933366868,0.012357260201976685
s10M4522,0.025777342235402203,0.0274629372882954,0.0018257271178432897,0.012641839976226681,0.009875292372368748,0.4910199985711511,0.007334229444637951,0.2580213769003634,0.0,0.01161158776721433,0.0,0.0,0.0,0.0036760399395146972,0.012872494369367457,0.009856178521540042,0.0012302213218247995,0.0759434795238547,0.005481375038729447,0.0008169254089908362,0.044552954202674785
s11M4522,0.09115966578695162,0.039962644605328716,0.006076891472748826,0.0426525489943665,0.0217682157913196,0.4255291018575076,0.016722216299040606,0.13816930354350074,0.0,0.014828622028751341,0.0,0.015071655437276142,0.009759013276141195,0.0070926669358264745,0.01219909477508818,0.014832133512039424,0.002622329091265726,0.10419802135450121,0.010480188640580423,0.0004435612473209695,0.026432125350444702
s12M4522,0.11626744144195086,0.09058611625131191,0.007121885482178781,0.03365802132507512,0.055276682925597585,0.12166210810585952,0.016133265866293156,0.17004208460210318,0.006999018890951194,0.012716984590230247,0.0,0.039810314337559105,0.029620007272936393,0.013935162962257382,0.01058838144338939,0.02029158057938025,0.00017222826768159634,0.21488170358732617,0.012045504648965043,0.00011257828327401063,0.028078929135679023
s13M4522,0.1623284010464021,0.03197783146976292,0.010542935549636503,0.06353552524165246,0.02963564552909668,0.26589610396600044,0.02591030010844476,0.09432384688866421,0.0004411936199972207,0.01208558269827954,0.0,0.040302452704585004,0.022996615361464644,0.01833928677791143,0.014428538301754454,0.018062995131073793,0.0012774020102771508,0.15104248161567674,0.02361759096192233,0.00016396105356987264,0.013091309963827881
s14M4522,0.15769179310118947,0.04129011297463205,0.012113143810781392,0.051091784357595975,0.0444688830879388,0.1134003038470879,0.023458958638693184,0.17652649412488103,0.011363389534891818,0.008540148099200054,0.0,0.04692220681942432,0.03432092287968029,0.023811817754085876,0.017179487580108926,0.021831463236490822,0.0007172710169210306,0.17841777837157788,0.02796861807388097,0.0,0.008885422690938252
s15M4522,0.09513742487739668,0.0,0.003877947779284295,0.057504649471043986,0.06580372046649278,0.4845075694305046,0.06067763709720933,0.035659654691888476,0.0,0.005785055486529625,0.0021460463462571705,0.004971150482459337,0.025733630311183853,0.005904690045043772,0.02358116068221843,0.011534017657420364,0.002313085283262821,0.0673444569387328,0.03229826449876802,0.0027611867726342384,0.012458651681669238
s01X4522,0.16462449087998612,0.000325357371326293,0.0009502902914437018,0.06681182043114936,0.09628691294572984,0.2090013155737483,0.07905025204006845,0.06932291938015087,0.0,0.011242714744354395,0.0020622075075658326,0.02573236308237906,0.03325062215564652,0.004038392969763829,0.031913261077589405,0.014117507477001282,0.0034389821700086575,0.1253352652922507,0.041778489962892365,0.004111816329992184,0.01660501831695284
s02T4522,0.02508244907969271,0.001153542213421956,0.0,0.00915730771335816,0.518662601948118,0.03467708616249,0.2898443561131482,0.013709921479409068,0.0,0.0024365892150647293,0.0009578943417180946,0.002095009258571494,0.025657986132522164,0.0,0.005893668921215788,0.003434225153419735,0.0010188214190426173,0.020335719743529893,0.04068951735790115,0.0005703508154979335,0.004622952931878181
s03T4522,0.0,0.0,0.0,0.0,0.5927844556341746,0.002707511354701142,0.38279052730382634,0.0,0.0,0.00025222740606952067,0.0,0.0,0.015601410358840358,0.0,0.0,0.0,9.060845862681008e-05,0.0,0.005773259483761288,0.0,0.0
s04T4522,0.0,1.8048545585023127e-05,0.0,0.0,0.5060120957071801,0.007727086213366741,0.3400655391742388,0.0,0.0,0.0006063070775491253,0.00010206567640142422,0.0006168022298851324,0.020777235437146352,0.0,0.0,0.0,0.00022767761589912401,0.0037432895072810877,0.12010385281546729,0.0,0.0
s05T4522,0.0,0.0,0.0,0.0,0.0430863813101062,0.0,0.9510708436616772,0.0,0.0,0.0,0.0,0.0,0.0,0.0,0.0,0.0,4.591207304030966e-06,0.0,0.0058381838209126125,0.0,0.0
s06T4522,0.0,0.0,0.0,0.0,0.26319482985196196,0.0015209955758837522,0.7086831943686689,0.0,0.0,0.0,0.0,0.0,0.008448705805763375,0.0,0.0,0.0,0.0,0.0,0.018152274397722087,0.0,0.0
s07T4522,0.026328723201417246,0.0009512050838424977,0.0,0.011515576280332805,0.04999657682969808,0.05348712201654328,0.7958020549486109,0.007862218134845032,0.0,0.0017471530348481374,0.0002539940769550777,0.0049934112108144255,0.010804478375825575,0.0,0.003729405850041193,0.0029546927932012834,0.00036906354845558123,0.02141685508548273,0.0053792807531790636,0.0002596429399326678,0.0021485458359745266
s08T4522,0.0,0.0,0.0,0.0,0.0,0.0,0.0018214203838900394,0.0,0.0,0.35303002100718495,0.0,0.0,0.0,0.0,0.0,0.0,0.6451485586089251,0.0,0.0,0.0,0.0
s09T4522,0.0,0.0,0.0,0.0,0.0,0.4145002267927863,0.0,0.41413483432317627,0.0,0.016172319599999055,0.0,0.0,0.0,0.0,0.008843206073372852,0.0,0.0,0.08242582058929307,0.0,0.0,0.06392359262137258
s10T4522,0.15215656261825128,0.014936454041178684,0.0010623220385461822,0.05427928958308637,0.07395130577233475,0.26964541306007506,0.04115493931049428,0.08664169456863885,0.0,0.01916837791157625,0.0,0.04325373438835384,0.026247980591216476,0.001395262024694814,0.015043767054121802,0.007584432743929751,0.007977933256058682,0.16080462204117743,0.013228163400964806,0.0010536904971037403,0.010414055098196838
s11T4522,0.3155667202878381,0.011720286467447265,0.042283433521351964,0.1913212356653833,0.06463674978518834,0.09345158935114437,0.007997962725158101,0.030611132065430625,0.0,0.0074791008727444,0.0,0.0019094722171917283,0.020472632435753247,0.037632425226850265,0.02864374765843588,0.052133364732687475,0.0014401029228659915,0.07186753647880109,0.012112893926490178,0.0,0.008719613659237822
s12T4522,0.19657739487002746,0.05313851598853772,0.0070907133525075555,0.06275230582040393,0.034676961112091766,0.09975417663474874,0.016540501781572275,0.15915447706027736,0.009847220734229374,0.018961196449332994,0.0,0.041943214966395644,0.025548139511040985,0.01224837476879234,0.025208681639463947,0.01989111567035331,0.0020085623540464204,0.1898443148373397,0.01047589961260785,0.0016857924166841763,0.012652440419546492
s13T4522,0.2859323609375084,0.019407726587168887,0.0107926333051108,0.08949523140460676,0.06549852465052057,0.06976722381161791,0.04104080951916027,0.05324487856604347,0.00028366720997308377,0.014700485118358276,0.0,0.050639981744150235,0.024374797569674225,0.01622516582194677,0.021671566471372646,0.02014937570769463,0.0007720170924051322,0.1811695623032787,0.024129398941157437,0.0011937172904749156,0.009510875947776842
s14T4522,0.18106695015390128,0.021325900497927555,0.005718803889420495,0.06747992738962555,0.16831176671319717,0.08266287099001111,0.04022223375522258,0.06467699781222441,0.0009690144266120907,0.022857765797334305,0.0,0.03573884048580269,0.03101887556764255,0.011805083821550828,0.024232138125962737,0.017231095842501407,0.042960320117052433,0.14917433270808234,0.01621291964816678,0.0019047657272283833,0.01442939653053336
s15T4522,0.15168528224020225,0.006052341584206842,0.003368307625899248,0.07895465523157995,0.10655360821004094,0.11373118490694016,0.0792459421220081,0.09704363521701147,0.00011937056927953493,0.011800509182659989,0.0029602645798955853,0.016234238403642645,0.06951957402854447,0.007555158023587302,0.04605957982235634,0.01858339916014821,0.0034815084797589733,0.11144136091798747,0.04682092053605393,0.005565286924744156,0.023223872233452517
s02M4622,0.010449681135382137,0.0008642776669262755,0.0,0.0,0.9664952530367363,0.0033475567884965517,0.0,0.006732939408828583,0.0002608211059459647,0.00045095168360733843,0.00026963849694069286,0.0006888013210464161,0.0,0.0,0.0,0.0002631151396659628,0.00018706862914949184,0.0034307700880395263,0.0031023545851051725,0.0,0.0034567709141295044
s03M4622,0.0026705205775007473,0.0,0.0,0.0,0.3297258883623221,0.0011557296035922258,0.6543264551760576,0.0,0.0003129978105019815,5.2670757117525875e-05,0.0003424375775064578,0.0,0.008499262849055826,0.0,0.0,0.0,0.00020643799362484033,0.0003224680751073975,0.0,0.0,0.0023851312176133804
s04M4622,0.0,0.0,0.0,0.0,0.3316729178097245,0.0004521086743312057,0.6508703680208304,0.0,0.0,0.0,0.0,0.0,0.0,0.0,0.0,0.0,0.0,0.0,0.01700460549511373,0.0,0.0
s05M4622,0.0,0.0,0.0,0.0,0.10594226003463589,0.0,0.8940577399653641,0.0,0.0,0.0,0.0,0.0,0.0,0.0,0.0,0.0,0.0,0.0,0.0,0.0,0.0
s06M4622,0.0,0.0001941024418410838,0.0,0.0,0.10660486983943109,0.0,0.8894448175465137,0.0,3.7807826592897474e-05,0.0,8.300831963370572e-05,0.0,0.003453181421602217,0.0,0.0,0.0,2.6290972911100205e-05,0.0,0.0,0.0,0.00015592163147412502
s07M4622,0.07455465672564973,0.0023279310984885416,0.0,0.02169486050300986,0.2742511071825264,0.02667140273623013,0.4487394809438062,0.008373042537756363,0.000514148050698321,0.004826102197934555,0.0,0.02608253738817269,0.025973013020759994,0.0,0.001261714476644637,0.0027741046608056237,0.00040452366494447416,0.07747946385250051,0.0005488675475741838,0.0,0.0035230434124977512
s08M4622,0.0,0.0,0.0,0.0,0.0,0.03314060483677036,0.002347582627254751,0.0,0.0,0.1930407487973627,0.0,0.0006347337183578003,0.0,0.0,0.0,0.0,0.7704170678700725,0.00041926215018199797,0.0,0.0,0.0
s09M4622,0.0,0.0,0.0,0.0,0.0,0.7607081169595888,0.002965915941034556,0.16707105546738432,0.0,0.004976926998726299,0.0,0.0,0.0,0.0,0.003626347756893363,0.0010805823593295497,1.3215467154495835e-05,0.03221417191327958,0.0,0.0,0.02734366713660901
s10M4622,0.045220621304166576,0.005890218861238486,0.0,0.01683662483573864,0.01556960950313963,0.40755377904414913,0.21804578414235776,0.13759956049315258,0.0,0.011601699414448007,0.0,0.008702659970068744,0.003606134114185849,0.0,0.01107142699961244,0.013326056202787404,0.003213817740747795,0.06773145919383536,0.007740024168570383,0.0010307979672554838,0.025259726044545763
s11M4622,0.14042441129121694,0.010481045185102735,0.0009197257926119792,0.052571032993282994,0.03934555000964494,0.3781785918522221,0.034951681809028606,0.079219779906379,0.0,0.016989074194661027,0.0,0.03214299454111437,0.016703913316162246,0.0010272435119089288,0.017383832838863657,0.012679074404489725,0.0011744177073162443,0.13215871247754352,0.01752514177364793,0.0018582952034172388,0.014265481191385874
s13M4622,0.10759602664748918,0.017286570422608807,0.0016788855252537005,0.03360820018515567,0.02198936185727436,0.5396390707119696,0.019610169860810652,0.06829027062479459,0.001275738926358166,0.013690378097467457,0.0,0.023931881498328197,0.009696552217132346,0.0036513998769376796,0.01205343462486709,0.007448106498451905,0.001510845374350714,0.09129674399741712,0.01077920860031701,0.0014275189881508537,0.013539635464864936
s14M4622,0.15949795470294953,0.005043018732807171,0.0024161234783405265,0.054249271094068775,0.37251852799796326,0.07283737194731225,0.11432676785570157,0.030066000346289538,0.0012173234421079837,0.012189629084512486,0.0,0.020878268776990228,0.030668096352925826,0.0,0.010157014133244118,0.014878066239091456,0.006507496458606883,0.08726639169639443,0.0,0.0002446215967081353,0.005038056063985829
s15M4622,0.15603673559471562,0.007289751283998348,0.0028336103229671243,0.04817869670208092,0.08250928832536988,0.23853175974813487,0.07238784551311794,0.13954351342903812,0.0008934075538434588,0.009335549382062241,0.0018742371664831686,0.015360271956406261,0.04521972271835825,0.004728250598702953,0.02399605460653933,0.018315846433091944,0.0035545263430037406,0.07778682542385196,0.025024484592421632,0.0026935733692645143,0.02390604893654778
s01X4622,0.41136107954870077,0.0015367369999076794,0.0,0.017315848633321643,0.012983871427308847,0.02779495711154145,0.37652296670463253,0.006051454578502192,4.767795316063983e-05,0.002303145899976244,0.0,0.02356033251086159,0.00755639282464466,0.0,0.0007740439373510875,0.0,0.00034201613812632423,0.07496112750950601,0.0367312947479185,0.0001570534745397861,0.0
s02T4622,0.0,0.0005711546042748074,0.0,0.0,0.15408685955349427,0.004667842476251842,0.6376663727094612,0.001747504737974162,0.0001582423491039122,0.0009753830046102269,0.0004280468284828715,0.0,0.026751370207362103,0.0,0.007761848354561864,0.0,0.0002808229922476471,0.002448801761569208,0.16134315185946876,0.0,0.0011125985611372114
s03T4622,0.0,0.0015705089068164067,0.0,0.0,0.18607030316805964,0.0,0.6453968307016829,0.0,0.0,0.0,0.0,0.0,0.035978685387631854,0.0,0.0,0.0,0.0,0.0,0.13098367183580928,0.0,0.0
s04T4622,0.0,0.00037395663904341416,0.0,0.0,0.29044769237315293,0.0,0.6651151813911357,0.0,0.0,0.0,0.0,0.0,0.044063169596667874,0.0,0.0,0.0,0.0,0.0,0.0,0.0,0.0
s05T4622,0.0,0.0,0.0,0.0,0.4120649419935323,0.0,0.5743845735759583,0.0,0.0,0.0,0.0,0.0,0.0,0.0,0.0,0.0,0.0,0.0,0.013550484430509315,0.0,0.0
s06T4622,0.0,0.0020677153924631058,0.0,0.0,0.12181507453292106,0.0004742054055390352,0.6318826787000942,0.007739155947050543,0.0,0.0,0.0,0.0,0.04789203267731677,0.0,0.0,0.0,0.0,0.0,0.18812913734461523,0.0,0.0
s07T4622,0.030539966442619547,0.010204536781121556,0.0007329098674343159,0.031228920114264706,0.02653414534297848,0.022733886320074316,0.5918173994822786,0.04330934900619395,0.0015485659490110245,0.0025934228761621617,0.0017280336276847708,0.004302907521675561,0.11793667322488838,0.009329340018793946,0.014924637717631941,0.008875395826032974,0.0013062011238736257,0.029964044024701427,0.03837608725151173,0.0025999152826168804,0.009413662198450133
s08T4622,0.0,0.0,0.0,0.0,0.0,0.0,0.00035337800842216607,0.0,0.0,0.5820039067042843,0.008762655302483819,0.0,0.0,0.0,0.0,0.0,0.4088800599848097,0.0,0.0,0.0,0.0
s09T4622,0.01569860290910404,0.004790159390003971,0.0007413532733576997,0.01685476002415705,0.047535956861398235,0.15184667455185488,0.04306805330179191,0.1844114665546965,0.0006917519722377457,0.22028142231627953,0.009211772704125078,0.0025291627532494313,0.003561464590309598,0.003482849198807565,0.018879883431188148,0.011729114502685848,0.1506758189047217,0.058283808501136944,0.017620698690727927,0.0026325565534083793,0.035472669014758026
s10T4622,0.04477725403989146,0.004222802340561764,0.0014553584095651248,0.018281073186036296,0.027783655488438207,0.4930042480713071,0.02363995169703473,0.18768718115479593,0.002407452907487751,0.01934240083358599,0.0012698199544017893,0.008516519812034457,0.005984115569971544,0.0031942816993978376,0.015989714011461972,0.005900054604976627,0.007271405259133361,0.07394601113036557,0.01574536706583112,0.0017998459147923142,0.03778148684892926
s11T4622,0.07519582068131328,0.016439125835504033,0.0010510140731940373,0.03291243175951852,0.04891010920000463,0.41252964422938804,0.04157232640546401,0.13998439853121217,0.0021010575636974255,0.015602554256299937,0.0019451950803974355,0.016913082364232154,0.009611027787486938,0.0032363225502583413,0.021816986895520658,0.00880672885929475,0.0023436487532897733,0.09327212672694934,0.027056325602575742,0.0026836432590993825,0.026016429585299504
s12T4622,0.07865700097212737,0.004387182957890404,0.0007927884751093768,0.03451214237879912,0.03398739737440363,0.39266760783724075,0.03524809284777684,0.2019220132060851,0.0,0.007720315754856394,0.0011339516852974085,0.0224260381605655,0.032560825332587404,0.002531042398824205,0.01616359016924508,0.005997029392292779,0.0019389478306360074,0.08951364853653565,0.020666785117366096,0.0023192909413409213,0.01485430863101988
s13T4622,0.15297804175975613,0.012579992390612,0.0,0.05158668829921789,0.03325652875263281,0.2890937365817944,0.037250870864217515,0.1066907856891906,0.0007714800551025956,0.015718170145532652,0.0,0.05632290722774762,0.016411764064939417,1.5005367304524372e-05,0.00732001882329599,0.006468715019978438,0.00032433867311534056,0.18582969928106208,0.01626917328945224,0.0006415840733704695,0.010470499641677206
s14T4622,0.15471016418658579,0.006092641323904987,0.0009933508807390722,0.03741620844980099,0.01777438746170076,0.23223506482737452,0.24150871754452566,0.08164320606782395,0.002202712360100337,0.010994496691724222,0.0,0.03659731485262509,0.009567414860597766,0.0007497414997716268,0.006930315852305633,0.011473736356523498,0.0004527800180455654,0.12269831068513407,0.014628954641697528,0.0004895711289573651,0.010840910310061486
s15T4622,0.1472383259159963,0.011005054309260675,0.003913606811866213,0.047203348236310685,0.04307249359085817,0.3705290038513354,0.033653308971584216,0.09115352369340746,0.0018602177238290765,0.035908447314430804,0.0038063351455459933,0.009732136592847235,0.015608920314794666,0.007606475772337928,0.03124903478163833,0.023309949295005836,0.0035787465120569032,0.061950671964802945,0.027767119352937162,0.004171381250616092,0.02568189859853762
s02M4722,0.009892738647294149,0.007336307463183669,0.0005091095211838341,0.00465729540542754,0.578609495394419,0.0060522652333534245,0.30537487394502555,0.015656522001736724,0.0002528427490003949,0.001780802801030508,0.0,0.0035689246516164602,0.029481425660230983,0.00025242548336875065,0.0017718370339700952,0.0020086639208102275,0.0001964354603136811,0.019282883895402038,0.01055951251731525,0.00011300904437561588,0.002642629170942011
s03M4722,0.018140006141199864,0.0,0.0,0.014212338741258403,0.3802514048334621,0.011001154413597154,0.3941894191956884,0.0059867988916445,7.264419646024912e-05,0.0019996897918844706,0.0006915301739190471,0.0009003844253291412,0.02920321879261141,0.0,0.006975116886935864,0.004337586089629124,0.0004592482800303085,0.016628526394711886,0.10983422971640118,0.0005788629340044315,0.004537840101232353
s04M4722,0.0,0.0,0.0,0.0637934538982007,0.7609419586421723,0.0010193432354473522,0.12882301243094732,0.0,0.0,0.0005173192430921831,0.0,0.0,0.0,0.0,0.04475260936590547,0.0,0.00015230318423474566,0.0,0.0,0.0,0.0
s05M4722,0.044618726369221505,0.003342172633630919,0.005382762689845396,0.0409933204686465,0.08717471647042341,0.02526867259045291,0.3212674859859779,0.06934308888568219,0.0013119148846606485,0.005150555246550807,0.004279482292814338,0.0006022585329262714,0.07757410764955369,0.016765786886339215,0.02936275532625444,0.032471859088102475,0.0012697617410811098,0.05204209926546468,0.16085111834236215,0.005193128880924268,0.01573422576908507
s06M4722,0.024102536473517195,0.0003616472242805673,0.0013638813656084944,0.29553752642759384,0.41133907233858885,0.01928686010052843,0.07405551476807432,0.04029654775256329,0.0015910501938499325,0.0057283618372909045,0.0018052048462475598,0.0002626494721204506,0.009353451412226559,0.004567635589946812,0.016482959086398477,0.016320284547561535,0.0009001662405276267,0.035231497181465614,0.028987201956052814,0.0027963308302637515,0.009629620355292958
s07M4722,0.13781009441036962,0.0012818709962937737,0.009682648461245343,0.08011371069615332,0.12845056980853775,0.05383764537959438,0.08429623997814265,0.07102630794810165,0.0038171654710238167,0.010888344933493409,0.004449250654789221,0.0013745630340755142,0.032062639787370895,0.021441316352700714,0.14803169804730892,0.0385607145887836,0.002246696166269592,0.07332602301255345,0.06134459927942422,0.006453383991987158,0.029504517001780785
s08M4722,0.0,0.0,0.0,0.0,0.052720793220663635,0.0,0.0,0.0,0.0,0.6745922448777752,0.019255000183816286,0.0,0.0,0.0,0.0,0.0,0.2534319617177448,0.0,0.0,0.0,0.0
s09M4722,0.014795168619456239,0.0,0.0,0.005911615255248376,0.0,0.42979427159161754,6.516925099629178e-05,0.1372632609391741,0.0,0.3287086647552328,0.0073320682205732625,0.0,0.0,0.0004533094856312786,0.005665894394234612,0.010616675462400312,0.0007765857423525494,0.034782832596300245,0.0,0.0005735759072074245,0.023260907779575006
s10M4722,0.06572856545988567,0.0,0.002147845528050237,0.035226489170363126,0.06429824334191823,0.3049160994875663,0.04155501223345891,0.14886926551974605,0.00015562107771900616,0.10834793597005893,0.0018318334829452699,0.009853411350322831,0.011045066618275184,0.004601495625330739,0.02041315302725546,0.018580023258685064,0.005957961798137919,0.08268521084280442,0.026271285857091826,0.002721954933256995,0.0447935254171276
s11M4722,0.03754161729499311,0.0014320393006060986,0.0011509262974087346,0.018126762747566826,0.0062379093959342505,0.056540219850118784,0.008905254777652728,0.12946576935546658,0.0,0.5959168515721115,0.014509187796206193,0.006185899112898862,0.013388056563526688,0.0005389111150094022,0.006471567592778653,0.010370915774252332,0.014777308166700144,0.05511043608749013,0.005055912835187842,0.0,0.018274454364091225
s12M4722,0.033372459246760446,0.007205775538846676,0.0027201791992277234,0.01751073477861123,0.008368422262660442,0.0919605141632685,0.005667358932659926,0.07012848771567909,0.001476462066545358,0.6490684753271845,0.01984527349405727,0.004492542058113643,0.004040215699883421,0.0033361309391909057,0.006641851440242984,0.009536552752643986,0.01931265471980737,0.032484273991224055,0.005163593707031156,0.0003245649576917024,0.007343477008669811
s13M4722,0.018589648813043372,0.0026056955384344406,0.002389824382591114,0.014528002774322457,0.013307751586429472,0.013768639184924696,0.00830870768152508,0.012392204003217699,0.0005642336172096097,0.8355230241462377,0.024293615048185405,0.0009632926884391537,0.00422469000669028,0.0033157375818675377,0.005765876949285598,0.008865838699455049,0.011321288553632255,0.011692476529807275,0.007068091585251531,0.0005113606294502217,0.0
s14M4722,0.11511219058770827,0.008954787394088776,0.003273209683984858,0.035049264793554726,0.027857779692976554,0.06702931809407899,0.018304728773863833,0.06210891531897521,0.0025483495681977632,0.19370828561407955,0.0056789701226984905,0.016032853819480438,0.016930118155288193,0.002107743831234491,0.2925041237889343,0.018537698770728517,0.009885461554320008,0.0877927875288814,0.007654857874270602,0.0,0.008928555032655026
s15M4722,0.14278283818228904,0.0025892882081891074,0.004403473626142079,0.070587823415731,0.08563166931307449,0.04239325815527225,0.06810290883944073,0.05440620603800652,0.003287446022311898,0.17566024413672626,0.008346451138578351,0.02838801381377744,0.02725283049268568,0.011923405738627133,0.028674016617378832,0.02901955212980493,0.02716668720954472,0.12514426948804325,0.04381251881795552,0.00463700507831976,0.01579009353810097
s01X4722,0.5649790725333158,0.002076191520721647,0.0,0.03391830000003312,0.05055807060556156,0.0493717071095845,0.07648580789157805,0.021308307081183663,0.002045116005589589,0.01170144105564821,0.00024737948784097746,0.01608559016734424,0.013906467365103549,0.0009805789227437273,0.009070011450363803,0.012405405588456288,0.0010932694884125767,0.0715869802827269,0.05534044609050889,0.0011578864751897043,0.005681970878093205
s02T4722,0.0,0.0,0.0008730418279494387,0.0,0.4195837435213981,0.01314746350508313,0.48835331058231285,0.0,3.967132588446128e-05,0.0019804461801965754,0.0,0.001405878635785226,0.015553758234027042,0.0,0.0,0.0,1.5386414436859155e-06,0.0,0.0590611475459195,0.0,0.0
s03T4722,0.09572300054580594,0.0,0.0,0.0,0.08515227006193489,0.012265234774497827,0.7701175681893573,0.0,0.0005211385458711225,0.0022993445245693017,0.0,0.0,0.0,0.0,0.0,0.0,6.645619625435968e-05,0.0,0.03385498716170928,0.0,0.0
s04T4722,0.010313570162815287,1.1043688953835407e-05,0.0,0.0032534575005084025,0.0,0.01819666969435804,0.9412744214558656,0.0021428175946479294,0.0002288760216139256,0.0034450765128137637,0.0,0.004418618647042228,0.0,0.0,0.0,0.0011364977462825201,0.00018686664224279367,0.014855863094945819,0.00033858562900391473,0.0,0.00019763560890594407
s05T4722,0.004989783133219552,0.0,0.0,0.0,0.5481961159143585,0.016245927293229528,0.389476689334767,0.0,0.0,0.0031634199024725015,0.0,0.0027457192660632545,0.0,0.0,0.0,0.0,0.00035946791192081716,0.006510434069035137,0.028312443174933914,0.0,0.0
s06T4722,0.016389551220645362,0.001156416441410321,0.0025001759389220155,0.005689504684755655,0.6132486672790696,0.030389957295616415,0.15355959206664335,0.004342529213852664,0.0,0.014028759705869063,0.0,0.0010278369072977945,0.0025028195930666434,0.00601704651066702,0.0007859035877809552,0.003590972603032462,3.3674714097780104e-05,0.007537884293890143,0.13409809120410787,0.0,0.0031006167392748966
s07T4722,0.3327375774653118,0.0005749738755323404,0.0008734680935429467,0.04093841477025088,0.02878560806876035,0.14321007996487492,0.2193348034115729,0.0367187582908131,0.0002574723110725405,0.023074357513235888,0.0015025978069545148,0.008429011401923592,0.017169549624302113,0.0025233088852537815,0.010845595065191432,0.014439418946108723,0.0015063625950431311,0.06399213621474739,0.03959653737656263,0.0014355987741058813,0.01205436954483906
s08T4722,0.0,0.0,0.0,0.0,0.0,0.0,0.0003172199387648609,0.0,0.0,0.7161883001635079,0.011554437322939929,0.0,0.0,0.0,0.0,0.0,0.27194004257478727,0.0,0.0,0.0,0.0
s09T4722,0.003034007984168477,0.0,0.0003535806909481041,0.003501790406710795,0.0019521441383798918,0.024443955881437364,0.002160093188716982,0.051326573648397704,0.0,0.8465827206053733,0.024208842954394297,0.00044398561211434525,0.0003620261243704049,0.0004767432617003699,0.0025948855686046056,0.004064551543035024,0.0030759468415132696,0.025321516220243985,0.0014923981135086138,9.859165914212523e-05,0.004505645557240164
s10T4722,0.088775114038555,0.007948464189271622,0.0024845030982749137,0.027186478281656684,0.014823251648398768,0.14569658863796134,0.015578122195932017,0.04229284469186781,0.0013059038619010121,0.5013281424606105,0.029118365785633135,0.008729528229832216,0.006452844292550299,0.003847057190218502,0.009818282788140174,0.017014560409704563,0.001314403781758008,0.05814854773047686,0.009044026534905977,0.0011708517756809516,0.007922118376669807
s11T4722,0.0551844071255301,0.004632626604147447,0.001505787744905868,0.01413274373485298,0.0070165339715279225,0.02185613741849062,0.0076179622184242525,0.04166662231227259,0.0009247412811804293,0.7481420888150697,0.020868970738675822,0.0047903080134648595,0.004047459108216314,0.003032286668978653,0.006580472569234632,0.009240222597089424,0.001996857338215455,0.03505180962298639,0.005748898977580355,0.00055996546999091,0.005403097669165302
s12T4722,0.13856651633157374,0.010446147213437484,0.004705449892354488,0.03847364634415031,0.01253870739412294,0.0463810114877455,0.011099519177395536,0.08315219215316473,0.004104141447211554,0.4715717235803613,0.010182627074073499,0.010170805967641399,0.012703295031652932,0.0069435888918193515,0.015901820700026836,0.024632907337828015,0.0006432352541611855,0.07147036424394464,0.01079143168372503,0.0004327893879568656,0.01508807940565262
s13T4722,0.12246935073968167,0.006815987327137657,0.00664147983807594,0.03169356684554564,0.008071446520570517,0.033208909116246896,0.004446956713230487,0.07255348438212925,0.0049380703795845115,0.5865681698665037,0.015024547131433152,0.009835003086155439,0.005901108837293466,0.008645333833573693,0.009703582123688183,0.017273315217007288,0.0006686862170726538,0.0447359532133138,0.0060586234049086795,0.00030130276960973904,0.004445122437237573
s14T4722,0.1948821508788931,0.00817597566061298,0.0013519732311809615,0.06983175400480551,0.05275904660592023,0.05854005532340744,0.05640115404261961,0.08945508953998103,0.0018230226982190374,0.09644433862427457,0.0036956263264094937,0.05844166309050429,0.024156793555368265,0.0042874880592058615,0.01875667571521694,0.018988302418019035,0.011727759086528414,0.1868775877773188,0.02809652320939519,0.00221722532164538,0.013089794830473815
s15T4722,0.2723837664676237,0.007487362800720104,0.015861507096406307,0.1098534104883262,0.04429470474495692,0.05765081283782144,0.028104194945188767,0.06297479334367244,0.001938781735771227,0.09768343917238843,0.0,0.030162828936563947,0.019179820543003868,0.01741334209590219,0.019920901836461648,0.042831789483790884,0.005946425454500884,0.12714469118899818,0.02118867935718315,0.0005893750838474042,0.017389372386872198
s02M4822,0.3278494984950907,0.0005059069275205524,0.01661244039847313,0.018469410142004792,0.37430354395634596,0.009949076554905038,0.09835743598833553,0.013033115020750203,0.003025424026728208,0.0015207838142791657,0.0,0.008256879298156968,0.0,0.03184590846368203,0.007437816311844315,0.0038034143522792116,0.00031236069598570415,0.03172450251064537,0.05062029158235706,0.001967626541188888,0.0004045649194269413
s03M4822,0.11639028658513742,0.0,0.004124036341454279,0.02877135810331302,0.178644245786296,0.009068626956738381,0.4527551243723398,0.027071281990558523,0.0014475073735289567,0.002709679223822021,0.004144891740224963,0.0,0.01276433800109989,0.05019191140242458,0.016088477323129364,0.009805812604195196,0.0009633877817166377,0.019455468461242156,0.05227562456888223,0.002837228500965862,0.010490712882930655
s04M4822,0.0,0.0,0.0,0.0,0.018963630951827033,0.0044074781301318405,0.9756032929586906,0.0,7.754158647576192e-05,0.00019899751562696413,0.0,0.0003074028932601923,0.0,0.0,0.0,0.0,0.0,0.0004416559639874888,0.0,0.0,0.0
s05M4822,0.0,0.0,0.002169252198120889,0.0,0.12672131031142927,0.001467480223198399,0.8454405786345385,0.0003318987929605909,0.0003438026654092722,0.0,0.00021814208863455578,0.0,0.0,0.006750926703357346,0.0,0.0,4.634370311975863e-05,0.0,0.015527635995046862,2.0415368285091236e-05,0.000962213315899627
s06M4822,0.008561764162339808,0.00010887637713837402,0.0009292541014022435,0.2716692692549279,0.1959841901291139,0.013194006516156367,0.4274642628597855,0.017942263469717754,0.0011294968013530423,0.0016308626976981515,0.0015150917976154525,0.0,0.005294836607887346,0.004802071158971471,0.007380112698903087,0.0004866320484216792,0.000527123579998116,0.010671832715445992,0.020536256282181767,0.0020846768121694187,0.008087119928772646
s07M4822,0.35406819035707315,0.004750967949335657,0.012034428619594695,0.10694964252882246,0.04881590714396616,0.02902969380273035,0.0719827858355452,0.03974078458664065,0.002565223006354563,0.014946430621981123,0.0010577728367683074,0.02228654275889565,0.0229067557768542,0.016620835170507713,0.029004489456499312,0.052181978643028704,0.00031886804167546997,0.11282523584145872,0.032931737912316544,0.003965311775952468,0.021016417333998925
s08M4822,0.0,0.0,0.0,0.0,0.0,0.0,0.0,0.0,0.0,0.8574752266951811,0.013613211844341468,0.0,0.0,0.0,0.0,0.0,0.12891156146047755,0.0,0.0,0.0,0.0
s09M4822,0.07185467920306966,0.0008536929212155394,0.003923484472605618,0.022757973609394296,0.004396486428240399,0.03846212862774519,0.00045828709907906183,0.06448112179266773,0.0,0.7104185916910607,0.009467496952678055,0.0,0.0009012806665774323,0.004762675138733914,0.007022004090700801,0.018079837776171042,0.00030395524141384807,0.02391069726856789,0.001137667816964987,0.001019464238226746,0.01578847496488731
s10M4822,0.03201786550375433,0.0013461713667333116,0.0018618787239328268,0.008953121294480447,0.0032332785735285255,0.018525237707856416,0.0026631740810076866,0.038634908715515906,0.0008334189816825997,0.8280823442575509,0.023614883058916816,0.0019396125805479628,0.001184753757703094,0.0023234194063280118,0.00373510856194027,0.0055857886950833905,0.001092484548242527,0.016467354409980275,0.0017665202161477134,0.00027956193575864847,0.0058591136233084665
s11M4822,0.06233550392681194,0.004360284452820852,0.003063372481605582,0.019340857608129692,0.006881627189385758,0.011564461218439735,0.005050167562348867,0.041971281409399486,0.0008277000126706764,0.7581149122082699,0.01329923465632291,0.0039003812068070186,0.0030462537623864925,0.0039738567746644615,0.0077898860755818925,0.010319357973192621,0.0002806858909037442,0.02549945571612176,0.004478442943260292,0.0006070402827496787,0.013295236648126778
s12M4822,0.010571735893063029,0.002626299182834707,0.0,0.6039797478253264,0.0,0.006965865600678459,0.001078456318555086,0.011089088882603397,0.000681454662738119,0.3260070313492498,0.006347001295665951,0.006332489718630818,0.0013238119126817048,0.0,0.0,0.0003442000436257651,0.0001789120684525713,0.020904161516401176,0.0,0.0,0.0015697437294931724
s13M4822,0.21011465925627218,0.009856443768378118,0.011144842456758935,0.058725747983500984,0.014859248504702773,0.016861388619751484,0.005063430991845573,0.14009346881682322,0.009617875937280626,0.3210922104766008,0.0041966958563037365,0.021555350111363898,0.007619902897955024,0.012998956650543975,0.013775347078502724,0.028755018987438936,0.0002247345886767609,0.08887564203917095,0.0074346507274586,0.00036189322139471047,0.016772491029275822
s14M4822,0.2759257346311792,0.011090906347124814,0.025074448257316088,0.11603204127549879,0.031496494572883414,0.014766177017380007,0.015924598141791237,0.12575882071655195,0.008231679326733658,0.1038148502175527,0.0,0.017548333983660014,0.014731288447495015,0.03036108755598219,0.02793012689231148,0.047013935440091956,0.0011145882880174908,0.09115244377931975,0.021170999109831175,0.0004932434613858744,0.02036820253789326
s15M4822,0.23506556136616827,0.006453979596146337,0.011476067778673969,0.09078098432440977,0.041062524169769875,0.049491737288730416,0.03826923848012554,0.04240528882728848,0.00030497240799527025,0.024690633366579718,0.0,0.042057490329315314,0.020799977794994023,0.01593109502610457,0.15603212450801873,0.0339432083314914,0.0006925580453818858,0.15329111113927651,0.027075847394413467,0.0005642618170883599,0.009611338008028086
s01X4822,0.03738987725405001,0.00185605232668874,0.0020390976515101207,0.01260505454715395,0.0,0.0030595353036639863,0.8711479798385541,0.009094885168403219,0.0018757705331409232,0.006670678378438996,0.002150783494663771,0.0008530674078842119,0.031282338028944146,0.00036525769564233867,0.0036118529613272292,0.004255838277991218,0.0007872267214527585,0.006699566691434304,0.002050309363333258,0.0005898565276568383,0.0016149718280660463
s02T4822,0.004429443153109803,0.00038098569803080603,0.03634804442473679,0.023918469792480985,0.11859883978271013,0.0006986917209309262,0.6770962545939594,0.007934952568491234,0.0001446398785034537,0.001971640237096685,0.00020177585721828064,0.0008505563455167807,0.0,0.06675462030489278,0.01225431407101068,0.0003966519840235733,4.252582877610499e-05,0.001143159824779748,0.043170816666809865,0.0029407514139623047,0.0007228658529596446
s03T4822,0.0,0.0,0.0,0.0,0.0,0.0,0.9963998919611999,0.0,0.0002563172004487926,8.109963023900012e-05,0.0002587918852425308,0.0,0.0,0.0,0.0,0.0,0.0,0.0,0.0020703970561334324,0.0,0.0009335022667362999
s04T4822,0.0,0.0,0.0,0.0,0.01972368372589323,0.0,0.9690592242340539,0.0,0.00013175303947233618,0.0004608666046471576,0.0002320457169691411,0.0,0.0,0.007697296855971827,0.0,0.0,0.0,0.0,0.00170956871633662,0.0,0.0009855611066557617
s05T4822,0.1350258845917352,0.0,0.0,0.006112670836302937,0.13771677170803567,0.00046171409431520653,0.3798110080368636,0.0,6.334931026992936e-05,0.0,0.0,0.0,0.0,0.0,0.0,0.0,0.0,0.0,0.3408086014224775,0.0,0.0
s06T4822,0.21549247020492213,0.0,0.0,0.0,0.04849505300395918,0.006115271539210369,0.05226567743364558,0.0,0.0,0.003514038079269531,0.0,0.005813038422454057,0.0,0.0,0.005898204209977799,0.0,0.0,0.02002917402736333,0.5664772992621135,0.07589977381708456,0.0
s07T4822,0.2455432968252096,0.005646264358656707,0.00483977385365302,0.08299432380069752,0.041110138938920675,0.042938071225946194,0.046320882127504556,0.04377032728015723,0.0,0.1831452975911441,0.0022158788950944605,0.0341896398123514,0.020128124067381993,0.009543772344152907,0.02324754681981402,0.02899401362996308,0.00015354915327626638,0.13174087532256212,0.02960585221795052,0.005674090741941564,0.018198280993622026
s08T4822,0.0,0.0,0.0,0.0,0.0,0.0,0.0,0.0,0.0,0.8755981293311392,0.011267612421987046,0.0,0.0,0.0,0.0,0.0,0.11313425824687377,0.0,0.0,0.0,0.0
s09T4822,0.023116607252522448,0.0,0.00032868922454516475,0.00039544781294759596,0.000271711490560279,0.006921030713618015,0.01086178534668471,0.015185350135615502,0.0,0.8837973403994136,0.017826764283032565,1.927234619125417e-05,0.00019678679393776927,0.0002115869448485614,0.00048015432040303694,0.0035590350029502922,0.0,0.008501677659634561,0.0003140036713459464,0.0,0.028012756601748682
s10T4822,0.020998689905618206,0.004948556222361129,0.0001242883854567468,0.0,0.0,0.0005547742219407912,0.0007949743958391869,0.011451954500225561,0.0,0.9394905249093964,0.008452857719955235,0.0,0.0,6.460195914292001e-05,0.000893846267881283,0.0,0.0,0.0,0.0,0.0,0.012224931512182452
s11T4822,0.014788102240367402,0.004306194900878142,0.0002845458943806653,0.0,0.00010906933933572656,0.00046794892260046834,0.0006482502734362099,0.007757600087788065,0.0,0.953176705541231,0.009612302540689047,0.0002849963605103656,0.0,5.494660096445249e-06,0.0009284811522581517,0.0,0.0,0.0,0.00010573346809173683,0.0,0.007524574618336593
s12T4822,0.027857658256491884,0.0073937986658873436,0.0005649717757681782,0.0,0.0,0.0,0.00014527061732748996,0.015910063521567985,0.0,0.9279566347419899,0.002209916192037641,0.0,0.0,0.00044212782868138626,0.0014849465329932398,0.0,0.0,0.0,4.63793791267955e-05,0.0,0.01598823248812827
s13T4822,0.015534989972381282,0.0037173585988100246,0.00020431352312434782,0.0,0.0,0.00022671940301937166,0.00024039671945220106,0.0197344800721115,0.0010225807365658282,0.937295201538468,0.01033454488059468,0.0020584953293369744,0.0,0.0002318797455967982,0.0013489433760500993,0.00028164546689218335,0.0,0.00311557856639737,0.00028502490285539476,5.9555647772613945e-05,0.004308291520571234
s14T4822,0.2193617378701139,0.00803604593139701,0.0023602605327330338,0.01878213329463327,0.009431921037111985,0.005546854011938408,0.00904358528840897,0.04659629689791925,0.0018001529546379544,0.5909310267898182,0.001312083595692867,0.007577680735208213,0.0030796311531187965,0.002679410359828461,0.006154993119310477,0.00876228875432727,0.0,0.0306318370987372,0.008023893102598148,0.0008506574884043944,0.01903750998406223
s15T4822,0.14416867950942405,0.00931172829861872,0.004268496189498589,0.04103895390768154,0.023060170274731458,0.016020463783775276,0.01692126121748718,0.04232679302875343,0.0,0.5180468284560298,0.0,0.013000710440282032,0.023789339306134746,0.006872935762640593,0.016466360835323258,0.019809717442016428,0.0,0.0564972298646855,0.011273586023937408,0.0015982203385664373,0.03552852532041358
s02M4922,0.011171223301329964,0.0,8.101956237779849e-06,0.0,0.0,0.0002744183215048607,0.9694433853916463,0.0,4.372074441566404e-05,0.0014494797224623309,0.0,0.0,0.0,0.0,0.0,0.0,0.0,0.0,0.017609670562403066,0.0,0.0
s03M4922,0.017291447171475946,0.0,0.0009407883531227648,0.010443463635825037,0.036995983211671996,0.004417010176739254,0.8685697550671898,0.011210287372965122,0.0001354491956557468,0.0047145365516283,0.00043691292433838146,0.0,0.009576417992630393,0.00407157285053408,0.006266656110731138,0.0015414931297792656,0.0006637531994567518,0.00721012979913979,0.010152670875784826,0.0013767554972502838,0.003984916884080692
s04M4922,0.0,0.014318371762540746,0.0,0.006527782383295144,0.10305344395221479,0.007216959603470524,0.45161302260888736,0.04969720015200899,0.0,0.0031811204321725746,0.0007718967103133384,0.001611599213588948,0.26937556279125446,0.0010845802097652363,0.00420962175958443,0.0,0.001008435587812706,0.012127866708850911,0.06885187006986736,0.001392447293284902,0.003958218761087487
s05M4922,0.005947477761654583,0.000552535611307558,0.004574361116963096,0.00963121250579621,0.020338914601634613,0.0051081102541066185,0.8470713575773966,0.00876668139797456,6.01202245183275e-07,0.005379090938027454,0.00015106858646143088,0.00048491692739923445,0.01779658187903742,0.013205947725669558,0.0044195019964344264,0.0007340246452786901,0.00027888557734060353,0.009020852899631086,0.04300314625495734,0.0013968671851484354,0.002137863355535279
s06M4922,0.0,0.009873484821329376,0.0,0.0,0.09363461696611519,0.002249608708256572,0.2530523881382981,0.018211692139326777,0.0,0.0010700662416547521,0.0,0.0015639854055686292,0.17947520894000293,0.0,0.0,0.0,0.0,0.002097100004784938,0.43877184863466273,0.0,0.0
s07M4922,0.5432916275180376,0.005291907688338297,4.704042787702796e-05,0.03855169175518429,0.008595217980294565,0.0307412770533043,0.07479613447600963,0.023971572911130515,1.5424504936594083e-05,0.07204807032657536,0.001116586011497117,0.012691447044431117,0.027182569786015177,0.0031161531809342615,0.012740555624382163,0.0224675320498965,0.0002948902539537777,0.06397221750796023,0.04711306927195135,0.0022831875672351316,0.009671827060055057
s08M4922,0.0,0.0,0.0,0.0,0.0,0.0,0.0,0.0,0.0,0.8570450712545056,0.00862772405019297,0.0,0.0,0.0,0.0,0.0,0.1343272046953014,0.0,0.0,0.0,0.0
s09M4922,0.013123456275707447,0.006148026639093385,0.0,0.0,0.0,0.0,0.0,0.009852753091911607,0.0,0.9545953677525434,0.0,0.0,0.0,0.0,0.0004417762171664983,0.0,0.0,0.0,0.0,0.0,0.015838620023577728
s10M4922,0.16521517764367966,0.025842345401109783,0.0,0.0,0.0,0.0,0.00020584334415119586,0.05540919945787413,0.0,0.6524972568799324,0.0,0.0,0.0,0.0,0.003592093480452285,3.95681427382713e-06,0.0,0.0026268133713065436,0.0,0.0,0.09460731360722018
s11M4922,0.12819839324460977,0.022275732018076554,0.0,0.0,0.0,0.0,0.0003601756807614142,0.04796271104271584,0.0,0.7416966357500204,0.0,0.0,0.0,0.0,0.0038584501834365223,0.0,0.0,0.0,0.0,3.493797545439794e-05,0.05561296410492499
s12M4922,0.4284715239113735,0.016160190567681726,0.0,0.0,0.0,0.0,0.0004181244076066643,0.03262644987470023,0.0,0.47793109286017366,0.0,0.0,0.0,0.0,0.002159492804173266,0.0,0.0,0.0,0.0,0.0,0.042233125574291035
s13M4922,0.3467435688271259,0.01746599054251075,0.0,0.0,0.0,0.0,0.0,0.03922352246409357,0.0,0.5479065472792459,0.0,0.0,0.0,0.0,0.0022426202408532174,0.0,0.0,0.0,0.0,0.0,0.046417750646170826
s14M4922,0.32273189766718696,0.009722683094493586,0.009375898340921536,0.07645770877771768,0.0204125237636874,0.008748212496061192,0.008431602441039474,0.040299376939507046,5.1148335593346575e-05,0.31002403913395105,0.0021858194417282693,0.002386300592957671,0.013359680386407908,0.009359837366525977,0.018962546710721884,0.04001386052681786,0.0006610109281841742,0.05003520228402485,0.010136104721376401,0.00016645455110352926,0.04647809149999223
s15M4922,0.2676303381376195,0.019113411488079986,0.0042129254549097975,0.03811550017815677,0.01333323175596119,0.010209000234512022,0.013101591021854988,0.07433662478950119,0.0,0.3617595563634916,0.0,0.008757113623388317,0.007228019498208472,0.006923447712306258,0.0200070347704901,0.02516747903497358,0.0,0.04291610128734935,0.009848317460854962,0.0017620166668605257,0.07557829052148146
s01X4922,0.21053544383490166,0.0011279801717537174,0.02224857982954203,0.1254903624976617,0.08370756692823446,0.03061499956908236,0.09429476494460651,0.06408196732150805,0.0018374966933315364,0.014993702984965948,0.0007637509397533327,0.009195353897328588,0.02288812763452067,0.04469234046104317,0.05838530467483424,0.03766020416521603,0.004687647548392357,0.08414882665971864,0.06179091366041515,0.008221115603099198,0.018633549980090664
s02T4922,0.00160797618768795,0.0,0.010651810889065642,0.004022387941305134,0.0,0.0,0.947270542531478,0.0003435598881316461,0.0,0.0026206842126545167,0.0,0.0,0.0,0.020232207304209472,0.0012540630495435515,0.0,0.0006786509511139162,0.0,0.010575284989556715,0.0007428320552536368,0.0
s03T4922,0.05259337870047801,0.001059523429490779,0.00976544546012773,0.040760184679769634,0.0,0.0025898153984446957,0.8050394150598641,0.00835729585467186,0.0,0.004502785131529405,0.0,0.0005748511314376594,0.022311833429282828,0.012233463258516859,0.0073414994791001775,0.00951131570735416,0.00034329064602552003,0.010808387081935648,0.01014534635740009,0.0005977490718820365,0.001464420122688863
s04T4922,0.02609078813856723,0.0005476509300660149,0.0,0.002148071679461855,0.4629317520783117,0.008052633529035451,0.4683182012933266,0.0,0.0,0.0019162229948722252,3.373361384209313e-05,0.0,0.021292535540564705,0.0,0.001789665483788481,0.0036347814022229734,0.00020366420186586974,0.0025557684327019038,0.0,0.00021861570162624933,0.0002659149797468799
s05T4922,0.0,0.0005292985051839982,0.00017554123545016935,0.0,0.05596988083010143,0.0003402717359800708,0.900502096934394,0.000418161415362578,0.0,0.0007983089910998981,0.0,0.0,0.016053572557301065,0.0004607251292266911,0.0,0.0,0.00026194249206436824,0.0,0.024490200173835776,0.0,0.0
s06T4922,0.02240417207961136,0.002692806260851193,0.001617021727328773,0.5320801427867937,0.10223378068539715,0.006687900076919418,0.0451677841418748,0.026958527486256174,0.0004119142066315846,0.01721281364499651,1.2708711348757042e-05,0.00015826719157828578,0.060702968365360446,0.008328264393792466,0.012456661864215016,0.006743159039643189,0.011845932487400464,0.013007423607296162,0.10941547351700445,0.0031049476779243116,0.016757330047775895
s07T4922,0.0,0.0,0.0,0.007087542434121952,0.027829033975738115,0.0,0.9637336687486164,0.0,0.0,0.0002231683576247503,0.0,0.0,0.0,0.0,0.0,0.0,0.0,0.0,0.0011265864838986537,0.0,0.0
s08T4922,0.0,0.0,0.0,0.0,0.0,0.0,0.0,0.0,0.0,0.7790591791311169,0.004101067262432555,0.0,0.0,0.0,0.0,0.0,0.21683975360645058,0.0,0.0,0.0,0.0
s09T4922,0.0,0.00010912477255935405,0.0,0.7983727535916472,0.0,0.0,0.0,0.0,0.0,0.20151812163579352,0.0,0.0,0.0,0.0,0.0,0.0,0.0,0.0,0.0,0.0,0.0
s10T4922,0.00511037884709264,0.0,2.0612988882154163e-05,0.002616222921428682,0.0,0.0,0.0,0.0,0.0,0.9809215201270035,0.009612048752939984,0.0,0.0,0.0,0.0,0.0,0.0013140745168212667,0.0,0.0,0.0004051418458317299,0.0
s11T4922,0.005850077611276413,0.0,0.0,0.0,0.0,0.0,0.0,0.0,0.0,0.9821520728666188,0.011997849522104786,0.0,0.0,0.0,0.0,0.0,0.0,0.0,0.0,0.0,0.0
s12T4922,0.07915846795478448,0.0,0.0,0.0,0.0,0.0,0.0,0.0,0.0,0.9139161401088162,0.0067687865063723795,0.0,0.0,0.0,0.0,0.0,0.0,0.0,0.0,0.0001566054300269159,0.0
s13T4922,0.24634586207300566,0.0037251137821871605,0.011623064363410809,0.07393119680300929,0.05821411170315914,0.01890199780643128,0.28621720909822146,0.039846510131855334,0.0003005037944944987,0.021151679180718735,0.0003469334744505194,0.0025479836846258545,0.015043789312452255,0.02526291555272892,0.035340789182976,0.03169064207179366,0.0009233320327528507,0.06017070196675583,0.04623916251834287,0.0036473864232989886,0.018529115043328985
s14T4922,0.0,0.0,0.0,0.7252281842442713,0.0,0.0,0.0,0.0,0.0,0.2512548392196818,0.0026477978906501464,0.0,0.0,0.0,0.0,0.0,0.0,0.0,0.0,0.020869178645396728,0.0
s15T4922,0.0,0.0,0.0,0.29532545260131177,0.0,0.002474777024807256,0.0,0.0,0.0,0.0031499869381369588,0.0,0.0,0.0,0.0,0.698094169786373,0.0,0.00027030463342474795,0.0006853090159463785,0.0,0.0,0.0
s02M5022,0.0,0.00011193041539576512,0.0,0.9016746826668742,0.0,0.004715726013310676,0.0,0.0,0.0,0.0016644029356867108,0.0,0.006772137803864483,0.0,0.0,0.0737446304884382,0.0,0.0,0.011316489676429906,0.0,0.0,0.0
s03M5022,0.009237329037816322,0.0,0.0,0.08072726446389233,0.11316004390385705,0.001954695532777038,0.6274685863322893,0.0014856636469206524,0.0,0.002406559396823707,0.0,0.0,0.00529267908965096,0.0,0.006441979025088681,0.0028126193749763787,0.00034901143374851544,0.0029991118019340682,0.14542690652479906,0.00023755043542597083,0.0
s04M5022,0.003231075687257066,0.0,0.0,0.0013301193233941856,0.023091398600938316,0.0023050854842601343,0.5182577276871291,0.0,0.0,0.0037097127559289167,0.0,0.0,0.001028348937158614,0.0,0.0,0.0016088776682604956,5.6974677191009533e-05,0.0021195027566545425,0.4432611764218276,0.0,0.0
s05M5022,0.0,0.00015530389478910845,0.0,0.0,0.0,0.000504641714404808,0.13659691749728253,0.0,0.0,0.001843226584083124,0.0,0.0,0.007061986067824465,0.0,0.853837924241616,0.0,0.0,0.0,0.0,0.0,0.0
s06M5022,0.012429615832508428,0.0027947554571785597,0.011087663242805943,0.01568801684720841,0.09448480859080705,0.00786384463337707,0.5601765766395549,0.01712461735156234,4.133240782313145e-05,0.012440719208044744,0.000268572501891482,0.00019904323909469867,0.05079367700097282,0.020597112163314123,0.006965884203587162,0.0037505170431101917,0.0005227258574096404,0.007058872981585829,0.17237146322253752,0.0018000627835557804,0.0015401187920701593
s07M5022,0.0,0.00011647632470269586,0.0,0.15163379265886642,0.0,0.0070611696117101564,0.0,0.0,0.0,0.016963952460491538,0.0,0.0,0.0,0.0,0.8212946352166403,0.0,0.0007688485643211277,0.0021611251632678878,0.0,0.0,0.0
s08M5022,0.0,0.0,0.0,0.0,0.0,0.0,0.0,0.0,0.0,0.8062270462290096,0.0024409829466405276,0.0,0.0,0.0,0.0,0.0,0.19133197082434983,0.0,0.0,0.0,0.0
s09M5022,0.026264864751069435,0.0,0.0,0.0,0.0,0.0,0.0,0.0,0.0,0.9677868890683851,0.005211372949897437,0.0,0.0,0.0,0.0006302449333950213,0.0,0.0,0.0,0.0,0.00010662829725296973,0.0
s10M5022,0.19281071407732384,0.0,0.0,0.031994700413774765,0.0,0.0017158321424769131,0.0,0.0,0.0,0.1501018925021162,0.0,0.0015362653196837857,0.0,0.0,0.0,0.0,0.0,0.004312455776983533,0.0,0.617528139767641,0.0
s11M5022,0.44086085280596676,0.0,0.0,0.0,0.0,0.0010904346071614534,0.0,0.0,0.0,0.26079392106575766,0.0,4.798098739205582e-05,0.0,0.0,0.0,0.0,0.0,0.002244001360978587,0.0,0.288787450204582,0.0061753589681615
s12M5022,0.02362461186988379,0.000348887949875141,0.0,0.29099871786253045,0.0,0.0009850633085036035,0.0,0.0,0.0,0.012640546157961494,0.0,0.0008577320656528546,0.0,0.0,0.14850312856780526,0.0,0.0,0.001529541943520711,0.0,0.5205117702742668,0.0
s13M5022,0.022451804461926184,0.0,0.0,0.08197606609627087,0.0,0.0003952613695726971,0.0,0.0,0.0,0.013124924738919956,0.0,0.0,0.0,0.0,0.8820519433333104,0.0,0.0,0.0,0.0,0.0,0.0
s14M5022,0.49539924690972187,0.0035585627204454766,0.008921260727301596,0.11093844669928019,0.01915732551061763,0.029493617515991805,0.015229995913014844,0.04983197037093611,0.0,0.07815509482239162,0.0,0.00172955145435329,0.009236655502169231,0.01474027843098937,0.039863595554435784,0.029259907149879867,0.0003650914846654782,0.03319464240121318,0.01652111007331253,0.0038852785407347775,0.040518368218545354
s15M5022,0.0,0.0,0.0,0.0,0.0,5.939823690783072e-05,0.0032149117696968683,0.0,0.0,0.003954717812795576,0.0,0.0,0.0,0.0,0.9927709721805998,0.0,0.0,0.0,0.0,0.0,0.0
s01X5022,0.08615506513908526,0.0015961051180423467,0.008523786938981578,0.04752906836410889,0.016594983402973325,0.010325923194168037,0.024296884794675722,0.0007023138635776901,0.0,0.004840716963129876,0.0,0.0004738495593567719,0.018225922172436064,0.0088015131205357,0.7212076114858527,0.017287550892192107,0.00046884407501638606,0.0219403949788648,0.011029465937002754,0.0,0.0
s02T5022,0.0013851678491301216,0.0,0.01223296171275257,0.08036657485961923,0.07088404797931812,0.00018953627955488445,0.7738455379207114,0.0037487177144002355,0.0,0.0009662031588316709,0.0,0.0,0.0,0.024387974222892565,0.003330014225225474,0.0007107930893651417,0.00017874038333793752,0.0,0.026677992611582605,0.001095737993277882,0.0
s03T5022,0.0,0.0,0.0,0.0,0.11511243062888103,0.0,0.8727449294891241,0.0,0.0,0.0,0.0,0.0,0.00398145342096208,0.0,0.0,0.0,0.0008100480564158855,0.0,0.007351138404616915,0.0,0.0
s04T5022,0.0,0.0,0.0,0.6256834885179005,0.0,0.008714994705757846,0.2504347415409316,0.0,0.0,0.0005523129449781336,0.0,0.0,0.0,0.0,0.0,0.0,0.0,0.0,0.03061157316144519,0.0840028891289869,0.0
s05T5022,0.011836895398122596,0.0,0.0,0.07922410818079821,0.7318183855514052,0.0033154945640184136,0.11620882050338092,0.0,0.0,0.005105407335553746,0.0,0.0,0.03668718705168818,0.0,0.00516891681499162,0.002732399747162554,0.0007371072302100546,0.003171225922771095,0.0,0.0016147515588720114,0.0023793001410253455
s06T5022,0.0,0.0,0.0,0.8935623102901111,0.0,0.000701111073190157,0.0,0.0,0.0,0.0,0.0,0.0,0.0,0.0,0.10573657863669868,0.0,0.0,0.0,0.0,0.0,0.0
s07T5022,0.0,0.0,0.0,0.3770317203435711,0.0,0.002939391401867966,0.0,0.0,0.0,0.0015057619837923317,0.0,0.0,0.0,0.0,0.0,0.0,0.0,0.0,0.6185231262707686,0.0,0.0
s08T5022,0.0,0.0,0.0,0.0,0.0,0.0,0.0017052531989934093,0.0,0.0,0.7231990307374703,0.004223851807304756,0.0,0.0,0.0,0.0,0.0,0.2708718642562315,0.0,0.0,0.0,0.0
s09T5022,0.005157557825964103,0.0,4.806204487830277e-05,0.0,0.0,0.0,9.554135453389567e-06,0.0,0.0,0.9675320450813812,0.010655272085250118,0.0,0.0,0.0,0.0,0.0012798719384039096,0.0,0.0,0.0,7.185742118894525e-05,0.015245779467480052
s10T5022,0.7579758014751447,0.0007501132169343679,4.3747872920331775e-05,0.003870172588824248,0.0014543562071761202,0.005378710078223105,0.02888214455275648,0.003932636741460893,0.0,0.14069152129085974,0.00337033494657015,0.0027909596761820695,0.0009439314320680168,0.0005243998643533277,0.0032659206315054806,0.004278536580867651,0.0,0.01487246280895987,0.0010050595747315802,0.0010229517291551842,0.02494623873130687
s11T5022,0.08974537624247476,0.0,0.000485195331950142,0.0024763673132160782,4.343101955293046e-05,0.0,0.0007028376581928297,0.0,0.0,0.8934527836198413,0.010478408847642328,0.0,0.0,0.0006854985637042992,0.0012069995994401735,0.0,0.0,0.0,0.00015553708944205847,0.0005675647145432274,0.0
s12T5022,0.5493780734200862,0.00017594063674280638,0.00011386509187752041,0.0,0.00024275221704819379,0.002259375428739821,0.0003087298026449041,0.006200259026886066,0.0008920995355525084,0.41658631026789783,0.0046517127371623794,0.0014344079120700358,0.0005210665067848991,0.0004729244343686069,0.0031475204512222826,0.0016728640842721104,0.0,0.006827324975657617,0.0,0.0008563566338297654,0.004258416837156432
s13T5022,0.7188564050706553,0.0006831098941534217,0.0,0.0,0.0,0.0038422419539991654,0.0011068819309701964,0.012286612250989567,0.0013611212286485685,0.23373867683891383,0.003538025392422644,0.003923289694341707,0.00029588153380954535,0.0,0.0014174940766245783,0.0006601005663724589,0.0,0.012727317721086156,0.0,0.0004160569028609697,0.005146784944151936
s14T5022,0.769158658825626,0.0001732100221985621,0.0026234977406384115,0.013436852250022734,0.00352505463657802,0.006192898710571662,0.0022535458157476583,0.00801342690505599,0.0006585873423803778,0.14267573000249684,0.0029763032027019785,0.0036579440469513163,0.0019396158667000845,0.0033690323298262628,0.00421202490552752,0.005249978324343509,0.0,0.01706881390012796,0.0014283289860822265,0.0007159909908666103,0.010670505195556372
s15T5022,0.0,0.0003660623520023171,0.0,0.48376358205115844,0.0,0.002533910620531698,0.0,0.0,0.0,0.0032674372285526115,0.0,0.0,0.0,0.0,0.48585499747338906,0.0,0.0,0.0,0.0,0.02421401027436601,0.0
s02M5122,0.11853486310829557,0.0024424069282484783,0.07858688671851005,0.0921450297571252,0.19550220566559115,0.012842230802204695,0.08932917249613617,0.03227910263055663,0.0,0.009058545738705277,0.0,0.015500461911897237,0.0028813623637193152,0.14707207185127566,0.025459415852096434,0.015196402181612109,0.0007512183840455646,0.05875131905050653,0.09332628344005613,0.0068500681691793285,0.003490952950238425
s03M5122,0.6435181330764842,0.0005111276991795785,0.010879048948814843,0.06296642479716875,0.018843748008066222,0.005880734133477691,0.06574077908795413,0.020280569428866323,0.0002541208515871651,0.004585606087196908,0.0,0.0005535382796020463,0.007228132699063867,0.019150688281553786,0.021958078320484114,0.018038933029923657,0.0015038965268040802,0.02557396815896027,0.06458843014940731,0.0032069666186704455,0.004737075816734428
s04M5122,0.3133629056398339,0.0042529328161397695,0.03225109256092885,0.14964553803315003,0.04242017021089847,0.006519036468332139,0.10458545722391663,0.03823194736886228,0.0,0.011434075431466264,0.00027798001533267317,0.0027577060616839756,0.014066417172287696,0.06194325797302418,0.03904512411723998,0.05169931573610448,0.0011250521195988307,0.053338585706472805,0.04528283801911467,0.0033877359844487077,0.024372831341163633
s05M5122,0.0,0.0,0.0,0.0,0.0,0.0,0.9551170803735088,0.0,0.0,0.0,0.0,0.0,0.0,0.0,0.0,0.0,0.0,0.0,0.0448829196264912,0.0,0.0
s06M5122,0.04698375737281258,0.00036169348587880226,0.02954342874718773,0.05540379504881446,0.11642443590812403,0.006168085687557987,0.2887188215982611,0.20077272075106598,0.0,0.0033777014375298755,0.0011732774176121765,0.0,0.02915376368692111,0.07531781012469964,0.031311656310107155,0.006958705135423534,0.0012582489051089641,0.007654194499583395,0.07829257504038237,0.009669347577601899,0.011455981265327202
s07M5122,0.17351670052184376,0.0017269970626447302,0.0041426510242107235,0.038166200349041834,0.0,0.0031344501498906823,0.6661632773988008,0.011067735118108098,0.0,0.010366055375584373,5.840968358626032e-05,0.003141171054704111,0.004682453764127159,0.006590207973781761,0.010057120950864824,0.014884264193099645,0.00018814457072167509,0.027472991566697278,0.017274333011946297,0.0006248866924200165,0.006741949537925991
s08M5122,0.0,0.0,0.0,0.0,0.0,0.0,0.0,0.0,0.0,0.6132959292457966,0.004676392632157295,0.0,0.0,0.0,0.0,0.0,0.38202767812204613,0.0,0.0,0.0,0.0
s09M5122,0.0,0.0,2.512832544550299e-05,0.0,0.0,0.0,0.0,0.0,0.0,0.9796751123312729,0.015064094547166708,0.0,0.0,0.0,0.0,0.0,0.005235664796114785,0.0,0.0,0.0,0.0
s10M5122,0.19816495810269597,0.0,0.0,0.0,0.0,0.0,0.0,0.0,0.0,0.7927997392460505,0.009035302651253466,0.0,0.0,0.0,0.0,0.0,0.0,0.0,0.0,0.0,0.0
s11M5122,0.0173695330120727,0.0,0.0,0.0,0.01004364715625948,0.0,0.005798842610521529,0.0,0.0,0.9503968741331215,0.01599598243748348,0.0,0.0,0.0,0.0,0.0,0.0003951206505413176,0.0,0.0,0.0,0.0
s12M5122,0.33067112890283906,0.0,0.0,0.0,0.0,0.0,0.0,0.0,0.0,0.6600278367713222,0.009301034325838778,0.0,0.0,0.0,0.0,0.0,0.0,0.0,0.0,0.0,0.0
s13M5122,0.8494683590716824,0.0,0.0,0.0,0.0,0.0,0.0,0.0,0.0,0.1502968741206986,0.0002344288009727467,0.0,0.0,0.0,0.0,0.0,3.3800664632777597e-07,0.0,0.0,0.0,0.0
s14M5122,0.954619812533976,0.0,0.0003131150535152632,0.0,0.0002912049401735852,0.00020450857105046164,0.0,0.0,0.00013469806314174836,0.0444366608381429,0.0,0.0,0.0,0.0,0.0,0.0,0.0,0.0,0.0,0.0,0.0
s15M5122,0.5179835962969072,0.003205674965665981,0.00748922629023856,0.05882370213163308,0.016103274981880526,0.012323140744109146,0.014944541953971721,0.05001771938491269,0.0,0.1180037506288923,0.0,0.009299629300626052,0.009444998969341043,0.009517025057038987,0.020098406079361326,0.027741345961739453,0.0004802719302944167,0.05101950201942416,0.016724265110876064,0.0036246776832170114,0.05315525050987052
s01X5122,0.02117363844204089,0.0014689341344403895,0.0,0.3133295417923286,0.0,0.010357485187062396,0.0011106433537870608,0.0,0.0,0.004879971845566775,0.0,0.00031919931148012727,0.0017894733399915841,0.0,0.6253632282837159,0.0038818037884399063,0.00025672780315934073,0.01606935271798691,0.0,0.0,0.0
s02T5122,0.0,0.0,0.013250571688634208,0.007960686933987916,0.3575964390860343,0.0,0.5696170490952848,0.000773227640145793,0.0,0.00030551524576471025,0.0,0.0,0.0,0.02603605999072197,0.008422430496074997,0.0,6.730510802854541e-05,0.0,0.014869712946682177,0.001101001768640783,0.0
s03T5122,0.0,0.0,0.0,0.0167213783301795,0.0,0.0,0.9830477233694819,0.0,0.0,0.00010622755122456117,0.0,0.0,0.0,0.0,0.0,0.0,1.330174856455073e-05,0.0,0.0,0.00011136900054942772,0.0
s04T5122,0.026669390687982738,0.0017388152032809835,0.005437437588586074,0.020309768090200936,0.055436765675193705,0.002018012193442526,0.7252980868589376,0.020187964349874344,9.824827323011608e-05,0.003040575537806965,0.0014127805436361432,0.0,0.031927931905648466,0.018909654437742156,0.013690264886830037,0.004197072533794933,0.0008322000233701323,0.002567397793295617,0.05501601847773923,0.004034602398371908,0.007177012541035355
s05T5122,0.009048393090545843,0.0006199886800834416,0.0,0.606867575829347,0.024930706213367047,0.003237441130210516,0.027474855230265462,0.014797747379696018,9.89616710323829e-05,0.0033090180404331936,0.0,0.0,0.0017938867136004992,0.0020322430799563206,0.02576455376047669,0.002055709170956059,0.0009464797208145035,0.007123823303787697,0.007292110714485546,0.2587730212239674,0.003833485046974268
s06T5122,0.0,0.0,0.0,0.08161420620627201,0.03601260655329729,0.0,0.801747486449637,0.0005792802775373847,0.0,0.0,0.0,0.0,0.0,0.0,2.005778222791053e-05,0.0,8.750282778157315e-05,0.0,0.07927522872805465,0.0006636311751921419,0.0
s07T5122,0.14595782606623398,0.0015031626463727292,0.02556337747746502,0.07355830235000695,0.06316498118490137,0.0004534707629521553,0.49175329986076727,0.03398390032214304,2.8797918264210034e-05,0.002064681609029264,0.00038493054073918055,0.0015184957428051923,0.001949687238756715,0.05130772440603314,0.023191494239530097,0.011037648577344074,0.0008229637177115114,0.006429321782869855,0.05701559169598098,0.0031093656465902408,0.0052009762135029275
s08T5122,0.0,0.0,0.0,0.0,0.0,0.0,0.15388829397242249,0.0,0.0,0.5018212569435389,0.013688029981402223,0.0,0.0,0.0,0.0,0.0,0.33060241910263644,0.0,0.0,0.0,0.0
s09T5122,0.012355532305732355,0.0,3.25207001136764e-05,0.0,0.0,0.0,0.0,0.0,0.0,0.7863802764833998,0.01747305868784977,0.0,0.0,0.0,0.0,0.0,0.1837586118229043,0.0,0.0,0.0,0.0
s10T5122,0.69722932182356,0.001055328101379598,0.00022861839619379583,0.011111575927469995,0.0,0.008789627955832656,0.13498787876533225,0.021806012956711127,0.0,0.05569325577303052,0.0,0.004188404160717147,0.0006673614054205936,0.0,0.005703711630537194,0.011387579762415338,0.001376502584091529,0.019192842320249807,0.0003978593098799088,0.0016109411294768525,0.02457317799770173
s11T5122,0.3345773761483884,0.0,0.0,0.0,0.0,0.0,0.00829641518567906,0.0,0.0,0.5839934571429442,0.01324561272822893,0.004304037043098208,0.0,0.0,0.0,0.0004939513611418582,0.055065102495221084,0.0,0.0,2.4047895298337293e-05,0.0
s12T5122,0.6451311112527356,0.0,0.0,0.0,0.0,0.0,0.0,0.0,0.0,0.327486135661912,0.007768006436778947,0.0,0.0,0.0,0.0,0.0,0.018199117609088013,0.0,0.001415629039485502,0.0,0.0
s13T5122,0.7348467528865684,0.0,0.0,0.0,0.0,0.0,0.0,0.0,0.0,0.2565673961681413,0.0025362242430031143,0.0,0.0,0.0,0.0,0.0,0.006049626702287219,0.0,0.0,0.0,0.0
s14T5122,0.6824720748250561,0.0,6.754305847369037e-05,0.0016318259979342011,0.0011226621142505014,8.805532551416344e-05,0.0006044231226581993,0.0,2.341655958618033e-06,0.2952492363689162,0.002908906958738667,0.0,0.0,0.00043225904111841444,0.0006469696198146619,0.0012880965813497956,0.012069980660973572,0.0,0.00034171891733008957,0.0010739057519132942,0.0
s15T5122,0.4464387915779028,0.0019982695504010117,0.005100770587644237,0.03649373921862169,0.009329861141554919,0.0011228369275851095,0.009851629551140342,0.0489727460929518,0.0,0.288487406262892,0.008556245397407717,0.0,0.0027257234818945783,0.009295909020537127,0.020596866143060125,0.023028374150170956,0.00255891554918997,0.014276934125093056,0.009669351923951536,0.004214049395519389,0.05728157990248149
s02M5222,0.0,0.0009285317193824603,0.0006971482097751222,0.774126463053822,0.005675468812773842,0.002290376024912775,0.0015244824770158443,0.0,0.0,0.0007492727859011525,0.0,0.0,0.0006339207756444177,0.0,0.0,0.0,0.01732196233067169,0.003321285803963067,0.0,0.19273108800613759,0.0
s03M5222,0.0,0.0,0.0,0.9231858981801099,0.0,0.0,0.0,0.0,0.0,0.01602858215149353,0.0,0.0,0.0,0.0,0.0,0.0,0.0,0.0,0.0,0.060785519668396695,0.0
s04M5222,0.0,0.0,0.0,0.0751771794494202,0.0,0.0,0.8616239194119526,0.0,0.0,0.0,0.0,0.0,0.0,0.0,0.0,0.0,3.6403004198212704e-05,0.0,0.06316249813442898,0.0,0.0
s05M5222,0.0,0.0,0.0,0.012082751583138903,0.0072795975728300235,0.0,0.9752437353036486,0.0,0.0,0.0,0.0,0.0,0.0,0.0,0.0,0.0,5.3079142060720464e-05,0.0,0.005298598770654508,4.223762766714925e-05,0.0
s06M5222,0.0,0.0,0.0,0.1894998091881415,0.0,0.0,0.32620650528092926,0.0,0.0,0.0009104901768193162,0.0,0.0,0.0,0.0,0.0,0.0,0.0,0.0,0.4833831953541099,0.0,0.0
s07M5222,0.14304238126040245,0.0005892170639078148,0.0,0.007395428522385893,0.0,0.005723240438651062,0.02509798391815574,0.0,0.0,0.003527715673612044,2.970437873602566e-05,0.0004586147480981223,0.003395078170919288,0.0,0.005953247221081564,0.0002782271335411506,0.00027976094670587335,0.009011128954886533,0.006700115100100702,0.7885181564688156,0.0
s08M5222,0.0,0.0,0.0,0.0,0.0,0.0,0.00022386345177645761,0.0,0.0,0.3130752553414742,0.016400400488642213,0.0,0.0,0.0,0.0,0.0,0.6703004807181072,0.0,0.0,0.0,0.0
s09M5222,0.6460272871206705,0.0,0.0,0.0033095994241309308,0.002279822787030438,0.0,0.0,0.054483127376070827,0.0,0.24955299821519394,0.009289497184259454,0.0,0.0006552198192422141,0.0,7.260359917678457e-05,0.011186399020404829,0.017103503867841537,0.0,0.0,0.0006221845536675635,0.005417757032311132
s10M5222,0.8717703086780694,0.00041408989543466145,0.0,0.007434811586875312,0.0018783377345301712,0.004382959564832625,0.0040850400224917895,0.025804610825997203,0.0,0.026824588665237944,0.0,0.0,0.0011383983185769767,0.0,0.006741887021521253,0.009651262381451097,0.0011643495721142744,0.009588180012004366,0.0009410025847619378,0.0020321918220636425,0.026147981314037422
s11M5222,0.9785892907573193,0.0,0.0,0.0,0.0,0.0,0.0,0.0,0.0,0.019526023526422808,0.0,0.0,0.0,0.0,0.0,0.0,0.0018846857162578155,0.0,0.0,0.0,0.0
s12M5222,0.9691723459936066,0.00029131227397478904,0.0,0.0,0.0,0.0,0.0,0.003770426911219894,0.00035419119234997336,0.02021299644453401,0.0,0.0003445815532188187,0.0,0.0,0.0,0.000318850766411509,0.0020091294729954485,0.0,0.0,0.0,0.0035261653916889763
s13M5222,0.9121166587415738,0.00023891366409719216,0.0,0.0,0.0,0.0014953982756013373,0.0,0.010268470515053172,0.0,0.03323239689290019,0.0,0.0,0.0,0.0,0.0021389474039915975,0.013546175362175937,0.0,0.0,0.0,0.0018368816540909414,0.02512615749051581
s14M5222,0.9730187541350277,0.0,0.0,0.0,0.0,0.0,0.014961205061800561,0.0,0.0,0.0,0.0,0.0,0.0,0.0,0.0,0.0,4.645876530793988e-05,0.0,0.011973582037863964,0.0,0.0
s15M5222,0.8385767117175242,0.0005679989754203574,0.002311486643835586,0.014293994303234303,0.0,0.0016882797925622287,0.023355100599185975,0.02007061163610997,0.0,0.015381311703300244,0.0,0.0,0.001917667010087477,0.0015335874961670255,0.006035961503101996,0.010934041309058284,0.0011294457356732406,0.008185088323379955,0.02304320090017774,0.0009496476827878753,0.030025864668393406
s02T5222,0.0005071399729037302,0.0,0.0031586089248975577,0.002115038128478514,0.0,0.0,0.9519294914440735,0.000162443968816372,0.0,0.0,0.0,0.0,0.0,0.006062959865662538,0.0006811984317797203,0.00020939329359832343,0.017816991757070837,0.0,0.01689864611055649,0.0004523504901400481,5.73761202242788e-06
s03T5222,0.0,0.0,0.0,0.0,0.0,0.0,0.9998185364690333,0.0,0.0,0.0,0.0,0.0,0.0,0.0,0.0,0.0,0.00018146353096680991,0.0,0.0,0.0,0.0
s04T5222,0.0,0.0,0.0,0.10380406093303467,0.0,0.0,0.8775530751926213,0.0,0.0,0.0,0.0,0.0,0.0,0.0,0.0,0.0,0.0,0.0,0.018642863874343978,0.0,0.0
s05T5222,0.0,0.0,0.0,0.0,0.0,0.0,0.953299695861999,0.0,0.0,0.0,0.0,0.0,9.001586684115197e-05,0.0,0.0,0.0,6.352229386802058e-05,0.0,0.04651858264931984,2.8183327972036385e-05,0.0
s06T5222,0.0,0.0,0.0,0.03241006524446538,0.0,0.0,0.9603898816681871,0.0,9.671706574709567e-06,0.0,0.0,0.0,0.0,0.0,0.0,0.0,0.0,0.0,0.007190381380772829,0.0,0.0
s07T5222,0.21326085924990956,0.0,0.025647855395461064,0.12110268795421504,0.009882673645858856,0.0027173070508234596,0.2842756127694579,0.004951340882057457,0.0,0.0,0.0,0.0,0.006343681426168152,0.02302473723432228,0.020112674740520066,0.03325378470525996,0.0006816786090032413,0.02816382165963744,0.22404914481622124,5.15484828674794e-05,0.002480591378216762
s08T5222,0.0,0.0,0.0,0.0,0.0,0.0,0.0,0.0,0.0,0.10366609433852092,0.0032705928950366764,0.0,0.0,0.0,0.0,0.0,0.8930633127664424,0.0,0.0,0.0,0.0
s09T5222,0.6774529198050392,0.0012730191537836783,0.0,0.008307300695298614,0.004998250191938928,0.0020965323302547688,0.009512541645272841,0.0,0.0,0.16172324709958089,0.011000482670472945,0.0007365731348752977,0.002917904936993779,0.0,0.0016959897654274792,0.0030870111619050148,0.09140032862889072,0.01052070957152752,0.005384349466799167,0.007892839741939058,0.0
s10T5222,0.914302309379625,0.00010609178354522814,0.0,0.002388248817848404,0.0,0.001117752034981961,0.0017021141930390151,0.009853978501613124,0.0,0.01569360801067692,0.0021496278460492713,0.0,0.0004990810626211028,0.0,0.001469806620080007,0.0029039950990361993,0.017700341763487046,0.004143049382852639,0.0,0.00018200898546136921,0.025787986519082803
s11T5222,0.7042766105760693,0.0016036318138112347,0.0,0.0,0.0,0.0,0.0,0.0,0.0,0.17032500292651995,0.016047995218520666,0.0,0.0,0.0,0.0007383419758061709,0.0,0.10613190913627128,0.0,0.0,0.0002932155374335135,0.0005832928155679854
s12T5222,0.6398356050426179,0.011749781137670836,0.0008554336164520447,0.005182180277998241,0.0,0.0046336714837653305,0.0004986202756683436,0.13567905642398273,0.009466694802237885,0.058595714791973584,0.005357647860652552,0.01901993080609754,0.0005941505101253202,0.0017176265618992744,0.004734674848910696,0.008731725382530765,0.0058087934205896434,0.061829952301789316,0.0,0.000981049669353139,0.02472769078568464
s14T5222,1.0,0.0,0.0,0.0,0.0,0.0,0.0,0.0,0.0,0.0,0.0,0.0,0.0,0.0,0.0,0.0,0.0,0.0,0.0,0.0,0.0
s15T5222,0.6697366686071393,0.0028925533541048452,0.005531904903351943,0.05092385062168607,0.010496556015913552,0.008124225027526901,0.03720601709544495,0.046842398134212614,0.0,0.013890380962810296,0.0027071300200160664,0.0,0.007509028562864047,0.010286244496060111,0.025612701131905946,0.02034298057803389,0.004046089212872508,0.01802078499556466,0.013488671675385422,0.004324254691871604,0.0480175599132353
s02M0123,0.0,0.00036846066061844166,0.00768609913670531,0.1491714409894647,0.38912295673906633,0.0,0.21295265848865225,0.0,0.0,0.0002715165319287287,0.0,0.0,0.0,0.01240898684377361,0.0,0.0,0.00033953458950971503,0.0,0.227678346020281,0.0,0.0
s03M0123,0.0036761086223545507,0.0,0.0018301070338892875,0.006335611544961748,0.0,0.0,0.9227531788077502,0.003943497460911236,3.8951295469670154e-05,0.00019643271027148322,0.00013030021590332958,0.0,0.0,0.005795608749513076,0.003558188473617351,0.0006110705125864984,0.00043785313079214164,0.0,0.048026106343449525,0.0013368685470873777,0.0013301165514423363
s04M0123,0.0,0.0,0.0,0.022249067514470578,0.051451190242049576,0.0,0.9056622224340973,0.0,0.0,0.0003546135038246616,0.0,0.0,0.00033717856307371275,0.0005714059783157858,0.0,0.0,0.0,0.0,0.015481785012584815,0.0038925367515834095,0.0
s05M0123,0.0,0.0,0.0,0.062035973337953514,0.0,0.0,0.8443954801300001,0.0,0.0,0.0,0.0,0.0,0.0,0.0,0.04339381516184952,0.0,0.0,0.0,0.05017473137019695,0.0,0.0
s06M0123,0.0,0.0,0.0,0.0,0.0,0.0,0.9977748323206608,0.0,0.0,0.0,0.0,0.0,0.0,0.0,0.00033984363558454527,0.0,0.0,0.0,0.0018853240437547707,0.0,0.0
s07M0123,0.10441286508971785,0.0,0.0,0.0,0.0,0.0,0.6046609915212403,0.0,0.0,0.0,0.0,0.0,0.0,0.0,0.0,0.0,0.0,0.0,0.2909261433890418,0.0,0.0
s08M0123,0.0,0.0,0.0,0.0,0.0,0.0,0.0,0.0,0.0,0.17588444882721574,0.010056200557474679,0.0,0.0,0.0,0.0,0.0,0.8140593506153097,0.0,0.0,0.0,0.0
s09M0123,0.1639450531285029,0.0018453881686174083,0.0,0.017861225305922206,0.0008092819861636885,0.04860137144321703,0.00651737485309475,0.00376653599680193,0.0,0.09232744122886438,0.06451689603815214,0.000623483288389148,0.004565714283922039,0.0,0.0028101874223966966,0.024167505454700238,0.013420123748662352,0.03058812815351397,0.0,0.4023335251211588,0.12130076437792053
s10M0123,0.9997889783859436,0.0,0.0,0.0,0.0,0.0,0.0,0.0,0.0,0.0,0.0,0.0,0.0,0.0,0.0,0.0,8.888618625918916e-06,0.0,0.0,0.0002021329954304354,0.0
s11M0123,0.8903331851604762,0.0007579160100239946,0.0,0.0,0.0,0.0,0.0,0.0,0.0,0.09900708581391154,0.008574226630315247,0.0,0.0,0.0,0.0,0.0,0.0013275863852730985,0.0,0.0,0.0,0.0
s12M0123,0.9416855899157592,0.0006883567913656214,0.0,0.0,0.0,0.0,0.00015115086897203725,0.0,0.00021834494241013749,0.0529056712445095,0.0036476614659927613,0.0,0.0,0.0,0.0,0.0,0.0007032247709906624,0.0,0.0,0.0,0.0
s13M0123,0.9140773444428956,0.0,0.0,0.0,0.0,0.0,0.0,0.0,0.0,0.030786377101158054,0.0008392998968982088,0.0,0.0,0.0,0.0,0.0,0.00016583549884916705,0.0,0.0,0.054131143060199095,0.0
s14M0123,0.9712328503355352,0.0,0.0,0.0,0.0,0.00038198895658492823,0.0,0.0,0.0,0.004410548255071284,0.0,0.0014397246357062913,0.0007097918860423653,0.0,0.021453541067019934,0.0,0.0003715548640399202,0.0,0.0,0.0,0.0
s15M0123,0.6491510644199315,0.000223680433620908,0.0,0.0,0.0,0.001690149658713616,0.04090206167493885,0.0005638947744414219,0.0,0.004078677443947093,0.0005078548508214416,0.0,0.0,0.0,0.28823129645466405,0.002598695880948557,0.00021867514575189085,9.486993811758785e-05,0.0,0.0,0.011739079324103
s01X0123,0.36857725892343585,0.0,0.04636575738960139,0.23695057876594663,0.04285442250970198,0.014283389370330973,0.013431314404009553,0.01197902726338859,0.0,0.0021158522420193335,0.0,0.011388936549877063,0.02032612469939531,0.044246906515193134,0.02917750017288514,0.05518185595406847,0.0030827741982930954,0.08113320695381969,0.016855127190040595,0.0,0.0020499668979932083
s02T0123,0.18700150726744538,0.0029051579216121787,0.05983890428869339,0.11405660531880403,0.14487461080618808,0.005086469399658602,0.08104289215795668,0.04010759026649754,0.00017915265638893024,0.000586743067455315,0.0007008883028320025,0.0007894720399784446,0.06573318757822504,0.10692476678647612,0.028817296710653768,0.016716470040844887,0.001847817639093623,0.02310660109360964,0.10652223220974164,0.00867061233692316,0.004491022110921622
s03T0123,0.20017502116718155,0.0038189108038115113,0.030983084205562925,0.14868842134410926,0.09645352764454072,0.01678274164977027,0.09420016613615119,0.058575828618182314,0.001195822538792624,0.0023806964439454805,0.0011569876336966003,0.0020768777474860856,0.0781204773600923,0.057035629267031526,0.03752734700493516,0.029047333815344308,0.006737386711810452,0.03931595204924013,0.07484200589784192,0.008127067684871704,0.012758714275601903
s05T0123,0.24124306366007942,0.0,0.03739003009767555,0.08772205515119576,0.07527885605788433,0.0021706385634925607,0.305036553281212,0.023198240769332284,8.569632561589213e-06,0.007529986578873831,0.0,0.0,0.001228970408492234,0.06703771573356875,0.023661948526261804,0.01222558981767872,0.003290717652203328,0.017688943521052547,0.08711147160181765,0.0057209500219187375,0.0024556989246991606
s06T0123,0.0,0.0,0.0,0.0,0.0,0.0,0.0,0.0,0.0,0.0,0.0,0.0,0.0,0.0,0.0,0.0,0.0,0.0,0.9926203609662613,0.007379639033738783,0.0
s07T0123,0.14357261287834364,0.0021980927452444074,0.05751619236825979,0.12569181118455766,0.15479081474542625,0.010625240781094307,0.07187956302375312,0.04057464867412575,0.0014179966537058643,0.003790665717783983,0.0008164795567457196,0.004189540439706606,0.060319740631973796,0.10412952768444429,0.03501908395849532,0.019543764349367377,0.0025830673977638393,0.05496367679678286,0.09012516190757622,0.008535509765531387,0.007716808739317684
s08T0123,0.0,0.0,0.0,0.0,0.0,0.0,0.0,0.0,0.0,0.24942554440270143,0.025259191615893337,0.0,0.0,0.0,0.0,0.0,0.7253152639814052,0.0,0.0,0.0,0.0
s09T0123,0.6400473863395305,0.012665778308283235,0.0,0.004261228752089397,0.004339135979716269,0.00029118910561550063,0.0010538883039954065,0.0,0.0,0.28772571711873735,0.03279120262504305,0.0,0.0017100778447470654,0.0,0.0008788833727048005,0.0018900655827055405,0.007084871227016641,0.003924545540261074,0.0013360298995542589,0.0,0.0
s10T0123,0.0,0.0,0.0,0.0,0.0,0.0,0.0,0.9990255675235689,0.0,0.0,0.0009180206823092499,0.0,0.0,0.0,0.0,0.0,5.6411794121742464e-05,0.0,0.0,0.0,0.0
s11T0123,0.8592652404250015,0.005138926281961967,0.0018675989140006862,0.017486769411951306,0.004813554918245019,0.0028536507875536123,0.0029064251789224335,0.03279326870828537,0.001819933382878033,0.010381632065748474,0.0020161518351728288,0.003685119009698159,0.002232831582923974,0.00278295652654267,0.005769489948025546,0.009777599653791488,0.0008949655333091675,0.021645879695879958,0.0025658892125870803,0.0008182881138771585,0.00848382881364379
s12T0123,0.7647427151288563,0.0022519404470557457,0.010963465274070983,0.05763849295408057,0.012050038560808595,0.003711865098910688,0.0040100784215580726,0.024341349708784585,0.0007817681147616589,0.01465188736700932,0.0011042451229510664,0.001959257118730529,0.0072477710631758795,0.010602927350927792,0.01151646602513468,0.022944440771204055,0.0006343159030831874,0.02737713994674988,0.005711135976175572,0.00029812845316016173,0.015460571192810595
s13T0123,0.5810672550238124,0.0005442606623357329,0.0,0.0,0.0,0.0006231907966227151,0.0,0.0,0.0004304025741947539,0.0008525988419932006,0.00032368127070021916,0.0008298826231968939,0.0005735711395999141,0.0,0.0,0.00044368611558186574,0.00012409040078880903,0.006010418312351727,0.0,0.4081769622388219,0.0
s14T0123,0.7199126934270539,0.001730337924560535,0.009516920058906055,0.06877533660761806,0.018283903709665733,0.007138076668929412,0.00934552220965694,0.019831301120308592,0.0,0.006319924933926178,0.00034683920969281757,0.006375769460225427,0.010284341579691813,0.010727800228219602,0.014555853073540327,0.02376829001386291,0.001125322562704815,0.043565984465631896,0.009238753971197385,0.0007846988510407624,0.018372329923566823
s15T0123,0.23902907631725745,0.0006062226612229948,0.01429771850696319,0.5196807553996214,0.017042257767532067,0.004314217100438569,0.00832320364537625,0.03747446371030661,0.0,0.002541403151482385,0.0,0.0010163843476990485,0.05189676435547096,0.013735915608609203,0.021626898327836867,0.02460638631289607,0.0012383851398667382,0.02600230759927329,0.009048885941133103,0.0025053066110825094,0.005013447495931231
s02M0223,0.5316180594464303,0.0027894480741162382,0.025408205743144043,0.10334052984059447,0.05372731590322432,0.004754621141938661,0.03027702525965425,0.021703273612139053,0.0,0.011734993822891945,0.006108569758370715,0.0018471911819770718,0.010316965044405501,0.04692860625220127,0.01664977085802568,0.028972424273815467,0.025774636190695012,0.03194151119186557,0.03627547815794494,0.002245511006073485,0.007585863240491959
s03M0223,0.6568440051890204,0.0016803737520614133,0.01041838943431002,0.11827289451339344,0.004937025415398267,0.0013257965867732053,0.10714622726457801,0.009369354381164825,0.0,0.002102310542957707,0.0,0.0008374568955675395,0.006548279049703683,0.01067769096471961,0.00989985419866809,0.022932680119352705,0.0007568014171718463,0.027331630903306044,0.00891922937185321,0.0,0.0
s04M0223,0.06306611517769063,0.0011824244320465468,0.014781255304403754,0.027478634729953422,0.02152346104516506,0.001972894861458095,0.7252731106257544,0.012884551149446869,0.00019122594968588717,0.004405760975229189,0.0009897725204280835,0.0009975087963440467,0.004178639710092979,0.034579199339759344,0.012590277231919323,0.008638489184328064,0.0008390046095226896,0.019128115399972632,0.03557138549918956,0.002406829818747306,0.007321343638861979
s05M0223,0.2615827698789736,0.00203803016535567,0.009926134278493736,0.351599169863625,0.019440804329883793,0.0,0.29366195747810664,0.005042756584876736,2.9669201425026672e-05,0.0015809165939212513,0.0,0.0004159356626379548,0.01115894043497966,0.01834960044067287,0.0,0.002789873259947487,0.00027910520634409175,0.005061297320672097,0.01702060979930089,0.0,2.2429500783699927e-05
s06M0223,0.02744764847763383,0.0,0.009241108517168816,0.004283204766578967,0.0,0.0,0.8968481767357148,0.0,0.0,0.0,0.0,0.0,0.0,0.017068922540428532,0.009009453906256602,0.0,0.0,0.0,0.035708811375606025,0.00039267368061251666,0.0
s07M0223,0.5749989582609675,0.0,0.0,0.0882336553960596,0.0,0.0033972225971026873,0.09588604204874163,0.0,0.0,0.0,0.0,0.0022984445856933607,0.003977103905835361,0.0,0.0,0.0,0.0002140180021465604,0.013218022116129515,0.02859581628207985,0.18918071680524381,0.0
s08M0223,0.0,0.0,0.0,0.0,0.0,0.0,0.0,0.0,0.0,0.23411312720063485,0.03218471452035058,0.0,0.0,0.0,0.0,0.0,0.7337021582790145,0.0,0.0,0.0,0.0
s09M0223,0.1640111709527503,0.004130641757444265,0.0016895773759709855,0.029292673290963207,0.008202629794646896,0.0033424786449120776,0.0059364669832068125,0.00520556996964996,0.0,0.5131639533482686,0.08721562756656065,0.0010212091419754931,0.0059022958491051335,0.002286037875153291,0.00793190448135605,0.026585364290900953,0.029724340285224304,0.03275716854314198,0.0060482999240531665,0.0007068606665741818,0.06484572925814182
s10M0223,0.4279245524383837,0.007268450862644949,0.005498893099796827,0.07356490288637392,0.021198321658334362,0.0045881389686369695,0.014633752904927074,0.04423584936519262,0.00018876595504965928,0.13933711082740557,0.023226525076709043,0.001500654328053733,0.03624490660160952,0.008244553380591515,0.026689255385265658,0.041149647263004734,0.009933682215768241,0.06163738535527829,0.015789820552271322,0.0034513216718636826,0.03369350920283878
s11M0223,0.5105744806837592,0.0031863839724251505,0.001036884680922974,0.011651187089287656,0.0038821163343436015,0.00021239663521816965,0.0034683361652755236,0.0012298840334531698,0.0,0.359335658685988,0.05721649321915973,0.00038473680685984277,0.00192350454270608,0.001974611850337249,0.003961769031035391,0.007335710042452126,0.017003177693626692,0.008986398030895534,0.0035367144578314575,0.000280499877059695,0.002819056167362877
s12M0223,0.8098582272457661,0.0025519355806743263,0.00013818381009739368,0.006096717625475622,0.002289674290073408,0.0005811035121367467,0.00164810251892883,0.0050772055765807384,0.00035179097814491564,0.12732621855751244,0.019961979473833737,0.0011615745301895221,0.0011407109066438946,0.0014565863849561962,0.002087482316800482,0.003917181365378859,0.003301432495459029,0.008952770266625233,0.0020342800298855687,6.684253483708412e-05,0.0
s13M0223,0.5719735657543983,0.004749885893000587,0.0026938197122808407,0.023856760989911064,0.007951873339635065,0.0013565534940956168,0.004808124184792699,0.016111987577397454,0.0005142475246202383,0.22446244961515066,0.03935668734004201,0.0015146736034075759,0.004382983002880619,0.004638702248815789,0.007632305044421032,0.014563234698159037,0.010864081625103493,0.021951497897219834,0.005257832113181767,0.0009229268538425448,0.030435807487643848
s14M0223,0.0906789013768007,0.000965401720924721,0.0,0.0,0.0,0.0,0.00653516768320692,0.0,0.00024230582281949286,0.021763510771071925,0.0074096990396402595,0.0008953876350779587,0.0,0.0,0.8618504815355722,0.0033641770670563296,0.0011924463256209278,0.005102521022208535,0.0,0.0,0.0
s15M0223,0.6375108787095565,0.0008717760544170348,0.005427369667378093,0.07709258421323974,0.02355089384118882,0.005719485225029191,0.012016052052437123,0.02835066023339711,0.0002194528689167914,0.039428176497129576,0.008364202487016342,0.0005594971006435421,0.016438252009563774,0.012097209369237468,0.025768407497002602,0.028344877697988626,0.006619933838774312,0.03914197564533783,0.01475995989301865,0.003621854604752417,0.014096500493974397
s01X0223,0.0,0.0,0.0,0.9883525435321648,0.0,0.0,0.0,0.0,0.0,0.0,0.003258253241062327,0.0,0.0,0.0,0.008389203226772892,0.0,0.0,0.0,0.0,0.0,0.0
s02T0223,0.0,0.0,0.0,0.7255624343022192,0.0,0.0007489957791930525,0.0,0.0,0.0,0.0,0.0006115912671187118,0.0,0.0,0.0,0.0,0.0027147187023396735,0.2701116211053037,0.0002506388438256895,0.0,0.0,0.0
s03T0223,0.0,0.00030666489127565176,0.0,0.000382433028257657,0.0,8.624175559333838e-05,0.8885103652324828,0.0,0.0,0.0,0.00046475961445076254,0.0,0.0061949937821094226,0.0,0.006324993503235555,0.00047563841673488576,0.0,0.0,0.09725390977585996,0.0,0.0
s04T0223,0.0,0.0001849782605305598,0.0,0.0,0.01589560167944106,0.0,0.8502667767607959,0.0,0.0,0.0,0.0,0.0,0.0073751462426860604,0.0,0.0,0.0,0.0,0.0,0.1262774970565464,0.0,0.0
s05T0223,0.0,4.5798299473025145e-06,0.0,0.0,0.0,0.0,0.9999954201700526,0.0,0.0,0.0,0.0,0.0,0.0,0.0,0.0,0.0,0.0,0.0,0.0,0.0,0.0
s06T0223,0.06356346073355015,0.0009229034521079846,0.004771166276852004,0.14042890960676674,0.01749118734029013,0.0,0.72837391935523,0.0037492413994960373,0.0,0.00011125000260024702,0.0,0.0,0.0169567260303988,0.00611044926961551,0.0023534700136711197,0.003881509583787124,7.327070929003844e-05,0.0030821811991526313,0.007887252461351009,0.00013236412401418544,0.00011073844182658025
s07T0223,0.6324296896083775,0.0014786656599344234,0.003691506623562875,0.06408231104952264,0.01549145758391564,0.005165430058444917,0.10190528779660668,0.009931338149251363,1.2607204345238308e-05,0.006079858790091144,0.0,0.0011882011742836748,0.019142112975515067,0.00530166172127658,0.014789917922197466,0.022285521936733083,0.0028871163433639253,0.04493181244545528,0.04834187610139659,9.040996842127282e-06,0.0008545858588837559
s08T0223,0.0007818265439041081,0.0,0.0,0.0,0.0,0.0,0.0014824395149889173,0.0,0.0,0.11903323760124003,0.04239795328667545,0.0,0.0,0.0,0.0,0.0,0.8363045430531916,0.0,0.0,0.0,0.0
s09T0223,0.24772143284102663,0.01169436701560337,0.0016891161157283972,0.05833481479228391,0.029738100295612052,0.0033663713247335724,0.0048524220856986,0.014274805037864564,0.00017427793612611196,0.32804656607896343,0.0950265143569062,0.00027956369934381927,0.01499237847139466,0.0006346571345642651,0.01494397426545244,0.03586509899227507,0.06103780242488924,0.04614780605965392,0.007952176662574134,0.0007804824072072817,0.02244727200209823
s10T0223,0.39730095072363913,0.012355101181943929,0.0029945077449263107,0.07586885293671176,0.01546819233750567,0.009866941869950805,0.016689312762415618,0.09084462344735945,0.0029932766677754127,0.03521594242145964,0.04034251740984849,0.008662896859796768,0.06646137393598418,0.007301628412420282,0.027369278964028056,0.06428991371158067,0.0020078515444081724,0.0725792977413941,0.016434955188571042,0.0036663738928586387,0.03128621024542184
s11T0223,0.23520334184729833,0.015328205476941886,0.0033670766850889765,0.046794573635009835,0.010830374987035022,0.0032633709606484985,0.008391803468579059,0.03467748530861602,0.0013270109665849772,0.29955368142318806,0.10668141708534033,0.002680435482842259,0.006466161842732143,0.005398305184678417,0.013585323027230227,0.034976499729847225,0.1177440626332618,0.03330627569384321,0.006942206269710322,0.002257177147781104,0.011225211143742154
s12T0223,0.6148562480217976,0.012686582003791082,0.005262023431830023,0.024703513336808914,0.010277585626098524,0.005903684904753353,0.0025632165456252773,0.08023076141466617,0.006516451073125132,0.0833664315665088,0.023810329193238243,0.0065177020917772275,0.019118368953388212,0.0048289359985190265,0.017623531449188743,0.015578330834488254,0.018969787099724154,0.032970859439505944,0.007445494662382528,0.003377568702405496,0.00339259365037744
s13T0223,0.47248222013314384,0.008076455783560761,0.001435645023652882,0.2399559356011379,0.008989826148203617,0.007100530263109882,0.00438701428507564,0.04020380948332022,0.0010859750810284534,0.05688656673595117,0.014593063445032075,0.002546240565334923,0.053417845734621015,0.0010799706000623457,0.008794266826988473,0.023356584814047975,0.0032139611423521166,0.035573976651063856,0.006978451233232413,0.0005974841898141463,0.00924417625926629
s14T0223,0.7890682069091832,0.0,0.0005805439689505743,0.02009808878583487,0.003958324083962121,0.00177471726334528,0.0007464510996647887,0.053439608513374086,0.00026003957379590694,0.01812238907567001,0.00444820210250024,0.003537218441641658,0.0374987738784741,0.002052734015568508,0.02786602467279063,0.012604406435080975,0.0016058084050231322,0.010921892358401415,0.004976688506124782,0.006356556067751085,8.332584286240229e-05
s15T0223,0.2129287509522285,0.0025329320970156046,0.003213824112189043,0.046616767837349235,0.01253662638599701,0.004241612348854826,0.005425338796532822,0.00319612454484304,0.0001365790586569134,0.027122138127673844,0.0037099303378747284,0.0008766782493328653,0.013678510430075015,0.0,0.0026745913038743363,0.024485069255296518,0.00180227957921126,0.035585548963942365,0.0,0.5971835830410099,0.0020531145780422664
s02M0323,0.2842793430085302,0.0008842033089078772,0.0057278378377295215,0.020437774390824427,0.018598660558138087,0.0021102703147216325,0.6000573698038225,0.002858962670714469,0.00015030817100496508,0.001285975235926155,8.659339823607672e-06,0.000207889827877437,0.00909962845623125,0.01157474124208844,0.006837108647133542,0.0062491159855565205,0.006243165965160978,0.008074920639714109,0.014371991939129265,0.000942072656965142,0.0
s03M0323,0.4443776556414083,0.006561815050989481,0.011331210328246997,0.06473587663589718,0.05308633103300882,0.005041321482360781,0.04455178877858662,0.04136505334982117,0.0008319916955184976,0.0010016738074238357,0.00025178713122518237,0.0012021803970352991,0.11966684667332897,0.04614400281950808,0.033004482808535095,0.013863593697237974,0.0015882653941614987,0.02198880654625743,0.07974342696292958,0.005136294004045287,0.004525595762474026
s04M0323,0.0,0.0034866292242858566,0.0031705523581519405,0.06631134338321049,0.010101067149562885,0.001920708676194117,0.800769233133738,0.012707564551431103,0.0,0.0,0.00014160756107151916,5.7267741214802507e-05,0.06685405416390859,0.009359085605228523,0.004791333392018099,0.0,0.00014797188832553775,0.0,0.018525096739878323,0.001106534553699697,0.000549949878080605
s05M0323,0.0,0.0,0.0,0.0,0.0,7.003562046668048e-05,0.957055883471748,0.0,0.0,0.0,0.0,0.0,0.0,0.0,0.0,0.0,0.0,0.0,0.04287408090778545,0.0,0.0
s06M0323,0.10017262068636702,0.0014564948777947046,0.0464723664339337,0.06449008359415395,0.12625336559458725,0.010925522476352128,0.3737381265472372,0.02243678535317412,0.0,0.0017892434862632398,0.0004721875574477413,0.00048338081066322285,0.024596112708112194,0.09676883592392167,0.02403021852048125,0.009711034850616168,0.0008439437496735779,0.012006124918952131,0.07527520608740024,0.005083029167259031,0.0029953166556094873
s07M0323,0.15840129753782056,0.005006994280133578,0.01401100002565313,0.09996074028374413,0.11245296913695381,0.02334326528434341,0.17655457245651057,0.04380430754754961,0.00039037134390941834,0.007598824039252905,0.001373571272615406,0.0014950465440445554,0.10407258426866312,0.03873077970930358,0.04408591736483961,0.026463908946375098,0.0023522133838274656,0.045273646231580686,0.07468737936279925,0.0056945172378308,0.014246093742249312
s08M0323,0.0027001645696155484,0.0,0.0,0.00014895249001638266,0.0,0.0,2.0136808723166114e-05,0.0,0.0,0.09528478160905643,0.034663650824059894,0.0,9.05859945785503e-05,0.0,0.0,0.0,0.866923594370067,0.0,0.00016813333388289694,0.0,0.0
s09M0323,0.0454236166790242,0.010201148963139315,0.00015199992951951902,0.008891622533025553,0.002529872907926853,0.0015748170191374653,0.001811495192037135,0.0018801290877432833,0.0,0.1905836022444523,0.07101598533620089,0.00015475972162891716,0.0010262396730301843,0.0005340299229608225,0.0025248978640145716,0.011734866659695366,0.6039809883797558,0.009716206877184875,0.0017635510511160486,0.0002718775921829739,0.034228292366223864
s10M0323,0.22380291845463524,0.03241005695928374,0.0079096530280007,0.04872592875920667,0.021174132305180497,0.006811788189615887,0.012260593700775833,0.036477904032942564,0.0019602549311200823,0.26018353442898967,0.10840136316508174,0.0030610063212055645,0.008402411400264242,0.009726407918937259,0.016973204513189632,0.04100512567071158,0.05987571605034679,0.045065705460316074,0.011958031530513993,0.0015804951309727915,0.04223376804870939
s11M0323,0.15441838196269483,0.0383876358348562,0.002097164442707921,0.015553616325825078,0.005799603195669733,0.005197062534045075,0.0027354316905891674,0.015236803509752195,0.0004828131205663321,0.1995104618970684,0.08938391038617077,0.0008664394858340109,0.0036742666942234177,0.004245426501004005,0.007359711189910237,0.01047253657428081,0.4267436662271172,0.009767756726956704,0.005549908765326168,0.0009986051161360039,0.0015187978192657036
s12M0323,0.29257023986182396,0.020006341873884247,0.0059790489522809935,0.11482004869624081,0.002552641888411854,0.003316459968887632,6.691180406348967e-05,0.007009913602293728,0.0007279250831094109,0.11061420256699837,0.043340529154980545,0.0012234172949459087,0.0012405664014116542,0.0,0.15042284302192846,0.009416054543428424,0.22519564938601638,0.01149720589929426,0.0,0.0,0.0
s13M0323,0.5368225984103009,0.017931456571121954,0.0011543361963160569,0.004908605110960923,0.0015183690207742722,0.003485310031219568,0.001588225702569721,0.01528870622922342,0.0013896859873621555,0.13618386076470052,0.05591265346448232,0.0024050221594227785,0.0009706316386913847,0.0018825589360419606,0.0020283049903469046,0.005095117530117302,0.19898091912701013,0.010964989213073635,0.0013137910052605905,0.00017485791100336728,0.0
s14M0323,0.38763436637713083,0.008909150660592583,0.0015092047796113608,0.014298217300377235,0.0,0.002491896957948019,0.0,0.01442244120768349,0.0009180415822949624,0.0524442236266222,0.022569527998446977,0.0022981295960170915,0.011946423140023534,0.0,0.004003573550360059,0.009403604420547176,0.09250139358123266,0.012295719675837834,0.0,0.36235408554527393,0.0
s15M0323,0.0,0.00035547410658679185,0.0,0.9872067652110255,0.0,0.0019458614428013445,0.0,0.0,0.0,0.006049781325116982,0.00047236779687761713,0.0,0.0011939123920407257,0.0,0.0,0.0,0.0023940847859975447,0.0003817529395533128,0.0,0.0,0.0
s01X0323,0.06647150978589726,0.0,0.0039231188120239634,0.05103559221061031,0.0,0.0,0.003840803658424016,0.8435606710472081,0.0,2.8148597387258587e-05,0.0,0.0,0.014405961547964474,0.0029201383638369455,0.0016681329088889332,0.008157253044269836,0.0018333264331754382,0.0,0.002155343590313325,0.0,0.0
s02T0323,0.30943313717911847,0.0025184982404009054,0.0593871691456674,0.11309227198146893,0.12691715644834425,0.002720450696569342,0.03401202179258676,0.02571045907592166,0.0,0.0070028162690676165,0.0,0.0015200352721871533,0.01103621239265131,0.10982329128464483,0.034828978084358864,0.031792886372734676,0.0014618182323833803,0.03802370307417827,0.07852965697346789,0.004566255000320315,0.007623182483928004
s03T0323,0.3814342176660996,0.004271854093499432,0.01197447011677846,0.09373824905436542,0.06090336704432274,0.009354077986971385,0.12163315763760141,0.025927195862285927,0.0,0.007737469306233531,0.0004307304523408273,0.0022493101741571583,0.038110533604003405,0.0337289742543137,0.04076555562286937,0.02725703295079972,0.001969358076330689,0.040268306401694286,0.08392568375344246,0.002517416101572488,0.011803039840317943
s04T0323,0.13680372314779854,0.0009515048355190241,0.04040803179491016,0.08176876662779783,0.17824726034718869,0.014260190456976764,0.2286333689834725,0.03433171009476084,0.0003760462026786733,0.0022823671416034533,0.002132072138828015,0.000369398608272121,0.004139498584153655,0.10269325520631874,0.040048660600859286,0.0263029609604251,0.001628642339721221,0.024153600770206833,0.06490576224641895,0.0052637782365471475,0.010299400675542516
s05T0323,0.0541127356046568,0.0003117731887029536,0.013653977151443017,0.5479870941933738,0.060760872784875984,0.0015572522931835316,0.10182789429355393,0.011785509605163714,0.0,0.002437959298489991,0.0,0.0,0.008215822650029982,0.041805801343317135,0.014285708553775534,0.00817645658480032,0.0008279574888107739,0.01103082845298391,0.11723817991267774,0.0019032075500276242,0.0020809690501331617
s06T0323,0.05368981453116462,0.0004317350939104492,0.011033428561518385,0.03364164581703546,0.0855128756134732,0.0031592579293545846,0.6983369388338402,0.010624600700601396,0.0004054870772930568,0.0015805651034570618,0.0003400247970622154,0.00014099121269012024,0.006144345223500671,0.025151255201703897,0.014556189945444227,0.005307800212924645,0.000421640884934161,0.006660706263652287,0.035714169823477755,0.002703079192708545,0.004443447980252964
s07T0323,0.07936056101337245,0.0006331130897374575,0.0,0.01875126090955358,0.0,0.0019109103676622585,0.604338894210992,0.0039002978333216127,0.0,0.002872193549411907,0.001188384654334152,0.0003576528657138368,0.0,0.0,0.004493260028507931,0.008852356020158667,0.0003105750404770477,0.010855354132863773,0.2597899848772967,0.0,0.0023852014065965854
s08T0323,0.0,0.0,0.0,0.0,0.0,0.0,0.0007853794236145961,0.0,0.0,0.06203478893927063,0.04399659903846831,0.0,0.0,0.0,0.0,0.0,0.8931832325986465,0.0,0.0,0.0,0.0
s09T0323,0.1330864191542167,0.006018155307265599,0.0011442682869764506,0.023691270039677102,0.007373764206649007,0.003199036405792315,0.005952118399294173,0.008851273024225458,0.0,0.36068396950593806,0.1715407205128361,0.00027805422638779747,0.0030473515482662425,0.0031142242591368145,0.008083516798076423,0.03040374639193189,0.1568180445107301,0.023630321007470964,0.004824899338277553,0.00161677853896802,0.04664206853788342
s10T0323,0.5690604230418522,0.005996621786728718,0.006342370748156014,0.04937734359472593,0.010101819506511352,0.0025283122646984836,0.007842497123258192,0.016770102944865636,0.00041776603742323636,0.11451883714339506,0.06011149786089096,0.0012941880399382024,0.007163599815278024,0.008591400562098292,0.013600828602652196,0.04033269714612231,0.01412183855169495,0.030481462981950244,0.009454772289003797,0.0011181317334832918,0.030773488225272875
s11T0323,0.4984266204961244,0.003846421777035806,0.0018885678005952436,0.026733321964475816,0.007021693025608878,0.0028963191099587123,0.0020023324900637204,0.021198609276365625,0.0004480338501620571,0.18464867632337956,0.10871513082955182,0.001046076399636428,0.013128205947459991,0.0037990588036165493,0.014562514090244408,0.025377131771114537,0.061551353144097584,0.01338877555763572,0.0050552981670167925,0.002306595353502284,0.001959263822354081
s12T0323,0.8827803218859339,0.002006811421920303,0.0010830038380141012,0.01012889694574982,0.0037527052724764965,0.0013900759802684842,0.0006812068259189737,0.00694240624488859,0.0012351087721509493,0.031164286123463978,0.0187696132838481,0.0015885722605502985,0.0024093151793444377,0.0023381675764946007,0.0023142614303192986,0.0077231357582807055,0.007416297630859515,0.012491026550479149,0.003784787019038251,0.0,0.0
s13T0323,0.9794996238077404,0.0002973153797046194,0.0,0.0,0.0,0.0,0.0,0.0,0.0,0.009914703188197297,0.008903421092741509,0.0,0.0,0.0,0.0,0.0,0.0013849365316161435,0.0,0.0,0.0,0.0
s14T0323,0.9297382421000921,0.0,0.00044183804395156185,0.02276512311875658,0.006351417195176104,0.0005689753820067865,0.0005330289306991258,0.0,4.15491097606935e-06,0.006967929095139818,0.005575647750331816,0.0,0.005173222560842279,0.0005565670036612969,0.0031548412172618524,0.004757906584122534,0.0021491890441952635,0.008810109970146383,0.002451807092640317,0.0,0.0
s15T0323,0.01179101491510749,0.0,0.0,0.0027062366656262255,0.0005555813333283455,0.0017084779307679702,0.00021614474147160784,0.0,2.152266932795874e-06,0.0015306660699906127,0.0,0.0,0.0031050410790686277,0.0,0.0029834406138405443,0.9740897544289706,0.0012280439641393333,0.0,5.576989089398602e-05,2.767609986172996e-05,0.0
s02M0423,0.019305918339298712,0.0,0.0020489399686331056,0.010755960643108178,0.0,0.002620944082631366,0.9314554957640037,0.0035255239822686506,3.863423159156606e-05,0.0,0.0018268610383784347,0.0,0.0,0.005568079152910461,0.004623856935189304,0.008416201302092996,0.0009072254530902104,0.0018343750632654453,0.0047058495913872254,0.0008717042661642695,0.00149443018598648
s03M0423,0.19354711440376812,0.0018115626138366714,0.010178873961446093,0.0962841936389493,0.04926369218482567,0.01424503533805015,0.05185574472934027,0.0252085574354996,0.0003949501040285854,0.0050497411680905996,0.011014959860927032,0.001330389668727796,0.014901588393424474,0.021587761927603085,0.36223339507044333,0.039901556385568186,0.0014740061053178518,0.04620716444830613,0.04505199042962124,0.0016030866761181273,0.006854635456107892
s04M0423,0.0,0.0,0.0,0.0,0.0,0.0,0.28332374845556624,0.0,0.0,0.0,0.0,0.0,0.002735946488004441,0.0,0.6341849316819483,0.0,0.0,0.0,0.0797553733744811,0.0,0.0
s05M0423,0.0,0.001378628148374048,0.0002359855814067195,0.36134507854213677,0.0,0.004251778579508355,0.09064213171090423,0.015834692504320753,0.0,0.0,0.0005971294709284385,0.0,0.04389287294263323,0.010724746213003938,0.2075753170578827,0.0013019122249093404,0.0006518933570145954,0.0,0.25327653468891975,0.004687553419434231,0.0036037455586227893
s06M0423,0.06537719204036264,0.0008538317885062841,0.03218089772734,0.059150809529432295,0.09411618924399379,0.009133454218353087,0.4254308150710519,0.024870844189992438,9.874163817060085e-05,0.00255540720100748,0.0016637977104445448,0.00033406788344510907,0.0009379108514024243,0.1423787937308777,0.02868655794413823,0.012741368641126157,0.0014673647813904242,0.010988505282469103,0.06782754904699591,0.006237198584068948,0.012968702895430766
s07M0423,0.33442039728645895,0.00310553982076265,0.00694146290272077,0.08023936996489699,0.011848152941572846,0.008429487338867425,0.018295034267106172,0.013363358271737106,3.6616341537712855e-05,0.011294816230296365,0.0052003749267821656,0.0008172105235566815,0.0143077349647875,0.010922312415245099,0.2601609635845235,0.034803095679406704,0.003505304576707369,0.04315394134509125,0.12973714383208107,0.0012815309217607805,0.008136151864100865
s08M0423,0.0,0.0,0.0,0.0,0.0,0.0,0.0,0.0,0.0,0.050965060874983356,0.06833298396471625,0.0,0.0,0.0,0.0,0.0,0.8807019551603004,0.0,0.0,0.0,0.0
s09M0423,0.0,0.0,0.0,0.0,0.0,0.0,0.0,0.5211693562338572,0.0,0.07832172390573873,0.07509915238810726,0.0,0.0,0.0,0.0,0.0,0.32540976747229683,0.0,0.0,0.0,0.0
s10M0423,0.057333516562618314,0.002815887217899294,0.0021114432200677563,0.01314000191055684,0.00502751902097041,0.0022316044366161407,0.003437696178335155,0.006442518187205594,0.0,0.3425751978081481,0.27123189267059983,0.0002031845834959327,0.0015636398996012695,0.0033287629475791903,0.005380894606560233,0.01047592189110308,0.24093807679031695,0.009243125650480008,0.004628224493239785,0.0007161545427320313,0.017174737381874004
s11M0423,0.1190692609160376,0.008861259905772769,0.0017271945218638245,0.023492083291055135,0.0033676805933645923,0.002875177938752429,0.007184747799467124,0.011563571024916426,0.0,0.31584796471976345,0.26599058596901753,0.001507556822541904,0.0031500533481816414,0.0032634516524879245,0.008768816939363577,0.02012966755947852,0.14100329360146333,0.023588974524926996,0.007595574371339839,0.0008251025157785613,0.03018798198442681
s12M0423,0.1209688583278741,0.004954075735215741,0.005804091384751919,0.02231112761457451,0.004578856975791946,0.0009688203576081828,0.007235512782959736,0.010053161397348622,0.0,0.3509806464280272,0.2519024955870138,0.0010901670454165687,0.002729051218870028,0.003878125359657742,0.00791064382360529,0.017316732328644464,0.10998338783429261,0.022046254096706,0.007770851158079592,0.0007338140252109224,0.04678332651835088
s13M0423,0.22387231822363599,0.002938715028271894,0.0006551867144839043,0.007568510533360436,0.0030614105426337887,0.0009461662291727487,0.0031139035693608075,0.0006556219629540768,0.0,0.39215804264712156,0.2474668456307816,5.492423717021483e-05,0.000674036668344239,0.0021614550383452663,0.003498940163158058,0.008942430385421127,0.05149235735842988,0.009952360250905661,0.0036883131852658677,0.000560806523977756,0.03653765510720514
s14M0423,0.37173646840366026,0.00246034511758875,0.004796714014897272,0.029920341024289355,0.006925534581224958,0.0010807772496705262,0.004070120549094106,0.005393360211441438,0.0002397576934151519,0.29128296317935115,0.1975343648655765,0.0006379057904316871,0.004495784914141097,0.005766686063838514,0.007617247222619898,0.02902204787584716,0.010231594562493172,0.015496829692274918,0.005827368403313349,0.00021270839383534705,0.0052510801909954165
s15M0423,0.11002085842504036,0.004125672715621973,0.002874553258926979,0.020582748994717043,0.002585895091977197,0.001884017744499792,0.0056029755592952295,0.007475614883952127,0.0,0.41462006414307034,0.24018949880564663,0.00126609434891067,0.002884786219615364,0.0027035412042041196,0.006901116744773559,0.018745421256203498,0.10868093061163764,0.020118728828645908,0.005857224888050067,0.0007126409005421106,0.02216761537466949
s01X0423,0.299416699785886,0.004081173281310423,0.016865998896638982,0.13202494056992092,0.030236945587907446,0.10085661892641998,0.016828182288763132,0.04669297353122857,0.0,0.007124513752081725,0.03051602467258872,0.001125627210403053,0.012794352928048525,0.04057745013462854,0.04845632069054088,0.07974071415800629,0.003465934704610522,0.0533157559752026,0.03990221788763737,0.0069443760597719196,0.029033178958404453
s02T0423,0.09447911147987947,0.000932509268593149,0.0026331833985530685,0.19935732008693882,0.00986877019641744,0.007440292479314195,0.06037717818224145,0.0004288015697242878,0.0,0.0004289053432096728,0.011208460587221547,0.00023333496970670312,0.0,0.0024899577124756524,0.5482722329980104,0.022590181836053522,0.013379718358769097,0.011019554447892172,0.014860487084999497,0.0,0.0
s03T0423,0.02524981986973292,0.0,0.0006011669104462417,0.012197305872823916,0.010259434271092691,0.0006944136270943356,0.900760576714939,0.0050187759408661225,5.045728557441176e-05,0.00017070764277776307,0.003399867289429063,0.0,0.0,0.003631142080496411,0.005557869024072025,0.006327192523164097,0.00027588265607197607,0.0007286632270069863,0.02091308808735911,0.0016571455638791563,0.0025064914131739374
s04T0423,0.023053051506863625,0.0,0.0016019626359254934,0.04089418134550271,0.0034952780657127526,0.0005759716157665078,0.18226335019751708,0.024380126777589033,0.00010261174695214818,0.0,0.003938199505352067,0.0,0.0,0.017024492771296564,0.07225376789571718,0.00944487327870097,0.0008158485877132362,0.00043488297105540594,0.6014234317373482,0.008560114672607198,0.009737854688379859
s05T0423,0.0,0.0,0.0,0.149258873909632,0.0,0.00016237467048585451,0.22670498058954372,0.006083633455497262,0.0,5.290269752463755e-05,0.0008612808805560538,0.0,0.0,0.0005231097104386822,0.028260039772022922,0.0010142921417998062,0.000928874249470782,0.0,0.5797681923447046,0.004289317567985626,0.0020921280103382233
s06T0423,0.0071209093004497605,0.0,0.0,0.01859246013551414,0.0,0.00016738633281743314,0.01823993121500535,0.01115777491547747,0.0,0.00038172869403306134,0.0011792197735956086,0.0,0.0,0.0035361259690603977,0.0374943102739284,0.005359324358061111,0.0004536103611310266,0.0,0.8848972255264808,0.006032526446314502,0.005387466698131126
s07T0423,0.3177868036202499,0.0008199908429626854,0.026329357539694096,0.16880730936800842,0.04216219057857065,0.008757360023976072,0.01696941408126315,0.05935515052004747,0.0005990033495669083,0.0,0.03387611731010226,0.000574701078993002,0.010261373436811563,0.055362046181325564,0.06006548495882965,0.07998523419438651,0.001070319330008634,0.03733965707352186,0.04283479792652294,0.013589903052512332,0.023453785532646185
s08T0423,0.0,0.0,0.0,0.0,0.0,0.0,0.0,0.0,0.0,0.029038251078577368,0.10597792285204079,0.0,0.0,0.0,0.0,0.0,0.8649838260693817,0.0,0.0,0.0,0.0
s09T0423,0.038172716933104756,0.00035133258720032254,0.00012728172045232158,0.0045658405737524005,0.0018562003558696431,0.00012326119548726383,0.000991823027603049,0.0,0.0,0.11401141875031116,0.193159475420452,0.0,9.815524260118221e-05,0.0006701356138251975,0.0012587113730769882,0.00910145242753406,0.5840627463701971,0.007171402918880817,0.0012937061578001607,0.0003777386493684141,0.04260660068248317
s10T0423,0.7776644821339965,0.0004520139537365207,0.0,0.0,0.0007484543321353896,0.0,0.0006765661252968436,0.0,0.0,0.04929342929301825,0.13681276559773606,0.0,0.0,0.0004024332385198452,0.0,0.0023671076138582006,0.012558828948770348,0.0019018923601218974,0.00036634072293321724,0.00020400365355541423,0.016551682026321433
s11T0423,0.012226465091572679,0.0019354252950351725,0.0006332772334738673,0.0016534725780348928,0.0008313890199079876,0.0,0.000665045534747568,0.005867451452372881,0.0,0.15596800162007546,0.24842345855665438,0.0,0.0,0.000938576165575398,0.001053733507893151,0.002088302139652944,0.5621077992028457,0.00027849133433229293,0.0026841262034257287,0.00029420642360709264,0.0023507786407926208
s12T0423,0.0,0.0038631435663873366,0.0017680924458954635,0.000910157104890431,0.0012761354074436898,0.0,0.0007246146058477111,5.629780447451752e-05,0.0,0.1748382280373895,0.3628854994805428,0.0,0.0,0.0011850758518393515,0.001259955384318848,0.0010444411677648967,0.4485517812504017,0.0,0.0013571040890034789,0.00027947380380007037,0.0
s13T0423,0.47225794915263464,0.0020538240254124266,0.00028758844696328087,0.0,0.0,0.0,0.0,0.0,0.0,0.15695522199278003,0.302959575158791,0.0,0.0,0.00025255454017267525,0.0,0.011854110463880255,0.05337917621936573,0.0,0.0,0.0,0.0
s14T0423,0.05940159446148655,0.0001142873148517365,0.0018133961043713066,0.910152276879645,0.0,0.000397936566457919,0.0,0.0,0.0,0.003161009247106977,0.007121393607431262,0.0,0.002156790341020109,0.0,0.0,0.01032614027091011,0.0006374478909680696,0.004717727315751234,0.0,0.0,0.0
s15T0423,0.16840907521827192,0.00026249652095407684,0.013756887474108626,0.22459725123406493,0.014716481613849901,0.0067124381108973515,0.003962435525065361,0.0009481135636782017,0.0,0.0010412720884637443,0.011820415573044826,0.0,0.00515846611390934,0.01436018775846488,0.46757602501171464,0.03862428747645721,0.0009809639247311277,0.02237538147051436,0.004005521643281674,8.449168226437977e-05,0.0006078079962633246
s02M0523,0.049767517083519376,0.002558226132644873,0.07531224517710863,0.07355831515590035,0.18508009134912345,0.0006037092056993397,0.17993423359913718,0.04545134031697699,3.307324483943732e-05,0.0006894583488455715,0.0029925455470967656,0.000409674316393363,0.03708399072354029,0.15254398773999703,0.04141103395356515,0.01238281198272011,0.000868079955199941,0.0067248138789498335,0.10767501600620435,0.014402371437301782,0.010517464845236225
s03M0523,0.0,0.0,0.0,0.0,0.0,0.0,0.004317304816901214,0.0,0.0,0.0,0.0,0.0,0.0,0.0,0.0,0.0,0.0005188681905288818,0.0,0.9951638269925699,0.0,0.0
s04M0523,0.0,0.0016352746422830977,0.002537491794940956,0.07214719711120099,0.7371781171249179,0.0,0.0,0.012016686181758785,0.0,0.0,0.0,0.0,0.009290607659196294,0.01095920529681786,0.13098873324950006,0.000843566416271919,0.0003785588015148291,0.0,0.01782519418982177,0.002937394566326705,0.001261972965448732
s05M0523,0.0559085147249918,0.0,0.024983860139190635,0.2251918334494365,0.08255725551304517,0.0013292211928702202,0.11595365806773501,0.060166927610732876,0.000738050259234534,0.0005476379955328378,0.0017949307488305541,0.0,0.01251966781262541,0.09342292120738895,0.06398443769620252,0.013955442377014704,0.002929472548749327,0.005787205605475258,0.19815932649746992,0.0194089974077925,0.020660639145681173
s06M0523,0.0,0.0,0.0,0.4248617276146601,0.0,0.0,0.007102149113017868,0.0,0.0,0.0,0.0,0.0,0.0,0.0,0.008510453796101143,0.0,0.0003621356930363205,0.0,0.5591635337831846,0.0,0.0
s07M0523,0.22303207513716752,6.977705994554856e-05,0.03249172430733857,0.16319654341214468,0.057276523038725796,0.012328585923702562,0.05536784983060292,0.06339668588622464,0.00027068906842708443,0.002096835584332786,0.0035182393409913305,9.050330800444749e-05,0.010943045866505852,0.07545760169689536,0.07212586145733911,0.055240887139820505,0.004006298914647516,0.05692341814885617,0.06817779537706087,0.016792157353467972,0.027196902147798643
s08M0523,0.0,0.0,0.0,0.0,0.0,0.0,0.0,0.0,0.0,0.0,0.18177281087831382,0.0,0.0,0.0,0.0,0.0,0.8182271891216861,0.0,0.0,0.0,0.0
s09M0523,0.0012620655687925679,0.0,0.0,0.0007348352195804469,0.0,0.0,0.0,0.4933582772065288,0.0,0.018173655714084226,0.15836421523287578,0.0,0.0,0.0,0.0,0.00257208315718485,0.3255348679009533,0.0,0.0,0.0,0.0
s10M0523,0.4083873298118904,0.0016313742721163768,0.0,0.09819655312826212,0.023018930532441778,0.006081526040931866,0.0006913575241225588,0.07202090980089912,2.8035387191431483e-05,0.0,0.15705039052295752,0.0,0.0,0.0031515734988353966,0.023753029010312093,0.14333896310341315,0.0029883571656457116,0.011841237576917001,0.0033507785268998957,0.00414027414747079,0.04032937994969296
s11M0523,0.4208434321888533,0.0017739719547255784,0.0038929521230103713,0.06653789496597805,0.011217472736556445,0.007888160424280368,0.0014698599323012575,0.023207914908062295,0.0011524108864116038,0.027463558843689603,0.1482090737831744,0.0005661383167721662,0.0019606497367573813,0.008177352017473254,0.016045216635799074,0.08608335898437007,0.0013440844221528298,0.03523097998851963,0.002221644068909261,0.10938227909387602,0.025331593988326934
s12M0523,0.0026059936949160544,0.000257957503997887,0.000462107993311034,0.0,0.0,0.0,0.0,0.0,0.00010181422341789154,0.003603711872240414,0.035155234656541176,0.0001439034869646991,0.0,0.0,0.0,0.956201217878513,0.0014680586900979724,0.0,0.0,0.0,0.0
s13M0523,0.23724351111749914,0.0,0.000239178298992465,0.0015629612541672487,0.0,0.0,0.0,0.0,0.0,0.0016237905951086151,0.020943308027113104,0.0,0.0,0.0,0.05637706494979203,0.6816098711753998,0.00040031458192758455,0.0,0.0,0.0,0.0
s14M0523,0.5103375569144957,8.276381189761794e-05,0.003615604859286473,0.3677557104775299,0.005403420734298486,0.0010747654592160474,0.0012819011784306884,0.0026817225622228886,0.0,0.002939292061192548,0.009782583251428341,0.0,0.002575044260377444,0.006053021156834024,0.0064805225331857515,0.06401893135303584,0.00042652582401571626,0.008642887325053585,0.003624416383336747,0.0009003850475380341,0.002322944806624346
s15M0523,0.0,0.0,0.0,0.9661589386009998,0.0,0.0,0.0,0.0,0.0,0.0005726804645438795,0.0010710370905691723,0.0,0.0,0.0,0.0,0.0321973438438873,0.0,0.0,0.0,0.0,0.0
s01X0523,0.014616887861237897,0.0,0.0,0.7841646977096671,0.0,0.0035887043830314497,0.0,0.0,0.0,0.0,0.005131067210512203,0.0,5.194885930592794e-05,0.0,0.11946411720633622,0.006485931819433164,0.0003746246142879513,0.0,0.0,0.066122020336188,0.0
s02T0523,0.10960134692213924,0.0,0.008271407311049096,0.46923971544665444,0.0026316893299082166,0.003519813144004958,0.0,0.0,0.0,0.0,0.000847287968733317,0.0,0.00413596361302821,0.0,0.13953725665677333,0.015942642600782944,0.00869384885999591,0.013172604148154979,0.0,0.22440642399877558,0.0
s03T0523,0.08819681822961997,0.0,0.012513864452954201,0.7685475109200505,0.009734418827598703,0.0024037378877244686,0.022720960097666647,0.0,0.0,0.0,0.0009485235283932759,0.0,0.005112952010786724,0.009422263313965765,0.046355997469771044,0.016031897959852527,0.003008634355319012,0.010428226487567322,0.004574194458729738,0.0,0.0
s04T0523,0.06357365855492103,0.0,0.010095227094102231,0.8232594708867104,0.012767070804356772,0.003867183381560275,0.012084249332604874,0.0013732385878647909,0.0,0.0,0.0014363493295825483,0.0,0.002732643263163841,0.00863447603179047,0.03813255486643391,0.012623900562025952,0.00010220602766381837,0.004830091906644903,0.004060781859502751,0.0004268975110714566,0.0
s05T0523,0.2070043150932173,0.0,0.028187004212171855,0.30689155666101786,0.07958637667217369,0.003946506337801099,0.0803498235741192,0.037221841927745344,3.07492197323444e-05,0.0,0.006177275303257189,0.0004216096655438595,0.012602570022849318,0.05644685189516087,0.04389910969072344,0.037398228127939255,0.0024270576723786487,0.02735147090185503,0.052226112373719595,0.00881102808149839,0.009020512567095493
s06T0523,0.06040753520174347,8.385754010295193e-05,0.009296989233151563,0.7631457643137907,0.014138813402112562,0.001693124436500581,0.041951778852082657,0.035316927134609336,0.0,0.0,0.0012654147931659668,0.0,0.003910937268985427,0.01626693479173882,0.017551188824676305,0.011708237818130006,0.0006496783038372612,0.002567891367482081,0.019081002794071027,0.0009639239238191327,0.0
s07T0523,0.11141677458318591,0.0004762624658667302,0.010123100201421228,0.591446680824398,0.008557952038148083,0.0035254351378470553,0.0023258282323104307,0.0027503742788754708,0.0,0.0,0.0017739278526729856,0.0,0.017699194094187208,0.009160445653637696,0.008088935774304208,0.02769523890540877,0.0006710986418274853,0.016413445957947376,0.0047314492899322175,0.18314385606802913,0.0
s08T0523,0.0,0.0,0.0,0.0,0.0,0.0,0.0,0.0,0.0,0.04903034869974415,0.23733774650075476,0.0,0.0,0.0,0.0,0.0,0.7136319047995011,0.0,0.0,0.0,0.0
s09T0523,0.0,0.0024084651724662815,0.0,0.001813866189339067,0.0,0.0,0.0004673710853094652,0.0,0.0,0.031073244962178528,0.267445678100322,0.0,0.0,0.0001277291830181298,3.265659880916789e-05,0.0,0.6943193084739059,0.0,0.002260926227230616,5.075400742102456e-05,0.0
s10T0523,0.2610210814748265,0.005847593347999967,0.0007369752558626415,0.05093612517187735,0.011365779476995063,0.0011786996192542896,0.0006329612465741224,0.032858333012882074,0.0004379427078449638,0.031547249042574124,0.4224467079995778,0.0008730003621792824,7.141686891301467e-05,0.0027879561849762716,0.012033969807199747,0.07032168274262271,0.04078321513621434,0.012573464906279778,0.0019075327907291776,0.0016460651721896852,0.03799224767242691
s11T0523,0.05111492261640861,0.0,0.0,0.007329842350032201,0.0,0.0,0.0,0.7529337765598433,0.0,0.00465125475523382,0.16311653477843413,0.0,0.0,0.0,0.0,0.010513418529518516,0.010340250410529316,0.0,0.0,0.0,0.0
s12T0523,0.3184602075846487,0.0007297794306369849,0.0,0.010313944972239334,0.0014275223681154748,0.0003939048399388446,0.0,0.0008765514222544078,0.00036207648738840174,0.0009674836078230506,0.019187077939515983,8.719695174478178e-05,0.0,0.0011134721502608477,0.0026227939643324854,0.6373011034125319,0.0,0.0038504171788924344,0.0004861243635316543,0.0007057520538042111,0.0011145912723405959
s13T0523,0.07421854720129556,0.0,0.0,0.0,0.0,0.0,0.0,0.0,0.0,0.0,0.0,0.0,0.0,0.0,0.0,0.9257814527987045,0.0,0.0,0.0,0.0,0.0
s14T0523,0.20678400770453922,0.0012297872220166767,0.005860241227078258,0.04217713753149107,0.013056156113625471,0.0007609116018642779,0.008494258323541014,0.03618912680288829,0.0,0.00032917803523231144,0.01673862715117393,6.427007887937161e-06,0.0022948244514949937,0.020390469562651923,0.025050798881473674,0.5476591308781558,0.0005455573941103921,0.01168512048292478,0.020054742549956133,0.009472492070195135,0.031221005007698723
s15T0523,0.0,0.0,0.0,1.0,0.0,0.0,0.0,0.0,0.0,0.0,0.0,0.0,0.0,0.0,0.0,0.0,0.0,0.0,0.0,0.0,0.0
s02M0623,0.3080058939630088,0.0008269557258167729,0.020371631614895306,0.20776899138268715,0.03887543735052664,0.027604533628122537,0.014906159324076471,0.046036913638901354,6.570177329497054e-05,0.0,0.04489949613897421,0.0,0.017595138997260736,0.044085694929475,0.055124027736613,0.07540203684826582,0.0037870814314823103,0.03516620388919841,0.032688088876866785,0.00811873116222394,0.018671281588309774
s03M0623,0.0,0.0,0.0,0.8484880006190039,0.0,0.0,0.0,0.0,0.0,0.0,0.0,0.0,0.0,0.0,0.0,0.0,0.0,0.0,0.0,0.15151199938099605,0.0
s04M0623,0.0,0.0014799338524938267,0.0,0.08398186237652155,0.0,0.003453397031097548,0.07346885352289975,0.0,0.0005466018806564122,0.0,0.0028035421741730636,0.0,0.027991863149354812,0.0,0.5571355424096414,0.0,3.790849070340554e-05,0.0,0.24564401374551467,0.0034564813669435935,0.0
s05M0623,0.0,0.0,0.0,0.006140455942268372,0.024764174354077937,0.0,0.8476961916315807,0.0007487595484964183,0.0,0.0,0.00032223254174045023,0.0,0.0,0.0004265239070388115,0.11633354737308149,0.0,0.00012975444040159802,0.0,0.0032028051222487246,0.0002355551390654065,0.0
s06M0623,0.025049942347722873,0.0009556879517310673,0.002525684652188795,0.08072878582694137,0.04070516189662599,0.0005185405979310876,0.5273002188527715,0.03284478871996189,0.0001609663300789827,0.0,0.003088817702505725,0.0008327647225304238,0.013650647432439843,0.015152304938491212,0.05143567283746646,0.0072864267446401485,0.0007518759463560793,0.0008434505014989986,0.1832246613722423,0.005894564759641291,0.007049035866234049
s07M0623,0.23323951568517334,5.651870706468531e-05,0.02900100983372033,0.1647036434205298,0.07445669961612893,0.0026020318491727134,0.043024713639888384,0.03320030599035657,0.00010101738834907638,0.0004444660333730963,0.014138395391778795,2.6481228449956553e-05,0.016372323884573863,0.05395106171129625,0.05306836932031656,0.04677252255985495,0.0011356849478958379,0.02930888602447512,0.1750290431355471,0.01035371670366139,0.01901359292839319
s08M0623,0.0,0.0,0.0,0.0,0.0,0.0,8.180014756579182e-05,0.0,0.0,0.047518167957164625,0.41483686309717827,0.0,0.0,0.0,0.0,0.0,0.5375631687980912,0.0,0.0,0.0,0.0
s09M0623,0.0,0.0004893562060947462,0.0,0.0,0.0,0.0,0.0,0.0,0.0,0.06096559454010621,0.5272972336930422,0.0,0.0,9.264757058371745e-05,0.0,0.0,0.41101618886633945,0.0,0.0,0.00013897912383370364,0.0
s10M0623,0.0,0.0015857565435769452,0.001060548421556736,0.0,2.0755608558157883e-05,0.0,0.00022557255405388014,0.0,0.0,0.06713120366773563,0.5883049409776064,0.0,0.0,0.0003806908245885927,0.0,0.0,0.3411045844319839,0.0,0.00011845243296202669,6.749453737768966e-05,0.0
s11M0623,0.0,0.0006408665968072588,0.0,0.0,0.0006638153867894801,0.0,0.0006863806648366419,0.0,0.0,0.07729067564821371,0.5208272636616202,0.0,7.134578407372632e-06,0.0,0.0,0.0,0.39988386346332533,0.0,0.0,0.0,0.0
s12M0623,0.7832846401899751,0.0007869987363315473,0.0,0.00839675810598072,0.0014064359511053775,0.0,0.0,0.0,0.0,0.020483999362098004,0.16935496001877584,0.0,0.0,0.0,0.0006665367827467514,0.015547089116032189,5.687229958344645e-05,0.0,0.0,1.5709437371143868e-05,0.0
s13M0623,0.8515718337296457,0.0,0.0,0.0,0.0,0.0,0.0,0.0,0.0,0.019515731724233765,0.1206009547953525,0.0,0.0,0.0,0.0,0.008301494192114537,9.985558653514994e-06,0.0,0.0,0.0,0.0
s14M0623,0.27129136532890846,0.0008005312223305716,0.01163181941330927,0.08395158836533444,0.012927850233886418,0.0005717971957314626,0.0035540677029001063,0.044782957166406574,0.0007513972490674364,0.0,0.386395891003235,0.00022114710322572,0.002314898441045127,0.022885304327176573,0.028632954769440645,0.06521065490194203,0.007343488738285739,0.01121422529907456,0.011034924055880597,0.008472460949846394,0.026010676532972975
s15M0623,0.23558216539540888,0.001969450852095866,0.0,0.02441082020889519,0.0038276986547917855,0.00769352597588847,0.004169522646753822,0.006880746887995503,0.0,0.011371509115414643,0.12907459030334753,0.009371478196391388,0.0035435885892317904,0.0,0.000989864973256039,0.045861559187722466,0.0,0.03188728470842921,0.0009567914398917254,0.4806650440849652,0.0017443587795204823
s01X0623,0.2533795844019912,0.001440340786900231,0.01532049547860192,0.13348258188238835,0.030058637622547714,0.002631492964400865,0.021545100954792,0.08617397601823644,0.0010458816600933964,0.0012881560750915544,0.09188574078490769,0.0,0.002216320509248166,0.061442373456222305,0.07445063887606224,0.07826645500280176,0.011963074563487816,0.01615963796240333,0.05331694624414436,0.018684398169599933,0.04524816658607863
s02T0623,0.09069873312497007,0.0,0.04030204337207319,0.10582789317392735,0.12183328502979518,0.0033959068282692234,0.03233935096067015,0.0843921612702136,0.0005794438612378057,0.0017489879755055297,0.007172821086457568,0.0,0.0,0.11545486368840152,0.2099014451647976,0.016677069485136007,0.008604030889886444,0.002233098226044158,0.08744324178853728,0.029620566449450356,0.041775057624627035
s03T0623,0.15002041888557638,0.00164001176712066,0.01281831355307292,0.07493937745767476,0.005358211349870401,0.003723932309185339,0.4462722487049628,0.054349016037058,2.6941692144312887e-05,0.00015935136762275853,0.014375230300944964,0.0,0.012633298738007783,0.04278077364436136,0.05071635634307575,0.022161266333094752,0.001077132205329479,0.008768648944124414,0.045131346857513306,0.01240822827779669,0.04063989523146318
s04T0623,0.0,0.0,0.0048249414353925294,0.36112617411896575,0.043936990097967685,0.0,0.0727561532542946,0.024636971969014095,0.0,0.0,0.0016953879582209635,0.0,0.003774352069311532,0.028954391872957005,0.398009378363722,0.0,0.0006963337759846854,0.0,0.03874577947353878,0.012104748229478126,0.008738397381152374
s05T0623,0.0,0.0,0.004516449113965457,0.7394391965289026,0.03163503789301659,0.0,0.030534055382530956,0.03044359060418348,0.00014684389718307506,0.0,0.0042678993501473785,0.0,0.00010319977814411861,0.034124461631258665,0.051615671127940015,0.0005182459579293371,0.0004824164250402424,0.0,0.04971917022884862,0.011089574697513944,0.011364187383395357
s06T0623,0.0016672308029381726,0.0,0.0007837840175507206,0.06150629623144231,0.0346792984910885,0.0,0.7860640749109981,0.01472742267793902,4.8926089498613834e-05,0.0,0.0021641792815937284,0.0,0.007478252089143997,0.009948634086984662,0.04078494346570298,0.0011214583936429616,0.00023891046503261,0.0,0.0273203652027092,0.005364224460544739,0.00610199933318965
s07T0623,0.08378537042141018,0.0008387230751415505,0.0038952285464160076,0.037236135114787704,0.006273201625247105,0.012247197939827174,0.015384286684920648,0.00810115747639393,0.0,0.0030537376626791016,0.033091281868947955,5.425916654283653e-05,0.0009302532371650802,0.013559703046422823,0.32089092887075155,0.43299417892907166,0.0,0.006229033343652433,0.01106165678791982,0.003571573931188218,0.006802092271514219
s08T0623,0.0,0.0,0.0,0.0,0.0,0.0,0.0,0.0,0.0,0.004497391286379916,0.5459550611473172,0.0,0.0,0.0,0.0,0.0,0.44954754756630305,0.0,0.0,0.0,0.0
s09T0623,0.00010589075534853305,0.0005756160632184993,0.0,0.0,0.0,0.0,0.0,0.0,0.0,0.04102479203275437,0.7596050962740716,0.0,0.0,0.0,0.0,0.0,0.19865775178674608,0.0,0.0,3.085308786109859e-05,0.0
s10T0623,0.3863420317529222,0.0003775433456839706,0.0003552678939444653,0.06149817742125668,0.014149843720883756,0.0,0.0,0.034967778537658825,1.3302041101841701e-05,0.0026461551891810917,0.35426673338000325,0.0,0.0002530068499082422,0.0023513620077783306,0.014690806346584996,0.08537480820336601,0.0,0.006020176053738799,0.003610523648579094,0.0027519884227029676,0.03033049518470535
s11T0623,0.23464854930932266,0.0016136923044745863,3.5251426917687e-06,0.007265204662719461,0.0014035472037366907,0.0,0.0,0.0,0.0,0.03731169180087418,0.6786991779092693,0.0,0.0,0.0003727373842336686,0.0010422599068109462,0.01109819869109364,0.026393333937185137,0.0,0.0,0.00014808174758804179,0.0
s12T0623,0.5077033267550596,0.006538380062052219,0.0035856291203429625,0.01623186680815246,0.009339859932242876,0.0025385064966990606,0.0006352808469522892,0.05225718923861527,0.005468664092314053,0.002008189698549638,0.325677600568075,0.006176713511800293,0.0,0.003352767821881199,0.005546012317782803,0.023110546176353823,0.0,0.018886747705750575,0.006209502326312134,0.0010447415267903829,0.0036884749942733878
s13T0623,0.6302650055795828,0.0008157195943946676,0.0,0.014538739270869183,0.002824231381956407,0.0,0.0,0.00779526602457988,0.0007239166712397006,0.010860018469075144,0.3061643745461016,0.0003074460130198811,0.0,0.001057853453407586,0.0033359358124913524,0.02047223825964252,0.0,0.0,0.00012793963759459407,0.0007113152860446562,0.0
s14T0623,0.10935531651689771,0.0,0.0,0.0,0.8443718169068404,0.0,0.0,0.002674962355044676,0.00018312856635934556,0.0,0.034649727861011774,0.0,0.0,0.0,0.0,0.008765047793846003,0.0,0.0,0.0,0.0,0.0
s15T0623,0.1279135161315357,0.00026498617021010555,0.0,0.013661580193670121,0.003260922680008796,0.0,0.0,0.0094738264155858,0.00030489916774060236,0.0,0.11528421265275438,6.774559380260967e-05,0.003289077843375866,0.0,0.002784436564518979,0.0442006979740801,0.0,0.002996431146750851,0.0,0.6764976674659662,0.0
s02M0723,0.1319095223617597,3.129989152060863e-05,0.016921649329427867,0.16242577689309248,0.35163158633480696,0.002284295578818163,0.050154525494930324,0.044669797230497306,0.00035510919315349547,0.00030352348219618753,0.010898943778645625,0.0,0.006207943851934422,0.04705374881421392,0.04832991854639502,0.029673834439840747,0.0031680589764601402,0.014057810954693998,0.043935663133494014,0.012745138509586834,0.023241853204532266
s03M0723,0.15486801015423154,0.0,0.011881443945054311,0.07835383157118288,0.05381675721160512,0.0126366676427501,0.3968827341657618,0.04640048475459693,0.00013869759140527845,0.000330771541174656,0.009403752713841378,0.00020489425844140202,0.00832747507531651,0.03329330391903548,0.039157034479702875,0.02494590051659803,0.0022836957426380622,0.01199507120881712,0.08445777844619427,0.011321052039487323,0.01930064302216486
s04M0723,0.009329774740940816,0.0,0.0,0.027507396485110466,0.36494488827571214,0.0,0.33106586525969117,0.0,0.0,0.0,9.978116147206366e-05,0.0,0.019716449053411154,0.0016410398891858289,0.175234231844612,0.00242791323053982,0.0001167390550363638,0.0,0.06378358535744734,0.0019374618877817124,0.002194873759059094
s05M0723,0.05066469386226227,0.00021122401089138687,0.009258235188280724,0.07943518460815538,0.014433648443668885,0.0013251666658949423,0.5550400480445112,0.047400140218468875,0.00014628569406653386,0.0,0.002734955507576799,0.0,0.0029980577757385,0.03663740710332762,0.0515947268904743,0.008227213638746058,0.0006771967896039837,0.0006470349368739437,0.10077464446273186,0.012599647210068869,0.025194488948657955
s06M0723,0.0,0.0,0.0,0.0,0.0,0.0,0.5110305977204681,0.0,0.0,0.0,0.0,0.0,0.0,0.0,0.03174609770079772,0.0,0.0001171654541429181,0.0,0.45710613912459136,0.0,0.0
s07M0723,0.36466788741441025,0.004118098630062631,0.020721293412707772,0.09255899443325577,0.026010057959933323,0.001750121086729959,0.16908526895103113,0.050856255778204885,0.0,0.006357400525314366,0.014158313407200581,0.0018383752863225474,0.007788602406718572,0.037768054767073296,0.0384686887093619,0.03964218122120921,0.0007408557329890061,0.03286278938051001,0.04274611878914619,0.005733143825983727,0.042127498281835055
s08M0723,0.0,0.0,0.0,0.0,0.0,0.0,0.0,0.0,0.0,0.0016705496803652606,0.4938096778206304,0.0,0.0,0.0,0.0,0.0,0.5045197724990044,0.0,0.0,0.0,0.0
s09M0723,0.0,0.0,0.0,0.0,0.0,0.0,0.0,0.0,0.0,0.0,0.6324727558373392,0.0,0.0,0.0,0.0,0.0,0.36752724416266086,0.0,0.0,0.0,0.0
s10M0723,0.023142553272408047,0.0,0.0,0.0,0.0,0.0,0.0015814167351069894,0.0,0.0,0.02755145992170356,0.7886262047718132,2.4447506775089352e-05,0.0,0.0,0.0,0.0,0.15907391779219313,0.0,0.0,0.0,0.0
s11M0723,0.0,7.368743861033745e-05,0.0,0.0,0.0,0.0,0.0,0.0,0.0,0.016650453942298513,0.8056212211532325,0.0,0.0,0.0,0.0,0.0,0.17765463746585855,0.0,0.0,0.0,0.0
s12M0723,0.10154349054759741,0.0,0.0,0.0,0.0,0.0,0.0,0.0,0.0,0.0,0.7932321398926793,0.0,0.0,0.0,0.0,0.0,0.10520448973850971,0.0,0.0,1.9879821213565026e-05,0.0
s13M0723,0.7548824443410534,0.0,0.0,0.0,0.0,0.0,0.0,0.0,0.0,0.002143080829799436,0.24297447482914722,0.0,0.0,0.0,0.0,0.0,0.0,0.0,0.0,0.0,0.0
s14M0723,0.8085559354492331,0.0,0.0,0.0,0.0,0.0,0.0,0.0,0.0,0.0029679498087591244,0.18847611474200768,0.0,0.0,0.0,0.0,0.0,0.0,0.0,0.0,0.0,0.0
s15M0723,0.6511596710543363,0.000689006776089276,0.004319605917793338,0.03888658623151434,0.00836099028730955,0.0021393868094248323,0.0025982625603601732,0.028524881099672685,0.0,0.007080171806023675,0.12021197138022324,0.0,0.0017361390787789263,0.009501744851955362,0.015048356711078095,0.05662014163235184,0.0008462826189245373,0.010212194602437418,0.008012602035470344,0.0028382681608670563,0.031213736385388997
s01X0723,0.03144348579941089,0.0,0.0,0.8538454660049921,0.0,0.0016396311906787429,0.0,0.0,0.0,0.0,0.018771251171330286,0.0,0.0,0.0,0.0,0.016754765389707233,0.0022027435033393247,0.0,0.0,0.0753426569405415,0.0
s02T0723,0.050033307806680784,0.0,0.00663906811683468,0.029946455365713113,0.0,0.00039939575569257734,0.6697093933790454,0.011906086046735235,0.0,0.000667947668974268,0.0031125501928891356,0.0,0.0,0.018506455511620588,0.1628072944921733,0.014140480637071136,0.0005264622803576842,0.0067639845774995315,0.01252157874205597,0.004608538082744927,0.007711001343911598
s03T0723,0.27345932519523375,0.0012931444614758959,0.024964423335388987,0.1278078387924248,0.0374062148980191,0.002918992289923585,0.092177493473374,0.06317143933332409,0.0014142747351349133,0.0001850824209781498,0.014649411898427262,1.4612621117713926e-05,0.004216670354275135,0.075037501613902,0.08458317244925563,0.04757742699298934,0.0025696786079713167,0.025432580513853293,0.06866242246011807,0.018416666075039605,0.03404162747777343
s04T0723,0.04881841838501949,0.00036119789976485226,0.020378598511784245,0.08559034516235987,0.15364163407800613,0.0,0.2665694719711385,0.06754311944603461,0.000356614131835976,0.0008818390675131357,0.01852586717703953,0.0,0.023900056247956006,0.07273044569692001,0.08840909562406166,0.01199575522719313,0.0010395549349468613,0.0,0.09218868968863685,0.02144462496014718,0.025624671789642083
s05T0723,0.07206149292689841,0.0015037382919958129,0.009972998954157583,0.05141743494981068,0.05632326666341333,0.0,0.31626667642736284,0.04234643689566436,0.00020738311995796487,0.001999805199595531,0.025448649534010492,9.362449201187506e-05,0.022527098119764725,0.039739553822906934,0.04230095350022492,0.00917004985955401,0.002113130233967947,0.003978152258631927,0.06350423042194853,0.22019260281845673,0.018832721509665327
s06T0723,0.6578566142525524,0.0,0.0,0.2142474600111393,0.0007398945878072752,0.0,0.09533270221125889,0.0,0.0,0.0,0.00041196719623381854,0.0,0.0,0.006263569157685057,0.01626473858662773,0.0,0.0001319436844776767,0.0,0.006244430826667447,0.002506679485550282,0.0
s07T0723,0.8140144716398672,0.0,0.0006982352851271298,0.020320110080461154,0.002025709645071414,0.0004598437062085853,0.0018861460251220453,0.0,0.0,0.0,0.009754451447069176,0.0,0.0,0.004924655423200581,0.009047520779650464,0.004760057011565273,0.0003553747130422757,0.0,0.0035674784630770583,0.12818594578053766,0.0
s08T0723,0.0,0.0,0.0,0.0,0.0,0.0,0.0,0.0,0.0,0.026241233265892516,0.5467157029092444,0.0,0.0,0.0,0.0,0.0,0.42704306382486307,0.0,0.0,0.0,0.0
s09T0723,0.010322221362116822,0.0,0.0,0.0032638884164501365,0.00043824535491922924,0.0,0.0,0.0,0.0,0.0,0.9070469310557868,2.1701321143304252e-05,0.0,0.0,0.00022412953443801416,0.00251903983270207,0.07616384312244351,0.0,0.0,0.0,0.0
s10T0723,0.3525715886459537,0.00025440456423442276,0.00047797851338181476,0.014123055786832735,0.004354942239792199,0.0,0.0,0.03139422740768183,0.00013697572829682536,0.0,0.5279765877140818,0.00011002876621641602,0.00471140488433797,0.0,0.009269782420745947,0.02219841709937865,0.002376983987734327,0.0,0.003589692086723316,0.001937769193651703,0.024516160960956365
s11T0723,0.029795610739297505,1.4959221774493793e-05,6.912683537468909e-05,0.0,0.0,0.0,0.0,0.0,0.0,0.015022021565213994,0.8914325633469368,0.0,0.0,0.0,0.0,0.0,0.06366571829140244,0.0,0.0,0.0,0.0
s12T0723,0.10707946640862372,0.0003924789403400651,0.0002687073281357713,0.0,0.0,0.0,0.0,0.0014531134553412391,0.00017214867216408018,0.0,0.8548488082171434,0.00033168306362206236,0.0,5.871271336890507e-05,0.0,0.0,0.035360195015530387,1.124868924071957e-05,0.0,2.3437496489646914e-05,0.0
s13T0723,0.47754913810400473,0.0,0.0,0.0,0.0,0.0,0.0,0.0,0.0,0.0025044130031747634,0.5192196779379783,0.0,0.0,0.0,0.0,0.0,0.000726770954841944,0.0,0.0,0.0,0.0
s14T0723,0.6038850331307261,0.00042435931036321817,0.0006112449843006719,0.0018229369563020014,0.0,0.0,0.0,0.011785677650846014,0.0,0.0,0.3586043528977976,0.0,0.0,0.0003006322451240525,0.0016335292493488158,0.00465441433957331,0.0001144990785687149,0.0004343077433865471,0.0,0.00025678652969243163,0.015472225883970557
s15T0723,0.4022050932245821,0.0,0.0026189838857824336,0.01664830087287218,0.004411940330154571,0.0,0.0022133845177781278,0.01650140615211743,0.00014718410363340052,0.0,0.5033537207415809,0.0,0.0,0.008115622115717114,0.013904647582765084,0.00549553070977387,0.0,0.0008749399622099159,0.007907975785212889,0.0040724681612600054,0.011528801854560095
s02M0823,0.16287242167699031,0.0003003924702451221,0.031863514363478715,0.5289016824874221,0.03273993328075322,0.0016341515069798222,0.007870194577270208,0.020796752099580245,0.0,0.0,0.012106397781121544,0.0,0.01630423369989979,0.043055353633651115,0.0535654329283632,0.029230268692723983,0.000379983245594911,0.016617043542255246,0.025984747692719874,0.005891105504231672,0.009886390816718839
s03M0823,0.22757108389272881,0.0,0.02383966065236281,0.32145973958147916,0.03201984790986307,0.004360602625679848,0.030004542122378984,0.03293506833784577,0.00012561630551167742,0.002482949018181943,0.007330676310296851,0.0,0.005679273715892193,0.043614376475060494,0.1400178284800407,0.03023676375710393,0.013319568643765128,0.019659508412710646,0.03162217270936763,0.01381983256573015,0.01990088848400042
s04M0823,0.09655291728945446,0.0007257642959178568,0.021326174091888764,0.5293366224938502,0.040166196096348715,0.0010090088225414963,0.10971448576532863,0.030284452531039483,0.0006862629036491689,0.0010936620838376705,0.0018783773965343209,0.0,0.01974462223679473,0.04334213063900185,0.027057971005259123,0.013715407514563332,0.0010459815158781187,0.006399356960559818,0.034737051572275184,0.009862065621953391,0.011321489163323772
s05M0823,0.03305286797739944,0.0012030316414993393,0.023088856417830764,0.4056829001642981,0.04885668565200119,0.0,0.1755596064293622,0.027567427340374494,2.5997030347896026e-05,0.00013214770504909386,0.0023588463217120116,0.0,0.023881921611240788,0.05570004500862826,0.05188483968263324,0.003618278552163854,0.0019892858629638158,0.0,0.12827054656084247,0.009639231034642039,0.007487485007010965
s06M0823,0.08228472547943658,0.00044934267349807576,0.050083582658393376,0.16820842600934882,0.09719260453909688,0.00283429641296281,0.017906874854481687,0.007605698659680606,0.0,0.0,0.0022652739103154506,0.0,0.016576275191404158,0.08163743808570594,0.02309840966441547,0.012425973189151686,0.0003651825304024609,0.01002444704612842,0.04493783278730883,0.38210361630826867,0.0
s07M0823,0.14688390997228637,0.0,0.021942338608160705,0.5606912785127006,0.02219816144778836,0.0017183397632527144,0.004573872553999375,0.005549615249173966,0.0,0.0,0.000748724970999132,0.0,0.0048478488680276524,0.023551993134342315,0.15430998849790742,0.02253275710777864,0.0014301959962374296,0.015934190139124036,0.00898476236357604,0.0029986351220368445,0.0011033876926083049
s08M0823,0.0,0.0,0.0,0.0,0.0,0.0,0.0,0.0,0.0,0.04044500436871564,0.6361787880457177,0.0,0.0,0.0,0.0,0.0,0.32337620758556673,0.0,0.0,0.0,0.0
s09M0823,0.0,0.0,0.0,0.0,0.0,0.0,0.0,0.0,0.0,0.03133558661229817,0.7520174362538093,0.0,0.0,0.0,0.0,0.0,0.2166469771338925,0.0,0.0,0.0,0.0
s10M0823,0.44332539562449197,0.0029280122854184647,0.001022098991082225,0.06282296715603171,0.014943947450320693,0.0,0.0,0.07541431563397012,0.00048429943255059413,0.0,0.21051348033106793,0.0,0.0,0.0009773204830778278,0.017763692126553297,0.08552305758306801,0.0,0.002625760196000047,0.005791811079404739,0.0027860938118993463,0.07307774781506274
s11M0823,0.11221321780889336,0.001086646711398373,0.00030623395172821327,0.005840705273072379,0.0018915261219360098,0.0,0.0,0.007007523458493362,7.406834762966583e-05,0.0,0.8568640493968875,0.0,0.0,0.0002569677524383999,0.0019614126166076695,0.005589584429461008,0.0,0.0,0.0018763812596929814,0.000462109684147285,0.004569573187613681
s12M0823,0.018317556163651435,0.0014351243316543083,0.0010764616757889941,0.0006488745215044862,0.0,0.0003328321911020085,0.008306521973218595,0.0009586139106149876,0.0006399055513577627,0.0,0.9121781035941862,0.0009525946029999761,3.8020474131706497e-05,0.00022654875021403974,0.0017730202781885624,0.0,0.0512095258958459,0.0015323617314263432,0.00037393435411459895,0.0,0.0
s13M0823,0.55795640544991,0.003145940204774308,0.0015209591990308592,0.0132844602653988,0.00576182481424916,0.0,0.0,0.0398964675122593,0.0004709525151660789,0.0,0.2904068940167432,0.0,0.0,0.0007373101276857363,0.006977273289998486,0.021141411111465558,0.0,0.0024575235188076536,0.006741099004622419,0.001420210919127168,0.04808126805076121
s14M0823,0.6069935744172599,0.0020530065084691544,0.000970880638567333,0.009000818177613952,0.0,0.0,0.0,0.05405906884028413,0.0,0.0,0.2251758668182583,0.0,0.0,0.0,0.007594588950643426,0.015767713636481776,0.0,0.0044464516096322255,0.0005860317337069988,0.0015152130587810808,0.07183678561030175
s15M0823,0.45615932980002727,0.0,0.0,0.4054603934291185,0.0,0.0,0.0,0.002727063498304004,0.0,0.0,0.12788740372486085,0.0,0.0,0.0,0.0,0.0,0.0,0.0,0.0,0.0,0.007765809547689387
s01X0823,0.33947689350411336,0.0,0.004605874385562129,0.49420409443483915,0.0,0.004605546882924317,0.0,0.0,0.0,0.0,0.001284797522091496,0.0,0.00256462902870542,0.0,0.024271975416589642,0.010648882342998354,0.00020433390574134416,0.007122222674980321,0.0,0.11101074990145433,0.0
s02T0823,0.36502635724037896,0.0,0.016150441377540455,0.2482002617232649,0.005372064381413498,0.0011765293342731707,0.005972354336583586,0.062297931748218245,0.0,0.01628927216042452,0.024099570214803526,0.0020029742602679854,0.036248214849199684,0.018339696259311533,0.04835828068693511,0.024660270127557764,0.08237267770961529,0.0014183572746651817,0.017160865773331934,0.018144885010458942,0.006708995531755878
s03T0823,0.13931878076970367,0.0,0.0,0.8507458355353816,0.0,0.0,0.0025178979173262803,0.0005108504663695976,0.0,0.0,2.5440186204655628e-05,0.0,0.0,0.0,0.0,0.0036459233922683416,0.0009557120979044429,0.0022795596348415257,0.0,0.0,0.0
s04T0823,0.0,0.0,0.0,0.8373606186759235,0.039988820416194636,0.0,0.017517662654369912,0.0,0.0,0.0,0.0,0.0,0.0,0.0,0.07624441176922309,0.0,0.0004984923980016864,0.0,0.028109442665436874,0.00028055142085041705,0.0
s05T0823,0.007054724255666501,0.0006052659968784393,0.0,0.7647771980016741,0.0,0.0,0.21858001792476237,0.0,0.0,0.0,0.002005031459698288,0.0,0.006977762361320258,0.0,0.0,0.0,0.0,0.0,0.0,0.0,0.0
s06T0823,0.1098433563378639,0.015406220710101361,0.009236290781873838,0.016599739709327047,0.01959664948897705,0.0,0.018123557854026442,0.055601035792161725,0.0,0.0,0.0026516632959758743,0.0013966370136916898,0.27349974791714277,0.02830980301273923,0.3918000551282218,0.0037084486712231153,0.0001389635477635829,0.002112761980272942,0.04639721973535698,0.0033680871078667816,0.0022097619154137927
s07T0823,0.8294618416856968,0.0,0.0,0.10418814913194067,0.0,0.0,0.0,0.0,0.0,0.0,0.0019087254169328758,0.0,0.0,0.0,0.015343833708125051,0.018219101394284756,0.0,0.0,0.0,0.030878348663019882,0.0
s08T0823,0.0,0.0,0.0,0.0,0.0,0.0,0.0,0.0,0.0,0.1315180652554945,0.6716414189381497,0.0,0.0,0.0,0.0,0.0,0.1968405158063558,0.0,0.0,0.0,0.0
s09T0823,0.0,0.0,0.0,0.0,0.0,0.0,0.0,0.0,0.0,0.10123068823200246,0.5451805497054628,0.0,0.0,0.0,0.0,0.0,0.35358876206253476,0.0,0.0,0.0,0.0
s10T0823,0.3178595145213885,0.001131643943180958,0.00121126402926137,0.009670132599033817,0.0062385664420867,0.0,0.0,0.03230655600442139,0.000434713889109521,0.013753374241863235,0.5307757210571057,0.0,0.0,0.0,0.004818975137113714,0.031136946151411556,0.0,0.0018567185035355007,0.0068894215105781515,0.000749052527548621,0.04116739944236133
s11T0823,0.0,0.0,0.0001288014728633856,0.0,0.0,0.0,0.0005190617384770897,0.0,0.0,0.08498237108049708,0.8709937100590209,0.0,0.0,0.0,0.0,0.0,0.04337605564914146,0.0,0.0,0.0,0.0
s12T0823,0.5203049308029072,0.002192508499220434,0.001286226277124375,0.00791113075870637,6.774110038968574e-06,0.0,0.004083332427092901,0.05294365061804087,0.00037043187968451713,0.0004589149338995055,0.3114401376761659,0.00022117044463528687,0.0,0.0,0.006662461348719967,0.01621998946854269,0.0,0.005433523634429131,0.003250515373733083,0.001226210327801149,0.06598809141925774
s13T0823,0.21793071090679428,0.0009848110051888677,0.0005538145007952805,0.0045100330143465605,0.0005114554316805502,0.0,0.0,0.023480381305660804,3.472257378260499e-05,0.03123138692268817,0.6749000527794906,0.0,0.0,0.0,0.003044792815519012,0.009731128178462167,0.0,0.0020479658760034565,0.0009930549961895377,0.0005950815089659846,0.02945060818443198
s14T0823,0.5061426403402511,0.0026668495101245322,0.001077983471272306,0.011174958311382904,0.0,0.0,0.0,0.06461152866050239,0.0,0.0008083467901470902,0.2907278754254422,5.3161513111317095e-05,0.0,0.0,0.008076536180299018,0.024528729871665985,0.0,0.006660461766442425,0.0,0.0014699936756208088,0.08200093448373787
s15T0823,0.2291483501526621,0.00043190008361549965,0.0,0.0,0.0,0.0,0.0,0.0,0.0,0.010698266601758247,0.2830050347472461,0.0,0.0,0.0,0.4549409943107157,0.005036957019021734,0.0,0.0,0.0,0.0,0.016738497084980607
s02M0923,0.17902027040363833,0.0,0.0027660067926480302,0.02665007752345181,0.012246589667265497,0.0,0.025538197545833655,0.6007708964128227,0.0,0.0,0.009180950213778214,0.0,0.0,0.004974093080340866,0.09900401546913483,0.0065308534626928256,0.0,0.0,0.016159674244495232,0.003019661157205208,0.014138714026692758
s03M0923,0.18261815885480978,0.0002976975800154912,0.017993083250616274,0.5109232930045025,0.00943394339139754,0.0002584276486601503,0.018460227252236006,0.008774590974865814,0.0,0.0,0.004906691717598808,0.0,0.007347250890180955,0.006588498352122888,0.0052254040746239116,0.01596414742360273,0.00038396413574077716,0.010650500365360846,0.0072861077863619955,0.17903532578949657,0.013852687507807073
s04M0923,0.003174617332420424,0.0,0.0,0.2581729563162262,0.0,0.0,0.2534058359079606,0.0,0.0,0.0,0.0004077955777547177,0.0,0.0,0.0,0.2256516601153278,0.041133331316807326,0.0,0.0,0.11277418092700797,0.10038323053658127,0.004896391969913676
s05M0923,0.0,0.0,0.0,0.061137113903872796,0.0,0.0,0.7277038816944007,0.0,0.0,0.0,0.0011334824902901168,0.0,0.0,0.0,0.20991012031934914,9.063586289507369e-05,0.0,0.0,0.0,0.0,2.476572919194622e-05
s06M0923,0.1831786972953577,0.0010240654046134953,0.007885792457986488,0.30429808110263856,0.012891690798517593,0.0,0.19233796527245842,0.03136472922185557,0.0,0.0,0.004505443569716105,0.0,0.0,0.012418540021320867,0.09215777457638873,0.05449254226051555,0.0,0.0,0.056937349484852975,0.0009254790847581247,0.04558184944901974
s07M0923,0.6799992484867263,0.0014213947884815952,0.009139042660228023,0.06713522047571248,0.007969038922064709,0.0018784936907326611,0.0008906313981572427,0.047545335564355334,0.0,0.0,0.00840634982518216,0.0,0.0026823387444142653,0.010417313658031342,0.025270172732111403,0.04820188552748389,6.410006779525793e-05,0.014457496973559929,0.005674125180557799,0.0020559246540128506,0.06679188665039269
s08M0923,0.0,0.0,0.0,0.0,0.0,0.0,0.0,0.0,0.0,0.18034898038819983,0.45892797728500545,0.0,0.0,0.0,0.0,0.0,0.36072304232679475,0.0,0.0,0.0,0.0
s09M0923,0.0,0.0,0.0,0.0,0.0,0.0,0.0,0.0,0.0,0.13975218973439857,0.4871480548485294,0.0,0.0,0.0,0.0,0.0,0.373099755417072,0.0,0.0,0.0,0.0
s10M0923,0.0,0.0,0.00045208609122434967,0.0,0.0,0.0,0.0,0.0,0.0,0.16952377264273846,0.602035122122465,0.0,0.0,0.0,0.0,0.0,0.22798901914357222,0.0,0.0,0.0,0.0
s11M0923,0.0,0.0,0.00025315590143123036,0.0,0.0,0.0,0.0,0.0,0.0,0.17780680250975628,0.6293033445332576,0.0,0.0,0.0,0.0,0.0,0.19263669705555478,0.0,0.0,0.0,0.0
s12M0923,0.019262214205383592,0.0,0.0,0.0,0.0,0.0,0.0,0.0,0.0,0.19136976843091003,0.783443459675218,0.0,0.0,0.0,0.0,0.0,0.005924557688488426,0.0,0.0,0.0,0.0
s13M0923,0.0,0.0,0.0,0.0,0.0,0.0,0.0,0.0,0.0,0.1652621076215681,0.805568849913262,0.0,0.0,0.0,0.0,0.0,0.02916904246516978,0.0,0.0,0.0,0.0
s14M0923,0.2492611033465759,0.0008455687877015978,0.0014722110873040457,0.09024597860841792,0.0010212066385432389,0.0,0.0,0.026660567539672515,7.812878165787127e-06,0.04343694392204777,0.5261585317422707,0.0,0.0,0.0,0.0030552515358163728,0.012230959963682515,0.0,0.0020021415659943996,0.0014180560928024409,0.00047390665359053403,0.041709759637414336
s15M0923,0.5474947178235605,0.002779669237508027,0.004292354384493097,0.03149583116941881,0.005879647487652032,8.148278896848579e-05,0.00010877891975086921,0.08488056019741257,0.0,9.933361128922832e-05,0.10590538184018877,0.0,0.0,0.0035102642160477135,0.01664144782729724,0.051439818338323506,0.0,0.010457109147991864,0.008140413295323064,0.003510609534308647,0.12328258018046556
s01X0923,0.4900306550957268,0.0042478740526785365,0.00909768031961934,0.051417478877829215,0.005361403112234119,0.0,0.008699277160631897,0.11629873178417555,0.0,0.0018438732825167142,0.023946527101467392,0.0,0.0,0.01992320127818541,0.03468579342754606,0.04491469270884962,0.004772656250353237,0.010772705091679675,0.017503672341244773,0.0073901199083190455,0.14909365820694248
s02T0923,0.266626399219484,0.0013013453919283153,0.0330060820714635,0.13021686427477977,0.02606061145847388,0.0025690591983701357,0.01829867459608657,0.08600828674781866,0.0007394709612730695,0.02317019157813139,0.04786537551612533,0.0,7.04101318103369e-05,0.07098853637167381,0.07237587755743731,0.04732105179773451,0.012440790206370025,0.019169548624813453,0.052176965772303525,0.02487194415165352,0.06472251437226888
s03T0923,0.018658139271366864,0.0,0.0,0.9713238964733252,0.0,0.0,0.0,0.0,0.0,0.0021268300297776982,0.0029728175806106086,0.0,0.0,0.0,0.0,0.004879711200256412,3.860544466328976e-05,0.0,0.0,0.0,0.0
s04T0923,0.2148841529719698,0.0,0.019605197044627612,0.13158800835526907,0.033036914771385116,0.07069083657897689,0.016430947087360696,0.05432340076760516,0.0,0.0038502188525040997,0.0151965715509414,0.0,0.0016148259165441627,0.05520250979385757,0.08685132918984202,0.05644556952979112,0.001990004559306462,0.021202065660646984,0.03354906026972285,0.14447408758357919,0.03906429951606993
s05T0923,0.03643937478411592,0.0008393063249769658,0.0018960653051930192,0.02663231717347103,0.00035201055905416287,3.708475452687568e-05,0.054896612016143195,0.0029888813301850847,0.0,0.0,0.0025874391406459844,0.0,0.012074029277286681,0.0053534277848258345,0.8402247835962963,0.00463876515685309,4.692793704378464e-05,0.0,0.0011651480458792747,0.0027498677953170705,0.007077959018185708
s06T0923,0.0,0.0,0.0,0.001840146636218612,0.0,0.005707341823766972,0.014434736779375627,0.0,0.0,0.0,0.0,0.0,0.0,0.0,0.44546565746276945,0.0,0.0,0.0,0.008712266733371736,0.5238398505644977,0.0
s07T0923,0.32202173232255643,0.0,0.04751242560592287,0.21253584261462616,0.038087854065827036,0.005152360197346156,0.0011828811105615976,0.009519464527749334,0.0,0.0,0.007601741822093306,0.0,0.014146802697408293,0.047729474215509445,0.16730141631242526,0.05775681044322439,0.000723636801245975,0.04188826711321112,0.011614003968500762,0.006770116620365087,0.00845516956142687
s08T0923,0.0,0.0,0.0,0.0,0.0,0.0,0.0,0.0,0.0,0.17547028663734499,0.3675079404854337,0.0,0.0,0.0,0.0,0.0,0.4570217728772213,0.0,0.0,0.0,0.0
s09T0923,0.0,0.0,0.0,0.0,0.0,0.0,0.0,0.0,0.0,0.1855182641334496,0.4960561920734199,0.0,0.0,0.0,0.0,0.0,0.31547934791101717,0.0,0.0,0.0,0.002946195882113369
s10T0923,0.0,0.0,0.0012203069244726243,0.0,0.0,0.0,0.0,0.0,0.0,0.2679811735259706,0.6267277312810887,0.0,0.0,0.0,0.0,0.0,0.08256575094995416,0.0005842524838664601,0.0,0.0,0.02092078483464741
s11T0923,0.0,0.0,0.0006060544000287489,0.0,0.0,0.0,0.0,0.0,0.0,0.289655921981964,0.6312603072267321,0.0,0.0,0.0,0.0,0.0,0.07847771639127527,0.0,0.0,0.0,0.0
s12T0923,0.0,0.0,0.0005367953057422352,0.0,0.0,0.0,0.0,0.0,0.0,0.33829165698163705,0.6520303347445248,0.0,0.0,5.322279718061274e-05,0.0,0.0,0.004025165672906998,0.0,0.0,0.0,0.005062824498008203
s13T0923,0.0,0.0,6.021896018928818e-07,0.0,0.0,0.0,0.0,0.0,0.0,0.2573325137686977,0.7386078752884555,0.0,0.0,6.436620971717193e-05,0.0,0.0,0.0,0.0,0.0,0.0,0.003994642543527724
s14T0923,0.06047562918362934,0.0,0.000384962481324697,0.0,0.0,0.0,0.0,0.01050650994350945,0.0,0.24014634611250735,0.6267500930647264,0.0,0.0,0.0,0.0015970788055209297,0.040657484412706356,0.0,0.0,0.0,0.0004430109473239825,0.019038885048751474
s15T0923,0.45780380564310347,0.0019842255685347285,0.0019581556232186616,0.04476476310508516,0.0,0.0,0.0,0.05331423811014914,0.0,0.03841007574199753,0.16191789503510445,0.0,0.0,0.0,0.00888268848638364,0.07236338389143608,0.0,0.009937007797522742,0.0,0.06820905841773126,0.08045470257973307
s02M1023,0.232378885133883,0.0,0.03604054860938687,0.19066387842646879,0.03855434308352306,0.0045531524004551426,0.04945335442136986,0.06286408955719303,0.00014648226120796801,0.0,0.008595937744598582,0.0,0.003405390408450646,0.07295912740272253,0.09582829046257173,0.04422268570741163,0.0018697859708620248,0.024157940277961837,0.06730227307753711,0.02181781983449577,0.04518601521990037
s03M1023,0.10421308973996103,0.0,0.016349494404779313,0.07515914141844571,0.020490886493028406,0.003917637243777442,0.0093612191442437,0.00021878708035645081,0.0,0.0,0.0014640119699566112,0.0,0.002089446672014814,0.01579032432289815,0.3671342975737847,0.01999305099721654,0.00018508937353282624,0.012962549293321576,0.006802415072679172,0.3401384127418932,0.0037301464581102626
s04M1023,0.021110917120727598,0.0,0.0034993403235849194,0.1467254608370856,0.0,0.0010204189152452712,0.6875115040891441,0.02978722235597952,0.0,0.0,0.001480084438131729,0.0,0.0,0.016655873412121647,0.028828771311105103,0.004629605899754893,0.0004180149544824674,0.0,0.042826983026733066,0.006984834149624743,0.008520969166279375
s05M1023,0.1649125988913894,0.0,0.02490832282745689,0.14794876328274634,0.038660522777942845,0.003339106187919252,0.3242785115217253,0.044690627113644986,0.0,0.0,0.0008438416542657481,0.0,0.003661224494832051,0.050275245848792255,0.05625568567766724,0.031116019013536732,0.0009071585387358287,0.018496435771559218,0.05539636298476094,0.013225099077083545,0.021084474335941315
s06M1023,0.021204606871904376,0.0,0.006163808350576158,0.024071984232700024,0.0,0.0,0.7742172374524676,0.0077218055318045795,0.0,0.0,0.0002651570264438515,0.0,0.0,0.013128870514782844,0.07967643707834093,0.004548321224417405,0.00013353614154007983,0.0,0.015702140753503954,0.047794189869076825,0.005371904952441433
s07M1023,0.20608760839400736,0.0,0.027506624531040448,0.2250335028760895,0.026228037039448978,0.0027154520484225756,0.0061660951572050345,0.015613667202850729,0.0,0.0,0.002583389959394069,0.0,0.006045746203000801,0.033653570866339265,0.17820473216110513,0.04199510744096102,0.0015787878938749917,0.027738307797843212,0.01619723556963655,0.1646806095165246,0.017971525342255643
s08M1023,0.0,0.0,0.0,0.0,0.0,0.0,0.0,0.0,0.0,0.23125056702873403,0.448748387280711,0.0,0.0,0.0,0.0,0.0,0.32000104569055504,0.0,0.0,0.0,0.0
s09M1023,0.0,0.0,0.0,0.0,0.0,0.0,0.0,0.08737654639381645,0.0,0.23757889232418905,0.43545957124951057,0.0,0.0,0.0,0.0,0.0,0.23958499003248399,0.0,0.0,0.0,0.0
s10M1023,0.2993140906374815,0.0,0.001985988061511435,0.07782162498640303,0.007595227543561366,0.0,0.00014311697283486284,0.017152984951289904,0.0005077949724695798,0.14003899151347415,0.35137265604645723,0.0,0.0,0.0,0.0016649892672917015,0.0071404905563013715,0.004118809741482203,0.003169329709119815,0.009352160294885496,0.00029206501814270445,0.07832967972729371
s11M1023,0.0,0.0,0.00031602521767325604,0.0,0.0,0.0,0.0,0.0,0.0,0.32336405351128267,0.5766183591368709,0.0,0.0,0.00015043710046055422,0.0,0.0,0.09923089268780512,0.0,0.00025810500074548756,6.21273451620882e-05,0.0
s12M1023,0.0,0.0,0.0004980343159551827,0.0,0.0009468773198394993,0.0,0.0006124194155281065,0.0,5.282912681100774e-05,0.2939120722825408,0.5014534279850376,0.0,0.0,0.0006680328224488222,0.00042145702654872787,0.0,0.20019447303985155,0.0,0.0011119487538305817,0.00012842791160830777,0.0
s13M1023,0.0306443915435157,0.0,0.000642148362115462,0.0011694326412534453,0.0,0.0,2.9209616896564645e-05,0.0,0.0,0.21098825937026394,0.6000480847591949,0.0,0.0,0.0,7.655106437668625e-05,0.14953427653426893,0.0,0.0,0.0,0.0001974945979706296,0.006670151510143719
s14M1023,0.04149361378267449,0.0,0.0011048119818856306,0.0029797554853477864,0.0,0.0,0.0,0.0,0.0,0.008505777224041463,0.03675326753267426,0.0,0.0,0.00018340486963441797,0.0005227245048312719,0.8990041249232988,3.197985730791112e-05,0.0,0.0,0.00014496247064718645,0.009275577367656876
s15M1023,0.07910988185823543,0.0006102425174776905,0.0,0.85538520616661,0.0,0.0,0.0,0.013320188304219646,0.0,0.0017152633661188022,0.01648126602924881,0.0,0.0,0.0,0.0,0.0016347450709385623,0.0,0.0,0.0,0.0,0.031743206687151054
s01X1023,0.2918557261987168,0.0,0.03873741840762872,0.2084355509085157,0.03368821774131524,0.004407194138989896,0.0064473536047853835,0.02578790357991666,0.0,0.0002979099687199783,0.007415968348521161,0.0,0.010928269700504298,0.05360781943539043,0.05312363102211282,0.05832596517238087,0.001205552670570414,0.04045464276003793,0.025468402770557837,0.1194815528523337,0.02033092071900233
s02T1023,0.3444050640043297,0.0,0.057376469981447784,0.2720092108516029,0.042239122810488236,0.004251332543288316,0.0025858217024244306,0.008116958124433245,0.0,0.005163394054724261,0.006178347771734103,0.0,0.016801678206285257,0.05878755964882869,0.04206273873577568,0.05877310520224939,0.003370257138403235,0.04711878434434558,0.02148730176385434,0.0015360764894030848,0.00773677662638187
s03T1023,0.2347861136984213,0.0003096029310096303,0.04488148413756805,0.22123886840611232,0.031072584855871152,0.0033132452690221325,0.01818804399165505,0.05714667613615959,0.0,0.0,0.006086592364148827,0.0,0.002682169959615099,0.09242954670560036,0.10279267576378577,0.034347486435228516,0.0015593949837301628,0.0132891903295073,0.06507782475811644,0.016265403330451785,0.05453309594399642
s04T1023,0.02100868912630762,0.0,0.024603553045106738,0.12712349202208578,0.05499782877569913,0.0,0.017641586134542742,0.025188551573547206,8.32870192951165e-05,0.0008272391500641935,0.0007229000701853644,0.0,0.0,0.06622905256838016,0.04349416782156944,0.00570889548116018,0.001124908910049485,0.0,0.049559732183557685,0.5421969237203582,0.019489192398091063
s05T1023,0.08751658326027854,0.0002523248139842781,0.014803885103103716,0.03949923816487653,0.004445572147250813,0.0,0.6831871266123685,0.02894704486697318,0.0,0.0,0.0012925269606783155,0.0,0.0,0.04277444564674614,0.026254126832500845,0.009189271780915784,0.00029261626219548607,0.0007706432273312656,0.029956390372816926,0.008278679752264947,0.02253952419571479
s06T1023,0.09802225334148926,0.0,0.05689731628535633,0.0951288495873062,0.1328316165873841,0.0,0.07738591237469887,0.0787018379876266,0.00014392169884261562,0.0,0.0030194448628580372,0.0,0.0,0.1405665622998553,0.12451224299549811,0.015920869975173793,0.0008142270023898692,0.0013940413262234555,0.09708460893820572,0.03347460975235452,0.044101684984737044
s07T1023,0.29430628083974386,0.0,0.014978513200690229,0.31136122631160956,0.015076956235937501,0.006813438799101618,0.0035987354284832086,0.028243393351990585,0.0,0.002914943106907637,0.009315407894405155,0.0,0.0033140837303153063,0.0311649377983364,0.03604629190760748,0.1521730611817657,0.000217055554500344,0.027118279043231462,0.019481296278614516,0.008511298963108689,0.03536480037365056
s08T1023,0.0,0.0,0.0,0.0,0.0,0.0,0.00017479300651216574,0.0,0.0,0.17448489601617484,0.42664887005724955,0.0,0.0,0.00012356923794039934,0.0,0.0,0.398533814380807,0.0,0.0,3.405730131622142e-05,0.0
s09T1023,0.0032904480325111245,0.0,0.00020674202622946355,0.0,0.0,0.0,0.0,0.0,0.0,0.3252286987197595,0.5788287053581594,0.0,0.0,0.0,0.0,0.0,0.022424091962818277,0.0,0.0,0.0,0.07002131390052213
s10T1023,0.0,0.0,0.00023463200052369353,0.0,0.0,0.0,0.0,0.0,0.0,0.353890274799651,0.6291869145604628,0.0,0.0,2.6629318886449414e-05,0.0,0.0,0.01239536686355864,0.0,0.0,2.1585415885976086e-05,0.004244597041031409
s11T1023,0.08892019596362025,0.0,0.000787727402239164,0.0,0.0,0.0,0.0,0.002717804479611472,0.0,0.2642735705800646,0.6060319109206703,0.0,0.0,0.00014973635807814068,0.0004072155615740613,0.0,0.0027404564011668207,0.0,0.00043000991171976037,0.00019076207286364613,0.03335061034839156
s12T1023,0.0,0.0002750003666543146,0.00017044433647768012,0.0,0.0,0.0,3.3312142436480175e-05,0.0,0.0,0.31092654311656925,0.6467131541347146,0.0,0.0,4.596637046222297e-05,0.0,0.0,0.041787673927207516,0.0,0.0,4.7905605477859497e-05,0.0
s13T1023,0.0,0.0,7.55252642134998e-05,0.0,0.0,0.0,0.0,0.0,0.0,0.3211220624602194,0.6196077689623928,0.0,0.0,0.0006966589663893344,0.0,0.0,0.058497984346784986,0.0,0.0,0.0,0.0
s14T1023,0.00977431800954307,0.0,0.0002041118452036567,0.0,0.0,0.0,0.0,0.0,0.0,0.2324929312137388,0.576257137905345,0.0,0.0,0.0,0.0,0.16660770383611356,0.012224777152376654,0.0,0.0,0.0,0.002439020037679209
s15T1023,0.5669120730794146,0.0027840701541693978,0.008315965073021377,0.05146023855522031,0.004293652264312857,0.0,0.0,0.08943902557779328,0.0,0.0038022908081054045,0.040511047471137374,0.0,0.0,0.009346848713188766,0.021852742909507356,0.04917750157799409,0.0,0.015112981318474982,0.0032125982099897523,0.004924019624631069,0.1288549446630396
s02M1123,0.20486744359912312,0.00022237640527137761,0.01975652492314616,0.2358715822829652,0.016341926159780258,0.00046781344936892833,0.008873994858710134,0.04243385936782755,0.0,0.03786715082034009,0.043929816003412246,0.0,0.003785091151832311,0.07730722545296878,0.10510582134275229,0.02726964648791376,0.01496190778267173,0.013900802459769527,0.06921357109872213,0.012542008463553668,0.06528143788987098
s03M1123,0.1839895137156625,0.0007912178583750984,0.00609035094708412,0.26473823287538417,0.004320046302987386,0.0,0.00886632442892376,0.050109913491876386,0.0,0.0,0.006086808311162263,0.0,0.0,0.09055830110521067,0.1692603717952165,0.017614889551201024,0.0004929622884004244,0.0007896890136751704,0.09283342334868129,0.014205222416432198,0.08925273254972706
s04M1123,0.030531497446129378,0.0,0.008969877958321153,0.011288519338689802,0.018951616376556953,0.002246811913664247,0.0012096050667112666,0.0,0.0,0.0009237954885318057,0.002146670884744702,0.0,0.0,0.012084427898545753,0.6558165316839907,0.0048175309939424375,0.0008646234529092153,4.091792373510632e-05,0.0,0.2501075735735275,0.0
s05M1123,0.023759972933675478,0.0,0.007661270548768835,0.03620197336653855,0.012847202670643466,0.0016950957398073735,0.3033540455345754,0.014335749307085217,0.0,0.0,0.0016724282653944587,0.0,0.0,0.029186768579761848,0.47758106174732884,0.003043264707857866,0.00012079947684075279,0.0,0.0322972735455195,0.0430567032623192,0.013186390313883245
s06M1123,0.0,0.0,0.0224712825712298,0.5717253229130886,0.0474377445940162,0.0,0.054714726691740115,0.0,0.0,0.0,0.0,0.0,0.0,0.03444410087174052,0.00012966033208611338,0.0,0.0,0.0,0.013840949935353366,0.2552362120907454,0.0
s07M1123,0.15068974773157195,0.0002419298157796589,0.009476325101850296,0.3244220275911435,0.0009639195331292257,0.001824686804733333,0.021625174961111736,0.0222097063710903,0.0,0.002506255176995851,0.015370496900602491,0.0,0.0,0.08266478229113718,0.14958436832296307,0.027438424398806508,0.00044311644110208315,0.011216149336690859,0.09070773740535071,0.012403875613104083,0.076211276202837
s08M1123,0.0,0.0,7.187830545880666e-05,0.0,0.0,0.0,0.0,0.0,0.0,0.24472937031763223,0.49714083003910226,0.0,0.0,0.0,0.0,0.0,0.25805792133780675,0.0,0.0,0.0,0.0
s09M1123,0.0,0.0,0.0,0.0,0.0,0.0,0.0,0.0,0.0,0.18545734820002766,0.4078234348887375,0.0,0.0,0.0,0.0,0.0,0.0078361751201674,0.0,0.0,0.0,0.3988830417910674
s10M1123,0.0,0.0,0.0,0.0,0.0,0.0,0.0,0.0,0.0,0.010494481481283156,0.026756644347748264,0.0,0.0,0.0,0.0,0.0,0.0,0.0,0.0,0.014295044182965254,0.9484538299880033
s11M1123,0.1294828664116855,0.0,0.0,0.0,0.0,0.0,0.0,0.0,0.0,0.163418050048246,0.40000560459466855,0.0,0.0,0.0,0.0,0.0,0.0,0.0,0.0,0.0,0.3070934789454
s12M1123,0.5952698642820312,0.0,0.007170253460370975,0.0,0.0,0.0,0.0,0.0,9.066680913643175e-05,0.07385606828951233,0.20910726578741798,0.0,0.0,0.00043594271288799113,0.0,0.0,0.0,0.0,0.0002979421283617181,0.00029572267055876016,0.11347627385972263
s13M1123,0.8141313974901653,0.0,0.0,0.0,0.0,0.0,0.0,0.0,0.0,0.04059053241456991,0.11184410033265868,0.0,0.0,0.0,0.0,0.0028904531534146923,0.0,0.0,0.0,0.0,0.030543516609191395
s14M1123,0.7752877150524626,4.871046286984423e-05,0.00037434008583125744,0.0,0.0,0.0,0.0,0.01276733277878322,0.0,0.03038335580066661,0.08765743309874759,0.0,0.0,0.00014303314386212838,0.0019204058834725506,0.003527117274103278,0.0,0.0,0.0,0.000806226603323994,0.08708432981587706
s15M1123,0.5646624892687883,0.001496333146039507,0.0008960877834670657,0.08486151218654996,0.0,0.0,0.0,0.04474761419140291,0.0,0.017968647380922336,0.07317175486439054,0.0,0.0,0.0,0.008511221389139203,0.016289175231754334,0.0,0.004001614255122208,0.0,0.08220308074577708,0.10119046955664651
s01X1123,0.03242745252163213,0.0,0.0,0.17778644047253944,0.0,0.0,0.0,0.0,0.0,0.0,0.008270056362833915,0.0,0.0,0.045034736688346115,0.6393028385132136,0.007304917661589922,5.3196960096864583e-05,0.0,0.04821538862976883,0.006952911079906539,0.034652061110072976
s02T1123,0.17568370837296013,0.0,0.01516382719814886,0.27770864898744463,0.007252976903497443,0.0033897475651820264,0.003590017270357641,0.005121724981044332,0.0,0.001996386901062526,0.004923986068711127,0.0,0.005692543621090749,0.0636449840123486,0.10813359969785444,0.031448794076408784,0.0003249953032647275,0.02433328559138556,0.061128650095839114,0.1575671708732301,0.05289495248016924
s03T1123,0.10109460311779354,0.0,0.030805656990268892,0.28291689472174175,0.012653209958469977,0.0,0.02350590784552149,0.05180892475073174,0.00046391260637957326,0.0,0.008167960989857788,0.0,0.0,0.1253129409698423,0.1482665727953344,0.01469074310416106,0.0008219224134811642,0.0,0.1086977271387273,0.02254093757675812,0.06825208502093089
s04T1123,0.008871203469947655,0.0,0.000905375074919503,0.03210645601626127,0.0,7.857513042403058e-05,0.7844805606248264,0.002787218879074729,0.0,0.0,0.0019456713295409633,0.0,0.0,0.011382698731734428,0.020334989899627075,0.0027429246633903955,0.0,0.0,0.008668689379416446,0.11802120711562082,0.007674429685216403
s05T1123,0.0031755222336297415,0.0,0.0,0.1366660291479987,0.0,0.001237986322287148,0.001312368383320208,0.0006429627018531062,4.838738776795775e-05,0.0,0.0038479361867981552,0.0,0.0,0.0117112827240909,0.023000360322989136,0.0027170165564699054,0.0,0.0,0.011509932612068624,0.7965620688925406,0.007568146528185969
s06T1123,0.0,0.0,0.0001637231530877478,0.3077608086553004,0.0,0.0,0.0,0.0,0.0,0.0,0.0,0.0,0.0,0.0,0.296574430154993,0.0,0.0,0.0,0.0,0.3955010380366188,0.0
s07T1123,0.0,0.0,0.0,0.8278846424032154,0.0,1.3834871296459901e-05,0.006371940364307015,0.0037077637553203555,0.0,0.0,0.00044896901078313005,0.0,0.0,0.031617568964144666,0.06280502578722978,0.00010013427257319916,0.00015333115280903595,0.0,0.036300944087919604,0.006608655263766357,0.02398719006663498
s08T1123,0.0,0.0,0.0,0.0,0.0,0.0,0.0,0.0,0.0,0.37007233776219084,0.4302087893753852,0.0,0.0,0.0,0.0,0.0,0.19971887286242396,0.0,0.0,0.0,0.0
s09T1123,0.0,0.0,5.9093791572642935e-05,0.0,0.0,0.0,0.0,0.0,0.0,0.31476547733275245,0.5019036728009605,0.0,0.0,0.0,0.0,0.0,0.1774679271244417,0.0,0.0,0.0,0.0058038289502726085
s10T1123,0.017954133188793107,0.0,7.054635787348676e-05,0.0,0.0,0.0,0.0,0.0,0.0,0.35147863367142634,0.5787988134889154,0.0,0.0,2.086394735160385e-05,0.0,0.0,0.03807149261767935,0.0,0.0,0.0,0.013605516727960842
s11T1123,0.18467981656811724,0.0,0.00012237912923276714,0.0,0.0,0.0,0.0,0.0,0.0,0.2922472854650425,0.4784176904617026,0.0,0.0,0.0,0.0,0.0,0.010900640435516591,0.0,0.0,3.489424124022487e-05,0.03359729369914814
s12T1123,0.25550547742970975,0.0,0.0,0.0,0.0,0.0,0.0,0.0,0.0,0.3052693385295765,0.4259466071238289,0.0,0.0,0.0,0.0,0.0,0.01327857691688475,0.0,0.0,0.0,0.0
s13T1123,0.16624903877028702,0.0,0.0,0.0,0.0,0.0,0.0,0.0,0.0,0.2979030703045286,0.49833269955973775,0.0,0.0,0.002338698351646824,0.0,0.021311153382581185,0.013865339631218655,0.0,0.0,0.0,0.0
s14T1123,0.33271474418950353,0.0001529703770260975,0.0014103502653444787,0.0013074831357101353,0.0,0.0,0.0,0.0134861383977481,0.0,0.1994834260586926,0.3760112883481712,0.0,0.0,0.0025609572123588237,0.0019280217958372128,0.030374963155919813,0.0010967520501942011,0.0,0.0,0.0007573934987727746,0.03871551151472086
s15T1123,0.550981280287232,0.001186155760205078,0.0026897084096432267,0.03527715836714916,0.0015552296232747747,0.0,0.0,0.04451564070056868,0.0,0.00409713899915107,0.023503292692311883,0.0,0.0,0.008561177954636822,0.02590686139990753,0.16239825477831005,0.0,0.005052530077446056,0.007191899252843545,0.0037902291974619383,0.12329344249985807
s02M1223,0.06397235984883821,0.0,0.04076752546876093,0.25860114699056247,0.005886961089093001,0.0027097997248864665,0.09720214049810012,0.03437224182607352,1.959279899499715e-05,0.0006647283659113986,0.011402499741839366,0.0,0.0,0.08903637753837475,0.21461781410575742,0.014781825614582491,0.0015664321638215722,0.0,0.08079569477678607,0.018280717606334873,0.06532214184128239
s03M1223,0.02526670454565293,0.0,0.024491008371220983,0.2900618868126674,0.055443187266595854,0.0,0.11034127380270335,0.02135679615656854,0.0,0.0,0.004106378437428093,0.0,0.0,0.09867027644152497,0.20083654538816598,0.0003673285746921749,0.0004912438867611386,0.0,0.11278950519174356,0.01166212156406224,0.04411574356021277
s04M1223,0.027183117595693626,0.0,0.02659791078670388,0.2810257833445998,0.05928798338983111,0.0,0.10194653121423458,0.023816264270946675,1.5641169648519895e-06,0.0,0.00041384210975176143,0.0,0.0,0.10471689001526976,0.19143541916192594,0.00028093139937551893,0.0002198547100358725,0.0,0.12525466371188762,0.012664760520200548,0.04515448365257853
s05M1223,0.08388707742102636,0.0,0.003256122875578188,0.18068078350905434,0.3552623086335392,0.0,0.08343250165731096,0.051617644754679115,0.0,0.0,0.0015441250657935576,0.0,0.0,0.040292289624496255,0.07976621796861788,0.008019729099928277,0.0004500969249177616,0.0,0.052782389310205034,0.013628798225779476,0.04537991492907371
s06M1223,0.08252826760707599,0.0,0.0,0.5447709270911402,0.000824289760317813,0.0,0.025707257819142768,0.005486958232227876,0.0,0.0,0.000940838621876482,0.0,0.0,0.04865487121698745,0.20426864484055718,0.0,2.7970625745929497e-05,0.0,0.047088078138862954,0.0057609352670546085,0.033940960779010924
s07M1223,0.23091086621503512,0.0,0.007304181648147507,0.3226018528718281,0.0,0.0002690078959565581,0.0,0.0,0.0,0.0,0.0004480433841556925,0.0,0.0011782576784924066,0.05189003218007089,0.2596769808746589,0.013284981353549307,0.0,0.007479988463285241,0.05542267942042675,0.0009292336747198125,0.04860389433967389
s08M1223,0.0,0.0,0.0,0.0,0.0,0.0,0.0,0.0,0.0,0.3836382388397117,0.3856061811892492,0.0,0.0,0.0,0.0,0.0,0.23075557997103902,0.0,0.0,0.0,0.0
s09M1223,0.0,0.0,0.0,0.0,0.0,0.0,0.0,0.04758929114864805,0.0,0.33308436476889,0.4354172211382755,0.0,0.0,0.0,0.0,0.0,0.017956635880982987,0.0,0.0,0.0,0.16595248706320348
s10M1223,0.0,0.0,0.0,0.0,0.0,0.0,0.0,0.03119984268329934,0.0,0.004562122642801157,0.01921421149583448,0.0,0.0,0.0,0.0,0.0,0.0,0.0,0.0,0.0,0.945023823178065
s11M1223,0.042049121380608734,0.0,0.0,0.0,0.0,0.0,0.0,0.10706449984696027,0.0,0.2809601816456857,0.47098746132045755,0.0,0.0,0.0,0.0,0.0,0.00020950568630433494,0.0,0.0,0.0,0.09872923011998355
s12M1223,0.4197402008067726,0.0,0.001128642919483943,0.0,0.0,0.0,0.0,0.0,8.105966755748291e-05,0.2067664969749877,0.3516991875225674,3.097239775002337e-05,0.0,0.00040911695559767765,0.0,0.002991450567644227,0.0,0.0,0.0,0.000928218602433897,0.01622465358520501
s13M1223,0.0441805410327132,0.0,0.0006120538676235517,0.0,0.0,0.0,0.0,0.0,0.0,0.2027595475894174,0.37731220864760995,0.0,0.0,0.008511573353188895,0.0,0.020993032761566388,0.0,0.0,0.0,0.0,0.34563104274788076
s14M1223,0.4986616012807668,0.0,0.006882364146792177,0.02773288916083001,0.004713557919448672,0.0,0.0,0.008296759357619936,0.0,0.05808053072076244,0.09415150239853695,0.0,0.0008828168318899965,0.006410786525299903,0.00609137608769109,0.023034878871034024,0.0,0.0033556934632803237,0.0018814928374148163,0.002352020891796545,0.25747172950683633
s15M1223,0.3963210815204718,0.0017433516980932856,0.008778619593643325,0.05105602153137669,0.0027489239867649817,0.0,0.0,0.04963780561718859,0.0,0.001720132263266493,0.015416275678762708,0.0,0.0018064097224770761,0.0034164916654362896,0.010516064770312437,0.06519304459288677,0.0,0.016936866397168977,0.0,0.2704153616235158,0.10429354933863473
s01X1223,0.09830339168627125,0.0008606247566096465,0.0,0.11897638921950338,0.0,0.0022890000002910495,0.0,0.0029912434575632657,0.0,0.0,0.0131762760587605,0.0,0.0014574193165139708,0.003924836102226999,0.026731680526608192,0.016607505374732785,0.0,0.008640264069322785,0.005814836631033672,0.6538392401745431,0.04638729262601938
s02T1223,0.06515467781393976,0.0,0.028325825270674964,0.3660535653191232,0.015541511786856584,0.005347544272743086,0.007436046139080167,0.033941379345262195,0.00012473720261167837,0.0,0.024136462628011775,0.0,0.0,0.06792922381935444,0.13158194027387,0.01802794596496538,0.008109387682557985,0.0,0.04744366633343126,0.020757885078838176,0.16008820106867933
s03T1223,0.14964654667307792,0.0,0.013121013205904948,0.27766932089122137,0.027639186542975754,0.0,0.017037418222285248,0.07780960135438311,0.0006084320579058754,0.0,0.011727506715753813,0.0,0.0,0.08777346770333413,0.10702232079408973,0.018755160735429807,0.0008287572985293479,0.0,0.07928958417371024,0.03298180579514087,0.09808987783625792
s04T1223,0.0,0.0,0.0,0.9612858319781236,0.0,0.0070403079520472605,0.004822721570410565,0.0,0.0,0.0,0.0,0.0,0.0,0.0,0.010956589757709115,0.0,0.0,0.0,0.0,0.015894548741709456,0.0
s05T1223,0.05572644323964513,0.0,0.0524451079688937,0.1286709490677633,0.08839009714448194,0.0016615630574192785,0.04028420763056538,0.08008907249353919,0.0005983015190838478,0.0,0.0012976418866318515,0.0,0.0,0.243925605256195,0.08463157283890647,0.013141325867579635,0.0011385738750169358,0.0,0.12855049758529125,0.032547752487942214,0.04690128808104488
s06T1223,0.0027212839259112224,0.0,0.06903890424571196,0.08836485447649672,0.03407123655855306,0.009653571215526423,0.0046420974430680054,0.0,0.0,0.0015293627723611202,0.002401028237602991,0.0,0.0,0.08242404385666006,0.016395000921137274,0.0018984184976145327,0.0,0.0,0.047197313646573195,0.6305276221208778,0.009135262081905595
s07T1223,0.04789392063677731,0.0,0.0025473902932006826,0.4109314878630268,0.013350221385041862,0.0036436791538816357,0.005643745105002438,0.029233706445712635,5.175563901025312e-05,0.0,0.015738050694108986,0.0,0.0,0.048854904592731195,0.18338137539503027,0.014025644069167427,0.0,0.0,0.044900881404715993,0.017826018507603656,0.1619772188149888
s08T1223,0.0,0.0,0.0,0.0,0.0,0.0,0.0,0.0,0.0,0.3146288970227588,0.41122859095160164,0.0,0.0,0.00018144532073417828,0.0,0.0,0.2704254571284143,0.0,0.0,0.00013835895283349978,0.0033972506236574964
s09T1223,0.0,0.0,0.0,0.0,0.0,0.0,0.0,0.2612476480795381,0.0,0.06129222259276187,0.13670393346144097,0.0,0.0,0.0,0.0,0.0,0.002219252742070494,0.0,0.0,0.0,0.5385369431241886
s10T1223,0.0,0.0,0.0,0.0,0.0,0.0,0.0,0.0,0.0,0.0,0.0,0.0,0.0,0.0,0.0,0.0,0.0,0.0,0.0,0.017929028747597116,0.9820709712524028
s11T1223,0.058089614214816454,0.0,0.0,0.0,0.0,0.0,0.0,0.0,0.0,0.11142207536055675,0.24150505809077416,0.0,0.0,0.0,0.0,0.0,0.003744156060836628,0.0,0.0,0.0,0.585239096273016
s12T1223,0.6825580338272809,0.0,0.00890002006813852,0.0,0.0,0.0,0.0,0.0,9.401701524284603e-05,0.03350898055211504,0.08050673950677352,0.0003401041293199893,0.0,0.0009657028567037116,0.0,0.019403038763128693,0.0008431126714628376,0.0,0.0,0.00011397781499058088,0.17276627279484316
s13T1223,0.26280531392097656,0.0,0.0,0.0,0.0,0.0,0.0,0.0,0.0,0.036517560318641035,0.07223167712712562,0.0,0.0,0.0,0.0,0.0,0.0,0.0,0.0,0.07849955847248158,0.5499458901607753
s14T1223,0.1571634957376884,0.0,0.0005757802044737322,0.0,0.0,0.0,0.0,0.0,0.0,0.001126999138573094,0.0016211903269671625,0.0,0.0,0.0013413207306543686,0.0,0.7291002847898065,0.006056866461378461,0.0,0.0,0.0005134086109105037,0.10250065399954779
s15T1223,0.4091796676941457,0.002235972581069227,0.0038117753700554024,0.04396730401642078,0.0038687726207441314,0.0007097083612133508,0.0013475037696642962,0.07026071958496276,0.0,0.0,0.017667013002877468,0.0003146424534824229,0.0,0.011256294580485297,0.059806098922379015,0.02465858586470666,0.0,0.010090222084915269,0.0089351895458081,0.006861842999191413,0.3250286865478787
s02M1323,0.0,0.0,0.0,0.3043262797388317,0.0,0.0,0.25689978276279984,0.0,0.0,0.0032134193937863524,0.00258119705474834,0.0,0.0,0.05853541868920251,0.1725389963823535,0.0,0.0027913841433004215,0.0,0.1394203234519738,0.006907435643512365,0.05278576273949106
s03M1323,0.0,0.0,0.0,0.5671997088481818,0.0,0.0,0.0,0.0012460865272591582,0.0,0.0,0.0,0.0,0.0,0.02319027613830479,0.19217207373774275,0.0,0.0,0.0,0.18987882863573793,0.007224062680432696,0.019088963432340865
s04M1323,0.0,0.0,0.003829952284099906,0.011983724400226586,0.0,0.0,0.752721444501587,0.0,0.0,0.0,8.355777930875996e-06,0.0,0.0,0.07257050822380093,0.04192395838933551,0.0,0.0,0.0,0.07721062578337563,0.03816737931828619,0.0015840513213573942
s05M1323,0.0,0.0,0.0025424506830516477,0.4223117935957884,0.06490983227519499,0.0,0.21690592177281398,0.012284111072072194,0.00035173997143490187,0.0,0.0,0.0,0.0,0.0668699355709187,0.12360086831820052,0.0,0.0001252414276359998,0.0,0.06705246236861691,0.006937515985327366,0.01610812695894432
s06M1323,0.02078766428513429,0.0,0.10481038864649146,0.2981519648660499,0.04641124993598725,0.0004759179758828771,0.021188735385994896,0.01924473681890875,0.00025200089862731015,0.0,0.0014685553822143494,0.0,0.0,0.12456377252100857,0.1742057171141923,0.0048989243206626395,0.00024887109479477816,0.0,0.1319777281073106,0.015034399988156099,0.03627937265858385
s07M1323,0.11569693196600007,0.0,0.007716965827030113,0.21705714845052534,0.018386505109947777,0.0030032031518163627,0.0084025616604077,0.025080225687360867,0.0,0.0,0.0008505248699026377,0.0,0.0,0.0714702150390397,0.16389607841903694,0.0162195369828187,0.0005589471434570094,0.004556325726679821,0.07108351266789335,0.05822250500305128,0.21779881229503217
s08M1323,0.0,0.0,0.0,0.0,0.0,0.0,0.00011465481745878135,0.0,0.0,0.2672116642443199,0.4253888751313321,0.0,0.0,0.00033258480916247143,0.0,0.0,0.2869447141178916,0.0,0.0,0.0006984625929646628,0.019309044286870646
s09M1323,0.0,0.0,6.573724458921612e-05,0.0,0.0,0.0,5.6863756251165315e-05,0.0,0.0,0.17163631597006132,0.48212464701066854,0.0,0.0,0.0,0.0,0.0,0.16401998819671884,0.0,0.0,0.0,0.18209644782171103
s10M1323,0.3385641965728129,0.0,0.0021552367543086304,0.0,0.0,0.0,0.005814180300400358,0.0,0.0,0.11182575291709772,0.39901499296396087,0.0,0.0,0.016116123363924442,0.0,0.0,0.005460090964552232,0.0,0.0009667553157185037,9.955566399618711e-05,0.11998311518322816
s11M1323,0.30349270722130245,0.0,0.0007818196830243074,0.0,0.00039468529896184777,0.0,0.0008861917329547266,0.0,0.0,0.12028717035635363,0.43702422951142916,0.0,0.0,0.0008139361230263739,0.0,0.0,0.01968001294820102,0.0,0.0006299665822439326,0.0002906090664184698,0.11571867147608395
s12M1323,0.0,0.0,0.0,0.0,0.0,0.0,0.0,0.0,0.0,0.0,0.0,0.0,0.0,0.0,0.0,0.0,0.0,0.0,0.0,0.0,1.0
s13M1323,0.30334659807043685,0.0,6.759802359218798e-05,0.0,0.0,0.0,0.0,0.19111380227133365,0.0,0.0,0.0,0.0,0.0,0.013344458916477231,0.0,0.003123167907483973,0.0,0.0,0.0,0.0,0.4890043748106761
s14M1323,0.5979570145435938,0.0017575557006491592,0.005967471810617943,0.07257877884390526,0.0027956680054879645,0.0,0.0,0.05223200054184342,0.0,0.0,0.0025304714669914063,0.0,0.0,0.0049172820161796395,0.01205969518041203,0.026856935741935397,0.00026111602620571564,0.009748983575501914,0.0018840157302627706,0.002739051397657716,0.20571395941875578
s15M1323,0.4642614176106265,0.0005491344964147026,0.0015730069875546416,0.08628425094182353,0.0018616854388567071,0.0,0.0006507838791640276,0.035422896950391906,0.0,0.0,0.001772768481596346,0.0,0.0,0.008343415211399266,0.014565932079201304,0.016889561545711782,0.0,0.0,0.0077732813742223735,0.006310390549233746,0.3537414744538031
s01X1323,0.04898616684926346,0.0,0.006726745321545849,0.1045852431121151,0.013445454372102665,0.006214616229824341,0.00614244917775145,0.020669761985450202,0.0,0.0,0.0050450008844543665,0.0,0.0,0.0485452608972429,0.49500524556800046,0.01716170326548464,0.000415328426914087,0.0017790123284068158,0.03883740834047226,0.017193694768136397,0.16924690847283508
s02T1323,0.06377280000792493,0.0,0.1255061027300238,0.13475613419314653,0.013747675278730971,0.0002776601650793708,0.007295141767723565,0.005106668657811805,4.669656354620638e-06,0.002263280282980976,0.0033596005389152314,0.0,0.0,0.11103667806225345,0.07420732603963422,0.00901789930578842,0.0009179582029628112,0.0,0.06867631195314691,0.01828393985231277,0.3617701533052096
s03T1323,0.14509275280397538,0.0,0.029128639993999596,0.05459552692506104,0.0,0.0,0.010609149291908135,0.017171714658663587,8.865505389959986e-05,0.0,0.002067753383903439,0.0,0.0,0.5177033638141589,0.08394704198008422,0.006815461090656862,0.00034942649474174216,0.0,0.03397708242398454,0.035562897350079066,0.06289053473488374
s04T1323,0.054378699863375714,0.0,0.011676758253805486,0.03818427751987656,0.0,0.006633894336142143,0.1081973699773189,0.0,0.0,0.0008332248642982976,0.001629366775178476,0.0,0.0,0.6410585364646085,0.09522859648177336,0.005338132521527841,5.064745281363783e-05,0.00035331156783819214,0.010678348791426078,0.0048354011420450056,0.02092343398797167
s05T1323,0.0,0.0,0.004797283885744893,0.0,0.0,0.0,0.19420524305259979,0.0,0.0,0.0,0.0,0.0,0.0,0.05331900504012652,0.7431773666807387,0.0,0.0,0.0,0.0,0.0,0.004501101340790123
s06T1323,0.1062580838885708,0.0,0.048836361512255726,0.3082511769720844,0.0,0.0,0.062058412330709606,0.0,0.0,0.0,0.0,0.0,0.0,0.44473566899172523,0.0,0.0,0.0,0.0,0.018586559411197145,0.001939374084124162,0.009334362809333075
s07T1323,0.41638433294095345,0.0,0.0,0.09432300270357312,0.0011810755683919795,0.0,0.054517283152807273,0.0,0.0,0.0,0.0,0.0,0.002905270880144389,0.01930527910567274,0.015942239053083177,0.0,0.0,0.0,0.006081512484936673,0.07136470035867756,0.31799530375175966
s08T1323,0.0,0.0,7.431202716468199e-05,0.0,8.594640902641692e-05,0.0,0.0003035757557344144,0.0,0.0,0.29851112134354674,0.40346868144567877,0.0,0.0,0.0007355760279401201,0.0,0.0,0.27244718955244107,0.0,0.0003058949187862231,0.0006140785829606897,0.02345362393672079
s09T1323,0.0,0.0,0.0,0.0,0.0,0.0,0.0,0.0,0.0,0.054344803490694656,0.07608699301751637,0.0,0.0,0.0,0.0,0.0,0.0037110090498588253,0.0,0.0,0.0,0.8658571944419302
s10T1323,0.0,0.0,0.0,0.013035056659361985,0.0,0.0,0.0,0.04792842454225872,0.0,0.023128213472531692,0.054899399148809945,0.0,0.0,0.0,0.0,0.0,0.0,0.0,0.0,0.0,0.8610089061770376
s11T1323,0.0,0.0,0.0,0.0,0.0,0.0,0.0,0.0,0.0,0.039195806263425385,0.09257039289752558,0.0,0.0,0.0,0.0,0.0,0.00026771954808925825,0.0,0.0,0.0,0.8679660812909599
s12T1323,0.18753834564532026,0.0,0.0,0.0,0.0,0.0,0.0,0.0,0.0,0.026160768835190383,0.04153647101614932,0.0,0.0,0.0,0.0,0.24440831274382738,0.0007139042225187168,0.0,0.0,0.24650678586508684,0.25313541167190695
s13T1323,0.33489228865015885,0.0,0.0005111108408311252,0.0,0.0,0.0,0.0005104296425218308,0.0,0.0,0.12869977048010453,0.23550073385817005,0.00022974629598925258,0.0,0.034219617251168885,0.0,0.0,0.00152463762658373,0.0,0.0,0.0,0.2639116653544718
s14T1323,0.2510460561689739,0.0,0.0021524761001714657,0.0584383070784423,0.0032111992115933007,0.0,0.0007151308866136201,0.0,0.0,0.06996607866268946,0.1413084291559494,0.0004758267291112507,0.001211993564028709,0.009656946713915229,0.0031584366329028748,0.20735547509935723,0.00043711062052381717,0.0038019358176846615,0.0018790368615834866,0.0015917068006680458,0.24359385389579138
s15T1323,0.20675400427500565,0.0,0.0,0.0,0.0,0.0,0.0,0.0,0.0,0.012354034295024864,0.01790854454584419,0.0,0.0,0.0,0.0,0.13740168843045086,0.00045350995327732437,0.0,0.0,0.27288118374477,0.3522470347556272
s02M1423,0.0,0.0,0.0,0.2468681397351654,0.0,0.0,0.0,0.0,0.0,0.0,0.0019398703123211485,0.0,0.0,0.01889930864043716,0.129307177938084,0.0,0.0014447797426233614,0.0,0.01622249926182504,0.5546599190440196,0.030658305325524278
s03M1423,0.0,0.0,0.0,0.2545536290904069,0.0,0.0,0.11217902868640221,0.0,0.0,0.0,0.0,0.0,0.0,0.0402705011779306,0.31343354882415586,0.0,0.0,0.0,0.050435215634453294,0.19468196542589444,0.0344461111607566
s04M1423,0.0,0.0,0.0,0.15219070412144425,0.0,0.0,0.0,0.0,0.0,0.0,0.0,0.0,0.0,0.0,0.3200818445073779,0.0,0.0,0.0,0.512607291285667,0.008354567565779175,0.006765592519731833
s06M1423,0.04146555132092818,0.0,0.008552530612660371,0.15899515457122274,0.10364304512782126,0.0,0.0,0.01495721494403781,0.0,0.0,0.0021730184599349535,0.0,0.0,0.22295465564393374,0.16031816354415523,0.015009925131621298,1.8753157956117565e-05,0.0,0.04985487630277117,0.1132328317538398,0.1088242794291175
s07M1423,0.02839122911715563,0.0,0.005736112556683941,0.06134097971413355,0.0,0.0,0.0003135851587489187,0.0,0.0,0.0,0.006858390726293118,0.0,0.0,0.02132941382090343,0.2805883829485339,0.014349163511640783,0.0,0.0,0.012860696709648877,0.3652731946650079,0.20295885107124995
s08M1423,0.0,0.0,0.00021766387180036152,0.0,0.0011998677846483017,0.0,0.0007710289007115085,0.0,0.0,0.17832623838802855,0.2693656658315923,0.0,0.0,0.0011190313460866486,0.0010236426459473416,0.0,0.529967972650591,0.0,0.0014178506254557172,0.0009682178604278764,0.015622820094710393
s09M1423,0.0,0.0,0.0,0.0,0.0,0.0,0.0,0.0,0.0,0.04613835289539515,0.08966589674886503,0.0,0.0,0.0,0.0,0.0,0.10965582314658026,0.0,0.0,0.0,0.7545399272091595
s10M1423,0.0,0.0,0.007071419985120287,0.0,0.0012151795170700012,0.0,0.0018383337588421457,0.00884201171342237,0.0,0.19041977697904205,0.29014186166982175,0.0,0.0,0.06330522635200911,0.0007795849976798507,0.0,0.16872330952699802,0.0,0.0019281848308790937,0.0007506280265938519,0.2649844826425215
s11M1423,0.0,0.0,0.00046829869124270643,0.0,0.0006419649419895896,0.0,0.0027143327959098656,0.055906661899602215,0.0,0.15248482361471488,0.23377087987603248,0.00013406771294659909,0.0,0.0018907142048260126,0.0,0.0,0.02500790005936175,0.0,0.001555660315669089,0.0014018000600539819,0.5240228958276508
s12M1423,0.1324306850654501,0.0,0.001219749849528214,0.0,0.0021898256616757466,0.0,0.0017237054806910062,0.0,0.0,0.08674031230581239,0.09910138994428463,0.0008410423859772409,0.0003607919912201259,0.005104593967717492,0.0,0.000654549356433629,0.0006358351805059838,0.0005042705199298334,0.0031238261377479824,0.0,0.6653694221530256
s13M1423,0.12837637706873148,0.0,0.0,0.0030014290404607297,0.0,0.0,0.0017832468267443597,0.0008933934204923467,5.4825477085082355e-05,0.13654772634854673,0.22785488190291545,0.0003381852237796312,0.0003442153292543768,0.29292670835488105,0.003071176215053129,0.015745144789869665,0.0027819739207048315,0.0018442785850323784,0.0015410360906993289,0.0015586847137784461,0.18133671669197096
s14M1423,0.37164974936275547,0.0,0.002572779085440941,0.005181873238322941,0.005875110276124732,0.0,0.0019817903495040097,0.0,0.0,0.016302664688607856,0.02552122037942666,0.0,0.0,0.031608835626785216,0.057402050994619744,0.056568540950776285,0.009824398908924791,0.0,0.008563145184070167,0.0027052047145759667,0.4042426362400651
s15M1423,0.0,0.0,0.0,0.1751294355868633,0.0,0.0,0.0,0.0,0.0,0.0,0.0,0.0,0.0,0.0,0.05677562826933048,0.05352151992723273,0.0,0.0,0.0,0.4545937507484877,0.2599796654680857
s01X1423,0.17119366217844167,0.0,0.02047165493828968,0.13738371981756287,0.03391203825310552,0.008731174391236133,0.015196160523676679,0.05765137172645067,0.000599371867212005,0.0010778294708480441,0.009285460974067888,0.0,0.0031008927308690732,0.16205583345043953,0.07036718964499807,0.041002780685964704,0.0011209749387956194,0.01823510263716512,0.054512275574618616,0.026258137107775713,0.16784436908848246
s02T1423,0.0,0.0,0.12620621356837977,0.33761344135103705,0.003230865470705556,0.0,0.002358111729929743,0.0014256266708198666,0.0,0.0023672271315472947,0.000881530902351257,0.0,0.0,0.47151040365896607,0.005149479992940172,0.0015521142362861205,0.0006784459196871493,0.0,0.02830952329268561,0.0055329582036883354,0.013184057870975988
s03T1423,0.0028282396719131447,0.0,0.0,0.046667934291570776,0.0,0.0,0.037123855137501056,0.0,4.8361590431856144e-05,0.0,0.0008386051682849411,0.0,0.0,0.6581454635600603,0.21778531584589406,0.0009443618851847647,0.0,0.0,0.010477289105835388,0.002680818411659777,0.022459755331663743
s04T1423,0.0,0.0,0.0,0.0,0.0,0.0,0.0,0.0,0.0,0.0,0.0,0.0,0.0,0.25217859729560643,0.0,0.0,0.0,0.0,0.0,0.7478214027043936,0.0
s05T1423,0.0,0.0,0.007829508044046226,0.0,0.0,0.0,0.001328146546743716,0.0,0.0,0.0,0.0,0.0,0.0,0.8961559038498353,0.0,0.0,0.0,0.0,0.01372164336326753,0.08096479819610722,0.0
s06T1423,0.03418197169306124,0.0,0.07322015149137437,0.05577269000177389,0.07494084643561746,0.0,0.01399431086414137,0.028112686815305567,0.00040571844716510427,0.0,0.002098054486663131,0.00010545085968356044,0.0,0.5461046065797286,0.02682540739007829,0.010155808240233433,0.00032321055461500674,0.0032274786595875827,0.09654350855825075,0.013470722239757297,0.02051737668296334
s07T1423,0.009601818375307434,0.0,0.0,0.9343850268361142,0.0,0.0,0.0,0.0,0.0,0.00012489717726927433,0.0,0.0,0.0,0.0,0.04356326938299318,0.0,0.0,0.0,0.0,0.0,0.01232498822831589
s08T1423,0.0,0.0,0.0001802403036134073,0.0,5.065638105503173e-05,0.0,6.624573917586354e-05,0.0,0.0,0.18967752197221996,0.28595357882971906,0.0,0.0,0.002275192808891949,0.0,0.0,0.5006188890783695,0.0,0.0,0.0005628387334654313,0.020614836153489833
s09T1423,0.0,0.0,0.0,0.0,0.0009470138061885323,0.0,0.00115136445712797,0.0,0.0,0.13711842898641607,0.3118956198608776,8.589709969125419e-05,0.0,0.0,0.0,0.0,0.18448145382306935,0.0,0.0008198828030252562,0.0,0.36350033916360397
s10T1423,0.0,0.0,0.0011086315500354708,0.0017424681720134495,0.003155356516868022,0.0,0.0037396912371309406,0.0,0.0,0.2712832890049351,0.4922186636035494,0.00038888811124965987,0.00030086886912830555,0.008745127981046175,0.0018228877127680501,0.0,0.011439599122655015,0.0037892803655623754,0.005030239879954436,0.0007728588073253614,0.19446214906577836
s11T1423,0.0,0.0,0.001995038262924577,0.0,0.001503892410821067,0.0,0.0011771743969809549,0.08636521111812433,0.0,0.17037925621401573,0.3502672596090122,0.0,0.0,0.009539606216735972,0.0,0.004102357025319421,0.07014828707077969,0.0,0.0025167408669576454,0.0004955002575277816,0.3015096765508005
s12T1423,0.0,0.0,0.0024983499882237047,0.0,0.0025823727910499247,0.0,0.002049777035608187,0.0,0.0,0.21168372432244711,0.48060441488142447,0.00014850485061506565,0.0,0.007184682728532956,0.001680327421976551,0.08549305311907697,0.09803438095275549,0.0,0.0042783851371347385,0.0014970294181659244,0.10226499735298906
s14T1423,0.0,0.0,0.0,0.0,0.0,0.0,0.001668503872470273,0.0,0.0,0.2163241624957631,0.5073214347815739,0.0002118505085873309,0.00011088882130169445,0.12480130473945587,0.0010654952972270052,0.0,0.04747991754274992,0.0003976065943633374,0.0011772405809081198,0.0003306704385743147,0.09911092432702524
s15T1423,0.009417385544732676,0.00019773752221079302,0.003343533381422492,0.002235505441312377,0.0019144591918372356,0.0,0.0024834623665254073,0.0052742782466429425,0.00024060888033060446,0.22938675991538546,0.4602428538038095,0.0008090860714298917,0.0002906167185130048,0.10771016467156254,0.0032543839479577392,0.050483882003869655,0.0208726467296121,0.002904396165257383,0.0043324284029948494,0.0012808186768358978,0.09332499231775734
s02M1523,0.03141214852897598,0.0,0.15362143368725148,0.1179041503315834,0.01265420737115859,0.0,0.0028163763551467035,0.008106436509232163,0.0,0.0,0.0037289407080952916,0.0006112185371000047,0.008824710747519024,0.12107150625597289,0.02045966855814675,0.006992201108581081,0.0003856336616214673,0.0,0.05212096653752971,0.4280993581155247,0.03119104298656075
s03M1523,0.0018593941681766825,0.0,0.0,0.011278915418862253,0.0,0.0,0.08032880464707268,0.0,0.0004582366725502265,0.0,0.0008341488578759485,0.000171999356065646,0.0009502523534785847,0.09356610924460286,0.003097083684890404,0.00044675946486874465,0.0,0.00027452509560872874,0.0,0.7987645023031797,0.007969268732767544
s04M1523,0.0,0.0,0.0,0.0,0.003034226301193163,0.0,0.00602721054005263,0.0,0.0,0.0,0.0,0.0,0.0,0.21226681439503453,0.0,0.0,0.0,0.0,0.0,0.7786717487637197,0.0
s05M1523,0.0,0.0,0.007773390964460899,0.882506820471252,0.033163500064214924,0.0,0.0,0.0,0.0,0.0,0.0,0.0,0.0,0.06755605248161488,0.0,0.0,0.0,0.0,0.009000236018457354,0.0,0.0
s06M1523,0.0,5.9596880097508824e-05,0.0,0.0,0.0,0.0,0.0,0.0,0.0,0.0,0.0008134564675049796,0.00017372079001608753,0.0,0.511804652152617,0.03699454319479945,0.0,0.0,0.0,0.0,0.45015403051496494,0.0
s07M1523,0.0,0.0,0.0,0.3499360633900873,0.0,0.0,0.0,0.0,0.0,0.0,0.0,0.0,0.000270156838873086,0.0,0.0,0.0,0.0,0.0,0.0,0.5187107075368386,0.13108307223420115
s08M1523,0.0,0.0,0.00018181118267280655,0.0,0.0007719830247933879,0.0,0.0006286023869784521,0.0,0.0,0.19901655463383255,0.30431330578693877,0.0,0.0,0.001983984601984495,0.0011364932456582031,0.0,0.4739974247024235,0.0,0.0010722602432842315,0.0025420919243284977,0.014355488267105117
s09M1523,0.0,0.0,0.0,0.0,0.0,0.0,0.0,0.0,0.0,0.10109203939045794,0.12480100978977594,0.0,0.0,0.005555021722570508,0.0,0.0,0.014534969358932202,0.0,0.0,0.0007558152237056562,0.7532611445145578
s10M1523,0.0,0.0,3.523249495283263e-05,0.0,0.0,0.0,0.0,0.0,0.0,0.11269856009442297,0.16980447335124346,0.0,0.0,0.008050472374556408,0.0,0.0,0.0008055814846596203,0.0,0.0,0.0,0.7086056802001648
s11M1523,0.0,0.0,0.0,0.0,0.0,0.0,0.0,0.0,0.0,0.024860238004033572,0.040061543429739686,0.0,0.0,0.0,0.0,0.0,0.0,0.0,0.0,0.0,0.9350782185662267
s12M1523,0.0,0.0,0.0,0.0,0.0,0.0,0.00046177283460546454,0.0,0.0,0.04340023323821094,0.06095898269072354,0.0,0.0,0.16991695813832802,0.0,0.45768825397249524,0.0018328559333911352,0.0,0.0,0.0,0.2657409431922458
s13M1523,0.0,0.0,0.00014461274837529087,0.0167059728977684,0.006575492556904119,0.0,0.0032520422329062075,0.0,0.0,0.0666755286987367,0.11041152667836188,6.968596479098943e-05,0.002489759194317795,0.022779818549276888,0.0015008435120621054,0.0,0.000944103176355746,0.0,0.00573949800461849,0.13178026054454414,0.6309308552409811
s14M1523,0.15597029716580746,0.0005375029584070806,0.0006135258901391779,0.014271959228013921,0.004575896207906599,0.00019363457680285245,0.006653616824995545,0.013932515881383346,8.23943360411604e-05,0.1073584110409916,0.15563932617713047,0.0007152404411795735,0.0006376117187789029,0.07619579496778392,0.005393955922366014,0.3386312260806452,0.0,0.009339710232758792,0.005855094882819549,0.0014341479891460992,0.10196813747690263
s15M1523,0.1356786944449189,0.0,0.0,0.00218556349493994,0.0,0.0,0.0,0.0,0.0,0.017068178299942213,0.03417338228796399,0.00013518594316261456,0.001695013623349647,0.0012536872482700333,0.0,0.05769122316557279,0.0,0.003053138829282826,0.0,0.5364726477060231,0.21059328495657395
s01X1523,0.020405956385244672,0.0,0.0015694802892920793,0.29353880038195623,0.0,0.003901024013225096,0.0,0.0,0.004724001476661303,2.186675662519892e-05,0.0004962738517805032,0.0,0.0,0.010965691858623316,0.16291314212875277,0.006507935815992834,0.00011262533339518564,0.001940277323018066,0.0,0.46861566708204355,0.0242872573033892
s02T1523,0.0,0.0,0.016187328551655927,0.5601628977255176,0.006289825437121405,0.0,0.0014016823473187612,0.005514212905323293,0.0015925038934013782,0.00085763653616853,0.00012624821689357163,0.0,0.0,0.11263809491988754,0.17502181513387458,0.0,0.005397101020995104,0.0,0.007281127355585836,0.0567371698678292,0.0507923560884273
s03T1523,0.0,0.0,0.0,0.15094479924953355,0.0,0.0,0.0,0.0,0.0,0.0,0.0,0.0,0.0,0.007808568767839911,0.07438299340723599,0.0,0.0,0.0,0.0,0.7448504317423158,0.022013206833074738
s04T1523,0.0,0.0,0.0,0.0,0.0,0.00015395681037082672,0.0024106175289164518,0.0,0.001396460037385822,0.00023567573281530157,0.0,0.0,0.0,0.47884553769469757,0.0,0.0,0.0,0.0,0.04848016290237251,0.46452130864148106,0.003956280651960341
s05T1523,0.0,0.0,0.0036935034674019135,0.0,0.0033328059187513015,0.0,0.0,0.0,3.325621147995757e-05,0.0,0.0,0.0,0.0,0.05791715105137282,0.1250297419595892,0.0,0.0,0.0,0.007128197914590214,0.8028653434768146,0.0
s06T1523,0.0,0.0,0.0,0.0,0.0,0.0,0.0,0.0,9.908508042417842e-05,0.0,0.0,0.0,0.0,0.0,0.0,0.0,0.0,0.0,0.0009560092015764478,0.9911229059032096,0.007821999814789824
s07T1523,0.0,0.0,0.0,0.18251085621427382,0.0015448439139651307,0.0,0.0016413207314365241,0.012893836444335602,0.002771285849775142,0.0,0.0,0.0,0.002613337456006375,0.01533557718287429,0.1309037294758469,0.0,0.0003455206155995235,0.0,0.00878396800179811,0.5704356050125582,0.07022011910153048
s08T1523,0.0,0.0,0.00011337773295053994,0.0,0.0001471564602107201,0.0,0.0004183902803001184,0.0,0.0,0.24008475987210998,0.31660376401405077,0.0,0.0,0.00107119493273255,0.0013102728456461823,0.0,0.42632071420797124,0.0,0.0004850707549041303,0.001787095198262688,0.011658203700861252
s09T1523,0.0,0.0,0.0,0.0,0.0,0.0,0.0006580044740118381,0.0,0.0,0.22655859363899092,0.26341739773796474,8.010728241603384e-06,0.0,0.0,0.0,0.0,0.04319983095817315,0.0,0.0,0.0,0.46615816246261776
s10T1523,0.033854136012628065,0.0,0.0,0.0,0.0,0.0,0.0,0.0,0.0,0.03373487573701024,0.043556006604191115,8.773297289577911e-05,0.0,1.3829708472578202e-05,0.0,0.0,0.0,0.0,0.0,0.15386926676242396,0.7348841522023782
s11T1523,0.0254375726474636,0.0,0.0,0.0,0.0,0.0,0.0,0.8649904007461088,0.0,0.0027281082026062355,0.006916353560402824,0.0,0.0,0.0,0.0,0.0,0.0006084256036201909,0.0,0.0,0.047393711526751245,0.051925427713047326
s12T1523,0.032014703427625496,0.0,0.0,0.0,0.0,0.0,0.0,0.0,0.0,0.18298986650697321,0.21292205922926016,0.0010103534666942367,0.00015565613199746252,0.0,0.0,0.0,0.002713114760150449,0.0,0.0,0.05192647178308887,0.51626777469421
s13T1523,0.3119198479212611,0.0,0.0,0.0,0.0004593061266836152,0.0,0.0,0.0,0.000521595251096179,0.008092079614667201,0.016337939652043915,0.0009854941277831321,0.0,0.0028852375608829687,0.0,0.00764461309551661,9.456805062146812e-05,0.0,0.00014958574110373492,0.3112256742042743,0.3396840586540657
s14T1523,0.3080517948091332,0.0,0.0,0.0,0.0,0.0,0.0,0.0,0.0,0.0,0.001534170669583969,0.0,0.0,0.0,0.0,0.1877711677499634,0.0,0.0,0.0,0.38803854237896507,0.11460432439235438
s15T1523,0.1632400000215781,0.0,0.0017006422480305339,0.02528984028320266,0.002786266886024546,0.0,0.003129359802349024,0.017480662744093607,0.0008312640376283317,0.0,0.0034134492110049898,0.0,0.0,0.022100271308205643,0.01584288371123001,0.027938400769384097,0.00011872742804638991,0.0,0.01005555270287845,0.37035714602905884,0.3357155328172847
s02M1623,0.017977831066029615,0.0,0.024059127017715436,0.0,0.0,0.0,0.006746544832239702,0.008243173138431354,0.000927958103493396,0.00035436427378173456,0.001566916332624743,0.0,0.0,0.8350384676975248,0.0010955336275235625,0.0,0.0029034980578156893,0.0,0.003315019084540047,0.09575428649989624,0.002017280268383761
s03M1623,0.03719328228495184,0.0003379693060867435,0.09419722364671229,0.0,0.0,0.0,0.0,0.0,0.0003982881160444984,0.0,0.0011730522473364507,0.0,0.0,0.0,0.01317985220590904,0.0007070502404143669,0.0,0.0004045865162584884,0.0,0.8184477895067795,0.03396090592950665
s04M1623,0.0,0.0,0.0,0.0,0.0,0.0,0.0,0.0,2.139090031660338e-05,0.0,0.0,0.0,0.0,0.09805035942370038,0.0,0.0,0.0,0.0,0.0,0.9019282496759831,0.0
s05M1623,0.0,0.0,0.0,0.0,0.0,0.0,0.16708539801976446,0.10235262141758071,0.0,0.0,0.0,0.0,0.0,0.04454887401656972,0.0,0.0,0.0,0.0,0.05890624557527661,0.6271068609708085,0.0
s06M1623,0.0,0.0,0.1996248035784935,0.10749414095123973,0.0,0.0,0.0,0.0,0.0,0.0,0.0,0.0,0.0,0.07865314822594956,0.0,0.0,0.0,0.0,0.09089945761655638,0.5233284496277609,0.0
s07M1623,0.0,0.0,0.11841399722271087,0.006534256432643258,0.02627053078407692,0.0,0.0004380623020133999,0.0,8.75816496298549e-05,0.0,0.0,0.0,0.0,0.6854530372935547,0.0,0.0,0.0,0.0,0.017501036153361463,0.14530149816200955,0.0
s08M1623,0.0,0.0,0.00036473785528691525,0.0,0.0,0.003344786207978612,0.0012556349275362286,0.0011298608516729627,0.00015139135176139894,0.1276208957980037,0.2379104663249048,7.758109609409329e-06,0.019369936073139794,0.0013511583644527341,0.001168173367900521,0.0,0.5894227434310028,0.0,0.0010245533913659324,0.00028304533357005916,0.01559485861181412
s09M1623,0.0,0.0,0.0001619623212659853,0.0,0.0,0.0,0.0,0.0,0.0,0.20312291013667097,0.2460649995818197,0.0,0.0,0.0006798649121565744,0.0,0.0,0.5449170641101663,0.0,0.0,0.0002727097646498755,0.004780489173270718
s10M1623,0.0,0.0,0.0,0.0,0.0,0.0,0.0,0.0,0.0,0.0567410900799202,0.12402587063753273,0.0,0.0,0.0,0.0,0.0,0.04414373894537799,0.0,0.0,0.0,0.775089300337169
s11M1623,0.0,0.0,0.0,0.0,0.0,0.0,0.0,0.8494186627212372,0.0,0.024070595577885726,0.052241593009333065,0.0,0.0,0.0,0.0,0.0,0.004871059787125493,0.0,0.0,0.0,0.0693980889044184
s12M1623,0.0,0.0,0.0,0.0,0.0,0.0,7.669553893405085e-05,0.0,0.0,0.14290755619931747,0.27559149212205625,0.0,0.0,0.0,0.0,0.0,0.011905580315195992,0.0,0.0,0.0,0.5695186758244961
s13M1623,0.01677903067700063,0.0,0.0,0.0,0.0,0.0,0.0,0.09506617647779805,0.0,0.0610371754967877,0.07815827575075243,0.0,0.0,0.0,0.0,0.32887834302432173,0.0,0.00017503741132470575,0.0,0.28654401609222124,0.1333619450697936
s14M1623,0.17546741659525372,3.101380793588619e-05,0.003835156717114292,0.020914390635244525,0.010541251846263977,0.0,0.0029775849197469944,0.011040864857300957,0.00018176734579843798,0.06621088730886568,0.10379511025187563,0.0,6.358194294127672e-05,0.026094973115329344,0.11678847614262208,0.014406221348617609,0.00013538230162353442,0.008219482631204183,0.004724533585710879,0.15724307868906942,0.2773288259574816
s15M1623,0.1001878164784023,0.0001930931938379487,0.0,0.0014185180499519032,0.0,0.0,0.0,0.004026702270362536,0.0,0.0,0.0012985060976933305,0.0,0.0,0.0,0.0,0.012143951275083753,0.0,0.0018076540674810194,0.0,0.5579703713363328,0.32095338723085454
s01X1623,0.09395690088092339,0.0,0.002029454913590421,0.03121032872504967,0.0012610501821977286,0.0,0.0,0.32034051693333715,0.0007290035533650534,0.0,0.0002508638197359136,0.00036015349532847723,0.021554820833648722,0.04893761684149709,0.0304386635148804,0.0037141801198396058,0.0005420927668768344,0.0,0.011424313164280223,0.41663991094197567,0.016610129313473703
s02T1623,0.0,0.0,0.01591877916072381,0.11725025094162554,0.048040221986391504,0.0,0.04016604411437892,0.011412832346652652,0.0005126420307538321,0.0,0.0006512962477836507,0.0,0.0,0.2830402273097686,0.12983444162281002,0.0,0.004502721959094138,0.0,0.07175567832349744,0.24383760530737186,0.03307725864914817
s03T1623,0.0,0.0,0.023981779084480254,0.13581223788971442,0.08102326925913658,0.0,0.020419218073556906,0.010601077946076863,0.00028251246203213256,0.0,0.0,0.0,0.0,0.2963625274131694,0.27271230304885197,0.0,5.488341082843755e-05,0.0,0.08668008401393237,0.041472725211638424,0.030597382186582266
s04T1623,0.0,0.0,0.004043381866125727,0.10617830044761416,0.014202265953286192,0.0,0.19108892627510252,0.0004523776389513141,0.0006219154231366099,0.0,0.0,0.0,0.0,0.11185678640708734,0.08126350239999501,0.0,0.0,0.0,0.31366765339944946,0.16018339592354172,0.016441494265710063
s05T1623,0.0,0.0,0.007346362999819765,0.14067317600047732,0.02905890734261363,0.0,0.4212727915240034,0.008220920118669048,0.00046999974638725026,0.0,0.0,0.0,0.0,0.06314009006481272,0.04555428611448485,0.0,0.00013576684038133565,0.0,0.09718962305906782,0.1497336798506647,0.0372043963386181
s06T1623,0.021885681210150085,0.0,0.006141294808211091,0.14315676394271284,0.17391865125380163,0.0,0.0,0.010659057181946726,0.0003466406395110378,0.0,0.0018420542806079209,0.0,0.0,0.38233796517488555,0.025363733846704338,0.003499723542032413,3.72459384900488e-05,0.0,0.08825421412729285,0.06840416369014012,0.07415281036351336
s07T1623,0.003741396299642945,0.0,0.005321698422955633,0.05368105580103737,0.0016472065230583826,0.0,0.0022663524386456997,0.008152569730540255,0.0007255202660667944,0.0009117871488521627,0.0006264212960589162,0.0,0.0,0.03864871930334027,0.1776867297131378,0.0014583453532191733,0.0005259811002951403,0.0,0.021883819533779304,0.6544544305558939,0.02826796651347628
s08T1623,0.0,0.0,6.9038851344867125e-06,0.0,0.0,0.0,0.0,0.0,0.0,0.23725422494762996,0.32018976101085683,0.0,0.0,0.0002668292804126558,0.0,0.0,0.43850785196623854,0.0,0.0,0.00024402383784002395,0.0035304050718875718
s09T1623,0.0,0.0,0.0,0.0,0.0,0.0,0.0,0.0,0.0,0.10325082747527911,0.22284055171452813,0.0,0.0,0.0,0.0,0.0,0.03757630691081691,0.0,0.0,0.0,0.6363323138993758
s10T1623,0.0,0.0,0.0,0.0,0.0,0.0,0.0,0.0,0.0,0.24058648960930346,0.4580281083540834,0.0,0.0,0.001526112832615231,0.0,0.0,0.0,0.0,0.0,0.0,0.29985928920399785
s11T1623,0.0,0.0,0.0,0.0,0.0,0.0,0.0004917388087036774,0.0,0.0,0.10795136564450776,0.27945851405280164,0.0,0.0,0.0,0.0,0.0,0.001514162168627728,0.0,0.0,0.0,0.6105842193253591
s12T1623,0.0,0.0,0.00033978632129322533,0.0013004227693261554,0.003496834632231471,0.0004974497118623135,0.0038526498626364493,0.0,3.425531666050305e-05,0.1950975227988649,0.38550490382325814,0.00010209646290892347,0.0002166450111465793,0.006334071245520645,0.0029403548147464795,0.023179434755501178,0.0021350232137098035,0.007658866085126748,0.004557920480218898,0.0012369961368623595,0.3615147665581254
s13T1623,0.02194847323346146,0.0,0.0012542140556328243,0.0022935136733991416,0.005969559322763789,0.0,0.0036562564438098197,0.0,8.211089547622424e-05,0.1793237060558697,0.4612477415011011,7.913338604347876e-05,0.0,0.010474101897801234,0.004490951020343674,0.004856744201300428,0.0,0.0037040619478127816,0.005839648029412905,0.0019029428967345927,0.29287684143903686
s14T1623,0.06342683200178328,0.0,0.0023953361303203254,0.0017175586641450214,0.0029942841806938725,0.0,0.002275978731821222,0.0,0.0002899526897161234,0.13981774672760566,0.3314766787825766,0.00023973194890853416,0.00026518544759305613,0.09066616414639632,0.002904937703924134,0.01064324152870729,0.0,0.009011127878815509,0.007232116148307968,0.0019238429685169366,0.3327192843201684
s15T1623,0.2211656216063171,0.0013765808765518702,0.002582741185104692,0.024544916029701123,0.000998295924132364,0.0,0.002402969196348611,0.037645733396914155,0.0001371135521217958,0.006265315569729264,0.014554222623528712,0.0,0.0,0.0076029701533568556,0.011898905622117657,0.06030483272668315,0.0,0.010818146904445738,0.0042891588191828235,0.3827652500415943,0.21064722577216974
s02M1723,0.0,0.0,0.7687142048719484,0.0,0.0,0.0,0.0,0.201898574344735,0.0,0.0,0.0005082817095457669,0.0,0.0,0.025806195705569204,0.0,0.0,0.00041469245620341996,0.0,0.0014627142403376508,0.0011953366716606466,0.0
s03M1723,0.0,0.0,0.004412723925281926,0.0,0.0,0.0,0.008995462116739588,0.0006324176435806984,0.00045406946616335773,0.0005688905304151396,0.0019148877487670092,0.0,0.0,0.9799721309673466,0.0,0.0,0.00014549625230417696,0.0,0.0013529720583506403,0.0006902562069124906,0.0008606930841386385
s04M1723,0.0,0.0,0.0,0.0,0.0,0.0,0.0,0.0,0.0001748640840589969,8.004418470941311e-05,0.0,0.0,0.0,0.9501692694266402,0.0,0.0,0.0,0.0,0.04957582230459144,0.0,0.0
s05M1723,0.0,0.0,0.33461894644484125,0.0,0.0,0.0,0.0,0.0,1.0783716984370295e-05,0.0,0.0,0.0,0.0,0.6110169955341982,0.0,0.0,3.3323618879274196e-05,0.0,0.037075660463638936,0.01724429022145788,0.0
s06M1723,0.0,4.705044313849453e-07,0.012009177484784948,0.1453221453906737,0.0,0.0,0.0,0.0,0.0,0.0,0.0,0.00020815129729585482,0.0,0.7260276779181092,0.0,0.0,0.0,0.0,0.0,0.11643237740470491,0.0
s07M1723,0.06490537115582597,0.0,0.016234217779647415,0.09166657836747932,0.02301285048167401,0.0010018378002395326,0.011105804395911042,0.061187290211996204,0.003541846304798152,0.0,0.0019537571087088366,0.0,0.0,0.06722666799915625,0.057989555920009914,0.020738610681609433,0.0015628478796616075,0.008132090438635914,0.0453080304762199,0.474689559275836,0.04974308372259039
s08M1723,0.0,0.0,0.0005445109738959399,0.0,0.00042697613435711585,0.0,0.0002970624851046969,0.0,4.9114889162080604e-05,0.09782040941933781,0.2682888790473356,0.0,0.0,0.0011121195696623969,0.0004571487418326887,0.0,0.6204488761969774,0.0,0.0006632184090062045,0.000843118335790989,0.009048565797537008
s09M1723,0.0,0.0,0.0,0.0,0.0,0.0,0.0,0.0,0.0,0.030398753618554167,0.11918223477958834,0.0,0.0,0.0,0.0,0.0,0.0003189461829301305,0.0,0.0,0.0,0.8501000654189274
s10M1723,0.08883167174793354,0.0,0.0,0.0,0.0,0.0,0.0,0.0,0.0,0.013312363998687106,0.05330397316401113,0.0,0.0,0.0,0.0,0.0,0.0,0.0,0.0,0.0,0.8445519910893682
s11M1723,0.17133356945743922,0.0,0.0,0.0,0.0,0.0,0.0,0.0,0.0,0.03740211191989444,0.162272944530998,7.601976937796687e-05,0.0,0.0,0.0,0.0,0.0,0.0,0.0,0.0,0.6289153543222904
s12M1723,0.6587577923324694,0.0007354394218291878,0.0016123307153548426,0.00019903756490802842,0.0,0.0,0.0,0.02450281740912834,0.0,0.014030822430903561,0.023651497935177554,0.00023589590650653633,0.0,0.0,0.0015104214127296598,0.01602784506787913,0.0,0.0049072854422125885,0.0,0.1576112884233915,0.0962175259375097
s13M1723,0.06878833424177606,0.0,0.0,0.0,3.713526539449129e-05,0.0,0.0,0.0,0.0,0.013568560635508669,0.03875481414862494,0.00044202891533520777,0.0,0.0,0.04346160171505968,0.028455353875083737,0.0,0.0,0.0,0.02375431004025469,0.7827378611629625
s14M1723,0.24339528929287008,0.0,0.0,0.0,0.0,0.0,0.0,0.030446957440142957,0.0,0.0013671915796526,0.008501803343616436,0.0,0.0,0.0,0.0,0.2745668672658191,0.0,0.0,0.0,0.3154743570173142,0.12624753406058467
s15M1723,0.0890682314641602,0.0,0.005383816779243012,0.04300545210739974,0.008709791624073999,0.0005070585541204723,0.005042769120343973,0.033523638457831184,0.0008260086110035511,0.0011578898082966417,0.0024178002254172577,0.0,0.0,0.028030208899749744,0.11149551272411505,0.034176304980842266,0.0005009296071471587,0.006408059281586662,0.020108204117890244,0.49996762009950885,0.1096707035372702
s01X1723,0.0,0.0,0.005384543348466949,0.10516907629775221,0.013608783154849811,0.0,0.008854887494725154,0.04423914851008988,0.0002689382077770372,0.0,0.0,0.0,0.0,0.04894293756667201,0.05904519274306994,0.0023883230505085426,0.0008334444390081094,0.0,0.03604641391910049,0.6434360178238978,0.031782293444081997
s02T1723,0.0,0.0,0.133141972366999,0.13478618981219118,0.39642786608770386,0.0,0.0,0.04470479619882281,0.00013579100291466595,0.0,0.0,0.0,0.0,0.13388191501267135,0.04919961893676915,0.0030251308574082442,0.0006345168313211949,0.0,0.05014022435622872,0.023520894982559,0.030401083554410978
s03T1723,0.0,0.0,0.006658233784202428,0.323345560771958,0.021381711455130226,0.0,0.004049849766418336,0.027843114609575132,7.610045109343166e-05,0.0,0.0,0.0,0.0,0.08943809170131944,0.08916411369641425,0.00010641207113051985,0.0034143640941274845,0.0,0.0278739960050456,0.38954972243231534,0.017098729161269765
s04T1723,0.0,0.0,0.010037280784744144,0.16942666689669972,0.02466787193620559,0.0,0.2915031580720331,0.04641011279433659,0.00022343897940268911,0.0,0.0,0.0,0.0,0.2668490410101667,0.04937666193583737,0.002274318900905565,0.0007226455052711982,0.0,0.07033715984977892,0.04351314368714827,0.024658499647470137
s06T1723,0.0,0.0,0.0008941237621075527,0.007258877089035228,0.0012698131368471962,0.0,0.014409818798722092,0.0,0.0,0.0,0.0,0.0,0.0,0.6721358047628089,0.0016110947240762594,0.0,0.0,0.0,0.3003365478252541,0.0009724255729173536,0.0011114943282314153
s07T1723,0.0,0.0,0.004620653453776832,0.025868360427685318,0.3967566614689649,0.0,0.04493656328865075,0.0,2.9886887561736558e-05,0.0,2.0776944237286903e-05,0.0,0.015226875757378739,0.4521409939386124,0.017348991549362366,0.0,8.91289327075841e-05,0.0,0.023546594625923956,0.010200159982305543,0.009214352742832688
s08T1723,0.0,0.0,0.0018208976561548383,0.0008533861667981995,0.004423132995883295,0.0004950292489494549,0.002535704590595645,0.010921765053201683,0.0005022546217095223,0.10368137487095921,0.504973223544306,0.0,0.0,0.0056394225194729836,0.005064738847809612,0.0,0.33291340231513,0.00011286650644228419,0.004874626202029065,0.002077038166212163,0.01911113669434607
s09T1723,0.0,0.0,0.0,0.0,0.0,0.0,0.0,0.0,0.0,0.0,0.0,0.0,0.0,0.0,0.0,0.0,0.0,0.0,0.0,0.0,1.0
s10T1723,0.0,0.0,0.0,0.0,0.0,0.0,0.0,0.0,0.0,0.016699745169340315,0.28905096229901234,0.0,0.0,0.0,0.0,0.0,0.01067697311906752,0.0,0.0,0.0,0.6835723194125798
s11T1723,0.0,0.0,0.0022168165142269487,0.003237508032845615,0.010272692907931223,0.0,0.005945241476942967,0.03436379966820351,6.381110694174631e-05,0.0,0.5090128278486692,0.0,0.0,0.009941289290983561,0.008812480720550974,0.007482050354110268,0.01723924233292804,0.0,0.009419198664040479,0.029131081608333918,0.35286195947329163
s12T1723,0.02932185605468624,0.0,0.00041011926983512687,0.0,1.1724092485588305e-06,0.0,0.0007127356192051736,0.04724324521794845,0.0,0.0368208910484213,0.5900034575274445,2.2600056340756025e-05,0.0,0.0025794516813510237,5.586520388147994e-05,0.09336592692449686,0.030232471628593705,0.0,0.0016195547318736464,0.0012449679515562381,0.16636568467511692
s13T1723,0.0,0.0,0.0017431346831552996,0.00637512468679898,0.024070045848061765,0.0,0.004528368206583366,0.08586718691051393,0.0,0.009525399583756842,0.06297738949128123,0.0,0.0,0.01013640096109398,0.013675448933049368,0.12237330885043819,0.0013484197416027256,0.0,0.009616811254325324,0.11665547460400824,0.5311074862453308
s14T1723,0.2064530059758569,0.0009430406449197652,0.002414749338268273,0.02503217165865808,0.004331544704321604,0.0,0.003974477609420158,0.06233225210116178,0.0,0.0,0.014520380604449601,0.0,0.0,0.016106393912951208,0.07987507587028404,0.02279132377990118,0.00046426436275559107,0.003808927900034427,0.013538850204528288,0.3975670956193005,0.14584644571318864
s15T1723,0.14117662077647797,9.871181629460949e-05,0.0033020932124134877,0.031708204733099474,0.010569403857787603,0.0,0.00541071318556203,0.04239055986064409,4.974069677902024e-05,0.0,0.0011733478734583548,0.0,0.0,0.03697085969901985,0.03766343278952835,0.010348370853008902,0.0005619055570042797,0.00047720622253060086,0.023372479199976155,0.5799958765442659,0.07473047312214941
s02M1823,0.0,0.0,0.9569935069345273,0.0,0.0,0.0,0.0,0.03330284983975618,0.0,0.0,0.0,0.0,0.0,0.00938568679564887,0.0,0.0,0.0,0.0,0.0,0.00031795643006766224,0.0
s03M1823,4.65738393448169e-06,0.0,0.008405788489350799,0.014984686269896526,0.0,0.0,0.002264918923108092,0.017946429889377405,0.00017380894698089362,0.0,0.0007442489555161375,0.0,0.0,0.8922814702549658,0.01531502868270347,0.0022200878654742226,0.0002718126162293658,0.0,0.011163867951923933,0.007322318573517174,0.026900875197021806
s04M1823,0.044785242559186936,0.0,0.050675309382418834,0.09036950406749555,0.07822923427656112,0.0,0.15711645103625674,0.047333423746020134,0.0002781649010383242,0.0,0.0008900962603178777,0.0,0.0,0.25855162607395854,0.08465278737482092,0.01508430376292469,0.0007031303385629592,0.0029899185615277404,0.11926410209029903,0.0191795376804233,0.029897167888187297
s05M1823,0.0,0.0,0.4767766685394201,0.06012426128170504,0.013485988225716138,0.0,0.0458593509044063,0.0,0.0,0.0,0.0,0.0,0.0,0.1314849966726577,0.01870495603162461,0.0,0.0,0.0,0.00996407200967488,0.24359970633479516,0.0
s06M1823,0.0,0.0,0.1237832110824239,0.0,0.020029330727638624,0.0,0.0033135365220307773,0.0,0.0,0.0,0.0,0.0004391420796986227,0.0,0.17784123969369064,0.003941378783795643,0.0,0.0,0.0,0.04437218396541384,0.626279977145308,0.0
s08M1823,0.0,0.0,0.001308117906914852,0.0,0.0007259005942988941,0.0,0.0005506724230520012,0.0021122248451756792,0.00012142632142636137,0.05969949456386081,0.5476950379892352,0.0,0.0,0.010034105090160192,0.0012212106639228957,0.0,0.361076397187121,0.0,0.001731267561918997,0.0018713575083236552,0.011852787344589501
s09M1823,0.0,0.0,0.0005044945575072323,0.0,0.0,4.292389306894719e-05,0.0010878022735598713,0.06404940817627021,0.0,0.03901756491790183,0.2893345027857505,0.0,0.0,0.0005853623673387689,0.0,0.03395796454143729,0.08387082700931148,0.0041379727644276325,0.0,0.03865141300275467,0.44475976371067166
s10M1823,0.011804986432663301,0.0,0.0,0.04629166230845494,0.0,0.0,0.0001438817646642639,0.025269308913456356,0.0,0.0,0.014899544951609339,0.0,0.0,0.0004704728165931676,0.0002429133014545245,0.15800449704795816,0.0004298216132899252,0.0,0.0,0.0024312917602600844,0.7400116190895959
s11M1823,0.0,0.0,0.00010445643538303243,0.0,0.0,0.0,0.0005737590322831216,0.04814441917751517,8.27899224441186e-05,0.008033676207675674,0.2985566967864986,0.0,0.0,0.0009043082901430082,0.002248580543296453,0.08033437866781984,0.0049478600375491765,0.00012860163101768328,0.0,0.0030872068440537612,0.5528532664243203
s12M1823,0.18784881143113413,0.0008015261134260408,0.0,0.0,0.0,0.0,0.001541652510285059,0.033056656087280256,0.00016982702794459098,0.012745415676355372,0.06523215847729873,0.0009388434311230712,0.0,0.0028394588116813723,0.003333131612683618,0.5840088549019369,0.0006282370467348228,0.003378333410388695,0.0026495778306732253,0.0023730817758201364,0.09845443385523418
s13M1823,0.2803733952828618,0.0022423818245261105,0.0024944426585077678,0.011991739311485382,0.0,0.0,0.0015227176909045949,0.09094516833562069,0.0,0.018629157691594452,0.15036698880978475,0.0,0.0,0.0028501422329572862,0.01123714685458972,0.07983358503972245,0.0,0.011235875973219019,0.002185634254635967,0.0050027718938711226,0.3290888521457189
s14M1823,0.048295206848745914,0.0,0.0,0.0,0.0,0.0,0.0,0.8526512339936327,0.0,0.0,0.008127866068588693,0.0,0.0,0.0,0.0,0.014703440778364576,0.0,0.0,0.0,0.0167973935421231,0.059424858768544815
s15M1823,0.04631549935826818,0.0,0.0,0.002326235804642154,0.0,0.0,0.00010082379522746399,0.03738364980644104,0.0,0.0,0.008465633725053495,0.0,0.0,0.005098052414679897,0.06991638977283943,0.30990431096940646,8.30436269095821e-05,0.0,0.000987238150834069,0.44216478043378143,0.07725434214191695
s01X1823,0.03508922410184509,0.0,0.01768844158697991,0.11040618121606723,0.03222379825019255,0.0,0.01789069625886458,0.08526370756933985,0.0009675695902961822,0.0,0.0011603328500287972,0.0,0.0,0.10231749547159014,0.1535840725661092,0.017135576578791407,0.0013307027876289493,0.0,0.06918098298781064,0.30279928849493526,0.052961929689520265
s02T1823,0.0,0.0,1.0,0.0,0.0,0.0,0.0,0.0,0.0,0.0,0.0,0.0,0.0,0.0,0.0,0.0,0.0,0.0,0.0,0.0,0.0
s03T1823,0.0,0.0,0.032623537397341903,0.0,0.0177915637671611,0.0,0.0013153349452463968,0.0,0.0,3.280051848230009e-05,2.6771024210351366e-06,0.0,0.0,0.931820977235259,0.0,0.0,8.301773187986249e-06,0.0,0.016147983290326965,0.00025682397057323186,0.0
s04T1823,0.0,0.0,0.11719134028109343,0.0021016011589017696,0.020284447395701424,0.0,0.001452364709235252,0.0037368868432021644,0.0,0.0,0.0,0.0,0.0,0.5456198399347708,0.0031394173947869365,0.0,5.878382618833741e-05,0.0,0.30258447556632223,0.00253825907077169,0.0012925838190257866
s05T1823,0.0,0.0,0.397974064608243,0.001937572243483416,0.07110827441860146,0.0,0.010098949475133191,0.0,0.0,0.0,0.0,0.0,0.0,0.4609986667646391,0.00014859289937230148,0.0,0.0,0.0,0.056381147265349145,0.0013527323251783636,0.0
s07T1823,0.0,0.0,0.006499487069837233,0.0,0.01790562162888572,0.0,0.0026389112725997746,0.0017723332515871308,0.0,0.0,0.0,0.0,0.0,0.9452429609387086,0.0009579982521491653,0.0,0.0,0.0,0.023726090510416627,0.0012565970758157015,0.0
s08T1823,0.0,0.0,0.0034571090423011507,9.239806697420664e-05,0.0034717399351273342,0.0004226911701171715,0.0017671597771584282,0.013050354331124784,0.0005337201816583999,0.0899746025058015,0.27450370343789604,0.0,0.0,0.0036377746927991274,0.00833183959225582,0.00034936851242620544,0.5749590184979388,0.0004647892429875104,0.003767501679125031,0.0033246272061467027,0.017891602128161696
s09T1823,0.0,0.0,0.0009431511154751137,0.0,0.00048276034279794134,0.0,0.0008271649532053759,0.10431084860595341,0.0,0.05607104029057512,0.48036113699660155,0.0,0.0,0.0032105022931488876,0.0020300899376862387,0.005730633135952006,0.140933937410531,0.0,0.001859254212049965,0.011622539018977343,0.19161694168704602
s11T1823,0.0,0.0,0.004060723317714056,0.009761507200767168,0.003738475517096303,0.0,0.004666037902263843,0.2226245318414049,0.00015385937363705574,0.01122155899549265,0.4170726435252182,0.0,0.0,0.014942265807661073,0.01400475261119395,0.043640891852556415,0.06065422746471448,0.003251704038930531,0.010300659537822242,0.005643374215936908,0.1742627867975903
s12T1823,0.028338299056447223,0.0,0.0,0.009821245672241064,0.0,0.0,0.0017255755781017373,0.04507081578665643,0.0,0.014332319997705631,0.022407664389415775,0.0,0.0,0.0018452455366886513,0.13627389288408223,0.17827849037636512,0.002694123519556868,0.0002720624673586052,0.01030092563206625,0.5138543568232496,0.034784982280064776
s14T1823,0.062040788954225254,0.0,0.0,0.0010137296341441555,0.0,0.0,0.000557987579407283,0.1206229559102291,0.0,0.014793218664549648,0.10719783217832236,0.0,0.0,0.0,0.0015281152897828356,0.6459349320216015,0.0,0.0,0.0,0.0009239775996850615,0.04538646216805292
s15T1823,0.2632011708522317,0.002355285987944311,0.00048382639164421866,0.016761602019136606,0.0,0.0,0.0005463957070752426,0.07016724581018656,0.0,0.0,0.009255706499258519,0.0,0.0,0.0059083389881467,0.12242895687084449,0.03780665130171167,0.0,0.007998352638150269,0.002249608840247069,0.31338693966527903,0.14744991842814364
s02M1923,0.017276429020070958,0.0,0.022545785460273474,0.0925821886223465,0.009849327734555536,0.0,0.00840268920849282,0.014627177706335304,0.0,0.0007694567751542698,0.0058988586648039,0.0,0.0,0.051576744393193825,0.19405225158611505,0.0,0.0,0.0,0.004938901024455568,0.5483161981767805,0.02916399162742237
s03M1923,0.0,0.0,0.05530947685805095,0.02757931437866994,0.13499350275193808,0.0,0.11987247826850608,0.012723492554323925,1.6043059173768894e-05,0.0,0.0,0.0,0.0,0.17557369978236934,0.06559039158451832,0.0,4.961471215286469e-05,0.0,0.07003870076117501,0.3382532852891218,0.0
s04M1923,0.0,0.0,0.0,0.14256243703192029,0.0,0.0,0.0,0.0,0.0,0.0,0.0,0.0,0.0,0.0,0.17515885433486592,0.0,0.0,0.0,0.0,0.6822787086332138,0.0
s05M1923,0.0,0.0,0.0,0.0232918016349343,0.0,0.0,0.0,0.0,0.0,0.0,0.0,0.0,0.0,0.0,0.08762322415680661,0.0,0.0,0.0,0.010274743443325535,0.8788102307649336,0.0
s06M1923,0.0,0.0,0.004390488276325816,0.15956408460477167,0.002855785662678973,0.0,0.0,0.0,0.0,0.0,0.0,0.0,0.0,0.002162146793818588,0.12857256848504103,0.0,0.0,0.0,0.0,0.7024549261773639,0.0
s07M1923,0.07329040962472688,0.0,0.0054872092652164485,0.028584027608676184,0.006865462989062652,0.0018235998080404737,0.0042883866980123015,0.048699725681296886,0.0005665236789818321,0.0006478613798324456,0.00011373400662244931,0.0008521790533216975,0.014842293942724403,0.05819525270485228,0.1334812473111045,0.012793061483490499,0.0006458693514030905,0.003621820181881717,0.020671691432477882,0.570102118240499,0.01442752555777658
s09M1923,0.08954185614681583,0.0,0.000148439180656085,0.0003724492306855766,0.0,0.0,0.0,0.17848246586564848,0.0,0.048623218840135735,0.07046950321994759,0.0,0.0,0.0,0.0020493424857324196,0.00806113422701925,0.00043144616074553384,0.0,0.0,0.0016719978339501773,0.6001481468086634
s11M1923,0.10780263790475031,9.202629714193941e-05,0.0,0.0,0.0,0.0,0.0,0.02056369665786527,0.0,0.0009373542579811366,0.008810750803997524,0.0,0.0,0.0,0.0,0.020469397618081288,0.0,0.0,0.0,0.36163817783642016,0.47968595862376245
s13M1923,0.26786365028956777,0.002380282475612887,0.009190279010414276,0.04041009716765432,0.013152469848845204,0.0011523257624174686,0.0050564057066603265,0.154647892000257,0.0006640639518747715,0.016834359053462165,0.03113331959520416,0.00041522461813727586,0.0,0.019969574333008857,0.04494245596103474,0.06421780596346868,0.0006014082321785022,0.015996242197757377,0.014456373847843497,0.06881864693658346,0.22809712304801705
s14M1923,0.3980462444235917,0.0031782740426195403,0.0032613789345855575,0.023871437427762106,0.0061482297606583825,0.0,0.0008287766247694333,0.20093872319986786,0.0,0.0,0.015285303764980336,0.0,0.0,0.006866033778702118,0.020359052503748327,0.06564934736892393,0.0,0.014017508809485345,0.004093213083013591,0.006169533797632581,0.23128694247965928
s15M1923,0.1681438814508996,0.0006035279736832144,0.004902004592937082,0.0328928480313158,0.012872384640889923,0.0,0.006255425130363512,0.07558691455713631,0.00012184044908595341,0.0,0.009527403478941194,0.0,0.0,0.024677673290802574,0.030616751409846793,0.04519799806860724,0.002148733657318319,0.0011339452115158354,0.021229187698525477,0.138010169943805,0.42607931041432623
s02T1923,0.0,0.0,0.20926404159469925,0.3322931710641424,0.006124518996432146,0.0,0.0011209101347344026,0.007245535158528665,0.0,0.0,0.0,0.0,0.0,0.016600423672727484,0.3877559527226657,0.0,4.6086790533372656e-05,0.0,0.007762774451681496,0.031099821495000714,0.00068676391885448
s03T1923,0.0,0.0,0.0,0.07650880695816879,0.0,0.0,0.0,0.0,0.0,0.0,0.0,0.0,0.0,0.0,0.17595085990770462,0.0,0.0,0.0,0.0,0.7475403331341266,0.0
s04T1923,0.0,0.0,0.009012706974998595,9.37569323701811e-05,0.02248175024922049,0.0,0.023939087020411004,0.0,0.0,0.0,0.0,0.0,0.0,0.02377635402368813,0.44434754363322093,0.0,0.0,0.0,0.019518995347535296,0.45682980581855537,0.0
s05T1923,0.0,0.0,0.022633735468866344,0.015541676482919013,0.016693751913946876,0.0,0.0,0.0,0.0,0.0,0.0,0.0,0.0,0.0031726159666790694,0.003783943288304707,0.0,0.0,0.0,0.08212915788875011,0.8560451189905338,0.0
s06T1923,0.0,0.0,0.008093963442617444,0.08518443394113717,0.013318577768665869,0.0,0.004439831590339158,0.01823158582032472,0.0001567648356555256,0.0,0.0,0.0,0.0,0.03227204360780959,0.02369864160580978,0.0,0.0002848802372180238,0.0,0.03843058819713639,0.7712599527899492,0.004628736163337242
s09T1923,0.016065541452771243,0.0,5.792886954912116e-05,0.0016440495170379128,0.0,0.0,0.000492845783358323,0.5930015190248755,0.0,0.07394825150601506,0.23702130381919395,0.0,0.0,0.0,0.0,0.00664339266194998,0.0,0.002752472605742911,0.0,0.000722923887866724,0.06764977087163929
s10T1923,0.1342438426887999,0.00030600674125483903,0.0,0.00339076695256405,0.0,0.0,0.0,0.22551379667671467,0.0,0.049868045661906675,0.12744017518853848,0.0,0.0,0.0,0.00303841287615198,0.033362665694151215,0.0,0.0016189755474116238,0.0,0.31139319741991917,0.10982411455258738
s11T1923,0.1363847169824301,0.00026758315561352684,0.00044752214267242905,0.0,0.0,0.0,0.0,0.18186795542551581,0.0,0.04530345396120407,0.10188352791630316,0.0,0.0,0.0,0.4098771426968756,0.015770438258200167,0.0,0.0008288597138471763,0.0,0.00313728347104145,0.10423151627629654
s12T1923,0.2659180783613279,0.003350625717041639,0.0025362774962312895,0.010281975284641958,0.0,0.0,0.0,0.17812833677047196,0.0,0.04132659427009632,0.061111526810236676,0.0,0.002345791308038167,0.0,0.02041399505339842,0.15670160766201152,0.0,0.006725138693251169,0.0,0.1639468690045245,0.08721318356872826
s13T1923,0.21800699781760943,0.0,0.0013195000859873994,0.05266327486424889,0.0,0.0,0.0,0.5109455363989219,0.0,0.01766084144279265,0.03540411561594094,0.0,0.0,0.002386614219761433,0.00953389179074339,0.016061026930063314,0.0,0.0,0.0,0.0031758594383472904,0.13284234139558337
s14T1923,0.02257907059260099,0.0,0.0,0.393686766539593,0.00011770217018570894,0.0,0.0,0.2066101479061925,0.0,0.0,0.0005701158435796597,0.0,0.0,0.0,0.00999805864039789,0.011126562437199488,0.0,0.0,0.0,0.3048438264120189,0.05046774945823184
s15T1923,0.15126723686371896,0.001197498481279848,0.003974328187779537,0.02946007504560506,0.0066322309201745115,0.0,0.004595424136407795,0.05944596203120886,1.4484641498462253e-05,0.00018020980528366218,0.0019711360968179895,0.0,0.0,0.021038813233295782,0.4073034551506947,0.01398160834075877,0.00020317845154296368,0.0035157767844398555,0.015098228118440781,0.18890271106462833,0.09121764264642426
s02M2023,0.007170676163163776,0.0,0.3962124193927677,0.03287967488846818,0.3439258892210681,0.0,0.010640769640080112,0.0349594005866283,0.0008060566584094612,0.0,0.0,0.0,0.0,0.07781392356657335,0.029944992694653724,0.0020475388319677024,0.00040502903387250316,0.0,0.03762720263826197,0.013729268723166516,0.01183715796091872
s03M2023,0.011229453137975047,0.0,0.10224640769214512,0.03153515462816017,0.09156466778228725,0.0,0.06818830671891389,0.033478320216688354,0.0002904370229224359,0.0,0.0,0.0,0.0,0.1364201010038594,0.029614136811180344,0.0016710501939075696,0.0004162904674254139,0.0,0.07619668948160233,0.4098990451977746,0.00724993964515817
s06M2023,0.0,0.0,0.006046585508415477,0.1752130743909126,0.044409598912062524,0.0,0.011658152628574362,0.0,0.0002924059017286912,0.0,0.0,0.00028363974075668497,4.4039655030187856e-05,0.007000645008199714,0.0,0.0,3.2225138647765877e-06,0.0,0.02935454421615466,0.7256940915243003,0.0
s07M2023,0.027088716088076933,0.0,0.01285276095262838,0.04621720231876711,0.016338535154910815,0.0010169107397260055,0.009065407941174454,0.05230148947333154,0.0028499238517750696,0.0,0.0,0.0012643626519519863,0.0,0.035361982407685164,0.03993586455652419,0.005141400218625497,0.0005993200303406001,0.0051488559954167646,0.033947855420672836,0.6920143616820432,0.0188550505163493
s08M2023,0.0,0.0,0.0,0.0,0.0,0.0,0.0,0.0,8.912084314604845e-05,0.16246816666857375,0.6961235627645236,0.0,0.0,8.517094315058831e-05,0.0,0.0,0.14041693936586844,0.0,0.0,0.0008170394147377237,0.0
s09M2023,0.0,0.0,0.002565896779595484,0.009663253174523337,0.0022942682656413747,0.12993353336134625,0.0032826412538641296,0.2989557225137264,0.001152899645003455,0.04959870395004723,0.17376983902855306,0.0,0.0,0.01084756803851428,0.010105179439829703,0.023540753748446774,0.0,0.03258113793208638,0.009381290368404882,0.005738463449911375,0.236588849050506
s10M2023,0.18178765762547425,0.01714488638089818,0.007061467999644408,0.03686116113538157,0.00799176350637799,0.012183426467534753,0.00033141270390821487,0.39376438500409694,0.022828403421005408,0.008071162315006843,0.006409570991089321,0.04194708059023751,0.0030553636762802833,0.009202850075885283,0.014763813795442794,0.032570823115285905,0.0,0.1492786109342021,0.006606971731303871,0.002988618103907131,0.045150570427037504
s11M2023,0.12690831341718048,0.004520837640058925,0.022813437335323834,0.05926914555286823,0.020452411336844296,0.0064025540477007535,0.011704619178355455,0.22718824279245092,0.006750770457145887,0.013171200144528614,0.019531292991445206,0.006683427757059788,0.0,0.045010817007402296,0.054162674467580975,0.09045156189826384,0.0009464030258698959,0.049894365863488,0.04353716949444381,0.02232680889372753,0.16827394669826123
s12M2023,0.011603090533484284,0.00613554596509161,0.0,0.0,0.0,0.0033714827799683814,0.0,0.14071454896574406,0.008554523408025167,0.0005970759832287253,0.00011287156130605468,0.016230404113593434,0.0,0.0,0.6111121129180977,0.010621035127872111,0.0,0.04686510110088451,0.0,0.12268887356560698,0.02139333397709709
s13M2023,0.043296444818730774,0.0011063325530862238,0.0025649526697176244,0.016403002102030485,0.0,0.0,0.0010187517056247286,0.835277691682813,0.006935772521249397,6.448362206569556e-05,0.0003310158596731717,0.01487226855852289,0.0,0.007329711202838541,0.008141477505793257,0.008201318817237626,5.951171556394631e-05,0.04096570476331351,0.004261177799062735,0.003201212328179129,0.005969169774497374
s14M2023,0.06993528256185796,0.0044185205505655484,0.003709455906978466,0.017072544044572046,0.0,0.0014429649545705406,0.0,0.14004320642521312,0.003333560053951108,0.00045057151896858933,0.007663061816553073,0.004481284416769363,0.0014664563882518333,0.0,0.0,0.02759741530665847,0.0037577926472287903,0.024225284042227298,0.0,0.6841155747821024,0.006287024583531392
s15M2023,0.0037023853168852666,0.0,0.0002935307962414163,0.01786241467726553,0.0031044757870787878,0.0,0.003736749991553791,0.02170553626500004,0.000650529646016645,0.0,0.00020698164946177645,0.0,0.0,0.0108166655650073,0.19278298382225909,0.0021528595496676218,0.00028029939481898596,0.0,0.010261808417172173,0.7236031164603849,0.00883966266118669
s01X2023,0.0,0.0,0.005178460431178261,0.025222156695590935,0.02012013690838883,0.0,0.00382618526898762,0.029609257967468692,0.0009711670219607618,0.0,0.0,0.0,0.0,0.021500710216709757,0.08595738317453923,0.00017208403174526478,0.00026881053573607266,0.0,0.025325068841839802,0.7750100831075672,0.006838495798287593
