,0,1,2,3,4,5,6,7,8,9,10,11,12,13,14,15,16,17,18,19,20,21,22,23,24,25,26,27,28
s02T1622,0.2330348142002044,0.0,0.12521454021524278,0.0021170813702301224,0.00463004624749741,0.051840884007947056,0.07161836832566702,0.0,0.0,0.0052713153086856165,0.0014958318105105781,0.0,0.0008195190224193661,0.22277975773379236,0.0,0.0013167062050717475,0.0016938201002571803,0.001737465923779082,0.008755556365015895,0.19640089121821833,0.0,0.036750672028213034,0.006873150282862359,0.008843857480118122,0.006097044380895943,0.0,0.001224311489037901,0.005320074575373653,0.006164291708959992
s03T1622,0.35606399864705823,3.101431252279876e-05,0.04637476877568644,0.0,0.007036720276088629,0.031000003945548867,0.0025402779420459864,0.0,0.0,0.0005355884176152775,0.0,0.0,0.00011263069457851359,0.42718644800954336,0.0,0.0,0.00017357643179942287,0.0,0.021251946775711728,0.0,0.0,0.07478446709747429,0.03208274274576669,0.0002508764627041614,0.0,0.0,0.0005749394658556423,0.0,0.0
s04T1622,0.2753108016986955,0.000814645749746375,0.08176169068110192,0.005245419268283679,0.0,0.020801691923899714,0.13625294002458999,0.001338020318239049,0.0,0.0040746163136193,0.000562581583070672,0.004117356865051286,0.0014003862830794752,0.19355802817617704,0.0035749333652017826,0.00441759239044647,0.0006944619459023647,0.008163143451726244,0.11159015206110759,0.0004406612435912786,0.025330628268554187,0.08233627188344605,0.00038527220830854926,0.010116465150250005,0.005884345651712157,0.0,0.0058559828463856725,0.009588578282153794,0.006383332365659776
s05T1622,0.13552130987015085,0.0,0.11131722052886978,0.0007449899542207705,0.0,0.029668379926331947,0.07961044380379302,0.0031793196680804828,0.0,0.0,0.0006677290510425082,0.002641611314439799,0.0011813010237961045,0.2143285792300687,0.0032478596010302816,0.007249861998764319,0.00023979058324336382,0.003957207338196769,0.1370074029819186,0.0012830677284121955,0.04916902752183138,0.19595391601945067,0.0,0.008474599009955718,0.0,0.0,0.012125870473108006,0.001637217029271974,0.0007932953440227869
s06T1622,0.06864572482540497,0.0001383503112060591,0.025185891874100134,0.0006662934584209672,0.0,1.7565001472596668e-05,0.06721228446029497,0.0027619699763429917,0.0,0.0,0.0,0.04225314093891631,0.0007725662632781179,0.031454860504126214,0.0021727913547258423,0.0045327974301037095,7.927482519591671e-05,0.0010326086294188976,0.06191321940013417,0.001241035382750726,0.00045353500343309796,0.5545510543086221,0.03911881919355841,0.005117508958502218,0.0,2.1441393702401443e-05,0.08779431557774119,0.0013456568040370947,0.0015172941245108398
s07T1622,0.0,0.0001461075178857477,0.0008567150832483874,0.0,0.0,0.014230496304834037,0.021064986850853014,0.0,0.0,0.0,0.00021157224994988958,0.0,0.0029679235692012815,0.0,0.0,0.004080227865434547,0.0,0.0,0.0,0.95242477331308,0.0,0.0006122838684864409,0.0,0.00016333551431741805,0.0,0.0,0.00288129381779938,0.0,0.0003602840449099954
s08T1622,0.0,0.0,0.00037953272823070997,0.0,0.0,0.0,0.0,0.0,0.0,0.21700338304386688,0.28956099746315483,0.0,0.0,0.00023785521299474557,0.0,0.0003575010927867889,0.47754828103707825,0.0,0.0,0.014912449421887797,0.0,0.0,0.0,0.0,0.0,0.0,0.0,0.0,0.0
s09T1622,0.0,4.8091838009932406e-05,0.0005894222296941511,0.0010447078211274395,0.0,0.0,0.004432411203373629,0.0,0.0,0.22543507922257186,0.40600877672492425,0.0,0.0,0.00040946411723791096,0.0,0.22460394833405328,0.13369069873089504,0.0,0.00016910512692759676,0.0,0.0,0.0030261461666441928,0.00025699948027811415,0.0,0.0,0.00012912669280090274,0.0,0.0,0.00015602231146168033
s10T1622,0.008207903509732677,0.00020589165708979825,0.0022009771187781824,4.1367268447181915e-05,0.0,0.0,0.0,0.001977504885378224,4.20206819362858e-05,0.3200549168515003,0.4788245187732681,0.0,0.0,0.004102264537550652,0.0004566810412584199,0.036492009128423555,0.03149798740303,0.0,0.00016457150035007379,0.00010629520182467747,0.0,0.002603442458724628,0.00022455977104393434,0.0,0.0004270171033664426,3.2521808565358035e-05,0.1106583715001539,0.001453017684677397,0.00022616011490035425
s11T1622,0.021261046056284143,0.0009256786200754851,0.0006178641614797328,0.00450402307090824,0.0,0.0006788662404270942,0.07051850496116462,0.005870049871890924,0.00016260500738791886,0.24558601531627894,0.3275450644797877,0.0009050675025551519,0.0,0.0020506202354357095,0.001455784302512779,0.222463728142174,0.012882172107481667,0.006550958550629716,0.0017634426358598976,0.0,0.0,0.0015671135081929063,0.0009174226738266434,0.007580425718938151,0.0012906537644695874,0.0002646790390900068,0.04880687501911312,0.003862955530690362,0.009968383483345547
s12T1622,0.023428722183305148,0.000507902870279954,0.002596807308876543,0.004242573193359587,0.00021128380128561803,0.0007016166122292611,0.14849970065885343,0.047705094451236774,0.0,0.05268268981404008,0.04336339351269002,0.006674150429529266,0.0,0.013298033738108493,0.022122162612337296,0.3057205934916762,0.00026251852380378317,0.028377221146097056,0.004126220344101539,0.0005750848576085975,0.07124338314865805,0.004009653794880069,0.0007482880938958646,0.10537453200880784,0.0007283261454361505,0.0008861001904849192,0.10297813988435102,0.0009269737861442289,0.008008833397923134
s13T1622,0.0,0.0,6.414840276093818e-05,0.0,0.0,0.0,0.005971205391908874,0.872534768897789,0.0,0.015242444343744704,0.012156307862213122,0.0,0.0,0.0027372563973364684,0.004458216617057476,0.023620890007427914,0.0,0.0,0.0,0.0,0.0198335292530918,0.0,0.0,0.0,0.0,0.0,0.043381232826669676,0.0,0.0
s14T1622,0.0,0.0,0.006859449793156211,0.0,0.0,0.0,0.4866029514598777,0.0001006104343474222,0.0,0.0,0.004231791143532594,0.0,0.0,0.0015308879913423857,0.0,0.15670222850792792,0.003596637158208748,0.0013907860403302183,0.0,0.06623449734939095,0.1541580410975896,0.005287711904348013,0.0,0.008738439264117572,0.0,0.0,0.10456596785583062,0.0,0.0
s15T1622,0.0,0.0,0.000907724863944738,0.0002647073317967783,0.0,1.4369713920083152e-05,0.22409554244652877,0.006842356434112901,0.0,0.0,0.006392901987721867,0.0008023968634914479,0.006988741024064251,0.0014664672972150392,0.021661307573740348,0.1268504833853092,0.0009039945522976376,0.0037692303270124576,0.0004039220054954165,0.3622189512028134,0.17320671120165881,0.002473726033321045,0.0,0.01782496704229489,0.0,0.0,0.037852127315127486,0.0010920701700904533,0.003967301228043003
s02M1722,0.1296284906316775,0.0002492655460381376,0.5069331911140667,0.0005532239805309424,0.0,0.0,0.030566504209062716,0.0005531850874565429,5.180756243812653e-05,0.00320591916526065,0.0025389373469651222,0.0005112730689861341,0.00015759522539035106,0.2340635745222065,0.0007730878834609272,0.0018845709097246978,0.0018863708493999686,0.0023701904324087827,0.018814330659082622,0.00011586970712234707,0.006827618544025208,0.01812497200395589,0.03253359329489621,0.0026039335213309547,0.0,0.0,0.004550300414457063,0.00032989777976693527,0.00017229654028910952
s03M1722,0.5401511472589277,0.0,0.0342354472602518,0.0,0.0033806222713443778,0.0,0.0,0.0,0.0,0.0,0.0,0.01596870134961951,0.0,0.2255115725202788,0.020084551591050104,0.0,0.0,0.0,0.02507131730695554,0.0,0.0,0.12976272104569994,0.002613527909859845,0.0,0.0,0.0,0.0032203914860125726,0.0,0.0
s04M1722,0.3401427067634643,4.455766145447694e-05,0.05749798486514141,0.0,0.0,0.0010952833787513127,0.03731468185905013,0.0005810897927037573,0.0,0.0,0.00033068479078409633,0.0010682973922648317,0.0,0.14455689537330527,0.07026007148476972,0.016479331156678413,0.00011896905492708039,0.0018817415220485976,0.07805506715613826,0.0006207772982474203,0.026907472886026323,0.07065849154250428,0.1454525993241135,0.002965720778460257,0.0,0.0,0.003923588972382962,4.398694678371172e-05,0.0
s05M1722,0.11284643688871863,0.0,0.20273044319226538,0.0003225605770408713,0.0,0.0,0.06524623925156367,0.0014761425043376586,0.0,0.0,0.0003078772779611083,0.0024743353023173923,0.00017470737386510442,0.09042768454858732,0.003090812823277814,0.01839246038487857,0.00019532736903312133,0.003886487267852739,0.16785305120352612,0.0003493063820033907,0.032643867413214046,0.15727716872490452,0.1251513994115567,0.007268482127860353,0.0,0.0,0.0076626498656806406,3.6129038853661085e-05,0.000186431070701327
s06M1722,0.058825670927116054,1.8293538030060553e-05,0.16282900676514836,0.00048224260337813036,0.0,5.516804791210403e-05,0.07022230531296231,0.001581274872647828,0.0,0.0,0.0006296214907317233,0.0030198025464974643,0.0004068912718669589,0.1433944733167682,0.0016895534011250686,0.010124726444377957,0.00010504998163898074,0.0041228010750970125,0.1058415763990188,0.07564484775083544,0.012082069311401699,0.33252584335948593,0.0,0.00876991189531974,0.0,0.0,0.005372721670423879,0.0007381352014546688,0.0015180128167614135
s07M1722,0.0,0.0002511774492071995,0.004896613941450573,0.0025413103332287143,0.0,0.0006543725872780288,0.047883863749759045,0.0017924608285729525,0.0,0.0,0.0011283917437143228,0.2441355071248167,0.0014002303553930888,0.0014188974027371474,0.004866451987987142,0.05775400716986297,8.467208542747849e-05,0.002076528374593686,0.0034066956957425607,0.595879067050725,0.0029884787525641114,0.005815063609500815,0.0,0.0032730820096564662,0.0022098168893720134,0.0,0.014401542870735789,0.0007212995474578136,0.00042046844021622666
s08M1722,0.0,0.0,0.0006156106039279209,0.0,0.0,0.0,0.0,0.0,0.0,0.036668959886228314,0.384802812315072,0.0,0.0,0.0007625759197111597,0.0,0.001672056188257511,0.5754149015186711,0.0,0.0,6.308356813178881e-05,0.0,0.0,0.0,0.0,0.0,0.0,0.0,0.0,0.0
s09M1722,0.0,0.0,0.0,0.0010754039421862103,0.0,0.0,0.0,0.05477500679690476,0.0,0.025250323860965092,0.0848993072254811,0.039988249183166645,0.0,0.0,0.0,0.7691620534189699,0.0013376833252019516,0.0,0.0,0.01458540312549808,0.0,0.0,0.0,0.0,0.0,0.0,0.00892656912162629,0.0,0.0
s10M1722,0.0,8.346015579327924e-05,0.003041167971911854,0.0,0.0,0.00027953850499556866,0.0,0.009301434230950152,0.00021952710026998024,0.09515251827536546,0.11198440064840562,0.0,0.0,0.0036454135948138996,0.0,0.19720024982935494,0.0025591536681589242,0.0020745730527779505,0.0,0.0,0.0,0.0,0.0,0.0,0.0,0.0,0.5616781261824793,0.002328836378658041,0.01045160040606508
s11M1722,0.0,0.0,0.0,0.0,0.0,0.0007029234422854594,0.0,0.00577661511025188,0.0,0.016097568112238437,0.02788771410186387,0.0,0.0,0.0,0.0007146594207063911,0.912323447616979,0.00021173785299212104,0.0,0.0,0.0,0.0,0.0,0.0,0.0,0.0,0.0,0.03388906444717383,0.0,0.0023962698955089933
s12M1722,0.0,0.0,0.001300712024562581,0.0010740092961750575,4.6000889299551e-05,0.002066471043793098,0.016757387244522214,0.0,0.0,0.023305496308299194,0.019832498900689027,0.0,0.0,0.0016267247269308844,0.0,0.873614812050637,0.0,0.008040678933805055,0.0,0.0,0.01516301099274073,0.0,0.0,0.0,0.0,0.0,0.03230025995250554,0.0,0.004871937636040125
s13M1722,0.012375395971359143,0.0,0.0007917561821617982,0.0,0.0,0.0005367843024772888,0.011024173998466863,0.0034406983167728873,5.7777168965657356e-05,0.06752199191152657,0.08069941644275737,0.0,0.0,0.04346825167409962,0.0004124048732514934,0.3034394090812639,0.00062849422295111,0.04371309496753623,0.0,7.567151886899264e-05,0.02011465902018544,0.0010288881005205348,0.0,0.014589665718249916,0.0,0.0,0.38710224876659705,0.004482796116409966,0.004496421645578218
s14M1722,0.0,0.0,0.0013861794453976914,0.0,0.0,0.0,0.06776394183455106,0.0,0.0,0.0,0.0030538493279489674,0.0,0.0,0.002141710577895975,0.001059087345502822,0.31873826351768936,0.0005087959614813823,0.16036665799753924,0.0,0.14542505451267923,0.1028328745977796,0.12019777370767479,0.0,0.05476116880171966,0.0,0.0,0.02097584929954178,0.0007887930725983735,0.0
s15M1722,0.0,0.0,0.0002549087809791708,0.0,0.0,0.00027690812714027143,0.03882362125379161,0.0,0.0,0.0,0.0013389776820598412,0.043574411317240956,0.0008814434601172745,0.001859856646204088,0.05266785111251172,0.11803204440473153,2.4647733115129367e-05,0.016213840903833293,0.0,0.5939963490445709,0.10881403166496541,0.005723057903491526,0.0,0.007779809146450479,0.00015155799058157177,0.0,0.009121800301439815,0.0,0.0004648825267752595
s01X1722,0.06266768181145123,0.0,0.0,0.0,0.0,0.0002896570206875325,0.0264960705550131,0.0012563626056797752,2.517879552828195e-05,0.0,0.00091763848826676,0.053389627028381,0.0016797523134350905,0.005826076158601539,0.24173772508920877,0.0036983169792116593,0.0014955583909785181,0.0014889990890259287,0.0,0.5936039641108068,0.0,0.001028855077408833,0.00019619580066043845,0.0,0.0016852269938252614,0.0,0.0,0.0025171136918295187,0.0
s02T1722,0.0,7.972245578921253e-05,0.7591482754222733,6.14628317871327e-05,0.0,4.048502830656369e-05,0.11051161768235693,0.0020102660140420194,0.00010939548595085558,0.001561440835316065,0.0009001618373981136,9.899662538953718e-05,0.0004876883232640137,0.09324422242677208,0.004433613986655042,0.0010910138557975496,0.0020803237514852957,0.0020276809706122998,0.002810434699704474,0.013086535075409376,0.00257638465322439,0.0,0.0,0.002315166005926585,0.0,0.0,0.0006392076016532928,0.0006859044308858724,0.0
s03T1722,0.0,0.0,0.011145534079160307,5.309135194178182e-05,0.0,2.554049487230329e-05,0.019339835802011412,0.0,3.778376811988505e-05,9.259022179008466e-05,0.0,0.08232276594912287,0.00010836033490148461,0.7861328370830694,0.0,0.0002609661986584654,0.00012101415395184794,0.0004741401883001302,0.022880924976669846,0.004976615412713151,0.0005693456829577731,0.06320080104103128,0.0,0.007560928929653817,0.0,0.0,0.00042813208029731845,0.0,0.00026879225077695157
s04T1722,0.017921738204795774,0.0,0.07052154063916236,0.0,0.0,0.0,0.02665680322602293,0.000617484782781267,0.0,0.0,8.18897499768862e-05,0.006197438577726814,0.0,0.2722981821214583,0.001468210394458677,0.0019658873371641117,0.00017811164136447572,0.0007290851689553844,0.20643628860721253,0.12989220523647022,0.00044990467026301723,0.2529216739408532,0.0,0.010351663757552,0.0,0.0,0.0007157325227154863,0.0005961594210667426,0.0
s05T1722,0.07444679709249488,0.0,0.033048586212612474,0.0,0.0,2.5045716312090632e-06,0.007837805025809243,0.00015352306567558102,0.0,0.0,0.0,0.0016000112360941372,0.0,0.4898205232528868,0.0015598251362844606,0.0009925903274149116,0.00016788336935251506,0.00011003233693127366,0.20405070956648502,0.008416590592208003,3.447954783275366e-05,0.17553096621202918,0.0,0.0015024268500894783,0.0,0.0,0.00022905956576141156,0.0004956860384067171,0.0
s06T1722,0.0,3.369115230633323e-05,0.16422823873007011,0.0,0.0030887068431735354,0.00016147645873246103,0.0,0.0016067482254653563,0.0,0.0,3.544663240902244e-05,0.0006683850929617212,0.0,0.19384119532294833,0.0009308786927172892,0.00051307435966571,7.855298505078198e-05,0.0,0.15467157308905413,0.0010394120985379432,0.0,0.4776898227151688,2.067248365950009e-05,0.0006112788980483669,0.0,0.00023026123283775287,0.0,0.0005505849871928183,0.0
s07T1722,0.0,0.0,0.0,0.0,0.0,0.0,0.0,0.0,0.0,0.0,0.0,0.0,0.0,0.0,0.8193568315025365,0.0,1.8427226544042265e-05,0.0,0.0,0.17655792097187925,0.0,0.0040668202990403,0.0,0.0,0.0,0.0,0.0,0.0,0.0
s08T1722,0.0,0.0,0.00046913105784708066,0.0,0.0,0.0,0.0,0.0,0.0,0.0,0.3881236456112674,0.0,0.0,0.00022159389213971512,0.0,0.005893264443092482,0.6051859959613088,0.0,0.0,0.0001063690343444599,0.0,0.0,0.0,0.0,0.0,0.0,0.0,0.0,0.0
s09T1722,0.0,0.0008283479466611771,0.000561647099544716,0.005065251920161928,0.0,0.0041307424394263275,0.0,0.0,0.0,0.0,0.4545935793805075,0.0,0.0,0.0005207884447973054,0.0,0.3337294496785635,0.19552669040902687,0.0045028909848328575,0.0,0.0,0.0,0.0,0.0,0.0,0.0,7.570535696751704e-06,0.0,0.0,0.0005330411607812146
s10T1722,0.0,0.0,9.201080441584865e-05,0.0,0.0,0.000333735169366322,0.0,0.0,0.0,0.0,0.0330933911560273,0.0,0.0,0.0,0.0,0.9632756180498571,0.00026284313015909804,0.0,0.0,0.0,0.0,0.0,0.0,0.0,0.0,0.0,0.0029424016901742566,0.0,0.0
s11T1722,0.0,0.0,0.0001004641734572784,0.0014765504433023793,0.0,0.001870658245775266,0.0,0.0,0.0,0.0009440375692426121,0.05801158246729074,0.0,0.0,0.0,0.0,0.9204058542595489,0.0011651099711712906,0.0,0.0,0.0018454853743131675,0.0,0.0,0.0,0.0,0.0,0.0,0.014180257495898267,0.0,0.0
s12T1722,0.0,7.516755200233363e-05,0.0,0.0007217713875898308,0.0,0.0009762017278841391,0.014052172962217165,0.0,0.0,0.0,0.0003435347694350738,0.0,0.0,0.0,0.0,0.26869114706556513,3.023662972456301e-05,0.0,0.0,0.056368155527744566,0.0,0.0,0.0,0.6517351705127039,0.0,0.0,0.0070064418651332545,0.0,0.0
s13T1722,0.0,6.923221874296765e-05,0.0012259045719195986,0.0018174044554205042,0.0,0.0005064328713229716,0.04327088481873234,0.0014751225705498282,0.0,0.0,0.01724518697654703,0.0,0.0,0.05701612675494112,0.0017517311980828083,0.7396878980771348,0.0003330170914968927,0.0,0.0,0.0014110982895299664,0.004094898221532563,0.0010443708693815385,0.0,0.06393591940362693,0.0,0.0,0.06428936198527316,0.0004709645923741184,0.0003544450333908003
s14T1722,0.0,0.0,0.0,0.0,0.0,0.0,0.002240550361000111,0.0,0.0,0.0,0.0,0.0,0.0,0.0,0.03567330487737729,0.32726881771412425,0.0,0.0,0.0,0.52584208587423,0.011226576235764674,0.09709328922248453,0.0,0.0,0.0,0.0,0.0006553757150191119,0.0,0.0
s15T1722,0.029461164427751776,0.0,0.0006984457908785608,0.0,0.0,0.0,0.014802811064924464,0.0,0.0,0.0,0.0,0.0,0.0,0.0033411361035139454,0.6012003968744734,0.12429422399553386,0.0002728276920285833,0.0,0.0,0.18035342251581313,0.04209106076358161,0.0033249953330711135,0.0,0.0,0.0,0.0,0.0,0.00015951543842965884,0.0
s02M1822,0.0,0.0,0.24208634221551456,0.0,0.0,0.0,0.7411409802374319,0.0,0.0,0.0,0.0,0.0,0.0,0.00798110219296688,0.0,0.0,5.629948676076704e-05,0.0,0.0,0.008735275867326055,0.0,0.0,0.0,0.0,0.0,0.0,0.0,0.0,0.0
s03M1822,0.0,0.0,0.0064876294135581426,0.0,0.0,0.0,0.13784987911403573,0.0,0.0,0.0,0.0,0.0,0.0,0.8311131130935562,0.024549378378850028,0.0,0.0,0.0,0.0,0.0,0.0,0.0,0.0,0.0,0.0,0.0,0.0,0.0,0.0
s04M1822,0.0,0.0,0.049680583675382535,0.0,0.0,0.0,0.1052506940197869,0.0018986775170298639,0.0,0.0,0.0004748567619795796,0.0,0.0,0.545391198209572,0.14584964117170746,0.001094035078699076,0.0001178615991233104,0.0,0.07705998419556667,0.0007793773588916253,0.0,0.06684164613584358,3.2693481158037404e-05,0.004179514300816024,0.0,0.0,0.0,0.0013492364944432751,0.0
s05M1822,0.0,0.0,0.2559940987744217,0.0,0.0,0.0,0.15644641570502182,0.0,0.0,0.0,0.0,0.0,0.0,0.48068464751439827,0.0,0.0,0.0,0.0,0.06831885529046085,0.0,0.0,0.03855598271569731,0.0,0.0,0.0,0.0,0.0,0.0,0.0
s06M1822,0.0,0.0,0.0937737907116732,0.0,0.0,0.0,0.610193933337724,0.0,0.0,0.0,0.0,0.0,0.0,0.018940460953769396,0.0,0.0,7.671395745513772e-05,0.0,0.05037715919360193,0.0,0.0,0.22663794184577646,0.0,0.0,0.0,0.0,0.0,0.0,0.0
s07M1822,0.09859933209174165,0.0,0.016653893024715847,0.0,0.0,0.0,0.767924293988091,0.00487337226232237,0.00020359618208055648,0.0,0.0005590752193273985,0.0,0.0,0.030605652276426223,0.00309114583749226,0.003132688929054006,0.00017506736902435474,0.0,0.016471595073831266,0.0015564745554937337,0.0,0.04278040728730152,0.0,0.01176724773161783,0.0,0.0,0.0,0.0016061581714798216,0.0
s08M1822,0.0,0.0,0.0022438559784685895,0.0,0.0,0.0,0.0,0.0,0.0,0.07914690112852725,0.4855275794448413,0.0,0.0,0.0022631459665252885,0.0,0.0,0.43057121085911326,0.0,0.0,0.0002473066225242305,0.0,0.0,0.0,0.0,0.0,0.0,0.0,0.0,0.0
s09M1822,0.0,0.0008535924845188616,0.0005034795028738334,0.004880208104417093,0.0,0.004983251606672068,0.0,0.0,0.0,0.0,0.5596216227001671,0.0,0.0,0.00044612381623964053,0.0,0.2946133688568255,0.1287043407528527,0.005050257514346601,0.0,0.0,0.0,0.0,0.0,0.0,0.0,0.0,0.0,0.0,0.0003437546610864692
s10M1822,0.0,0.0008135246149212028,0.002082177153229131,0.004836764661306283,0.00027616155337636413,0.0038993169598316915,0.0,0.019835027913860805,0.0,0.010827811949815564,0.492899742806347,0.0,0.0,0.0034543321282424523,0.00048304171612902205,0.15832585753267717,0.05600395986246107,0.007423244404644792,0.0,0.0004995398597687638,0.0,0.0,0.0,0.23578213826544944,0.0,2.005924579691464e-06,0.0,0.001256617886986143,0.001298734806373413
s11M1822,0.0,0.0023479771861534215,0.0015486665124077503,0.012050988467009763,0.0,0.009698779015090045,0.0,0.014187527140853999,0.0,0.011283377288149026,0.7124316369997801,0.0,0.0,0.0020756162442488314,0.0004946944132638969,0.1671559404717385,0.02029655877143489,0.01889904225197218,0.0,0.0002528239685544414,0.0,0.0,0.0,0.02092301725675166,0.0,0.0,0.0,0.0008969080679434419,0.005456445944648259
s12M1822,0.0,0.0022332340588730533,0.0015193104980938713,0.01186449331887284,5.542624973050913e-05,0.009257358941475741,0.045559655971283974,0.029575591789678123,0.0,0.026428000417635166,0.3318932937164249,0.0,0.0,0.0041984643844404585,0.005250335384926942,0.3453503343775156,0.008168583791763887,0.028303826064776688,0.0,0.0006793650702846484,0.0,0.0,0.00011585935348097015,0.138003027575935,0.00033239137846848894,4.662306359198221e-05,0.0018348396632373348,0.00357789555152261,0.005752089377987159
s13M1822,1.1962006232820189e-06,0.0013156158375520084,0.0014431115611749814,0.00960011145974887,0.0,0.008992165655711011,0.018924897445381117,0.3671431754767415,0.0,0.0031658826163803726,0.10973411910397866,0.0,0.0,0.004258089913092547,0.0011740218855661579,0.125376934343705,0.0006393793105094695,0.022134853173291346,0.00013123885044737484,0.000635017590950114,0.0,0.0036095714526737464,0.0,0.3144674981960764,0.00011092393992833348,0.0,0.0,0.0028101328985946417,0.004332063087872958
s14M1822,0.0,0.04536159269162843,0.0,0.022497918060947388,0.0,0.0,0.10174356423321683,0.023877689294396997,0.0,0.0,0.001264118579713849,0.0,0.011911172617916074,0.0001806568426768989,0.0018782777829518616,0.2513522586339657,0.00011305732301222015,0.17878462636228556,0.0,0.016295000573777783,0.0,0.24084138563908258,0.0006191728215295956,0.036099804377706365,0.005806813275655085,0.0011527154735710195,0.0,0.011590719036620168,0.048629456379345515
s15M1822,0.04500330414031023,0.0,0.0010346591052482902,0.0001926690757960862,0.0,0.0,0.02516809053907922,0.011331007542027295,0.0,0.0,0.00021674831866669826,0.0007028940294272369,0.0,0.008091290166993021,0.07475771070711393,0.1883233638016529,0.0007976190275800062,0.00479778831531313,0.0015990607280007769,0.5358611756418568,0.04693564414869134,0.025605805139665556,8.024736803131692e-05,0.02198685842432067,0.0021833053994021047,0.0,0.00125428663752906,0.004076471743294472,0.0
s01X1822,0.0,0.0,0.0011959595492835365,0.0,0.0,0.0,0.46195809213232825,0.0,0.0,0.0,0.0,0.0,0.0,0.002270550472941848,0.5297753871982193,0.0,0.0,0.0,0.0,0.0,0.0,0.0,0.0,0.004800010647226901,0.0,0.0,0.0,0.0,0.0
s02T1822,0.0,4.711879807811913e-05,0.9545503732896463,0.00047978602229703645,0.0,0.0,0.023464214456023175,0.0,0.0,4.264693118232741e-05,0.0,7.325055281134652e-05,0.00015788501614484468,0.016206189369144735,0.0018281748144384018,9.075331111578e-05,0.00015735088046653717,0.00038494172353572393,0.000589087787140883,0.00010558166162887714,0.00015183666944401384,0.0,0.0,0.0009388061966380526,0.0,0.0,0.0005053461167145245,0.00022665640354898098,0.0
s03T1822,0.023722740627624965,5.317443019441776e-06,0.07973399886194459,1.842326354033722e-05,0.0,0.0,0.16330053374989517,0.0005511717951418486,7.192296366928445e-05,9.772194306491117e-05,0.0,0.006067914822952865,0.00022715545175152021,0.6658067236565658,0.002478185477754052,0.0017995997935667156,0.0009651198026874975,0.0008988491922848433,0.011534459833999155,2.1439489431154485e-05,0.0005559484966378374,0.038724063960147534,0.0008052039011067415,0.0020364847560609225,0.0,0.0,0.0005770207171527917,0.0,0.0
s04T1822,0.22493430206921836,0.0,0.05962922488138865,0.0,0.0034040744962420496,0.0,0.010858761182789447,0.0044573625386625775,0.0007262062293355141,0.0,0.0010447770007794444,0.02087313798492215,0.0,0.24959886041457935,0.0,0.004536649496921437,0.00010605702505149291,0.0012794509611547134,0.24119405552581247,0.0,0.007564904717498007,0.16899030321286482,0.0005421943197893322,0.00025967794299038477,0.0,0.0,0.0,0.0,0.0
s05T1822,0.16393550125776676,0.0,0.1605934835638989,0.0,0.0,8.73836695991709e-05,0.0,0.001076156190286768,2.0817019910423185e-05,0.0,0.00032742542946040604,0.0051637497482907475,0.0,0.211429276602778,0.0009936550592073937,0.002212018482414109,0.00024286014989485184,0.0,0.2280823794010034,0.0015440461974196283,0.0,0.2221684572633253,0.0,0.00157129036877126,0.0,0.0,0.0,0.0005514995959729886,0.0
s06T1822,0.09163102973904487,0.0,0.17737905075983215,0.0,0.0004985842604656661,0.0,0.0,0.0,0.0,0.0,0.0,0.0,0.0,0.33224545856870513,0.0,0.0,0.0,0.0,0.07076146321869038,0.0,0.0,0.28539442127083753,0.042089992182424374,0.0,0.0,0.0,0.0,0.0,0.0
s07T1822,0.07584738901990459,0.0,0.04482330747275135,0.0,0.0,0.0,0.6658503487846285,0.0,2.4624701940823792e-05,0.0,0.0,0.0,0.0,0.06518440237551633,0.0,0.0,0.0,0.0,0.028884886431679253,0.0,0.0,0.1193850412135791,0.0,0.0,0.0,0.0,0.0,0.0,0.0
s08T1822,0.0,0.0,0.03922644868628499,0.0,0.0,0.0,0.0,0.0,0.0,0.09928524896090789,0.3933455253381521,0.0,0.0,0.002288412302555383,0.0,0.0,0.46560057399467547,0.0,0.00025379071742416467,0.0,0.0,0.0,0.0,0.0,0.0,0.0,0.0,0.0,0.0
s09T1822,0.0,0.0,0.0013139134984931598,0.0,0.0,0.0008467041062762193,0.0,0.03304782012088424,0.0001371989106126018,0.06268433883346483,0.47296803524901365,0.0,0.0,0.0007533129797127909,0.0,0.35482283289947564,0.033233404980517564,0.0038321006945861926,0.0,7.497586318517428e-05,0.0,0.0,0.0,0.02666284820851675,0.0,0.0,0.0,0.0025735414568819363,0.00704897219837929
s10T1822,0.02525726117868123,0.0,0.0012075957356689668,0.0,0.0,0.004381825278185783,0.016496315274255904,0.09324273515255826,0.0009336857411079176,0.05276289678693257,0.24072135952920565,0.0,8.10438904164048e-05,0.0046455737920683485,0.0036128079152504674,0.22424428224035425,0.0004989569504441512,0.04103766282742443,7.784034535457605e-05,0.002402054653733918,0.0,0.0,8.4249067146858e-06,0.22675793171495054,0.0005062082937994503,0.0,0.0,0.021463850591272465,0.03965968720162025
s11T1822,0.02066886025415815,0.0,0.0014904338299349118,0.0,0.0,0.0,0.0,0.159274611354309,0.0,0.025522354427177856,0.27275306114651676,0.0,0.0,0.0025222442237941107,0.003439966585285601,0.2109017310211195,0.0,0.02511299030646063,0.0,0.003327767945593583,0.0,0.0,0.0,0.254180935522719,0.0002873284708040046,0.0,0.0,0.01524141195421208,0.0052763029579147355
s12T1822,0.0,0.0,0.0004284489937086924,0.0,0.0,0.0,0.0,0.5052911232090928,0.0,0.006932003022987906,0.02697530010853169,0.0,0.0,0.00036067600642463354,0.0,0.030749853845086633,0.0,0.0,0.0,0.0001438353364543307,0.0,0.0,0.0,0.4281831220992706,0.0,0.0,0.0,0.0007995068365011782,0.00013613054194162622
s13T1822,0.0,0.0,7.794480409958326e-05,0.0,0.0,0.0001275809226622048,0.0,0.004476707745652941,0.0,0.0,0.0013652860106530976,0.0,0.0,0.00044510289671426535,0.0,0.011158458587522234,0.0,0.01104230302833606,0.0,0.00015746180579461963,0.0,0.001284332477275154,0.0,0.9695066060963377,0.0,0.0,0.0,0.0003582156249522074,0.0
s14T1822,0.05181664763171857,0.0,0.03660597880078238,0.0005340211044240691,0.0,0.0,0.029877022113948902,0.0374354330517892,0.0,0.0,0.0004451350767757377,0.0006193149316685444,0.0,0.0043183176627571715,0.0027330445042834063,0.09880085644628711,0.0002547118301452642,0.012436807968807499,0.0002887227746548618,0.0012692839790370677,0.019556889461196846,0.06211989932233343,3.581065853755126e-05,0.6352647065111934,0.000735744182311566,0.0,0.0009661510944160704,0.0030485944055640896,0.0008369064873672475
s15T1822,0.1113058965897046,0.0,0.0011860230407362878,0.0,0.0,0.0,0.07660113487973928,0.009813424443908042,0.0,0.0,0.002746765787300223,0.0,5.413209033654894e-05,0.004990919562709472,0.6532429905774763,0.03594807383510856,0.0005550807924325241,0.006724149837196006,0.0,0.0015063295467447975,0.03291233792354473,0.007979114244177528,0.0,0.04704486068839867,2.821625398930842e-05,0.0,0.000754899936898691,0.005121805891112524,0.0014838440784859836
s02M1922,0.0,0.0,0.9048162830413126,0.0,0.02112675920779933,0.0,0.07270956928664657,0.0006580583883848063,0.00018906474289951804,0.0,0.0,0.0,4.378683440251893e-05,0.0,0.00035172779355164267,0.0,9.62728727725717e-05,0.0,0.0,0.0,8.477832230445857e-06,0.0,0.0,0.0,0.0,0.0,0.0,0.0,0.0
s03M1922,0.007795067347182498,0.0,0.2847723257452131,0.0,0.0,0.0,0.4232710849981731,0.0007389514471590332,0.000285325460607604,0.0,0.0,0.0,0.0,0.20305160948818798,0.00015554845156776572,0.0010940330800304184,8.568723842123735e-05,0.0,0.01054326126846145,0.00013634613737119143,4.781288932364466e-05,0.06781838412748403,0.00020456232081676168,0.0,0.0,0.0,0.0,0.0,0.0
s04M1922,0.0,0.0,0.00886345992041624,0.0,0.0,0.0,0.021912515063573612,0.0,8.025030868801081e-05,0.0,2.6428291516115753e-05,0.0,0.0,0.7474860429036394,0.0,0.0,0.0,0.0,0.11619674947935114,0.0,0.0007555341439098651,0.10028999469828519,0.004220298718151528,0.00016872647246895563,0.0,0.0,0.0,0.0,0.0
s05M1922,0.1264959952924865,0.0,0.3522820629474545,0.0,0.0005517264304574366,0.0,0.0,0.0,0.0,0.0,0.0,0.0016598874094141721,0.0,0.1888007067526292,0.0,0.0,0.0,0.0,0.17577059515029334,0.0,0.0,0.15321786876451268,0.001221157252752215,0.0,0.0,0.0,0.0,0.0,0.0
s06M1922,0.0,0.0,0.009553885426903093,0.0024384017290315445,0.0,0.0,0.02873342244618226,0.03468397232312337,2.8469121388518565e-05,0.0,0.0,0.0,0.0,0.6803891568643313,0.0,0.0,0.0,0.0,0.07107638447142849,0.0,0.0,0.17159947712050855,0.0014968304971028055,0.0,0.0,0.0,0.0,0.0,0.0
s07M1922,0.21905097063641,0.0,0.18062196207135078,0.0,0.0029948998077503437,0.0,0.0,0.0,0.0,0.0,0.0,0.0,0.0,0.17722057175406708,0.0,0.0,0.0,0.0,0.05542369259847787,0.0,0.0,0.357465211929454,0.007222691202489796,0.0,0.0,0.0,0.0,0.0,0.0
s08M1922,0.0,0.0,0.00036735803495762883,0.0,0.0,0.0,0.0,0.0,0.0,0.1883559817464826,0.2462609454221716,0.0,0.0,0.0022429934933080836,0.0,0.0,0.562579231885565,0.0,7.325168067942155e-05,0.000120237736835616,0.0,0.0,0.0,0.0,0.0,0.0,0.0,0.0,0.0
s09M1922,0.0,0.0017127038545787859,0.00102218698711188,0.02000273686013141,0.0,0.0018325877687983276,0.07140337011933962,0.21747980731907657,0.0018885126212024102,0.03839058798973439,0.17045173342785033,0.0,0.0003408902167517916,0.0040525105336061025,0.0065379790880306324,0.08442844932896246,0.0002177939252513465,0.034517488067636756,0.00025624019270592226,0.0024472882201932375,0.0,0.0,0.0,0.20846049203786252,0.005331185150472865,0.0,0.0,0.09517565283147174,0.0340498034592311
s10M1922,0.0,0.03299593925275662,0.0013630440328637212,0.023184671322048128,0.0,0.0018772698385087917,0.09054641670349563,0.09559733010370608,0.0006793269046558327,0.030165234777504612,0.060334900649200426,0.0,0.008977991914855186,0.0018656499647576414,0.0026733156636774267,0.11996038165813946,0.00039225838633211266,0.1512583402436326,0.0,0.0011971133842097847,0.0,0.04271469194004344,0.0006654302720700777,0.21310772215024526,0.005926608979493828,0.0005533682683911484,0.0,0.042264081529563194,0.07169891205984895
s11M1922,0.0,0.002856255556699485,0.001372101818694065,0.026250946817107223,0.0,0.0005412648403908718,0.09175418843911651,0.1104388754946232,0.0022920273336717663,0.049227878330432434,0.13546266599042578,0.0,0.0005811696700415689,0.004603719485188865,0.00940938400575404,0.1089963794508018,0.0,0.03842033130719168,0.0008531941696507291,0.003774501881677863,0.0,0.0,0.0002734392217859603,0.28683697085559234,0.005952622072293959,0.0,0.0,0.08100345398403778,0.039098629274822126
s12M1922,0.0,0.00016346751488933986,0.00019429903231977985,0.0003823415153157863,0.0,0.0,0.0,0.0018437199413906152,4.564112080165865e-05,0.0016333661624046215,0.002889955298882363,0.0,0.0,0.0,0.0,0.0,0.0,0.0,0.0,0.0,0.0,0.0,0.0,0.9912501621685054,0.0,0.0,0.0,0.0015970472454904959,0.0
s13M1922,0.0,0.006577587503429312,0.0011480649461923164,0.019858927513366143,0.0,0.0,0.0726730678276232,0.06944251414182197,0.0019788804091566874,0.06927723335432379,0.19372639080338305,0.0,0.001541357770311955,0.004966704298868641,0.006451117292140955,0.07318237355228295,0.0,0.043161651065228596,0.0005848895362181653,0.0024877453826991883,0.0,0.0048813502446567805,0.0003064435703928447,0.34621162855936555,0.0042636803176149,0.0,0.0,0.04761698741392269,0.029661404497000197
s14M1922,0.007888980260955508,0.0,0.004128512573349471,0.0010958829562203146,0.0,0.0,0.04461293488089468,0.03761413266030971,0.0,0.013577359575477007,0.029709865701194063,0.0,0.0,0.009280643680954322,0.012801104918665353,0.028419820136193524,0.0,0.33447213590577896,0.003460540943718717,0.0035995557612145852,0.0007101846746511499,0.02947791608506508,0.0,0.41417955192413763,0.00028602744235320827,0.0,0.0011497881377036281,0.01898647184252826,0.004548589938634772
s15M1922,0.12025963191125182,0.0,0.0009465945033680105,0.010374486720859557,0.0,0.0,0.10416707553817338,0.27135644951998766,0.00012424351233270088,0.005509491391840617,0.012800838490101815,0.0029683976222573934,0.0013358363633278788,0.006966669512357012,0.008081792868581848,0.0417724857504185,0.0005292968661344678,0.06669179934549416,0.00195991713385209,0.0024474719402349386,0.04650189776115058,0.014374604802759474,0.0004502544949360979,0.24729713677596538,0.004712992766028723,0.0,0.00248923415891069,0.017122031380092453,0.008759368869582793
s01X1922,0.3933730546169501,0.0,0.004652043672392938,0.009765844609575086,0.0,0.0,0.1457731255159959,0.03492740540923177,0.001784048209434085,0.0,0.0015386743942668272,0.0,0.012416425556378856,0.007816395138729504,0.011573783714279128,0.007366567864371263,0.0008488383108364607,0.01333817050717764,0.0059567926476918436,0.2853612673573,0.014788826921810076,0.010574465821531327,0.0005765914828272823,0.016806327964751174,0.005391901003496091,0.00013706999399193151,0.008133357919899083,0.007099021367081752,0.0
s02T1922,0.06017266486084163,0.0,0.4257381456136669,0.0,0.0,0.0,0.0,0.0015436802075473807,0.00012748838313075388,0.0,6.228987035725767e-05,0.0,0.0,0.015975276023583448,0.22885218429984389,0.000192716636585575,7.775450935368018e-05,0.00014587128195798888,0.034893189668573424,2.0970158968499036e-07,0.0,0.2322185289429683,0.0,0.0,0.0,0.0,0.0,0.0,0.0
s03T1922,0.189916351508709,0.0,0.02452177036373997,0.0,0.0,0.0,0.07490373574596157,0.009352331425432542,0.0008296936130756339,0.0,0.0002531118219678854,0.0,0.00041019770096503065,0.03193194231617811,0.4138220639834818,0.0017258681506501113,0.0003769776342733694,0.005707823139153972,0.045338627271444235,0.0021460387632781246,0.0,0.18762780031568949,0.0,0.009950298684719971,0.0,0.0,0.0,0.0011853675612791467,0.0
s04T1922,0.19760828308361877,0.0,0.01066307826136639,0.0,0.5631755066274515,0.0,0.008877671148665776,0.005300240024903019,0.0004979658909926456,0.0,0.000854846957325826,0.000210183737554275,0.0,0.04178335782041406,0.024838039362935188,0.003905421900194891,5.6166713553956994e-05,0.002650310824336272,0.07576327176120999,0.0003994742450379619,0.004262611282916176,0.057310135945988626,0.0,0.0011106075125009208,0.0,0.0,0.0,0.0007328268990337901,0.0
s05T1922,0.18714658311621954,0.0,0.010555307190340158,0.0,0.0026901070627348344,0.0,0.00981624373613063,0.004766774381097381,0.00025995137988019427,0.0,0.00026267146510239043,0.0007542237822775527,5.512461553774331e-05,0.04393702141993366,0.13046457986205515,0.0010147339733994141,0.0001494396157782364,0.003287861560515114,0.17426018988033218,0.002020704136786698,0.0005020984620505797,0.4222122419952669,0.004643184939238085,0.001032148563348584,0.0,0.0,0.0,0.00016880886197475394,0.0
s06T1922,0.19855201319845084,0.0,0.037158714374247316,0.0,0.00498120796716942,0.0,0.0,0.0029002954888542303,0.00019404584042293757,0.0,0.0002668251354148732,0.0033866808117171306,0.0,0.0996310056659994,0.09928156145177168,0.001417909024790773,8.47922298072919e-05,0.0004920892119692392,0.2080677662182955,0.00023898479906175063,0.0008726093011417009,0.34216343961163953,3.836396748997595e-05,0.000271695701756472,0.0,0.0,0.0,0.0,0.0
s07T1922,0.2345132146061088,0.0,0.02030159922480929,0.0,0.00025579196806653406,0.0,0.04802533593862783,9.355907712388646e-05,0.00010593992880716841,0.0001516933855148828,5.061258024633499e-05,0.0,0.0,0.08664849586664188,0.0001483681445751788,0.0006237651118137695,0.0,0.00020087177826407198,0.04828133218396061,0.0,0.0007513878265453361,0.55271062305629,0.0012370847822868213,0.004880720234352402,0.0,0.0,0.0006044455405724059,0.0,0.00041515876539262883
s08T1922,0.0,0.0,0.0207401583894105,0.0,0.0,0.0,0.0,0.0,0.0,0.06411119756033548,0.2129094800644004,0.0,0.0,0.0015061189747978352,0.0015779491792024493,0.000352224650941127,0.698225855869763,0.0,0.0002076492578339325,5.1297349156754555e-05,0.0,0.0003180687041584926,0.0,0.0,0.0,0.0,0.0,0.0,0.0
s09T1922,0.09972830960562487,0.0001922056319070362,0.0004446860457134957,0.004629098911131266,0.0,0.0,0.08472299683793745,0.44281986841018645,0.0,0.00012202221463501563,0.006767854661937937,0.0024555930977321386,0.00018089591899874457,0.0055644579957256106,0.0071089559297719245,0.038072186471708826,0.0017814906871638696,0.03704280511932981,0.0012744159470238889,0.003217985406291787,0.018826468645648114,0.0,0.00034999074101403594,0.1922758009275124,0.005811803374665423,0.0007007208165675339,0.011872213583874367,0.022870432476041955,0.011166740541856034
s10T1922,0.11438620125908529,0.001300694839476418,0.0017768597749854567,0.010185139315741722,0.0,0.0027497955420117018,0.10448258089332166,0.11180790634249693,0.0008650529424635053,0.013061460448207978,0.0309835195909554,0.0012855140161178893,0.00022676582977839568,0.0012011443654051013,0.0071473232631712215,0.3702219381705941,0.001057694505822598,0.017183177981281536,0.002441717978895481,0.002812597305165424,0.0,0.0017744447131508455,0.009959746229725366,0.128648001411894,0.004185166779377189,0.0,0.0038546802980018065,0.04116495582849255,0.015235920374380388
s11T1922,0.0,0.0010041559007806847,0.0006095249842315925,0.006819311563102755,0.0,0.0,0.0021127541625515322,0.03278137241222424,0.0005216916318211076,0.006436059697887132,0.01690710812308203,0.0,0.0,0.0,0.05874221786834961,0.03147586383289446,6.175992155214597e-05,0.013739837552051909,0.0,0.7206138766812569,0.0,0.0,0.0,0.08100388122649173,0.0034250780385959,0.0,0.0,0.01832895856821293,0.005416547834913464
s12T1922,0.0,0.00032407130686802036,0.0001080141011513154,0.004738596683717902,0.0,0.0,0.006702020808145199,0.07518167560573799,0.0002273692896693944,0.0007117963296856321,0.0049396605106586475,0.0,0.0,0.0,0.0,0.022251397396858653,8.118524013423945e-05,0.04470443503958692,0.0,0.7412192912565669,0.0009254906004905687,0.004368912029801247,0.0,0.06988403665948106,0.0024965304052341,1.11297652913581e-05,0.0004739088059015725,0.01487156107856629,0.005778917086453109
s13T1922,0.2326819322026279,0.0,0.0,0.05622627613492775,0.0,0.0006523439829269154,0.10468238499975657,0.09249786336359925,0.0,0.0,0.002642136334796958,0.0017802255789551153,0.02738168317959724,0.0,0.25930095646562606,0.03117259478891794,0.0006099098753229073,0.026522872421710003,0.0,0.009147570278348378,0.016587519703492728,0.0,0.0,0.05444732654834891,0.019966113072441075,0.001546983376523328,0.041417715167841464,0.01920489416249372,0.001530698361745763
s14T1922,0.0,0.0016543539467928003,0.0,0.019677019393722156,0.0,0.0003778941028444313,0.053012238825475115,0.0,0.0,0.0,0.0,0.10900361383635247,0.0,0.0,0.16425218788589518,0.0025869332035979523,2.518126255493122e-05,0.06566398066602042,0.0,0.43335778651546913,0.011843459245865537,0.0945084192788236,0.0,0.01159045253656536,0.008625980059401264,0.00018355852548039204,0.0012781246732472137,0.01210638312112987,0.01025243292076205
s15T1922,0.16713942487308545,5.2111399488648416e-05,0.0008769335884200525,0.001267099622131734,0.0,0.00010670941501173637,0.12199173129312925,0.008300428886276622,0.00014636467065862432,0.0,0.0012402020901383503,0.0025127456625615168,0.0001280372271337487,0.007335991303054763,0.5655390357730387,0.006144690276005488,0.0004186210531240955,0.017993609596571463,0.002177110592106897,0.026669083650470774,0.012772157471742476,0.026812649129970605,0.0,0.013544090970464393,0.0021075645039131735,0.0,0.0021263128667692952,0.009739519776577032,0.002857774308155304
s02M2022,0.05789386925932352,0.0,0.5033354268932959,0.0,0.0,0.0,0.29158895952845393,0.006718602659451793,0.00043375790698228366,0.0,0.0007330825582799514,0.0,0.0009187694127159992,0.0,0.000791954628382156,0.005529977118385623,0.00019741987910283328,0.0,0.007091693825005535,0.0005739858300225381,0.09001492226248817,0.032917245325461086,0.0,0.0,0.0,0.0,0.0008876031268711661,0.0003727297857775858,0.0
s03M2022,0.2855173717121246,0.0,0.03736966692758947,0.0,0.011592809009809834,0.0,0.08021640911559172,0.013559066952024228,0.0013787666761482136,0.0,0.0024213453011544543,0.0003968388315891764,0.0002865598861199002,0.008725585336309367,0.0014065310639332924,0.011027031519579962,0.00023545447358660002,0.0032823531517315627,0.06485039693144128,0.0009352433619759037,0.06394415458022779,0.4048814338564346,0.004354022788865542,0.0011267133828850085,8.759170474553528e-05,0.0,5.436506302197988e-05,0.0023502883731100917,0.0
s04M2022,0.2546589246742969,0.0,0.04969037069179946,0.0018056317649565393,0.007261407192395534,0.0,0.1098177006319593,0.01512172459400532,0.0014058040316945067,0.0,0.0011428442372269662,0.0031935416207698555,0.0031469531923065635,0.11500265268019298,0.003345833170812895,0.00642250749680258,0.0002954305717544701,0.01205164935872296,0.11428872858920178,0.0,0.09963674289328628,0.18962497997038674,0.00033322945021248165,0.005886972125771213,0.0,0.0,0.005436195004072621,0.0004301760573721289,0.0
s05M2022,0.1441799304380213,0.0,0.07337788622203438,0.0,0.00045962931637858254,0.0,0.0,0.0,0.0,0.0,0.0,0.0006072475290130684,0.0,0.03917652343769776,0.0,0.00021966052430466635,0.0002068546393457948,0.0,0.11863780791659155,0.0,0.0020018650642069573,0.6072910191898203,0.013556222261461325,0.00028535346112441823,0.0,0.0,0.0,0.0,0.0
s06M2022,0.23226024190276853,0.0,0.039283876604937755,0.0,0.0014262380464336465,0.0,0.0,0.0,0.0,0.0,0.0,0.0,0.0,0.01803662349070934,0.0,0.0,0.0,0.0,0.0163585226953936,0.0,0.007676426209231332,0.6830245992462559,0.00180092828989796,0.0,0.0,0.0,0.00013254351437194296,0.0,0.0
s07M2022,0.3420518004879563,0.0,0.01317175993279924,0.00014244654227586956,0.0054416490911072465,0.0,0.0726035939797009,0.004226835620756079,0.0008124208589847159,0.0,0.0008832638905211574,9.864148778892556e-05,0.0,0.14432346460307224,0.0,0.004747423565896705,4.1805566075261526e-05,0.0028529160746183957,0.11534086472871756,0.0,0.048543491757755644,0.23900010750812722,0.0027229209505240494,0.0017377767629649318,0.0,0.0,0.0012568165903578384,0.0,0.0
s08M2022,0.0,0.0,0.0003440223799150176,0.0,0.0,0.0,0.0,0.0,1.8338602952996596e-05,0.08244498637310751,0.19575931205968966,0.0,0.0,0.00028531106258733376,0.0,0.0,0.7170436939396496,0.0,1.284094041319925e-06,2.8564357210987853e-05,0.0,0.0033082021829470903,0.0,0.0,0.0,0.0,0.0,0.0007662849478984893,0.0
s09M2022,0.0,0.001831571430225821,0.001345669925783706,0.017542679518427154,0.0,0.0,0.056212352488046124,0.06053733583956903,0.0045086809133444185,0.02507681186704498,0.3541607285461798,0.0,0.0020976377677951502,0.004461555725981321,0.0072444982180223366,0.030204557374627287,0.03181093047336106,0.023678968501955108,0.001139573867521625,0.00205040394420517,0.0,0.006035423276663998,0.0004127753942263588,0.12625959120227426,0.0031127797731552386,0.0,0.0,0.22849972813183864,0.011775745819751486
s10M2022,0.0,0.0005582359677200646,0.0016251892692479989,0.01329919676788602,0.0,0.0,0.06804591074506071,0.29932010074301774,0.005513410231393942,0.0036856923024806507,0.12939302676025033,0.0,0.0,0.0032952426757024275,0.006012914043295681,0.01978074247518404,0.0008724079909149,0.015756387551754993,0.0005962855207354267,0.0017843972804130837,0.0,0.0,0.0005234711049479048,0.13758161649050638,0.0018897026540233746,0.0,0.0,0.28558554646361506,0.004880522961849233
s11M2022,0.0,0.0,0.0010105106266883911,0.009246798408762294,0.0,0.0,0.06355110828019511,0.2774316469488419,0.005379258465009422,0.0036154700021753757,0.08335191837628807,0.0,0.0,0.002326369863565497,0.004655903923763203,0.027680620186001655,0.0,0.0,0.0,0.0014244149853835878,0.0,0.0,0.0,0.12828810381009512,0.0,0.0,0.0,0.39203787612323027,0.0
s12M2022,0.0,0.0010192108061996051,0.0006587749749470591,0.015280645378309305,0.0,0.0,0.0560278897623901,0.5392664497495853,0.0018421709923051718,0.021171914946092524,0.1277202393290029,0.0,0.0,0.0025708307369859736,0.005758111121436798,0.01023804562895525,0.0,0.005140169266303273,0.0003315806011451236,0.0016237422630979194,0.0,0.0,0.0003452925068373219,0.10591357911049727,0.004685903690859773,0.0,0.0,0.08677191652186528,0.013633532613184262
s13M2022,0.028048840513787143,0.003426782666849892,0.0032220481979065387,0.02362544138148085,0.0,0.0,0.09668679732787064,0.10959641507898042,0.0022333146500901242,0.020573461663101134,0.24973970638939474,0.0,0.00035804038732982865,0.0045198814542722525,0.0095374288982147,0.016250907665682796,0.0,0.016702048453513134,0.0012656655351154069,0.0026276313957466413,0.0,0.04531195058485868,0.0007272082922599828,0.26353573797904867,0.007493767463752033,0.0,0.0,0.07751181055044246,0.017005113470302004
s14M2022,0.009719910289688733,0.009783190167759722,0.00034044414772233287,0.022040042230325203,0.0035444126933110733,0.0,0.3593828524682806,0.09912052595200649,0.00032485362529567657,0.03243596085485886,0.07735076993245069,0.0037851713449601914,0.003487056586220275,0.0018332334246792756,0.011360574756640311,0.010056549180601816,0.0,0.043907502145502625,0.00034452778543429043,0.001580009941611337,0.005868270974734665,0.058679294227232566,0.00015357164486766225,0.10675107945255989,0.003256210594782541,0.0,0.009398300095496274,0.10115847052592308,0.02433721495705389
s15M2022,0.18294522013502226,0.0002343349879990613,0.0013671016460117225,0.005122795610563944,0.0,0.0,0.30870932826358527,0.012207781880079717,0.0005936107507433615,0.0,0.0007266665435523963,0.0018292105192524877,0.0015679366370815993,0.002694490051428244,0.35884711535666924,0.007012063191338558,0.00045407038915683257,0.015247308165841147,0.0019288758871323617,0.0008745733117222132,0.045312907467601485,0.006034646002813632,0.00029088439426847723,0.02276597799680896,0.001907450813391269,0.0,0.012079152237482271,0.006430762652611629,0.0028157351078418992
s02T2022,0.5338044924868586,3.550724958866506e-05,0.23884796476778733,0.0,0.003393729752603622,0.0,0.0,0.0,0.0,0.0,0.0,0.0,0.0021249576606840463,0.01686086679445186,0.0,0.0,1.9492469164017995e-05,0.0011042935088682406,0.001415932685404787,0.0,0.0,0.1304802205034759,0.07191254212111287,0.0,0.0,0.0,0.0,0.0,0.0
s03T2022,0.641960926078257,0.0,0.028891634670602167,0.000718055201881545,0.0,0.0,0.13492777994792543,0.01750897083238616,0.00031614594811833616,0.0,0.00010381597360423606,0.002062172364324131,0.01946144233176048,0.011692653104820113,0.007058125391347166,0.003028216014775888,0.0005395887825293032,0.016770710495454852,0.012879080960453369,0.0262626975458378,0.0011986130916412203,0.0608396110767885,0.0025237193328673238,0.0031802467491328632,0.0017368724405173932,0.0,0.002273311703106591,0.004065609961868113,0.0
s04T2022,0.26996230538044635,0.0,0.005272230083228687,0.000862883763187471,0.01402644348909266,0.0,0.04932926519949019,0.005183710036513162,4.879490276474341e-05,0.000151847758671102,0.0,0.0012031426807020853,0.0024636878909174886,0.023381787374494072,0.0016615210231015526,0.0002130151292326278,0.00033829300880652304,0.004715429215463419,0.08925075636151207,0.230749538841353,0.0,0.29265370823786896,0.0017130766315919719,0.0008443241375243687,0.00047531697564101886,0.0,0.0021759851788748885,0.0013509772359868743,0.001971959463534677
s05T2022,0.3459139692327388,0.0,0.009465197904450653,0.0,0.006319668111394185,0.0,0.06690206970867452,0.012314026985516213,9.166112063903709e-05,0.0,0.0,0.0020932686192110883,0.003534948113683315,0.02194074576581721,0.0038103699707454208,0.0012029284247022515,0.000519056119948332,0.012472258918767833,0.17988334413462137,0.0022235997523160317,0.005874463651204729,0.3185651433577673,0.0008397089654186496,0.0013827188929215351,0.0,0.0,0.0012351091241578971,0.0024912248062814754,0.0009245183190221407
s06T2022,0.22248800983627962,0.0,0.0049537134553785285,0.0,0.0,0.0,0.05919433697836525,0.010000776850443545,0.00020261643401358595,0.0,0.0001570976750431014,0.019944263893640384,0.0030820070209131045,0.016410698097965207,0.0026837850708014083,0.001132912317819207,0.00038592473068421994,0.012026306058335217,0.02941284808195274,0.49312730974645935,0.0048851745100381,0.0841863107240387,0.03160124358090284,0.0,0.0014515776385477263,0.0,0.0,0.002673087298378306,0.0
s07T2022,0.7002024566609037,0.0,0.016166913877203978,0.023368283574168355,0.11315321725159588,0.0003157694128773841,0.0,0.0,0.0,0.0,0.0,0.0,0.0,0.02488050149951121,0.0,0.0,8.760041623108664e-05,0.0,0.00544415046347709,0.007907208301112861,0.0,0.09621058333893649,0.011866865270250743,0.0,0.0,0.0,0.0,0.0003964499337310665,0.0
s08T2022,0.0015735922242992675,0.0,0.0007516704848183419,0.0,8.675210071353082e-05,0.0,0.0,0.0032369623194032915,0.00011342750013992796,0.1641614861184349,0.17863776884958327,0.0,0.0,0.00047213842952742593,0.00033744738417825355,0.0007779614830410672,0.6446684108742149,0.0,0.0002626606151418785,0.0001946786879292898,0.0,0.0010927186307093132,1.1394902614757782e-05,0.0,0.0,0.0,0.0,0.0036209293952506015,0.0
s09T2022,0.0,0.0,0.0003995490058175775,0.0,0.0,0.0,0.0,0.08660156283510977,0.033981613353905954,0.004821281072497245,0.03251378081368539,0.0,0.0,0.0002891986598944582,0.0,0.05699448324268112,0.0014601001622790493,0.0065956472222693935,0.0,0.00026943054452690564,0.004627587117237438,0.0,0.0,0.050904356680809115,0.0,0.0,0.0,0.7205414092892866,0.0
s10T2022,0.288570602880264,0.0,0.0,0.0,0.0,0.0008318721218632039,0.04429358644634559,0.030956416384237965,0.0,0.0,0.007437128254656406,0.002664188020155962,0.0,0.002544183648259089,0.011300653981960798,0.056008931624136817,0.0014456462477205334,0.0023378234099394276,0.0020830296596509577,0.004642718021071955,0.0,0.0,0.0014162333983116836,0.05067088486748582,0.00350535821230367,0.0,0.0,0.4892907428216361,0.0
s11T2022,0.3308677153984276,0.0,0.0,0.0,0.0,0.0,0.05780070425863608,0.1548539581778434,0.0003038662730358404,0.0,0.009143060571539173,0.0006315255588297399,0.0,0.0021528451307420426,0.009135513652396654,0.07057258040654747,0.0017221698418232536,0.01532209145690254,0.003375692251753276,0.0045925982577439736,0.0,0.0001674018944604903,0.002506829544953046,0.0679666587344006,0.007919273625426727,0.0,0.0,0.26096551496453807,0.0
s12T2022,0.05348163703772917,0.0,0.0016182313300443082,0.0,0.0,0.0,0.021638492675500297,0.7931237864474127,0.0,0.0,0.0010505166392722335,0.0,0.0,0.0009184656023365429,0.001972688921501569,0.013380721622055752,0.00033138879496546694,0.059849573047898744,0.00024176451579055913,0.0009261697289755,0.0,0.0,0.0005056956945496374,0.01596300521945877,0.00221823331529917,0.0,0.0,0.03277962940720961,0.0
s13T2022,0.23904471844499167,0.0,0.001218331500820338,0.0,0.038682690332627445,0.0,0.06312626108190865,0.01559367861175764,0.00017374891006354345,0.0,0.0028921261740961373,0.0,0.0,0.003469563649675329,0.008485081779777272,0.029768799246284994,0.0009956484049522363,0.1738122315351525,0.003600407508772886,0.002178018115587707,0.0018321720620125246,0.014925213753374238,0.3275401123552436,0.02480805767656789,0.0005261312636656101,0.0,0.0,0.04732700759266768,0.0
s14T2022,0.1656624119730811,0.0,0.0,0.0,0.0,0.0,0.07693069222662412,0.6137369648813613,0.0,0.0,0.0018677959444165955,0.00034401998645121074,0.0,0.0009543082415169121,0.0038404636404639086,0.007469921699296142,0.00033076390363203956,0.0,0.0005007204224194612,0.002367841963093051,0.005587904166424587,0.022347718531942406,0.0005445675957136348,0.00434749993745391,0.0017686474423774775,0.0,0.00021457419835598835,0.09118318324537616,0.0
s15T2022,0.46059635858145614,0.0,0.0,0.0027858490191838225,0.0,0.0,0.08513608702621113,0.28947401018876523,0.0,0.0,0.001415612726322203,0.0016879920339831014,0.0026822353612142137,0.001189115838205334,0.009750221706048848,0.011527441400675074,0.000944548734759239,0.0013702272160437165,0.0016967030660281067,0.0749201039001477,0.0,0.0,0.0013150588624380893,0.00536784305593968,0.0067275838020398795,0.0,0.0018552997390074615,0.03955770774153114,0.0
s02M2122,0.4679868049330881,0.0,0.1415125772508657,0.0,0.0010354056043050505,0.0,0.2642788326754011,0.028426889502937907,0.0015837943492224768,0.0,0.00026309674101585603,0.0003145288409084122,0.012286056211051674,0.0,0.008131361354502247,0.0034314030925866306,0.0008047853986956076,0.02412991851990977,0.007742060082331746,0.003446852342306679,0.014058433699124033,0.011884043917126112,0.0,5.6610427671884264e-05,0.001888475589438692,0.0,0.0005840043753204059,0.0061540650921898645,0.0
s03M2122,0.3809765864509821,0.0,0.015934355835866817,0.0,0.019166009955230816,0.0,0.26282166352314246,0.013382453241399639,0.0006319069319510859,0.0,0.00037902470411104014,0.000759347360138424,0.003253063212257691,0.004772256214862536,0.004591263333648744,0.003616213394052441,0.0005717126637347094,0.007251919321559597,0.055241158510199624,0.002310820348847334,0.005328933799480221,0.20303412298640325,0.010476418500584601,0.00024110854314811166,0.0004221194010732522,0.0,6.124962517069833e-05,0.004776292142154748,0.0
s04M2122,0.4972976472304509,0.0,0.019866972193978268,0.0,0.00950545732426987,0.0,0.08000062168942519,0.008280879700423726,0.0011425686880806936,0.0,0.0010246534698482538,0.0,0.0007588787463493893,0.026860671908508056,0.0,0.004165799346482853,0.0,0.005644644526301336,0.09397148318357747,0.0,0.015436819872841605,0.23049989134762874,0.005543010771833638,0.0,0.0,0.0,0.0,0.0,0.0
s05M2122,0.28152634886043953,0.00021947662863920156,0.12578949807473594,0.0,0.007495595469885666,0.0,0.000577865760263725,0.0,0.0001478428686342446,0.0,2.56716835823532e-05,0.0,0.0,0.028722170282948968,0.0,0.0003813422902482539,6.287419254631107e-05,0.0006832250123108528,0.32128528838980536,0.0,0.0010606371683895145,0.2310571395708467,0.0004446757842015697,0.0003807031009813669,0.0,0.0,0.0,0.0,0.00013964486154048096
s06M2122,0.2582149819117814,0.0,0.24906964449940922,0.0,0.006824482472156423,0.0,0.18597206852682316,0.006751674878604516,0.0007684980635795858,0.0,0.00022907786576003756,0.0,0.00024189323990862703,0.018022687923083106,0.0004737623029082015,0.003019233774474539,7.282458389684677e-05,0.006800258326956152,0.10090553790510623,0.0,0.008393238141016423,0.14888423520709046,0.003970367656723167,0.0004642798223215655,0.0,0.0,0.0009212528984003186,0.0,0.0
s07M2122,0.5842186266176119,0.0,0.013143993706323154,0.0,0.008798175731562044,0.0,0.09896793742799662,0.013834278444412729,0.0007035647369638399,0.0,0.0,0.0,0.0014036655306076823,0.0197126964921908,0.0010072582617275515,0.000595450606698132,0.00010684493855561533,0.008225657658968481,0.09562006010506882,0.0,0.003280179292694762,0.14809143574542283,0.0017380221906370071,0.0,0.0,0.0,0.0,0.0005521525125578938,0.0
s08M2122,0.014013474014656,0.0,0.00048503635976513326,0.0,0.0,0.0,0.0,0.004044606979177877,0.0005546299154048484,0.3990868688187056,0.1692658242794759,0.0,0.0,0.0003912506438242581,0.00046288981569578557,0.0024825166465955047,0.39509829596697066,0.0013556343764526194,0.0007117537615165306,0.00024288206831196878,0.0,0.000962403024275238,9.488970756014986e-07,0.0,0.00017994321554288213,0.0,0.0,0.010661041216553476,0.0
s09M2122,0.0,0.0,0.0,0.0,0.0,0.0,0.0,0.0,0.002083534528786553,0.013245172961343773,0.010270496979659807,0.0,0.0,0.0,0.0,0.03426105032434663,0.0,0.0,0.0,0.0,0.0,0.0,0.0,0.0,0.0,0.0,0.0,0.9401397452058633,0.0
s10M2122,0.0,0.0,0.0006996557039796639,0.0,0.0,0.0,0.0,0.1628847932058295,0.0,0.0,0.0010466594638146064,0.0,0.0,0.0,0.0,0.04555455171273519,0.0,0.0,0.0,0.0,0.02701680413981382,0.0,0.0025417702243385873,0.0,0.0,0.0,0.0,0.7602557655494887,0.0
s11M2122,0.05717025016514758,0.007115728350414178,0.0009575675389700654,0.0,0.0,0.0,0.0,0.1695571247234408,0.0011925313951317627,0.0299270317027869,0.0259138908780903,0.0,0.0,0.0010445698104739483,0.003687900162337609,0.0186982864759037,0.00037626251643931306,0.0,0.0,0.0011617370104100397,0.25118232813491537,0.0,0.0,0.019883431339599408,0.0,0.0,0.004101314906017726,0.4080300448899214,0.0
s12M2122,0.0,0.008340041546714713,0.003635470205611957,0.0,0.0,0.0,0.01874297296924997,0.04942379360158156,0.0,0.008361511051167824,0.00477407092224484,0.001896364725093238,0.0,0.0,0.006907378973957814,0.0,0.0,0.0,0.0,0.0,0.10234130307111446,0.0,0.0,0.0016003495808551138,0.0,0.0,0.006183604320574254,0.7877931390318342,0.0
s13M2122,0.09671588307357382,0.0058113556109878175,0.00013027817909776876,0.0,0.0,0.0,0.0,0.1301019790841365,0.00043271292537574855,0.0,0.004124231998347488,0.0004165227138082149,0.0023954861257719654,0.001063419421452185,0.006050758664778861,0.0113171018272426,0.0001724976876849182,0.0032218896672280366,0.0,0.001504121638326164,0.2403895210030138,0.0,0.0,0.0,0.0,0.0,0.00830915650590446,0.4878430838732696,0.0
s14M2122,0.08530183678299291,0.00360270967189002,0.0009154494932671861,0.0,0.0,0.0,0.047204149044678,0.40412193974009925,0.00025984217869433064,0.0,0.004675922414568523,0.0013919806159444596,0.0009216075415651745,0.0008852608509623828,0.003368622730617013,0.009508002100565204,0.0002635098045180285,0.01718272550470467,0.0002271505210596104,0.00199339178708581,0.2682286199773168,0.014303977752853842,0.00013122467753020993,0.0046552315963422335,0.0,0.0,0.008720380585717674,0.12111151705362591,0.0010249475734007123
s15M2122,0.5571205874598757,0.0,0.000419104525916973,0.000639938169939259,0.0,0.0,0.20942256694950903,0.02985864188683082,0.0020141896367329125,0.0,0.0013690824532477655,0.0023630028123699034,0.00361213836558111,0.0,0.07790895471076852,0.00883202525090001,0.0007808554009805285,0.022014246083766682,0.005715918399480138,0.004394462588148005,0.04380041257028611,0.0008010030202374565,0.0004007911473788703,0.008337255276164822,0.004518066814223465,0.0,0.003435405194497451,0.011563153880504435,0.0006781974026600374
s01X2122,0.5402006835065801,0.0,0.0,0.011310995266718698,0.0,0.0,0.2261116103359576,0.034951971538701956,0.0004317452662433301,0.0,0.00017709414690806726,0.0026991668756791813,0.10032579864177019,0.0,0.014083161657785918,0.003813088932069659,0.0008887352729235099,0.01509796577338432,0.002867031497977609,0.006217199202274877,0.0,0.0,9.341241166442464e-06,0.005812295237567456,0.007709914702410272,0.0002873275087420992,0.017491826677872035,0.00877183560710775,0.0007412111101586598
s02T2122,0.05816670675567855,0.0,0.2707227691512311,0.0,0.003944049683107233,0.0,0.020476517927207193,0.005429373905274118,0.0001959337317422204,0.0,0.0,0.002186656068148003,0.0004163359523648774,0.0,0.21176051370653257,0.0007105301704933248,7.908033552218055e-05,0.0037114950908412677,0.003816695504894193,0.0007079038913450704,0.0,0.4169463842807739,0.0,0.0,0.0,0.0,0.0,0.0007290538448442213,0.0
s03T2122,0.6120563857266741,4.46305386239664e-05,0.027141743544727117,0.0,0.013211694834453381,0.00012693830500704796,0.0013333309068976611,0.002891514438025568,4.16555331160926e-05,0.0,0.0,0.0,0.00015888255719036264,0.016689517129017853,0.0,0.0,1.7908622319966113e-05,0.004424389015604477,0.06506544836656711,0.0,0.0,0.2516518576204043,0.004956686058356842,0.0,0.0,0.0001874168030141427,0.0,0.0,0.0
s04T2122,0.3144977433355623,0.0,0.0045335948596312865,0.0,0.3972227755981652,0.0,0.007210478244304102,0.009171767383758129,0.0010933842980803683,0.0,0.001552849684979717,6.857372630943314e-05,0.0,0.002037877847592001,0.0008903043891198695,0.007114700793230882,8.444845531032888e-05,0.0024832616140497013,0.0789082870878571,0.0008036746923934482,0.01162652092070649,0.15587536495304033,0.003108178169013502,0.0,0.0,0.0,0.0,0.0017162139468958892,0.0
s05T2122,0.49099427284108743,0.0,0.0,0.0,0.008916946482322791,0.0,0.046963638745732804,0.016047606464790205,0.0010877213219259092,0.0,0.0019150732661715084,0.043010990454441615,0.0,0.0043258938494691096,0.004585767265690619,0.009745495613189332,0.0004671923347429003,0.005175877614105597,0.15779541025500513,0.003462674502464478,0.010182471031637602,0.18665616673768876,0.0010033719514233766,0.0,0.001723956695981173,0.0,0.0,0.005939472572129456,0.0
s06T2122,0.27460429489017496,0.0,0.008639737143080303,0.0,0.00709039499164126,0.0,0.0,0.0017811808411062583,0.000419808868665502,0.0,0.0004263896902492217,0.0,0.0,0.011133929981982064,0.0,0.0020492825273905036,0.0,0.0,0.07613866491042363,0.0,0.0031604416343905305,0.612147628400765,0.0024082461201306946,0.0,0.0,0.0,0.0,0.0,0.0
s07T2122,0.3739888871576215,0.0,0.00811138837274703,0.0,0.01997832660704117,0.0,0.0324023602739173,0.002488876651987325,7.111757590395541e-05,0.0,0.0,0.0,0.0,0.009939121236750184,0.003029997504624743,6.993712698181001e-05,3.94749760821151e-05,0.0020011426247639776,0.003627072309847643,0.0,0.0,0.054126830849049595,0.49012546673268165,0.0,0.0,0.0,0.0,0.0,0.0
s09T2122,0.2425421750996274,0.0,0.0,0.0,0.0,0.0,0.02072096624263989,0.024627609949911117,0.007302871163734062,0.0,0.000648429955126854,0.0008182233449517845,0.0,0.0011596613734886423,0.004496114210961807,0.1987145530347862,0.002355029813395462,0.0,0.001512527833497987,0.002729441904358078,0.0,0.0,0.0010627205870346484,0.0,0.0,0.0,0.0,0.49130967548648613,0.0
s11T2122,0.011147360823692876,0.0,0.0,0.0,0.0,0.0,0.0,0.8520443310885267,0.0,0.0,0.0,0.0,0.0,0.0001533032449115087,0.0,0.03395687708137424,4.7605389969171534e-05,0.0,0.03507058056595455,0.0002675880704318135,0.0,4.101928673099002e-06,0.0,0.0,0.0,0.0,0.0,0.06730825180646603,0.0
s12T2122,0.01927359485780815,0.0,0.00047160338606436626,0.0,0.0,0.0,0.0019222526841012793,0.6571278388803277,0.0,0.0,0.0,0.1383701580624411,0.001561964087918281,1.699766280365032e-05,0.008613292580586083,0.017294679558796884,3.299101200309758e-05,0.08599283843925817,0.0,0.0010617406963920474,0.0,0.0,0.0,0.0,5.5126581650688064e-05,0.0,0.0018201218057390272,0.06638479970410958,0.0
s13T2122,0.11411002046891768,0.0,6.329495602780477e-05,0.0,0.0,0.0,0.010740702773905944,0.8060509812498002,0.0,0.0,0.0,0.00010639281577959461,0.0,0.0018230567065932314,0.001465285335221099,0.005477145902397871,0.00015153989496361796,0.0,0.0009201965293325217,0.0010336718264294179,0.0,0.0003568918030146087,0.00047237727027033384,0.0,0.00020084761587686053,0.0,0.0,0.05702759485146889,0.0
s14T2122,0.25182803680446847,0.0,0.0,0.004160041237118178,0.0,0.0,0.03935892600138027,0.22335718221314732,0.0,0.0,0.0,0.000559533972171542,0.0038426324112442382,0.0006137282949732602,0.009663741572780828,0.004326104146939945,0.00035378128110637224,0.009835063253772813,0.001063230684742811,0.0035529856618560325,0.0,0.07996966680744719,0.00048456754074830956,0.15593740638211193,0.0023147530928019464,0.0006082467340436196,0.003909817640724776,0.20426055426641992,0.0
s15T2122,0.0,0.0,0.0,0.0,0.0,0.00020623348965605518,0.0,0.0,0.0,0.0,0.0,0.0,0.0,0.0,0.9265488105794895,0.0012885051423050574,2.0215497683965266e-05,0.0,0.0,9.928136973873232e-05,0.0,0.0016243872842435414,0.0,0.0,0.0,0.0,0.0,0.07021256663688318,0.0
s02M2222,0.6347337569619811,0.0,0.0,0.0,0.006817904269004778,0.0,0.15977970480464182,0.022900385096412026,0.0005894076051346175,0.0,0.0010646415713023115,0.0010407145636249864,0.013570554840276626,0.0008819540692550082,0.01018628956070927,0.007418120117868121,0.0008867411539557022,0.018110534688879805,0.016559437097789245,0.005742431039543069,0.0,0.0847072513943462,0.0006713630281349076,0.0,0.004883515893032791,0.0,0.0,0.00945529224410753,0.0
s03M2222,0.4194590329823464,0.0,0.0,0.0,0.18463414711222353,0.0,0.1139429305175793,0.01903961644978168,0.0002810693921064448,0.0,0.00029816745716882147,0.0,0.010445833123972067,0.0,0.006849848164901491,0.00303209020105713,0.0004690793698561427,0.015022827895427502,0.08092104374890627,0.0034155339710638974,0.0,0.1344519420171086,0.0002439458315145783,0.0,0.002489737867223787,0.0,2.394847695750456e-05,0.004979205420804863,0.0
s04M2222,0.3765221917401279,0.0,0.013913492103310245,0.0,0.01454884463306914,0.0,0.0,0.005367924312180486,0.0006160894042528392,0.0,0.0006853875772640639,0.0,0.00028006474711595526,0.008739171981371106,0.0,0.003409049386897019,6.755525219719112e-05,0.0006827875397407901,0.12349231322488784,0.0003311963260772421,0.004177903030608023,0.42705885765547064,0.019276968793726576,0.0,0.0,0.0,0.0,0.0008302022917030092,0.0
s05M2222,0.4308105193598256,0.0,0.0053863960152078375,0.003015485579481953,0.006047237267528913,0.0,0.018439159151628477,0.006573452172619859,0.0004724261679303129,0.0,0.0005103970898238495,0.02887889499354345,0.0010292992526220095,0.00789099293093949,0.09692583570731696,0.0032113645410211337,0.0001222691780484016,0.0020421337994850327,0.17515382834823343,0.0007369494159889996,0.0016061373999507532,0.20207853168417558,0.008017118227555794,0.0,0.0,0.0,0.0,0.0010515717170719568,0.0
s06M2222,0.0,0.0,4.651238692953082e-05,0.0,0.0,0.0,0.0,0.5301711023262238,0.0,0.0,0.0,0.03435838029106891,0.0,0.0,0.03455101313645453,0.0,0.0,0.0,0.007842393062652261,0.0,0.0,0.3930305987966711,0.0,0.0,0.0,0.0,0.0,0.0,0.0
s07M2222,0.17109314808438467,0.0,0.001018815987155056,0.0,0.028520985338854426,0.0,0.09784532249792739,0.6213729271083508,7.096720536553798e-06,0.0,0.0,0.004605776001189803,0.006946774691033222,0.0,0.0037512312742717323,0.0,6.831353916981674e-05,0.0066440950820595805,0.022807074916787486,0.00046588360230484944,0.0,0.03485255515597457,0.0,0.0,0.0,0.0,0.0,0.0,0.0
s08M2222,0.04222479672788246,0.0,0.008571180665589756,0.0,0.0,0.0,0.0,0.0037643131581378757,2.3079687260330955e-05,0.022332140208948994,0.020089995445805173,0.0,0.0,0.00032223180202210625,0.007837563251415328,0.0017680421145731902,0.7759853343493263,0.0,0.026219028140162668,0.000713621062252562,0.0,0.00998904810333772,0.0013776945487146215,0.0,0.0,0.0,0.0,0.07878193073457085,0.0
s09M2222,0.0,0.0,0.0,0.0,0.0,0.0,0.0,0.19993152970964706,0.012660010593137396,0.0,0.007121046242318378,0.0,0.0,0.0,0.0,0.04243337310098486,0.0020205511483170294,0.0,0.003257045679012832,0.0,0.0,0.0,0.0,0.0,0.0,0.0,0.0,0.6775490695468418,0.05502737397974064
s10M2222,0.0,0.001515464206738494,0.0,0.0,0.0,0.0018197892806072194,0.0,0.3335824484728556,0.003294710080419357,0.0,0.0,0.0,0.0,0.0,0.0,0.15223717196123507,0.0,0.0,0.0,0.0,0.0,0.0,0.0,0.0,0.0,0.0,0.0,0.5075504159981442,0.0
s11M2222,0.20737512222499957,0.0,0.0,0.000574474487180034,0.0,0.0006361128950689297,0.06491274617418515,0.33670012142139333,0.0035554874212337883,0.0,0.00727363220020096,0.0,0.0,0.00020327619963090443,0.005930843990811089,0.06071902138466236,0.002783497201662441,0.0034530011397540914,0.0014818748534397462,0.0024024871776224897,0.02101352205383218,0.00307659665508681,0.0019714365440380325,0.02501156480209963,0.006975278224718113,0.0,0.00010049039001769919,0.2388303601338785,0.005019052424484186
s12M2222,0.298649479878596,0.005006432385597893,0.0,0.007082460985916401,0.0,0.000141355834533625,0.11336119941500392,0.2689278488568758,0.004964314624772936,0.0018872727199375804,0.01106571362667106,0.0002287443171691427,0.0008042500337591778,0.0,0.00843898842039684,0.024089613908860774,0.003692557214763359,0.03354821407803244,0.0023862184667481656,0.005646541208402718,0.07267392989649762,0.011231873875396838,0.0031406888476014088,0.02373068486487312,0.013507109235332701,0.0,0.0024930519146684057,0.07264720336724333,0.010654252022348657
s13M2222,0.0,0.0,0.0,0.0,0.0,0.0,0.0,0.021217860497786886,0.0,0.0,0.0,0.0,0.0,0.0,0.0,0.06642131097269538,0.0,0.0,0.0,0.0,0.0,0.0,0.0,0.0,0.0,0.0,0.0,0.9123608285295177,0.0
s15M2222,0.474563054435888,0.0015376426892914808,0.0,0.011855541842456574,0.0,0.0033656855066427436,0.1972757661106527,0.030432533674907735,0.0009540956385287355,0.0003274542375320496,0.0017871028872398277,0.004740889697863579,0.001799365181169653,0.0011395019098506599,0.020051221945386465,0.024252981202803628,0.0012894158327809127,0.02422898992518336,0.0057503263390659845,0.0057666720672937925,0.017543498514403674,0.0024612311494399746,0.003910914540118199,0.01155513853303238,0.016215696436574008,0.0,0.005572418334305596,0.13150828742828208,0.0001145739393060421
s01X2222,0.6494196417630695,0.0,0.0,0.0,0.0,0.0007108841990998887,0.2041734764792225,0.027720356380758208,0.0009715471295705496,0.0,0.0014644287237652943,0.0026994593417780863,0.022466810740309002,0.0,0.01241752120286495,0.009091480664635188,0.0010556501847885696,0.023897019344687943,0.006047838424633208,0.005495979011941645,0.0007032618587884454,0.003359176149270568,0.0008222445572901211,0.002010195336096045,0.007072024373292472,0.0,0.0004905429008531163,0.01791046123328455,0.0
s02T2222,0.20213597647414125,0.0,0.0002612621298721046,0.0,0.005630057291794076,0.0,0.01587267503792722,0.0064292227586417025,0.0001788807998999448,0.0,0.00020588903955044287,0.00016405184028152973,0.002813388146414004,0.00011768874810166798,0.043281204179556845,0.0017607448053874664,0.0001835227387777137,0.005227431290801199,0.018908123505971233,0.0015412125690335943,0.0,0.6915504370105604,0.0016129179926381776,0.0,0.0,0.0,0.0,0.002125313640649419,0.0
s03T2222,0.5040447856457578,0.0,1.583998852961361e-06,0.0,0.01562937586780074,0.0,0.05200079949613924,0.015118985506474588,0.0004345921318989069,0.0,0.0009398230280917693,0.000825765650247562,0.004714890495291676,0.001762991461870782,0.03144056025075461,0.0067371514282174435,0.0005573558601979212,0.011083942412748541,0.1002370662061734,0.003739595102988666,0.0005706648235999628,0.22287101577632015,0.0017232639803075262,0.0,0.0022737382043848875,0.0,0.0,0.023292052671880704,0.0
s04T2222,0.24730415688997054,0.0,0.005692052367276146,0.0,0.05978664549084317,0.0,0.0,0.0005525861400550839,0.0001937774797711875,0.0,0.00012844339594436757,0.0015566151326415767,0.0,0.006843392991736208,0.0008132558331155322,0.0007957762603851062,0.0,0.0,0.13159172342025638,0.0,0.0003424176467498707,0.5260395795972806,0.01835957735397405,0.0,0.0,0.0,0.0,0.0,0.0
s05T2222,0.6502449983116317,0.0,0.012218599105303861,0.0,0.009395538852015667,0.0,0.018409905956959398,0.006914251353606374,0.0010525727003156625,0.0,0.0010129148508081856,0.0,0.001701435755724973,0.01396371427263152,0.0,0.004844350646423026,7.385752947517983e-05,0.0036239561830989082,0.09658087838554323,0.0,0.0059357110209846955,0.16822316454050715,0.0023110703382892206,0.0,0.0,0.0,0.0,0.003493080196681289,0.0
s06T2222,0.538502761074527,0.0,0.007848380928926901,0.0,0.013883027511910163,0.0,0.0029997673034530266,0.00981197334987722,0.0010618562248013218,0.0,0.001371100183418566,0.0003590869305101046,0.0,0.012376451337761413,0.0,0.006573955872899093,9.610106013809978e-05,0.0020664139835364415,0.11183877354199315,0.0008764472192579148,0.00886818599200768,0.23309952642408777,0.044963832941181975,0.0,0.0,0.0,0.0,0.003402358119712157,0.0
s07T2222,0.33531836333957854,0.0,0.0050265731166405135,0.0,0.0010855366507520497,0.0,0.18560386548532598,0.01832005319256381,0.0009151704449383156,0.0,0.0007871316859620425,0.0,0.01825947173749706,0.0,0.0032620868645249733,0.004620061338761875,0.00020865370593876642,0.013556614992930212,0.019746549112646002,0.0015296382448639718,0.006606686983534795,0.09232085799665224,0.2908606821111877,0.0,0.0,0.0,0.0,0.0019720029957010173,0.0
s08T2222,0.008643881089612665,0.0,0.00020342540430311708,0.0,0.0,0.002416993090622271,0.0,0.0005698943029126998,9.243199594736745e-05,0.0,0.0008713298948901175,0.0,0.0,0.0,0.0,0.000660165471563428,0.9452444027209976,0.0,0.0006093397358790023,6.547320017053671e-05,0.0,0.0013279548644765965,0.0006204034545676057,0.0,0.0,0.0,0.0,0.03197466726225554,0.006699637511801241
s09T2222,0.0,0.0,6.668132469802315e-06,0.0,0.0,0.007540893314491983,0.0,0.04934939420631535,0.005785541150996761,0.0,0.0,0.0,0.0,0.0,0.0,0.015375769214115955,0.0,0.0,1.69469723997509e-05,8.552321615215994e-07,0.0,0.0,0.0,0.0,0.0,0.0,0.0,0.26682689471701904,0.6550970370600298
s10T2222,0.0,0.0,0.0,0.0,0.0,0.018698224649557477,0.0,0.0,0.006122283139402369,0.0,0.0,0.0,0.0,0.0,0.0,0.062372533320485216,0.0,0.0,0.0,0.0,0.0,0.0,0.0,0.0,0.0,0.0,0.0,0.7576805107123905,0.15512644817816446
s11T2222,0.0,0.00010373520342515909,0.00023774580030666104,0.0,0.0,0.0,0.0,0.025055388344745536,0.00410307004436647,0.0,0.0,0.0,0.0,0.0,0.0,0.07049776150424783,0.0,0.0,3.833339867494473e-05,0.0,0.06827709515909952,0.0,0.0,0.0,0.0,0.0,0.0018925265782088077,0.578518896457868,0.2512754475090569
s12T2222,0.0,0.0,0.00021336310541450853,0.0003542199207727936,0.0,0.0,0.0,0.7585022867303085,0.005224822372816939,0.0,0.0,0.0,0.0,0.0,0.0,0.02580339876416201,0.0,0.0,0.0,0.0,0.051577356498530416,0.0,0.0003593096811475013,0.0,0.0,0.0,0.0015845444037901938,0.13425666735296837,0.022124031170088713
s13T2222,0.0,0.0,0.0009824018929088132,0.0,0.0,0.0,0.0,0.1279055021079996,0.0,0.0,0.0,0.0,0.0,0.0,0.0,0.0901604399730649,0.0,0.0,0.0,0.0,0.0,0.0,0.0,0.0,0.0,0.0,0.0,0.7809516560260268,0.0
s14T2222,0.26777537287100234,0.0,0.0,0.01499833431067313,0.0,0.01345331570704057,0.0314548302789206,0.031035442162560586,0.0012663837690756465,0.0,0.0,0.0026705228305503536,0.003432213290611337,0.000801340948892289,0.07889231879329149,0.05249499828408567,0.0007931974420167613,0.07671966283819265,0.002381493695226104,0.003158872927011587,0.03146710888958264,0.0021735749937308404,0.0005021524020662132,0.0,0.0,0.0,0.0018137193951815829,0.3827151441702877,0.0
s15T2222,0.0,0.0,0.0,0.0,0.0,0.0,0.0,0.15550394975927007,0.0,0.0,0.0,0.0,0.0,0.0,0.06078978450080808,0.02842031828599278,0.0,0.04241076098996505,0.0,0.0,0.0,0.0,0.0,0.0,0.0,0.0,0.0,0.7128751864639641,0.0
s02M2322,0.6354150863262137,0.0,0.0,0.0,0.0,0.0,0.09868704128016945,0.022205657537437227,0.0010246271492930622,0.0,0.0009202499983320444,0.002146738790727803,0.10014844174636861,0.0,0.01980464258854481,0.00809786151815249,0.0009831593885893017,0.03385053184004135,0.0033516684256616404,0.006717920635576802,0.0,0.016235549031724306,0.014890998747912138,0.0001801859311524982,0.01023715449788675,0.0,0.0014451390151016292,0.023657345551114404,0.0
s03M2322,0.06971881663847568,0.0,0.0,0.0011447288213089115,0.3135427436091811,0.0,0.02303123064308648,0.004882338243328701,0.00011430013313996275,7.165701461253617e-06,0.0,0.0010184253548175613,0.008247894486700342,0.0003090435245696563,0.00837150188912929,0.00016645377498667897,0.00017477196513576568,0.025506172223159394,0.014448947896684966,0.0009399791533540669,0.0,0.5045557731918444,0.0062525604955284845,0.0023048352453321572,2.8457579187413676e-05,3.6821032326042754e-05,0.00493875646715212,0.009995669227493079,0.0002626127026166787
s04M2322,0.4171573287405941,0.0,0.0,0.0,0.011395289743432128,0.0,0.05485894663624121,0.010472436411971861,0.0005148568999312229,0.0,0.0008564785491109068,0.0012817114762037007,0.03840391375977462,0.0018151514789260144,0.005645386351219955,0.004792182332210622,0.0006275336678435359,0.01679745347903934,0.008485129630693103,0.003413340532192961,0.0,0.3697076655913353,0.040848770466404255,3.743101885361205e-05,0.004272880591866583,0.0,0.0,0.008616112642155057,0.0
s05M2322,0.13200836940298943,0.0,0.0032489896788309783,0.0,0.37481186463712024,0.0,0.0,0.0,4.238864485799774e-05,0.0,0.0,0.0,0.0011312553476193917,0.004066125526804782,0.02177900177161623,0.0002382299167867761,0.0,0.0,0.007499820233997296,0.0,0.0,0.4490055940369878,0.005238397178831743,0.0,0.0,0.0,0.0,0.0009299636235571486,0.0
s06M2322,0.08639404089464399,0.0,0.002257656952669292,0.0,0.1618443698794045,0.0,0.0,0.0014311413497065783,0.00028394489760663713,0.0,8.186120844153859e-05,1.3781731900097734e-05,0.0,0.0009453179533041109,0.000760730042253928,0.0008456701026291417,0.00029005315526549796,0.0,0.0943353242092878,0.0008557759326057468,0.0,0.6234438178249216,0.024514370983467135,0.0,0.0,0.0,0.0,0.0017021428818922188,0.0
s07M2322,0.19205347634563188,0.0,0.0,0.0,0.1551581172331972,0.0012277396363660662,0.004843454523384084,0.018271434564305605,1.3976081169739456e-05,0.0,0.00034333918535233164,0.0003246168042713756,0.0017525106656505604,0.0,0.016619824122902967,0.0104994433771927,0.00033329773864496575,0.13178044587930843,0.15746729643593296,0.005707527735602053,0.0,0.21207613098385344,0.0028435744144130227,0.0,0.0,0.0,0.0,0.08868379427282051,0.0
s08M2322,0.014468665774275719,0.0,0.0,0.0,0.002099898426404607,0.00017598269591483727,0.0009149529362672468,0.0015484241700570137,0.00111036757433852,0.0,0.0,0.0,3.033150398408603e-05,0.0,0.00047601733899725005,0.0012465088564722426,0.9641508710397687,0.002792957201333673,0.000483636199371369,0.00018106749659685091,0.0002555097913343675,0.004010004487106769,0.0018514307543925706,0.0,0.000556894951003196,0.0,0.0,0.003113445500744928,0.0005330333016361071
s09M2322,0.0,0.0,0.0,0.0,0.0,0.032996934440466794,0.0,0.0,0.004294938074420451,0.0,0.0,0.0,0.0,0.0,0.0,0.12692013735948807,0.0012934287192892906,0.31225116789891877,0.0,0.0,0.040654085630806934,0.0,0.0,0.0,0.0,0.0,0.0,0.2505279398347083,0.23106136804190153
s10M2322,0.0,0.0,0.0,0.0,0.0,0.0,0.0,0.19970391708804933,0.0029001443477237676,0.0,0.0,0.0,0.0,0.0,0.0,0.05001281476851824,0.0,0.4370386955023696,0.0,0.0,0.013290411847073726,0.0,0.0,0.0,0.0,0.0,0.0,0.15491545348656974,0.14213856295969576
s11M2322,0.0,0.0,0.0,0.0,0.002885818364592691,0.0,0.0,0.10988695041100646,0.003287027276256551,0.0,0.0,0.0,0.0,0.0,0.0030190443082500945,0.01296188362068856,0.0,0.4997024505295314,0.0,0.0,0.18150358230722588,0.0,0.0,0.0,0.0,0.0,0.004101090825862109,0.063758264848493,0.1188938875080933
s12M2322,0.0,0.0,0.0,0.0,0.0,0.0,0.0,0.0,0.002487614343228749,0.0,0.0,0.0,0.0,0.0,0.0,0.010428419426777767,0.0,0.8389994939911926,0.0,0.0,0.02223740364798349,0.0,0.0,0.0,0.0,0.0,0.0,0.034491604460394946,0.09135546413042232
s13M2322,0.0,0.0,0.0,0.0,0.0,0.0,0.0,0.049064326124479404,0.0011102146287702034,0.0,0.0,0.0,0.0,0.0,0.0,0.004575732728424701,0.0,0.8224842695135955,0.0,0.0,0.004821325889785854,0.0,0.0,0.0,0.0,0.0,0.0,0.050033547096981754,0.06791058401796249
s14M2322,0.0,0.0,0.0,0.0,0.0013422418987452626,0.0,0.0,0.052480418175968116,0.0036858170714047394,0.0,0.0,0.0,0.0,0.0,0.0,0.03261833229145266,0.0,0.4489732157594041,0.0,0.0,0.1375951214634372,0.02552544891183285,0.0013416872220931564,0.0,0.0,0.0,0.0018602475479563608,0.21668325068251063,0.07789421897519484
s15M2322,0.021691979583712207,0.00169335495175066,0.0,0.0,0.0007533805246855565,0.0,0.0,0.09524191370499024,0.006401544000582925,0.0,0.0,0.006031844173838251,0.0022164811103098135,0.0,0.0035634856063577972,0.07985555533085173,0.0,0.2547267237978584,0.0017192294037054817,0.0,0.1953712999970633,0.0,0.0017207262763863107,0.0,0.0,0.0,0.0016632833755283966,0.2831197836830015,0.04422941447937749
s01X2322,0.37088769554368484,0.0,0.0,0.0,0.0013309766733431518,0.0,0.04654760258333806,0.011889953968400403,0.0012317829761931192,0.0,0.00018014633811632374,0.0,0.07223580573368507,0.0,0.004610303822191682,0.001180309678261709,0.0004591147860430512,0.4619314409943261,0.0019376787088874684,0.0008226705175636231,0.0,0.010655073949500382,0.0,0.0,0.0065205788589319585,0.0,0.0,0.00757886486753296,0.0
s02T2322,0.3085451729702244,0.0,0.00046586233401743106,0.0,0.0,0.0,0.07205122335192506,0.4726561296632095,0.00045098249793871934,0.0,0.0004968781325975681,0.00045487029568715365,0.06530015291259976,7.402042418342746e-06,0.00630766461896164,0.00512598197588805,0.0006440154694608338,0.02948050964647088,0.0020059033301839924,0.0024389990659457496,0.0,0.01711451742045198,0.0005929630498044153,0.0,0.005575015468133419,0.00013006819065044753,0.0019422347441749553,0.0076043063575603025,0.0006091464616953644
s03T2322,0.38622630526849633,0.0,0.0,0.0,0.08473554785538932,0.00022345731631828055,0.12593651368803538,0.013435660894145695,0.0013311452742492355,2.714311291288645e-05,0.0006890187064920194,0.0020837697608682487,0.02803051023425531,0.0022448088692284987,0.0045989928108380335,0.004792776426601098,0.000726663092488058,0.05569011864905056,0.021295053714549993,0.0023211365517725973,0.00018728694390568598,0.24098509238047566,0.006488459808521355,0.001204561019323702,0.003612808920562505,0.0,0.0012993607049855904,0.00830009965034918,0.003533708346184827
s04T2322,0.10537634661565337,0.0,7.251681784602202e-05,0.0,0.3578731875534756,0.0,0.0427708781260231,0.00028795063994008614,0.0002310689174906555,0.0,7.5490293472329755e-06,0.002532815787098081,0.01877514313935454,0.0004965819173395694,0.0048669645339920785,0.00014923227352775723,0.0002478895474109126,0.2726286528338164,0.02840154026277991,0.0005066713337888597,0.0,0.1448296212468145,0.015739399386997133,0.0012111137411297632,0.0,0.0,0.0020910276292893212,0.0009038486668853178,0.0
s05T2322,0.32877822050972605,0.0,0.007321506492389622,0.005787381667149827,0.11200579500146525,5.9387139350197985e-05,0.0,0.005967955201945554,0.0002508941972228765,0.0,0.0,0.0,0.01093954173112747,0.009679415084184436,0.0009965493532250566,0.0,0.00011956233748195748,0.00046228090974159393,0.03277962826244383,0.0,0.0,0.4681188067472299,0.005167984091625763,0.0,0.0014722993510771477,0.00020540192337650093,0.005844946122417987,0.004005647113306223,3.679676351271396e-05
s06T2322,0.24476619412338876,0.0,0.006168583478222594,0.0,0.4672613854710114,0.0,0.0,0.0013561545058943692,0.00016612729418008162,0.0,0.0,0.0,0.004856719414282713,0.009606985363762068,0.04886963095398507,0.0,6.0880716263948414e-05,0.0,0.013934447048964987,0.0,0.0,0.18441035545397766,0.01816770832461677,0.0,0.0,0.0,0.0,0.00037482785144958173,0.0
s07T2322,0.3014562638294179,0.0,0.0,0.0,0.005340978269198362,0.0,0.042531747819629144,0.010959182394535256,0.001598388963910905,0.0,0.00046976149785894094,0.0,0.06249965928012465,0.0,0.0045657672277104955,0.0019694042211991706,0.00047842561721758513,0.3599323542725385,0.007064362836367683,0.001274130526012085,0.0,0.18217889806475254,0.007680061952116882,0.0,0.004032643135077755,0.0,0.0,0.005967970092332121,0.0
s08T2322,0.11608531486025755,0.0004900956414955198,0.0,0.00167240770733427,0.0025611546782941803,0.00437155175334876,0.04207753796343065,0.01570120192366534,0.00791212538903078,0.0,0.0033569640021086002,0.0,0.0008723054247243683,0.0,0.003092459571241809,0.011094050794655171,0.6979897896980446,0.02493841272537821,0.002119522555789664,0.0006504887568422761,0.005883533165453421,0.013115347974390802,0.002101072356548918,0.001279737106969183,0.008379535032615891,0.0,0.0,0.02828015257322956,0.00597523834515051
s09T2322,0.0,0.0018482335281674153,0.00010155341727215167,0.0,0.0004677980163462825,0.008986132879436271,0.0,0.0,0.0038361702340054603,0.0,0.0,0.0,0.0,0.0,0.0,0.14192204934075897,0.0,0.0007945622942093492,0.003038102437050361,0.0,0.7392470713423265,0.005281373277949876,0.0,0.0,0.0,0.0,0.0,0.08756831247246517,0.006908640760012156
s10T2322,0.0,0.0017712473917255737,0.0,0.0,0.0012226543766947788,0.012115195683063195,0.0,0.0,0.014164496465860472,0.0025192805459627763,0.0,0.0,0.0,0.0,0.0,0.10518669811294287,0.0,0.0006733676529277495,0.0,0.0,0.6071098103873234,0.0,0.0,0.0,0.0,0.0,0.0,0.20445409291109776,0.050783156472401544
s11T2322,0.0,0.0,0.0,0.0,7.97926368144968e-05,0.0006313287679546156,0.0,0.0,0.0035917038833267714,0.0,0.0,0.0,0.0,0.0,0.0,0.1180790071729903,0.0,0.0,0.0,0.0,0.7720462160188313,0.0,0.0,0.0,0.0,0.0,0.005347328802662268,0.07906923675855158,0.021155385958868542
s12T2322,0.0,0.0,0.0,0.0,0.0,0.0,0.0,0.001983384915205031,0.006459237639847595,0.0,0.0,0.0,0.0,0.0,0.0,0.06568850631596569,0.0,0.0,0.0,0.0,0.9252300860633382,0.0,0.0,0.0,0.0,0.0,0.0006387850656433945,0.0,0.0
s13T2322,0.0,0.0009579017884973312,0.0,0.0,0.0,0.0005014251921935342,0.0,0.5347743673085743,0.011042515854026904,0.003539349412659456,0.0,0.0,0.0,0.0,0.0,0.09462090365705052,0.0,0.010366033717598241,0.0,0.0,0.29331196788540315,0.0,0.0,0.0,0.0,0.0,0.0,0.04446157940784968,0.00642395577614691
s14T2322,0.0,0.0030379613784170837,0.0,0.0,0.0,0.0006711704864092597,0.0,0.1635388773937966,0.015421068757016411,0.00103739389674833,0.0,0.0,0.0,0.0,0.4138519685344458,0.08933755697320261,0.0,0.0245561271598474,0.0,0.0,0.25725769661817494,0.005548711726118587,0.0,0.0,0.0,0.0,0.0,0.02169859619277307,0.004042870883049789
s15T2322,0.28279640102243114,0.0,0.0,0.0,0.0,0.0,0.0394603634390219,0.008367206373645554,0.009941280961127733,0.0,0.0007364888680763662,0.0003009793783551416,0.03764964046240841,0.0,0.00528171600935437,0.005323128518157748,0.000526723491695729,0.5093506018517192,0.001422889686852834,0.0016128605054954827,0.07729622651397428,0.003419666942853428,8.136128886528542e-05,0.0028380374965221544,0.004225393259742149,0.0,0.0020073453827019324,0.00736168854699913,0.0
s02M2422,0.2676328592987603,0.0,0.0019178226701071191,0.0,0.06145004513048801,7.792118055677972e-05,0.05676374568335936,0.010822335857527931,0.003325285782593785,0.0,0.00025738648129062695,0.001253594484369487,0.008915241238178426,0.0028698256658285363,0.0039674706857061376,0.001840938368393771,0.0003935917902982199,0.016875336947437355,0.026252707658630612,0.0011182443944822798,0.0033365482601324307,0.5178593263358319,0.006468168547001292,0.0015078578386591335,0.001443137423730668,0.0,0.0006342313422638808,0.003016376934371911,0.0
s03M2422,0.11899967885317342,0.00017367100596551787,0.0035602451421342858,0.0027338290206995494,0.053732803637813235,0.0,0.0,0.000635628791710038,0.0005973040296537495,0.0,0.0,0.0002211834783319659,0.00030430482396978675,0.005321487117355411,0.002605485982957357,0.0,0.0,0.0020850876331610646,0.015623357006175478,0.0001476730023416897,0.0,0.7796401292146622,0.013618131259895161,0.0,0.0,0.0,0.0,0.0,0.0
s04M2422,0.216072211777781,0.0,0.0058610305887835295,0.0,0.48938790576890084,0.0,0.0,0.0,0.00014814418163864142,0.0,0.0,0.013066701344173183,0.0,0.008511744492806806,0.01508725042405404,0.0,0.0,0.0,0.03564611071589688,0.0,0.0,0.2148047827909737,0.0014141179149913322,0.0,0.0,0.0,0.0,0.0,0.0
s05M2422,0.5261168809845667,0.0,0.013320413671617522,0.009986141654871175,0.1149635297879741,0.0,0.0,0.0,0.00012062645231822978,0.0,0.0,0.0,0.0,0.018608631908027657,0.02014507880799336,0.0,0.0,0.0,0.0725521206779676,0.0,0.0,0.2195726729603147,0.004613903094348992,0.0,0.0,0.0,0.0,0.0,0.0
s06M2422,0.3195219085464657,0.0,0.0020747267200937254,0.0,0.12783700273272883,0.0,0.02517372900607511,0.0046496893549957865,0.0023085434312378112,0.0,2.4073726011343042e-05,0.0015175140519335913,0.00048196916139380745,0.007279755108544076,0.010487825721407927,0.0013263946387193422,0.00013939105042507367,0.008522942162797309,0.056269785924077866,0.0013988014523936445,0.0,0.39502840522258964,0.03476781214666112,0.0,0.0,0.0,0.0,0.0011897298414484535,0.0
s07M2422,0.15111086113469568,0.0,0.0025292041511078616,0.019659915434043884,0.08399340700075818,0.0,0.018328534831660144,0.0,0.0012233596901840013,0.0,0.0,0.0003515381893696909,0.010540048844788265,0.0042793062467226355,0.026861003519606748,0.0,0.00013199453102673834,0.38134651104111505,0.06008318382634443,0.00030863407772950405,0.0,0.22207663521730023,0.016807888536966333,0.0002119842780558738,0.0,0.0,0.0,0.00015598944852464734,0.0
s08M2422,0.07496080864106287,0.00033631658650342766,0.0,0.0010345817969219559,2.249484108798267e-05,0.024279438490559573,0.018191091197290385,0.006372728624252841,0.008516203485305346,0.0,0.0,0.0,0.0,0.0,0.002036908055552617,0.0027548836357266537,0.8329665501484042,0.011528142896679082,0.0007237050295369809,0.0006772844530588663,0.0,0.002815267179200895,0.0007166315815693461,0.0,0.00315005557646265,1.6455742794703063e-05,0.0,0.004750411599636658,0.004150040438393001
s09M2422,0.0,0.0,0.0,0.0,0.0,0.6035496955374314,0.0,0.0,0.3689866819743768,0.0,0.0,0.0,0.0,0.0,0.0,0.002886379467059126,0.00010639964567966618,0.0,0.0,0.0,0.0,0.0,0.0,9.341237247340054e-06,0.0,0.0,0.0,0.012975762058504554,0.01148574007970101
s10M2422,0.0,0.0,0.0,0.0,0.0,0.17747931394101796,0.0,0.02463410950939436,0.5706777231328657,0.0,0.0,0.0,0.0,0.0,0.0,0.010123033145440503,0.0,0.2099177880671126,0.0001423474602752376,0.0,0.0,0.0,0.0,0.0,0.0,0.0,0.0,0.007025684743893729,0.0
s11M2422,0.0,0.0,0.0,0.0,0.0,0.08966717994503855,0.0,0.0,0.8564721801967218,0.0,0.0,0.0,0.0,0.0,0.0,0.006342711027345387,0.0,0.0,0.0,0.0,0.0,0.0,0.0,0.0,0.0,0.0,0.0,0.01528924308663388,0.03222868574426041
s12M2422,0.010769741150665523,0.0,0.0,0.0,0.0,0.0075272541730818905,0.0,0.04146178804356744,0.8067825702570346,0.0,0.0,0.0,3.871035566527336e-05,0.00010159376592597423,0.0002364696859219239,0.010905634622633102,7.98230568913515e-05,0.0887882553922961,0.00011589955061402285,0.00014245589484931592,4.9562569894065896e-05,0.0006738331606302461,0.00010285949172449257,0.0,0.0,0.0,0.0,0.007214184481785811,0.02500936434681902
s13M2422,0.01324616913863219,0.0,0.0,0.0,0.0,0.0,0.0,0.020693130031912258,0.9080732618758712,0.0,0.0,0.0,7.587663170664428e-06,3.735180005002349e-05,0.0001604606850940916,0.01821621815470261,0.0,0.028077292118482297,9.472035767122956e-05,0.00014461051170183752,0.0,0.0,3.967231160017853e-05,0.0,0.0,0.0,0.0,0.011209525351111476,0.0
s14M2422,0.001523151529539424,0.0007415871464009469,3.5841976441995013e-05,0.0,0.00012622291517336593,0.06777347043815177,0.0,0.15378580836485486,0.30391675730635215,0.0,0.0,0.00024053641112232007,0.002090886928274759,0.0,0.001732912783933419,0.009786214497403432,0.0,0.23798775368208205,0.0,5.483821572914787e-05,0.0032413705106871865,0.02884681385191806,0.0,0.0,0.0,0.0,0.00035790593325789853,0.17971699909157304,0.008040928417104276
s15M2422,0.2512271045904623,0.0,0.0024900586997330266,0.0019869779975091257,0.005256984722444613,0.06376861072343858,0.20529781483411044,0.03132597069650473,0.12118793056289945,0.00041816088068067167,0.0003241473243430513,0.006613679289116762,0.019814291392435145,0.004716769331884082,0.008429739668902038,0.004543041574980627,0.0006096664982105727,0.171410413941755,0.006359610829968271,0.0013885031713895958,0.012897639470888128,0.02204042277522067,0.0008656677153063858,0.01413049939829248,0.002802266886719465,0.0,0.008460862988211748,0.02356862605315765,0.008064537981435414
s01X2422,0.2221544501025976,0.0,0.001700636453119542,0.04941359722072467,0.11173978095893261,0.0008398418724522146,0.18535710408123385,0.012493062468943017,0.007081765941633602,0.0,0.0,0.004782335731770142,0.03594522321368016,0.005638865427328504,0.14787437318707403,0.0026484041861738073,0.002228227379620023,0.02162400219529242,0.008988421206525984,0.0012201894322855743,0.021581253394193492,0.12548113194979085,0.01362926827627474,0.0060935284986898056,0.001926527016631273,0.0,0.006085730606573759,0.003110268918671241,0.00036201027978733855
s02T2422,0.15197689173827567,0.0,0.0,0.12310785871843881,0.010777453678218071,0.010023875917971124,0.23118801659302549,0.00903190425106402,0.005806537739331948,0.0,0.000213891809448466,0.003944946753862715,0.01981329645772073,0.0,0.004297784606474006,0.002974662764014429,0.0010301048023798132,0.005932346389854588,0.006215551932878624,0.001686534431923414,0.017873668978530953,0.3815963693336016,0.00029875407159884115,0.002764514616601846,0.002141727385326043,0.0,0.00371933229001671,0.0035839747394421314,0.0
s03T2422,0.02855821549997732,0.0,0.00018939918146141318,0.12276801325915816,0.11543765677777026,0.021914596072840083,0.18166530526852706,0.0221308372944743,0.001723388873487585,0.0,0.0,0.0,0.02527769376594545,0.0,0.010574534771600932,0.0,0.0008362402548777514,0.0,0.008698934237730258,0.000528278015016811,0.009231937622575005,0.39367311728985205,0.05633427729967715,0.0,0.0,0.0,0.0,0.00045757451502833593,0.0
s04T2422,0.010293740649506118,0.0,0.0008570526997482391,0.0,0.17736873599485006,0.014932877989181094,0.360683034485553,0.002696844875464706,0.0028189987848146413,0.0,0.0,0.0,0.005394705942749107,0.0011235734247914265,0.0,0.0,9.005662347119158e-05,0.0,0.04182743686182889,0.0,0.0005484741760539262,0.37864440500658464,0.0006486768818996613,0.0,0.0,0.0,0.0,0.0020713856035033135,0.0
s05T2422,0.11380754981284735,0.0,0.003082612527415449,0.004114498593670046,0.16784795896207697,0.03967612215839813,0.050570614053665836,0.0,0.0335599378180068,0.0,0.0,0.00018346901030976225,0.00295054769408865,0.0067534783220796965,6.333877205655322e-05,0.0,0.00014336053414502127,0.0,0.10689167272954665,0.0,0.0005512135049594387,0.4564648730756621,0.01131735134658111,0.0,0.0,0.0,0.0,0.0020214010844903803,0.0
s06T2422,0.12552571473080734,0.0,0.0037673828821803016,0.013421079696940669,0.15411079404110054,0.008108638390233819,0.02559838798042076,0.0002304356571783483,0.030665230339001443,0.0,0.0,0.0,0.0,0.005787647732406859,0.0,0.0,0.0,0.0008184071065660707,0.04544297982542728,0.0,0.0,0.5729115320802896,0.013396635077602605,0.0,0.0,0.0,0.0,0.00021513445984448754,0.0
s07T2422,0.29786121347861483,0.0,0.007683045805520569,0.0,0.1979403341252591,0.002096117165797922,0.0,0.05838113876498617,0.006939363833032722,0.0,0.0,0.0,0.0007528626576159211,0.009752814173945832,0.0,0.0,0.0,0.018928461155107334,0.05057857424276887,0.0,0.0,0.33974383866408014,0.009342235933270725,0.0,0.0,0.0,0.0,0.0,0.0
s08T2422,0.002978498241490841,2.4784331166473966e-05,0.0,0.0,0.0008934101930129863,0.0009221684333942623,0.0,0.0,0.0008857535505503803,0.0,0.0,0.0,0.0,0.00015715174098347956,0.0,0.0,0.9913679842965223,0.0010558009345450633,0.0002927257648288513,1.418700561404728e-05,0.00013501770502483048,0.0011801569923998666,0.0,0.0,0.0,2.3552792120920074e-06,0.0,0.0,9.000553125442251e-05
s09T2422,0.0,0.0,0.0,0.0,0.0,0.3256296232354481,0.0,0.09126775495805416,0.5654119389453945,0.0,0.0001795598502081315,0.0,0.0,0.0,0.0,0.0009159882729398457,0.0001780005095215164,0.0,0.0,0.0,0.0,0.0,0.0,0.0,0.0,0.0,0.0,0.007904999970186738,0.00851213425824702
s10T2422,0.0,0.0,0.0,0.0,0.0,0.07513382369076964,0.0,0.0,0.8274799121124543,0.0,3.714806474355488e-05,0.0,0.0,0.0,0.008802468100785589,0.0,0.00020206679774620377,0.08088406431879837,0.0,0.0,0.0,0.0,0.0,0.0,0.0,0.0,0.0,0.007313723186441257,0.0001467937282611301
s11T2422,0.0,0.0,0.0,0.0,0.0023940245302585214,0.06908013852802002,0.0,0.006173606591387074,0.9203536607738507,2.1428529774667266e-05,0.0,0.0,8.109302184888504e-06,2.0599409058653873e-05,0.0,0.00022604541748978352,0.0,0.0,0.0,2.0858727527613073e-05,0.0,0.0,4.7818959484121375e-05,0.0,0.0,0.0,0.0,0.001653709230964075,0.0
s12T2422,0.0027587259364004564,0.0,0.0,0.0,0.000500038580675268,0.0994996572826049,0.0,0.0022421026738660035,0.7512555696467691,0.0,0.0,0.0,7.857185239571028e-05,7.904155436836221e-05,4.226891237459399e-05,0.0007293560687092884,9.73154704843822e-06,0.13333238028297423,5.850477252707907e-05,9.337422051111504e-05,0.0,0.004490061638940702,0.00035460814941600877,0.0,0.0,0.0,0.0,0.004476006880418648,0.0
s13T2422,0.0016121952528982792,0.0,0.0,0.0,0.0005703459189410744,0.0,0.001034715950959699,0.01436928932336006,0.9631660882913756,0.0,2.333679555419285e-05,0.0,0.00022889878662850214,6.901126006324987e-05,0.0,0.000319347352822138,3.3425095344321406e-05,0.008933379022746218,0.0002210599844419182,5.5160493721612334e-05,0.00041298396118155754,0.0017263656140212842,0.00035288488587260626,0.00046810614957103056,0.00011825142056336568,0.0,4.161606059243276e-05,0.006243538379340882,0.0
s14T2422,0.041975929062850366,0.0,0.0,0.013360848388196993,0.0010741486466312648,0.05827503974572448,0.029391917965443617,0.07062658903399037,0.21177280177470062,0.0,0.0,0.0015997335768509096,0.0023332007549798795,0.00012015103771961364,0.03316729298678061,0.0004927554633040828,0.0003731427925525158,0.42676524829727874,0.00011286363736187298,0.0005692852357999078,0.0034674637936828456,0.021778406456646138,0.0,0.0016710755790881105,0.0,0.0,0.002107171082994929,0.07603008730507937,0.002934847382342802
s15T2422,0.10824019804756133,0.0,0.0,0.0,0.0009112450845664355,0.03219958140582609,0.06692093760400679,0.0028989026004655376,0.441661094822688,0.0,0.00019455701114687342,0.002626090884620554,0.019467211264511248,0.0004563186297438474,0.0038397910373975845,0.002316368413981924,0.0006607134867033132,0.22860120042694926,0.0007068260132020659,0.0011087021695349575,0.021595427986167037,0.021159827259518812,0.0007274354389690057,0.0030360598105658686,0.00120848154073063,0.0,0.003004870615155939,0.03310837337986948,0.003349785066117368
s02M2522,0.10158968721893184,0.0,0.0,0.0,0.03236921003169734,0.006478119098408521,0.11556186700433653,0.014006815455444946,0.008349319235766118,0.0,0.00038243466213423857,0.0016497133448015572,0.049367056340164424,0.0015324618648512604,0.002312453562859253,0.0018557769294733962,0.0009444306883468387,0.005137647926021219,0.040916541682567545,0.001633418393229782,0.021037510307207758,0.5886188730537347,0.00030128502551275216,0.0009933457779784049,0.0,0.0,0.0025175258120441754,0.0021255083915934243,0.000318998192893876
s03M2522,0.13546765011567918,0.0,0.0006473178650697501,0.12780192047421424,0.1062419208712645,0.008858997273606659,0.06740843977051407,0.0055651836034309385,0.007077229018580126,0.0,5.741634399776793e-05,0.0024749086175764614,0.026824650312754578,0.002090519813819857,0.05885139139859322,0.0013549515511218195,0.00032208320133487604,0.006276153239805475,0.014337282088963987,0.0009006237130066692,0.012164747937411879,0.36351097262017845,0.04575758955401266,0.0012724976942430424,6.227803912321404e-05,0.0,0.0020238471112446806,0.0008675693979918443,0.0017818583724599959
s04M2522,0.018573974244072974,0.0,0.0005010502416073582,0.0,0.2068658231690845,0.0,0.0,0.0,0.00015267274425162028,0.0,0.0,0.0002994572429747453,0.00170686061546321,0.0010691788013238517,0.011880855902461126,0.0,0.0,0.5389863609255023,0.030312401579963434,0.0,0.0,0.16033865008911438,0.029312714444180446,0.0,0.0,0.0,0.0,0.0,0.0
s05M2522,0.08093680278808235,0.0,0.0018921172122919783,0.020940399660140347,0.07501479582107108,0.0011062722473937873,0.010275376114035676,0.00039835171808249247,0.0019555941025153007,0.0,0.0,0.0006154328252730347,0.008839407115964037,0.0026433151967691438,0.0019510610978630061,0.0,1.203853358184513e-05,0.0021757222561822973,0.019301664802615977,0.0,0.003649518408217888,0.7581396071485078,0.00849614980757022,0.0005180922697491699,0.0,0.0,0.0008335354840462453,0.0,0.00030474539004634026
s06M2522,0.13605962354311496,0.0,0.0014392015487621945,0.0,0.10523021681507608,0.0019618268325466855,0.02093990457331181,0.0031029083404983254,0.024535847185881525,0.0,9.049817261936786e-05,0.0015760615823735113,0.03362748010257675,0.0032683568644749014,0.0014527363957382137,0.0016885831805547918,0.0003156374142496785,0.037904882308549256,0.03796330410733714,0.0006220920166505721,0.020084011418967238,0.523871056563432,0.037506230940787644,0.0017284960765077634,0.0,0.0,0.0022752377587461183,0.001018845867707837,0.0017369603895356193
s07M2522,0.14900704725597405,0.0,0.00015141770905503698,0.020611687272984788,0.010082481370813969,0.0,0.036336587463042185,0.006711921847230562,0.23891184734658025,0.0,0.00023376830766902985,0.001995180965777868,0.162120600450947,0.0012717625467779689,0.0033573492150275577,0.0047576876522267405,0.0011376502435276488,0.009303455721314843,0.11624317293750183,0.0014316116640361483,0.02527665317951855,0.19988090916414075,0.0009382491859521858,0.0025449600453393752,0.00015984758867743863,0.0,0.0024963909580459657,0.003266029656479528,0.0017717302513586566
s08M2522,0.0,1.5070048381369708e-05,0.0,0.0,0.0011528004563958957,0.005983938414758086,0.0,0.0,0.0008817980783153844,0.0,0.0,0.0,8.183614949050851e-05,0.0,0.0,0.0,0.9916868875408937,0.0,0.0,0.0,0.0001181890954170793,0.0,0.0,0.0,0.0,8.682677893966732e-06,0.0,0.0,7.079753845379137e-05
s09M2522,0.0,0.0,0.0,0.0,0.0,0.8576282009749578,0.0,0.004427983780181019,0.13721315883428734,0.0,0.0,0.0,0.0,0.0,0.0,0.0,0.0007306564105738345,0.0,0.0,0.0,0.0,0.0,0.0,0.0,0.0,0.0,0.0,0.0,0.0
s10M2522,0.0,0.0,0.0003319575510080645,0.0,0.0,0.24904008891168908,0.0,0.39162522632343616,0.3241543758494815,0.0,0.0,0.0,8.931087178841887e-06,0.0,0.0,0.0,0.0028628972656786888,0.0037931800585434446,0.0,0.0,0.0,0.002105747025161822,0.0023972567491152394,0.0,0.0,0.0,0.0,0.0076863689486289435,0.015993970230078203
s12M2522,0.0,0.0,0.0,0.0,0.0028278057890526015,0.0,0.0,0.24357151819358527,0.7042889689902853,4.659032157293924e-05,0.0,0.0,0.0,0.0,0.0,0.0,1.4114437072039301e-05,0.0,0.0,0.0,0.0,0.00493851624399926,0.0006921960079765388,0.0007636533463791516,0.0,0.0,0.0,0.0006016942558717187,0.042254942414205396
s13M2522,0.0,0.0030198770089287673,0.0,0.0,0.0005771110889091043,0.007645207878886782,0.0,0.535228026580433,0.4353286956368153,0.0,0.0,0.0,0.0,0.0,0.0,0.0,3.364999712621039e-05,0.0,0.0,0.0,0.0,0.0,0.0,0.0006450357836242184,0.0,0.0,0.0,0.004034600136634209,0.013487795888642427
s14M2522,0.0,0.0,0.0,0.0,0.0,0.013432007184639603,0.0,0.861906248700802,0.07969679791578585,0.0,0.0,1.4696297123014367e-06,0.0,0.0,0.005149740476548968,0.0,0.0,0.021353226224958208,0.0,0.0,0.0,0.004009897322971301,0.0,0.0,0.0,0.0007502685637129519,0.0,0.010515369382494436,0.0031849745983741976
s15M2522,0.04850707657924225,0.0,0.0,0.005601483746572633,0.0,0.15845595668261528,0.005035581424145372,0.08954819206542966,0.2312530666167762,0.0,0.0,0.11062995166575035,0.006196105060328378,0.0,0.026197460952953437,0.0010313807602835583,0.00013081660053681772,0.29088367872102633,0.0,0.00064527961479716,0.004401769429414225,0.01282911582741647,3.493445917275979e-05,0.0,7.64705939672853e-05,0.0,8.889613844653865e-06,0.0082803600316397,0.00025242955408727035
s01X2522,0.11795323035797135,0.0,0.0,0.0,0.03300686891295299,0.11299516797740072,0.07236753696658432,0.03711189117561147,0.028294825898440637,0.0,0.0,0.0015097632256162654,0.1862847994483123,0.000512362264211429,0.21338497488614902,0.0019281266871825368,0.0019810659849879425,0.08879800440483111,0.003217798486863872,0.0008630488767498041,0.05443642095820395,0.03717045783999656,0.00033619768265541667,0.0013648343997640351,0.001141154964199746,0.0,0.00199608787731451,0.001370800740399986,0.0019745799836001325
s02T2522,0.0,0.0,0.0,0.0,0.029483627681500015,0.002252247549402424,0.41563731715001556,0.06424484069212545,0.009980278631272559,0.0,0.0,0.0,0.26212048844991576,0.0,0.0,0.0,0.0,0.0,0.0034366809544901238,0.0,0.07045112300970396,0.14197539378871063,0.0004180020928634428,0.0,0.0,0.0,0.0,0.0,0.0
s03T2522,0.024530203064069195,0.0,0.0,0.0,0.04383976133009564,0.010686120200359967,0.02859792280243888,0.006404133893677073,0.006712049659600945,0.0,7.558255722116723e-05,0.0,0.04814370315684117,0.00017750296961825663,0.1007338169853417,0.0018928751276597296,6.0571515973667695e-05,0.0025549122477428543,0.04974190025155055,0.0004743412117608627,0.04985539487009749,0.6224662760868149,0.0009002875970337298,0.0,0.0,0.0,0.0008493342082607885,0.001303310263841314,0.0
s04T2522,0.1987118108841185,0.0002586203844697912,0.006693929608272496,0.0,0.11890230484952681,0.0037400146114453985,0.0,0.19256239778697093,0.0056541333730411,0.0,0.0,0.0,0.017753366632710193,0.008477719593940473,0.0,0.0,0.0,0.0,0.06611927230217736,0.0,0.007099057417766973,0.36879019595402235,0.004414570998582746,0.0,0.0,9.482020768102547e-05,0.0,0.0,0.0007277853952738398
s05T2522,0.22382903119110417,0.000610587806123554,0.007142667405759309,0.03277525304581993,0.23591872320437804,0.001407319110820249,0.0076516527430168756,0.0,0.0025897595433059094,0.0,0.0,0.0,0.0018773202829433387,0.009781304379938563,0.0,0.0,0.0,0.0013834088939481516,0.07015434750961702,0.0,0.009880188174656353,0.38044360602894667,0.013013079763947397,0.00028021348807617943,0.0,0.0,0.0005615410924175908,0.0,0.0006999963351806576
s06T2522,0.030526932831298034,0.0,0.0003640263937112351,0.0,0.05870785649219083,0.002164885147400132,0.0,0.00195695481269366,0.005139676931561457,0.0,0.0,0.0006380921184300301,0.0048764054734042675,0.0011060718758988122,0.00015085865070437512,0.0005269267095234853,3.660726342482782e-05,0.0018315591894164803,0.1703759216320467,0.00031544512040829355,0.008554709198255468,0.7102414208873976,0.0007701247734037,0.0008070947347076585,0.0,0.0,0.0003033526390576974,0.0,0.0006050771250653299
s07T2522,0.07302385859966684,0.0,0.0024367123920039815,0.0,0.06776380492803258,0.0011617562748101103,0.06195975572241188,0.0031735966724458554,0.03816720499969655,0.0,0.0,0.0016903863730422,0.025875590077871304,0.004984858802345683,0.0010917350173530256,9.81002778745207e-05,0.0002090993907239339,0.001901887471920728,0.24272399876701442,0.0,0.031663573965496544,0.4335451335256521,0.0,0.0034960202588733198,0.0,0.0,0.0028058671752234227,0.0,0.002227059307540944
s08T2522,0.0007839589062157826,3.2277837313653304e-05,0.0,0.0,0.0009590029964988246,0.04977285216099779,0.0,0.008434595078744632,0.03105578263858926,0.0,0.0033284837873970483,0.0,6.262771036910473e-05,0.0,0.0,0.002667205917213265,0.8928321374202531,0.002228012044759867,0.0009110961791196691,2.9613879439526125e-05,0.0,0.001847297533901412,1.7558652051520993e-05,0.0,0.0,2.526832228455705e-05,0.0,0.002643201519803916,0.0023690274150470958
s09T2522,0.0,0.0,5.342003515055072e-07,0.0,0.001522617736120649,0.7279155717340332,0.002728438742431285,0.050629683324444764,0.11580244681655812,0.0,7.446641885984182e-05,0.0005866691258978879,0.00027745278249222827,0.0,6.609415283449747e-05,0.0,0.0005222274288881388,0.0,0.0,0.0,5.1438271848882046e-05,0.0,0.0,9.270661347177703e-05,0.0,0.0,0.0006955503113130235,0.007155533350568185,0.09187856898988596
s10T2522,0.0,0.0,0.00034754980768711657,0.0,0.0,0.03961499451124097,0.0,0.590522007563525,0.07061367745379817,0.0,0.0,0.0,0.0,0.0,0.0002711851574216115,0.0,9.115850010270709e-05,0.0,0.0,0.0,0.0,0.0,0.0,0.0,0.0,0.0,0.0,0.00826351333320868,0.29027591367301586
s11T2522,0.021320606778211296,0.01963227343822597,0.002064335095573959,0.006751294308286508,0.0009331576673799943,0.20499786974152298,0.0037640805351642024,0.1521129492648256,0.33548430133777113,0.0,0.0007249848190807654,0.0,0.0023398908558495066,0.0,0.0049857301268333735,0.0011005569726888263,0.001028995149774732,0.03850738736411631,0.0009739589003180146,0.0,0.026728100829490252,0.0037219068176181564,0.0,0.0,0.0,0.0,0.0,0.0635526347885224,0.10927498520874596
s12T2522,0.0,0.007562697652344883,0.001316019465794934,0.0014263623903108173,0.00048542745876927927,0.19565810288380706,0.01876760828071491,0.561382150713664,0.08007081808277217,0.0,0.0,0.0002311159195333576,0.0008472599985867984,0.0,0.014542172904143702,0.0008134621353634833,0.00029912207062434256,0.03372980564381089,0.0005764098752456501,0.0,0.031557317479833515,0.0019025262708930047,0.0,0.0,0.0,0.0,0.001009032725431859,0.018992850738427006,0.028829737309928424
s13T2522,0.0,0.0011456276923887722,0.0007524657996838423,0.0,0.0,0.022550371220334278,0.0,0.8564547514314701,0.016617956798215816,0.0,0.0,0.0,0.0,0.0,0.000732947435798167,0.0,2.1412790433474215e-05,0.0,0.0,0.0,0.008044344457340733,0.0,0.0,0.0,0.0,0.0,0.0,0.008942198696204856,0.08473792367812999
s14T2522,0.0,0.001020166172151449,0.0,0.0,0.0,0.03718963609641556,0.0,0.7016455251136353,0.005386392237342523,0.0,0.0,0.0010564198411498202,0.0001786774332532585,0.0,0.046897065926672046,6.483495670394786e-05,0.0,0.012617708871369045,0.0,0.0,0.037274837977091115,0.11040886139230828,0.0,0.0,0.0,0.0,0.0011203322357527456,0.017492710467041084,0.02764683127911368
s15T2522,0.02667851937012776,0.0,0.0,0.0,0.003208358253348493,0.0037460849182029817,0.015397906341606522,0.012948448425259421,0.029881557654526467,0.0,0.0,0.6281538825188981,0.043495791774155336,0.00014282960778243096,0.003908958718325681,0.0021905468028387914,0.0001302867058024591,0.1601597909601191,0.0006885293020989795,0.00020531959869228192,0.03631819748758268,0.01922365569047628,0.00037528557051153607,0.002281521237729201,0.0008231381273658204,0.0,0.0031229070078801144,0.002406782759402288,0.004511701167267431
s02M2622,0.021014710252183176,0.0,0.00708225479389581,0.0,0.0,0.020823572513477648,0.038123351970259754,0.3231779871150104,0.02084253883131576,0.0,0.0,0.001095828306654451,0.470349250180859,0.0008470611338247646,0.0008039462473142298,0.0,0.00042441983285075504,0.0,0.0028935674042318083,0.0,0.007597782834889854,0.08233144842255469,0.0,0.0,0.0,0.0,0.0,0.0,0.0025922801606779555
s03M2622,0.01662659798692304,0.0,0.0003688434982030535,0.0063047559168524885,0.27170788864053674,0.005731198426603163,0.24312510577584692,0.015235233720268759,0.004409977038757699,0.0,0.0,0.0,0.10984905257046934,2.9670500715126953e-06,0.0,0.0,0.0001728836632788305,0.0,0.012885505249915082,0.0,0.0057841883256531815,0.3019383180941977,0.005000494890319839,0.0,0.0,0.0,0.0,0.0008569891521025152,0.0
s04M2622,0.014126301666152646,0.0,0.0002764955742041526,0.0030989612499710477,0.24296653688367364,0.025002637201957213,0.004410657009810775,0.0009290738041551869,0.003963594522862581,2.3274310355734843e-05,0.0,0.00105796690398712,0.016406472034095034,0.0005138557244527042,0.00010474476437813351,0.0,5.970304039111604e-05,0.0,0.02113565583392378,0.0,0.0005956048342100675,0.5826966994309036,0.07638959241437729,0.0008756721272990349,0.0,0.0,0.001084791987607073,6.32346159040891e-06,0.004275385219641649
s05M2622,0.04806457651964613,0.0,0.00043097362799188605,0.0,0.112138569680164,0.01063583385598204,0.005614600246656075,0.003669148202798955,0.0027762468283082614,4.376893565205683e-05,0.0,0.0008042583050934846,0.02024765502228673,0.0012084052266859385,3.7045857835025794e-05,0.0,0.00012420542654591714,0.0007702845510944873,0.11227433784942889,0.00011996056422895927,0.0022422558668828375,0.6190361373812439,0.0570749353886755,0.0003008277733353568,2.4446603986758122e-05,3.454020026270663e-05,0.000801552613043835,0.0003617076692381983,0.001163725802932004
s06M2622,0.0,0.0,0.0,0.15705647325011038,0.006478712944485136,0.0017085146823873389,0.04991226667654791,0.5099080822392438,0.0009956019575581222,0.0,0.0,0.0,0.020025859461814767,0.0,0.0,0.0,0.0,0.0,0.015821095514174197,0.0,0.0017341707356759654,0.23635922253800248,0.0,0.0,0.0,0.0,0.0,0.0,0.0
s07M2622,0.0,0.0,0.0,0.1039737055354565,0.047649787746522565,0.04122824780420837,0.0,0.2773314420773185,0.004295686079806703,0.0,0.0,0.0,0.01217065280423292,0.0,0.009255405534564214,0.0,5.661134062528864e-05,0.1282679279755603,0.08041989467372794,0.0,0.0,0.28686167856195516,0.008043293259757892,0.0,0.0,0.0,0.0,0.0004456666062637175,0.0
s08M2622,0.0316224169511767,0.0033186989770701675,0.0,0.0071768817583628625,0.002073093544469064,0.014225782339029137,0.0,0.01485403724935471,0.02556257154313186,0.44551593142894275,0.2203684606009853,0.0,0.0026603429716527097,0.0001802993234604895,0.0007067697326309377,0.0014034006928689798,0.17246290860856378,0.026115327391484245,0.0022377150438025787,0.0012282712755907292,0.0,0.01235675140700356,0.0,0.0,0.0,0.00043154395247070886,0.0,0.004634316170549121,0.010864479037399512
s09M2622,0.013037940721326797,0.004648007758433958,0.0019441852407847669,0.027176180218025404,0.0,0.11220230824893815,0.00016963040651854632,0.11644196862475387,0.5969715274584964,0.001993961615189531,0.0007377767600278318,0.0,0.00015113179844089084,0.0,0.0044518809038457405,0.0,0.0005825591486236151,0.007921689121479628,2.1033515407252823e-05,0.0,0.003719501982689578,0.000771970774758663,0.0,0.0,0.0,0.0,0.0,0.0002622760573824285,0.10679446964487682
s10M2622,0.07304555890606113,0.02167607831017088,0.00859442076689448,0.007457936024941196,0.00047210226668796475,0.06380769552549095,0.023731830409962597,0.10191679341249268,0.5354155887568152,0.0,0.0,0.0,0.0010321636216300146,0.0,0.019620546550517766,0.0,7.77902478279964e-06,0.06789420166195982,0.0030067745282403788,0.0,0.024099741926577625,0.009254181881584674,0.0002594302829356428,0.0,0.0,0.0,0.0,0.006388628608094189,0.032318547534159914
s11M2622,0.007905598182515267,0.005887501044616926,0.0012547495451069096,0.006009142987236708,0.0,0.06791397353904098,4.1545625512834315e-05,0.025998046370497366,0.8576172688752083,0.000493988442523968,0.0,0.0,0.0,0.0,0.0032859552136714682,0.0,3.3156238282127556e-05,0.01694527450122129,0.00016064721104779207,0.0,0.0012474159799191135,0.0003370905427185941,0.0,0.0,0.0,0.0,0.0,0.0,0.00486864570088035
s12M2622,0.0,0.0,8.847595028159069e-05,0.020933986438590235,0.0,0.03155278656548653,0.0,0.3251326364731689,0.6162764847829377,0.0,0.0,0.0,0.0,0.0,0.000606988998690902,0.0,0.0,0.005408640790844237,0.0,0.0,0.0,0.0,0.0,0.0,0.0,0.0,0.0,0.0,0.0
s13M2622,0.0014065865556862087,0.0,0.000984537081251865,0.00560389301698906,3.625251448851663e-05,0.009356113337964513,0.0,0.04364849182396029,0.9182730018775196,8.044728247012792e-05,0.0,0.0,0.0,0.0,0.002908758642860475,0.0,0.0,0.01759493403333395,0.00010698383347533275,0.0,0.0,0.0,0.0,0.0,0.0,0.0,0.0,0.0,0.0
s14M2622,0.0,0.00017933099689578286,0.0013745809274891185,0.04644590306869075,0.00016855078044266837,0.007423889896330692,0.0,0.46801240649156994,0.4549862877137239,0.0,0.0,0.0,0.0,0.0,0.013714498432250236,0.0,0.0,0.0,0.00031575040561936313,0.0,0.0,0.004819176101872321,0.0,0.0,0.0,0.0,0.0,0.0,0.0025596251851151986
s15M2622,0.0,0.0028172284083033544,0.0020920081551460807,0.0005938721847267683,0.0010444981303164758,0.014418077892566532,0.0,0.023375004573319702,0.0713085474888138,0.0,0.0,0.0,0.03882045429110917,0.0,0.8024214901980491,0.0,9.922985346094907e-05,0.00444414767245583,0.0,0.0,0.0020123225367115033,0.02736029677696151,0.0,0.0,0.0,8.193250031833852e-05,0.0014696369444949983,0.0016671571889408897,0.005974095204304977
s01X2622,0.0,0.0,0.0,0.0,0.0025202140285831404,0.0073102320940297925,0.0,0.0,0.010863378812366332,0.0,0.0,0.043352546872823555,0.22656304025477428,0.0,0.6986854280535596,0.0,5.7993092748955155e-05,0.003060378947576257,0.0,0.0,0.0,0.00758678784353811,0.0,0.0,0.0,0.0,0.0,0.0,0.0
s02T2622,0.11468154943809254,0.0,0.0,0.0750060589617383,0.002118988526798755,0.0028204850636136944,0.041787753242550504,0.005993749548250937,0.0035486973706982936,1.7507755439147144e-05,0.00014443876935828765,0.0014215593049204018,0.23855480464057752,0.0,0.006458242340356566,0.0013112946215832343,0.0003989283523090063,0.0009433338694726279,0.004398971659340068,0.0016335481446281056,0.0005433343675601877,0.49355543110633326,0.0,0.0012754192162897453,0.0012927884468735447,0.0,0.0,0.002093115253215298,0.0
s03T2622,0.047345981457135144,0.0,0.0006095249587819443,0.11614554562804384,0.25115195143370495,0.0,0.0022220934906916913,0.2576982634530708,0.00016097057684133484,0.0,0.0,9.976377196340371e-05,0.013783433047785792,0.001340210269262417,0.0001374065639577154,0.0,4.8318155251279184e-06,0.11509057712153489,0.006998409950753577,0.00015311684824990797,0.0,0.17908956372141505,0.007968355891282437,0.0,0.0,0.0,0.0,0.0,0.0
s04T2622,0.0681509651744143,0.0,0.0012126173133187995,0.0212802474743832,0.07185585522281704,0.00027981758530729343,0.0,0.0012998368775798926,0.00038878650759420805,0.0,0.0,0.0,0.023241367679216616,0.0023126845299114057,0.00373092080360778,0.0,0.0,0.0,0.022685570763649274,0.00014416020524601073,0.0,0.7601234440010288,0.023293725861925536,0.0,0.0,0.0,0.0,0.0,0.0
s05T2622,0.0,0.0,0.0,0.027954716444879863,0.06669202638372021,0.0,0.0,0.0,5.035762771667329e-05,0.0004967805982656414,0.0,0.0,0.00040051455324341357,0.0,0.0,0.0,0.0,0.0,0.007960205808012962,0.00021847835416067448,0.0,0.8814235796403713,0.013561059746853421,0.0,0.0,0.0,0.0012422808427758108,0.0,0.0
s06T2622,0.10829871441898158,0.00015980829516016185,0.002264955743698419,0.025048280738952246,0.09206347499413632,0.00796489676681887,0.0,0.0015456727219850205,0.0035303783811456903,0.0,0.0,0.0,0.008209034974085781,0.003227561391313625,0.0005168210559862806,0.0,0.0,0.0,0.027565207997538317,0.0001277453615153439,0.000952272520048457,0.7072909332011545,0.010766162056069959,0.00012755757479738093,0.0,0.0,0.00034052180661196135,0.0,0.0
s07T2622,0.0,0.0022452613469655905,0.0,0.015987662867864936,0.017090901549334663,0.08013251863471038,0.0,0.11262738286930679,0.025844217961233117,0.0,0.0,0.05538426357520029,0.016875891146997682,0.0,0.06783562976717966,0.0003953060154979135,1.4065333754922259e-05,0.06072734634394533,0.017849151003482118,0.00039664624776409197,0.0,0.5244384985465851,0.0006434072728078793,0.0,0.0,0.0,0.0010349101119836136,0.00047693940538579677,0.0
s08T2622,0.01042827003109328,0.0009037793162853379,0.0,0.021896627442674836,0.01602370084695085,0.018155588329802904,0.0,0.029713963978810737,0.008386084125787115,0.04190396839255325,0.003846089572935305,0.0,0.0020699958852434825,0.0,0.0014496765993986833,0.0029570135491984997,0.7737261900443851,0.023371786232956493,0.004683271923376132,0.00021842363109381637,0.0,0.033332189127367774,0.0,3.732390342340305e-05,0.0,0.00012119930421576562,0.0,0.0020978326574372223,0.0046770251050100384
s09T2622,0.0,0.013610942902555311,0.0,0.007430895146791998,0.0,0.15756441282179956,0.0,0.06835040561496189,0.7258372351602053,0.000575411990435737,0.00024127926273463863,0.0,0.0,0.0,0.0,0.0,0.0006592730617051496,0.022207541461294018,0.0,0.0,0.0023290066760031152,0.0,0.0,0.0,0.0,0.0,0.0,0.0,0.0011935959015132672
s10T2622,0.0,0.012740497844901541,0.0,0.07663511186802034,0.0,0.011381152238829063,0.0,0.09041872486423265,0.7907244083054418,0.0,1.1280970976407349e-05,0.0,0.0,0.0,0.0,0.0,8.750886178886926e-05,0.013631802197697837,0.00035788357867081746,0.0,0.004011629269440617,0.0,0.0,0.0,0.0,0.0,0.0,0.0,0.0
s11T2622,0.0,0.017236061956172083,0.0,0.01361381528965624,0.0,0.07043368780508372,0.0,0.03621589124248843,0.8299393122465819,0.0,0.0,0.0,0.0,0.0,0.0,0.0,3.706896651331137e-05,0.028820453222270056,0.0001477980671535284,0.0,0.003555911204080757,0.0,0.0,0.0,0.0,0.0,0.0,0.0,0.0
s12T2622,0.0020929331650958736,0.01879707728943798,0.0,0.016009383049108195,0.0,0.05061924672159671,0.0,0.011889877466195627,0.8662185134113669,0.0,0.0,0.0,0.0,0.0,0.0,0.0,6.937679888736031e-05,0.023822514570337783,0.0006490113429151661,0.0,0.008401610298492086,0.0010616293443711637,0.0,0.0,0.00036882654219508613,0.0,0.0,0.0,0.0
s13T2622,0.0,0.015233847260727513,0.0,0.020764444703392223,0.00012692830859169788,0.0,0.0,0.019038322375694625,0.9208240049369268,0.0,0.0,0.0,0.0,0.0,0.0,0.0,0.0001081079788503124,0.017095114024665306,0.000251349347099966,0.0,0.005497864852853829,0.00047480137469721066,0.0,0.0,2.138429463508425e-05,0.0,0.0,0.000563830541865497,0.0
s14T2622,0.003023578127079142,0.016869472635306693,5.383102555429993e-05,0.010885397190610619,0.00019332917101458512,0.0,0.0,0.020235696613294836,0.8808873592960528,0.0,0.0,0.0,8.888490628593363e-05,0.0,0.0,0.0,8.278350256098893e-05,0.02376817821214779,0.0009782028347506062,0.0,0.008660000734404566,0.033841319992058604,0.0,0.0,0.0004319657588784657,0.0,0.0,0.0,0.0
s15T2622,0.06869729470751847,0.010826472634341496,0.0,0.16803162694011203,0.0003034070741590775,0.0,0.0,0.090666305099049,0.5388784764132635,0.0,0.000443231305171819,0.0,2.197592246613648e-05,0.0,0.02325969404447428,0.002080059190379753,1.1569888398722621e-05,0.03210506614583397,0.0038521033946649673,0.00027796902714192915,0.007427741673116257,0.05311700653990882,0.0,0.0,0.0,0.0,0.0,0.0,0.0
s02M2722,0.027657794041051863,1.162461286607976e-05,0.000784457202997758,0.04888938986298596,0.27485309138508435,0.001471544661523523,0.0,0.0014082228437959103,0.0080811996087766,0.0,0.0,0.0,0.01901222855043187,0.001108532250788703,0.4366815900836714,0.0,3.850464376709081e-05,0.0,0.022752210404263163,0.0,0.0,0.15395165308339062,0.0026370637664591195,0.0,0.0006608929981458774,0.0,0.0,0.0,0.0
s03M2722,0.041335540343771855,0.0037066313609272457,0.0,0.028506717724530117,0.11816628185465865,0.00092380410384708,0.2042811106514801,0.00471630002752806,0.0039378297808749275,0.0,0.0,0.0,0.03259918217125005,0.0003322223221905531,0.01697666969315363,0.0007319374894488578,8.589034035442922e-05,0.016669135576829947,0.07280989949422423,0.0008410053626863883,0.0,0.42965921466177853,0.021426922130757427,0.0,0.0,0.0,0.0,0.00027434106919378573,0.0020193638405141172
s04M2722,0.36218054958773516,0.0,0.0072709148540579535,0.12401661411846138,0.04934551848273186,8.604328044750653e-05,0.0,0.0,0.003363060561762042,0.0,0.0,0.0,0.005750279524099387,0.01115756279027719,0.0,0.0,2.1114962256819596e-05,0.0,0.03485471582615284,1.4009520167336497e-05,0.0,0.39922634235720084,0.002713274134649724,0.0,0.0,0.0,0.0,0.0,0.0
s05M2722,0.06574935608766924,0.0,5.630340622557919e-05,0.05851461587096456,0.07529352622093123,0.0,0.0,0.0,0.0008450465537191654,0.0,0.0,0.0,0.0007943989465690523,0.0015250283694105333,0.02971949683963644,0.0,0.0,0.0,0.4066224866491579,0.0005307114170185516,0.0,0.3486898217042988,0.011659207934398976,0.0,0.0,0.0,0.0,0.0,0.0
s06M2722,0.07066488854101279,0.0,0.0003325983384267604,0.10179361192791428,0.37544912742472186,0.0014151794355484182,0.0,0.0,0.0006579982149815063,0.0,0.0,0.0,0.0,0.0018397307331101034,0.013925303048159325,0.0,0.0,0.0,0.057590963052433525,0.0005426663545930421,0.0,0.36781901623352575,0.007968916695572672,0.0,0.0,0.0,0.0,0.0,0.0
s07M2722,0.016577618558148738,0.0,0.0,0.4445240539704755,0.07084655732467396,0.0,0.0049825916746135575,0.14969452246274728,0.000874082861207283,0.0,0.0,0.0,0.009169959684275138,0.00023016801261727997,0.0016022947351738211,0.0,0.0,0.0,0.06063475947451385,0.0002105120424531086,0.0,0.23756493974528736,0.003087939453813212,0.0,0.0,0.0,0.0,0.0,0.0
s08M2722,0.00015118611223704145,0.0009583873057880181,0.0,0.0007901942954748521,0.0008680175584260113,0.039318406325136786,0.0,0.0027750786849930825,0.006042987924026593,0.06681206905911906,0.007602817333793645,0.0,0.00030062976855919254,0.000814055489560193,0.000534292172606338,0.0015462643418764357,0.8534915022435452,0.005432420668096669,0.0008022375744270664,0.00017990063086470895,0.0,0.004984482482870602,0.0,0.0,0.0,0.00010202094743123015,0.0,0.004820308487677153,0.001672740593490019
s09M2722,0.0,0.0,0.0,0.0054624638193226,0.0,0.7448539606384246,0.0,0.015190075247194002,0.22607074937029029,0.0,0.0,0.0,0.0,0.0,0.0,0.0,6.204043487471601e-05,0.004321294875868667,0.0,0.0,0.002086016199427675,0.0,0.0,0.0,0.0,0.0,1.1549613963012115e-05,0.0002095549253518436,0.0017322948752826223
s10M2722,0.0,0.0,6.741954507523372e-06,0.00828354224157306,0.0003368438069676504,0.8070083528810883,0.0,0.007158103819574923,0.17452512724095073,0.0,0.0,0.0,5.080990056937302e-06,0.0,0.0,0.0,4.0420146489690376e-05,0.0,0.0006470002253694436,0.0,0.0,0.00026344026953695096,0.0,0.0,0.0,0.0,0.0,0.0017253464238847383,0.0
s11M2722,0.0,0.0017840311457933758,0.0,0.00871896215605542,0.0,0.4842716631895723,0.0,0.09559104789526345,0.30673355202490676,0.0,0.0,0.0,0.0,0.0,0.0,0.0,0.0,0.09120286753186604,3.891580423185547e-05,0.0,0.0,0.0,0.0,0.0,0.0,0.0,0.0,0.011658960252310812,0.0
s12M2722,0.0,0.0,0.0,0.008533713928733148,0.0,0.08852815278557824,0.0,0.2259166856052417,0.2192770479197424,0.0,0.0,0.0,0.0,0.0,0.0,0.0,0.0,0.4506646704718465,0.0,0.0,0.0058290265805715485,0.0,0.0,0.0,0.0,0.0,0.0,0.0012507027082864623,0.0
s13M2722,0.0,0.0,0.0,0.013737079155463504,0.0,0.05596077778696152,0.0,0.004548614276524734,0.1818431311614179,0.0,0.0,0.0,0.0,0.0,0.0,0.0,0.0,0.7408620066363246,0.0,0.0,0.0,0.0,0.0,0.0,0.0,0.0,0.0,0.0030483909833077956,0.0
s14M2722,0.0,0.0,0.0,0.0523720951277732,0.0,0.05256979589411216,0.0,0.8446875803820271,0.02381258794058382,0.0,0.0,0.0,0.0,0.0,0.0,0.0,0.0,0.01669704216806617,0.0,0.0,0.0,0.009860898487437651,0.0,0.0,0.0,0.0,0.0,0.0,0.0
s15M2722,0.050736014031248534,0.0037201012608443916,0.0,0.10007424866758677,0.006380512460115239,0.09495900275871494,0.026045689724070776,0.2716333122602887,0.018489706712877134,0.0,0.0,0.0002641246668082505,0.03251103366955578,2.1875161011228563e-06,0.015499415972071006,0.0029524842428509572,0.0005121177891427938,0.12488832506943409,0.0025539271876202797,0.0008384891569108713,0.02476773347629718,0.19813422710136938,0.0,0.0,0.0,0.0,0.0005404627400498755,0.024496883536042083,0.0
s01X2722,0.04785535776641471,0.0,0.0,0.0,0.007414662071280118,0.27735911405133384,0.11677402982642743,0.010519580039680542,0.015474695869113458,9.66455226489908e-05,0.0,0.0011966539258861937,0.20137848462795968,0.0,0.2690953105438385,0.0023645511321363348,0.0004955375550306591,0.008953008453527433,0.00456249350951288,0.0003466141104339716,0.00013833472946654323,0.019966687554710105,0.0007706944467600063,8.811339421384804e-05,0.013502151352754364,6.377337312366715e-05,0.00022301889227550195,0.0013604872514710732,0.0
s02T2722,0.11285459268370501,0.0,0.0007967394230483979,0.0,0.10930506078865788,0.004480841585695608,0.2880741403212382,0.0018139784333377701,0.004407610720511008,0.0,0.0,0.0,0.0819541094063727,0.003481716887245541,0.0024534456922368727,0.0,0.00019642168093984095,0.0,0.005536369565355236,0.0007320694137424716,0.0,0.3839129033979134,0.0,0.0,0.0,0.0,0.0,0.0,0.0
s03T2722,0.004580241424473286,0.0,0.0,0.0,0.03453392166504782,0.0012815888396046974,0.0176215960748026,0.0013313268146305274,0.001422545880383125,0.0,0.0,0.000971913288535919,0.0180250866852025,0.0,0.0016790014433780303,0.0004005231740146595,7.904735771500778e-05,9.156312292117193e-05,0.0015708866948854407,0.0009644331555751664,0.00043383301489795283,0.9131719400593742,0.0,0.0008565254468508931,0.0,0.0,0.0005462577990621444,0.00043776805864490913,0.0
s04T2722,0.2221377691852121,2.838675641743746e-06,0.004410503586239766,0.0,0.16788707740937167,0.000671043150261233,0.0,0.0,0.00023314433315721456,0.0,0.0,0.0,0.0,0.007896053591787801,0.0,0.0,0.0,0.00035266996720397073,0.018362762809570048,4.174614065290379e-05,0.0,0.5732884880479174,0.004715903102984051,0.0,0.0,0.0,0.0,0.0,0.0
s05T2722,0.14121682498776905,0.0,0.0011813179897980598,0.0,0.09103048253780742,0.008416097638675093,0.041509411424240424,0.0013842305384101912,0.0017265149277553716,2.0794771557368056e-05,0.0,0.0011085007902848511,0.012060160869964719,0.0033647790487830952,0.0010529453735161622,0.0,0.00011211996909756579,0.00546010473848783,0.1360697292493985,0.0006069259337970239,0.000779070789537519,0.548254289451699,0.0019395291725027017,0.0007157284561044677,0.0,0.0,0.0008485616383829855,4.240834823098285e-06,0.0011376388676076253
s06T2722,0.0973541777724268,0.0005917123425695207,0.0024014352410063216,0.0,0.11580816255110114,0.0007678914851028671,0.0,0.0,0.0011742206970148574,1.2036048351391372e-05,0.0,0.0,0.005700067890692002,0.0035509022151780974,0.0,0.0,1.445285366575169e-06,0.0026354349801138897,0.3799686407238023,0.0,0.0,0.37476146782466346,0.013509148106230833,0.0,0.0,0.0001587438891084009,0.0003066433594574375,0.0,0.0012978695878140887
s07T2722,0.010673079368299452,0.0,0.00010051722264302562,0.04489466812092283,0.7188462032363122,0.0,0.0,0.0,0.0002902739784814375,0.0,0.0,0.0,0.0,0.00016563429809411618,0.00042392092366300366,0.0,0.0,0.0,0.019983872521936275,8.49392391070658e-05,0.0,0.20453689109054043,0.0,0.0,0.0,0.0,0.0,0.0,0.0
s08T2722,0.0,5.857710868073292e-05,0.0,0.0,0.0,0.0012102852589315676,0.0,0.0,0.00046605570151006233,0.0,0.0,0.0,0.0,0.0,0.0,0.0,0.9982591113387789,0.0,0.0,0.0,0.0,0.0,0.0,0.0,0.0,5.970592098839676e-06,0.0,0.0,0.0
s09T2722,0.0,0.0,0.0,0.0,0.0,0.9922411797186553,0.0,0.0,0.0068187695014398,0.0,0.0,0.0,0.0,0.0,0.0,0.0,1.09177394976083e-06,0.0,0.0,0.0,0.0,0.0,0.0,0.0,0.0,0.0,0.0,0.0009389590059550348,0.0
s10T2722,0.0,0.013178017235799994,0.0,0.06380624492549944,0.0,0.5082252070723542,0.0,0.047648951778564326,0.035382208174164036,0.0,0.0,0.0,0.0,0.0,0.0,0.0,0.0010045914185259183,0.29175303292444404,0.0,0.0,0.0,0.0,0.0,0.0,0.0,0.0,0.0,0.039001746470648045,0.0
s11T2722,0.0,0.020401312911728458,0.0,0.05436729431850641,0.00022668147130655884,0.3116863871462645,0.0,0.04914789990706657,0.027535103528732178,0.0,0.0005893578573585489,0.0,0.0,0.0,0.0,0.002867307989976283,0.0005134984546615506,0.5088119686904483,0.0,0.0,0.0,0.0,0.0,0.0,0.0,0.0,0.0,0.021728614724410754,0.0021245729995398575
s12T2722,0.0,0.01337586850049853,0.0,0.055310400166523596,0.0,0.2938449180001952,0.0,0.17019304058146031,0.005021589456484462,0.0,0.00030503273311415483,0.0,0.0,0.0,0.0,0.001189626543112396,0.0006241359966354374,0.4425540437413366,0.0002697335381803889,0.0,0.0,0.0,0.0,0.0,0.0,0.0,0.0,0.017311610742459016,0.0
s13T2722,0.011172691349722588,0.003035642760142445,0.0,0.1586796283340001,0.0003453102467522185,0.22980041257093925,0.0,0.20778594783519452,0.003656508467130711,0.0,0.00044325090131398743,0.0,0.0,0.0,0.0,0.001697112862387588,4.8909225549748944e-05,0.36880758307635636,0.000576588455098996,8.485211549615288e-05,0.0,0.0,0.0,0.0,0.0,0.0,0.0,0.013498694712497941,0.00036686708741726786
s14T2722,0.05070490689914762,0.002324937055977949,0.0,0.10581242506063887,0.0,0.24578647109094842,0.0,0.269535273419105,0.004878631487127864,0.0,5.29048939467992e-05,0.0005087697616185359,1.0083628027779682e-05,0.0,0.001143529911281482,0.0017437157387877,6.83555788317591e-05,0.09476461627344208,0.0010152273785940743,0.0008155282212033659,0.0,0.18993406334453977,0.0,0.0,0.0,0.0,0.0,0.0304475920617494,0.0004529681950314296
s15T2722,0.004758343373656346,0.0,0.0,0.3710338851400217,0.0008306069102151038,0.06105867929995633,0.009183193803714322,0.3814395844815161,0.0014034310601534511,0.0,0.0,0.00036403024136441863,0.010909480241191963,0.00014628460391979115,0.000550704983814229,0.0,0.0002586606436383564,0.10308753589476714,0.0008079402947956352,0.000164489707336801,0.001222379847689655,0.05022171985422412,0.0,0.0,0.0,0.0,0.0,0.0025590496180246587,0.0
s02M2822,0.0,0.0,0.0,0.0,0.26609395330035374,0.05651569522060541,0.007533979170488906,0.008209661539119666,0.004705432371938503,0.0,0.0,0.0021626619249191935,0.19799183156829672,0.00022266021593892932,0.4132479836843557,0.00024276601227964705,0.00010464194387936828,0.0,0.009260619934629738,0.0,0.006029537645262498,0.020539200367668608,0.004980433805242259,0.0,0.00215894129502098,0.0,0.0,0.0,0.0
s03M2822,0.0,0.0,0.0,0.0,0.08268109148186925,0.014497832544521354,0.0,0.0,0.00014295032655512442,0.0,0.0,0.0,0.03855719063781665,0.0,0.25927376653480233,0.0,0.0,0.00042089982830683623,0.04762278930714772,0.0,0.0,0.5555633371504279,0.0,0.0,0.0,3.30235226479199e-05,0.001207118665904852,0.0,0.0
s04M2822,0.18983963690236,0.0002773465273009215,0.0,0.0,0.2739905755621889,0.02985937801280984,0.0026803024960409894,0.0025087884925058066,0.0007792365700908592,0.0,0.0,0.0004544244140020124,0.01200948171205078,0.0022680332794845536,0.10167556699858964,0.0008842131514237855,0.0005192633953805723,0.0024380883130953857,0.024480102180422337,0.001551253919210762,0.0010718887298990926,0.34708099871531695,0.004854071476220693,0.0,0.0,0.0,0.0,0.0007773491516061524,0.0
s05M2822,0.037007181351453027,0.0,0.001355032505663224,0.0,0.03802621481715019,0.0,0.0,0.5677334325101785,0.0,0.0,0.0,0.0,0.0,0.0022679044346470088,0.0,0.0,0.0,0.0,0.018197611488229327,0.0,0.0,0.3201559800270247,0.015256642865653851,0.0,0.0,0.0,0.0,0.0,0.0
s06M2822,0.37025617750549183,4.948589717201844e-05,0.008115045280245894,0.0,0.09350210294721975,0.02758757305426359,0.0,0.0018459993935460435,0.00016305173955041176,0.00011045655910620503,0.0,0.0005525261683469464,0.003635885900662847,0.015879040492206224,0.0,0.0,4.276800630680453e-05,0.025141883872811348,0.14490694711910715,0.0,0.0,0.287875318683006,0.019869588077852208,0.0,0.0,5.836124094746639e-05,0.0,0.0,0.0004077880621572516
s07M2822,0.0005968962438311382,0.0,0.00034537475565865497,0.012431957326223283,0.020833271153672468,0.001506359534514902,0.09960271886751512,0.7270415530060625,0.0,0.0,0.0,0.03551645782193743,0.009288840101044903,0.0007933685578175236,0.0,0.0,0.0,0.0,0.009393004606069072,0.0,0.0,0.08251244438192303,0.00013775364372994775,0.0,0.0,0.0,0.0,0.0,0.0
s08M2822,0.0,0.0005391606884507626,0.0,0.0007687253607336125,0.0011319005564479742,0.01374957770319662,0.0,0.0007988013191284235,0.0014856938235123613,0.0,0.0,0.0,0.0,0.0,0.0,0.0,0.9751590278187063,0.0031089163292526327,0.00027407616499223146,2.6630355853408583e-05,0.00037748446946983034,0.0015891660576135233,0.0,0.0,0.0,2.431081388563066e-05,0.0,0.00013865456521919642,0.0008278739735375092
s09M2822,1.85361256866489e-05,0.0,2.302342022741004e-05,0.0,0.0002698364420899127,0.9828723575899977,0.0,0.0,0.013984950440810972,0.0,0.0,4.3208991969003165e-05,4.281601834971921e-05,1.3019633744597902e-05,2.72540011325993e-05,0.0,0.00038690676750860643,0.0,0.0,1.26498342070691e-06,0.0,0.0,0.0,0.0,0.0,0.0,0.00014485057167363055,0.0,0.002171975013388496
s10M2822,0.0,0.0033156402566866037,0.0,0.13403595883848213,0.0005684005936169583,0.5067232489074387,0.0,0.059539880246255186,0.010234251081599026,0.0,0.0,0.0,0.0,0.0,0.0,0.0,0.0007274889683804832,0.27800705970747036,0.0,0.0,0.0,0.0002216868774774458,0.0,0.0,0.0,0.0,0.0,0.006626384522593155,0.0
s11M2822,0.0,0.03802551510468717,0.0,0.10730066152745231,0.0,0.5771093017904977,0.0,0.0794310391285618,0.02161970183515744,0.0,0.0,0.0,0.0,0.0,0.0,0.0,5.888174541265679e-05,0.16762257060816158,0.0,0.0,0.0,0.0,0.0,0.0,0.0,0.0,0.0,0.00883232826006931,0.0
s12M2822,0.0,0.003211470392038281,0.0,0.21862128046709722,0.0,0.1361522672296896,0.24206745707133212,0.23316665192717906,0.006335079708790593,0.0,0.0,0.0,0.0,0.0,0.00018870015838770845,0.0008201780243625176,0.00011117171839925427,0.14962305645368362,0.0,0.0,0.0021518754470289726,0.0,0.0,0.0,0.0,0.0,0.0002756802094720774,0.0010618997910234202,0.0062132314015156745
s13M2822,0.0,0.0,0.0,0.4375380042385887,0.0,0.016697952821536282,0.0,0.47302093767420994,0.0008881391434849241,0.0,0.0,0.0,0.0,0.0,0.0,0.0,0.0,0.07185496612218016,0.0,0.0,0.0,0.0,0.0,0.0,0.0,0.0,0.0,0.0,0.0
s14M2822,0.008893032401006373,0.0038024794661606436,0.0,0.32437289579139716,0.0006307943332755344,0.047948940985431905,0.1628031356810722,0.17607080965383923,0.003550332811191651,0.0007462230127499259,0.0,0.0011993571563512404,0.0013078551215185152,0.0003844170168986776,0.0017076666568020035,0.003073011205300632,0.00011387029082792303,0.11233081519472228,0.0006525779587694873,0.00017773668349345778,0.0033184901619141643,0.12770204805377106,0.0,0.0037240604503814678,0.0,0.0002023008651482102,0.002727801658941702,0.005008466152168897,0.007550881236865507
s15M2822,0.01089129892021658,0.0,0.00018867498997421112,0.9527091533924459,0.0,0.01122648889347836,0.014993901523785914,0.0,0.0013821341604745804,0.0,0.0,0.0,0.003637327699085668,0.0005695185130943524,0.0,0.0,7.232630349188393e-05,0.0,0.0,2.3454304606557628e-05,0.004305721299346116,0.0,0.0,0.0,0.0,0.0,0.0,0.0,0.0
s01X2822,0.0,0.0,0.0,0.0,0.05462854358698074,0.022524029249515184,0.033645299203124014,0.001890297171458878,0.0053732248677906495,0.0,0.00014467292931165916,0.006467744292911056,0.7248862143380398,0.0,0.11366194998710274,0.0005948375853504319,0.0011973399425814313,0.0,0.014675203055565716,0.0,0.01501043761857086,0.0,0.0009128119888824166,0.001291570386873227,0.0,0.0,0.0,0.0030958237959412107,0.0
s02T2822,0.049463827090113495,0.0,0.0,0.12228647213247153,0.4053453648443887,0.003663858644753115,0.043445775672168445,0.0037757668101090105,0.008950799931016032,0.0,0.0,0.004906889636851614,0.10579058853667068,0.0,0.0030308328383321743,0.0005645959995107362,4.848594708652583e-05,0.0024709209583173406,0.010823549921190423,0.0003244648140298329,0.026906803224303024,0.20626264902142205,0.001684648849230406,4.8597657928202156e-05,0.0,0.0,0.00020510747010650952,0.0,0.0
s03T2822,0.0,0.0,0.0,0.0,0.17669416845826413,0.0004038285197469135,0.0,0.0,0.00039048579524152653,0.0,0.0,0.0,0.006938228455346678,0.0,0.006515839548005929,0.0,0.0,0.0020822502634021928,0.46455707411294606,0.0,0.0,0.33982375055325614,0.0025943742937903466,0.0,0.0,0.0,0.0,0.0,0.0
s04T2822,0.039477390411220746,0.0,0.0,0.11297274929467144,0.3862861542998912,0.0,0.0005643132994064246,0.0,0.0021353104220081884,0.0,6.86276424192061e-05,0.0007151569587420107,0.05357742738535252,0.0,0.005943541124032441,0.0006545772720479772,5.146817886874959e-05,0.0,0.24487500382221145,0.00048205100549651844,0.006818899844825088,0.14486113010031668,0.0004634102925995004,2.4996916496265503e-05,0.0,0.0,0.0,2.7791729393631833e-05,0.0
s05T2822,0.0392004739642082,0.0,0.00011023399515337354,0.029289055736166185,0.7641731518782322,0.0018133128508941814,0.0,0.000617377639358971,0.0004428270281650351,0.0,5.731795170463587e-05,0.0,0.0019816158320091603,0.0019658431157677453,0.016206321808102168,0.0007576754266949804,2.3721960114291248e-05,0.002362728515532873,0.07143167555012983,0.00023947121593944877,0.00267998821839862,0.05930076845826981,0.007324933887025232,2.1504968133001754e-05,0.0,0.0,0.0,0.0,0.0
s06T2822,0.03927253184503016,0.0,0.002461107425244733,0.010180947419203733,0.13835669831981937,4.6221764234462033e-05,0.10802108369962578,0.0,6.881864772377216e-05,0.0,0.0,0.0,0.011432346163778688,0.0025140886456824557,0.18755889638263665,0.0,0.0,0.0,0.08553867382279975,0.0,0.0,0.4106899735323322,0.003858612331888185,0.0,0.0,0.0,0.0,0.0,0.0
s07T2822,0.0,0.0,0.0,0.26082769661619626,0.03178803629340002,0.0,0.05410001865994086,0.0,0.002957004854210515,0.0,0.0,0.0,0.17486604957760005,0.0,0.44577334228408105,0.0,0.0,0.0,0.009661561638029283,0.0,0.00392300990014633,0.005103945014158021,0.010999335162237516,0.0,0.0,0.0,0.0,0.0,0.0
s08T2822,0.0,0.0003673839535921008,0.0,0.0016583534484535263,0.0007165930546906272,0.0010370260069259107,0.0,9.478604656689073e-05,0.001233731281841264,0.007124743113460595,0.0,0.0,0.0006395667095796831,0.0,0.00017755104685859244,0.0,0.9823797001498635,0.0012645753618023932,0.0009616710020711221,0.0,0.0,0.001636859637857099,0.0,0.0,0.0,3.419170348567976e-05,0.0,0.0,0.0006732674829507532
s09T2822,0.0,0.093472544997913,0.0,0.10403089081741662,0.0,0.0932550047807579,0.0,0.07857700127375057,0.2035724485249573,0.0013980372591600014,0.0006678280545144293,0.0,0.0,0.0,0.0,0.0,0.006989838957868859,0.40326908345201196,0.0,0.0,0.0,0.0,0.0,0.0,0.0,0.0,0.0,0.002866383185414098,0.011900938696235451
s10T2822,0.0,0.05913302153722085,0.0,0.1527308798335695,0.0,0.028211259583847747,0.0,0.15201349810172415,0.03384513006128205,0.0,0.0,0.0,0.0,0.0,0.0,0.0,0.0003316847747955643,0.57373452610756,0.0,0.0,0.0,0.0,0.0,0.0,0.0,0.0,0.0,0.0,0.0
s11T2822,0.0,0.02077251093328893,0.0,0.011814338072707294,0.0,0.007899056371502318,0.0,0.0725102156358188,0.013311783987587233,0.0,0.0,0.0,0.0,0.0,0.0,0.0,0.0,0.8736920949990953,0.0,0.0,0.0,0.0,0.0,0.0,0.0,0.0,0.0,0.0,0.0
s12T2822,0.0,0.05847535639538523,0.0,0.08966196062774184,0.0,0.02717063818245303,0.0,0.56535771900569,0.01782203295875533,0.0,0.0,0.0,0.0,0.0,0.0,0.0,0.0,0.2412388850399145,0.0,0.0,0.0,0.0,0.0,0.0,0.0,0.0,0.0,0.0,0.00027340779006007534
s13T2822,0.0,0.05648643385515738,0.0,0.06789745976231952,0.000629923638344863,0.023066789132727295,0.0,0.5561908438981964,0.02562408901426885,0.0,0.0,0.0,0.0,0.0,0.0,0.0,0.0,0.26420874085462503,0.0017870851505936663,0.0,0.0,0.0032073487877771834,0.0,0.0,0.0,0.0,0.0,0.0,0.0009012859059898657
s14T2822,0.05346507338993457,0.011379210757586834,0.0,0.7268741166514492,0.0,0.00910673423843272,0.0,0.025495077206625447,0.002426871180329416,0.0,0.0,0.0,0.015808748667761486,0.0,0.006753055640634061,0.0,0.00021852554540207112,0.06640070126181587,0.0,0.0018748215537424853,0.006914514556136811,0.03280470994583254,0.0,0.0010876469525765515,0.003128046188380524,0.0004999885320461051,0.01727028905498889,0.018491868676324377,0.0
s15T2822,0.0,0.007444758515498113,4.5987003562879564e-05,0.49728203970051416,0.00041257133613257395,0.0,0.04633204327415868,0.25277960647977255,0.004761159771446461,0.0,0.0,0.0,0.06259211599720493,0.00016100157785424072,0.0,0.0,0.0,0.11758417027777862,0.00041697145705160953,0.0,0.010187574609025113,0.0,0.0,0.0,0.0,0.0,0.0,0.0,0.0
s02M2922,0.0,0.0006344994936393615,0.0,0.020040612074372875,0.8693872738721539,0.0,0.0,0.0,0.002136935180435217,0.0,0.0,0.001315786541440748,0.049658824751155475,0.0,0.0015199063080500721,0.0,0.00014439084384413768,0.0,0.0023158956519729527,9.730494117068837e-06,0.001653687969453734,0.05095815134855365,0.0,0.0,0.00022430547081095292,0.0,0.0,0.0,0.0
s03M2922,0.0,0.0,0.0,0.07474458747595338,0.0716762623032802,0.015314782257723352,0.0,0.00048391417814612584,0.008083451984649742,0.0,0.0,0.0,0.2608347509451265,0.0,0.5387077032214674,0.0,0.00020003549306751533,0.0,0.00254622749740411,0.0,0.0,0.024148816277162234,0.0,0.0,0.0,0.0,0.003259468366019174,0.0,0.0
s04M2922,0.0,0.0,0.0,0.0011936038919536137,0.028996229575171145,0.0,0.0,0.0,9.235012574033033e-05,0.0,0.0,0.0,0.0009903360251409348,0.0,0.0,0.0,0.0,0.0,0.4768841635318866,0.0,0.0,0.4916754987578742,0.0,0.00016781809223316736,0.0,0.0,0.0,0.0,0.0
s05M2922,0.0,0.0,0.0,0.0,0.2058812055406189,0.0,0.0,0.7244408549149486,0.0,0.0,0.0,0.0,0.0,0.0,0.0,0.0,0.0,0.0,0.027423635763978674,0.0,0.0,0.042205460395824,4.8843384629845524e-05,0.0,0.0,0.0,0.0,0.0,0.0
s06M2922,0.018721248740165862,0.0,0.0002597095737035098,0.20022882111896473,0.49761453696802793,0.004707456360207682,0.0,0.004420300557926006,0.00010173574736522735,0.0,4.324349424424624e-05,0.0,0.0,0.0005719067359963171,0.0,0.0003850710641433614,0.0,0.0,0.07686815974212526,1.6201393364775092e-05,0.0017949123636498596,0.1942666961401153,0.0,0.0,0.0,0.0,0.0,0.0,0.0
s07M2922,0.0,0.0,0.0,0.03901779187454605,0.06116622108872365,0.0,0.07449651734623812,0.0,0.0016062738281066027,0.0,0.0,0.0,0.002512617342579701,0.0,0.0,0.0,0.0,0.0,0.018870009191832765,0.0,0.001219778676029825,0.800730894391204,0.0,0.0002458349491330402,0.0,0.0,0.00013406131160624023,0.0,0.0
s08M2922,0.0,0.0012675899525147307,0.0,0.003024874466694761,0.0009700531952403722,0.005724455078846709,0.0,0.0029302176370308154,0.005569431652044905,0.16461283125527781,0.02368999301916589,0.0,0.00012628376897121034,0.0011271481529345879,0.0,0.0009826112686728936,0.7769854128196986,0.004499125961517394,0.00015131558209575784,0.00017968128107042302,0.0,0.002640394196027169,0.0,0.0,0.0,5.288694283382047e-05,0.0,0.0023368223734597853,0.003128871395902352
s09M2922,0.0,0.08601947677772219,0.0,0.24349485320615255,0.0,0.04139244803064101,0.0,0.10589658124869172,0.2067299968310508,0.0003981854911964833,0.00044978680811413294,0.0,0.0,0.0,0.0,0.0010416239544113017,0.0006392122451349622,0.274311093773876,0.0,0.0,0.017221806115765292,0.0,0.0,0.0,0.0,0.0,0.0,0.007907988949363086,0.014496946567880576
s10M2922,0.0,0.20863553175508648,0.0,0.26353549357877865,0.0,0.050247362474140175,0.0,0.1259609201756512,0.013063241507871194,0.0,0.0,0.0,0.0,0.0,0.0,0.0013600481603349888,2.571846631275142e-05,0.30574381055168126,0.0,0.0,0.03142787333014334,0.0,0.0,0.0,0.0,0.0,0.0,0.0,0.0
s11M2922,0.0,0.16793072074078957,0.0,0.24239245740375007,0.004449017774665504,0.033533763927315836,0.0,0.10204665465960615,0.14251492052870593,0.001074217549622911,0.0011040641593705347,0.0,0.0,0.0,0.0,0.002581014667062989,0.0009213561842331551,0.25633682207011477,0.0,0.0,0.02018294409807178,0.0,0.0,0.0005338771251616825,0.0,0.0,0.0,0.0029927601737868834,0.021405408937742183
s12M2922,0.0,0.1664453919413778,0.0,0.21496355835152917,0.0,0.025504042159457105,0.0,0.1611127662239396,0.12906373891906522,0.0009574582389508652,0.0009933810213073175,0.0,0.0,0.0,0.0,0.000590008565260279,0.0005167310539766629,0.2627622602857521,0.0,0.0,0.03049982734614461,0.0,0.0,0.0,0.0,0.0,0.0,0.0025068076758266154,0.0040840282174125705
s13M2922,0.0,0.2473144530005104,0.0,0.3069043456122319,0.0,0.027094060000844772,0.0,0.08175566896699639,0.04632973790207726,0.0,5.72875242366095e-05,0.0,0.0,0.0,0.0,3.222962075280575e-05,0.00010971977540932124,0.22937140510612958,0.0,0.0,0.04083978588616255,0.0,0.0,0.0,0.0,0.0,0.0,0.004338543866902129,0.01585276273774629
s14M2922,0.0,0.13515403011171662,0.0,0.2421873605260219,0.0,0.007933848083311844,0.0,0.43578113806121666,0.013903680979110614,0.0,0.0,0.0,0.0,0.0,0.0,0.0007379252331823627,0.0,0.1007641005237898,0.0,0.0,0.052896207572869794,0.004625525840512248,0.0,0.0,0.0,0.0,0.0004978953329806776,0.0,0.005518287735287272
s15M2922,0.0,0.011566283044487067,0.0,0.8624698149277015,0.0,0.0,0.0,0.1059736773685735,0.0007528561574834206,0.0,0.0,0.0,0.0,0.0,0.0,0.0,0.0,0.0014125151872274146,0.0,0.0,0.017824853314527152,0.0,0.0,0.0,0.0,0.0,0.0,0.0,0.0
s01X2922,0.0018419630767118453,0.007145356504854566,0.0007914695884882124,0.0,0.0,0.0,0.033823287119043206,0.0,0.009258303634688363,0.0003653008537415912,9.702173821897729e-05,0.007678886908875691,0.9037728969904496,0.0010396304732744534,0.00768075327742817,8.614369119758534e-05,4.759480878952837e-05,0.0010975068423294406,0.015692512826537466,0.0,0.005227953452220315,0.0,0.0016555315120631265,0.0015033064395658154,0.0,0.0,0.0,0.0011945802615220228,0.0
s02T2922,0.0,0.0,0.0,0.04923501625241099,0.00031336778939958747,0.0,0.0007566487196028379,0.3045773226778413,0.0006952831522051437,0.0,0.0,0.003651556371555528,0.10436585014964209,0.0,0.004144872056213606,0.0,0.0,0.0,0.022207724130761986,0.0,0.0,0.5093235749516498,0.000728783748716868,0.0,0.0,0.0,0.0,0.0,0.0
s03T2922,0.0,0.0,0.0,0.1121017480199295,0.4488059452797495,0.0,0.0,0.0,0.00039303118830108876,0.0,0.0,0.0,0.049017298261812225,0.0,0.133168756674254,0.0,0.0,0.0,0.161494800998367,0.0,0.0,0.09233498496220754,0.002683434615379203,0.0,0.0,0.0,0.0,0.0,0.0
s04T2922,0.0,0.0,0.0,0.10875867034959798,0.30563645243983456,0.0,0.007700689179892647,0.0,0.0,0.0,0.0,0.0,0.009697037493017445,0.0,0.0,0.0,0.0,0.0,0.12064702432052588,0.0,0.0,0.44543911909325884,0.0021210071238727175,0.0,0.0,0.0,0.0,0.0,0.0
s05T2922,0.0,0.0,0.0,0.21695522859375563,0.09059650484571113,0.0,0.0,0.0,0.0008577026900537907,0.0,0.0,0.0,0.0368150544223949,0.0,0.000128126587836623,0.0,0.0,0.0,0.14969557065736652,0.0,0.0,0.28445866596836983,0.2204931462345115,0.0,0.0,0.0,0.0,0.0,0.0
s06T2922,0.0,0.0,0.0,0.22991153117176327,0.3572384382625264,0.0,0.0,0.0,0.00035529846706536825,0.0,0.0,0.0,0.0,0.0,0.005970589649197007,9.642909165891166e-05,0.0,0.0,0.067082567059911,8.09948862467144e-05,0.00045988306334045974,0.3316657937599558,0.007138474588335094,0.0,0.0,0.0,0.0,0.0,0.0
s07T2922,0.0,0.06942775167696574,0.0,0.366732053832475,0.0514620197535206,0.0,0.026377024040565973,0.22032407668688728,0.000441524165538339,0.0,0.0,0.0005299655166253904,0.08954402593376944,0.0,0.1170585250247327,0.0,0.0,0.0,0.01964630572635535,0.0,0.0002611143476795272,0.03624742273770761,0.0013642803697922177,0.0,0.0,0.0005839101873847258,0.0,0.0,0.0
s08T2922,0.0,0.003930391841903167,0.0,0.0020485684308889206,0.0014647995245401504,0.001330810924939211,0.0,0.002136008207068964,0.0009599650818970151,0.0,0.011465844065479545,0.0,0.0001726346347485139,0.0,4.492200283349353e-05,0.0019305441435841768,0.9645981835601505,0.004676113995056589,0.00027650675543492906,7.415288302962347e-05,0.0,0.0013570892361777951,4.249800947593432e-05,0.000505486998440826,0.0,5.172293694890197e-05,0.0,0.0008440684392517485,0.0020896883281499978
s09T2922,0.0,0.19008124463305712,0.0,0.3510668696554749,0.0,0.022798214167754807,0.0,0.2690273581655816,0.023664688543292085,0.0023450871215481245,0.0,0.0,0.0,0.0,0.0,0.0,0.0005698325911106889,0.07715562826846416,0.0,0.0,0.02702320461231389,0.0,0.0,0.0,0.0,0.0,0.0,0.0,0.03626787224140268
s10T2922,0.0,0.11704501573009767,0.0,0.47067432639355905,0.0,0.061707023622431106,0.0,0.16694762406536387,0.015833000717655466,0.0,0.0006543474804438808,0.0,0.0,0.0,0.0,0.0051317489941130195,1.2049646470073116e-05,0.15755519427449094,0.0,0.0,0.0014090373177276937,0.0,0.0,0.0,0.0,0.0,0.0,0.0,0.0030306317576471713
s11T2922,0.0,0.2611662621172116,0.0,0.21387361374226432,0.0,0.05594926573369662,0.0,0.10468811691542172,0.08495748842723662,0.0012879880329154732,0.0,0.0,0.0,0.0,0.0,0.002639565005119446,0.0003193099809137944,0.2559516225690265,0.0,0.0,0.01379650856360713,0.0,0.0,0.0,0.0,0.0,0.0,0.0,0.0053702589125868535
s12T2922,0.0,0.35388214888319774,0.0,0.1534749712394934,0.002283574138785712,0.021104367604601482,0.0,0.2824741039532149,0.051540666547234465,0.0023247936428973347,0.0,0.0,0.0,0.0,0.0,0.0,8.85250885396312e-05,0.09052743794987629,0.0,0.0,0.02545564012356384,0.0,0.0,0.0,0.0,0.0,0.0,0.0,0.01684377082859507
s13T2922,0.0,0.14413699651987621,0.0,0.1897279319014841,0.0002834535828465399,0.05228298529414152,0.0,0.37713730439644916,0.020954058477606785,0.000717926118698307,0.0,0.0,0.0,0.0,0.0,0.002372443169360953,3.1582685565888954e-05,0.20499447804159976,0.0,0.0,0.006800672936482908,0.0,0.0,0.0,0.0,0.0,0.0,0.0,0.0005601668758877823
s14T2922,0.0,0.19216818898453075,0.0,0.3287380513458526,0.0,0.017640996388325784,0.0,0.3290572049269299,0.0050918877521551505,0.0,4.244718393367062e-06,0.0,0.0,0.0,0.0551836582278316,0.001252702432700137,0.0,0.06486741408005174,0.0,0.0,0.0,0.004176298700522492,0.0,0.0,0.0,0.0,0.0,0.0,0.0018193524427063997
s15T2922,0.0,0.09218820894848422,0.0,0.7940961043330812,0.0,0.004038987542760724,0.0,0.012553283923860027,0.000656760706918158,0.0,0.0,0.0,0.0027831122923485945,0.0,0.07488377426947082,0.0,0.0,0.014758538012533382,0.0,0.0001679007295634495,0.0020014412702956674,0.0,0.0,0.0,0.0,0.0,0.0018718879706838287,0.0,0.0
s02M3022,0.004630314947815475,0.005020097057625045,0.0,0.3725457904316904,0.15483303374831844,0.0,0.16919220379831157,0.002626746888485296,0.0017483970570577572,0.00035121985109687706,0.0,0.0031457984935187393,0.1821369894122953,0.0,0.0029242206929540127,0.0,0.00036731416921452134,0.009934363960417407,0.0,0.0,0.0016387590421713025,0.0746036019141974,0.004640467512080933,0.0033159783997394952,0.0,0.0,0.004094795019509135,0.0,0.0022499076035007986
s03M3022,0.0,0.0005690319213618241,0.0,0.08204734642428106,0.5590582624112087,0.0002590795715729378,0.07793794916885664,0.0006964553030674549,0.0005736894414090543,0.00028976179715899916,0.0,0.0027557074296901502,0.010507709648949802,0.0,0.0006599427513594996,0.00023597076825457013,0.00020286901589811607,0.00010958184060201872,0.001380692554453396,0.0,0.0016775311477080506,0.22540512916587027,0.02621290089417903,0.0027454979199466024,0.0,0.0,0.0037463314624586763,0.0,0.002928559361713212
s04M3022,0.0,8.617851776573515e-05,0.0,0.01788488566655184,0.66885653657663,0.0,0.0,0.0,0.0,0.0,0.0,0.0,0.011317580496155243,0.0,0.0,0.0,0.0,0.0,0.045859082655776144,0.0,0.0,0.201253006331772,0.054742729755349044,0.0,0.0,0.0,0.0,0.0,0.0
s05M3022,0.0,0.004955501332835408,0.0004329998193107874,0.0,0.40598246102861457,0.0017278538135340506,0.07795013330928222,0.0,0.0005950010413271147,0.0,0.0,0.0,0.015069334797650005,0.00039973503511713155,0.12441813709141736,0.0,0.0,0.0,0.01876113543178708,0.0,0.00025303841440816346,0.34945466888471605,0.0,0.0,0.0,0.0,0.0,0.0,0.0
s06M3022,0.0,0.12036486478607092,0.0003251777506013248,0.028789262980480314,0.25579425513486925,0.0027173171674666715,0.2389949722838558,0.09657876802247778,0.005256868086668377,0.0,0.0,0.0,0.013729266838346002,0.00020830757642733254,0.0,0.0,0.0,0.05515150350723257,0.0055839676728779855,0.0,0.0,0.17274765954971763,0.003757808642907938,0.0,0.0,0.0,0.0,0.0,0.0
s07M3022,0.0,0.0,0.0,0.16993414513662397,0.2087197065355506,0.0,0.050619045918752534,0.0,0.0005015961903628922,0.0,0.0,0.0010160071393840529,0.06733658915190917,0.0,0.0007049148631499311,0.0,0.0,0.0,0.002353169598873105,0.0,0.0,0.4966748744337954,0.0021399510315984623,0.0,0.0,0.0,0.0,0.0,0.0
s08M3022,0.0,0.004461856415346371,0.0,0.0214416835606488,0.013694893977084002,0.0019152078130278923,0.0,0.0009067571907084226,0.003621645035872892,0.08694974363458431,0.04644003332315416,0.0,0.003491810197597651,4.7180992612190094e-05,0.0,0.0051340950116755745,0.7945127730929519,0.004885356161503587,0.0,0.000172915374552701,0.0,0.007109114558300821,0.00010439305155874785,0.0,0.0,5.3506500268633484e-05,0.0,0.0018216125190682678,0.0032354215894827947
s09M3022,0.0,0.1298096637621123,0.0,0.03404694464993082,0.0,0.5995917565014843,0.0,0.04414509644701892,0.008761046933519067,2.1232692182610467e-05,0.00017667266682487934,0.0,0.0,0.0,0.0,0.0,0.00040889846317109034,0.18135342660654602,0.0,0.0,0.0016852612772100027,0.0,0.0,0.0,0.0,0.0,0.0,0.0,0.0
s10M3022,0.0,0.3224234091161583,0.0,0.16045934169407336,0.0,0.3220861570926211,0.0,0.009985448128052597,0.012170481510199898,0.0,0.0,0.0,0.0,0.0,0.0,0.0,2.362143882996577e-05,0.17285154102006478,0.0,0.0,0.0,0.0,0.0,0.0,0.0,0.0,0.0,0.0,0.0
s11M3022,0.0,0.34890512462767515,0.0,0.3884146901639069,0.0,0.01620495969730539,0.0,0.01229800285309827,0.02097345747986402,0.0,0.00013733380951281568,0.0,0.0,0.0,0.0,0.0,0.0,0.21306643136863732,0.0,0.0,0.0,0.0,0.0,0.0,0.0,0.0,0.0,0.0,0.0
s12M3022,0.0,0.2996489677996902,0.0,0.10360328248422548,7.2580060506452e-05,0.004048024399416991,0.0,0.24461137161081367,0.010716901734264258,0.0,0.0,0.0,0.0,0.0,0.0,0.0,0.0,0.3371854712048734,0.0,0.0,0.0,0.0,0.00011340070620953801,0.0,0.0,0.0,0.0,0.0,0.0
s13M3022,0.0,0.32259890482541886,0.0,0.061588924436944706,0.0,0.006529763254859278,0.0,0.2935285309265604,0.012821905092576096,0.0,0.0,0.0,0.0,0.0,0.0,0.0,0.0,0.3029319714636406,0.0,0.0,0.0,0.0,0.0,0.0,0.0,0.0,0.0,0.0,0.0
s14M3022,0.0,0.22547860635740863,0.0,0.16585166808925234,0.0,0.0,0.0,0.3347325149018618,0.002289009483690296,0.0,0.0,0.00017549735091921786,0.004233776092167449,0.0,0.0,0.0,0.0,0.2614663618971567,0.0,0.0,0.0,0.005753211831966191,1.9353995577298145e-05,0.0,0.0,0.0,0.0,0.0,0.0
s15M3022,0.0,0.07698355156960818,9.889825115379252e-05,0.8763431956382682,0.0,0.0015883289802598763,0.0,0.0,3.757737282997868e-05,0.0,0.0,0.0,0.043855017830868585,0.00017558570759167622,0.0,0.0,0.0,0.0,0.0,0.0,0.0005991672328812251,0.0,0.0,0.0,0.0,0.0003186774165385425,0.0,0.0,0.0
s01X3022,0.0,0.0,0.0,0.5020193629741792,0.04275404607567106,0.0,0.14255800080395786,0.0,0.0017459811879118952,0.0,0.0,0.0,0.31090100246319274,0.0,0.0,0.0,2.1606495087378937e-05,0.0,0.0,0.0,0.0,0.0,0.0,0.0,0.0,0.0,0.0,0.0,0.0
s02T3022,0.0,0.011113569512908032,0.0,0.12550022589141974,0.2765432416261369,0.0,0.03983991639202169,0.0,0.0008702428552678259,0.00022228278645164838,0.0,0.0,0.03812594846010547,0.0,0.10936065668118457,0.0021487967666156058,0.0,0.0343382947146583,0.002363069550876585,0.0,0.0,0.349309374160388,0.0,0.0,0.0,0.00015726167192672475,0.0,0.0006751014524324636,0.0094320174776064
s03T3022,0.0,0.03309221322292122,0.0,0.06254831516467112,0.2011620056706885,5.916145050122728e-05,0.015266614103701273,0.01785437693472707,0.002812509369298916,0.0,0.0,0.001068452353183464,0.0392041771515236,0.0,3.64765238200194e-05,0.0,0.0,0.02008731082090397,0.03344464872840768,0.0,0.0,0.5520179460325062,0.021345792473145667,0.0,0.0,0.0,0.0,0.0,0.0
s04T3022,0.021200993847523112,0.001681092233829502,0.0,0.0,0.5320736381164117,0.004967290748137974,0.0,0.0006151978062946406,0.0004091107782941677,0.0,0.0,0.0002894353994357764,0.004623374250860942,0.00038818799936737083,0.0005058468926573625,0.00033843541916323206,0.0,0.001083405069638288,0.2307540887739213,0.00010864682798387355,0.0003003873401949804,0.1894883450950793,0.010931125218467033,0.0002413981827394162,0.0,0.0,0.0,0.0,0.0
s05T3022,0.00028548703071091803,0.002384230907904823,0.0,0.0023133694573787967,0.6710538028566715,0.002166428841477654,0.0,0.0009920974256698734,0.000811257635815837,0.0,0.0,0.000865161686811408,0.0024760890622261976,0.0006123283796049814,0.00045616016276572635,8.197637572876702e-05,0.0,0.0011688063636211409,0.016969562165673545,7.081744571621486e-05,0.0008157605954688868,0.293732953114323,0.0020447630720838946,0.0005725357637960454,0.0,0.0,0.00012641165655083423,0.0,0.0
s06T3022,0.0,8.5849533612306e-05,0.0,0.0,0.39902355278528256,0.0,0.0,0.0988983079658222,0.00017021518129488393,0.0,0.0,0.00017520038705244947,2.184017528957712e-05,0.00012385156986303137,0.0,0.0,0.0,0.0,0.010161428070652841,5.659450267178681e-05,0.0,0.4695645366765043,0.02171862315195399,0.0,0.0,0.0,0.0,0.0,0.0
s07T3022,0.0018322237674053795,0.00543081188337855,0.0001180694391757563,0.07321391161773937,0.5797097143408848,0.007941262487692332,0.13505335295453458,0.003634815320803829,0.0036105060044062365,0.0,0.0,1.3340076464160548e-06,0.04437937643720093,0.0011423977195726745,0.0001745903190149817,0.0,4.429049248687241e-06,0.0,0.01245128502125684,0.0,0.0010315057392758056,0.12808945434537727,0.0015378526635071697,0.0006431068818785347,0.0,0.0,0.0,0.0,0.0
s08T3022,0.0,0.003213171088174766,0.0,0.0050678032009201105,0.0016092217379480383,0.0055007091475159885,0.0,0.0017093411267310639,0.004905422675611746,0.09366312309973279,0.0733306240151678,0.0,0.0016256525303108694,4.155017705358945e-05,0.0,0.011734524058244484,0.7826281965208582,0.0075716598170102786,0.0014261945429407013,0.00016167544583591778,0.0,0.0,0.0,0.0,0.0,9.180200886993435e-05,0.0,0.00228500830900267,0.0034343204980707854
s09T3022,0.0,0.7751441428365097,0.0,0.008111227596859633,2.3776453852336895e-05,0.13400626429938486,0.0009569287723255531,0.004105222561700538,0.005394938067638001,0.0036484630469446507,0.0,0.0,0.0,0.0,0.0,0.0,9.253322287258849e-06,0.021011104512418877,0.0,0.0,0.041342056409379324,0.0,0.0,0.0,0.0,0.0,0.0,0.0,0.006246622120699111
s10T3022,0.0,0.19631966528806377,0.0,0.08541349682480028,0.0,0.6628587919169006,0.015690013272659308,0.0,0.008120939454832426,0.0,0.0,0.0,0.0,0.0,0.0,0.0,0.0,0.030386741556428492,0.0,0.0,0.0007543676297431926,0.0,0.0,0.0,0.0,0.0,0.0,0.0,0.000455984056572039
s11T3022,0.0,0.24158551221213864,0.0,0.019113107405803114,0.0001374017556338015,0.6092199566428472,0.0,0.046889823318873744,0.007157144751634636,5.7592741911314387e-05,0.0,0.0,0.0,0.0,0.0,0.0,0.0,0.0713466609577947,0.0,0.0,0.0009044652869080482,0.0,0.0,0.0,0.0,0.0,0.0,0.0,0.00358833492645481
s12T3022,0.0,0.38690258337530375,0.0002975181371849228,0.11098669599559079,0.00011916969169710081,0.044976454653284155,0.05272280291408805,0.28104880187435427,0.004186694358175513,0.0005946788522421631,0.0,0.0,0.0018976374799132565,3.2968132081591006e-05,0.0,0.001853222713264741,0.0,0.09546434774679252,0.0,0.0,0.0,0.006076691841934682,4.7462832703691584e-05,8.089139066261919e-05,0.0011763107746792503,0.0007221829079525176,0.001266546851004084,0.0007513863861955866,0.008794951090894516
s13T3022,0.008249195966079606,0.8599624881960494,0.0003058626372474859,0.08265082112183952,0.0005520433314885712,0.009012188278592223,0.02268742626953778,0.00014883061846129126,0.0030502627803883995,0.00046053631737677525,0.0,0.0006800107077704434,0.000810751722868405,0.0006217127746205614,0.00028915495812693317,0.0005547919067696092,0.0002793307997938836,0.0008846050134247267,0.0006307670212000866,1.826410399490478e-05,0.001534938981651305,6.439067517099458e-05,4.779413570083113e-05,0.0015079014861319963,0.00020054167122406203,0.0,0.0012412728026972909,0.0004903007764225134,0.003063814945370517
s14T3022,0.0,0.5804858924184764,0.0006105649173815366,0.09217342517385478,0.002409502630243255,0.004570208708790377,0.045218909098802336,0.0,0.0,7.72473492245391e-06,0.0,0.0004069662887410295,0.015034890879914482,0.0009065562652208191,0.07284697202364493,0.003180322268174622,0.026358833585394727,0.11583478249703125,0.0003374123133480013,0.0,0.0004654013443105906,0.02285782405981704,0.00016343056718995234,0.0015367680309367813,0.0005289422516627223,0.0,0.001037939217785737,0.001492671893440341,0.011534058830916072
s15T3022,0.0,0.1760816600568814,5.447048211090424e-05,0.33932536292818344,0.014672804322171043,0.0,0.08836625052226883,0.0,0.0,0.0,0.0,0.0001009091294657989,0.10259233642969834,0.000455586897314822,7.901464252243458e-05,0.0,9.48023411147326e-06,0.0,0.0006660138151723804,0.0,0.0014167863525908905,0.2756814121717332,0.0,0.0004979120157751823,0.0,0.0,0.0,0.0,0.0
s02M3122,0.0,0.0,0.0,0.45378916165759103,0.13496876898254717,0.0,0.0,0.0,0.0,0.0,0.0,0.0,0.04407701471066038,0.0,0.000929608692554445,0.0,0.0,0.0,0.09356182811062243,0.0,0.0,0.23330931663102042,0.03936430121500413,0.0,0.0,0.0,0.0,0.0,0.0
s03M3122,0.0,0.0004013633542349433,0.0,0.03401010271209616,0.6309770172542418,0.0,0.0,0.0,0.0,0.0,0.0,0.0,0.005584491001188575,0.0,0.0,0.0,0.0,0.0,0.03644146826586246,0.0,0.0,0.2810125930685663,0.011572964343809692,0.0,0.0,0.0,0.0,0.0,0.0
s04M3122,0.0,0.00047552172685144184,0.0,0.002234871609429458,0.3192777298091237,0.0,0.0,0.0,8.167805763099277e-06,0.0,0.0,0.0,0.0016508469431395633,0.0,0.0,0.0,0.0,0.0,0.013679848717419086,0.0,0.0,0.6031106021701397,0.05956018682673887,0.0,0.0,2.2243913949594268e-06,0.0,0.0,0.0
s05M3122,0.0,0.0,0.0,0.07421864937955472,0.3502382212582455,0.0,0.0,0.0,0.0,0.0,0.0,0.0,0.0,0.0,0.0,0.0,0.0,0.0,0.2743284936750891,0.0,0.0,0.28870969074726993,0.012504944939840782,0.0,0.0,0.0,0.0,0.0,0.0
s06M3122,0.0,0.014709952812825411,0.0,0.7316293405410339,0.14226447414454566,0.0,0.002117156815964069,0.0,0.0,0.0,0.0,0.0,0.08907862184734798,0.0,0.0,0.0,0.0,0.0,0.0033066519719229413,0.0,0.000716821785223439,0.0058820059526452665,0.010294974128491398,0.0,0.0,0.0,0.0,0.0,0.0
s07M3122,0.0,0.0029383922510905582,0.0,0.0,0.06460034124257773,0.0,0.0,0.0,0.0005417797165995569,0.0,0.0,0.0,0.4327682596183183,0.0,0.4990862106529054,0.0,0.0,0.0,0.0,0.0,0.0,0.0,0.0,0.0,0.0,6.50165185084644e-05,0.0,0.0,0.0
s08M3122,0.0,0.0038891851052750186,0.0,0.001495823517804516,0.0034394244174184006,0.0027418892398088463,0.0,0.0016074784714457033,0.0003414300512070793,0.0,0.0,0.0,5.773931805950852e-05,0.0,0.023172853348171513,0.00017602965883115065,0.9568759278664574,0.0014324706674228088,0.0,0.0,0.0006843152808969569,0.0018508856694364718,0.0,0.0,0.0,0.00015987620449391826,0.0,0.00010225303673405003,0.00197241814653683
s09M3122,0.0,0.05266077657270753,0.0,0.05167009353900815,0.013948976550643704,0.7466183834390723,0.0,0.022774618905766264,0.013863347950393614,0.0,0.0,0.0,0.0,0.0,0.008931235765635663,0.0004515139135694414,0.0031014679126201666,0.05346774475221636,0.0,0.0,0.006628218075139487,0.0,0.0,0.0,0.0,0.0,0.0,0.015341451827950155,0.010542170795277276
s10M3122,0.0,0.3732664502334374,0.0,0.04486636228481124,0.004601501952196757,0.3453758280685353,0.10417846430772047,0.0093745109722951,0.0010686086615094936,0.0008338486609482859,0.0,0.0,0.0,0.0,0.00029301129041012713,0.0,0.0008492535602881147,0.053370352791565094,0.00511221476468301,0.0,0.0,0.0,0.0011572312285583776,0.0,0.00987641996185153,0.003502810593480479,0.0007161444018034563,0.009281429134678105,0.03227555713122764
s11M3122,0.0,0.5687533480103419,0.0,0.009626569643158821,0.005663641451237214,0.2578282992170168,0.03315029032242252,0.0009272542999968991,0.0,1.2583355824635269e-05,0.0,0.0,0.00022835726026102337,0.0,0.0,0.0005086609348748687,0.00022399592705979113,0.046773700712812345,0.0,0.0,0.0015385258091333558,0.002176570661630454,0.012735881586997342,0.0002618973495718632,0.0025889040989818617,0.0006340355031083387,0.00046910857881516727,0.009412769615848506,0.046485605660906364
s12M3122,0.0,0.3373987943904064,0.0,0.24320040800693868,0.0008592285723854013,0.2375411603899034,0.0,0.029672876705198678,0.0017515604963787706,0.0,0.0,0.0,0.0,0.0,0.0,0.0008288914423592937,9.083829823280153e-05,0.061942768205461976,0.0,0.0,0.0031706406965602042,0.01418007096749427,0.0,0.0,0.0,0.0,0.0,0.009593985590517065,0.05976877623816306
s13M3122,0.0,0.010744744895582246,0.0,0.03494468831584714,0.0006547055830671146,0.10940692628692832,0.0,0.8091678796857197,0.0,0.0,0.0,0.0,0.0028428161752326116,0.0,0.0031226749313945914,0.0,0.0,0.008246160349447905,0.0,0.00022339084191689486,0.0,0.008378702440211534,0.0,0.0,0.0033988378639153447,9.914592054972733e-05,0.003348091862302575,0.0,0.005421234847884251
s14M3122,0.007416532535896761,0.17167670050910563,0.0,0.33622922250298837,0.0038454435182769986,0.05026196501238396,0.05261754122943088,0.0010113493616633275,0.0004944956874831099,0.0,0.00011577735004102852,0.0012670114086024366,0.2679845130788103,0.00035086971328336924,0.05150347639052888,0.0013373173151196571,0.0004441990166016511,0.0,0.0013021959746723,0.00013433570573176106,0.016857660710517718,0.012436826697605046,0.00045147510796791825,0.0027207072783875575,0.0027055325367858684,0.0004403517100789361,0.0011451343224075474,0.002000291293861119,0.013249074031767706
s15M3122,0.0,0.303408517349912,0.0,0.0036995959589631476,0.007510132342580734,0.6722614315104443,0.0,0.0016479406232402204,0.007552174116599893,0.0,0.0,0.0,0.0,0.0,0.0,0.0,3.635245400657881e-05,0.001666488371024035,0.0,0.0,0.0,0.0,7.710959404806144e-05,0.0,0.0,0.0,0.0,0.000367841399084895,0.001772416280096189
s01X3122,0.0,0.001859558359565557,0.0,0.008027386522535403,0.000757028999335628,0.0236126369409245,0.0,0.0,0.0006334504036135403,0.0,0.0016666342959482038,0.0020485067963287836,0.9278123668436833,0.0,0.033552520783612115,0.0,0.0,0.0,0.0,0.0,2.9910054453036403e-05,0.0,0.0,0.0,0.0,0.0,0.0,0.0,0.0
s02T3122,0.0,0.0,0.0,0.5719937686638568,0.004096296553638242,0.0,0.0,0.0,0.0,0.0,0.0,0.0,0.2568932261547536,0.0,0.1597088011045836,0.0,0.0,0.0,0.0,0.0,0.0,0.007307907523167895,0.0,0.0,0.0,0.0,0.0,0.0,0.0
s03T3122,0.0,0.002332143902569888,0.0,0.22924444022011548,0.2899540707500192,0.029129678466804417,0.0,0.0,1.145907924148691e-05,0.0,0.0,0.0,0.17754844248902857,0.0,0.0,0.0002353641114652912,0.0,0.0,0.0093351432790275,0.0,0.00032041470260131235,0.24496221019937506,0.01692663279975185,0.0,0.0,0.0,0.0,0.0,0.0
s04T3122,0.0,0.0,0.0,0.09476104002362566,0.5120983655237203,0.0019419379272103182,0.0,0.0,0.0,0.0,0.0,0.0,0.04429072689034332,0.0,0.0,0.0,0.0,0.0,0.0,0.0,0.0,0.34419706109781245,0.002372558151806949,0.000338310385481014,0.0,0.0,0.0,0.0,0.0
s05T3122,0.0,0.0,0.0,0.08302747940427103,0.5795950771216457,0.0,0.0,0.0,0.0,0.0,0.0,0.0,0.0030386138990364966,0.0,0.0,0.0,0.0,0.0,0.0,0.0,9.415739998551674e-05,0.2977455098456358,0.036403235285663686,9.592704376175951e-05,0.0,0.0,0.0,0.0,0.0
s06T3122,0.0,0.0,0.0,0.338594910737086,0.3542855637915389,0.0,0.0011215003127400263,0.0,0.0,0.0,5.3043330682966395e-05,0.0,0.04960714446394886,0.0,0.0,0.00022996761209289962,0.0,0.0,0.000567831202426286,0.0,0.0010452341871603236,0.22602058205817727,0.028474222304146514,0.0,0.0,0.0,0.0,0.0,0.0
s07T3122,0.0,0.023176454383888788,0.0,0.4581381131498373,0.14673216499379696,0.0,0.009188715156298918,0.0,0.0,0.0,0.0,0.0,0.35716433613385173,0.0,0.0,0.0,5.7394757675164376e-05,0.0,0.0005595435104144377,0.0,0.0,0.0,0.004983277914236702,0.0,0.0,0.0,0.0,0.0,0.0
s08T3122,0.0,0.018684943581351785,0.0,0.07293273200250458,0.003240684295441125,0.01616421697519095,0.0,0.0,0.0010154816909858679,0.01377990882899778,0.003488794527212406,0.0,0.0002708066600928621,0.0,0.0,0.0003155809713597361,0.8577334547363665,0.0009448513069454775,0.0006184020895934893,0.0,0.0005825059543028735,0.008337375039605311,0.00022747486282956764,0.0,0.0,0.00018817485597143164,0.0,0.0,0.0014746116212481324
s09T3122,0.0,0.040403723977195556,0.0,0.0,0.0,0.9554974292572735,0.0,0.0,0.003096410187984986,0.0,0.0,0.0,0.0,0.0,0.0,0.0,0.00013116044234463893,0.0,0.0,0.0,0.0,0.0,0.0,0.0,0.0,6.160213388746109e-05,0.0,0.0,0.0008096740013138252
s10T3122,0.0,0.16751015695585186,0.0,0.012164620183576254,0.004659380616953601,0.7358896568942094,0.0,0.002235613607037593,0.02438320876473367,0.0,0.0,0.0,0.0009304584940687555,0.0,0.0,0.0,0.0007135066745048081,0.005366564415767749,0.0,0.0,0.011744696930170818,0.003353904725461545,0.0,0.0,0.0,0.0,0.0,0.007596279746840993,0.023451951990822877
s11T3122,0.0,0.5563779135433957,0.0,0.05351150411245236,5.600040165736363e-05,0.08149511482821285,0.0,0.00012681748853779823,0.026525438678431244,0.0,0.0,0.0,0.001249265282894091,0.0,0.0,0.00024902610581548036,0.0,0.01388605099364956,0.0,0.0,0.030138555109929216,0.07430546939836659,0.002810473859878808,0.0,0.0,0.00014967723881616638,0.0,0.01614153159350972,0.14297716136445288
s12T3122,0.0,0.4981485913317481,0.0,0.02146738289412683,0.0003575318846589725,0.0075373162061177935,0.0,0.017435692192039023,0.0,0.0020643587438078977,0.0,0.0,0.0008505792358134324,0.0,0.0,0.0,0.0,0.0,0.0,0.0,0.058859964109684706,0.0,0.0,0.0,0.0,0.0,0.0,0.005733045301771801,0.38754553810023135
s13T3122,0.0,0.5123302833592375,0.0,0.1939797248905897,0.0,0.016967713815918634,0.0,0.0,0.006685399108006739,0.0038966755111904377,0.0,0.0,6.411945626686743e-05,0.0,0.0,0.0,0.0002382075134411655,0.0,0.0,0.0,0.08434471850325322,0.0,0.0,0.0,0.0,0.0,0.0,0.030863703853847093,0.1506294539882487
s14T3122,0.0,0.2551636929511364,0.0,0.13093572362101694,0.0004338542826613007,0.02988754838170411,0.0,0.42570219017165606,0.00044187350865908145,0.0,0.0,9.724338642980418e-06,0.0011687141585384013,0.0,0.0,0.0,0.0,0.0010960110441373008,0.0,0.0,0.02307271026455474,0.03985505840364841,0.00022559025442344156,0.0,0.0,0.000241631508414494,0.0,0.004993055196231541,0.08677262191457455
s15T3122,0.016043077871554585,0.05222020976468136,0.0,0.5236835215023382,0.0,0.02193251823982217,0.05246220056858848,0.002779023962002508,0.0011841001516092085,0.0,0.0,0.0,0.1910296600018121,0.00043907830454876704,0.041414334365548165,0.0015556108782410576,2.0316388813698075e-05,0.004948490879888417,4.853437664145946e-05,0.00046224828098151216,0.018716501300678024,0.013927565070845969,0.002464036107565058,9.800532805210178e-05,0.014488826302669273,0.0,0.0,0.01335005613947465,0.026732084213643266
s02M3222,0.0,0.002884881700588085,0.0,0.0,0.08733738082752643,0.007236099950114526,0.0,0.0,4.0500720773411105e-05,0.0,0.0,0.6563822779709761,0.11295602579363227,0.00029718619972557864,0.0,0.0,2.904477573300705e-05,0.0,0.00011328675543371742,0.0,0.0,0.12469946884686635,0.0,0.0,0.0,0.0,0.0,0.0,0.008023846458630378
s03M3222,0.0,0.0,0.0,0.15367820517667502,0.5786746764459001,0.00956050701828305,0.0,0.0,0.0,0.0,0.0,0.0,0.06801664917804666,0.0,0.0,0.0,0.0,0.0,0.0,0.0,0.0002256173797377144,0.18951177554481144,0.0,0.0,0.0,0.0002926116990611368,0.0,3.995755748509934e-05,0.0
s04M3222,0.0,0.0,0.0,0.046993857987818945,0.349800664233249,0.018871095736152966,0.006965953044592087,0.0,0.0,0.0,0.0,0.0004208985028240016,0.10557665233433458,0.0,0.033976061135945805,0.0,3.5908571216501416e-05,0.0,0.0,0.0,0.00013492760907434577,0.43416418445762384,0.0016287766296887748,0.0005382407277717975,0.0,1.3585882106351528e-05,0.0005641668611811089,0.0,0.00031502628641976853
s05M3222,0.0,0.0025161063310085467,0.00014717848171148773,0.12159840289543775,0.3741629156390704,0.006944131935507242,0.015364475861138737,0.0,0.0,0.0,0.0,0.0,0.0,0.0,0.0,0.0,0.0,0.0,0.00827228409696544,0.0,0.0,0.43374003569694136,0.03704378589750982,0.0,0.0,0.00021068316470906808,0.0,0.0,0.0
s06M3222,0.0,0.004317575941426828,0.0,0.10402254405948132,0.1041291172176591,0.14648658220002828,0.05859253540007168,0.0,0.0,0.0,0.0,0.0,0.004314357733910385,0.0,0.0,0.0,0.0,0.0,0.0016873928436271952,0.0,0.0,0.5153325484608553,0.06111734614293995,0.0,0.0,0.0,0.0,0.0,0.0
s07M3222,0.0,0.0041075110846646315,0.0,0.0,0.3275177758181915,0.3183384187905157,0.0038667576529429625,0.0,0.0,0.0,0.0,0.00022985323064505763,0.07796506182821815,0.0,0.0,0.0,0.0,0.0,0.028746601892907887,0.0,0.0,0.23796323676749123,0.0003440423977762267,0.00044129170362965754,0.0,9.017981744770434e-05,0.0,0.00038926901556928694,0.0
s08M3222,0.0,0.009037289160997214,0.0,0.0008849279992620833,0.00693719015788529,0.01978584471103195,0.0,0.0,0.0010273607775834847,0.006774292495791492,0.0,0.0,0.00011035720426363639,0.0,0.0,0.0005389652381939773,0.9424057022567617,0.0018721809578346388,0.0003740818299843893,0.0,0.0,0.00701647208931416,0.0009567043533039512,0.0,0.0,0.0002881578094119538,0.0,0.0005958231097882761,0.0013946498485916806
s09M3222,0.0,0.0267096243658453,0.0,0.0,0.0,0.948949537457658,0.0,0.0,0.023272863022993886,0.0,0.0001705260678165798,0.0,0.0,1.4073514448701221e-05,0.0,0.0003998101028810307,3.898414276762331e-05,0.0,0.0,0.0,0.0,0.0,0.0,0.0,0.0,0.00044458132558883984,0.0,0.0,0.0
s10M3222,0.0,0.8655863229029278,0.0,0.0,0.0013779976229472061,0.08408018318981321,0.0,0.0,0.04202937150415986,0.0,0.00011931444961296412,0.0,0.0008604522844988256,0.0,0.0,0.0,8.808313992421965e-05,0.0,8.762736178639345e-05,0.0,0.0,0.0,5.278262634755978e-05,0.0,0.0,0.005717864917982003,0.0,0.0,0.0
s11M3222,0.0009502269271712855,0.9224521532303747,0.0,0.0,0.00029134572096951844,0.010877301041593459,0.0,0.0,0.051902087013357245,0.0,3.7696126551000744e-05,0.0,7.12140309105303e-05,0.0,0.0,0.0,0.007080654697391344,0.00018216679119097815,8.381632945547746e-06,2.0715645506886683e-05,0.0,0.0018773091613089672,5.00829301023253e-05,0.0,7.939831273058613e-05,0.004119266737895589,0.0,0.0,0.0
s12M3222,0.0,0.9092712381978667,0.0,0.006378801104203721,0.0005420041489464686,0.020405820788927262,0.010976120340076256,0.006279274584851154,0.02061988031427697,0.0,7.697384756895396e-05,1.1450814850618745e-05,0.0015913462944109667,0.0,3.3107611388468396e-05,0.0007303136457467411,1.084028155899681e-05,0.009398217284985789,0.0,3.114572302130023e-05,0.0,0.002621835486271382,4.081329877572171e-05,0.0,0.0008768517482739519,0.004542321252901216,0.0,0.0004537887449124607,0.005107854486185112
s13M3222,0.0012037744089313364,0.2869912338618078,0.0,0.002172661564715744,0.0,0.6014915219706597,0.01019070495635811,0.0,0.05338875925568012,3.895733078268675e-05,0.0,0.0,0.001332046333442372,0.0,0.00011700887635106393,0.0014065845371575392,0.00042197506793562473,0.01998386232271909,0.0,5.1440572197098265e-05,0.0,0.008746570633478654,0.00018330953836232623,0.0,0.0070503254941354085,0.0004596390448841503,0.0,0.0,0.004769624230401079
s14M3222,0.0,0.05451136812627288,0.0,0.3588537406406803,0.0007553289335979184,0.05219241569824271,0.0,0.0020981371297429116,0.0008155409898069876,0.0,0.0,0.0,0.08542140007682177,0.0,0.41801526178402715,0.0,0.0006584380075913752,0.004445713499288997,0.0,0.0,0.0,0.0016115267656709512,0.0,0.0,0.0,0.0008341428729959404,0.0,0.0,0.01978698547525996
s15M3222,0.0,0.01065133274593858,5.224319258109993e-05,0.29464093830892474,0.0,0.030345899713870417,0.035416423700037766,0.0,0.000865716725949513,0.0,0.0,0.0,0.6270692872132594,0.00017561987877408856,0.0,0.0,0.0,0.0,0.0,0.0,0.0,0.0,0.0,0.0007825385206644524,0.0,0.0,0.0,0.0,0.0
s01X3222,0.0,0.0,0.0,0.03490687101620286,0.006512216589885637,0.004111341418562654,0.0,0.0,0.0,0.0,0.0,0.0,0.9544695709753488,0.0,0.0,0.0,0.0,0.0,0.0,0.0,0.0,0.0,0.0,0.0,0.0,0.0,0.0,0.0,0.0
s02T3222,0.0,0.025393624062957396,0.0,0.18162225241730412,0.011367974558604398,0.0006657354956718753,0.0,0.0012772860171517567,0.0009307132452945292,5.6173445057920394e-05,0.0,0.0,0.4303077538069468,0.0,0.027884290710445302,0.0012868930251799242,7.740501024984461e-05,0.017368271488505227,0.001905939171151689,0.0005068643525009168,0.0,0.2849852765145602,0.0007474630352570593,6.390849850654861e-05,0.00227341191253606,0.0005127266113221442,0.003993521117342042,0.0019384413797079168,0.004834074123746222
s03T3222,0.0,0.009257131772941941,0.0,0.1392015651683073,0.1999364090363462,0.0007146463140507011,0.0,0.0,0.0,0.0,0.0,0.0,0.04342952716652601,0.0,0.0,0.0,0.0,0.0033142685314004466,0.00543582051341542,0.0,0.0,0.3319151070939244,0.26588668371612467,0.0,0.00013997196178490968,0.00014756951298126492,0.0,0.0,0.0006212992121968449
s04T3222,0.0,0.0032015389325343972,0.0,0.007086666807973364,0.2175082499492953,0.0,0.05303007629963727,0.0,0.0,0.0,0.0,0.0022829297086012124,0.09440587473026867,0.0,0.0036911291482476607,0.0,0.0,0.0,0.011646973105129028,0.0,0.0,0.6037111107899424,0.0034354505283705995,0.0,0.0,0.0,0.0,0.0,0.0
s05T3222,0.0,0.0031065954708900164,0.0,0.03817665921534591,0.1393554925234161,0.0,0.0,0.0,0.0002366423729266349,0.0,0.0,6.679269014081327e-05,0.014099353209197004,0.0,0.0,0.0,0.0,0.0,0.010722016565701039,0.0,0.0,0.7846653934490492,0.00950682537489953,0.0,0.0,6.42291284337169e-05,0.0,0.0,0.0
s06T3222,0.0,0.007137491032510387,0.0,0.0,0.144827498109793,0.008513866649535818,0.0,0.0,9.545520131066711e-05,0.0,0.0,0.0,0.06448992674686066,0.0,0.0,0.0,0.0,0.0,0.00839147712699009,0.0,0.0002142876668665253,0.742684784890146,0.02350777081372198,0.0,0.0,0.00013744176226476062,0.0,0.0,0.0
s07T3222,0.0,0.001198713374416861,0.0,0.031575197474970666,0.3753835883835376,0.0,0.0,0.0,0.0,0.0,0.0,0.0,0.028196973188456077,0.0,0.00013913433522838586,0.0,0.0,0.0,0.012433532337971672,0.0,0.0,0.5484160798684591,0.0008310174092366895,0.0,0.001722000477478138,0.00010376315024464968,0.0,0.0,0.0
s08T3222,0.0,0.003591958683018927,0.0,0.0018561096720331445,0.0009034918055489181,0.046575863336095376,0.0,0.0,0.0010107178378906477,0.0,0.0,0.0,0.0004955330068934827,0.0,0.0,0.00027129022036397803,0.9379063266710804,0.002012859670047394,0.0,0.0,0.00024173189104096103,0.00238336327235272,0.00013183794903251256,0.0,0.0,0.0010424104984242308,0.0,0.0,0.0015765054861770177
s09T3222,0.0,0.22779330133099668,0.0,0.002711395951306171,0.0,0.3772825202717485,0.0012581215935915742,0.0,0.2881550237562944,0.0001387231347185365,0.0,0.0,0.0004994917742995359,0.0,0.00030601531671200664,0.0,0.0019151109531998724,0.030274256526222128,5.308381447957193e-06,0.0,0.0,0.024182129388743697,0.00010339737176757771,0.0,0.0,0.04537520424895115,0.0,0.0,0.0
s10T3222,0.0005058377407974226,0.9517429783957314,0.0,0.0,0.0,0.0021226136381039926,0.0,0.0,0.03564362374328341,0.0,5.375964798610805e-05,0.0,0.0,0.0,0.0,0.0,2.5556413037496526e-05,0.0,0.0,1.4988088670021154e-05,0.0,0.0,0.0,0.0,0.0,0.009855877511394235,3.476482099573698e-05,0.0,0.0
s11T3222,0.0007344178799887118,0.8972369353668055,0.0,0.0,0.003911603886195399,0.005993681056745922,0.0,0.0,0.0825366240220652,0.0,2.1285952720797074e-05,0.0,0.0,0.0,0.0,0.0,0.00021396969305258103,0.0,0.0,2.400047064315249e-05,0.0,0.0,0.0,0.0002000814693841558,0.0,0.008491113914016244,0.00015997044514427742,0.0,0.00047631584323815096
s12T3222,6.642802573059617e-05,0.9322482975094561,1.4143776516977499e-05,0.0,5.694779664229594e-05,0.0,0.0,0.0,0.04572762671842521,0.0,3.726538070203993e-05,0.0,0.0,0.0,0.0,0.0,0.0,0.0,0.0,1.9624518328627873e-05,0.0025356064061674765,0.005820046815696563,2.435193897830804e-05,9.935807213960593e-05,0.0,0.011039329811443285,0.0002708028390019081,0.0,0.00204017039077089
s13T3222,0.0,0.9029022344720533,0.0,0.0,6.296039367262515e-05,0.0,0.0011354875226509374,0.019329438484479843,0.03405311422939664,0.0,1.945051040690802e-05,0.0,0.0002309862526913886,0.0,0.0,0.0006432368320372952,0.0,0.025494334432281513,0.0,0.0,0.004523846887593596,0.002131250936028368,0.0005126960163144086,4.785496582951322e-05,0.0,0.00868558137937282,0.00022752668519069268,0.0,0.0
s14T3222,0.0,0.21096377794617555,0.0,0.36439291857440537,0.0,0.0,0.02445825269379345,0.0,0.0,0.0,0.0,0.0,0.23147570962594757,0.0,0.1576924364713577,8.074595724179451e-05,0.0,0.0,0.0,0.0,0.004869747599159445,0.0,0.0,0.0,0.0,9.349961606050215e-05,0.0,0.0,0.0059729115158587785
s15T3222,0.0,0.7462606830887085,0.0,0.1139395435535033,0.0,0.0,0.0,0.0,0.01446472197789595,0.0,0.0,0.0,0.0023614396203739917,0.0,0.09460414010317389,0.0,0.0,0.0,0.0,0.0,0.0019521145968954283,0.015309460505246945,0.0,0.0,0.0,0.0057959055151731225,0.0,0.0,0.005311991039029009
s02M3322,0.0,0.0,3.0113857578111166e-05,0.7643491426695405,0.0,0.0,0.0,0.0,0.0,0.0,0.0,0.0,0.2355468688688971,6.621883940520683e-06,0.0,0.0,6.725272004375297e-05,0.0,0.0,0.0,0.0,0.0,0.0,0.0,0.0,0.0,0.0,0.0,0.0
s03M3322,0.0,0.0,0.0,0.3803505366381647,0.15911960543324954,0.0027591442899265834,0.0,0.0,0.0,0.0,0.0,0.0,0.06984894609717933,0.0,0.0,0.0,0.0,0.0,0.0,0.0,0.0,0.3879217675414799,0.0,0.0,0.0,0.0,0.0,0.0,0.0
s04M3322,0.0,0.02545401382579573,0.0,0.2622255502592027,0.02632943409871857,0.0,0.0,0.0,0.0,0.0,0.0,0.0,0.3803653631952364,0.0,0.003672197376718246,0.0,6.937896777337907e-05,0.0,0.16669833997986835,0.00013033004611659146,0.0,0.1282699033397651,0.004020901600076897,6.70206530591716e-05,0.0,0.0003123199344948911,0.0023852467231739883,0.0,0.0
s05M3322,0.0,0.0,0.0,0.17200173631612153,0.086774683901821,0.0,0.0,0.0,0.0,0.0,0.0,0.0,0.00043998046004131095,0.0,0.0,0.0,0.0,0.0,0.0006766037043077635,0.0,0.0,0.7387604742065282,0.001337917462565304,0.0,0.0,8.603948614826693e-06,0.0,0.0,0.0
s06M3322,0.0,0.0,0.0,0.1442238507874596,0.1145373519397173,0.0,0.13697814373379563,0.0,0.0,0.0,0.0,0.0,0.0013588464530465926,0.0,0.0,0.0,0.0,0.0,0.008331744382842468,0.0,0.0,0.5859764271712393,0.008593635531899083,0.0,0.0,0.0,0.0,0.0,0.0
s07M3322,0.0,0.00019230671240507362,0.0,0.025388022875358733,0.31551100524321557,0.0001908014892517088,0.18211952831502495,0.0,0.0,0.0,0.0,0.0,0.0383343930962407,0.0,0.0,0.0,0.0,0.0,0.007447257247525523,0.0,0.0,0.41916535488907214,0.011651330131905547,0.0,0.0,0.0,0.0,0.0,0.0
s08M3322,0.0,0.0024343360746687695,0.0,0.009817571612814215,0.0021545603439542286,0.0030092675752971063,8.452536097329933e-05,0.00046830529372521036,0.00042032346264239304,0.0,0.0,0.0,0.0015788581071675513,0.0,2.0326271893935563e-05,0.0013812155688384792,0.9677743291455895,0.0028563407439729377,0.0,0.0,4.123100188527172e-05,0.0038965888879196266,0.0002240820186657224,0.0004530277476347942,0.0,0.00084999802545136,0.0005200621783853818,0.0006194700140068804,0.0013955805645134132
s09M3322,0.0,0.4629926455058052,0.0,0.004596900317252019,0.0,0.2435913466167161,0.0,0.005487027783459503,0.25866087771438206,0.0,0.0,0.0,0.0,0.0,0.0,0.0,0.0009134364057855656,0.017999150648259576,0.0,0.0,0.0026996917934985543,0.0,0.0,0.0,0.0,0.0030589232148414617,0.0,0.0,0.0
s10M3322,0.0,0.08718422890908827,0.0,0.0009586744982825365,0.0,0.83774803150706,0.0,0.0,0.06547634302072258,0.0,0.0,0.0,0.00012468025554141825,0.0,0.0,0.0,0.000421838428872551,0.0,0.0,0.0,0.0,0.0,0.0,0.0,0.0,0.008086203380432692,0.0,0.0,0.0
s11M3322,0.0,0.5335062673106215,0.0,0.05013186139338304,0.0,0.2813000871367213,0.0,0.0,0.05626440902253682,0.0,0.0,0.0,0.0,0.0,0.006573270504747686,0.0,3.277722094945345e-05,0.007691718086784841,0.0,0.0,0.0,0.0,0.0,0.0,0.0,0.06449960932425534,0.0,0.0,0.0
s12M3322,0.0,0.5297427169271774,0.00015243821694846347,0.07797947733544434,0.00038093958203179077,0.03183250547663937,0.014086717557266036,0.0,0.15085728575196,0.0,0.0,0.0,0.0020260635320610825,0.00027379436036571335,1.719077570703287e-05,0.0007532919128068568,0.0016425832497198173,0.0298268481682557,0.0,0.0,0.0,0.00023162320982684392,0.0,0.00028891361129481275,0.000923402680057301,0.1532389692743132,0.0005080530982622214,0.0,0.005237185279861858
s13M3322,0.0,0.652508235237553,5.144771992290987e-05,0.11260280885981253,1.9243657034634028e-05,0.0045288323469105845,0.0,0.0,0.11428600705676037,0.0,0.0,0.0,0.0012799188324159254,2.3970260976243856e-05,8.27850645382555e-06,0.0,0.0,0.0,0.0,0.0,0.0,0.0,0.0,0.0,0.0,0.11469125752215997,0.0,0.0,0.0
s14M3322,0.0,0.2015680453606271,0.0,0.14072965421118008,0.03808335065167346,0.047567099400286514,0.019559947053932415,0.055269490983789936,0.09371404080735192,0.0002172620482985561,0.0,0.0,0.0050911306706265865,0.0,3.0157219801461306e-05,0.0012657955713785136,0.00039309939917373573,0.08090745521765076,0.0,0.0,0.0003077001419528523,0.13640597758001233,0.0,0.000634173430134138,0.029200665594492012,0.12132488604352572,0.00046263493393093597,0.0002086319821569832,0.02705880169802423
s15M3322,0.02004304977543327,0.10233128038857399,6.63264418436634e-05,0.32038000376971937,0.0,0.02429249069985513,0.03466896143372015,0.007614577887821204,0.1408503137768134,0.0,0.0,0.0,0.15229618412277837,0.0,0.00299198227113767,0.0,8.829698678397487e-05,0.019202924964142477,0.0019378188898549918,0.0008185057555244844,0.0029391773609354437,0.01202908032228468,0.001118381162254377,0.001189278933407291,0.018332328234313383,0.10983679905251935,0.011800588823803724,0.002545549529907265,0.012626099416572502
s01X3322,0.05291646283636366,0.006249192662890019,0.0,0.08450572113030692,0.03236263038318538,0.0265084106681039,0.0,0.03255618685713144,0.0008036524916946867,0.0,0.0,0.00960049362194679,0.4282532355868989,0.0,0.23156914531560782,0.0,0.0006973777243521679,0.0,0.0008039298096502858,0.003102379017805792,0.0,0.0,0.0009021915659138904,0.0003537380424630352,0.04197164516130751,0.0032860357037298193,0.04088797128107577,0.002669600139572248,0.0
s02T3322,0.0,0.0,0.0,0.1998823273897317,0.06932748797562635,0.008131891238857745,0.01959281334604911,0.0,0.0004054734693026652,0.0,0.0,0.0,0.6390276259714546,0.0,0.0,0.0,0.001462265497298706,0.0,0.0,0.0,0.0,0.06208084517715785,0.0,0.0,0.0,8.926993452134716e-05,0.0,0.0,0.0
s03T3322,0.0,0.006939686276005013,0.0,0.05692988481038595,0.1641814927082272,0.008086423744854625,0.04038443557788248,0.0,0.0004219834672001545,0.00020276162014697157,0.0,0.0,0.052164071655892985,0.0,0.013427365883700481,0.001256289910900428,0.0,0.023824885959784776,0.007577236675276685,0.0,0.0,0.5000127448766385,0.1167731655229678,0.0,7.428045848427916e-05,0.00026564206717157783,0.0,0.0007564553826045542,0.006721193401875588
s04T3322,0.0,0.0,0.0,0.23578492773975995,0.21789283886486657,0.0015714905813356537,0.0,0.0,0.0,0.0,0.0,0.020772084055610058,0.03542135563617118,0.0,0.001200889207726563,0.0,0.0,0.0,0.014966426671836869,0.00016968941814815078,0.0,0.463369912788673,0.008850385035871846,0.0,0.0,0.0,0.0,0.0,0.0
s05T3322,0.0,0.0,0.0,0.20588203677590658,0.11197038551658602,0.0,0.0,0.0,0.0,0.0,0.0,0.009612820651059424,0.005492215854712759,0.0,0.0,0.0,0.0,0.0,0.004420360650895012,2.3578099419043457e-07,0.0,0.5829241823851682,0.0796977623846778,0.0,0.0,0.0,0.0,0.0,0.0
s06T3322,0.0,0.0,0.0,0.4466762311049337,0.06120284030834241,0.0,0.0,0.0,0.00010029456609957818,0.0,0.0,0.0,0.06903105247778432,0.0,0.0,0.0,0.0,0.0,0.002244990073712841,0.0,0.0,0.40751096261920133,0.013233628849925766,0.0,0.0,0.0,0.0,0.0,0.0
s07T3322,0.0007773634487543774,0.008722922486290575,0.00011456255216098823,0.27743774672580374,0.015689009175588586,0.03337256362321755,0.0,0.0,0.0023316839830833432,0.0,0.0,0.0,0.5910625661435608,0.0,0.031701982589506225,0.0010074557237834095,0.0,0.0,0.00012245052025519358,4.847901434570335e-05,0.0,0.029834543889092666,0.0,0.0,0.0,0.006764854804036767,0.001011815320520046,0.0,0.0
s08T3322,0.0010899427745456253,0.008222484382541475,0.0,0.004071297543864145,0.0,0.011228664187084412,0.0,0.0,0.007373737125602978,0.044977858864189375,0.019776484964975003,0.0,0.0006918659022549892,0.0,5.60298052705025e-05,0.0018763460227404153,0.6796761091805003,0.14963929141413304,0.00011069509822819353,6.182842204042552e-05,0.0009651280395725364,0.0,0.0005576513712625255,0.0,0.0,0.056114142038335396,0.0,0.007544047199260581,0.005966395663598189
s09T3322,0.0,0.19357865615713385,0.0,0.004517524951892167,0.0,0.11249541837310566,0.0,0.0,0.2833621948774966,0.0,0.00020483872091560016,0.0,0.0,0.0,0.0004928624947881558,0.0,0.0018465750167422188,0.238045683818648,0.0,0.0,0.0,0.0,0.0,0.0,0.0,0.16545624558927768,0.0,0.0,0.0
s10T3322,0.0,0.10254856310136189,0.0,0.02258154438416457,0.0,0.01809095376075752,0.0,0.0,0.18075102551446723,0.0,0.0,0.0,0.0,0.0,0.0,0.0,2.549998890190181e-05,0.5579798268120821,0.0,0.0,0.0,0.0,0.0,0.0,0.0,0.11802258643826483,0.0,0.0,0.0
s11T3322,0.0,0.2660729299833868,0.0,0.1589620802592027,0.0,0.028696791707926505,0.0,0.0,0.329844711179138,0.0,0.0,0.0,0.0,0.0,0.0008735340228523041,0.0,9.541293250550348e-05,0.14508316981848213,0.0,0.0,0.0,0.0,0.0,0.0,0.0,0.07037137009650624,0.0,0.0,0.0
s12T3322,0.0,0.10594181585547247,0.0,0.2315154189632205,0.0,0.006949341207118879,0.0,0.0,0.12916973079626431,0.0,0.0,0.0,0.0023330131897733577,0.0,0.0,0.0,0.0,0.47926384455290283,0.0,0.0,0.0,0.0,0.0,0.0,0.0,0.04482683543524761,0.0,0.0,0.0
s13T3322,0.07307299846002033,0.03129219395651528,0.0,0.5216649734488257,0.0,0.05261700181096822,0.026341017031337993,0.0250940067367646,0.027968486987501904,0.0,0.0,0.0,0.020067541565894877,0.0,0.06841682321990987,0.0,0.0009723515817677218,0.026156178251053635,0.0006635140014165544,0.0026994437147808133,0.0,0.0,0.0005453216591935848,0.0007348459261436784,0.06479710134555382,0.014063303109612778,0.04020233761042557,0.002630559582313321,0.0
s14T3322,0.003606382809183713,0.030514437690603337,0.0,0.2221142126524563,0.00667210959590742,0.17111966609510312,0.041401070541604926,0.0160684356096839,0.03701749742467935,0.0,0.0,0.0,0.06974002235584159,0.0,0.275065989708887,0.0,9.50646323991096e-05,0.040102483575019866,0.0,0.0013478953865463186,0.0,0.023269083064409855,0.0,0.0,0.014026178668099845,0.020062676453700915,0.01621627887223549,0.004482527628412727,0.007077987235225349
s15T3322,0.008422918234644512,0.017679580824583426,0.0,0.5125918245947751,0.0,0.02885178191962651,0.0,0.009874023250531471,0.013777416972043387,0.0,0.0,0.014426350199165761,0.16770102010796117,0.0,0.17418350571976632,0.0,0.00016202587294760536,0.00021667803415757546,0.0,0.0010749299564725737,0.0,0.0,0.0,0.0,0.017887530114074113,0.017807283070633156,0.015237218828955828,0.00010591229966154659,0.0
s02M3422,0.0,0.0,0.0,0.0,0.0,0.0,0.0,0.0,0.0005409490788516381,6.949344513406055e-05,0.0,0.0,0.6532360193279859,0.0,0.0,0.0,0.0,0.0,0.0,0.0,0.0,0.23703372546313528,0.10618684834905105,0.0,0.0029329643358420665,0.0,0.0,0.0,0.0
s03M3422,0.0,0.010411942553288096,0.0,0.00035368451736608806,0.09692775853994759,0.0,0.002364069641574714,0.0,0.0,0.00042603996838559493,0.0,0.0,0.07916975043159187,0.0,0.0,0.0023557513074414214,0.0,0.040139889718716085,0.0013936788665793547,0.0,0.0,0.6778872922099364,0.07519160971125416,0.0,0.0,0.000490328637890336,0.0,0.0015931143411118535,0.011295089554916362
s04M3422,0.0,0.0,0.0,0.0016836802030921656,0.19660654038088604,0.0,0.0,0.0,0.0,0.0,0.0,0.0,0.024060716070526234,0.0,0.0006516627341044164,0.0,0.0,0.0,0.0,0.0,0.0,0.6625966815606379,0.11440071905075326,0.0,0.0,0.0,0.0,0.0,0.0
s05M3422,0.0,0.00044042756087947336,0.0,0.047257897201170344,0.2667916632745383,0.002192133295489532,0.0,0.0,0.0,0.0,0.0,0.0,0.012402535892918698,0.0,0.0,0.0,0.0,0.0,0.014262701624609271,6.588301549814097e-05,0.0,0.4619936549054719,0.19434657186459142,0.0,0.0,0.00024653136483291207,0.0,0.0,0.0
s06M3422,0.0,0.0,0.0,0.16802565737009986,0.11562224046403889,0.0,0.0,0.0,4.7584135982867304e-06,0.0,0.0,0.0,0.009492087137822083,0.0,0.0,0.0,0.0,0.0,0.0,0.0,0.0,0.5128931472740118,0.19396210934042898,0.0,0.0,0.0,0.0,0.0,0.0
s07M3422,0.0,0.01468233649898905,0.0,0.22171416821478712,0.030955053349801358,0.0,0.013078153179198618,0.0,0.0003577099056032111,0.0005648203167107245,0.0,0.0,0.4092771442853405,0.0,0.0,0.0038584949809868747,0.0,0.054341891839252754,0.08362421561359096,0.0,0.0,0.13354127848296066,0.013657538262255159,0.0,0.0,0.0023629907428058426,0.0,0.0020922377127616546,0.015891966614955563
s08M3422,0.0,0.0015093254954431526,0.0,0.0,0.46542840348382214,0.0007272001792462863,0.0,0.0,0.0005701759409662504,0.034071601877637,0.025013278421525176,0.0,0.00026115231204757713,0.0,0.0,0.0,0.29811549399381504,0.0006428957721763083,0.0,0.0,0.0,0.170869099957822,0.0,0.0,0.0,0.0022624570131321024,0.0,0.00019127895310789807,0.0003376365992590387
s09M3422,0.0,0.002889060533797383,0.0,0.0,0.0,0.4132292564023929,0.0,0.0,0.004603366694064141,0.00011847566035144107,0.0,0.0,0.00043612007897670107,0.0,0.0,0.0,0.00025959493366423277,0.14084800068787762,0.0,0.0,0.0,0.0,0.0,0.0,0.0,0.39469660193792705,0.0,0.0,0.04291952307094847
s10M3422,0.0,0.020957272586305083,0.0,0.019157489878392223,0.0006610494861673589,0.008647408446275333,0.0,0.0,0.00921055724116931,0.0,1.4153867622367565e-05,0.0,0.0028021311701684586,0.0,0.0,0.0,0.0,0.0,0.0,0.0,0.00035869460373291295,0.0,0.0,0.0,0.0,0.9120676223049818,0.0,0.0,0.0261236204151851
s11M3422,0.0,0.009524681215063675,0.0,0.07754502132608129,0.0,0.015880788435456435,0.0,0.0,0.007502996925318265,5.3021383708236564e-05,0.00010507542444336405,0.0003875448466346863,0.0016846612121835202,0.0,0.0006040801877363509,0.00043292437675082916,0.0,0.0,0.0,0.0,0.0008291635055759055,0.0,0.0,0.0012486427543463542,0.0,0.8821400675739893,7.079967217071577e-05,0.0,0.001990531160541091
s12M3422,0.0,0.006523575083779356,0.0,0.3777047958705295,0.000656399184921832,0.10162653120208712,0.024919859647810336,0.0,0.0013622620908931115,0.0,0.0,0.0,0.002968099752277662,0.0,3.424719315357021e-05,4.0381277821148104e-05,0.0,0.15039186302431523,0.0,5.266129862378773e-05,0.01040145663247607,0.0024096914714835716,0.0008069253867628689,0.0,0.006818690133873736,0.30195817670947456,0.0,0.006775875678088012,0.004548508361628457
s13M3422,0.0,6.899329441022287e-05,0.0,0.6692482363681482,0.0,0.02893390929147012,0.0,0.0,0.0010285101879780095,0.0,0.0,0.0,0.019375806316421586,0.0,0.08420289831478352,0.0,0.0,0.018657666306394528,0.0,0.0,0.00432233304440565,0.0,0.0,0.0,0.1429894240765758,0.02714851992187538,0.0,0.004023702877536998,0.0
s14M3422,0.0,0.0013262169686994172,0.0,0.8592903923941573,0.0,0.014766350911761318,0.006148526219834229,0.0,0.0013547468540991109,0.0,0.0,0.0,0.05057316109542927,0.0,0.0,0.00143111944374195,0.0,0.02072403111574349,0.0,0.0,0.00484262055372866,0.0034978995219375054,0.0002813091657657106,5.889278655663039e-05,0.02235192799745998,0.012559457890719395,0.0,0.0004453030021225999,0.00034804407824353913
s15M3422,0.0,0.0,0.0,0.5124633596115148,0.0,0.0019331910783633066,0.0,0.0,0.0004993629495619979,0.0,0.0,0.0,0.18772476035818544,0.0,0.2772007205504071,0.0,0.0,0.0,0.0,0.0,0.0,0.0,0.0,0.0,0.005731596444731646,0.01444700900723571,0.0,0.0,0.0
s01X3422,0.0,0.0,0.0,0.0,0.0,0.0,0.0,0.0,0.0007627010556346181,0.0001234510878565951,0.0,0.0,0.9483170965259484,0.0,0.0,0.0,9.657645009380182e-05,0.0,0.004165933696353988,0.0,0.0,0.0,0.0035529991697653487,0.0,0.039635205320819614,0.0033460366935277484,0.0,0.0,0.0
s02T3422,0.0,0.0,0.0,0.0464953684430994,0.0,0.0,0.0,0.0,0.00029538322868983495,0.0,0.0,0.0,0.17944083027508573,0.0,0.00024544905101563466,0.0,0.0,0.0,0.0,0.00012806967366653507,0.0,0.7585688529774433,0.000407748101348839,0.0,0.008854301334306708,0.004186873569067396,0.0013771233462764943,0.0,0.0
s03T3422,0.0,0.004925619086248489,0.0,0.00805290966947368,0.0797440076861487,0.0,0.0,0.0,4.500956945028947e-05,0.00010987289500963075,0.0,0.0,0.07090378701087288,0.0,0.0,0.0004635111409783034,0.0,0.017283148991567687,0.09515278847303281,0.0,0.0,0.6070405547053843,0.10824154219802608,0.0,0.0023551343639766314,0.0012279250944064771,0.0,0.0001733210478636613,0.004280868067560274
s04T3422,0.0,0.0,0.0,0.010150066445340215,0.1028367290047227,0.0,0.0,0.0,0.00010037772584083429,0.0,0.0,0.0,0.028492039637229186,0.0,0.0,0.0,0.0,0.0,0.04632881992971342,0.0,0.0,0.8060274205751419,0.0,0.0,0.004725919582635035,0.001338627099376651,0.0,0.0,0.0
s05T3422,0.0,0.0,0.0,0.015311091958063794,0.04083335905017382,0.0,0.0,0.001022307957003907,0.0,0.0,0.0,0.0,0.003421343952560316,0.0,0.00037228925417952474,0.0,0.0,0.0,0.009201885538497915,0.00016553587173022107,0.0,0.8335520230355103,0.09399733586078128,0.0,0.0,0.0003933182642345518,0.0017295092572642988,0.0,0.0
s06T3422,0.0,0.00016202645014750747,0.0,0.052177199557540854,0.03174086503178385,0.0005645419705538933,0.0,0.0,0.0003899772111271538,0.0,0.0,0.0004333222997007842,0.02488570967017014,0.0,1.3477217063766294e-05,0.0,0.0,0.0,0.005764299317704223,0.0,0.0016501781775787557,0.7557361244024777,0.1110138037506288,0.0005803715685198228,0.0026674038025617836,0.011953400390979266,0.00026729918146173776,0.0,0.0
s07T3422,0.12033824035732292,0.0,0.0,0.39038002416239215,0.0,0.005254160929000611,0.03527129494437315,0.03515241683710604,0.0012734169225335319,0.0,0.0,0.0,0.07630462581318813,0.0,0.012386029443390132,0.0,0.0002912721404394997,0.0,0.0027885229900642787,0.0037135569958450135,0.00032458731020656615,0.01283229729736519,0.0028171151758485825,0.0025980674198975854,0.05592501021202405,0.20352777895738353,0.032814597469443416,0.006006984622175582,0.0
s08T3422,0.005986626361653877,0.004327720775756367,0.0,0.004210341420848146,0.004225220109142818,0.003532982325873758,0.0,0.0008563775758653186,0.00373491627373187,0.057655092080947025,0.10457929617569696,0.0,0.004577406877854598,0.0,0.0011553876812736466,0.0005149745910633022,0.7728277348222999,0.009638771261205973,0.0002488346462544837,0.0001739281151458962,0.0,0.0014304340420299884,0.0,0.0,0.0,0.014524104232871886,0.0,0.0016977153893320209,0.004102135241152087
s09T3422,0.0,0.0,0.0,0.0,3.996180670282783e-05,0.0,0.0,0.0,0.0,0.0,8.954428340407631e-05,0.0,0.0,0.0,0.0,0.0,4.363341433736311e-06,0.0,0.0,0.0,0.0,0.0,0.0,0.0,0.0,0.9625136968178934,0.0,0.0,0.03735243375056597
s10T3422,0.0,0.0,0.0,0.0,0.0,0.0,0.0,0.0,0.0,0.0,1.6745675124322285e-05,0.0,0.0,0.0,0.0,0.0,0.0,0.0,0.0,0.0,0.0,5.988745760977805e-05,0.0,0.0,0.0,0.999923366867266,0.0,0.0,0.0
s11T3422,0.0,0.0,0.0,0.004626792480345181,0.0,0.00029477231246437057,0.0,0.0,0.0,0.0,1.442982108472867e-05,0.0,0.0,0.0,0.0,0.0,0.0,0.0,0.0,0.0,0.0,0.0,0.0,0.0,0.0,0.9950640053861057,0.0,0.0,0.0
s12T3422,0.0,0.0,0.0,0.10102340976557744,0.0,0.0,0.0,0.035886511192057685,0.00031921723998687716,0.0,8.797081251633137e-05,0.0,0.0,0.0,0.00016004463617409507,0.0,0.0003278789071507905,0.09920425010445452,0.0,0.0,0.0,0.0,0.0,0.0,0.0,0.7629907173420823,0.0,0.0,0.0
s13T3422,0.0,0.00018055061660190365,0.0,0.011777063203150718,0.0,0.0,0.0,0.02331230805419438,0.0009178666944297532,0.0,7.406544052443316e-05,0.0,0.0,0.0,0.0,0.0,2.5773637016138994e-05,0.0,0.0,0.0,0.0,0.0,0.0,0.0,0.0,0.9637123723540827,0.0,0.0,0.0
s14T3422,0.0,0.002245348296568573,0.0,0.15284008478784505,0.0,0.0,0.0,0.003885357011596904,0.0010430265556682812,0.0,0.0,0.0,0.0002079654010017663,0.0,0.00020988836900384208,0.0007157487933989848,0.0,0.17535728443246285,0.0,0.0,0.0,0.056826699514521295,0.0,0.0,0.0,0.6066685968379325,0.0,0.0,0.0
s15T3422,0.0030311847379280742,0.004951832902911235,0.00013388158132640127,0.22089477750007652,0.0,0.031473927405462836,0.003306862335507743,0.0,0.0,0.0,0.0,0.0008954382698895164,0.01614360207763922,0.00033265594346429096,0.0005389671714020652,0.0,0.00011420994542853874,0.0,0.0015404938452900337,2.2166975213680986e-05,0.0091135920074084,0.0,0.0005331279012977413,0.0010569933432653922,0.02221096018084295,0.6393278201953971,0.0015033206838710688,0.0009025083105817976,0.041971676685795274
s02M3522,0.0,0.0,0.0,0.04573189279905311,0.026681675026224514,0.0,0.0,0.0,0.0,0.0,0.0,0.0,0.009319555878038606,0.0,0.013637771669399664,0.0,0.0,0.0,0.0,0.0,0.0,0.5621680895794957,0.3419639099965161,0.0,0.0,0.0004971050512724729,0.0,0.0,0.0
s03M3522,0.0,0.0009429679675192125,0.0,0.06361490023203048,0.14283671927347208,0.0,0.0,0.0,0.0005730244707823327,0.00020304103860402175,0.0,1.0595140629470604e-05,0.026886715760665564,0.0,6.429733065340818e-05,8.254150808169339e-06,0.0,0.004365863266351858,0.007230662417732707,4.3760204171530066e-05,0.0,0.6497996884486769,0.09672708318236177,0.0003704561499756368,0.003047644220822349,0.0012712615432687046,0.0,0.000358242631917614,0.0016448225695562355
s04M3522,0.0,0.008870264683505958,0.0,0.04600855671510569,0.1907595281965035,0.004374962343411051,0.0,0.0,0.0012170855134804642,0.0002991388297362116,0.0,0.0,0.004620492755413392,0.0,0.0,0.00188008841408728,0.0,0.03202459959484504,0.004912925991906317,0.0,0.0,0.6694010243335111,0.02527297043079126,0.0,0.0,0.000340298928043728,0.0,0.0011400231069825012,0.008878040162676673
s05M3522,0.0,0.00027224065278108416,0.0,0.07363464839816719,0.186754439925418,0.0,0.0,0.0,0.0002660964250470555,0.0,0.0,6.233568696097125e-05,0.010512541051819582,0.0,0.00012490371758258655,0.0,0.0,0.0,0.025940838123065874,0.0,0.0,0.6066222778584428,0.0928847869699179,0.0,0.002416630377812029,0.0004810523009181371,0.0,0.0,2.720851206659747e-05
s06M3522,0.0,0.0,0.0,0.05019394349319849,0.7447437347131296,0.0,0.022634595710273896,0.0,0.0,0.0,0.0,0.0005548267135388901,0.004079530410602892,0.00036496815378530797,0.00031384153318592394,0.0,0.0,0.0,0.01825319694653251,0.0,0.0,0.10203323976027137,0.05630037208285176,0.0,0.0003465670145435987,0.00018118346808579453,0.0,0.0,0.0
s07M3522,0.0,0.0022583060957232313,0.0,0.15669773506024162,0.20034621260155777,0.0,0.02828638419129122,0.0,0.00017872500186711865,1.7901430155630608e-06,0.0,0.0007823634592324754,0.03354053146359274,0.0,6.6478840956062e-05,0.0,9.660257663605286e-06,0.003222434752991342,0.011534585388083081,2.3120212256908815e-05,0.0001271558780934995,0.45071890374173984,0.03073609088199095,0.0012108093097229038,0.07597681999267732,0.0006640689986065914,0.000504315957015635,0.0,0.003113507771680349
s08M3522,0.0,0.003260889495536599,0.0,0.010840547531047727,0.0028196428923317487,0.002241526405144892,0.0,0.0,0.0008240781053186796,0.0010241926078959239,0.004029511888188092,0.0,0.0016009794280111968,0.0,0.0007972859685003407,7.529985399678714e-05,0.9491301162381569,0.0048749192023441945,0.0,0.0,0.0004225619106913256,0.00838969889924519,0.001708781842831455,0.0,0.00010467663623498607,0.0027651894468148893,0.0,0.0010876863353480415,0.0040024153123609935
s09M3522,0.0,0.0,4.983470184777239e-05,0.0,0.0,0.0,0.0,0.0,0.0,0.0,6.744592650486209e-05,0.0,0.0,0.0,0.0,0.0,0.0,0.0,0.0,1.1074318322605134e-07,0.0,0.0005624920078803155,0.0,0.0,0.0,0.9882692968980098,0.0,0.0,0.011050819722574037
s10M3522,0.0,0.0,0.0,0.0,0.0,0.0,0.0,0.0,0.0,0.0,0.0,0.0,0.0,0.0,0.0,0.0,0.0,0.7007509303238895,0.0,0.0,0.0,0.0,0.0,0.0,0.0,0.2992490696761106,0.0,0.0,0.0
s11M3522,0.0,0.0,0.0,0.0,0.0,0.0,0.0,0.0,0.0,0.0,0.0,0.0,0.0,0.0,0.0,0.0,1.5341971419342492e-05,0.6859402998282308,0.0,0.0,0.0,0.0,0.0,0.0,0.0,0.3140443582003498,0.0,0.0,0.0
s12M3522,0.0,0.0,0.0,0.028154731772990473,0.0,0.0,0.0,0.0,0.0,0.0,0.0,0.0,0.006078962277907527,0.0,0.0,0.0,0.0,0.7561206730141787,0.0,0.0,0.0,0.0,0.00019565749691173551,0.0,0.0048057267050080985,0.2046442487330034,0.0,0.0,0.0
s13M3522,0.0,0.0,0.0,0.07309600502052382,0.0,0.0,0.0013597668317297605,0.0,0.0,0.0,9.376860013539285e-05,0.0007863032132186498,0.09525642780162719,0.0,0.0005442578861475172,0.0,0.00028289042268818745,0.30820785989567717,0.002297591463668782,0.0,0.0018407632222743912,0.0070574072760854496,0.0016223421577232261,0.0022802656126959717,0.014996608768876627,0.48185475496191343,0.0002610630038753536,0.0,0.00816192386113905
s14M3522,0.0,0.0,0.0,0.059519025795462976,0.000569314819622803,0.0,0.06615986068992334,0.0,0.0,0.011309490945732909,0.0,0.003099571504516714,0.22220944940993745,0.0,0.001249707936259096,4.005724433370102e-05,0.0,0.281584696346205,0.00105176168907222,0.0,0.01677205294939624,0.0984588965921156,0.005613024650858837,0.000183004479164855,0.03841963016002735,0.19109402095902878,0.0003543929816599577,0.0023120408466821138,0.0
s15M3522,0.0,0.0,0.0,0.5002513520604172,0.0028840042438884,0.0,0.021988470964773226,0.0,0.0013396481852681718,0.0,0.0,8.403908157771369e-05,0.1646095426021953,0.0,0.04195533968118232,0.0,5.169242176473309e-05,0.0,0.0,0.0,0.0,0.0,0.0,0.0005539472427039039,0.2312610905202056,0.024970258611638572,0.0,0.0,0.010050614384384692
s01X3522,0.0,0.0024887243248800242,2.2235205680466118e-05,0.12873026977865698,0.00719155596359113,0.0,0.05379378609318443,0.0,0.0036166430801469933,0.0,0.0,0.00033741174532938233,0.5334385796529723,0.0,0.0,0.0,0.0002667145886055325,0.0,0.008653963008759548,0.0,0.0,0.03878287938803855,0.00872143283224038,0.00338214675898468,0.18502862477020773,0.025545032808721932,0.0,0.0,0.0
s02T3522,0.0,0.0,0.0,0.0,0.00016184541027743123,0.0,0.02659439816359818,0.0,0.0035275056401682047,0.0002563315620194453,0.0002807027293508926,0.0,0.48332343081109813,0.0,0.0,0.0,0.0,0.006121768607777217,0.0,0.0,0.0,0.4453009121347802,0.002783816753717233,0.00702085513030231,0.0074432802607068155,0.011684541017124508,0.0,0.003280869635393046,0.002219742143686389
s03T3522,0.008720244779009793,0.005645323264837906,0.00015975601310053107,0.0,0.05280735554521794,0.0039014149612696452,0.040652821095626006,0.0,0.0018138250405592823,0.0005083616226781427,4.963525535319916e-06,3.4074460195451746e-05,0.20698853985533838,0.0004301112911237933,0.00030116047999540575,0.0013425768916871916,3.799060342058019e-05,0.022469463841672276,0.021878604316921273,0.0,0.00046804230840711956,0.5744422045573724,0.0086974179303324,0.004659517446968609,0.01872329527022138,0.014195354692518612,0.0,0.003643635921152963,0.007473944284837713
s04T3522,0.0,0.0013797087979784519,0.0,0.033840920042898674,0.22601023022573477,0.0,0.017787907460427344,0.0,0.001953513678635259,0.00016998307325717383,9.88006529481831e-05,0.00032089561965530577,0.1990465437101139,0.0,0.00019773178756057444,3.668602323404825e-05,0.00034190802407376537,0.0005959894347327024,0.0226322279172171,0.0,0.0017315775105060053,0.4316211103424231,0.027926029887702836,0.004216554610651082,0.01806852229411472,0.008447655388394103,7.235325343115995e-06,0.00140913789400025,0.0021591302983973676
s05T3522,0.0,0.0006751021067243321,0.0,0.06702825324202683,0.0628742696560331,0.0,0.0,0.0,1.914008977729296e-05,0.0,0.0,0.0,0.005085577145948626,0.0,0.0,0.0,0.0,0.0007930062029378464,0.02804854033787237,0.0,0.0,0.7812214267920295,0.05230782480546441,0.0,0.0,0.0008218471080565515,0.0,0.0,0.0011250125131291463
s06T3522,0.0,0.0006457578420008397,0.0,0.010157873222101604,0.17435325111622083,0.0,0.0,0.0,3.938497933773521e-05,9.674420455680298e-06,0.0021714524602035852,0.0,0.0011924598181466833,0.0,0.0,0.0,0.0030052636265497277,0.0015029825955564771,0.013236037764661904,0.0,0.0,0.6735006528039573,0.11460829191163667,0.0,0.002430242695198124,0.0009265219305134784,0.0,0.0,0.0022201528134591785
s07T3522,0.0,0.0011577675132399166,9.27617020609654e-05,0.0,0.0,0.0,0.0180432567452818,0.0,0.00264251848347263,0.0003677154224763225,0.001351382903534917,0.0,0.5253226897469899,0.00018395107465152312,0.0,0.00015986320709899412,0.00021086456316307586,0.0,0.001721352609451324,0.0,0.0,0.0,0.0013435399071416462,0.0008186697333102629,0.08683893909889191,0.3289431170181121,0.0,0.0,0.03080161027112281
s08T3522,0.0,0.0007144415627879163,0.0,0.0017587291906140158,0.0003873973362279561,0.0005444957771587481,0.0,0.0,0.00029755128949847794,0.04422867673648226,0.012483883078802967,0.0,0.0,0.0,0.0,4.9752190748794846e-05,0.9107655496488124,0.001433907193429691,0.0002281347460741104,0.0,0.0,0.0,1.1468125780791625e-05,0.0,0.0008592097710031676,0.02029252042007653,0.0,0.0002415109823907802,0.005702771950111533
s09T3522,0.0,0.0,0.0,0.0,0.0,0.0,0.0,0.0,0.0,0.0,7.286375811023286e-05,0.0002255998683676079,0.0,0.0,0.0,0.0,2.7778575014501824e-05,0.0013046233353599486,0.0,0.0,0.0,0.0,0.0,0.0005298874793219635,0.0,0.5834941558064689,2.8653686643650506e-05,0.0,0.41431643749071323
s10T3522,0.0,0.0,0.0,0.013410901542773405,0.0,0.0,0.0,0.0,0.0,0.0,0.00012838458557591054,0.00016026543040912879,0.0,0.0,0.0,7.863686731202288e-05,0.0,0.0,0.0,0.0,0.0001360293700089685,0.0,0.0,0.00046710863971366625,0.0,0.9656671532531841,0.0,0.0,0.019951520311022864
s11T3522,0.0,0.0,0.0,0.0,0.0003657903416137141,0.0005148397714464739,0.03385169708691834,0.0,0.0,0.00019903195629486305,0.0,0.0,0.0,0.0,0.0,0.0,0.0,0.0,0.0,0.0,0.0,0.0,6.41816847806913e-05,0.0,0.0022489861271177726,0.9227555129615426,0.0,0.0017158573616740931,0.03828410270861141
s12T3522,0.0,0.0,0.0,0.0054889774668966515,0.0035013591008631047,0.0027299787501755424,0.12161378878643712,0.0,0.0,0.0007120464531632361,0.0,0.0,0.0,0.0,0.0,0.0,8.5932242424135e-07,0.0797754821520836,0.0,0.0,0.0,0.0,0.0006255006953460987,0.0,0.010536882546199349,0.7455347144319092,0.00023827409502130177,0.006723716094933364,0.0225184201045471
s13T3522,0.0,0.0,0.0,0.005320542824355804,0.0,0.0,0.0,0.0,0.0,0.0,0.0,0.0,0.0,0.0,0.0,0.0,0.0,0.35003760300968617,0.0,0.0,0.0,0.0,0.0,0.0,0.0,0.644641854165958,0.0,0.0,0.0
s14T3522,0.0,0.009730674966234908,0.0,0.024153395221649505,0.003915155403389458,0.001972280955486212,0.18782208871923792,0.0,0.0,0.0026384158656242458,0.0,0.00047243997501775664,0.008772234917896896,0.0,0.0,0.003921201363144904,0.0,0.17128837623145804,0.000464869571034849,0.0,0.0,0.027921907682364914,0.001958414034820244,0.002625425860092869,0.02433322297741215,0.4349253785409184,0.004295035725937563,0.008883772682551678,0.07990570930572738
s15T3522,0.0031052181693679405,0.0007139747096578768,0.0,0.06585563250128462,0.0036874165599389552,0.001503690978569043,0.1831675789501424,0.0015770036565460842,0.0013170767517124715,0.0011262737260610849,0.0,0.0017568648645589857,0.16125006566730377,0.0,0.001257356607192043,4.36746739103605e-05,0.0,0.0253183906930372,0.0022128895839790804,8.322241075750511e-05,0.0005981183940605764,0.0,0.0023941509935749027,0.002532914126550023,0.18433091594532222,0.2814472182326763,0.00613656975471185,0.006577907267529535,0.062005874781555066
s02M3622,0.0,0.0005154761432308842,0.0,0.021961191922096186,0.0019170451539918198,0.00017045388933851222,0.0,0.005327199328651702,0.0008379796128455888,0.0,0.0,0.0,0.09976083538973227,0.0,0.0013803768149523517,0.0,0.00044186774234524,0.0,0.0266896648333824,0.0005951136535623617,0.0,0.32294738404187096,0.2989725318403408,0.0005041808480262996,0.1821647395552759,0.023385134442608802,0.007834860674040248,0.0,0.004593964113707934
s03M3622,0.0,0.0,0.0,0.0,0.04124270599675166,0.0,0.0,0.0008571034130944125,0.00023405880192859944,0.0,0.0,0.0,0.06344019158177035,0.0,0.0,0.0,0.0,0.0,0.03946674851231971,0.00010098900821072063,0.0,0.3967900019750344,0.1784077790309864,0.0,0.2657255759319053,0.010198360851654613,0.0035364848963437916,0.0,0.0
s04M3622,0.0,0.0,0.0,0.0,0.02998963698592332,0.0,0.0,0.0011923442767452239,0.0,0.0,0.0,0.0,0.019748836470832722,0.0,0.0,0.0,0.0,0.0,0.5839283951965925,0.0,0.0,0.2217395046411153,0.09718859360667743,0.0,0.03697536837973458,0.006575986681373412,0.0026613337610055833,0.0,0.0
s05M3622,0.0,0.0,0.0,0.0,0.0527535051571533,0.00034283519151567386,0.0012870750866608403,0.0002373951399238015,0.000649737371860261,0.00015775959042576613,0.0,0.0006171628277601868,0.03510059285545184,0.0,0.0,0.0,0.00041692848828801647,0.0,0.11937508742544778,0.0,0.00020964561661076855,0.6588317906688501,0.01662542991189392,0.0011968022123891521,0.09188642098314093,0.01848273472682882,0.001829096745798934,0.0,0.0
s06M3622,0.0,0.0003448355070404423,0.0,0.012464543008325826,0.18277411054749254,0.0,0.0,0.0,0.00020789518166895008,0.0,0.0,0.00027878139030002345,0.009518373959914998,0.0,0.0,0.0,0.0,0.0,0.014364177691219933,0.0,0.0,0.48086025364841123,0.2685295919804542,0.0005401076697646116,0.020503392441208294,0.006687688265613579,0.00036344345765117566,0.0,0.0025628052509342734
s07M3622,0.0,0.0029787574718236854,4.445672805593204e-05,0.01998303397834036,0.0,0.0,0.0,0.0,0.0008616335774719538,0.0,0.0,0.020362634816275538,0.019375604456445126,1.0429614628545285e-05,0.0,0.0,0.0,0.007592074873706825,0.00567521748956711,0.0,0.0005760436413437455,0.0,0.0011577434906142783,0.00040679671758114236,0.8066466450525217,0.08452072612969583,0.0012991146913028375,0.0,0.028509087270625406
s08M3622,0.007202149334609469,0.0016455945792162516,0.0,0.0008665566273736128,0.0014051652465380965,0.0009543666399354553,0.0,0.004032352759668765,0.002084158881236661,0.5714169877392635,0.13675367653722495,0.0,0.00014839439737720237,0.0,0.0,0.003602365521660242,0.21911027750419318,0.02071933373739004,0.0007441486130273485,4.351873499922727e-05,0.0,0.0026053254831661316,0.0011557167063259103,0.0,0.00597424505986363,0.0023717267836780975,0.0,0.005924429931318045,0.011239509181934136
s09M3622,0.0,0.0,0.0,0.0,0.0017589975145667798,0.0006185628041670365,0.05092320123609175,0.0,0.0,0.0019542396924258406,0.0,0.0,0.0009313767008990953,0.0,0.0,0.0,0.0002281862868061109,0.09479193239609751,0.0,0.0,0.0,0.0,0.0006016934926015962,0.0,0.004882471887548402,0.5719002017262136,0.00015966594371104138,0.0026352303791021617,0.2686142399397692
s10M3622,0.0,0.0009912837511925933,0.0,0.008467865092368528,0.0026228469627520967,0.0022017146738841234,0.09275687614807084,0.0,0.0,0.000543601132240898,0.0,0.0,0.0,1.365346690916617e-05,0.0,4.6487205353458695e-05,2.983293617616807e-05,0.03984581117044828,0.0,0.0,0.0,0.0,0.00046383266634026624,0.0,0.007136177928632678,0.6878106140926551,0.001523877603067792,0.005150934903771838,0.15039459026613625
s11M3622,0.0,0.0,0.0,0.0029361534668499376,0.005240876084800395,0.004907296104895405,0.17849635121504265,0.0,0.0,0.0011992988228497555,0.0,0.0,0.0,0.0,0.0,0.0,0.0,0.047553506552928816,0.0,0.0,0.0,0.0,0.0008771029546351607,0.0,0.018535743732424136,0.6195007375707404,0.0018964620598536817,0.009959749240658481,0.10889672219432117
s12M3622,0.0,0.0003660650755508457,0.0,0.058791936726429364,0.004404527864110979,0.0017519319664315261,0.13420854031059493,0.0,0.0,0.0008287837156973094,0.0,0.0,0.0,0.0,0.0,0.0,0.0,0.23477796622462166,0.0,0.0,0.0,0.0,0.000803264282708852,0.0,0.012015125347780771,0.5258296697777765,0.0007228940014277428,0.007509949281249267,0.017989345425620324
s13M3622,0.0,0.0,0.0008593795842538527,0.0,0.01887553819531495,0.00160213125590038,0.06490670710120564,0.0,0.0,0.0002038490983933803,0.0,0.0,0.0,0.0,0.0,0.0,0.0,0.1550588128624713,0.0007539504357115505,0.0,0.0,0.024104921716649384,0.0022700908810722254,0.0,0.007497141747435944,0.6071930069815918,3.484392272581227e-05,0.0036910379589625074,0.11294858825831103
s14M3622,0.0,0.0068376093493202,0.0,0.0,0.0007189338399532563,0.0,0.05683995970684725,0.0,0.0,0.0005654895106157756,0.0,0.0,0.0012183621332256284,0.0,0.0,0.0015356969680278727,0.0,0.2847833952815383,0.0,0.0,0.0,0.08948077830828158,0.0005017903014933839,0.0,0.007823986932908271,0.5134491646853809,0.0003100935702247198,0.00296942951049402,0.03296530990168894
s15M3622,0.018371575712249486,0.0009479156403200892,0.0,0.0,0.00012699680046961864,0.0010211853392681318,0.021115692062538237,0.006650265872655365,0.00047053113223413705,0.0,0.0,0.0,0.01192921450553294,0.0,0.0022576536089210573,0.0,4.1229803389368494e-05,0.0,0.002158401419755135,0.0006114959409344973,0.0,0.00793190255445959,0.0013419671306241535,0.0007155430551974226,0.050553648332166704,0.8328811815949108,0.007142988202712593,0.002275116450026584,0.03145549484163408
s01X3622,0.04568876250563983,0.00021872510937974673,0.0,0.05543030789370829,0.0,0.0,0.03812733915983,0.01841528079703891,0.0038066311691843193,0.0,0.0,0.00030684792150392857,0.1753761803585484,0.0,0.006588248058756053,0.0,0.0009854084041320266,0.0,0.049092992558191405,0.001851467650693012,0.0,0.06597866940289851,0.03202165535128126,0.0031866736830438013,0.34766033729614776,0.13009730122372598,0.02340140143068326,0.0,0.0017657700256136374
s02T3622,0.0,5.4489946261287364e-05,0.0,0.0,0.006048218594793898,0.0,0.0,0.0,0.00016764581540713115,0.0,0.0,0.0,0.03055367192011862,0.0,0.0,0.0,0.0,0.0,0.12104075412293798,0.0,0.0,0.12179205824447442,0.6321355465829824,0.0,0.08485170044693169,0.0033352106719716093,2.070365412079921e-05,0.0,0.0
s03T3622,0.0,0.0001048066143592416,0.0,0.03563595457205402,0.06690932973994967,0.0,0.0062960251423831845,0.0,0.0007504322916809298,0.0,0.0,0.00013878279081957213,0.049667636347164444,0.0,0.0,0.0,0.0,0.0,0.0403581343799548,0.0,0.001311005470781968,0.1514616698682737,0.14840759528791375,0.0004892942070837594,0.4842361775177428,0.0097509869677914,0.001488430713233399,0.0,0.0029937380888134806
s04T3622,0.0,0.0,0.0,0.011652496191613496,0.057180907006370366,0.0,0.11142631552567794,0.0,0.0005477160571131637,0.0,0.0,0.0,0.014523098768944314,0.0,0.0,0.0,0.0,0.0,0.02722318250693147,0.0,0.0,0.1254211849606451,0.6147546454570364,0.0,0.03411668084621273,0.003153772679454753,0.0,0.0,0.0
s05T3622,0.0,0.0,0.0,0.0,0.00549595297021198,0.0,0.004161451794154507,0.0,0.0,0.0,0.0,0.0,0.0,0.0,0.0,0.0,0.0,0.0,0.014272462301567375,0.0,0.0,0.9652492411311224,0.010617172716154552,0.0,3.6545889090117335e-05,0.0001671731976990384,0.0,0.0,0.0
s06T3622,0.0,0.0005786967719990626,0.0,0.0517781516081587,0.17037598441289464,0.0,0.0,0.0,0.00040937289142586907,0.0,0.0,0.0,0.005366887015251751,0.0,0.0,0.0,0.0,0.0013574543963059908,0.29073397088157626,0.0,0.0,0.2753644885217549,0.19153675172469986,0.0,0.010984620761322506,0.0010389269149530238,0.0,0.0,0.0004746940996575813
s07T3622,0.0,0.001675912340044496,0.0,0.050753149561732006,0.0,0.0,0.0,0.0,0.0016839810767202998,0.0,0.0,0.0,0.12136204682138646,0.0,0.0,0.0,0.0,0.0,0.037424599483921864,0.0,0.0007294517069954116,0.02794518513864507,0.023890264125497405,0.0005233780140430692,0.7022053570696042,0.027080591599710935,0.004157445031457803,0.0,0.0005686380302410291
s08T3622,0.0,0.0011313395462982316,0.0,0.0006562867055970126,0.00038193279380106793,0.0013604844570657673,0.0,5.4095000184386445e-05,0.000366705904699839,0.08286208719117408,0.002870933441988325,0.0,0.0,0.0,0.0,0.0003546006471832763,0.8882162661822844,0.0034202253692919367,0.002114847194808538,2.196435817392442e-05,0.0,0.004397489455031152,2.6790016912988875e-05,0.0,0.00105123936591249,0.001583162485479619,0.0,0.0012341951223951279,0.007895354761717656
s09T3622,0.0,0.0,0.0,0.0036599560817076587,0.003091579581898775,0.002860457469499146,0.10157398440943839,0.0,0.0,0.0012683505557152962,0.0,0.0,0.00016881172857176772,0.0,0.0,0.0,0.003380876106435117,0.019135393084186,0.0,0.0,0.0,0.0,0.00040998800059742897,0.0,0.06215139315401869,0.017172626212266853,0.0005686241199890268,0.004137401434506228,0.7804205580611695
s10T3622,0.001246173247436164,0.00018722331817211274,0.00022803138723935268,0.045119524567931064,0.00111817679231121,0.001127544942571448,0.05961225759738141,0.002801685737294157,0.0,0.00017902264266768196,0.0,0.00012111425565561614,0.0021925560772408934,0.000982592506284172,0.00022022089902272592,0.0010402275423923673,0.0002043035577109722,0.024873746870653246,0.0015754305738622468,7.32369793143779e-05,0.0,0.0,0.0008362766446400184,0.0003668241713546725,0.017540401325094372,0.02023492409298868,0.0035790621983852666,0.0006882785118503638,0.8138511635605454
s11T3622,0.0005613819441402556,0.0,0.0,0.022821616772243272,0.0003576601904078976,0.0016601818040111503,0.06906500993808376,0.0007892851367412318,0.0,0.0010512450263276275,0.0,0.000147292213140127,0.0007951408067691727,0.0,0.00030697810009443883,0.0006115037948872605,0.00013881686600403066,0.008641804568706163,0.00010565980948266193,0.0,0.0,0.0,0.0007880454584064982,0.000714730845802016,0.01869256416553665,0.013053342198560374,0.0019560300392508787,0.001769757500107171,0.8559719528212975
s12T3622,0.0,0.0,0.0,0.012579287920158968,0.0012802970701661393,0.0021627388583601906,0.10985865754089498,0.10672891704104977,0.0,0.0014685777520287802,0.0,0.000108126664432316,0.0005586797180391381,0.0,0.00021945614310475922,0.0006151431779941487,0.0,0.05243100843998637,0.0,0.0,0.0,0.0,0.00041713901353406625,0.0011242776126587366,0.017042554002655058,0.019732499249617452,0.0026940260716207917,0.0028642269855073147,0.6681143867381911
s13T3622,0.0,0.0,0.00020382076477259105,0.020395087450623343,0.0,0.0,0.0,0.0,0.0,0.0,0.0,0.0,0.0,0.00043236915827095796,0.0,0.0,0.0,0.007309021000969612,0.0,0.0,0.0,0.0,0.0,0.0,0.763045122277071,0.009072250772681771,0.0,0.0,0.19954232857561074
s14T3622,0.0,0.0,0.0,0.0,0.0,0.0,0.6106094226917134,0.0,0.0,0.0,0.0,0.0,0.0,0.0,0.0,0.0,0.0,0.0,0.0,0.0,0.0,0.0,0.0,0.0,0.17702055382180254,0.11683160141653372,0.0,0.0,0.0955384220699505
s15T3622,0.07811605114620125,0.001961657194167421,0.0,0.049604373178565885,0.0,0.001195390348548691,0.09746373298906476,0.025620838894798777,0.0017446193613242238,0.0,0.0,0.000560235049478391,0.0676240283731738,0.0,0.009163648485914033,0.0,0.0002095906216987566,0.0038664000925974907,0.014325623722716965,0.002447231279631227,0.0003503800964088292,0.013798804739128425,0.008117933237291118,0.004630324182617725,0.2541528397800497,0.2795613598403648,0.026478996038305364,0.004073287766362153,0.054932653581590184
s02M3722,0.0,0.0,0.0,0.0,0.0012689366656976093,0.0,0.0,0.0,0.00023501212571849884,0.0,0.0,0.781091884914204,0.000560563911497349,0.0,0.0,0.0,0.0030432765660070317,0.0,0.0,0.0,0.0,0.004739496429664581,0.0016852689109190966,0.0,0.20697172740240746,0.00040383307388448575,0.0,0.0,0.0
s03M3722,0.0,0.0,0.0,0.0,0.027078703743371183,0.0,0.0,0.0,0.0,0.0,0.0,0.0,0.0,0.0,0.0,0.0,0.0,0.0,0.03239048024014482,0.0,0.0,0.026525454381105783,0.0883437061279133,0.0,0.825661655507465,0.0,0.0,0.0,0.0
s04M3722,0.0,0.0,2.3341150559982124e-05,0.0,0.017484006244725736,0.0,0.0,0.0,0.0,0.0,0.0,0.0,0.0,0.0,0.0,0.0,0.0,0.0,0.0,0.0,0.0,0.004199454736912691,0.214652410295239,0.0,0.7636407875725626,0.0,0.0,0.0,0.0
s05M3722,0.0,0.0022299222661511737,0.0,0.037781000523788015,0.04570969953015784,0.001026223621703711,0.0,0.0,0.00027150913439756113,0.0,0.0,0.0,0.0,0.0,0.0,0.0,0.0,0.0,0.0833536337481039,0.0,0.0,0.29338976589842336,0.0033884078352852853,0.0012130296545137921,0.5316368077874752,0.0,0.0,0.0,0.0
s06M3722,0.0,0.00013710138895886838,0.0,0.0,0.047064826630348104,0.0,0.0,0.0,0.0,0.00061810653766594,0.013387027102090103,0.0,0.0,0.0,0.0,0.0,0.007012211240309558,0.0,0.2743936225167396,0.0,0.0,0.6175572827697058,0.03982982181418203,0.0,0.0,0.0,0.0,0.0,0.0
s07M3722,0.0,0.0,0.00013186186837372554,0.15196422786175603,0.0,0.0,0.026719117339322827,0.0,0.0004492270580243489,0.0,0.0,0.0,0.005871055017645467,1.6427658496870134e-05,0.0,0.0,0.0,0.0,0.020155958379386156,0.0,0.0,0.0,0.0,0.0,0.7939182660956473,0.0007738587213471204,0.0,0.0,0.0
s08M3722,0.0,0.0007471912221775659,0.0,0.025906484320535494,0.0009199962527259722,0.001350633058668975,0.02306187407756767,0.000684461865216253,0.0008491240366791857,0.018603097701903652,0.10899068000419723,0.0,0.0,0.0,0.0,0.0013383105299816331,0.7805732923564449,0.01287228943216165,0.0,0.0,0.0,0.0006265356068975395,0.00023236789772855895,0.0,0.006641587162274918,0.0015322073561189402,0.0,0.00485239248623319,0.010217474632486795
s09M3722,0.0,0.0,0.0,0.0,0.0,0.0,0.0,0.0,0.0,0.0,0.0,0.0,0.0,0.0,0.0,0.0,0.0003143759375548825,0.10223123259810128,0.0,0.0,0.0,0.0,0.0,0.0,0.0,0.0022330198746351518,0.0,0.0,0.8952213715897086
s10M3722,0.0,0.0,0.0,0.013133801999379593,3.6204273334113414e-05,0.0,0.07988827172724486,0.0,0.0,0.0004899532012608904,0.0,0.41848532075976025,0.0,0.0,0.0,0.0003689006712715931,0.00018191536858949087,0.364872693103085,0.0,0.0,0.0,0.0,0.0,0.0005083522484318229,0.0,0.0008572957071246965,0.0009432339957262257,0.0,0.12023405694479126
s11M3722,0.0,0.0,0.0,0.024965209500208856,0.0011209315594669063,0.0,0.0014613998501583432,0.0,0.0,0.0,0.0001809869762368856,0.0,0.0,0.0,0.0,0.0,0.0004036676501856393,0.6610440868233856,0.0003789030108823962,0.0,0.0,0.014759396460112631,0.011434469111381233,0.0,0.0011308479926808396,0.0010314085885877594,0.0,0.0,0.28208869247671287
s12M3722,0.0,0.0,0.0,0.04854021290529641,0.0,0.0,0.0,0.0,0.0,0.0,0.0003535752457981955,0.007710132931435704,0.0,0.0,0.0,0.0,0.0003132882472228041,0.8521238584316471,0.0,0.0,0.0,0.0,7.015876616338248e-05,0.0,0.0,0.0,0.0,0.0,0.09088877347243643
s13M3722,0.00302606529737241,0.0,0.0,0.09533447951277149,0.0,0.0,0.05186780830230639,0.0,0.0,0.001244486150128382,0.0003638077480643321,0.0,0.0012227226313101223,0.0,0.0008776976002808374,0.001051881522182619,0.00038288701995506234,0.8028667134887174,0.00014404992197531905,0.00017331459306799092,0.0,0.021056564783121155,0.0007926788671308918,0.001245449361963943,0.005109499365628278,0.0006637863321444223,0.0010736588134503627,0.0007716638440839841,0.010730784844344745
s14M3722,0.0,0.0075129366223950994,0.0,0.021206825616982273,0.0,0.0,0.10685081979871898,0.0,0.0005306077881068315,0.0010572421609883493,0.0001407620646079321,0.0,0.0041649823597783055,0.0,0.0001402463207531934,0.002082928374141418,0.0,0.2600123965683456,0.0023583793904347816,0.0,0.001009955589174984,0.05213213308629306,0.0038126493872167712,0.0011449556695193991,0.34534231823773903,0.0030047207647802923,0.0002421038655676756,0.004349257510947006,0.18290377882350906
s01X3722,0.031961747776960085,0.0018436355495991183,0.0004030537955836109,0.32523954982404196,0.006767919721060753,0.003216146909976956,0.4571357369029723,0.0,0.0032838307189400374,0.001406220446505988,0.0,0.0,0.026952859980085387,0.0,0.000743905565392251,0.0,0.0,0.024542582699636706,0.0026195975997504142,0.0,0.0,0.004867147938740279,0.0028342224545139134,0.0010053804830644703,0.06908318852004498,0.006235718634968699,0.0022935229367422347,0.010912218244824275,0.01665181329659549
s02T3722,0.0010662317158441322,0.022921584108175505,0.00011724457824471903,0.08503763959303799,0.06341215187745596,0.002046527722316022,0.1870895105851347,0.0,0.0016884009831299037,0.0017278716200943387,0.0,0.04331558689005374,0.00939043026617199,0.0003309122888062276,0.00016148168192049148,0.006164092456288543,4.077152416707045e-05,0.09088522653318802,0.007184964015166354,0.0,0.0,0.22201496029051554,0.158465920427082,0.0019940750780257214,0.05727153228827691,0.0013609941997282952,0.0010367615826962445,0.007025113588142103,0.02825001410633759
s03T3722,0.0,0.0,0.0,0.1949370304849677,0.02397382438364681,0.003925024497334755,0.22009961081331547,0.0,0.002453125872776945,0.0011679111963151653,0.0,0.0,0.0,0.0,0.0,0.0,0.0,0.020161238939736092,0.2010323961065035,0.0,0.0,0.07193404112982402,0.04376794902493481,0.0,0.18834619460212185,0.004694182647679447,0.001252536089376775,0.007124181513712598,0.015130752697754152
s04T3722,0.004497076378025115,0.0,0.00033374439219860673,0.10977131476396199,0.42600927987808324,0.0,0.01560025093154822,0.0,0.0006841078607140667,2.329168589364292e-05,0.0,0.0,0.0,0.0008022849001677714,0.0,0.0,0.00024772221259703977,0.0,0.02258341561358606,0.0,4.984025101325067e-05,0.1066176049599229,0.30947371066438717,8.07957938130217e-05,0.0030707629426234596,0.0,0.0,0.0,0.000154796771464453
s05T3722,0.11774082356840845,0.0006422065480293117,0.003253123915672212,0.05477139272318802,0.08360740029871869,0.001188420726065187,0.12191602481870051,0.0,0.0013045619124705187,0.0004601723328935148,0.0,0.0005176097213980785,0.0009585304381161798,0.005155714934608221,0.0,0.0,2.215813679247197e-05,0.0016953723494978088,0.13361330754319822,0.0,0.0,0.3854674245538764,0.02740344465332054,0.00167580263144001,0.05532069330883865,0.0,0.0008462886911385375,0.000569312968266877,0.0018702132253613562
s06T3722,0.03771279427750141,0.0,0.001820252411843377,0.17685613969395564,0.4561178985802113,0.0,0.04173237689011784,0.0,0.0003495361131642587,0.0,0.0,0.0,0.0,0.001531643199882839,0.0,0.0,1.244445981560107e-05,0.0,0.013764292032942525,0.0,0.0,0.21380117460066278,0.037250741016376966,0.0,0.019050706723525306,0.0,0.0,0.0,0.0
s07T3722,0.0,0.000770834748670369,0.0,0.43323391834177705,0.06618740210036647,0.0,0.11911547541648285,0.0,0.0007300629440150022,0.00025105062368296216,0.0,6.41619579816053e-05,0.0011992482138832436,0.00018269564117959352,0.0,0.0003276320335891542,0.0003517618398964161,0.001162162068207433,0.01934151890299614,0.0,0.0,0.14838726874140878,0.1835893180482552,0.0007084774088133612,0.02138315964503354,0.0004034046928153221,0.00031953935106776636,0.0,0.0022909072798776324
s08T3722,0.0,0.001388403768950646,0.0,0.00040637027479875366,0.0002006773985176683,0.002144675230774649,0.0,0.0,0.00038907821680646715,0.005000420140389886,0.023187363261859523,0.0,0.0,0.0,0.0,0.0002371566667455637,0.9549785467705146,0.002579708418688337,0.0,0.0,0.0005390995971651227,0.0007629514492568192,0.0004000888394526846,0.0,0.0014603784809895627,0.0001912608401670219,0.0,0.001919759833610309,0.004214060811312513
s09T3722,0.0,0.0,0.0,0.0,0.0,0.0,0.0,0.0,0.0,0.0,0.0,0.0,0.0,0.0,0.0,0.0,0.00011369002023243695,0.005894299298839226,0.0,0.0,0.0,0.0,0.0,0.0,0.0,0.0,0.0,0.0,0.9939920106809284
s10T3722,0.0,0.0,0.0,0.026565479462337116,0.006589859817268251,0.013476103328055426,0.18636531838413012,0.0,0.0,0.009536102495983021,0.0,0.0,0.0,0.0,0.0,0.0,0.0,0.2514330737112076,0.0,0.0,0.0,0.0,0.0008583278740029425,0.0,0.022972085629694498,0.005241412331404113,0.0,0.027774936991874173,0.4491872999740427
s11T3722,0.0,0.0,0.0,0.02890818539988906,0.0,0.0,0.014926908695739864,0.0,0.0,0.0009603714543628235,0.0,0.0,0.0,0.0,0.03431784304281461,0.0,0.0,0.846074677643583,0.0001875734127495283,0.0,0.0,0.005270625290786438,0.0015633012122862136,0.0,0.011472587392230026,0.0005957686426709414,0.0,0.003090986096976124,0.05263117171591124
s12T3722,0.0,0.009902706102098258,0.0,0.03328466014619791,0.0024554266903114162,0.004987032044936882,0.34704532221123635,0.011957137764109447,0.002786947561422893,0.0031732533744402297,0.0,0.00018154414372459693,0.008443482041087177,0.0,0.0034017568928199488,0.002110487497356871,3.658306318935889e-05,0.379861294222439,0.004758761201809294,0.0,0.0,0.03391455545402634,0.004044233182369803,0.010393784836612364,0.042374302931636534,0.0046752343601772954,0.0028725445932948845,0.011383967475795878,0.07595498220890733
s13T3722,0.0,0.0,0.0,0.4701276515531246,0.0002774398035124588,0.0,0.04384194924869958,0.0,0.0004157285945857904,0.0014720987169149118,0.0,0.02892606774469918,0.0,1.727732419833708e-05,0.00024117270347735848,0.0,1.8910526766834606e-05,0.19309503476152157,0.0006100162094424431,3.865578078502884e-05,0.0,0.012059720536160974,0.0014567723058221483,0.005819150259693801,0.18836360447127823,0.0,0.0,0.007227347280758267,0.04599140217855852
s14T3722,0.03684781571314419,0.01087612671767609,0.000991882800920309,0.03619766729752755,0.011862669964531745,0.006916087001950292,0.5153626800695522,0.005732348557538357,0.004888662120454547,0.0036418657571808378,0.0,0.0065935630819194055,0.012741629654042312,0.001309451905502436,0.004385765501495804,0.002055962297126187,0.0005981733060356532,0.06824397656019258,0.007080975860966384,0.0,0.0014084081567209419,0.03815763636509856,0.003780453840909347,0.01790678330521695,0.04816410421427723,0.007570958160472116,0.0121886221259502,0.0078628374237187,0.1266328922398793
s15T3722,0.0,0.00039211531601577644,0.0,0.15391183564125774,0.0027218409562882843,0.0,0.6965724271439699,0.0,0.0018204980243445375,0.0,0.0,0.002613395802794064,0.0037793228767760787,0.0,0.0,0.0,4.654153710699017e-05,0.00303716016892671,0.0011109600409297605,0.0,0.0,0.012630611658138922,0.00035588873261273074,0.0,0.10442642927128179,0.001558473489920669,0.0,0.0,0.015022499339635951
s02M3822,0.0,0.0,0.0,0.11843768637489718,0.02730462174774532,2.188234982049798e-05,0.10619113705345584,0.0,0.0002920936064206859,0.0003186685965266522,0.0,0.0,0.0,0.0,0.0,0.0,0.00014276803506608481,0.0,0.20213781054558033,0.0,0.0,0.49773739191469424,0.03555271829070262,0.0009309223031234023,0.009813716944763915,0.0,0.0,0.0008078934770427605,0.0003106887601604984
s03M3822,0.0,0.0004648148558433617,0.0,0.053427887596715365,0.011334671001653022,0.0018599646758861773,0.0810807895269506,0.0011632926680515527,0.0006972123438671277,0.0005835136089938584,6.696638127176895e-05,0.0006537420830228652,1.5219556538280314e-06,0.0,0.0004691399344312994,0.00035919174684666705,0.00016011296528332993,0.003015456344723179,0.04842576640671357,1.6751389471758158e-05,0.0,0.42233549681433336,0.342267780534292,0.0018161943182640878,0.024616594003674216,0.00015795488066636267,1.6860558764369143e-05,0.0026906225018754814,0.0023177009027507043
s04M3822,0.03717588039057644,0.0,0.0008670479967187552,0.14386693713038975,0.028666763032974336,0.0007586428724819848,0.12151076573843102,0.0,0.0006125826954125233,0.0021000795329687858,0.007502051702457587,0.00022185405882600131,0.0,0.001345564000627178,0.00026305383573813795,0.00037859933491251734,0.0051728867032241775,0.0,0.03351743351757501,0.0,0.00013546331059671073,0.339613254801938,0.25965997803219476,0.0012979044611112235,0.013421256458633724,0.0,6.548503350571857e-06,0.0012926359813671307,0.0006128159074937367
s05M3822,0.0,6.469974892477766e-05,0.0,0.023813539337031585,0.0004007490120132926,0.0006056831239192797,0.039915276581139206,0.0,0.0003531946377310342,0.0005396550853865958,3.887906596673691e-05,0.0,0.0,0.0,0.0,0.0,0.00010802846790122618,0.0,0.7533238688408779,0.0,0.0,0.16218328011038946,0.01116392516313295,0.0006249621416135966,0.005240887638046889,0.0,0.0,0.0006997370159826295,0.0009236340299429759
s06M3822,0.0,0.00046448159102371883,0.0,0.03579023372183947,0.009844394569542728,0.0009879631091187612,0.24175950292839202,0.0007038168361338307,0.0009739558776299442,0.0014028840523503353,0.0,0.0009011948713896335,0.0,0.0,0.00039422547755415394,0.001281066322634076,2.0282431405189847e-05,0.0024895486373494725,0.007984372705460655,0.0,0.0005988752279260818,0.3499020975723081,0.30928417286234183,0.004357247691885529,0.021055476522287106,0.00016092590582139727,0.0031329968032186846,0.0023277839957741246,0.0041825002866129595
s07M3822,0.01154747726933839,0.0,0.00019388504978629342,0.5674479058318971,0.0019655686912826284,0.0005272043054221513,0.22225813866187058,0.0005605208950469564,0.008706874745975401,0.0005949815001228202,0.000513489585675329,0.0024337819383481274,0.01413576744507787,2.2927292733576914e-05,0.06343608532168049,0.00014614927710849987,7.09789835351315e-05,0.0,0.007780684177804287,0.0,0.0,0.020912317867073028,0.0055921161943244925,0.015333431342946709,0.04311863986792571,0.0011446531174501278,0.0012020869578580017,0.007007666033494489,0.003346667646221785
s08M3822,0.0,0.0,5.6553224388188625e-05,0.009042499151338583,0.0,0.00013077008932128268,0.0,0.0,0.0003172980660111724,0.42358102314765345,0.22837858176089998,0.0,0.0,0.0,0.0,0.0,0.3313529837453546,0.0004120369016418568,2.079126891643305e-05,0.0,0.0,0.0014761312217189846,0.0,0.0,0.0001370169793521078,0.0,0.0,0.0,0.005094314443403415
s09M3822,0.0,0.0023605358996854125,0.0,0.009481493983419685,0.0,0.0006338197470501484,0.05585904840572366,0.00037356980501330333,0.0,0.0005683302597939146,0.0016963691699158083,0.0,0.0,0.0,0.0,0.006455791125398924,0.0001330367822454231,0.01655550516777971,0.000705298619682143,0.0,0.0,0.0006531907880258186,0.0,0.00016948695254567073,0.0,0.0,0.0005880214730216942,0.0,0.9037665018206986
s10M3822,0.0,0.028135877105740264,0.0,0.16410675524880552,0.003163831533033205,0.012522942613043453,0.14454619380779218,0.005851272054774067,0.0,0.0020571607431289275,0.0005453969256665509,0.0,0.0,0.0,0.0002983453652129502,0.004998702700459204,0.00021697891888428308,0.10598986128718013,0.00031537953906440896,0.0,0.0,0.0011217790208924328,0.0013042506632384354,0.0023150976462678577,0.01612916394253027,0.01785181891900211,0.0021082612123056016,0.01440093104756053,0.4720199997054176
s11M3822,0.0,0.015080373544888726,0.0,0.14804209237677166,0.0014186076407145245,0.0018935753326427,0.08638497453271374,0.0,0.0005616213567225166,0.0009687758885208875,0.00030374172218422264,0.00026480266300549834,0.0,0.00010295409171089772,0.0005126446305396929,0.0021062621507657894,0.00011184946738698,0.20484839317643136,0.0005389996100971584,7.368522328825214e-05,0.0,0.00035612165919377713,0.0009092029648528579,0.001934320592601495,0.010219468640385036,0.01337873006832076,0.002550840733433326,0.00911672263105931,0.49832123930176897
s12M3822,0.0,0.0034838896143687547,0.0002444623362090533,0.29617316576707026,0.0029518991102151703,0.0,0.39713681165394465,0.0,0.000765030142571272,0.0010344167360743714,0.0,0.001414002359876701,0.0013897819444186393,0.0005254216008966351,0.0015967709770492568,0.0010265708106127047,0.00016626173965026824,0.17242128273635038,0.0012499882011035672,0.0,0.0,0.007998867294312054,0.0010964830940819498,0.007634662149093614,0.023169343061339664,0.002375485270536771,0.004723354047568619,0.002018529389171523,0.06940351996348419
s13M3822,0.013844559231754922,0.005418506866226129,0.0002987786866648047,0.28785299166734185,0.0069322823987746215,0.001903153007468716,0.24251172074439267,0.001521319981666196,0.0006707592810766956,0.002044209033691405,0.0,0.0053226716784844415,0.0021396181142452975,0.0009244006265385572,0.003809006260869999,0.0014609253186196023,0.0002622023481642529,0.041536294958927314,0.0022171940864191553,2.8227267945680135e-05,0.002521144558476136,0.021502789880646658,0.0016156198933836372,0.01740388995285572,0.2876069849232141,0.002268952524979919,0.00897628166495707,0.006882374169183097,0.030523140873031398
s14M3822,0.0,0.0012539816759433496,0.00019100199563362548,0.30171083529103176,0.006214904400159831,0.001801248756063624,0.5409871999534495,0.0,0.0003954950358247926,0.0018540669218144387,0.0,0.0021894495800481853,0.0014544055594458943,0.0,0.002407910722739179,0.0008658670282679161,0.0002718800721376208,0.0072583670998050236,0.0027688743829822502,0.0,0.0001288754127209447,0.023916191246691913,0.0037736110728269507,0.010987152694449403,0.028755845107308838,0.006851279623970916,0.006540567010201203,0.0051523249844380534,0.04226866437204502
s15M3822,0.008010051768168887,5.5919628510859756e-05,0.0,0.39633331838910596,0.004430965347271642,0.0034064293081776144,0.415887550830154,0.0015461416909753152,0.004606248373360277,0.0018769457606230145,7.569826902339687e-05,0.0022161895546355674,0.01121720842803104,0.0,0.003148769071904283,0.0004907103768664712,0.00016782759558026333,0.014357721509813104,0.004375060154637036,4.2396106366381074e-05,0.0,0.02174138666548151,0.004421091274893534,0.01559794250805572,0.0402898270976699,0.003741501913427857,0.004138278497175818,0.012367489196193888,0.02545733068389681
s01X3822,0.0,0.0,0.0,0.40884425248171474,0.11546608522917012,0.0,0.2796852103061599,0.0,0.0009880858156399298,0.0,0.0,0.03184590593649756,0.0,0.0,0.006342213780567446,0.0,7.701352449053194e-05,0.0,0.0016220005019591728,0.0,0.0,0.012258978673672332,0.14178432456891543,0.000677105063621464,0.0,0.0,0.0004088241175912959,0.0,0.0
s02T3822,0.030916908041286707,0.004268095439222086,0.00017696678155616245,0.47528132179558197,0.010673889006432114,0.0065016761794621306,0.2374351187810052,0.0,0.011006962986652257,0.0014083734361964614,0.00022919283195209098,0.0014292728374947646,0.0026664768194117334,0.0,0.0018402336391396931,0.0014883509647345469,0.0009455256062882595,0.0,0.007074986114298852,0.0,0.001832065464013373,0.12328338450164934,0.02194872089253972,0.0017556192106043052,0.044380376142607494,0.0003830155426250462,0.0014600810047459792,0.007914440067492413,0.003698945913007505
s03T3822,0.0,0.0,0.0,0.2775542822405842,0.08059494915957384,0.0,0.08310210375612054,0.0,0.0009442681173891018,3.785063278180772e-05,0.0,0.0,0.0,0.0,0.0,0.0,0.0,0.0,0.4072031113621474,0.0,0.0,0.10891456150600591,0.030392859066468138,0.0,0.005091397234724927,5.868929957924095e-07,0.0,0.0,0.006164030031208317
s04T3822,0.0,0.0,0.0,0.002531870232491074,0.2884867411194989,0.0,0.008196323052173146,0.0,0.00031524719240495536,0.0,0.0,0.0,0.0,0.0,0.0,0.0,0.0,0.0,0.022212652229089247,0.0,0.0,0.41385678622426714,0.2644003799500756,0.0,0.0,0.0,0.0,0.0,0.0
s05T3822,0.0,0.0,0.0,0.0,0.0953592023059276,0.0,0.0048226376854274755,0.0,0.0,0.0,0.0,0.0,0.0,0.0,0.0,0.0,0.0,0.0,0.16764311019671937,0.0,0.0,0.5990834041671409,0.13308914995376825,0.0,0.0,2.4956910164385993e-06,0.0,0.0,0.0
s06T3822,0.0,0.0,0.0,0.013983492315744889,0.024141639306316878,0.0,0.8877551590982675,0.0,0.0,0.0,0.0,0.0,0.0,0.0,0.0,0.0,0.0,0.0,0.004021037883411014,0.0,0.0,0.061754867790992554,0.008343803605267213,0.0,0.0,0.0,0.0,0.0,0.0
s07T3822,0.0,0.00013010167657602465,0.0,0.10057920048463828,0.030506071441345275,0.0,0.7027355133813903,0.0,0.0011159409301728744,0.0,0.0,0.0,0.0013416089889585676,0.0,0.0,0.0,0.0,0.0,0.020586150102001478,0.0,0.0,0.05769482817594127,0.07677444141871628,0.0,0.007869616617485158,0.0006665267827745368,0.0,0.0,0.0
s08T3822,0.0,0.0002361536911222714,7.694473534350127e-05,0.0008219360272525761,0.01714575880780823,0.00021167117108267177,0.0016376797440303351,0.0,0.00022323901844870613,0.07485639843478005,0.19331963801012347,0.0017176025289355216,0.0,0.0,0.0,0.003344065577872095,0.6911361809878095,0.0016666462439319197,0.0,0.0,0.0,0.001677628349167617,0.0008128526768108274,0.0,0.0017065654407289858,0.0004670723526836427,0.0,0.0010283155170127233,0.007913650685055163
s09T3822,0.0,0.012987072425665672,0.0,0.07592827487814402,0.0019459302101925591,0.017832902669761123,0.0981578978041494,0.010612259254181269,0.00261069087793445,0.026465667400827505,0.07243223108299439,0.0,0.0,0.0,0.0004354106256057136,0.0161279467699477,0.002226077279203817,0.21340806751770156,0.001960491012944664,0.00025718373578066905,0.0,0.0044501324388772825,0.0021501733664984588,0.014704378994990294,0.007606169597912913,0.00956110957032663,0.0015968022799647185,0.013760106313538563,0.39278302389285663
s10T3822,0.010561299287406815,0.04440780028781317,0.0,0.14601296581243586,0.0,0.022129218109534825,0.03725394035275209,0.02004216065811692,0.015576666161011197,0.02074539887414226,0.05603494975097847,0.0,0.0,0.00045165467237213476,0.0017540999740066287,0.007174295634996333,0.0017377305851798,0.1621296543841935,0.0009613448452175606,0.0006822721066141837,0.0,0.01157836416695453,0.030993038403678473,0.02855677681290987,0.00933206654105024,0.038151829347515126,0.0,0.01746837628998908,0.3162640969411308
s11T3822,0.0,0.003498047864655448,0.0,0.0248605434079133,0.0,0.0013019832014299234,0.0,0.0014644030248044952,0.0008171296997800949,0.002188154147378419,0.009146326399037435,0.0,0.0,0.0,0.0,0.0007716800637250166,0.00035327134167599435,0.005288773343727678,0.13742606158225185,0.0,0.0,0.6993104573798444,0.07117629750839488,0.006259808569485285,0.0,0.001709951557527228,0.0,0.002409335196762012,0.03201777571160658
s12T3822,0.0,0.027154715049567592,0.0,0.03988301199286383,0.0005141322004571071,0.00848672059269155,0.06408286341099173,0.015526338544989077,0.006667093078108054,0.019470464151293377,0.03237017622795825,0.001178983681709178,0.0050031731178818385,7.487994327845281e-06,0.003303365657750423,0.00816662741652865,0.00038449950253522866,0.41366748689193494,0.046875318254928446,0.0007117087712160535,0.0,0.028914021145360562,0.010700606248699509,0.035537134544792126,0.005162957654718648,0.017497162491448608,0.00752056032431343,0.01780344526414916,0.18340994578878483
s13T3822,0.0,0.029984374381476154,0.0,0.06842073334579866,0.0,0.014794405240209002,0.05607194483250606,0.024894758785553545,0.003941377989061199,0.03122077626205418,0.043113555881511306,0.0,0.0,0.00034818236942938074,0.030391790902025245,0.014468186425662779,0.0014599135071439958,0.18336831249754418,0.0015075407488223866,0.0007143550107413158,0.0,0.06623016579057482,0.016215574547202623,0.048886507460200665,0.0024909675158403333,0.017812589323489048,0.000359522575167503,0.02036117502127032,0.32294328958671525
s14T3822,0.0,0.0385439073677263,0.0,0.34246236974159855,0.00016949493917115836,0.0023216050398384984,0.14783986345169883,0.009975672606411884,0.0008869154759867388,0.012783416511711398,0.007901619133725717,0.0,0.004350638285112152,0.0003111250589847179,0.0020891312786479525,0.010305783233135609,0.000361585732631897,0.1721061192425568,0.0005684448025271789,0.00039781921043789394,0.0,0.03787550292787706,0.0015583297619904768,0.02979523534227867,0.00889625270202886,0.014292027445427208,0.0005186701200483221,0.016964697733195075,0.1367237728552512
s15T3822,0.0015840126342392933,0.003541272429522424,0.0,0.83959406202823,0.0,0.0,0.06709554715866901,0.0,0.0019399088885825799,0.004407611964519973,0.003612222320788087,0.0,0.0,0.0,0.0005781466702298408,0.0004168969847641765,9.618701066347108e-05,0.0,0.0008514131588861249,0.00017746098986667577,0.0,0.0010728256235779932,0.0017955323970869548,0.009202556912148765,0.01535992339140599,0.00819985491572704,0.0,0.008071008869393884,0.032403555651697766
s02M3922,0.0,0.0007238011612385525,0.0,0.05168433863017329,0.0,0.0012819945208435053,0.04410513476136224,0.0,0.002240785986948562,0.0002883105430663778,0.0,0.0019708815621437377,0.006160335635257596,0.0,0.0,0.0,0.00013125897907340884,0.0,0.7620377748796011,0.0,0.0006806178176912881,0.08410570997074564,0.009173501370531394,0.0,0.03248954094621684,0.0006962717386979383,0.0,0.0007552404115543193,0.001474501084854193
s03M3922,0.0,0.0009527110395774376,0.0,0.10454764050318685,0.009742873107614021,0.01669446180736737,0.4096017017337064,0.0,0.006386814475015011,0.0024053227716608287,0.0,0.006904581878711241,0.032080186537613804,0.0,0.004772637965706239,0.0,0.0003302709998976114,0.033539027031813155,0.028566125055397608,0.0,0.014149595844302585,0.11607563801616445,0.019826800378216835,0.0031022463457075454,0.1345634946267978,0.00724958839554043,0.006897730217130323,0.01623880751544686,0.025371743753425605
s04M3922,0.04959710035279833,0.0013387505272646593,0.000801362887664391,0.036056226402348464,0.11711665971945517,0.00840003618537495,0.11890794308299993,0.0003234982511631444,0.0037109984420294366,0.00012907153452728832,1.522240434295613e-05,0.003278270134210728,0.006130839068842583,0.0005501279314355077,0.0022810614111662465,0.0009177643747861337,8.767984142109526e-05,0.003939348753430088,0.06560311512073333,0.0,0.013929557358671612,0.45182035118325103,0.04682439477844789,0.0016844276302026865,0.05766889980400334,0.0007338455987991393,0.0010453511470420531,0.00429876336845832,0.0028093327051291984
s05M3922,0.03184527685134596,0.0,0.0003246784005574216,0.11602685129831751,0.01829308683701966,0.0037545074224188306,0.05901945781900006,0.00010423133749530984,0.002955835661914589,0.0,0.0002400261684537068,0.0021418501592929736,0.0030991142225182925,0.0,0.0011130349100122333,0.0013688340954234727,0.0,0.0,0.10709293680504885,0.0,0.01487716268117588,0.551537818001144,0.0370288621113091,0.0,0.045969620830349535,0.0002628578180960547,0.0,0.002234983498334922,0.000708973070771912
s06M3922,0.10292687487129144,0.001955506403820268,0.001720097924705328,0.024734764689715475,0.03303173159488577,0.005275459841750442,0.16014650013249923,0.004061311104982176,0.002408404876479873,0.0,0.00048079394338521,0.0076041945098765445,0.00876190286786635,0.00039057823998904295,0.003313823152799851,0.002990567645038274,0.00016041843427868976,0.004056395103773904,0.06861757077362282,0.0,0.020858190808608068,0.4800370349750296,0.00978855509078513,0.0023449959847712527,0.04437972304754703,0.0013686843087895987,0.0029401992200254906,0.0008059837571245801,0.004839736696558859
s07M3922,0.009459874999735995,0.0057787068412699745,0.0,0.2641950280673558,0.016676436481139558,0.004166103166503301,0.22481196074733456,0.0,0.010186360061690564,0.00037647145657413974,0.0,0.009322566387860031,0.016029601137952303,0.0,0.007551246075610336,0.00016177832595492316,1.6514927941380817e-05,0.005663026063917232,0.03737371805711011,0.0,0.010762991298436286,0.06167391178344995,0.0392144137362346,0.00011762421445435823,0.25255328894542234,0.004138703221878239,0.0003282470914887044,0.006533609625940411,0.012907817284745077
s08M3922,0.0,0.00017585181664560133,0.0,0.0014446171872924223,0.00010705247269103649,0.00013983733003479279,0.0,0.0,0.00024808496451934566,0.0324126250405562,0.08244821545147292,0.0,0.0,0.0,0.0,0.00042488375382027755,0.873916534396604,0.0009606436135674309,0.0004721485761893428,0.0,0.0,0.0007380301806245618,0.0,0.0,0.0,0.0,0.0,0.0008014441326571669,0.00571003108332482
s09M3922,0.004999063587894642,0.03526156201120686,0.0,0.12486299268171817,0.0,0.013174966826923148,0.00247289969052354,0.0006159736225004485,0.0,0.0003994674448035631,0.0017425078860276,0.0,0.0,0.0,0.00026435768510761935,0.0006444403408383286,0.0005331320312817,0.0,0.0017093165690646108,7.20209332515272e-05,0.0,0.0021579414029928587,0.0008631821493709102,0.004517173485334619,0.0017313778881635506,0.008773995534359733,0.0,0.0012635755386898211,0.7939400526899467
s10M3922,0.0006264444201295882,0.014857056383393248,0.0,0.056524350443754756,0.0,0.006569926419345718,0.010826683640222455,0.0,0.0001348639558863445,0.0,0.000694630583440014,0.0,0.0,1.56304643512093e-05,0.0,0.0,0.0022735778156413883,0.004126611332884356,0.0002511352544842466,6.339246618503031e-06,0.0,0.0,0.0006569644464927791,0.0002933923525243738,0.0006509840512475132,0.0029464577029682066,0.0,0.0001816863182830525,0.8983632651683323
s11M3922,0.003289769588112422,0.03079090197437275,0.0,0.07299591920227809,0.0,0.006022830756055039,0.0,0.0022296752457920785,0.0008439627366221198,0.0,0.0017203240810544978,0.0,0.0,0.00022104495161627715,0.0002677329852192096,0.0,0.00028507613931156846,0.0017765897517345091,0.0013554288061816723,0.00012840071201422666,0.0,0.0,0.0003391422079600546,0.007580216333759687,0.0,0.01418138717433569,0.0,0.002315680170524474,0.8536559171830557
s12M3922,0.0,0.04439060665552176,0.0,0.08344196950704215,0.0,0.0,0.061038263735832717,0.0,0.001732281051456399,0.0028314310194949652,0.0009490003746134248,0.0,0.0068157337151459885,0.0001183314761536807,0.0,0.007727148177018944,0.0,0.345959854454646,0.0,0.0,0.0,0.039819887930397056,0.0008399254437995528,0.0012974629857063372,0.00402028903242742,0.0029930866954147833,0.00036821471639023664,0.005646614182391437,0.39000989884654724
s13M3922,0.0037602253742236285,0.03556284800533871,0.0,0.16296832200191153,0.0,0.009087602572871159,0.012928113668063505,0.00012778648876128837,0.0019279963576326615,0.00020888237227797483,0.0013264213305782834,0.0,0.0,1.6249690765192228e-05,0.0005287609866756977,0.0013890309262174164,4.797258338681235e-05,0.03457550560230609,0.0005832520798381215,0.00010225247743871611,0.0,0.010551142410204042,0.000380606188698395,0.004560400571295225,0.0020903235201487074,0.007918255524631108,0.0,0.005266126047198465,0.7040919232195373
s14M3922,0.008253126685372977,0.03491810494364619,0.0,0.1947675808796333,0.0,0.011411211540669696,0.10060376527866027,0.0,0.0006352069953750531,0.0035434129193776033,0.0010646505605489637,0.0,0.0,0.0,0.0004415681321051073,0.001972592688328588,1.684635667333597e-05,0.15197792486069206,0.0006229056406487891,0.00038642158205564545,0.0,0.10951995722876931,0.0011468769897551388,0.003932489138817418,0.012639490797085044,0.0030762490182713515,0.003468694514030711,0.007831975481313898,0.3477689477681695
s15M3922,0.01808707723022039,0.04608307245181038,0.0,0.40241636690631627,0.0,0.01827137527397927,0.011440297864449537,0.0,0.0007091916807564373,0.0,0.0018267605409930591,0.0,0.0,0.0,0.0008733405466810365,0.0006396520646718282,6.349711847250383e-06,0.0,0.0012352052692923988,0.00020365694274913375,0.0004885516523094157,0.010755492986359135,0.0017429624683188377,0.007885828291640057,0.0060186829146650096,0.0017494153738695176,0.0,0.0028316896062127892,0.46673503022285834
s01X3922,0.0029940599581636798,0.005538348622401006,0.0,0.12487893278018068,0.004889670828534294,0.023000311961466107,0.3835192021609058,0.0,0.012825301168784454,0.002016942728503254,0.0,0.01255157462655532,0.03278806776915429,0.0,0.010278519141269652,0.0004359952777287386,0.00020151497818489565,0.058346152638812536,0.03565939665043851,0.0,0.005802465520451747,0.05881202224185976,0.014691855365305814,0.002983624721448121,0.16584831539041409,0.007032026404020602,0.002699281028792026,0.012086033819060843,0.020120384217563823
s02T3922,0.08636978424961346,0.0003574330503981622,0.0027666486903126742,0.05920971636878014,0.004737595067034462,0.0005803940230334789,0.015904052152122417,0.0,0.0005182617957117503,0.00010507152517372957,0.0,0.003034645595543007,0.001792374870518897,0.003123095021084673,0.0016892144934143362,0.0,0.0,0.0,0.13650586083886895,0.0,0.0,0.650089558202535,0.021418150567781926,0.0,0.010618564549294452,8.88980572648727e-07,0.0,0.0005410137208954564,0.0006376762373105446
s03T3922,0.0,0.0007728352292239014,0.0,0.10376469560134466,0.04764078365462557,0.003317226667192222,0.10142370350290869,0.0,0.0009831964379729689,0.0004466290690308207,0.0,0.0064424009601107965,0.006617252917134217,0.0,0.005071434549846633,0.0,0.0,0.0005123817309106496,0.436056634050865,0.0,0.004137804495467683,0.14412698642253643,0.099060314185564,0.0,0.03278294817662403,0.000533956615063779,0.0,0.0030328320285143754,0.0032759837050635684
s04T3922,0.0,0.0,0.0,0.0,0.12181019101760272,0.0,0.0,0.0,0.0,0.0,0.0,0.0,0.0,0.0,0.0,0.0,0.0,0.0,0.11159463053292974,0.0,0.0,0.447027815692178,0.3195673627572895,0.0,0.0,0.0,0.0,0.0,0.0
s05T3922,0.0,0.0004401928719126379,0.0002134806409994352,0.15080348398634888,0.10006548972844,0.0009560629323262618,0.05327949428299174,0.0,0.0007605401953886942,0.00034013909070586994,1.7764815888984266e-06,0.0021014563263413192,0.0006663674850722436,0.0,0.002396216638611688,0.0007192136885825307,0.0,0.0,0.04034520364690649,0.0,0.0038056338134334193,0.3347176198199691,0.28695029111271053,0.0009909609390473981,0.015586692224531441,0.0006625932068220451,0.0002584878594579476,0.0014728039160582147,0.002465799111753091
s06T3922,0.0,0.0,0.0,0.041520733919688094,0.4686969199687937,0.0,0.0,0.0,0.0,0.0,0.0,0.0,0.0,0.0,0.0,0.0,0.0,0.0,0.06769827998072193,0.0,0.0,0.28083805295708264,0.1412460131737136,0.0,0.0,0.0,0.0,0.0,0.0
s07T3922,0.0,0.0014320350345028415,0.0,0.1519956780858203,0.014564372865124643,0.010956693250546708,0.4586711713603227,0.0,0.008178772388040748,0.0017085414073788527,0.0,0.0,0.007899502989102851,0.0,0.0021786056493085237,0.0008160800859311343,8.323153906934896e-05,0.0064317616816462345,0.029850214594631528,0.0,0.007100276010040484,0.16706941452086885,0.0320035883442555,0.0005256682559640298,0.07855612585797407,0.0004292785120470804,0.0003834616198374203,0.01006756042704353,0.009097965520542706
s08T3922,0.0,0.0,0.0,0.0,0.0,0.0,0.0,0.0,7.198471884049304e-05,0.38624653792189806,0.0744234261273843,0.0,0.0,0.0,0.0,0.0,0.5371430172799995,0.0,0.00017118844778584482,0.0,0.0,0.0,0.0,0.0,0.0,0.0,0.0,0.0,0.001943845504092039
s09T3922,0.002688328862827967,0.0,0.0,0.0,0.0018445011166379726,0.0,0.004304985287738167,0.0,0.0,0.0,0.0,0.0011816259069210358,0.0004612097224971134,0.0,0.00016659901702049663,0.0,0.00018466253011650212,0.0,1.9695017775523285e-05,0.0,0.0,0.005694038507687619,0.0,0.0,0.0,0.0,0.0011097046049845234,0.0,0.982344649425793
s10T3922,0.0,0.0005838544470413548,0.0,0.0,0.0,0.0,0.0,0.0,6.612869688276712e-05,0.0,0.0,0.0,0.0,0.0,0.0,0.0,0.0,0.0,0.0,0.0,0.0,0.0,0.0,0.0,0.0,0.0,0.0,0.0,0.9993500168560758
s11T3922,0.002173014632173684,0.059793217167279804,0.0,0.021935095476799768,0.0,0.0,0.05116019387485397,0.004598960856795704,0.0011155823051366717,0.007865873675936592,0.00350116162148439,0.001240766896828878,0.0,0.0,0.0009821411193522535,0.002416809260776026,0.00010205770355859176,0.0,0.001097435225768643,2.9351874729055486e-05,0.002121779964214946,0.0019491859620062108,0.00587090502347095,0.011649429964081498,0.0,0.013852725702822555,0.003974657122377152,0.006781532808470218,0.7957881217610825
s12T3922,0.0,0.054759621578122274,0.0,0.0073755395830424056,0.0,0.0,0.05071982782601583,0.0,0.0014495430509840017,0.0013246475397070711,0.0006194657167365334,0.0,0.002446504513546406,0.0,0.0,0.0036476898157848246,0.0,0.14246976328483432,0.4806273216738104,0.0,0.005583491858324959,0.010397837987991692,0.001632264333575514,0.00695775508175952,0.00019686127484975645,0.013990829275896236,0.001248812843154458,0.009998598643355163,0.2045536241185086
s13T3922,0.0,0.040957133444843946,0.0,0.020275046555287345,0.0,0.0,0.06681097008527273,0.0016970493551939272,0.0030875219026631853,0.00013942455954505227,0.00048261008605952,0.0,0.0,0.0,0.00019760983503540328,0.0003688338535164807,0.00013463471732319153,0.0006761537412465335,0.0005976205854740363,0.0,0.007540141840184841,0.00044373324219457416,0.0001805283150228156,0.0023974420249845124,0.0,0.019040553678131036,0.0009050762112802667,0.0033545714633117884,0.8307133445034288
s14T3922,0.0,0.02502206334936142,0.00040354600303430996,0.14136193479020073,0.0009246995111673994,0.0,0.11728166539969548,0.0,0.0,0.0005615741727801346,0.0,0.0,0.004681653609016133,0.0005268086531225243,0.0,0.005704854917449413,0.0,0.12871995838041872,5.925204594656998e-05,0.0,0.007850824452732936,0.026324681713572533,0.0005236382549159692,0.0009993278803716369,0.0039011103521835316,0.004894452537688378,0.002972911723237013,0.0047172515826852494,0.5225677906704199
s15T3922,0.0032484225478288395,0.017213206349508917,0.0,0.30397291819017574,0.004327741290967175,0.009643647840809906,0.23207561103326949,0.0,0.002302593393836252,0.001370606395800925,0.0,0.0014632859859371272,0.0049773361515070644,0.0,0.0016255158190659328,0.0011505322578165692,0.0005238819742312954,0.042726865154648255,0.00589161731994809,0.0,0.02893777379179134,0.018398698852391288,0.004821753602218007,0.0022967003328657662,0.04009232673164743,0.010980310733389528,0.004514666855281249,0.008584626831260147,0.24885936056380376
s02M4022,0.0,0.0,0.0,0.03971447439387907,0.010631226603029233,0.00027125634266870796,0.004799743801997204,0.0,6.636044964914289e-05,0.0002522489254014007,0.0,0.0009624252403125328,0.0,0.0,0.0004621327792969497,0.0,0.0002990301209570191,0.0,0.0034654243202986734,0.0,0.00020182179545009875,0.8206039373876304,0.11477319513151865,0.00010131716641468137,0.0005795626621796896,3.087283985675759e-05,0.0,0.0,0.0027849700394600124
s03M4022,0.0,0.0,0.0002794064540125638,0.22423331796280968,0.04904293935613843,0.0,0.03282143721987726,0.0,0.00017601589860012862,0.0,0.0,0.004587058336550324,0.0018160375260121728,0.0,0.004688769141399139,0.0,0.0,0.0,0.050234718793518804,0.0,0.0006174806847614946,0.47960024497309495,0.14688407723475969,0.0,0.005018496418465402,0.0,0.0,0.0,0.0
s04M4022,0.28435257636651,0.0,0.004434799480719915,0.09389754954903297,0.11400242237795473,0.001230691481437774,0.11885299062083551,0.005876760392862075,0.004451528297441167,0.0005790482836271255,0.0,0.010836967721054356,0.00476063697558305,0.013349928753382728,0.002620163819175138,0.0,7.344763490544143e-05,0.005892926355371027,0.15135494930535853,0.0,0.0025298392574057697,0.08485173496009996,0.018067627309922424,0.0020046081383404894,0.06877420290270629,0.00013863762012642666,0.0021927183774314582,0.0012005607233918042,0.003672683295323847
s05M4022,0.0,0.0002888718238028844,0.0,0.04905183817129226,0.05972679946690294,0.0009291515821203589,0.08946477344824039,0.0,0.00010280068731024652,0.00020918753183962649,0.0,0.0014358508694847004,0.0003860145300733939,0.0,0.0011480865009682428,0.0,0.0,0.00151647558732266,0.4944740843615672,0.0,0.0,0.26162552149904555,0.01779681755569746,0.0,0.01980148201406219,5.594222150692714e-05,0.0,0.000858526582138513,0.001127775566624413
s06M4022,0.061564012145064115,0.0013430236311505323,0.0010976883913873903,0.05177938013681018,0.3095209904329779,0.003449768450610191,0.13228502537536077,0.00043580737753891053,0.0004961558737346874,0.0005369026524961613,0.0,0.003525466025910845,0.0018439736212912904,0.001634713137799476,0.0014073634172281175,0.0,0.00012696400488860384,0.016609712089282722,0.05424827500578356,0.0,0.006662095637100581,0.2533276143885382,0.035829447777810726,0.0013388568391061993,0.047736482230241524,0.0007449579726214037,0.0015601147833310214,0.004179100623253712,0.006716107978681296
s07M4022,0.04030238025072421,0.00027254796412759334,0.0001921505553025897,0.13013770725735824,0.043821258674807885,0.003269431929640082,0.20795530090702513,0.0,0.0009133509780161813,0.0007261527886612492,0.0,0.012536772479634365,0.007925714735772978,0.0002103396478635717,0.008316589109239143,0.00034128751766353857,0.0005113108530697962,0.006438974472176356,0.08767359854957092,0.0,0.008656111422356678,0.32854669437095,0.012652685668765724,0.002996121487542832,0.07814446531910474,0.00024817566739609504,0.003017697279178044,0.005245403101318203,0.008947777012733764
s08M4022,0.0,0.0,0.0,0.0,0.0,0.0,0.0,0.0,6.140259875572614e-06,0.6304626884124669,0.0814108698444358,0.0,0.0,0.0,0.0,0.0,0.2758654394163236,0.0,0.0,0.0,0.0,0.0002563013912408467,0.0055278035491282615,0.0,0.0,0.0,0.0,0.0,0.006470757126529176
s09M4022,0.0,0.007975621890085775,0.0,0.12525403886301292,0.0,0.007985266300240367,0.020531121490191796,0.0005184226374047439,0.0007987653645375707,0.014324653795475666,0.0006361302301635608,0.0,0.0,0.0,0.0,0.0002670027950399409,0.0011447354397443688,0.025683851171707517,0.0012024860378396776,0.0,0.0,0.0,0.05683721798374111,0.0,0.00092329751139024,0.0022625611133163725,0.0,0.007634762607379396,0.7260200647687289
s10M4022,0.0,0.005543680177728005,0.0,0.08455014825977947,0.0019340788173287451,0.013602888492409468,0.1207979725452185,0.0,0.0,0.0109952342365892,0.0,0.000411403730368356,0.0,0.0,0.0002062558515949624,3.454814452926682e-05,0.0,0.05068983128709504,0.00024874454405934734,0.0,0.007592388066698031,0.00479221195689665,0.0009789008591026673,0.0,0.010210258125309287,0.002121226211380407,0.002707719819933044,0.024897037011152853,0.6576854718628267
s11M4022,0.0,0.006958309974287564,0.0,0.0940961401675569,0.0019283151461794116,0.007481184632963275,0.1112118367107789,0.0,0.0,0.004538862176640263,0.0,0.0,0.0,0.0,0.00014389932087877539,0.0018036515222892722,1.0999732799286701e-05,0.10037949696143768,9.091340806811515e-05,0.0,0.018653148328085487,0.0024811165693945122,0.00029097401417752466,0.0,0.009480070972906747,0.0019537828429507906,0.0021394689113372794,0.013624906125835747,0.6227329224814324
s12M4022,0.0,0.010921902003243417,0.00019454685633214425,0.028356745948735062,0.0002508007629407443,0.0,0.09210457616169654,0.0,0.00027628599975010304,0.0,0.0,0.0005348295502896744,0.0014896463833103737,0.00010146002719083176,0.0003533287785249969,0.0035117280596878224,6.482848021937317e-05,0.09927945059780725,8.383165879181578e-05,3.169350641129313e-05,0.06725463211667287,0.006011332038426737,0.00012240773988844703,0.001313011156809663,0.01914872847612019,0.0011733726890500213,0.004404565016492313,0.0020302991396111106,0.6609859968519972
s13M4022,0.0,0.006325745537784635,0.00010563336243225466,0.08183905601190829,0.001461853506471425,0.0030784788444689223,0.09261000989678148,0.0005897449364965181,0.0005035726765429369,0.0,1.0722221880003123e-05,0.0014023645240346576,0.0009894135108198079,0.0002974245859831331,0.0015638339027191658,0.003114939152199109,6.238194398508576e-06,0.031117272846307904,0.0021727280952465915,0.0001299003021410912,0.07460732188253127,0.005183318953645861,0.0013589120249524406,0.0014255562134087693,0.006985617635471932,0.0009877943886026721,0.006811915858071116,0.004341204122974389,0.6709794268117252
s14M4022,0.04772379584043234,0.04026314971581611,0.0012397987175311609,0.027364956809455675,0.002816095988179821,8.689175132548015e-05,0.10249705338376025,0.0034378668162786574,0.003083659278793299,0.0,0.00036843082753284465,0.0012942892886665734,0.009463428732978795,0.002405730284853491,0.00154238177965311,0.01102930722170661,8.912960237896039e-05,0.07424376207581704,0.00202638750725081,0.00010963122808195802,0.18633927335398637,0.08318465905562934,0.0018424916278720707,0.006108151291704507,0.031019492018888803,0.006541723960133123,0.011094090569737173,0.006643823002699699,0.3361405482688558
s15M4022,0.014625724872617702,0.005990787614292154,0.00019846922777190664,0.26825996697833,0.006508224523018445,0.019790426411802595,0.20548856186146824,0.0,0.0028939104632670276,0.00047693149608376146,0.0,0.00434883912125266,0.004839559680800814,0.0004707028759645959,0.0034329786195432576,0.0013059969621308407,9.944069850900783e-05,0.044248323621772744,0.007789367924078373,0.0,0.029355002165618132,0.030794263802769884,0.00419202453602676,0.005770114497599396,0.23836134565874448,0.003770675070836794,0.005604140819716229,0.005401654764267635,0.08598256573171667
s01X4022,0.03949878900618709,0.0013018603448860316,0.0009598368578175016,0.03586690908293244,0.09771750270941093,0.008589394966510537,0.27124394419703923,0.0013640625803219523,0.004658844798293392,0.0033643706366220994,0.0,0.0047822106281842375,0.006395185941652211,0.0017274892099180417,0.0036433768135706633,0.0,0.0002011665184538227,0.0127260585747833,0.016526215643259998,0.0,0.004437212968835424,0.4242300041214047,0.006904958231793366,0.005603104794499965,0.03568726933493899,0.0003584963884788595,0.003929600148907582,0.002062761799693732,0.006219373701603831
s02T4022,0.0,0.0,0.0,0.10370428872405087,0.04005776268472636,0.0,0.01276722485333158,0.0,0.0,0.0,0.0,0.0007963678460087352,0.0,0.0,0.0001256601857133493,0.0,0.0,0.0,0.060147231520025546,0.0,0.0,0.7193930416029405,0.05886020636184655,0.0,0.004148216221356383,0.0,0.0,0.0,0.0
s03T4022,0.0,0.0,0.0,0.024012459382796527,0.0018269440550703446,0.0,0.0,0.0,0.0,0.0,0.0,0.0,0.0,0.0,0.0,0.0,0.0,0.0,0.6949836837856193,0.0,0.0,0.27329942694502285,0.005877485831491128,0.0,0.0,0.0,0.0,0.0,0.0
s04T4022,0.0,0.0,0.0,0.001143824525027353,0.010527945787614422,0.0,0.0,0.0,0.0,0.0,0.0,0.0,0.0,0.0,0.0,0.0,0.0,0.0,0.14606451692080447,0.0,0.0,0.8271020534071096,0.015161659359444085,0.0,0.0,0.0,0.0,0.0,0.0
s05T4022,0.0,0.0,0.0,0.008938256894012545,0.33967669185171195,0.0,0.141645124671969,0.0,0.0,0.0,0.0,0.0,0.0,0.0,0.0,0.0,0.0,0.0,0.13913884368311205,0.0,0.0,0.2603191884585517,0.1102818944406428,0.0,0.0,0.0,0.0,0.0,0.0
s06T4022,0.0,0.0,0.0,0.005942651190557612,0.031444993575794326,0.0,0.026226108235941344,0.0,0.0,0.0,0.0,0.0,0.0,0.0,0.0,0.0,0.0,0.0,0.0008162624641048062,0.0,0.0,0.8678692088528859,0.06770077568071613,0.0,0.0,0.0,0.0,0.0,0.0
s07T4022,0.0,0.0008178067711831861,0.0,0.1662346571579234,0.08168892072820728,0.0,0.17757368499634765,0.0,0.0006861145899026676,0.0,0.00012276267225583545,0.0010276076505594057,0.0012183480467239218,0.0,0.000832161160424426,0.001660395343495215,0.0,0.0,0.16710219020920983,0.0,0.0027896832525644874,0.34285817142913827,0.04773755740755558,0.0,0.00577848368854599,0.0,0.0,0.0,0.0018714548959628222
s08T4022,0.0,0.0,0.0,0.0,0.0,0.0,0.0,0.0,0.0,0.7628290233609413,0.022015195232241262,0.0,0.0,0.0,0.0,0.0,0.21515578140681743,0.0,0.0,0.0,0.0,0.0,0.0,0.0,0.0,0.0,0.0,0.0,0.0
s09T4022,0.0,0.0,4.394834243667679e-05,0.0,0.0,0.0,0.0,0.0,0.0,0.01722048522660347,0.0006072566080742115,0.0,0.0,0.0,0.0,0.0,0.0,0.0,0.0,0.0,0.0,0.0,0.0,0.0,0.0,0.0,0.0,0.0,0.9821283098228857
s10T4022,0.0,0.003751831036700042,0.0,0.38982084192494754,0.0,0.014398851029921682,0.08422405912676452,0.0,0.0,0.014658931828475531,0.0,0.0,0.0,0.0,0.0,0.002742832504009981,0.0,0.047686124340880626,0.0,0.0,0.0014218331780491934,0.0,0.0,0.0,0.007634906577360469,0.0,0.0,0.021228665301203216,0.41243112315168723
s11T4022,0.0,0.006819954562891568,1.0773429462700914e-05,0.021425476599739535,0.00028703500333027675,0.005368713005431791,0.05830427116024481,0.0016452822799522912,0.0006205737918045257,0.07960603908514849,0.0032648120931421014,0.0005969252726321186,5.973090636108021e-05,0.0,0.0008740903139841164,0.0010040609721667225,0.0,0.013335313962662137,5.066994996737356e-05,9.375269317661274e-05,0.0023762499119167604,3.040781936431538e-05,0.0,0.0007247766099217105,0.0012041882087244706,8.329003875259638e-05,0.00037581333360126945,0.002935468288145046,0.7989023307074756
s12T4022,0.0,0.06229923069751466,0.0,0.05007195017997799,0.0,0.0,0.13617730696537655,0.0,0.003629144603779213,0.04218368156792358,0.0006962732231645845,0.0,0.014925498987209747,0.0,0.0,0.015132394340544295,0.0,0.4258595729771213,0.0,0.0,0.0,0.07562568034803877,0.0011429239364452698,0.0,0.006671286759305606,0.0023526044971846826,0.0010095966726344236,0.01085626214709165,0.15136659209668776
s13T4022,0.0,0.02709570772637555,0.00019952833972613772,0.04557907474666349,0.0009843107243422348,0.008688732217261626,0.40651391545957044,0.0,0.0021262576887798933,0.03587283590511459,0.000580631035378937,0.0,0.003936374120366826,0.00013347162380997728,0.0005113322035776851,0.0027865181082798395,0.0,0.133482611274732,0.0,0.0,0.044583957055716744,0.01828120469177675,0.0,0.0005563907464365435,0.010086200479259236,0.004789239677007582,0.009914892271160942,0.016701882447491632,0.22659493145717122
s14T4022,0.0208130973466971,0.02214887848564936,0.0020687395329928742,0.22645215010599107,0.0027757662752300534,0.0,0.273928479360752,0.0,0.0032798224028095994,0.004152484665394509,0.0004943488523200542,0.00025609056091685343,0.009072874836282543,0.004115972931099042,0.0011330096227808025,0.00537333355586543,0.0002189017667683773,0.07414759994682697,0.0028978206947290483,0.0,0.07926114135915183,0.07275517205777013,0.0007953640150334431,0.004827265745564638,0.011462943508751372,0.005917216215001243,0.07494964577550578,0.004531144095141713,0.09217073628497416
s15T4022,0.0,0.008401434919661933,0.00031474754072675215,0.08695280604122675,0.01395806591822336,0.013421536808165935,0.46512569469194576,0.0,0.0011106136637163834,0.006478525676647059,0.0,0.0014462584092513535,0.005087058988356474,0.00029648956031405263,0.003011600275791867,0.0036207797915468257,0.00010270088477229074,0.05463873048295802,0.005074877415227791,0.0,0.042102875502977755,0.028221762322200666,0.014551178760743853,0.0054905860249146515,0.048530603441922754,0.012448527990660952,0.014659490321693702,0.019453616982936635,0.1454994375834165
s02M4122,0.0,0.0,0.0002513845075088059,0.07981447784133906,0.021688434781324855,0.003044567758224312,0.7948608147173347,0.0,0.0010441370184587166,0.0,0.0,0.0,0.0038207196960670987,0.0,0.0,0.0,1.232840416533973e-05,0.0,0.006342250710432833,0.0,0.0,0.06137685846518591,0.003589851992454661,0.0,0.023607120313664444,0.0,0.0,0.0,0.0005470537938392394
s03M4122,0.0,0.0,0.0,0.0,0.010771236008365498,0.0,0.7058833239111058,0.0,3.1420391361448505e-05,0.0,0.0,0.0,0.0014674999435888034,0.0,0.0,0.0,0.0,0.0,0.0,0.0,0.0,0.22508654637049333,0.05675997337508518,0.0,0.0,0.0,0.0,0.0,0.0
s04M4122,0.0,0.0,3.8770316430064276e-05,0.049129153001205614,0.024123748445877478,0.0010962523786500957,0.39804403557379214,0.0,0.0,0.0,0.0,0.0,0.0,0.0,0.0,0.0,0.0,0.0,0.0,0.0,0.0,0.030250676930936752,0.0,0.0,0.4973173633531078,0.0,0.0,0.0,0.0
s05M4122,0.0230660516583469,0.0,0.0022334370683372937,0.0,0.3016722679971358,0.0009773538347123563,0.21720225537252347,0.0,0.0,0.00037184733334548486,0.0,0.0,0.0,0.003943466595410515,0.0,0.0,0.00017469781357919994,0.0,0.025840524747525236,0.0,0.0,0.12003688819489167,0.30448120938419204,0.0,0.0,0.0,0.0,0.0,0.0
s06M4122,0.0,0.0,0.0019154468741395094,0.03359357403190129,0.01175268149089114,0.0,0.8652753350311873,0.0,0.0,0.0,0.0,0.0,0.0,0.0018241122665811375,0.0,0.0,0.0,0.0,0.0014043962085332066,0.0,0.0,0.08423445409676632,0.0,0.0,0.0,0.0,0.0,0.0,0.0
s07M4122,0.005624379574757223,0.0007099580251125404,0.0018388993209311174,0.060677968101125114,0.040690369767745545,0.01116383819586212,0.4413745278554248,0.003623188261286545,0.0009350228085255632,0.0012146305587779473,0.0,0.00032701645816131066,0.0038464834962396287,0.0028966028390375593,0.0010558048866778143,0.0009019617041272775,0.0004563339195501065,0.008262694174317103,0.08408236105906171,0.0,0.00402850425015956,0.12785282113554558,0.04079321079024932,0.0038024400890843578,0.13578009025838744,0.0012551241801543743,0.002402978083858636,0.002299113959932163,0.012103676245907405
s08M4122,0.0,0.0,0.0,0.0,0.00018799431767091616,0.0,0.0,0.0,5.520221938284037e-06,0.9072757912369303,0.02518152539909373,0.0,0.0,0.0,0.0,0.0,0.06685206607566271,0.0,0.00023164480556089014,0.0,0.0,0.0002654579431432247,0.0,0.0,0.0,0.0,0.0,0.0,0.0
s09M4122,0.0,0.0024044003649806188,0.0,0.06365513824507017,0.0014495137089250334,0.006624919073831986,0.09991046863546194,0.0009911712623227606,0.00024114649290623959,0.07836836702492483,0.0024282735522131553,0.0,0.0012157269855282151,0.0,0.00023052668933803294,0.006994924760483831,0.0006334160987660153,0.016393443963995752,0.0,0.0,0.0,0.0012806024447938632,0.0003985173034913551,3.872834796779428e-05,0.010033348753064752,0.0003750595657310051,0.0010342166993652202,0.0064919760191099445,0.6988061140077275
s10M4122,0.0,0.0003188461699110488,1.2578739170541341e-05,0.04414035114899727,0.0,0.0,0.0,0.0,0.0002281147273072804,0.034454102498761276,0.000774966419476768,0.0,0.0,3.6636926359264985e-05,0.0,0.0022843978218478607,0.0,0.0019859166295074578,0.0,0.0,0.0027517360328075226,0.0,0.0,0.0,0.0,0.0,0.0,0.0,0.9130123528858537
s11M4122,0.0,0.00017090136915150512,3.185643874529121e-05,0.0,0.0,0.0,0.007792894381286159,9.701632521484557e-05,0.0,0.043170946712509733,0.0018021088862214226,0.0,0.0,5.213322421417972e-05,0.0,0.0016184303136522683,0.0,0.0,1.9420000781443344e-05,0.0,0.0020630074188247383,0.0,0.0,4.208668436327143e-06,0.0,0.0,0.0,0.0,0.943177076260962
s12M4122,0.0,0.006785281484583954,0.0,0.07151305944701768,0.001665337156978483,0.0,0.10338953829756684,0.0,0.0,0.03404833038697487,0.0007232934001953738,0.0009105199702785033,0.001299102035941951,8.514645699315468e-05,0.0014222237443177823,0.004355692826802464,0.0,0.12918022549448763,0.0,0.00012919385573878798,0.021753547942024318,0.005824636624997229,0.0005076613429310106,0.0013420031888882024,0.00020634384744939392,0.0,0.01316643149252434,0.002282372952511488,0.5994100580507966
s13M4122,0.0,0.013719336272765677,0.0,0.05361398381613123,0.0,0.0,0.16436784644490118,0.0,0.0,0.023412927885089623,0.00044021439537664616,0.00046911511740630417,0.0032347533266466697,0.0,0.0006458904960641359,0.006494892403446778,0.0,0.12783381169921407,0.0,0.0,0.017424743742745396,0.01731022228633505,5.78157938076893e-05,0.0019611481797509843,0.0009369856947463612,0.0,0.0053315716797174865,0.0025128569306978464,0.5602318838351568
s14M4122,0.0,0.02591070716434302,0.00029843907268986076,0.13856946040164977,0.0014050573210939168,0.0,0.48853017919247826,0.0,0.0,0.0069545373483430335,0.0,0.0,0.006155643407274462,0.0,0.0,0.006461099697871438,0.0,0.13847878390174442,0.0,0.0,0.011574649493830762,0.03743602934005419,0.0,0.0,0.0,0.00010641766692944947,0.004912677130561219,0.0033214609291051626,0.12988485793203117
s15M4122,0.0,0.00024553409841331927,7.906945738494296e-05,0.39065542555964605,0.00362531579094431,0.025120229113479452,0.3252804651564453,0.0,9.34038927728019e-05,0.007007092609314037,0.00028336546481311676,0.0,0.003240540864618027,0.0,0.0,0.0006299358163039222,4.1021027213894636e-05,0.017384772897697753,0.0010316205807605879,0.0,0.024762554654374266,0.0006210142124701292,0.000555275561361764,0.002050778046388602,0.012993247905079297,0.0014821683078081083,0.003148182056861078,0.0034617372181572873,0.17620724970769183
s01X4122,0.0,0.0008519579317201391,0.0,0.07621509573843936,0.007714539800985823,0.01349013367143709,0.3557801268591562,0.0,0.0012092359007369665,0.00013407067652615538,0.0,0.0,0.008297751207917337,0.0,0.0,0.0,0.0,0.0008425422353244393,0.0035972036860196202,0.0,0.0031928984828205388,0.01652139760636576,0.0027169129685852052,0.0,0.502807585008749,0.0017217900488496454,0.0,0.004906758176366446,0.0
s02T4122,0.03379924024760611,0.0008217170765203013,0.0,0.09285897150745176,0.07366610765305064,0.06576179906982305,0.4131574098162941,0.0046856280111891215,0.007469280560660865,0.004602621085901266,0.0,0.0007371768740051584,0.005346755153961276,0.0,0.0026450884626876905,0.002289305119201537,0.0015241607033639878,0.0328678893594129,0.008193370818858542,0.0,0.0035991875486726253,0.09010794663679976,0.00863676771323039,0.0033122274446639906,0.0868826813133723,0.005700140648996189,0.007462642997628263,0.019407524735810776,0.02446435944083747
s03T4122,0.0,0.0,0.0,0.02173848243690562,0.4766871417014256,0.0012626240340330966,0.02789858319479813,0.0,0.00018802726937468497,0.0002724518473001145,0.0,0.0,0.00013509889685791335,0.0,0.0,9.164719220984281e-06,0.0,0.0,0.0711030430109011,0.0,0.0010835869410272664,0.3150394187145486,0.07650629973702772,0.0,0.007014199832864747,0.0,0.0,0.00073279563775372,0.00032908202596060077
s04T4122,0.09795790896104187,0.0,0.0034602393320545175,0.007823124648836253,0.41593124199203313,0.02269493187346787,0.062146541145309486,0.0005723463138549908,0.002710061435121275,0.000630347273672769,0.0,7.926582834690392e-05,0.002271944035438188,0.0038109837615617572,0.0,0.0003291860065473253,0.0,0.0019442000374785405,0.006994268410097622,0.0,0.006477290577577106,0.3256150017741036,0.010049702467798256,0.00028555509111667714,0.02194360905910844,1.5238815905908024e-05,0.001541020589556809,0.003180681476859169,0.0015353090931116693
s05T4122,0.0,0.0,0.0,0.018067069807310224,0.6749286409646996,0.00031613050874032046,0.06159464717364884,0.0,9.982871698108127e-05,0.000194797408791404,0.0,0.00027195461434937723,0.0005984146758697184,0.0,0.001153260039060969,0.00020387033682610787,4.0660532021024614e-05,3.2399220291073164e-06,0.02850850014019447,0.0,0.001787915969069827,0.19876561440060989,0.002133615511237219,0.0008916305600125112,0.005421939925886065,0.0,0.0009169527759161504,0.0005963632889711684,0.0035049527277750225
s06T4122,0.03893865011856388,0.0007836419832789556,0.00010016384023125291,0.053686407416860565,0.07287731648629994,0.009298353893378469,0.20330749844712015,0.003614421156932413,0.0015818873973371182,0.001461109212036471,0.0002395279253422407,4.4011623193956505e-05,0.0019172525003996795,0.0,0.0002309223150330512,0.004166793277373357,8.469906374870111e-05,0.021695689860165256,0.012554426800588925,0.0,0.007205101824659931,0.4810512484596721,0.00492759192168512,0.0012742215965133225,0.03610473553410783,0.002720504267574487,0.0025352367917609335,0.010091615009143656,0.027506971276998044
s07T4122,0.01841404519484207,0.0,0.0,0.1997853755960066,0.05496884747937626,0.02092651658640482,0.35490202670723187,0.0006638850390333278,0.0018230855344067022,0.003147274969226694,0.0,0.0,0.0,0.0,0.0005819926940876185,0.002116254357040308,4.725002573874765e-05,0.0392128933303139,0.01410007562845172,0.0,0.0,0.10409594165253049,0.026768959572384853,0.0,0.09588457578436535,0.004962569955217229,0.0,0.02275054737690137,0.03484788251644014
s08T4122,0.0,0.0,0.0,0.0,0.00021197798228763764,0.0,0.0,0.00038110059221670427,0.00055989785474168,0.7742623490400353,0.18023566443865657,0.012799433158173992,3.640119946440715e-05,0.0,0.0,0.0,0.02508407817351536,0.0,0.0,0.0009621049453323326,0.0,0.0,0.0018063312651931125,0.0,4.8341446662052814e-05,4.910340459056568e-05,0.0,0.0013804226274359243,0.002182793871694339
s09T4122,0.00279883177560695,0.0,0.0,0.0002787769223010604,0.0,0.009348913155607931,0.0,0.00019456187607122462,4.0795547040072554e-05,0.0369456723900427,0.003959828488028317,0.0,0.0,0.0,0.0,0.007240406489378326,0.00030521984014446595,0.0,0.00021716526799389076,3.948697988536148e-05,0.0,0.006534112606807234,0.0020215063727468505,0.0017405420595608756,0.0,0.0,0.00014132804624040777,0.00046863501396303127,0.9277242171685813
s10T4122,0.006282654807425685,0.0,0.0,0.004111954390496602,0.0,0.004635331166152729,0.0064150068438518825,0.0,5.025444819037379e-05,0.003895047991370145,0.0007486068015371221,0.0,0.00011452900905256324,0.0,1.9937094301199532e-05,0.005830338544178433,0.0,0.001949062781621322,0.0001926851178798253,0.00010995387159516186,0.00196918370157487,0.0006307566993330749,0.00016719635593057073,0.0031353768184397453,0.0,0.0,0.00037581132599327245,0.001143092471741963,0.9582232197593334
s11T4122,0.0050231366921562794,0.0,0.0,0.01617674694642351,0.0,7.516092382067517e-05,0.004215066265507103,0.0006178202642632774,9.473774731657312e-05,0.0184176911569108,0.001546450854933656,0.0,0.0,0.0,2.8055201408183305e-05,0.006593447037398328,4.738900401072452e-05,0.003112910099701256,0.0001279733265229945,8.160576782991363e-05,0.0025411210781808406,0.0,0.0009837337429241726,0.0037424834723446734,0.0,0.0,0.00016845442253900358,0.0006077518297074062,0.9357982641661006
s12T4122,0.0,0.008998209425066527,0.0,0.005620858343064007,0.0,0.0,0.07742953424985446,0.0006555451489885493,0.0,0.03240920007784645,0.002462156603899216,0.0002299997162967127,0.0011690468742736179,0.0,0.00048089077540655964,0.004148981795231534,0.0,0.11924478774773836,0.00011166943374273343,0.00011658989959395386,0.006618798349242564,0.005793128182213366,0.00022079781018100148,0.006723943564375674,0.0,0.0,0.015867682384948303,0.00243405242324534,0.709264127194791
s13T4122,0.0009774395083084488,0.0,0.0,0.014745069343387625,0.0,0.0,0.0046562854649109045,0.0,0.0,0.007220417713022907,0.0005222562364525549,0.0,0.0,0.0,0.0,0.0019545871667290666,0.0,0.010438686082055353,0.00013356253230470852,4.774450477266623e-05,0.0023844367664766636,0.014969917322468551,0.00027644185190671124,0.0015797797331542414,0.0,0.0,0.00015523889878924294,0.0,0.9399381368752604
s14T4122,0.0,0.0034757270550251204,0.0,0.07353566590721428,0.0,0.0007081050516493263,0.10147804160340712,0.0,0.0,0.00337060631793677,9.258462761896914e-06,0.0,0.0006315432971271822,0.0,0.0,0.0027718249669356214,0.0,0.06152540612874941,0.0,0.0,0.0033965327838022088,0.006039401474085516,9.980327029667745e-05,0.0008414541139003594,4.743957008231411e-05,0.0,0.0007531070196678768,0.0010385324454901307,0.7402775505318682
s15T4122,0.006506510684289851,0.001257427043104284,0.0,0.3392039337348236,0.000746998284780252,0.0007872751494777423,0.06427778391481273,0.0,2.989699167921761e-05,0.005148845637795062,0.000242755377631781,0.0005924739562711271,0.0,0.0,0.001388288204703265,0.003069833164327779,0.0,0.0007562552850302973,0.0005981798794458468,0.00024129711664964572,0.004209489791958104,0.004059849699688766,0.0012340247698241792,0.0030913177165219257,0.010690153685604406,0.0,0.0013828200744113509,0.004111000856976917,0.5463735889801918
s02M4222,0.049888519361395614,0.0044945836997282275,0.002816771628612127,0.03356489083398959,0.005894469843486454,0.005802711538556515,0.6002149421006235,0.0,0.00013556401249002764,0.0003560836646398308,0.0,0.0,0.0018691612344426572,0.00257173818783748,0.0,0.0,0.0,0.004306531185263019,0.004062276991302975,0.0,0.0,0.06589863339063298,0.0008534028235730471,0.0,0.21316419650568344,0.0007854209928928508,0.0,0.00036441658449245314,0.0029556854203569728
s03M4222,0.0,0.0,0.0,0.019095879924107058,0.5321113393099399,0.0002839967488299195,0.07898879532730498,0.0,0.0,0.0012508395072999207,0.001616239765188089,0.0,0.0009091591665398401,0.0,0.0,0.0,0.00013134019154628144,0.0,0.0,0.0,6.470696798286072e-05,0.10360124858527255,0.26047578902702617,3.285856374810058e-06,0.001386463591195474,0.0,8.091603139224428e-05,0.0,0.0
s04M4222,0.0,0.0,0.0,0.0,0.28952693499470017,0.0,0.0,0.0,0.0,6.152883037239515e-05,0.00044468377009453336,0.0,0.0,0.0,0.0,0.0,0.0,0.0,0.0,0.0,0.0,0.7025195891873512,0.007447263217481639,0.0,0.0,0.0,0.0,0.0,0.0
s05M4222,0.0626504326018592,0.00043611016539422026,0.0022219778820658747,0.008817072132607913,0.07973699474814595,0.0008134845213249328,0.07689262560014828,0.0014277446187744745,0.0011394080455301451,0.0008618214399195085,0.0001505568736504056,0.0,0.006541450598844401,0.003407997723569389,0.0,0.0007376436954777904,0.0,0.0020314775511583185,0.03027419578980856,0.0,0.010887499824145656,0.6188470226452513,0.05220495366148928,0.0012999451199760717,0.01629311106169243,0.0002584520909951279,0.00037149368570318193,0.0018374208483745178,0.019859107074093076
s06M4222,0.05986660306193477,0.00045662312599044754,0.004366732792405427,0.020896630069118703,0.3450150805019659,0.0,0.00992767718781569,0.0,0.0,0.0,0.0,0.0,0.0,0.004286324199619545,0.0,0.0,0.0,0.0,0.021144653568509905,0.0,0.0,0.09812073241447342,0.4280493464326694,0.0,0.0,0.0,0.0,0.0,0.007869596645496685
s07M4222,0.0,0.0,0.0,0.1018220205973801,0.016486980382816815,0.01778500897549741,0.07222723158006403,0.0,0.0007385634742287659,0.0007183182056210457,0.0,0.0,0.0,0.0,0.0,0.0,0.0,0.008937882923625426,0.5891593113082632,0.0,0.0,0.05224271675060786,0.06553884562978465,0.0,0.05519329113081176,0.00171266067007299,0.0,0.006588495429681888,0.010848672941544131
s08M4222,0.0,0.0,0.0,0.0,0.0,0.00015213132633494156,0.0,0.0,0.0,0.8266184959456596,0.04807277873071876,0.0,0.0,0.0,0.0,0.0,0.1251565939972867,0.0,0.0,0.0,0.0,0.0,0.0,0.0,0.0,0.0,0.0,0.0,0.0
s09M4222,0.0,0.0076476359546339065,0.0,0.033472660718947084,0.0021845274622711705,0.18768858360845364,0.1452288261770683,0.0,0.0,0.2609833991723112,0.02655339818754036,0.0,0.0,0.0,0.0,0.043973142125052087,0.0008399519924038402,0.035968957663315204,0.0,0.0,0.0,0.0,0.0,0.016678167372535316,0.008665958413674598,0.0,0.007778999787241477,0.13516447967761824,0.0871713116869334
s10M4222,0.0,0.005162177508857024,0.0,0.43800388482583336,0.0008274284086521697,0.04622282307195935,0.11949335809347929,0.0,0.0,0.10137244307460049,0.003692321036410135,0.0,0.0,0.0,0.0,0.008224413627699668,3.080153438817189e-05,0.032211698643324314,0.00013005694209620352,0.0,0.0,0.0,0.00472519747624437,0.002872194455200244,0.014643404181506467,0.00015143362145510835,0.0,0.12685070941241527,0.09538565408587839
s11M4222,0.0,0.006689550354879353,0.0,0.36520016513374043,0.0005773809956175029,0.023469132022612468,0.10780132779254159,0.0,0.0,0.09403366217926847,0.0036452979681961596,0.0,0.0,0.0,0.0,0.01293238852558989,0.0,0.061298118108937226,0.0,0.0,0.0,0.0,0.0001380383206442983,0.008805339042477642,0.008488726975358194,0.0,0.0028434118891110076,0.11562947110966414,0.18844798958136155
s12M4222,0.0,0.019961902845711487,0.0,0.062395329240056516,0.02446190393597737,0.00926162403438869,0.15336078912060144,0.001356946845261339,0.0002835938795154467,0.15906976952513746,0.006837115438050044,0.0,0.004283215461700678,0.0,0.0001608877831073255,0.007518729445073954,0.0,0.17817156421224353,0.0,0.0,0.0,0.08875280265417232,0.09470507643873301,0.007825117950752698,0.01134742710346827,0.0002063712248857388,0.0,0.032382876767248964,0.13765695609391376
s13M4222,0.0,0.01557003984851699,0.0,0.08411929515834589,0.011499005596186516,0.017462967303544918,0.24696845581129162,0.0010202822608123283,0.0,0.14786877375833513,0.007047312203745198,0.0,0.00025302849365166146,0.0,0.0,0.009266518299088753,0.0,0.10487854010397035,0.0004703058009066841,0.0,0.0,0.09686934242478686,0.004847239641831208,0.006415490659371037,0.07599183041157934,0.0014642664027162224,0.0019144025028520763,0.04061776169654953,0.1254551416219178
s14M4222,0.08490280840525385,0.050524953807090774,0.0020346897997946885,0.06461387434392417,0.016010697502418895,0.006445325491831877,0.1788806032170552,0.002951318554986381,0.0,0.011118812245461662,0.0,0.0,0.017907466673765755,0.0017237912157003577,0.001139816582774981,0.016870160189749094,0.0,0.2904964329001632,0.0,0.00015934374707918697,0.0,0.0840896043961686,0.0024531809403428675,0.0030329996679302213,0.018034068873614077,0.0023924893852618565,0.00654206790252292,0.03742211234219304,0.10025338181491618
s15M4222,0.0,0.0009957682179438652,0.0,0.10311614914879268,0.008772602391724331,0.026519137196638766,0.47814026181396047,0.052334066064982684,0.0,0.005945671381056067,0.0,0.0,0.0,0.0,0.0,0.007785542257126034,5.87038101864949e-05,0.03385649231445895,0.0026410586223522222,0.0,0.0002619172912122047,0.0053209961444866906,0.009547683547948473,0.0027839163753859606,0.11587234624532435,0.004718995226241494,0.06452796596926452,0.03065740273435837,0.046143323246555276
s01X4222,0.04219693732055743,0.0,3.131565673209078e-05,0.25508637608690476,0.0465447468136203,0.0018594485270537256,0.08798696267667411,0.0,0.0,0.048566414688534364,0.0,0.1725038608949721,0.0018647072844731212,0.0010045651796036555,0.0007939976381768092,0.00024115404687743102,0.003851851678343445,0.004058380378079609,0.030091607208266705,0.004378941466397434,0.0,0.2255397738010716,0.033657776601717364,0.0,0.02517659485966815,0.001485178144717101,0.0040724701451859534,0.005194130586258112,0.003812808316114694
s02T4222,0.02535727587236969,0.0005389243374763709,0.001306626062973749,0.022463551575518388,0.697448651512846,0.0010521443909683526,0.18873318531960528,0.0,5.247998038752651e-05,0.00019512005925766528,0.0,0.0,0.0,0.001113689290197417,0.0,0.0,0.00030922426386753284,0.005314693723514424,0.0,0.0,0.0,0.04324143751404836,0.0,0.0,0.005838645497048892,0.0017363779501917112,0.0,0.0015800476172206843,0.0037179250325079824
s03T4222,0.0,0.0,0.0,0.057218864596087826,0.5879349615602975,0.0,0.2843441163129579,0.003946565647060242,0.0,0.0,0.0,0.0,0.006406381881704296,0.0,0.0,0.0,0.0,0.0,0.0,0.0,0.00047147532551403414,0.050240137825157564,0.008287294202112869,0.0,0.0011502026491078965,0.0,0.0,0.0,0.0
s04T4222,0.0,0.0,0.0,0.0,0.6970220235557555,0.0,0.0,0.0,0.0,0.0,0.0,0.0,0.0,0.0,0.0,0.0,0.0,0.0,0.020892009962550032,0.0,0.0,0.26052476447472334,0.021561202006971012,0.0,0.0,0.0,0.0,0.0,0.0
s05T4222,0.05116573938794038,0.0006437990100177625,0.00306828571851151,0.0,0.24537445005810343,0.0005065653787647065,0.0,0.0,0.0,0.0,0.0,0.0,0.0,0.005431737199530041,0.0,0.0,0.0,0.0004421456917806082,0.017237505119842605,0.0,0.0,0.3926375862934026,0.2822743841208097,0.0,0.0,0.0005792348126984149,0.0,0.0,0.0006385672085982586
s06T4222,0.0,0.0,0.0,0.0005743109122253819,0.20884443748530776,0.0,0.0,0.0,0.0,0.0027261083432286123,0.0,0.0021779973426266732,0.0,0.0005114574230917041,0.0,0.0,0.0004415077100777202,0.0,0.02218523947467023,0.0,0.0,0.4466117892281479,0.3157814661642017,0.0,0.0,0.0,0.00014568591642223844,0.0,0.0
s07T4222,0.01627815964841315,0.00033914454110284823,0.0,0.041921107918155995,0.11290693587766815,0.007584223507208237,0.15888622624884904,0.0019473915840860427,5.324064315145552e-05,0.017149589961180784,0.0,0.2530702557562863,0.0021412815653996,0.0,2.436635643599811e-05,0.0036297837920097,0.004553049884124452,0.013178418329728988,0.0022435680992042655,0.015280661580183928,0.0,0.19405158698124558,0.07576184381093838,0.0010137045450587707,0.05623763106257374,0.0011702507122804782,0.0016080821040518412,0.011876548397657142,0.0070929470930051015
s08T4222,0.0,0.0,0.0,0.0,0.0,0.0,0.0,0.0,1.722465233759845e-05,0.8908088193673576,0.04050315872005583,0.0,0.0,0.0,0.0,0.0,0.06867079726024901,0.0,0.0,0.0,0.0,0.0,0.0,0.0,0.0,0.0,0.0,0.0,0.0
s09T4222,0.0,0.002703027958129711,0.0,0.2328505190461398,0.0,0.06917122616045616,0.050735184964921506,0.0,0.0,0.517337768623967,0.02658678388191682,0.0,0.0,0.0,0.0,0.0029302001710304324,0.005177258915735095,0.018569417300911377,0.0,0.0,0.0,0.0,0.0,0.0024883594307924324,0.004925447642605279,0.0,0.0,0.021295583056400964,0.04522922284699343
s10T4222,0.0,0.003559087293264419,0.0,0.10743267307856248,0.0,0.052279960534600906,0.269947736608996,0.0,0.0,0.12298692567855647,0.0,0.0,0.0,0.0,0.0,0.0,0.0,0.11817588234663068,0.0,0.0,0.0,0.0,0.0,0.0,0.030326915919456143,0.0,0.0006435714160028745,0.09914263778756252,0.1955046093363674
s11T4222,0.0,0.009638382096266974,0.0,0.10384117938275622,0.0,0.03773727346512207,0.2414727556723045,0.0,0.0,0.15097121626450558,0.0,0.0,0.0,0.0,0.0,0.0060035605714632,0.0,0.09593385249037797,0.0,0.0,0.0,0.0,0.0005046931926460723,0.05723024087450457,0.0316253126922892,0.0,0.0,0.09020627507366692,0.17483525822409682
s12T4222,0.0,0.019706761743900104,0.0004767209385075111,0.07813025115778913,0.0,0.03672009536953273,0.257121869865064,0.0,0.0,0.09144678839191926,0.0,0.0,0.002145917779457191,0.0,0.0,0.005007902581735579,0.0,0.18861198433469475,0.0,0.0,0.0,0.016764555315415427,0.0,0.009156129781803296,0.02864710262753839,0.00019958357909371507,0.0,0.0825187687524724,0.18334556778107658
s13T4222,0.0,0.007831785736174027,0.0,0.10662880291862553,0.0,0.029911574528666943,0.21815037490838188,0.0,0.0,0.1309634675469794,0.0,0.0,0.0,0.0,0.0,0.0016993729096484319,0.0,0.2290001892473108,0.0,0.0,0.0,0.0066494141392030425,0.0,0.003808858422649082,0.02400558193243456,0.0,0.010907564239346844,0.0785496403735889,0.15189337309699055
s14T4222,0.016041001414328775,0.043339421714424994,0.0010218085783575733,0.10377354133997507,0.00016007163003370586,0.0025572453398337923,0.22406126412355573,0.0,0.0,0.052026653510520084,0.0,0.0,0.00960090711919091,0.0009517290235569816,0.0,0.01741673996937332,0.0,0.29598884809158443,0.0,0.0,0.0,0.08970453025428406,0.0022964392849097012,0.005468087607778922,0.0142109621659955,0.0025473688153322864,0.031567919536434966,0.020670847276544217,0.0665946132039848
s15T4222,0.0446629116593339,0.015810178922980988,0.0,0.28084848143749364,0.004496249196243367,0.0545053186253149,0.2353960406959076,0.007005729811443926,0.0006397887917593629,0.030168939415552428,0.0013424567382101067,0.0018899809296055066,0.0011110417168132152,0.0,0.0048985032748030495,0.011263602006107029,0.0,0.0684507920765969,0.005320942568563816,0.0008765145583622544,0.00545172755849258,0.024265677431857386,0.013120437850629569,0.005248600995220388,0.040663911893531836,0.0005880186217103168,0.004424851664205336,0.05432223799070572,0.08322706356855487
s02M4322,0.14902350533872852,0.00139035782883057,0.004360891625229074,0.01000827626371211,0.035515222260581396,0.011900123968520054,0.03803392771263674,0.0,0.0,0.019358783341227828,0.0,0.0,0.0,0.004772075292676815,0.0,0.00040841547638074065,0.007287431828424468,0.007090688192764498,0.002527047736963087,0.0,0.0,0.6831759317321345,0.0031355929401119644,0.0,0.014076329667848124,0.00024332318280763376,0.0,0.005060563452840215,0.0026315121575814083
s03M4322,0.0,0.0,0.0,0.006581996719935941,0.2845619977871258,0.006963564012037288,0.04436410356448872,0.00024256950365194671,0.00011361703489653543,0.0037360684715309314,0.000909401697378389,0.0,9.174339841648017e-05,0.0,0.00045934874171319227,0.0007588474651715775,9.31687430262665e-05,0.003888654248326694,0.0065011815597975494,5.017824224014811e-06,0.0002762545007830589,0.6208522735246487,0.002051380025596758,0.0007443107016858383,0.008739951590371255,0.0005526362673279373,0.0005323742389357967,0.0036733739034248013,0.003306164475504561
s04M4322,0.01914153070869454,1.0272756070119292e-05,0.0006909800741562786,0.00521713494463533,0.2742973269704235,0.0570727720561877,0.014049144242924756,0.0,1.6378438374537474e-05,0.00030353508032902724,0.0,0.0009634137241000464,0.00027052712083204165,0.0007792923827677639,0.000542797241435752,0.0,0.0,0.0,0.015932455456707385,0.0,0.0,0.4599939575654892,0.14458989571695144,7.228496740232969e-05,0.004004448027155403,5.855307104667997e-05,0.0006920898809043082,0.0012958550318418619,5.354541570022032e-06
s05M4322,0.0,0.0,0.0,0.0,0.1964954574094048,0.0,0.21096561315127457,0.0,0.0,0.0,0.0,0.0,0.0,0.0,0.0,0.0,0.0,0.0,0.001804117121412498,0.0,0.0,0.20064426089770074,0.3900905514202075,0.0,0.0,0.0,0.0,0.0,0.0
s06M4322,0.0,0.0,0.0,0.0038293784818033117,0.2134139006239113,0.0,0.05204184386849828,0.0,0.0,0.0,0.0,0.0,0.0,0.0,0.0,0.0,0.0,0.0,0.09995742202111425,0.0,0.0,0.5343122528782188,0.09644520212645409,0.0,0.0,0.0,0.0,0.0,0.0
s07M4322,0.0,0.0014028376576021744,0.0,0.017501968289686087,0.07151010405479413,0.01283587596689775,0.06442265769167216,0.0012415956208196954,0.00028186295983729224,0.0010966139558561026,0.00011763150171170458,0.0,0.0,0.0,0.0,0.00110701545249798,7.101299226537686e-05,0.009838463896118867,0.003594632318182593,0.0,0.0005861709808922694,0.33960208622991417,0.43945754411053123,0.0,0.02028595475262708,0.0008919480013124951,0.0,0.008695265796846258,0.005458757769934522
s08M4322,0.0,0.0,0.0,0.0,0.0,0.0,0.0,0.0,1.977906052897629e-05,0.9142974137084208,0.05857150057098244,0.0,0.0,0.0,0.0,0.0,0.027111306660067808,0.0,0.0,0.0,0.0,0.0,0.0,0.0,0.0,0.0,0.0,0.0,0.0
s09M4322,0.0,0.0,0.0,0.04125137127820355,0.0,0.8000852294531828,0.05607698678478838,0.0,0.0,0.0313882544431208,0.0015729423929125104,0.0,0.0,0.0,0.0,0.0006664834614035494,0.0,0.009911466750968797,0.0,0.0,0.0,0.0,0.0,0.0010987181248001058,0.005912316200321909,0.0001247214959901063,0.0,0.017431057065340785,0.03448045254896642
s10M4322,0.0,0.0054891361609145425,0.0,0.039132389613878896,0.0010485141612695133,0.4812896557317243,0.17493019147670946,0.0,0.0,0.03992563380660194,0.0,0.0,0.0,0.0,0.0,0.002692347205821482,0.0,0.06325763588059422,0.0,0.0,0.0,0.001990397351549233,0.0012410711894104008,0.0011181827223988225,0.02317684314957207,0.0013309293609095147,0.0,0.07306999813421854,0.09030707405442705
s11M4322,0.0,0.00821928894007113,0.0,0.03485099003077044,0.0,0.030834997255742992,0.13397774069815133,0.0,0.000781837729178665,0.07981288474193106,0.0008338100773329874,0.0,0.0,0.0,0.0,0.004185667192406422,0.0,0.05106792273095662,0.0,0.0,0.0,0.0,0.5439398620296846,0.0028831517620583375,0.014271288974683391,0.002672935032812397,0.0,0.03130124381181739,0.06036637899240234
s12M4322,0.0,0.028280768117994282,0.0,0.018345080570922902,0.0,0.030556289102897885,0.24646716678702454,0.0,0.00026539968802352377,0.034601378430190774,0.00033810780939977364,0.0,0.005082459717124477,0.0,0.00013441254587335245,0.010718817470279028,0.0,0.4899228564011515,0.0,0.0003392799166967252,0.0,0.030141940892624366,0.002482809923597673,0.0120792420191469,0.008338564776271476,0.00034622665706213266,0.003128413926280074,0.02071320930946997,0.057717575937968585
s13M4322,0.0,0.009258728542042547,0.0,0.06774784527194615,0.00135446570233003,0.1926834672784019,0.18066393247601295,0.0,0.0013042675582791965,0.03435301000117526,0.0,0.0,0.0,0.0,0.0,0.00693550038702752,0.0,0.10960495907029762,0.0,2.1324610045376134e-05,0.0,0.24838097090382322,0.0017410823701478784,0.004993357535469507,0.021633224963503575,0.0026685041595793275,2.4278496937334658e-06,0.042204763234342815,0.0744481680858813
s14M4322,0.0,0.01972615199239865,0.00038386233521629613,0.05859226640856981,0.00553436703696449,0.031355174341478886,0.3270156666628315,0.143425855976268,0.0,0.030989571338791422,0.0,0.0,0.0019026700853115772,0.00031551765504353284,5.804190522321179e-05,0.0030639791219667844,0.0,0.19400975782166638,0.00038040615105951073,0.0,0.0,0.0311514015380983,0.003143056789803419,0.004081141202868365,0.026747321439953366,0.0050868382548818055,0.004119369027174276,0.036987496096796926,0.07193008681763356
s15M4322,0.0016056276595969028,0.009255351298693485,0.0,0.4696182446845135,0.004255443726819893,0.04281656886001136,0.24282015429150386,0.0,0.0017386496810138372,0.032034749540856,0.00019000602421247845,0.00016266306148752293,0.0007566132059104988,0.0,0.0011163685692919302,0.007134515820734621,0.0,0.03912778052219494,0.0009762023148339377,0.00014211975364246035,0.002388070211558856,0.007871154419630749,0.0019406317882417834,0.006765460738059669,0.03444221778286858,0.0034718788091571222,0.0035270351145668248,0.035263466567855374,0.05057902555274363
s01X4322,0.005718030642305884,0.0012021560154382477,0.0,0.06583434834837433,0.008388991360658956,0.14932594078112899,0.431475063397231,0.013267363846611485,0.0048391663769773744,0.006159428515847192,0.0,0.0003702118586415058,0.007307351072198934,0.0,0.0023074759637776187,0.0,0.0006817943446127263,0.04282418615065088,0.005206273984795219,0.00012254295183213804,0.0,0.05020679478212347,0.011441281849657599,0.0,0.10950252046864856,0.006128888747440886,0.0189721652339718,0.031105833944666334,0.027612189362408817
s02T4322,0.006219109687624525,0.0,0.0,0.4314177110430042,0.040747132997752546,0.056913930765099346,0.09411953212601026,0.0,0.0,0.0007763125586536202,0.00012473707280903973,0.0,0.00045693124252762157,0.0,0.0006739112295693269,0.0006520737065312343,0.00042388136678898295,0.00045571920945469577,0.0008998689257520148,8.720583115929876e-05,0.0,0.27767277534581436,0.003774314859402557,0.0,0.07425797303270315,0.0008867734029152794,0.0,0.007122937261551854,0.002317168334876323
s03T4322,0.058439303677905154,0.0,0.00034773476684977236,0.056370554935239015,0.08685401830323776,0.1055338183586737,0.20136029524371474,0.006382934682854447,0.0,0.0017982947291523088,0.0009812834963334115,0.0,0.003542544823745213,0.0,0.0035799200716887763,0.003738777557436403,0.0007525454544916224,0.010689418909351659,0.006656893913865128,0.00039652551780454284,0.0,0.19820359943664687,0.16159281343878387,0.0,0.07245480896565144,0.0,0.0004525760846881706,0.01697858986167992,0.0028927477702063034
s04T4322,0.0,0.0,0.0,0.00692844156156849,0.02817764893788269,0.004018763311129785,0.01934864216404985,0.0,0.0,0.00026539328438938926,4.512576573698846e-05,0.0,0.0,0.0,0.00039832217077617564,0.00017163999225551353,9.830341835072807e-05,0.0,0.00023512231366700585,3.704116987643217e-05,0.0,0.9273480717435553,0.0008782066726363899,0.0,0.009615135352910186,0.0,0.0,0.0023765588567357635,5.758328447956065e-05
s05T4322,0.05348963984305928,0.0,0.0,0.06435599314300534,0.0770149701375733,0.016174698590593346,0.20240813054778548,0.006857169020134376,0.0001486956307291752,0.001894120294948662,0.001199741742431838,0.0,0.0005343107593174391,0.0,0.021006414296271186,0.004958822070136582,0.0009058794150469568,0.012764788112472078,0.021699249666676905,0.0005020505077883339,0.0,0.40344688732681655,0.014056079025886587,0.0,0.07419998171800744,0.0,0.0,0.019490579765207856,0.0028917983861111688
s06T4322,0.004451528524624286,0.0,0.0,0.04015101737895021,0.06422805411944145,0.008213113379769358,0.10184823868817237,0.0030957647051902937,1.1674613013507254e-05,0.0010940885759795082,0.0005044090716201801,0.0,0.0,0.0,0.0018034742341168101,0.0021770860507343806,0.0004498719300530948,0.005509789937690384,0.045899356651807936,0.00029531299983618275,0.0,0.35577321856432226,0.31253344995826304,0.0,0.04072453842933878,0.0,0.0,0.010119898147667079,0.001116114039409026
s07T4322,0.07743658398055508,0.0,0.0,0.2031342141683342,9.882549498380716e-05,0.012543364785491083,0.21984371908110187,0.00721060652555,0.00017866321275144306,0.0021330006731568934,0.0013979314261847115,0.0,0.0030568966308906114,0.0,0.004385530529806297,0.005758378321581219,0.0010086416250434291,0.011473015297713728,0.0063510323741594365,0.0005867561022961042,0.0,0.3222743990980761,0.014195377810327101,0.0,0.08358444299222167,0.0,0.0,0.020661466994174763,0.002687152875600562
s08T4322,0.0,0.0,0.0,0.006617083861857573,0.00018721317909568415,0.0031266219789779334,0.0,0.0,0.0,0.9130755825693392,0.01869477344017071,0.0,0.0,0.0,0.0,0.0,0.058176097248538346,0.0,0.00012262772202057632,0.0,0.0,0.0,0.0,0.0,0.0,0.0,0.0,0.0,0.0
s09T4322,0.0,0.0,0.0,0.0018891406306486053,0.0,0.8673586892118686,0.019632201545622868,0.0,0.0,0.025299662509350687,0.0005259703613005468,0.0,0.0,0.0,0.0,0.005331533471353105,6.28267595424077e-05,0.0017472579313574164,0.0,0.0,0.0,0.0,0.0,0.0031445125401661916,0.0008752766194536402,0.0,0.0,0.04974960064959594,0.024383327769739994
s10T4322,0.00023675141005825615,0.028357187708073953,0.0,0.04294412028858372,0.0012679504357439677,0.315659205274895,0.21811879598581535,0.0037604463699157415,0.005727367114147938,0.03927001294815239,0.0,0.001028393240672607,0.00017147876551642458,0.0,0.0011351607944622571,0.010739325764056557,0.0,0.07239386672321746,6.392688776284007e-05,0.001039071476531844,0.02271964309362739,0.014085964387714063,0.0017307183942447237,0.022287136392184187,0.02497330575928299,0.0,0.004496072113709121,0.07901221768678847,0.08878188098484277
s11T4322,0.0,0.01853778729493771,0.0,0.05278811943463131,0.004245944260872442,0.05193575152137487,0.36990810185248346,0.0035093454524945367,0.0020665110529062562,0.3320721332704323,0.006130394557453641,0.0,0.0006795238815494476,0.0,4.28982795462457e-05,0.013888828877049288,0.0,0.036656840700125294,0.0,0.00013064517983332277,0.0,0.00472433427311684,0.00021421355230773627,0.015210343921386909,0.009992305847002713,0.0013557581547718528,0.002806753636484105,0.02271145569425911,0.05039200930498036
s12T4322,0.0,0.05621113429290766,0.0,0.025263332237833804,0.0,0.008225037591834758,0.20862358554285698,0.0,0.0007883309052273566,0.17445451540643653,0.00104222492936891,0.0,0.010971139574996352,0.0,0.00016918302995293997,0.013463762511310037,0.0,0.34413402147000166,0.0,0.00026223760459271966,0.0,0.05777788259465571,0.001453816824428392,0.0063912160915070015,0.014224114880033157,0.0020775132915320698,0.0006375068004613336,0.017702136524585677,0.05612730789547704
s13T4322,0.0,0.06020408772139234,0.0,0.06608257141861157,0.002006210089847057,0.028488979854586906,0.2941859276111809,0.00739901639696433,0.0067276372322537335,0.18728430183695957,0.002058777145780351,0.0,0.0007361212808244764,0.0,0.0015705569183063837,0.00807225652164077,0.0,0.1156945425465694,0.00043318376251398833,0.0011147938133466546,0.019299703736082297,0.06725544865107899,0.0026879220593930895,0.021758403807942,0.026241459185672972,0.0016465263592182688,0.003089420708407504,0.029613193282983112,0.04634895805844366
s14T4322,0.0,0.029274228509765715,0.0,0.05905624296494606,0.0027858364892238354,0.029603517175057232,0.28544487881263475,0.0,0.0008080924186257755,0.01948673031797976,0.0,0.00393798971026012,0.004399750684606006,0.0,0.004324542053566008,0.006821250450223819,0.0,0.34435513277938645,0.0002339021169034335,0.0006598412113467067,0.004150105842402619,0.07594306964622963,0.0026676555052984074,0.0064979257498947555,0.05096064868912362,0.0029464791596303832,0.006078688877997586,0.01667581549214726,0.0428876753427501
s15T4322,0.0,0.0,3.428762950294618e-05,0.0,0.0,0.0005500203636514979,0.0,0.0,0.0,0.0,0.0,0.0,0.0,6.697293237526933e-05,0.0,0.0,0.0,0.0,0.0,0.0,0.0,0.0,0.0,0.0,0.9993487190744702,0.0,0.0,0.0,0.0
s02M4422,0.03428833381658742,0.0,0.0,0.027383573261023243,0.0034591403601210292,0.39628968782743035,0.296505114571238,0.001929083309352889,0.0,0.0013020476086301215,0.000212193699415512,0.0,0.0013193394519700474,0.0,0.0015936755513211204,0.0020586427520090994,0.0005516364920382425,0.006777945982531836,0.0032734300608051195,7.190500636147413e-05,0.0,0.1560075957963087,0.0067685136111595,0.0,0.045568724077395165,0.0006631354707903615,0.0,0.009973755984167082,0.004002525309343622
s03M4422,0.006677490266483255,0.0,0.0,0.044712199957319565,0.18886748084649846,0.027057788103243295,0.17991721198510394,0.002952546395875835,0.0,0.0010962647647954893,0.000337761680352713,0.0,0.0008247565949267329,0.0,0.002190802878054587,0.0019557086001602657,0.0004078447947455546,0.007503520356273771,0.03366511534887713,0.0004006015280693098,0.0,0.4007232940550689,0.036363348831435896,0.0,0.04969377782361777,0.0002519273943596426,0.0,0.0109368641632912,0.003463693631446819
s04M4422,0.0,0.0,0.0005357577170601235,0.029270391837878964,0.22753599977747033,0.009868924042861264,0.0692667404389315,0.0,0.0,0.00038013602156240864,0.0,0.014740799969833872,0.0,0.0,0.00016420627399108922,0.00021169247119215951,6.715273521013115e-05,0.0,0.007220313958224759,8.950847857634332e-05,0.0,0.4942265837387526,0.13382802923476533,0.0,0.010586001431579256,0.0,0.0,0.0020077618721097866,0.0
s05M4422,0.0,0.0,0.0,0.04562330734933829,0.14930087645702317,0.0025338040610474286,0.0908293445481879,0.0,0.0,0.00011384925295927194,0.0,0.0,0.0,0.0,6.849757924995446e-06,0.0,4.879740205497272e-05,0.0,0.011027120434188022,0.0,0.0,0.6758061971325224,0.014588357348220067,0.0,0.008566281283543786,0.0,0.0,0.0015552149729894174,0.0
s06M4422,0.0,0.0,0.0,0.010854659619086129,0.40065085597591393,0.0004987478540839116,0.0,0.0,0.0,0.0,0.0,0.0,0.0,0.0,0.0,0.0,0.0,0.0,0.007263374951509688,0.0,0.0,0.42351764655553276,0.1572147150438735,0.0,0.0,0.0,0.0,0.0,0.0
s07M4422,0.0,0.0,0.0,0.11585767428348878,0.034650636576890124,0.03887745573615504,0.5384755489850572,0.0007911352639861438,0.0,0.001760739275795242,0.0,0.0,0.0008498910359544617,0.0,0.06426530867386757,0.0009989478928103895,0.0003546018535125039,0.011777600541854706,0.0017474501821369206,0.0,0.0,0.05088153226089266,0.02968857985488491,0.0,0.0928613955114096,0.0002018545276870511,0.0,0.01061797995926034,0.005341667584356553
s08M4422,0.0,0.0,0.0,0.0,0.0,0.002075629398507392,0.0,0.0,0.0,0.378139367296157,0.0029240583891770654,0.0,0.0,0.0,0.0,0.0,0.6168424376459481,0.0,0.0,0.0,0.0,0.0,1.8507270210418152e-05,0.0,0.0,0.0,0.0,0.0,0.0
s09M4422,0.0,0.0001600458767963157,0.0,0.036800065690190384,0.0,0.5885055997008805,0.07807526045296032,0.00042184692735442115,0.0,0.019089510118666386,0.0,0.0,0.0,0.0,0.0,0.0023038871198764483,0.0006195835893314414,0.02269284044422031,0.0,0.0,0.0,0.0,0.0,0.015110790621168768,0.010524737522485283,0.0,0.0,0.16459339466847075,0.061102437267598744
s10M4422,0.032904450723418376,0.016825374111523805,0.0,0.07824599660522362,0.0,0.17439165650738273,0.28669212963722174,0.008688088348342098,0.0059611601203204525,0.02251696342687118,0.0,0.0,0.0,0.0,0.004330457052645227,0.006188870969948415,0.0003152428649004554,0.06332892413353283,0.0029217294845843332,0.0008956158054048966,0.012520811929639079,0.03705397227239023,0.00740354144537231,0.014524702756403668,0.06208210904628166,0.0,0.0,0.07739257189639143,0.08481563086220133
s11M4422,0.047438354325319454,0.03879206686913355,0.0,0.12372991035791402,0.0018590307137253902,0.03487881969554283,0.2639435011356128,0.010987278782715153,0.011416706777068573,0.10693419410252827,0.003216487686597725,0.0,0.0,0.0,0.004121772155639114,0.007964144383492607,0.0014709345358942152,0.05503093916626712,0.004133365135397844,0.001113266929821888,0.013077259613333482,0.05194488565926819,0.010243516356774233,0.011195105809772841,0.06363794093748379,0.0,0.0,0.06707415911529631,0.06579635975540055
s12M4422,0.022984636795741593,0.04527379865402425,0.0,0.04982947449897181,0.003355227992501067,0.03211757607014067,0.31629401391093104,0.011064083053744825,0.004337266028078577,0.14844596293256007,0.0031859659590209536,0.0,0.0006352539902642187,0.0,0.0030230095698955822,0.012614443502759991,0.0002814407241454016,0.11252234162647255,0.0027689251665649977,0.0008892120444661468,0.004411874127701159,0.03846133264793799,0.007149409083527571,0.018744621640533452,0.0538252614637313,0.0024620203536846923,0.000615520973474723,0.04255048894777069,0.0621568382413545
s13M4422,0.0,0.042287046586843305,0.0,0.0610411576710962,0.0,0.030594806492774646,0.5009181694288507,0.005292605007657917,0.002200557573862982,0.06970810081868228,0.0,0.0,0.0,0.0,0.00184390993172454,0.0021894942731497205,0.00010233159745775652,0.05200075120497443,0.001792453470173921,0.0003952394567948688,0.003153486820861924,0.02498413242314177,0.004387178474033486,0.011208204180834723,0.04196381509299115,0.0,0.0,0.05010867217476067,0.09382788731933304
s14M4422,0.0750955025790185,0.008630906883565518,0.0,0.07515346637418771,0.005403231951599049,0.05537428720779622,0.3935284283187794,0.011672981984986012,0.0007916325150791586,0.011634929212403675,0.0006434997574881296,0.0,0.0006658586408337813,0.0,0.006519170214369329,0.006638708194513445,0.001211826029939687,0.06130130544718377,0.005575896835707809,0.0007724419071722303,0.0,0.0636715956479373,0.014803492093091957,0.004354945892093421,0.10518540925978057,0.0031463245337876086,0.0024707179148166693,0.040358709800366224,0.04539473080350294
s15M4422,0.0,0.0,0.0,0.0,0.0,0.005143359818310792,0.0,0.0,0.0,0.0,0.0,0.0,0.0,0.0,0.0,0.0,0.00012897452432521797,0.0,0.0,0.0,0.0,0.0,0.0,0.0,0.994727665657364,0.0,0.0,0.0,0.0
s01X4422,0.06397877037370556,0.0,0.0,0.2765886281676952,0.015518678960573082,0.042192783070861606,0.2406925311528109,0.003922359614787302,0.001137665132123981,0.011512729425113532,0.0002289271661332581,0.0,0.0011279580032812677,0.0,0.0012365539981938859,0.0030388939250730663,0.00996192359535112,0.026880146932745676,0.004425083637433449,0.00013611069237284913,0.0,0.06941687668158503,0.007941131307938935,0.0,0.17452376354088514,0.002956980079584808,0.000282944543171248,0.022986311954464083,0.019312248044115087
s02T4422,0.22371919003589671,0.0019085746403403863,0.004951581090685364,0.04383246700445644,0.04112590345030879,0.07586343019830113,0.27293655090273194,0.004185024007728843,0.00012770600656448073,0.0023886185578126918,0.003312580697580813,0.0,0.0036522915817016385,0.004535913062253023,0.0018373323602171648,0.019475478034474303,0.0012094900794068781,0.03792061206722467,0.0036561837506977643,0.0,0.0,0.13741122881944404,0.008632278654846032,0.0,0.06109783816024413,0.0045591258204948975,0.00395876236419607,0.019039103526460883,0.018662735125930755
s03T4422,0.02879573720836752,0.0,0.0,0.020209937345538487,0.13621711174962323,0.2699122708068,0.1443130133776786,0.0041020011140143805,0.0,0.0009597001752834987,0.0005325848105029283,0.0,0.0012864545138505212,0.0,0.002151383872412648,0.0022559401514901235,0.0004940995401922551,0.005272062358600686,0.010696386400341073,0.0002826607839093569,0.0,0.268374870967529,0.007776068334161102,0.00039333098162381875,0.08223762820783874,0.00037115102421005736,0.0018507207912360623,0.00903831230506294,0.0024765731797327536
s04T4422,0.0,0.00031265082046300926,0.0006332476381665772,0.04069760022477268,0.21112084740918646,0.10962108511406864,0.14805823581987632,0.0019277157249718503,0.0,0.0007778773207427747,0.0,5.302953061077219e-05,0.0010379494939758537,0.0,0.0005864270028779198,0.000554384103299788,0.00012954640298437005,0.0055807217440545925,0.04748892156322913,2.284569142290262e-05,0.0,0.23260868758486342,0.1555129648349299,0.0,0.029360230170159943,0.0016684591491709297,0.0029887763484390184,0.0048283567138866215,0.0044294395938466275
s05T4422,0.015800892429974397,0.0,0.002661177633080826,0.0,0.24435645333331638,0.01167484063025586,0.32871887202547506,0.0,0.0,0.0,0.0,0.0,0.0,0.0009689582275072538,0.0,0.0,0.0,0.0,0.004893939088864278,0.0,0.0,0.26647690758474635,0.11965638181552667,0.0,0.0047915772312527565,0.0,0.0,0.0,0.0
s06T4422,0.07212577791513114,0.002692562094412824,0.006407285315199289,0.07436514290504412,0.2284918431911729,0.21395754446544485,0.19538425528357042,0.0006725528226517954,0.0,0.00045558375049666494,0.0,0.004418926897221859,0.0019582327235567773,0.005076801249576917,0.002026707511448841,0.004966252741889044,9.049631543264766e-05,0.011960270587350842,0.0035503496471069,0.0,0.0,0.12146635168843777,0.01908727953747381,0.0013283965094623787,0.016785759264284564,0.0006150087423673493,0.004205427768123306,0.0025580695276380904,0.005353121545504912
s07T4422,0.028896750709957546,0.0,0.0,0.15764427242786225,0.010359513125588285,0.09095230408421484,0.20478293916998036,0.004934942601660484,0.0,0.001366600303930473,0.000712691452821091,0.0,0.0026231319256619194,0.0,0.0013714539967620955,0.00269103402389963,0.0005972630985770762,0.014928554618769458,0.18982927951566933,0.0001070006815835297,0.0,0.04933139116305272,0.02812084114396671,0.0,0.18729217132567613,0.001917754482575561,0.0,0.013612725917389969,0.0079273842304004
s08T4422,0.0,0.0,0.0,0.0,0.0,0.0009241665506345855,0.0,0.0,0.0,0.0,0.0,0.0,0.0,0.0,0.0,0.0,0.9982694757327748,0.0,0.0,0.0,0.0,0.0,0.0006045878091740888,0.0,8.099594129135875e-05,0.0,0.0,0.00012077396612530132,0.0
s09T4422,0.003408488461416748,0.03308855254779886,0.0,0.024891578158236168,0.0,0.231116345928248,0.10721844855607192,0.00045467199027153727,0.005796078148820949,0.014928108467169436,0.0,0.0,0.0,0.0,0.0001269624265771473,0.0018072421614872092,0.08444869460775058,0.023730082267769095,0.0,0.0001121980452200978,0.0018282200655351003,0.0028948181211542207,0.00045779946350005843,0.003266083600258802,0.23786326407684807,0.0,0.0,0.16112101466307596,0.06144134824279004
s10T4422,0.0,0.017435817287989784,0.0,0.10213797877435007,0.0016361175562378144,0.12646848035920893,0.1572646362155665,0.007657512999988658,0.001612815989617314,0.00532203364582316,0.0,0.0,0.0,0.0,0.2622084486198105,0.004395932010298735,0.0007394416006978975,0.04898940775233068,0.0,0.0,0.0,0.017616012367509627,0.012689107434671222,0.019815347912593463,0.03736111667224875,0.0022923428034027056,0.0,0.1529619995257068,0.021395450471947186
s11T4422,0.0,0.04329404143448177,0.0,0.048369486342069105,0.008336274541757286,0.07134739422999006,0.3891288593107522,0.0032609327116091434,0.00336696861118544,0.009518982880086813,0.0,0.0,0.0,0.0,0.0022109775729993986,0.0015103225320433422,0.0018545366712142918,0.07242435467569928,0.0017299088262721584,0.00026767614272789277,0.0,0.019156375698582258,0.006726425572130872,0.006330505393704356,0.05836999341155745,0.008911180883512686,0.001660708518128381,0.1969598335165304,0.045264260522965415
s12T4422,0.0,0.01634735812960215,0.0,0.06279787507902718,0.00892912817306135,0.04144997121517022,0.4300509488327168,0.0,0.0,0.006085121353060658,0.0,0.0,0.0,0.0,0.0,0.0017171054157324227,0.0,0.1925680021679435,0.00014579649819151691,0.0,0.0,0.011369911094061604,0.004747359735500725,0.006514092411416771,0.04977714301237414,0.010391662800510636,0.0010508954492866448,0.10458751028042769,0.05147011835191602
s13T4422,0.0,0.04586091871441485,3.980917904305854e-05,0.13085151539097806,0.012459628395622566,0.04876806360147988,0.3288110530951041,0.0015219805187675294,0.0,0.005912548993232166,0.0,0.0,0.0,0.0,0.0011302773582299963,0.003932954062472423,0.00040234352254477985,0.18300078191328306,0.004206933606943049,0.00014610175961809815,0.0,0.016673859181915683,0.004935976793162505,0.01020593602754197,0.03821666212729701,0.004417781777685661,0.0014011669950622018,0.13295688755816382,0.024146819427437575
s14T4422,0.0,0.010219180633993305,0.0008273501581809843,0.01974118733126337,0.006036937679790134,0.049224888842388036,0.27844264277245284,0.3440549035295491,0.0,0.009951249272225559,0.0,0.0,5.209755578265239e-06,0.0012449644430426925,0.0005717057046046763,0.003839585650576423,0.000319735457321936,0.09895229979006509,0.01072579046187341,0.0,0.0,0.021925989130947714,0.006569570239988763,0.011146353128930137,0.029491732437280982,0.005464303960363478,0.0027940747659747833,0.05998133753125312,0.0284690073223552
s15T4422,0.0203655471498828,0.007119162550817486,0.0,0.04011117886873902,0.0076407172708169244,0.09058041804799088,0.3938481085165005,0.0038430854974358494,0.0,0.003270100225560591,0.0,0.0,0.0024414293892697603,0.0,0.0017635549839707053,0.0015335929218601289,0.00034909150367084944,0.04743606523189979,0.002964739383729656,0.0,0.0,0.025960398556407773,0.006424471770202765,0.0,0.27647839604340096,0.007363753505629656,0.004572529503311566,0.02355132597872098,0.032382333100181133
s02M4522,0.0,0.0,0.0,0.15626404433154806,0.13662305161469118,0.0033758733147062694,0.023364229339140497,0.0,0.0,0.0003995322156818218,0.0,0.0,0.0,0.0,0.0,0.0,0.0,0.0019530804435263288,0.3762763657360737,0.0,0.0,0.2754411498467468,0.015315665090630051,0.0,0.00491928126060431,0.0010590845517668985,0.0,0.0020554695973229787,0.0029531726575610573
s03M4522,0.0,0.0,0.0,0.02459820668326145,0.02395812824943873,0.002312243258487471,0.01709859199426266,0.0,0.0,0.00021231497010974846,0.0,0.0,0.0,0.0,0.00017660036452841083,0.0,0.00014242113842188097,0.0,0.00036784364042187874,4.9323445565048163e-05,0.0,0.9164699464351821,0.006160826526494586,0.0,0.00629300306650411,0.0002700233125755889,0.0,0.001407740346809723,0.0004827865679367686
s04M4522,0.0,0.0,0.0,0.01498146113742498,0.3523995211442089,0.012959000353154778,0.0499289811505223,0.0008106592584382501,0.0,0.0006444921785513301,0.0002316812817531052,0.0,0.0,0.0,8.823385599841056e-05,0.0005613102254807256,0.00020827587691879022,0.000686992993648095,0.1324293748203612,2.0283496541865617e-05,0.0,0.31814787144033446,0.09266770061200558,0.0,0.01976611769648642,0.0,0.0,0.0034680424781705346,0.0
s05M4522,0.0947024513533059,0.00034227617175873557,0.0016717253057057608,0.020701768802183888,0.05030945141159595,0.03707446347438515,0.27105415202514777,0.003122603430581577,0.0,0.0005408881060110608,0.00044512796476692403,0.0,0.0,0.0003684614904581641,0.00117156311526558,0.00192135409428437,0.0005169779276959177,0.005943695427456421,0.005435580920549679,0.0,0.0,0.23350002601150585,0.22482345094710102,0.0,0.038184966381263404,0.0,0.0,0.008169015638977048,0.0
s06M4522,0.0,0.0,0.0,0.030920611001866834,0.24614160883676173,0.03440105723668453,0.03343818965815259,0.0013648461036290245,0.0,0.00035826888057546126,0.00036991520473808517,0.0,0.0,0.0,0.0007880833658093508,0.0012142089933285648,0.00023414594946928968,0.0015333065624032623,0.0003769791008212033,0.00017467234920141918,0.0,0.35054040674168896,0.2770666780414342,0.0,0.016731526914103418,0.0,0.0,0.00434549505933211,0.0
s07M4522,0.014569448800794492,0.0,0.0,0.08848132818375967,0.2181186756876283,0.026777802808986156,0.08579365270111125,0.011863289385428117,0.0,0.0003214445841050082,0.0007576791523707228,0.0,0.0,0.0,0.001587337933286445,0.004656889868786853,0.000319381924859216,0.0015672694176338475,0.0,0.0003757354827110104,0.0027830040516878918,0.057097253470262274,0.201291024706502,0.014478361116839016,0.2543358648221701,0.0,0.00141773879554107,0.013406817105536685,0.0
s08M4522,0.0,0.0,0.0,0.0,0.0009768822770505178,0.00019372810967394823,0.0,0.0,0.0,0.3624918646792653,0.0,0.0,0.0,0.0,0.0,0.0,0.6354771546828908,0.0,0.0,0.0,0.0,0.0,0.0008603702511195329,0.0,0.0,0.0,0.0,0.0,0.0
s09M4522,0.0,0.006420861135381317,0.0,0.005585326251285682,0.0037383229233274562,0.721282503891225,0.09013017856069333,0.0,0.0,0.009414643060361006,0.0,0.0,0.0,0.0,0.0,0.0,0.016369487103630783,0.0053490836521081385,0.00014710820451717526,0.0,0.0,0.005888362307178862,0.0019074312040141558,0.0,0.01423912135997921,0.0022857362725465283,0.0,0.10987042276401122,0.007371411309740174
s10M4522,0.0,0.027741437093279763,0.0007464567570614882,0.0,0.005320369010287687,0.44938365465725644,0.10749431649318213,0.0,0.0,0.0019788449192331614,0.0,0.00047371969023212097,0.00029758167593147626,0.0004721610012818445,0.0,0.0,0.0007066467645515556,0.00210704011702112,0.0009983755681690278,0.0,0.0,0.005114559155952498,0.000807957256749294,0.006226661866456539,0.002895041306318738,0.0,0.0028432700008141185,0.3823435039961726,0.0020484026700482985
s11M4522,0.0,0.025696571043392808,0.00013437700089769455,0.020633490817383433,0.007323631561595605,0.27297675758180917,0.44326141071228353,0.0,0.0,0.0053743034086233795,0.0,0.0,0.0,0.0,0.0,0.0011565472095277313,0.0013112459299442077,0.032527121529557244,0.00020907276957534177,0.0,0.0,0.0007558126365584591,0.0016621339113602562,0.0017767975816245188,0.020551491117071385,0.004418433206488439,0.0012808516426171701,0.13609817378799202,0.02285177655169765
s12M4522,0.0,0.04041750377867948,0.0021933090820444824,0.02228253600966383,0.002751099324446297,0.05036741755447132,0.3042278420120831,0.0,0.0,0.003514371852373654,0.0,0.0,0.008725551688040666,0.004237458041008541,0.0001728136993626051,0.009189874028837782,0.0,0.3636727245937986,0.0024965375281657096,0.0,0.0,0.04596367594006245,0.001802742823923493,0.006020349562545016,0.017308712585333196,0.005594317260404508,0.004440084565522737,0.05293560549310758,0.0516854725761249
s13M4522,0.0014568740907678157,0.013986966386514473,0.0028487662136689605,0.04163404232129102,0.008518196619880432,0.13989859542294125,0.500238573389646,0.0,0.0,0.0035062165562187537,0.0,0.0,0.0,0.004798718692123661,0.0012893557790629151,0.0,0.00044988246457287607,0.12136659467585101,0.003476672756108451,0.0,0.0,0.002219885061441212,0.0025395298960426914,0.0034167840427932828,0.03154723860476434,0.009837214907911299,0.0055727606873991736,0.06593173293415207,0.03546539849684845
s14M4522,0.031811907021642445,0.009453020425549028,0.0036574227304219226,0.04505402184780528,0.004236641949090993,0.044006881497452875,0.298907584359501,0.0,0.0,0.0018506727241447386,0.0,0.0012397173637069164,0.002489822527967718,0.0069936284411435306,0.0020617894886726207,0.0020184598663923704,0.00016548710659435863,0.4329217722030886,0.0054692904816358275,0.0,0.0,0.024295974452244386,0.0026223960468803403,0.006305362477737814,0.021173765230445788,0.005246312769971165,0.006120667041713038,0.017042950083750293,0.02485445186244716
s15M4522,0.07134539916834197,0.0,0.0,0.038662156477377044,0.0,0.2682080838609088,0.33200307176438293,0.007932544888788664,0.0,0.0018210184963695073,0.0008388583485473303,0.0,0.0011686741977736481,0.0,0.003743071650653787,0.0035607742560435467,0.0008494476916282954,0.01453455021879032,0.0035843244520051046,0.00038842334497775024,0.0,0.045419109826889716,0.009708882917814281,0.0,0.17166262830869847,0.0003361870620142521,0.002155130893163372,0.017090471139574463,0.004987191035256587
s01X4522,0.08875827976795864,0.0,0.0,0.06025809531488714,0.01682522389628955,0.10055755356456188,0.4207088180529316,0.012638968727103924,0.0,0.003578922997594512,0.0007381942571050582,0.0,0.003988022485764597,0.0,0.0058644549810936775,0.004590781976058784,0.001307972562129088,0.04577588762767095,0.005000521211903024,0.0007030284538951867,0.0,0.05275442150031986,0.01277424711137959,0.00017424514091286694,0.09255760770587568,0.005851369753296651,0.007880063947134218,0.0327541219856399,0.023959196978493802
s02T4522,0.0047051542893923005,0.0,0.0,0.060758958159718504,0.10781675855329641,0.01053622923208701,0.4317180799655206,0.0,0.0,0.0,0.0,0.0,0.0,0.0,0.0,3.9870696428045464e-05,0.0002587645278049125,0.0,0.011011141516111262,0.0,0.0,0.3051584072950277,0.04818084287458592,0.0,0.016320245040835315,0.0,0.0,0.003495547849192172,0.0
s03T4522,0.0,0.0,0.0,0.026278844652741367,0.4848206382157811,0.0016076979892650268,0.0,0.0,0.0,0.00016307234884433572,8.046208811994637e-05,0.0,0.0,0.0,9.826143737295915e-05,0.00015304855282966535,8.079877888557383e-05,0.0,0.006253916448580799,5.203329346813914e-05,0.0,0.3727518338093117,0.10081825700488249,0.0,0.005393003512934534,0.0,0.0,0.0014481318669824462,0.0
s04T4522,0.0,0.0,0.0,0.05906588793234901,0.3473869508337375,0.004461650362981436,0.01761506729579142,0.00010002875008142529,0.0,0.00027296258029101453,0.00018918710152599446,0.0,0.0,0.0,0.00017219662104539767,0.000460701655209573,0.000153288344132119,0.0009031598177690384,0.06971051240680053,9.346955341715097e-05,0.0,0.39580425056625307,0.09218816306078399,0.0,0.008299724271719263,0.00015275683735576346,0.0,0.00269159210648446,0.0002784499022718305
s05T4522,0.005751583621009215,0.0,0.000440304530003478,0.006048743236512562,0.19337754345423558,0.00011444439393982627,0.0,0.0,0.0,2.4424585425910167e-05,5.835464891868787e-05,0.0,0.0,0.0004805216553232694,0.0,0.0,3.175653229879133e-05,0.0,0.009626801807911338,0.0,0.0,0.07738340003946505,0.7065539152277517,0.0,0.0,0.0,0.0,0.00010820626720460805,0.0
s06T4522,0.0,0.0,0.0,0.0,0.6295002575132851,0.0020923385740450116,0.0,0.0,0.0,0.00010497239933087297,5.3430581939923755e-05,0.0,0.0,0.0,0.0,3.129702199746117e-05,9.13221547745352e-06,0.0011814436222551687,0.022012300615278393,0.0,0.0,0.03446354248673649,0.30819900652211996,0.0,0.001949373521223921,0.0,0.0,0.00040290492631001745,0.0
s07T4522,0.004377422298453021,0.00036458009806280157,0.0,0.05446151162868967,0.12514593760664072,0.06279816566119187,0.21135797265874426,0.0028623419985362736,0.0,0.0012741129061226851,0.00016331257712965774,0.0,0.0017890140959766802,0.0,0.0015442399991951726,0.0014730569001253709,0.00029894565326553466,0.017408305925588174,0.0015500078522110695,0.00016596120799386178,0.0,0.050175721786414614,0.3980780805323994,0.0003575836994629669,0.0396607200697214,0.0026973713829137724,0.00146189433772741,0.010775333846068982,0.00975840527736475
s08T4522,0.0,0.0,0.0,0.0,0.001367313759561434,0.0,0.0,0.0,0.0,0.3733202935805139,0.0,0.0,0.0,0.0,0.0,0.0,0.6244652263628999,0.0,0.0,0.0,0.0,0.0,0.0008471662970247042,0.0,0.0,0.0,0.0,0.0,0.0
s09T4522,0.0,0.0,0.0,0.0,0.0,0.34799633168850985,0.0,0.0,0.0,0.0010005975540613866,0.0,0.0,0.0,0.0,0.0,0.0,0.0,0.0,0.0,0.0,0.0,0.0,0.0,0.0,0.0,0.0,0.0,0.6510030707574288,0.0
s10T4522,0.0,0.0054002981823698185,0.0,0.05113053476154572,0.07044761949503217,0.14561492382483612,0.44292751333739744,0.0,0.0,0.007507687803252572,0.0,0.0,0.0,0.0,0.0030410288148133616,0.0,0.0040017224640752505,0.07993911831265137,0.0,0.0,0.0,0.0,0.004958479608981412,0.0,0.04562498576746215,0.011841956980916406,0.007210881825803531,0.07644171243965675,0.04391153638120597
s11T4522,0.0,0.002991285379445377,0.0,0.0,0.005108830360717161,0.02387912718209547,0.9625634070762532,0.0,0.0,0.0004365617528095582,0.0,0.0,0.0,0.0,0.0,0.0,0.0,0.0,0.0,0.0,0.0,0.0,0.0,0.0,0.0,0.0,0.0,0.005020788248679202,0.0
s12T4522,0.0,0.017534858674810132,0.0010289783972106952,0.024290285056796975,0.004526742148967543,0.03944539315838136,0.3861283240452146,0.0,0.0,0.006809585810693956,0.0,0.003960272525250655,0.003028062794913742,0.0027085709725043284,0.005730598326680567,0.004453011207638297,0.0007864735112118207,0.386860348845433,0.0009424602309463676,0.00042749266427624297,0.001006055899248452,0.015369903159671112,0.0014711734389725572,0.002463509066118953,0.02206287754245416,0.004989409894000978,0.01130596155842,0.0170691470284268,0.03560050404175671
s13T4522,0.0,0.0060748538763534,0.0012363848175883118,0.03267618844068106,0.0328824735239353,0.022991914661799572,0.6439601810905166,0.0,0.0,0.004314048511471477,0.0,0.0,0.0,0.0019499572762324358,0.0031933128780541934,0.0009927810998388703,0.00013117801065459293,0.09506206509919056,0.0015947805047296175,0.0,0.0012754162251239426,0.004731969927105278,0.003939213422759222,0.0,0.04263955287035858,0.011369835265763666,0.01599292971894579,0.0308715083051761,0.04211945447372163
s14T4522,0.01803294011553809,0.007635980352400213,0.0009597763578566455,0.03443179117959511,0.1395402629815323,0.034119153896409106,0.4391996163779864,0.0019455480672316684,0.0,0.009392463998827412,0.0,0.003298748943481044,0.002621733348515925,0.002773241347503914,0.005611367034541438,0.0043375905846980145,0.01993695596339677,0.12236676356384527,0.0015852209172536713,0.0003731134941163,0.0026729773374671198,0.02563222684612194,0.00321680726083937,0.00280602669006887,0.03871758140235343,0.007711833589789786,0.009481454767832733,0.024467414771669437,0.037131408809127964
s15T4522,0.10510787980450037,0.0010564575166487826,0.0,0.1229489460739565,0.027827280219462285,0.045614694976367734,0.403070176063183,0.01235307194967258,0.0,0.00351251711613846,0.001136309729353072,0.0030823384787676995,0.00549280555697908,0.0,0.009605979920186393,0.005432998684306822,0.001194430596738088,0.032055310208756564,0.0062031140445725445,0.0011141417632498116,0.0,0.05022418193691712,0.01190297252290726,0.002171475452431292,0.08463459481376451,0.0030504907430444887,0.005944253342753513,0.03824830781309744,0.01701527067224437
s02M4622,0.0,0.0,0.0,0.020367162819450293,0.0010019756295739863,0.0012037191203116493,0.021773048135513402,0.00018428768750996873,0.00011334313863628277,0.0,0.00014738120708565315,0.0,0.0,0.0,0.0002676532445698518,0.0005925419338733849,8.714120686066987e-05,0.00018949827273552684,0.0,7.882786658144562e-05,0.0048824448649964275,0.9402438637243408,0.002768616693210984,0.0,0.0038218948045991748,0.00017952360304465098,0.0003919656981723599,0.0015337658042021494,0.00017134454473150156
s03M4622,0.0,0.0,0.0,0.02019757411058045,0.42980003763528274,0.0007725847039545235,0.015290034105438536,0.0010078544785812828,0.0002522945387871015,0.0,0.00035665488864499356,6.331470080867113e-05,0.0,0.0,0.0003306728304514598,0.001028696841002247,0.00017919415455881204,0.0006598208334214044,0.0,0.00011885601078936672,0.006101376953423248,0.26513337172480683,0.25210606986186823,0.0,0.004570561507305504,0.0,0.0,0.0020310301202945873,0.0
s04M4622,0.0,0.0,0.0,0.005708495772393894,0.1540949238887027,0.0008751006482071913,0.0,0.0,0.0,0.0,1.534639037338043e-05,0.0,0.0,0.0,0.0,0.0,0.0,0.0,0.015027842135082627,0.0,0.0010577537107779548,0.5569282469706819,0.26629229048378045,0.0,0.0,0.0,0.0,0.0,0.0
s05M4622,0.0,0.0,0.0,0.0,0.17443752224544137,0.0,0.0,0.0,2.925021909571123e-05,0.0,2.73106312536999e-05,0.0,0.0,0.0,0.0,0.0,0.0,0.0,0.0,0.0,0.0010001967319036066,0.2528007522372793,0.5717049679350263,0.0,0.0,0.0,0.0,0.0,0.0
s06M4622,0.0,0.0,0.0,0.038605239881300386,0.2311642232906376,0.0,0.0,0.0,5.3680388550639974e-05,5.14861466678389e-07,0.00015631571398287147,0.0,0.0,0.0,0.0,0.0004762534059973489,6.66834273045305e-05,0.0,0.0,0.0,0.00145993324079669,0.18255507020941952,0.5454620855805435,0.0,0.0,0.0,0.0,0.0,0.0
s07M4622,0.0,0.00012420072505065917,0.0,0.03596986141910417,0.38491680665938544,0.01200161297937903,0.2687669432919828,0.0,0.0002525324992997339,0.001709598407664078,0.0,0.0,0.0005147968810972013,0.0,0.0,0.00030255964673558424,0.00019074036630952528,0.04625874190455241,0.0,0.0,0.00493831421953517,0.02955336746244679,0.12104891157905773,0.0,0.037429083792064215,0.008864039247278186,0.002321435791388773,0.01680203174311861,0.028034421384549806
s08M4622,0.0,0.0,0.0,0.0,0.000962586860649271,0.03720789034448242,0.0021257291578034056,0.0,0.0,0.20903116403705083,0.0,0.0,0.0,0.0,0.0,0.0,0.7457065944515235,0.0004245729429177566,0.0,0.0,0.0,0.0,0.0010172189967463962,0.0,0.0005699743468279503,0.00038648415711169755,0.0,0.0022475449190800753,0.0003202397858066651
s09M4622,0.0,0.0,0.0,0.0,0.0,0.7351960511914021,0.0,0.0,0.0,0.0,0.0,0.0,0.0,0.0,0.0,0.0,0.0,0.0,0.0,0.0,0.0,0.0,0.0002459992461790569,0.0,0.0,0.0,0.0,0.2645579495624189,0.0
s10M4622,0.0014305511365918502,0.004479815683714427,0.0,0.018729334441562603,0.011653760820889068,0.36206241241041104,0.20327606724517455,0.00548806831773825,0.0,0.005592835116222272,0.0,0.0,0.00018111797608888082,0.0,0.002030009903452332,0.003041585981571346,0.0024062088911346903,0.046653601127974224,0.0005822916597630092,0.00018514998795931894,0.0,0.014828986407539522,0.08093262278986844,0.013320807734968524,0.03202505711507045,0.003361405058276691,0.0034601674017590445,0.17010731834101853,0.014170824451250752
s11M4622,0.012711219485969812,0.004409314226501561,0.0,0.033827907715358665,0.013054134241738126,0.22873579949856385,0.436215088760622,0.0024263810607205484,0.0,0.007201743475787954,0.0,5.3210573028791505e-05,0.0005054421101860913,0.0,0.003603369233958644,0.0015386816870230017,0.00044901407566767473,0.06319759721210474,0.0007556036986187461,0.00026635322314519117,0.0,0.01282111155213041,0.005352547304001286,0.002128706121537887,0.04832147932492925,0.009354814740972531,0.007427902848564307,0.068515604725805,0.037126973103064044
s13M4622,0.018051440045557643,0.008522065380773557,0.0,0.019821397377159034,0.00786799860906275,0.3745864903626053,0.29327640833828084,0.0,0.0,0.006827504441010562,0.0,0.0004866284936852576,0.00010563885632813108,0.0,0.0028471497768179227,0.004829570922036452,0.0008032024769284487,0.1350722478027865,0.00060967052779496,0.00031263491512105223,0.0,0.0063364306867348934,0.0032519330231615125,0.00018724814706029243,0.029634667332892668,0.0065056010317994075,0.008701606953098568,0.04643951247263968,0.0249229520266646
s14M4622,0.0,0.0011729834308287525,0.0,0.01114339930635842,0.39003345678396734,0.031681734873609174,0.41119510894885863,0.0007080741168563887,0.0,0.004518932492212329,0.0,0.0,0.0004609640823810991,0.0,0.0009097406542484441,0.0007447382239753636,0.0027573920115243483,0.06983859499735867,0.0,0.0,0.00035392191290465854,0.0,0.013740841488169474,0.000607845177979706,0.018022947647457647,0.004157815762839466,0.007988512113951171,0.011876757799531765,0.018086238174986887
s15M4622,0.07316369513140465,0.002659936641084501,0.0,0.09742808547478365,0.055215999508548434,0.13811270624481725,0.34541285410374745,0.044176735654285496,0.0002479289571193957,0.0026440251429520278,0.000919612662809164,0.0005346040860267413,0.00351568948579981,0.0,0.0050195915071795955,0.005363864121844185,0.0016744746203651224,0.028366848476741376,0.0028554172245284616,0.00042984151919844344,0.014795435470690803,0.027569297687700528,0.014041096122629992,0.007496848750680614,0.050738528627577516,0.004166741160838359,0.011374641887004483,0.0461839680683763,0.01589153166126553
s01X4622,0.0,0.0,0.0,0.025217881223897565,0.01828592099104181,0.015207233647259807,0.5291636804708773,0.0,7.790919267496794e-05,0.0,0.0,0.0,0.0,0.0,0.0,0.0,0.00012375431310573303,0.05169999098974406,0.0180134339841586,0.0,0.0,0.007887319613600913,0.13672761432516373,0.0,0.043332187714369044,0.010031490255443488,0.09118492792774148,0.02139788814387724,0.03164876720704451
s02T4622,0.033320988512773396,0.0,0.0,0.10452345530340909,0.3176458097251274,0.0030943362733447566,0.06881579366471709,0.0006450354516102795,0.00012443252978681436,0.0007006580889186428,0.00039774098455692584,0.0,2.752469997727591e-05,0.0,0.006659160465105072,0.001171670326899213,0.0002328725190148683,0.0,0.13266581396372018,0.00010829913154579046,0.0,0.0584946663726953,0.2556778040452152,0.0,0.01244201829755034,0.0,0.0,0.0032519196440323524,0.0
s03T4622,0.0,0.0,0.0,0.16628487138641773,0.2136489883905987,0.0,0.0,0.0,0.0,0.0,0.0,0.0,0.0,0.0,0.0,0.0,0.0,0.0,0.11117182173509138,0.0,0.0,0.24056191546855427,0.26833240301933786,0.0,0.0,0.0,0.0,0.0,0.0
s04T4622,0.0,0.0,0.0,0.12612247248608807,0.6223962118367998,0.0,0.0,0.0,0.0,0.0,0.0,0.0,0.0,0.0,0.0,0.0,0.0,0.0,0.0023363688762854996,0.0,0.0,0.0031976665002019307,0.24594728030062463,0.0,0.0,0.0,0.0,0.0,0.0
s05T4622,0.0,0.0,0.0,0.016154953437610888,0.23703897279213196,0.0,0.0,0.0,0.0,0.0,0.0,0.0,0.0,0.0,0.0,0.0,0.0,0.0,0.011814850171377799,0.0,0.0,0.5298794805704188,0.2051117430284606,0.0,0.0,0.0,0.0,0.0,0.0
s06T4622,0.0,0.0,0.0,0.2135482996702973,0.26479223715023475,0.0,0.0,0.005870383755137219,4.987397719931974e-06,0.0,0.0,0.0,0.0,0.0,0.0,0.0,0.0,0.0,0.16566149357217586,0.0,0.0,0.08014081968950354,0.2696541586767827,0.0,0.0003276200881487185,0.0,0.0,0.0,0.0
s07T4622,0.1190686674718677,0.0017534430793541506,0.0,0.3413758334978607,0.013455611968592572,0.011538408838164545,0.11526999928875838,0.0050154421876852685,0.0009257642108420505,0.0010150790003366575,0.0010946590426097426,0.003666639115400559,0.0032076942344058212,0.0012684977815052775,0.004061846165464895,0.003917189812990588,0.0006576605828301152,0.0035723135132301096,0.010709450894185403,0.000685090596986823,0.0002255772748378117,0.041622573835970504,0.17470572517938138,0.006699192281819558,0.12006093495829916,0.0006770615511320213,0.0016245329122348555,0.010485341887981663,0.0016397688352716637
s08T4622,0.0,0.0,0.0,0.0,0.0,0.0006895970290977369,0.0,0.0,0.0,0.6033957990704332,0.0034010964363029557,0.0,0.0,0.0,0.0,0.0,0.39227715759257853,0.0,0.0,0.0,0.0,0.0,0.00023634987158755173,0.0,0.0,0.0,0.0,0.0,0.0
s09T4622,0.09339287970198981,0.00418306535958358,0.0,0.01870036297686609,0.037639560490489055,0.10140249653748987,0.13012773325340235,0.009455422929173557,0.0,0.17200387863469635,0.005779286217672117,0.0,0.0,0.0,0.0033406276687100436,0.005561600236122787,0.11166232877270771,0.02165825308330032,0.0036770649417003426,0.0005760629958519983,0.0,0.02512885984636268,0.011727916772075965,0.009090216393978291,0.033516377381885946,0.0006238197292459628,0.0,0.19924774967539693,0.0015044364012982178
s10T4622,0.05718781519710708,0.0,0.0,0.02280147033703654,0.0009947650781709364,0.3633548366158188,0.1318861983420595,0.0,0.0,0.009782006732436807,0.0010882468284724286,0.0,0.0,0.0,0.002081464578948807,0.008495573838797468,0.004651144110881504,0.16667611796210816,0.0029094026421368794,0.00022005249062183736,0.0,0.02544368938650643,0.00545750451352396,0.0,0.03027891374851249,0.0006421438921492835,0.002195125717491169,0.16187507033870635,0.0019784576485134993
s11T4622,0.08207232068933072,0.00773574594021677,0.0,0.030181213625784218,0.004504065587046085,0.25733253964600866,0.25331956023326535,0.0060950789925565815,0.0,0.00664678043077481,0.0012016827825169015,0.0,0.0,0.0,0.0038889530756508815,0.00552688101331489,0.001052630453400796,0.13228889373029837,0.004475100408478324,0.00040118412681656003,0.0,0.03448872768190508,0.008261764747840867,0.0,0.05109134356894371,0.0034580812094049396,0.0022398624440237895,0.09076909030439743,0.012968499308024448
s12T4622,0.05709387681743333,0.0,0.0,0.09081038774612665,0.005565377527683775,0.24139891848169795,0.28462731579236394,0.07788903581308457,0.0,0.0026356827048162716,0.0005460227946005715,0.0,0.0,0.0,0.0031339423102759102,0.003797646866844291,0.0008666901312312285,0.07863084643912402,0.0015516435843443675,0.00043052277274850404,0.0,0.017616704788866306,0.006123440672446373,0.0,0.04430226736359368,0.006017369144458589,0.002082269891855553,0.05495028500181009,0.019929753354594053
s13T4622,0.0,0.002065104901472449,0.0,0.028826965542121934,0.014134383961545222,0.1487740368509661,0.44786400768842666,0.0,0.0,0.004884840847588466,0.0,0.0,0.0,0.0,0.0,0.0,0.0,0.15987841219196233,0.0,0.0,0.0,0.0,0.004452176393585155,0.0,0.05021914222667873,0.014031262760322244,0.004062776255330574,0.07606323834859519,0.044743652031405
s14T4622,0.0,0.0,0.0,0.019861413450601183,0.008978499372463762,0.1480954434590395,0.41590255629631895,0.0,0.0,0.004376607677519375,0.0,0.0,0.0,0.0,0.000150290748342805,0.002483853286791656,0.00011361726995217955,0.17982076999524665,0.001590365595554113,0.0,0.0,0.0040850546815795405,0.06516686571940535,0.0025839170881159284,0.03876434758828918,0.010117822408625255,0.012210294366682162,0.05395290339758733,0.03174537759788505
s15T4622,0.1018149579470586,0.006373278980536154,0.0,0.035771566084728416,0.0036776384950517244,0.24096745486965215,0.30072342282229575,0.013916056674481831,0.0003213557160523947,0.019559544452682015,0.0021201249134205403,0.004127326099525576,0.0027659624606227603,0.0,0.008770906311386377,0.007717210239577785,0.0018643361884629098,0.054421802598400154,0.0051968367721951896,0.0012253392153739405,0.01207927566185838,0.031814889766566185,0.006510682963966973,0.01583986366116336,0.04624188031762236,0.0023146874168801187,0.014695817292411588,0.047809799418220285,0.011357982659806752
s02M4722,0.012082720768757117,0.0021093668308173894,0.00014688252170122246,0.10411620427556643,0.08297241096082547,0.001482965998752081,0.05877950914073356,0.0007028948243310527,5.139866876218711e-05,0.0006475388881426064,9.455715036268674e-06,0.0,0.0,0.0,0.0005217046671526648,0.0011834913536459021,9.132075996357127e-05,0.010648325992516394,0.001014927479552067,0.00016708385601240907,0.0,0.6214496521151032,0.07735881763850344,0.0005912144191600722,0.015022426526501764,0.0007207212373238994,6.291263845974369e-05,0.003982557627234891,0.004083495095444685
s03M4722,0.05299223888676275,0.0,0.0,0.04653051095266941,0.4750467926035299,0.004888792933130384,0.11087267360368665,0.0026670082127169055,0.0,0.0007720952565856019,0.0004461759225086969,0.00029945480739341346,0.0,0.0,0.002067939289471517,0.001672980394348521,0.0002176300349508855,0.0049060902792197325,0.059771302010391686,0.000311052423279717,0.0003134822403684282,0.0804113449364411,0.09949304092695185,0.0018642290504100121,0.04568339401428255,0.0,0.0,0.0073727804447473065,0.001398990776152973
s04M4722,0.0,0.0,0.0,0.000829737640189137,0.18446757112582807,0.0006803515754874878,0.0,0.0,0.0,0.0002961505804931177,0.0,0.03453401339600771,0.0,0.0,0.02220010170368148,0.0,0.00012391553204647252,0.0,0.0,0.0,0.0,0.7193247584283672,0.03274981925239353,0.0011056878933684705,0.0025418184808762667,4.510533396475155e-07,0.0,0.0011456233379212959,0.0
s05M4722,0.1759518991401338,0.0,0.0,0.2006589067621386,0.004412273664248164,0.0077896970948364746,0.23099401194296873,0.012416119171302017,0.00038266351814924247,0.0014094518715896793,0.0021149197372963466,0.0,0.0004711271892797323,0.0010248429437533118,0.0058164493869203564,0.0033837531254391996,0.000454789695227221,0.00956258939363823,0.0614897106465209,0.0012273414770630803,0.0,0.0868467194661832,0.07326306648282513,0.024510551918063943,0.06779412231662353,0.0,0.0,0.023531263305332194,0.004493729750466869
s06M4722,0.09569971098954938,0.0,0.0,0.04886289213919016,0.010604556772018789,0.005887074380688544,0.19320485287025904,0.0074013668110667185,0.0005278491297162962,0.0017593045581437712,0.0008579051005049805,0.11370792391076263,0.0,0.0,0.003280122616738311,0.00226916210809959,0.0003272697582197975,0.011507686584318338,0.004543781638209683,0.0009105255070609602,0.0,0.4081055597558617,0.017101989232310683,0.010318441158408544,0.04561471027395454,0.0,0.0,0.014903264143104819,0.002604050561812775
s07M4722,0.17615842149849617,0.0005984433950857017,0.0,0.057396516918417045,0.010701459910441835,0.018562146633322264,0.40245308010536296,0.012168797993000162,0.0013739829403861272,0.0029530938289441056,0.0016851180975038032,0.0003455285278700658,0.002695980650442916,0.0,0.04418442309072889,0.006725765631153245,0.0006717438709568324,0.015262590226867373,0.009410513712125423,0.0011054047436553332,0.00622027984811739,0.0761062164457368,0.012825099158299316,0.017411214516060806,0.09470332732064583,0.0,0.003011730758827971,0.020499280366333382,0.004769839811218405
s08M4722,0.0,0.0,0.0,0.0,0.0,0.0,0.0,0.0,0.0,0.6507502688860954,0.012072312430816525,0.0,0.0,0.0,0.0,0.0,0.2267237922833884,0.0,0.0,0.0,0.0,0.11045362639969962,0.0,0.0,0.0,0.0,0.0,0.0,0.0
s09M4722,0.0,0.0,0.0,0.0,0.0,0.4139144600348993,0.03702254922930291,0.0,0.0,0.3062761730553612,0.0045765012858225386,0.0003494429422204949,0.0,0.0,0.0,0.0,8.18324792340994e-05,0.0,0.0,0.0,0.0,0.0,0.0,0.013588452953820506,0.0,0.0,0.003836632729639061,0.22035395528969987,0.0
s10M4722,0.06440919599033863,0.0,0.0,0.03694432726275833,0.0033429025438274956,0.1887255956569418,0.3002640146745332,0.007002210804123966,0.0,0.06501416604273169,0.000673264868841433,0.0,0.0,0.0,0.0027467884860826993,0.014445699958026912,0.003173281755266773,0.03875345378763243,0.004922114731017743,0.0004936266082772091,0.0,0.05872463700858576,0.008668832799761906,0.010337730376724688,0.05065369560995573,0.0024487224310884388,0.0010355745137504602,0.1274645660555664,0.0097555980341663
s11M4722,0.0,0.0009333370510478164,0.0,0.04466655043900822,0.0028282100516299827,0.025460278371737873,0.2139602636105395,0.0,0.0,0.48849564858204575,0.007615018975527059,0.0,0.0,0.0,0.0,0.0,0.01058660330298114,0.01042949516796839,0.0,0.0,0.0,0.0,0.0010740289374451938,0.006829474843174291,0.008353239002225598,0.0023884774541956034,0.003182343351100132,0.16527871916796938,0.007918311691403928
s12M4722,0.0026651125101384713,0.004713790757116632,0.0,0.0038617720871976604,0.0003551961487557178,0.06875911063070494,0.19520840960659805,0.0021321569919893774,0.0,0.5099318931796424,0.010760752435586156,0.0,0.00046613560575517547,0.0,0.0006143584769289979,0.002239166300345237,0.013444706129794499,0.10206777896341827,0.0007576401901981916,0.0,0.0,0.0046032543206970915,0.0007972530931630379,0.005339100979153758,0.01255962187252826,0.00017339811280853214,0.0018587763443276546,0.055155512100599595,0.0015351031625523961
s13M4722,0.022964828072019446,0.0032963795910367784,0.0,0.008649350527414699,0.001738876496185824,0.009599665201026137,0.17413431307009677,0.0027339003684004035,0.00020025353529563086,0.6876714884116144,0.01343995584041333,0.0,0.00098690973133512,0.0,0.0012764683516431723,0.0,0.007708901318961121,0.016844726536325332,0.0017827222773273163,1.1071723521731636e-06,0.0,0.011628635885756942,0.002050886072590994,0.007542618983432754,0.011341762713467136,3.9916781398774674e-05,0.0004391712616879772,0.012870113820922586,0.0010570479792948635
s14M4722,0.0,0.0029930269837635842,0.00032856391313658043,0.040823976103933866,0.003878683160002833,0.03411917633538341,0.3840199531644763,0.0007363231421609284,0.0,0.11717207042690068,0.0023570098614790246,0.00016129859545738773,0.0003510821052929567,0.00012938009421133498,0.14381300274355682,0.0038343227570782346,0.0054538960372627855,0.12997680364949,0.0013017925823133828,0.0,0.0,0.02029994539737036,0.0028837501701953158,0.009875801232123048,0.03352756616353592,0.0029422286758191566,0.0078639270469743,0.03172234902027516,0.019434070637806774
s15M4722,0.11280008654186961,0.0,0.0,0.05372497397287211,0.0058343419528432364,0.011980366591639527,0.4243301566106373,0.007297170982188634,0.0013031909539682396,0.08390635636209931,0.0029458596588594903,0.0,0.0005254573579580059,0.0,0.004028622647616285,0.0033786840062464125,0.012073854424930272,0.045714178941237395,0.005335567244809925,0.0007764861454733926,0.0,0.05018319029705533,0.010446082188750417,0.01400435617579958,0.0872284634805555,0.006440398351480169,0.0036394971102956474,0.026818710499691856,0.02528394750112246
s01X4722,0.02751929365583593,0.0003958543380729125,0.0,0.029894114935932872,0.006362869551039383,0.02812560153020354,0.555317195164763,0.0038667803666936726,0.0013864778733813905,0.005780218756537274,0.0,0.0,0.000812231890962528,0.0,0.0011858185683703182,0.003714275774498728,0.0005561155105878233,0.030540462621800588,0.022183537695865545,0.0,0.0,0.05334659473854384,0.019357007997999245,0.007210777237768214,0.053398681323155194,0.005167971977993297,0.10342554732950958,0.01970060926900874,0.020751961891476364
s02T4722,0.06646283574843481,0.0009044331921894358,0.0029587667955594146,0.0,0.7008705546139969,0.010770623327222001,0.0,0.0004349001586059755,0.0,0.0014836384758210453,0.0,0.0,0.0,0.002622388066145202,0.0,0.0,2.4902075228257993e-05,0.002565907628107187,0.04079207259424597,0.0,0.000710208445415024,0.017627738269359934,0.14334769823152588,0.0,0.005734913441662064,0.0007016277769239056,0.0,0.0008291363108991815,0.0011576548486579511
s03T4722,0.0,0.0,0.0,0.0,0.013741981866175496,0.018024413057118903,0.08840323980115307,0.0,0.0007529313882471596,0.002984522643092988,0.0,0.0,0.0,0.0,0.0,0.0,8.844192203563715e-05,0.0,0.04043132463638471,0.0,0.0,0.31690670855486147,0.4697398383796605,0.0,0.007022366145521708,0.0,0.04036933853208667,0.001534893073661766,0.0
s04T4722,0.0,0.0,0.0,0.013190096511894803,0.06866736539232385,0.028819015834158784,0.1256868071530831,0.0,0.0002861441250036216,0.00500895293756878,0.0,0.0,1.931474790204788e-05,0.0,0.0,0.0,0.0002604317484476812,0.02097784563311852,0.0,0.0,0.0,0.008147814544661796,0.6739823551328129,0.0010533455870344447,0.02615507548579643,0.003709009760285037,0.0,0.011032635846671223,0.013003789559237077
s05T4722,0.0,0.0,0.0,0.00021147314248606114,0.006294240416177423,0.01139718454548019,0.018964785982182413,0.0,0.0,0.002009352938541035,0.0,0.0,0.0,0.0,0.0,0.0,0.00025396420179109926,0.003586395840444789,0.01621054152216757,0.0,0.0,0.8080027279659912,0.12120942494139085,0.0,0.004238026699490172,0.001076155891870278,0.001094988383796561,0.002361383856898732,0.0030893536712915536
s06T4722,0.0645301382597745,0.0009969226282682334,0.0018104542573269965,0.0036987791019509513,0.31528808578014106,0.017182486781089294,0.04746717166440582,0.0012729538699779014,0.0,0.007294800003800262,0.0,0.0012122810713520228,0.0,0.0036755791776785394,0.00011996126738445338,0.0012227541993374597,1.4221932080948062e-05,0.004211288989981023,0.06195795146115708,0.0,0.0011890056577347622,0.4183772467782985,0.032832038411213786,0.002689831904052172,0.005097245872095051,0.00025442711881217033,0.001656499180302977,0.003763761001154072,0.002184113630629892
s07T4722,0.05957873122426936,9.008758157635446e-05,0.0,0.02566351320222507,0.01256045967018038,0.09789646051790325,0.36360380753491345,0.004373118500027084,4.368285377761122e-05,0.013430114782666905,0.0006047366580230668,0.00086037876290878,0.00011428930033364098,0.0,0.0016739981193591746,0.004857341752868956,0.0007907277358084048,0.016003851023060456,0.01284570098756603,2.2973830463437806e-05,0.0031804947983288096,0.020361822101705163,0.060495586884006844,0.010412102897410448,0.18926706727384557,0.002046150938029841,0.057060007603824146,0.029967233733966835,0.012195559730950748
s08T4722,0.0,0.0,0.0,0.0,0.0,0.0,0.0,0.0,0.0,0.7355386478404937,0.005191521685846105,0.0,0.0,0.0,0.0,0.0,0.2590444418594771,0.0,0.0,0.0,0.0,0.0,0.00022538861418299865,0.0,0.0,0.0,0.0,0.0,0.0
s09T4722,0.0,0.0002156781270911618,0.0,0.0009523519792157984,0.0006290272940690446,0.013422070006605094,0.060884694638322634,0.0,0.0,0.8049485680394168,0.015702194597901144,0.0,0.0,0.0,0.0,0.0,0.0016380141643911436,0.0008996380458257657,0.0,0.0,0.0,9.354668620279397e-05,0.00015540488150895778,0.003954826995305069,0.0010465593690671716,0.00022770412194928307,0.0014228212257065241,0.08541054735348387,0.008396352473937748
s10T4722,0.022796031898534807,0.004799467588225231,0.0,0.014387118812758393,0.0032532312941783493,0.11020955263300182,0.2658410827450512,0.0021010164731745935,0.0,0.3678323536247302,0.01755721603389888,0.0006068456286949303,0.0003080826789927679,0.0,0.0021411360349796638,0.003730791566810698,0.00039686346844176846,0.08100774030910307,0.001273015890503656,0.0002806607743704878,0.0,0.007581418935729655,0.003288838539486682,0.01443376766584556,0.015869479569672766,0.00215663419554417,0.010424508098150893,0.027105359068164574,0.020617786471955373
s11T4722,0.011689171342405229,0.003548420402680665,0.0,0.01032240459238411,0.0016454520382811564,0.012704725585106203,0.16496267155912991,0.0014529616294810103,0.0,0.6303270230096752,0.012479630953811873,0.0,0.0003372579807581234,0.0003048777211117865,0.001667012547461292,0.0002816605055046175,0.0008034984140485944,0.054237256416663056,0.0011843865583504667,6.669532274679606e-05,0.007348876640688782,0.0035115358115306397,0.0016040420238056915,0.008357788625398793,0.010230948148965826,0.0013559654861410358,0.007738273075730153,0.039696714858215125,0.012140748749923531
s12T4722,0.004396418689975676,0.003948561115160771,0.00033840425582252836,0.025641242535294023,0.0020833033280030556,0.023751559301688336,0.3390230263801791,0.001936664535314763,0.0003450265905616723,0.31008679251628213,0.004336434887944405,0.002080626809777671,0.0008024598862295465,0.0007674219045600265,0.003647319373118244,0.004041502043519333,0.0,0.1594510119398769,0.0021866417155203166,0.0,0.014672014983854226,0.004035183605237575,0.0015071762767282135,0.01735479626708905,0.010179327183094344,0.0009254527274361006,0.013293529378765724,0.033636340624670025,0.015531761144296328
s13T4722,0.0,0.0,0.000668668649252443,0.0019333898167420488,0.0,0.017944528350390152,0.3196876864203954,0.0,3.857680359730677e-06,0.38716654147847246,0.006773532984521764,0.0,4.7325415840579085e-05,0.0013408667235303377,0.0010406861695730144,0.0,0.0,0.22162975852418923,0.0006356863557104758,0.0,0.014019257059273515,0.0,0.00019663116729777804,0.007727091900896748,0.0004446729673470183,0.0,0.010986592717430077,0.007108335616844181,0.0006448900019331251
s14T4722,0.030371188232882314,0.0004068782039038055,0.0,0.04377634879106911,0.012501912856032662,0.017773427159222966,0.5140177371118254,0.016013068695648922,0.00027749067173993015,0.04448510780321496,0.0011745292267237191,0.0,0.0,0.0,0.00283347346523244,0.0022917617425867657,0.005260888650568778,0.10910656720321955,0.0014967089011582054,0.00012050545160521884,0.007166562504789605,0.014690337216858676,0.0077250712922043285,0.004403661399623961,0.06187149658735989,0.01419488080604291,0.006263621936996547,0.034925872918033986,0.04685090117145517
s15T4722,0.0,0.00010324490746666731,0.0,0.013391129619181222,0.005383833917731917,0.018620544229013887,0.7322748615770042,0.0,0.0,0.03919067856121914,0.0,0.0,0.0,0.0,0.00020732204637838837,0.003984951381510016,0.002117619033859888,0.10618764972629216,0.0008550262115188632,0.0,0.004084666170975984,0.004639818348918603,0.002050807404508227,0.009996501090493977,0.014580132634500285,0.0048005793727977095,0.008046835795945874,0.010297426252554908,0.019186371718128002
s02M4822,0.21666783707984164,0.0,0.005471537783958276,0.00877239408830304,0.005418299077012341,0.002661937718112537,0.20768233174579784,0.0,0.0015134088642744996,0.0,0.0,0.0,0.0,0.005819173932816209,0.0,0.0,5.586858276969717e-05,0.013620119258168886,0.01019892424889704,0.0,0.0,0.4156058922872878,0.024755151211330272,0.0010363753909732396,0.015784712136442027,0.002202009120525776,0.04946223959251257,0.006074555340275392,0.00719723254070118
s03M4822,0.1781832785811182,0.0003305510874475841,0.0,0.02533320846007335,0.19416483896427786,0.0031605280638103864,0.23662236300495101,0.009001895646463098,0.0008057771495776421,0.0008843454676160996,0.00250907239301733,0.0,0.002939592908992378,0.026645643189124473,0.002562524727474902,0.003263183435506146,0.00046444707189313066,0.00809596283034689,0.022701058655018577,0.0005078919336079391,0.004169600879949186,0.07660480240381763,0.1326801352509897,0.004732063726746224,0.03535481486963978,0.0,0.017119828866353364,0.010010538046558373,0.0011520523856285555
s04M4822,0.0,0.0,0.0,0.001102475049330127,0.12648417376037727,0.008566455274405436,0.016998132207341674,0.0,0.00014446318673069978,0.0003062198842505138,0.0,0.0,0.0,0.0013392893023038627,0.0,0.0,0.0,0.0024000080106743225,0.0,0.0,0.000632023641352262,0.06637476589478115,0.7666143682088137,0.0,0.0064193098365392855,0.0004288332626603594,0.0,0.0008282592954736771,0.001361223184965808
s05M4822,0.08021651740933353,0.0,0.0019283823302294228,0.0006148252678337495,0.10055463539912214,0.002223175762539523,0.0,8.797809702224707e-05,0.0003883974229725444,0.0,0.00021396308341191324,0.0,0.0,0.00553904048293399,0.0,0.0006354630736779673,6.046489021965486e-05,0.00018708384966236477,0.013802339964346837,0.0,0.0014919662115915827,0.31469406017765167,0.47299574615689016,0.0,0.003953544989374324,0.0,0.0,0.0004124154311862077,0.0
s06M4822,0.14282238143030807,0.0,0.0,0.04078297186928283,0.07562909261624495,0.007956766844661818,0.11146405763908429,0.005295234363162251,0.0007044903864170123,0.0005074183958484716,0.0011264602756443259,0.1680028293290674,0.0,0.00015286205727376416,0.0020870354429828376,0.004030692127492096,0.0003010128812063272,0.00543462923946763,0.006651182344170323,0.0009184080573881944,0.0023503655372533864,0.24446021176094204,0.1389050420831537,0.0,0.03135614549399952,0.0,0.0,0.008566614671192333,0.0004940951537564418
s07M4822,0.06354629009846566,0.000983374903128693,0.0,0.02160653632539774,0.007196976882699516,0.006532013005785075,0.7096083341426513,0.0019281292998547552,0.0010163031708491635,0.00418176010097197,0.0,0.0,0.0016404773940185261,0.0,0.0021112289083886192,0.005162057094746226,0.0,0.02946023822352352,0.0033836529239220344,0.00045260189887466596,0.004474326126083396,0.007444070310151541,0.010476630798604641,0.022478593185073153,0.03322327755452765,0.004445190692932502,0.023632806222531503,0.01400630427385978,0.021008826462958156
s08M4822,0.0,0.0,0.0,0.0,0.0,0.0,0.0,0.0,0.0,0.8724275657102827,0.0061642342039164195,0.0,0.0,0.0,0.0,0.0,0.12140820008580092,0.0,0.0,0.0,0.0,0.0,0.0,0.0,0.0,0.0,0.0,0.0,0.0
s09M4822,0.0,0.0,0.0,0.0,0.0,0.02123666691119911,0.2833682428866309,0.0,0.0,0.541308803928451,0.004235496275376595,0.0,0.0,0.0,0.0,0.0,0.0,0.0,0.0,4.232064735458338e-05,0.0576916166833846,0.0,0.0,0.013332852499863532,0.0,0.0,0.002867991790248952,0.07591600837749059,0.0
s10M4822,0.0,6.042455249097535e-06,0.0,0.0,0.00043133678304119785,0.011140121649535907,0.13463201107864103,0.0,0.0,0.7091001740286206,0.014882670547402438,0.0,0.0,0.0,0.0,0.0,0.00010064990293608509,0.058703243583624894,0.0,0.0,0.03017745643913926,0.0,0.0003137345448199729,0.0021595267485777325,0.0005051261165536345,0.0,0.0012152054061373978,0.03663270071572081,0.0
s11M4822,0.0,0.0011784765566984217,3.213500327622108e-05,0.004450925152178033,0.0008557468901484672,0.004267590361731576,0.2244098341944704,0.0,0.0,0.5830444452228113,0.00695409837189122,0.0,0.0,8.490354199312979e-05,0.0011222088909255074,0.0,0.0,0.0558272470825322,0.00019446673606312217,0.0,0.07605135952286596,0.00030755461364122337,0.0006125804260395769,0.0039052191546908224,0.005600086471073245,0.0006798029814337541,0.0,0.02687142646636125,0.00354989235917468
s12M4822,0.0,0.00026546702484958525,0.0,0.005539007974245614,0.001850070725116091,0.003205284137753972,0.15914258362337347,0.0,0.0,0.26543312116540824,0.003938208579909586,0.4374167088338165,0.0,0.0,0.0,0.0015074452362821955,0.0,0.06241013366426352,0.0,0.0,0.02800265784478923,0.0,0.0005711403147764053,0.0014426490770506584,0.009416097851495754,0.0020896443806362164,0.0005358213055585202,0.008997592515537911,0.008236365745136668
s13M4822,0.0,0.0,0.0003985339064039005,0.0,0.0,0.00023041701886046797,0.4366128044502123,0.0,0.0,0.15405001470351626,0.001041796194219815,0.0,0.0,0.0006960588415656101,0.0,0.00042372255201814725,0.0,0.3480875136056087,0.0,0.0,0.03884718735183189,0.0,0.0,0.0062975925032487,0.0,9.944913021491358e-05,0.008544004414638364,0.004670905327661012,0.0
s14M4822,0.0,0.0,0.0015707403938893607,0.0,0.0,0.0,0.6825469201842503,0.0,0.0,0.03420656966040187,0.0,0.0,0.0,0.0026418160483617677,0.0010267414952943577,0.00012624107938547402,0.00024355620235010878,0.2269922652089548,0.001589451889566396,0.0,0.03767562628407204,0.0,0.0006043598950711791,0.007223271913481011,0.0,0.0,0.003552439744921358,0.0,0.0
s15M4822,0.016255680083214066,0.0001832982144707224,0.001272943072313636,0.027101724409689845,0.009462071234401877,0.015573212648568086,0.6400048786169286,0.00036249391221125724,0.0,0.007408230423652406,0.0,0.0010991975336991405,0.0,0.0017973878389632278,0.05571759387898609,0.0003116451692511077,0.0001691093411148623,0.06919789092766208,0.0025920902892725027,0.0,0.015291571907875048,0.004006276653519517,0.0040093269941651214,0.012234142449786963,0.04146706405180498,0.009617038504013724,0.008235990520676794,0.02055880937106229,0.036070331952696155
s01X4822,0.0038302700186473113,0.0,0.0005834818553899618,0.19820161328255198,0.017126901387466163,0.0019356735251583363,0.23710441353097528,0.000741394458309187,0.0022927455231196952,0.008102059873423316,0.0023627142062996194,0.0015052855780928747,0.00031443596234030354,0.0,0.0017093392207856682,0.0014846383493675157,0.0008948766781173492,0.0007000684768637358,0.0,0.0006370752399902632,0.0009741826229696884,0.004768195519892312,0.4954979773934841,0.0029714575996033703,0.007202392043137196,0.00012756934385489715,0.007343466586592768,0.0014198216732459322,0.0001679500503211373
s02T4822,0.5763601963221409,0.0006317242398388475,0.017496032289338517,0.0007487033829848739,0.01229102791558334,0.00048791543983788205,0.0,0.0,0.0,0.0013622589661037696,0.0,0.0010819808676784727,0.0,0.02012097486882874,0.0,0.0,0.0,0.0,0.0016566578781076055,0.0,0.0,0.1500864991702747,0.2139200518909517,0.0,0.0023075147590160576,0.0004235740691423221,0.0,0.0,0.0010248879401720658
s03T4822,0.0,0.0,0.0,0.019228115314346053,0.0,0.0,0.0,0.000734015557873391,0.0005404361753894933,0.0001182320295897907,0.0005111643579962966,0.0,0.0,0.0,0.0,0.0016166690525670907,0.0,0.0,0.005934440058757226,0.0,0.004614054639280581,0.01866686110336982,0.9389491247338652,0.0,0.009086886976965086,0.0,0.0,0.0,0.0
s04T4822,0.0,0.0,0.0,0.0,0.07449223007058478,0.0,0.0,0.00132284768983781,0.00024798262141987237,0.000748233202316647,0.00040075427059477626,0.00029130289299192336,0.0,0.014328433602079197,0.0,0.0014214795307125687,0.0,0.0,0.003123575895882151,0.0,0.004424089984107616,0.12228100109124186,0.7752503167574664,0.0005448502008912235,0.0011229021898733504,0.0,0.0,0.0,0.0
s05T4822,0.0,0.0,0.0,0.0,0.008449959386792228,0.0002256539239144509,0.1010934171023255,0.0,0.00022726004500522946,0.0,0.0,0.012568897677392681,0.0,0.0,0.0,0.00026478590437037245,0.0,0.0,0.29936068465290044,0.0,0.0,0.36152646672625555,0.16880761226547908,0.0,0.005796261812520635,0.00010474500345458018,0.041574255499589235,0.0,0.0
s06T4822,0.0,0.0,0.0,0.005391092884366298,0.02281577037455268,0.0027919595280561722,0.19539013264109562,0.0,0.0,0.0021121728159949815,0.0,0.0002414916808861003,0.0,0.0,0.010256609046106847,0.0,1.3782365877823594e-05,0.014577760176907435,0.43260826309384437,0.06220258544797452,0.0,0.14511362755678847,0.01969316273392577,0.0,0.014681874735739554,0.0025903715013578903,0.055181542366074664,0.005452068428193959,0.008885732622256792
s07T4822,0.06438180414704885,0.0,0.0,0.02830003225043366,0.011032946330604667,0.01492807943285676,0.4944837829688245,0.0007232886198073287,0.0,0.08588735168897753,0.0009790158372988014,0.004637502870632899,0.0008028111705862193,0.0,0.0035955313284356605,0.00041154476649248116,7.316780692819918e-06,0.05590838784674776,0.003115592953254426,0.0015573403812426598,0.05226586851803999,0.008135232192795836,0.0064401270987903565,0.01323650046933636,0.07177624294004784,0.008697083985323527,0.014330315672906952,0.01980129876713312,0.03456500098168908
s08T4822,0.0,0.0,0.0,0.0,0.0,0.0,0.0,0.0,0.0,0.889817558184498,0.003781359939897749,0.0,0.0,0.0,0.0,0.0,0.10640108187560411,0.0,0.0,0.0,0.0,0.0,0.0,0.0,0.0,0.0,0.0,0.0,0.0
s09T4822,0.0,0.0,0.0,0.0,0.0006526707226322489,0.003405679645360807,0.049782961843343125,0.0,0.0,0.8298086954795972,0.010721844670419029,0.0,0.0,0.0,0.0,0.024593396103049562,0.0,0.0,0.0,0.0,0.033571574165365735,0.0,0.004186706367627827,0.0039643843209984765,0.0,8.159602839455707e-05,0.004691273182142228,0.03077682808595212,0.003762389385116849
s10T4822,0.0,0.0009354944482766251,0.0,0.0,0.0,0.0011127992895730674,0.0,0.0,0.0,0.7995716107738946,0.004609501141198679,0.0,0.0,0.0,0.0,0.0,0.0,0.0005070694503423615,0.0,0.0,0.19302538431275126,0.0,0.00023814058396346728,0.0,0.0,0.0,0.0,0.0,0.0
s11T4822,0.0,0.0009605311826127289,4.3163263648242744e-05,0.0,0.0003289118212751466,0.0011043455549663071,0.0,0.0,0.0,0.8231710574673858,0.005118631637431997,0.0,0.0,0.0,0.0,0.0,0.0,0.0,0.0,0.0,0.16854432259120095,0.0,0.00010822147183461156,0.0,0.0003674843303920284,0.000253330679252104,0.0,0.0,0.0
s12T4822,0.0,0.0013018354408166762,0.0,0.0,0.0,0.0,0.005001175201620485,0.0,0.0,0.739238871437506,0.0006047242916538324,0.0,0.0,0.0,0.0,0.0,0.0,0.0008736172645170709,0.0,0.0,0.252979776363886,0.0,0.0,0.0,0.0,0.0,0.0,0.0,0.0
s13T4822,0.0,0.0,0.0,0.0,0.0,0.0,0.0,0.0,0.0,0.8012903048867015,0.005011553870209228,0.0,0.0,0.0,0.0,0.0,0.0,0.07216184985246678,0.0,0.0,0.1215362913906225,0.0,0.0,0.0,0.0,0.0,0.0,0.0,0.0
s14T4822,0.0,0.0,0.0,0.0028272170987098475,0.002834832480239428,0.0007265218453608787,0.21460918895198106,0.0,0.0,0.42420397156466066,0.0006700674171596932,0.0,0.0,0.0,0.0,0.0,0.0,0.1210689668505153,0.0025061469423700547,0.0,0.18330794980354517,0.004402967495043724,0.002010846532391359,0.0,0.005387117217706851,0.0012538267943583905,0.026739124769517793,0.0034770794652307494,0.00397417477120921
s15T4822,0.007313470099633792,0.00114831995759421,0.0001870434075493261,0.02758194897268086,0.005951837998059349,0.006457020695831414,0.32800308372593123,0.0,0.0,0.2991492404532098,0.0,0.00042976761865315535,0.008759648705779409,0.00047006714926793505,0.0027876875854566333,0.0,0.00012146218623561353,0.02995982147435369,0.0007019310668399212,0.0,0.20617875907928726,0.01236992850465882,0.0028691205558800744,0.006144151146395951,0.02330693255508594,0.003980693738784987,0.0,0.008991066630989001,0.017136996691841645
s02M4922,0.008085969659069266,0.0,0.0005186183581213678,0.0007636140875865309,0.032970255731888415,0.0007866049000533062,0.03130446587753995,0.0,0.00013347558013857195,0.002978388743314198,0.0,0.0,0.0,0.0006411987215455481,0.0,0.0,1.511668510593256e-05,0.00016652589591716047,0.0326919527106014,0.0,0.0,0.00691649286446291,0.8700405452320635,0.0,0.0039138007032147515,7.959384185300486e-05,0.007287734000028538,0.00044501968063057165,0.00026062672686511635
s03M4922,0.11649163273474353,0.0,0.0,0.07616140974436142,0.10581796739843187,0.0021036443994100202,0.1240822200700596,0.00311081516153532,4.8431396561408587e-05,0.004893735156888572,0.00041465398632769266,0.0,0.0,0.0,0.002570151514491391,0.0024112917991366903,0.0006435466475167915,0.0019783664347881235,0.003720111133759513,0.0006541222384229223,0.0006038200350487231,0.04358801426516458,0.45532507459575855,0.0,0.04541028283612357,0.0,0.0009408589579039689,0.009029849493565409,0.0
s04M4922,0.054379182077941665,0.0,0.0,0.624047144783131,0.07538285687127935,0.0,0.03316296616369456,0.0,0.0,0.0012310590466359764,0.00035203895811736447,0.0,0.0,0.0,0.0010581717910592397,0.0010253067622091573,0.00045053339423707927,0.0,0.021314974832971664,0.00039512093657870164,0.0,0.06606798294933372,0.09949960015173683,0.0,0.01853003707834118,0.0,0.0,0.0031030242027324257,0.0
s05M4922,0.17317099742088346,0.0,0.0027708484394802515,0.11237129291236181,0.05027109299708738,0.0033130161216323568,0.06072306912922499,0.0,0.0,0.005733929728852765,0.0,0.0,0.0,0.007397393520097694,0.0005902604991851203,0.0007289689870308058,0.00020794017582548687,0.0004728517416388293,0.0327496226360735,0.00018056744181805623,0.0,0.04776509405294127,0.4243595831238565,0.0,0.07152403510782393,0.0,0.0,0.005655323586402852,1.4112377783027707e-05
s06M4922,0.0,0.0,0.0,0.5051470237924964,0.09790052609412783,0.0,0.0046035522640773706,0.0,0.0,0.0005750859867514886,0.0,0.0,0.0,4.313378631782118e-05,0.0007106524889641789,0.0,2.1391446207451666e-05,0.0,0.234457755076501,1.6049127428339223e-06,0.0,0.08864494119568282,0.06617965343750347,0.0,0.0017146795186272095,0.0,0.0,0.0,0.0
s07M4922,0.04547223886542115,0.0013098343633092023,0.0,0.073626608930888,0.002213186001545027,0.016884146750308734,0.5128081544383261,0.0021694251211533304,0.0,0.045955071817555086,0.00038184150359963634,0.004152354113823623,0.0004224456413462179,0.0,0.0032594380202216285,0.005615170566754588,0.0001383297528006764,0.03546487090144562,0.019276064120496282,0.0005735861502941261,0.01960954089139787,0.000664079547483842,0.019840918766615926,0.021406227177806887,0.02721206304120649,0.004033257498967386,0.10340292787511281,0.011557359814047381,0.02255085832807242
s08M4922,0.0,0.0,0.0,0.0,0.0,0.0,0.0,0.0,0.0,0.8718997363889988,0.0013361064259551432,0.0,0.0,0.0,0.0,0.0,0.12676415718504602,0.0,0.0,0.0,0.0,0.0,0.0,0.0,0.0,0.0,0.0,0.0,0.0
s09M4922,0.0,0.000906393039051005,0.0,0.0,0.0,0.0,0.0,0.0,0.0,0.7680273459044917,0.0,0.0,0.0,0.0,0.0,0.0,0.0,0.0,0.0,0.0,0.23106626105645728,0.0,0.0,0.0,0.0,0.0,0.0,0.0,0.0
s10M4922,0.0,0.0034562127324197843,0.0,0.0,0.0,0.00045753976650930587,0.0,0.0,0.0,0.33661844429253396,0.0,0.0,0.0,0.0,0.0,0.0,0.0,0.0,0.0,0.0,0.6594678032085369,0.0,0.0,0.0,0.0,0.0,0.0,0.0,0.0
s11M4922,0.0,0.002997661971267354,0.0,0.0,0.0,0.0,0.0,0.0,0.0,0.4176164392342318,0.0,0.0,0.0,0.0,0.0,0.0,0.0,0.0,0.0,0.0,0.5793407417104223,0.0,0.0,0.0,0.0,4.5157084078546745e-05,0.0,0.0,0.0
s12M4922,0.0,0.0033064421790474524,0.0,0.0,0.0,0.0,0.0,0.0,0.0,0.35625441500250166,0.0,0.0,0.0,0.0,0.0,0.0,0.0,0.0,0.0,0.0,0.5621127871139895,0.0,0.0001717978667282652,0.0,0.0,1.0908450194831734e-05,0.07814364938753815,0.0,0.0
s13M4922,0.0,0.00275482417500598,0.0,0.0,0.0,0.0,0.0,0.0,0.0,0.3773519360357067,0.0,0.0,0.0,0.0,0.0,0.0,0.0,0.0,0.0,0.0,0.5795826827068363,0.0,0.0,0.0,0.0,0.0,0.040310557082450946,0.0,0.0
s14M4922,0.0,0.0017355761346640683,0.0,0.008364949615535534,0.006478667580953991,0.0027611551653579287,0.5731086896468245,0.0,0.0,0.15089937089702438,0.0021800896472192587,0.005005213973511493,0.0019488402399526876,0.0,0.0016936754421610425,0.004785614710367322,0.000670992159673203,0.01981202190098066,0.0,0.0,0.16986736510448505,0.0,5.4379669073667606e-05,0.01744865210511128,0.0,0.0,0.021427735241006895,0.0,0.011757010766097179
s15M4922,0.0,0.0019298481136551385,0.0004940741283915653,0.01624845452497434,0.004086302073821842,0.00454138746175055,0.2519579770155045,0.0,0.0,0.16745242165308158,0.0,0.0010942986879856245,0.0,0.0013687418803846696,0.0022976527397291567,0.0,0.0,0.015139251782357343,0.0003105729066657592,0.0,0.4940923273891334,0.0015196016625790441,0.002288114732834892,0.0021745351591159604,0.016170307165472343,0.0029029583637386527,0.0,0.002216010818006088,0.011715161740817803
s01X4922,0.17914689672878045,0.0,0.0012734446904437058,0.038402937000583996,0.0,0.0066296511152807176,0.5741697923543291,0.006120175622783325,0.0005531882433618689,0.004626055420796949,0.0,0.005081987644548981,0.00018006770466570291,0.004611300082270428,0.008673571161537158,0.0017746933912478854,0.0014935347652730805,0.021112368923822348,0.007627299349080018,0.001361162959783989,0.0014243964098992654,0.03243714687616702,0.013610236720989318,0.009275133849554997,0.05080692295834744,0.0010694081038394373,0.005555009332400654,0.015294836353188483,0.007688782237023978
s02T4922,0.31403288657772943,0.0,0.010257772408041195,0.008922902899063695,0.0,0.00014853368627814416,0.0,0.0,0.0,0.0038825546987380755,0.0,0.0,0.0,0.013196076734589949,0.0,0.0,0.0008560551328928989,0.0,0.0,0.0,0.0,0.041044868496933944,0.6070530789219901,0.0,5.464718030970819e-05,0.0,0.0005506232634328312,0.0,0.0
s03T4922,0.017806089088828594,0.0,0.0014178921970476376,0.09128675494229191,0.0035831350170734393,0.0,0.5514762194021338,0.0,0.0,0.003180017706913116,0.0,7.822734329527192e-06,0.0,0.0021064032541779727,0.0,0.0,5.911755265441787e-05,0.0,0.001456401837289149,0.0,0.0,0.004945386054905064,0.31692224789429135,0.0,0.005752512318064101,0.0,0.0,0.0,0.0
s04T4922,0.0,0.0,0.0,0.03364242061278328,0.18993890063763583,0.0,0.566059217097383,0.0,0.0,0.0,0.0,0.0,0.0,0.0,0.0,0.0,0.0,0.0,0.0,0.0,0.0,0.14014212180841715,0.07021733984378074,0.0,0.0,0.0,0.0,0.0,0.0
s05T4922,0.03142893199661497,0.0,0.00087344045422798,0.11521341992125546,0.21190252308471746,0.0,0.0,0.0,0.0,0.0011552737533583274,0.0,0.0,0.0,0.0015864903652072148,0.0,0.0,0.0003668270219337628,0.0,0.02890555210124628,5.534660507108088e-05,0.0,0.05103912966474179,0.5535146683370394,0.0,0.00346078854520193,0.0,0.0,0.0004976081493843794,0.0
s06T4922,0.14949635381235674,0.0,0.0,0.15150314207203702,0.11040740068552816,0.0015186187708359031,0.18599869823471754,0.004153567770798138,0.0001963375523491019,0.009250149185894958,2.0624081133301455e-06,0.25509123533776107,0.0,0.0025711982993057198,0.004192954379142469,0.009814458969042228,0.006288732176523536,0.0029780170751464584,0.04947191569372907,0.001275215648619373,0.0,0.016958502857902763,0.00791418551585935,0.004528801010368909,0.01770894544275566,0.0,0.0016735645270322878,0.006644494585506743,0.0003614479886733921
s07T4922,0.0,0.0,0.0,0.024326956437716384,0.056278229604845666,7.085517673251901e-05,0.0,0.0,0.0,0.0005230579462201918,0.0,0.014324601283849886,0.0,0.0,0.0,0.0,0.0,0.0,0.0021690840494601182,0.0,0.0,0.1609619209898163,0.7413452945113591,0.0,0.0,0.0,0.0,0.0,0.0
s08T4922,0.0,0.0,0.0,0.0,0.0,0.0,0.0,0.0,0.0,0.7941940114470003,0.0,0.0,0.0,0.0,0.0,0.0,0.20580598855299967,0.0,0.0,0.0,0.0,0.0,0.0,0.0,0.0,0.0,0.0,0.0,0.0
s09T4922,0.0,0.000366991508348252,0.0,0.0,0.0,0.0,0.0,0.0,0.0,0.21226284424922362,0.0,0.7673187348934402,0.0,0.0,0.0,0.0,0.0,0.0,0.0,0.0,0.020051429348987997,0.0,0.0,0.0,0.0,0.0,0.0,0.0,0.0
s10T4922,0.0,0.0,0.00011269272117961728,0.0,0.0,0.00023353392280031583,0.0,0.0,0.0,0.9887161034766279,0.0015192480671996468,0.002761284263926303,0.0,0.0,0.00027013978938002534,0.0,0.000781199249608286,0.0,0.0,0.0004169384413037073,0.0,0.0,0.0,0.0,0.0,0.0,0.005188860067974167,0.0,0.0
s11T4922,0.0,0.0,6.763072773707936e-06,0.0,0.0,8.052189320671579e-06,0.0,0.0,0.0,0.9908543804694614,0.004088875205872942,0.0,0.0,2.258262319900693e-06,2.0929341879379945e-06,0.0,0.0,0.0,2.874314294517904e-05,3.1511712823470007e-05,0.0,0.0,0.0,0.0,0.0,0.0,0.004977323010294898,0.0,0.0
s12T4922,0.0,0.00015891799832975194,0.0,0.0,0.0,0.0,0.0,0.0,4.067352302445504e-06,0.9683708250718982,0.0,0.0,0.0,0.0,7.283644326207766e-05,0.0,0.0,0.0,0.0,0.00022868170385577542,0.0,0.0,0.0,0.0,0.0,0.0,0.03116467143035165,0.0,0.0
s13T4922,0.17708568510966718,0.001999270407497408,0.001689623221324761,0.04198728293239825,0.013160443478160345,0.007044861989627328,0.4338319106212061,0.0073514322203590355,9.926215482890145e-05,0.010958383652438185,4.029409900079315e-06,0.009120879486606885,0.0010915974322934507,0.004413860450971659,0.008653162975724162,0.007300712050623358,0.00032903610850024237,0.017249532277130983,0.011529128608532557,0.0005384922246714021,0.006111776414623819,0.044025451960688945,0.07495397892172727,0.02193639808548396,0.03608369291523881,4.7760723676011345e-05,0.032742933966559994,0.012107727819463562,0.016551692380075422
s14T4922,0.0,0.00010010822157581733,0.0,0.0,0.0,0.0,0.0,0.0,0.0,0.2714461393154073,0.0017604545015302527,0.7033758447326676,0.0,0.0,0.0,0.0,0.0,0.0,0.0,0.02331745322881918,0.0,0.0,0.0,0.0,0.0,0.0,0.0,0.0,0.0
s15T4922,0.0,5.5240264303410314e-05,8.583953136338525e-05,0.008204102194542182,0.00020091542067003987,0.002985601261873461,0.08139139606444241,0.0,0.0,0.003328695404455322,0.0,0.28126273251977124,0.0,0.0,0.5893667622302529,0.0,0.00047726976977391513,0.003516707737214065,0.0,0.0,0.0,0.008097473586941666,0.001009551828568485,0.0012020306460090123,0.010809019580812854,0.00015747624751927088,0.0027285876572398153,0.002352815093209631,0.0027677829610371464
s02M5022,0.0,0.0,0.0,0.008731660108045805,0.002790067332436037,0.003507870014780888,0.06786222670156292,0.0,0.0,0.0012750153445764138,0.0,0.7867401888947476,0.0,0.0,0.07320210379797727,0.0,0.0,0.018130665046486902,0.0,0.0,0.0,0.0,0.0008126252790551273,0.0,0.014302087582743641,0.0039136403320632705,0.0,0.006775796008294197,0.011956053557229796
s03M5022,0.037311159488917243,0.0,0.0,0.018747328759329177,0.28360493733807635,0.0010905339519302524,0.16234555095150544,0.002791788474266201,0.0,0.002021089823320527,0.0,0.06333218394711339,0.0,0.0005585098170745035,0.005142593900456086,0.0001676689010756403,0.00027979273752072126,0.0013161404324877567,0.1263842100699216,0.0005439367951421659,0.0,0.017737838508706725,0.2650409773845874,0.0016713183644676342,0.00754269216569325,0.0,0.0,0.0023697481884080696,0.0
s04M5022,0.03425023916112047,0.0,2.617348371730478e-05,0.032148535609549604,0.11833793162240168,0.001965319035389216,0.10407774904275761,0.00021570492319321666,0.0,0.00374766375017544,0.0,0.0011699893429337972,0.0,0.0008766532969464904,0.00040375415714539705,0.0,8.706786072472555e-05,0.0022271248852742823,0.414863234982765,0.00042657729588867953,0.0,0.03297556709728078,0.23922860829251577,0.0011239323209398073,0.009837758374605394,0.0,0.0,0.0020104154646752932,0.0
s05M5022,0.0,0.0,0.0020582926286913175,0.06164274694398199,0.007064392729310773,0.0013646028027162894,0.06254661640556497,0.0,0.0,0.0029306108915007237,0.0,0.0,0.0,0.0017656644001779772,0.7676290737186529,0.0,8.683493653623996e-05,0.0,0.0010619495270540141,0.0,0.0,0.019887921344828197,0.06607243660796278,0.0,0.005888857063021856,0.0,0.0,0.0,0.0
s06M5022,0.2025726352251707,0.0,0.005013232899416464,0.19007987204873503,0.048567661572629345,0.004349268745538545,0.10222596048058306,0.0,0.0,0.009136761280809839,0.0,0.0009002402845854321,0.0,0.006675236074463038,0.0008294404599161666,0.0,0.00028286435982246704,0.0,0.10296326422043901,0.0,0.0,0.12859557576592323,0.1842533072614789,0.001257367223152429,0.009541512758685379,0.0,0.0,0.002755799338651211,0.0
s07M5022,0.0,0.00039754508628660353,0.00015880341842706058,0.008965363216822132,0.0,0.008201751982561227,0.08796494263054004,0.0,0.0,0.01742684611611195,0.0,0.1526700933418819,0.0,0.0,0.6818540544228492,0.0,0.0009085429585821683,0.0031925901604867826,0.012876389592864934,0.0,0.0,0.004033725762030124,0.000898471867362145,0.0005755729390784675,0.015132515003700149,0.0,0.0007993881743898583,0.00015539583480207337,0.003788007491223076
s08M5022,0.0,0.0,0.0,0.0,0.0,0.0,0.0,0.0,0.0,0.8189254522204804,0.0,0.0,0.0,0.0,0.0,0.0,0.1810745477795196,0.0,0.0,0.0,0.0,0.0,0.0,0.0,0.0,0.0,0.0,0.0,0.0
s09M5022,0.0,0.0,0.0,0.0,0.0,0.0,0.0,0.0,0.0,0.98524735874448,0.0,0.0,0.0,0.0,0.0013558546820675533,0.0,0.0,0.0,0.0,0.00014164148420945494,0.0,0.0008514813151342965,0.0,0.0,0.0,0.0,0.012403663774108778,0.0,0.0
s10M5022,0.0,0.0,0.0,0.0015032219096442732,0.0004862274149909931,0.0014964324551224335,0.024180918900140295,0.0,0.0,0.16897448366108114,0.0,0.04464242878998716,0.0,0.0,0.0,0.006604290117050101,0.0,0.00919569018181593,0.0,0.6539056088041965,0.005295385553035409,0.0,0.0003193767879242898,0.0,0.004028726654240308,0.0009756531693820167,0.07414879445384444,0.0,0.004242761147544831
s11M5022,0.0,0.00024334975179496338,0.0,0.0014755934373795342,0.0003581255064797904,0.0012874889276771918,0.07017509520840233,0.0,0.0,0.33373546536679366,0.0,0.0,0.0,0.0,0.0034375284408627196,0.01580864293758154,0.0,0.008216705757805835,0.0,0.3482181054612769,0.022323208483612206,0.0,0.00017348607486656533,0.001517008581288834,0.0021461185843779694,0.00018100063983636755,0.18632928325591638,0.00034729512365989684,0.004026498460387051
s12M5022,0.0,0.0001606025139625582,0.0,0.0025335699627641855,0.0002377679863739845,0.0008379306645423403,0.016323693777053363,0.0,0.0,0.01229463622507314,0.0,0.28237533139736687,0.0,0.0,0.13877844696451644,0.0,0.0,0.012894925934181211,0.0,0.505688032763287,0.004522583909676302,0.0,0.0,0.0,0.004066642920523513,0.000495535250450443,0.015141819317628947,0.0009847591469382953,0.002663721265661513
s13M5022,0.0,0.0,0.0,0.0,0.0001601371577896847,0.0021231935993857583,0.0,0.0,0.0,0.013878739409354178,0.0,0.1128435461311555,0.0,0.0,0.8227189738832272,0.0,0.0,0.008443941404348716,0.0,0.0,0.01949159404472085,0.0,0.0008556384668415314,0.0,0.0017649397043449162,0.0,0.017076515088423536,0.0,0.0006427811104081203
s14M5022,0.06450841853548227,0.0008286262597148654,0.0018075932514809215,0.0193384102668311,0.002457657617845452,0.020256756520079768,0.4698050144747057,0.008335789704813629,0.0,0.04850582043490181,0.0,0.04314631144706537,0.0011326859915878303,0.004313383557102216,0.016509473798567893,0.006122264526917333,0.0003269607029210517,0.019046637595730186,0.00402620539171314,0.0015758737402332688,0.12398314746004968,0.006444864716952377,0.002821482919096341,0.017742260468193643,0.024131262911156345,0.00014012333008764713,0.07903235177326229,0.007035420422476398,0.006625202181031363
s15M5022,0.0,0.00029148069109981246,1.7305302794110414e-05,0.002761737762844243,0.0,0.0017619518211356925,0.03828759042370526,0.0,0.0,0.005522506059988847,0.0,0.0,0.0,0.0,0.9375761817350209,0.0,0.0,0.0011197359224772818,0.0,0.0,0.00035411036241489436,0.0,0.003953803501622277,0.0,0.0022807230519781957,0.0,0.0031391642561506817,0.0,0.002933709108767727
s01X5022,0.07129855977763984,4.8929637777361934e-05,0.000999812170139018,0.04850945014496523,0.0,0.004224429302263357,0.4797061731052983,0.0,0.00010464475869061535,0.0021988796345368145,0.0,0.004183995406232273,0.0,0.0026494398004738343,0.3503280385983255,0.0007948888202665356,0.00012419141128414504,0.0006761435103016749,0.00285266207322373,0.0,0.0,0.00586802104328621,0.004744157724030044,0.006469015124826147,0.007774530246496359,0.0,0.0033333295864960977,0.0020823397649415874,0.0010283683585053122
s02T5022,0.31922750353741797,9.031677399661559e-05,0.008771302592425116,0.009272128951635775,0.11888263643676934,0.0002911028409657303,0.017896673081297894,0.0,0.0,0.0009703806286929618,0.0,0.06715523555162965,0.0,0.012290070402996716,0.0,0.0,0.00011337851346634125,0.00014224207722693025,0.012267151683404042,0.0,0.0,0.0727811755709195,0.35827206484728097,0.0006815779876050107,0.0,0.0,0.00042505882711513335,0.0,0.00046999969515439013
s03T5022,0.0,0.0,0.0,0.005422073233589322,0.46471555279628857,0.0,0.0,0.0,0.0,0.0,0.0,0.0,0.0,0.0,0.0,0.00017287051314728282,0.001082201263507408,0.0,0.013537070039847651,0.0,0.0,0.0,0.5150187787258881,0.0,0.0,0.0,5.14534277317872e-05,0.0,0.0
s04T5022,0.0,0.0,0.0,3.375338269781168e-05,0.00543978105230204,0.013411308257428853,0.0,0.0,0.0,0.0008367085364392665,0.0,0.6931438587250374,0.0,0.0,0.0,0.0,0.00020605666447674834,0.0,0.04769853911810758,0.09886881792356306,0.0,0.0,0.13841201915551307,0.0,0.0019491571844341632,0.0,0.0,0.0,0.0
s05T5022,0.05711445850549692,4.591904160026189e-07,0.0,0.0,0.8262859944734708,0.0014495527724158054,0.041465444643854404,0.0017281124063352805,0.0,0.002345396547218158,8.764809850517102e-05,0.031586753868396336,0.0,0.0010357294747434021,0.0019040416273893843,0.001116742624270976,0.00032652761409262583,0.0019802209772741687,0.0018286871381689607,0.0007860139947479134,0.0002456290028889579,0.0,0.007472278751842901,0.0020577382234104025,0.01502925605318683,0.0,0.001275027030684031,0.0021725606148545774,0.0007057263663358411
s06T5022,0.0,0.0,0.0,0.0,0.0,0.0029762506479462754,0.0,0.0,0.0,0.0,0.0,0.8830867099307832,0.0,0.0,0.11216550410561935,0.0,0.0,0.0,0.0,0.0,0.0,0.0,0.0017715353156511377,0.0,0.0,0.0,0.0,0.0,0.0
s07T5022,0.0,8.53345385563203e-06,0.0,0.0013566649837328058,0.023736933797580434,0.004009869880637987,0.04211937430973528,0.0,0.0,0.0016226051699618834,0.0,0.35070662162848876,0.0,0.0,0.002411216707583637,0.0,3.072282130764194e-05,0.0004720232688666717,0.5663032942364243,0.0,0.0,0.0,0.001280616653234915,0.00022484662381120154,0.0031191395563793427,6.915054582288112e-05,0.0,0.0013632371536032944,0.0011651492089733884
s08T5022,0.0,0.0,0.0,0.0,0.0,0.0,0.0,0.0,0.0,0.7410296350683927,0.0,0.0,0.0,0.0,0.0,0.0,0.2581282682962109,0.0,0.0,0.0,0.0,0.0,0.0008420966353963948,0.0,0.0,0.0,0.0,0.0,0.0
s09T5022,0.0,0.00017062031760188678,0.0,0.0,0.0,0.0,0.015423641136557491,0.00029731359547499256,0.0,0.9551742292355496,0.002087724593865447,0.0,0.0,0.0,0.0002605251674735586,0.021379909546594238,0.0,0.0,0.00017625695284403562,6.086522053925364e-05,0.0,0.0,2.0378259634578438e-05,0.001938382899840382,0.0,0.0,0.003010153074024489,0.0,0.0
s10T5022,0.008620930488361682,0.0003230521031645173,0.0,0.008275613035017011,0.0010154679694754614,0.005789847286756083,0.2221886552298656,0.002205465685107752,0.0,0.19767873833374683,0.00308976812847425,0.0,0.0,0.00021693111114490365,0.0033880431904854094,0.03732480266300778,0.0,0.0364109010348907,0.0,0.0012203223939860463,0.057247291930401664,0.00040174053021675027,0.017586547697824938,0.008972029463188359,0.012794835349016709,0.0019799835095174237,0.3516876239149241,0.008313051253899795,0.013268357697526233
s11T5022,0.003350543677293127,5.10291289750562e-05,7.792627176718178e-05,0.0,0.0,0.0,0.0314978494905596,0.00011597349807040137,2.1414316942298573e-05,0.9261338370578917,0.003149892152480012,0.0005472583317796241,0.0,0.00026245690694625746,0.0012051388409796923,0.0,0.0,0.001197838383167243,1.9418244605745922e-05,0.0005253007877227263,0.0,0.0,0.00026853001424156876,0.0,0.0,0.0,0.03157559289657791,0.0,0.0
s12T5022,0.0007423602601819206,0.0,0.0002770003003483981,0.0006036982341721181,0.0001818848352942042,0.001684449636231516,0.09532625994253265,0.0,0.0,0.5366924339194059,0.0018281946315554522,0.0,0.0,0.0007747910898301636,0.003661159826923046,0.0115377384705592,0.0,0.0973712329103276,5.319637957814927e-05,0.0011138760296684025,0.00861905424155044,0.0,8.612314189319937e-05,0.004430482767791455,0.0009273916063634476,0.0,0.23197109556894863,0.0004456785323563305,0.0016718976744878628
s13T5022,0.0,0.0,0.00017774333877141883,0.0,0.0007600525264081069,0.0025720587836662342,0.12040427167753355,0.0,0.0,0.3278034928485864,0.0023672168592022047,0.0,0.0,0.0004246101064520938,0.002384666732702305,0.014370410744559118,0.0,0.1639498631775666,0.0,0.0007320703112087905,0.016379913685520817,0.0,0.00047214335549257663,0.002809759056057861,0.0043482457859451195,0.0008779583008022965,0.333866949881582,0.0018858499732722583,0.003412722854670195
s14T5022,0.0,0.0,0.0003723934747770673,0.0024619609548003248,0.00025280596550290217,0.004980136531426422,0.3813142017029995,0.0,0.0,0.16948931939991388,0.001894364969843317,0.0,0.0,0.0009364111870626818,0.002082442825636479,0.014535093500963485,0.0,0.07539324223383903,0.0,0.0006268863042645712,0.03208665615468314,0.0,0.000115251854706665,0.0031676242577266156,0.004330838472666866,0.0013345950317430449,0.29513459287114013,0.0030135549684129257,0.006477627337890958
s15T5022,0.0,0.0005836302070936388,0.0,0.007441665093372845,0.0,0.003592978624361052,0.07265842994713037,0.0,0.0,0.0034408443918901395,0.0,0.446056893625948,0.0,0.0,0.4152426073850629,0.0012408802234981154,0.0,0.0049210173941601825,0.0,0.025790108215148103,0.0,0.0,0.0,0.00480492767225614,0.005259282078765131,0.0,0.003116633951610168,0.0020596784217305287,0.0037904227679726554
s02M5122,0.5961328741453732,0.00037831757078900566,0.01762940060044319,0.006915793851091377,0.010536668384420566,0.0024139606297289063,0.2059173258080468,0.0,0.0,0.0025592930360870255,0.0,0.0019426955531955878,0.0,0.021692562578035677,0.0,0.0,4.792589204645414e-05,0.0130961668160883,0.0008814460498878744,0.0,0.0,0.07727921692259629,0.01125382369390058,0.0015810683251188213,0.009617838577158368,0.0027442835579868405,0.003963788580936198,0.0024895825922445084,0.010925966834824634
s03M5122,0.09585995100709545,0.00017736384938734804,0.0,0.0037317931773015673,0.0,0.0,0.7267220652842826,0.003427551881505067,0.000249227756414161,0.001235874921808918,0.0,0.002468289598587495,0.0,0.0008281513843091033,0.003444857643901344,0.002057372070921896,0.0005836234286377369,0.0010634698214030138,0.023013258505446738,0.0005212292413242237,0.0,5.319675989898323e-05,0.014752342449245767,0.004312783564533145,0.0072268309334331,0.0,0.10475106525291672,0.003519701467645645,0.0
s04M5122,0.08349181996658236,0.0011230609938285285,0.0020532758074284924,0.004995614174276658,0.001570783884932572,0.0,0.8323174168091276,0.001551853791103381,0.0,0.0026304025558377864,0.0,0.00199817577085103,0.0,0.00968894789317557,0.0024066237737796112,0.0038142872732801155,8.748677835049316e-05,0.0009160144435674972,0.0053702209330511955,0.0,0.010189401460243205,0.0,0.015417974075207853,0.009550343596383844,0.0,0.0,0.009520213664999463,0.0,0.0013060823539926502
s05M5122,0.0,0.0,0.0,0.0,0.12763091562837586,0.0,0.0,0.0,0.0,0.0,0.0,0.0,0.0,0.0,0.0,0.0,0.0,0.0,0.07789260416191422,0.00017404951060505272,0.0,0.0,0.7943024306991048,0.0,0.0,0.0,0.0,0.0,0.0
s06M5122,0.4518492170777489,0.0,0.007688876928282301,0.08286595786787222,0.007529495626031573,0.0024663737972998694,0.12521123660242098,0.09107645925325442,0.0,0.0016895951299375513,0.00014371855659101845,0.004635274532093576,0.0,0.017142119319135056,0.0030999210692096795,0.00178173705085984,0.0003875050335355883,0.0002592613650189846,0.014919841446976882,0.0010780858380465327,0.0013457833286354963,0.08837257531702483,0.06397390687283977,0.0011094915461547766,0.024735881867158672,0.0,0.002681796029041459,0.003955888544829987,0.0
s07M5122,0.03208565462525111,0.0013843802196756533,0.0007193391637495339,0.012468877727579243,0.030080625498112922,0.00010792959041227863,0.3963250399714774,0.003599210875348398,0.0,0.00902204957704803,0.0,0.008112285710733,0.0,0.001947402699173606,0.004376320296720938,0.0056363119421032285,4.025770708948834e-05,0.01110713492664095,0.00957322957306393,0.00017172649219722403,0.006250889084530667,0.0,0.30186042099568483,0.016537221983446197,0.0890656486226991,0.0010239194160832992,0.044267302978095634,0.003331634989862811,0.010905185333220376
s08M5122,0.0,0.0,0.0,0.0,0.0,0.0,0.0,0.0,0.0,0.633886079412828,0.0,0.0,0.0,0.0,0.0,0.0,0.3661139205871719,0.0,0.0,0.0,0.0,0.0,0.0,0.0,0.0,0.0,0.0,0.0,0.0
s09M5122,0.0,0.0,1.3987704729441903e-05,0.0,0.0,0.0,0.0,0.0,0.0,0.9875568812080068,0.0064310998794123745,0.0,0.0,2.843785842099481e-05,0.0,0.0014297055928681162,0.004539887756562403,0.0,0.0,0.0,0.0,0.0,0.0,0.0,0.0,0.0,0.0,0.0,0.0
s10M5122,0.0,0.0,1.8553572839040285e-05,0.0,0.0,0.0,0.0,0.0,0.0,0.9145801786976674,0.0026834493189294346,0.0,0.0,0.0,0.0,0.0,0.0,0.0,0.0,0.0,0.0,0.0,0.00014169956091901681,0.0,0.0,0.0,0.08257611884964516,0.0,0.0
s11M5122,0.0,0.0,4.265934632333187e-05,0.0,0.025327434982506274,0.0,0.0,0.0,0.0,0.954971084841268,0.0076636933217030636,0.0,0.0,0.0,0.0,0.0,0.0,0.0,0.0,0.0,0.0,0.0,0.0020462134521174588,0.0,0.0,2.1994010316194882e-06,0.009946714655050157,0.0,0.0
s12M5122,0.0,0.0,0.0,0.0,0.0,0.0,0.0014713474439103605,0.0,0.0,0.8453911194920318,0.004690288776954029,0.0,0.0,0.0,0.0,0.0,0.0,0.0,0.0,0.0,0.0,0.0,0.0,0.0,0.0,0.0,0.14844724428710376,0.0,0.0
s13M5122,0.0,0.0,8.627519132259331e-06,0.0,0.0,0.0,0.05972223401355493,0.0,0.0,0.314683106455133,0.0,0.0,0.0,0.0,0.0,0.0,0.0,0.015460981717945493,0.0,0.0,0.0,0.0,0.0,0.0,0.0,0.0,0.6101250502942344,0.0,0.0
s14M5122,0.0,0.0,4.336927068759741e-05,0.0,0.0,0.0004269107594016725,0.2608907155981829,0.0,0.0004006600485456113,0.08441056052060161,0.0,0.0,0.0,0.0,0.0,0.00031941609325123805,0.0,0.022294313366806852,0.0,0.0,0.0,9.849369362698305e-05,0.0,0.0,0.0,0.0,0.6311155606488956,0.0,0.0
s15M5122,0.01823192154358603,0.0,4.409197267906274e-05,0.014683848112182549,0.0027494159224123673,0.004966774002702593,0.5365357307546103,0.001853280785893428,0.0,0.07432615930038347,0.0,0.0024293403330340694,0.0,0.0006280844347574865,0.003845182387355199,0.0048479161676255695,0.0003134371134693502,0.029554483710450597,0.004039513784137567,0.0012081793786893266,0.15874158010692516,0.001305090817299708,0.0020442301120692074,0.00919435491955655,0.03668226771169548,0.0029152276699302036,0.06887494933924863,0.007814028707718327,0.012170910911587974
s01X5122,0.035083637695799814,0.0006189853041715478,0.0,0.012607913920809946,0.0,0.006844383603238922,0.34172274977124373,0.0,0.0,0.003166686155459963,0.0,0.1937616821125567,0.0,0.0,0.37955031534304146,3.959787811609234e-05,0.0001570828065150192,0.008676958670335213,0.0,0.0008920735083310275,0.0,0.0,0.00019802098287378294,0.0005676812353370257,0.008481607945358075,0.0,0.0009011787313269586,0.0015579575535179043,0.005171486781966766
s02T5122,0.214179754256849,0.0,0.006305062253506434,0.0,0.0013552104106793156,0.0,0.0,0.0,0.0,0.0002497369424326584,0.0,0.0014920044790150205,0.0,0.008083156182994416,0.0023219698625924373,0.0,5.663783248743089e-06,0.0,0.0,0.0,0.0,0.5729606352945131,0.18825205129629827,0.0,0.004794755237870521,0.0,0.0,0.0,0.0
s03T5122,0.004141275476746608,0.0,0.0,0.0,0.0,0.0,0.0,0.00044180797238372975,1.2234282924166564e-05,0.00046819782238899485,3.3475357909143695e-05,0.03511073298751001,0.0,0.0,0.0005590056363781699,0.00024756383316576567,4.8539140549374125e-05,0.0,0.0013406549866759314,0.0006348345334732807,0.0003510997067892734,0.0,0.9566105782631056,0.0,0.0,0.0,0.0,0.0,0.0
s04T5122,0.2517128942317877,0.0,0.0010304386368175352,0.14306657584367685,0.12736824230116553,0.0006977864606097689,0.08272350391425304,0.0032086009438516737,2.5135447014441812e-05,0.002720344775876144,0.001111745879567059,0.0037168369114768955,0.0,0.007075112265009138,0.004101867896021532,0.0032427389441642847,0.0005715521158573775,0.0008377315453003862,0.03440868826153686,0.0018588109817040007,0.001962389871958237,0.017690439979735687,0.29804350167522603,0.003324083165715042,0.002044290957715867,0.0,0.004160921379319856,0.0032957656146390757,0.0
s05T5122,0.18563168548600062,0.00042855607976725104,0.0,0.00893009336678478,0.03339322539187486,0.0013437790294424585,0.1402279393479029,0.0054774792106715995,5.0864468965754325e-05,0.0017628623814373071,5.2018231600581136e-05,0.3826001471378016,0.0,0.0007275409704436942,0.015355299736544604,0.003584973191921083,0.0005968595207571343,0.005348912061282422,0.002307219499419581,0.17674292182192136,0.0,0.0005057857736121801,0.007669795439714948,0.0036917280585413233,0.010480452405401035,0.0,0.003540403987574424,0.006111249827420852,0.0034382075731959776
s06T5122,0.07582139750639644,0.0,0.0,0.015870325910763677,0.1377480764633217,8.236995717643347e-05,0.0,0.0017882317225556951,0.0,4.07197192155841e-06,0.0,0.10309555732608389,0.0,0.0007596854390303727,0.0009809406838231273,0.0006493991453355294,0.00013601488189707162,0.0,0.09890741640889679,0.001067405168987592,0.0,0.06353526739283977,0.49855517131903876,0.0,0.0,0.0,0.0,0.0009986687019315718,0.0
s07T5122,0.48292435627248304,0.0011288029909812722,0.009919881908040988,0.008415505978386327,0.017236849499499506,0.0,0.16888327600096048,0.007094132551773019,0.0,0.0011784193309775318,0.0,0.021575639841904384,0.003059894474103514,0.013818098372128865,0.002413705003299845,0.0,0.0003361322665935492,0.01171103327338875,0.012703250956797226,0.0,0.0,0.050864993004600366,0.14952572375344456,0.007277209088784217,0.0011879795094231933,0.0003229723046486945,0.026437378834036858,0.0019342006650870088,5.056411865681232e-05
s08T5122,0.0,0.0,0.0,0.0,0.0,0.0,0.0,0.0,0.0,0.568132249533947,0.009495875233298756,0.0,0.0,0.0,0.0,0.0,0.34656354973570497,0.0,0.0,0.0,0.0,0.0,0.07580832549704924,0.0,0.0,0.0,0.0,0.0,0.0
s09T5122,0.0,0.0,2.1048590381568996e-05,0.0,0.0,0.0,0.0,0.0,0.0,0.8071329090820659,0.010239671578167346,0.0,0.0,6.169454473116572e-06,0.0,0.0,0.17528260804468873,0.0,0.0,1.217248059332574e-05,0.0,0.0,0.0,0.000547191264252944,0.0,0.0,0.006758229505377224,0.0,0.0
s10T5122,0.0009039148957239669,0.0,0.0,0.009244985494894928,0.0012733693814336055,0.010279841411768647,0.2949516900955094,0.007585563454774604,0.0,0.06467763511723183,0.0,0.0007487844580486193,0.0,0.0,0.0033821985335524174,0.010969681031854537,0.0019742541665882475,0.0368391823477305,0.0,0.0014144750196881332,0.14707631968442825,0.0,0.07965687811043055,0.015285965836673873,0.013994257264875451,0.0029396583307599476,0.2756677770143642,0.007591361357701197,0.013542206991967136
s11T5122,0.003915262153527712,0.0006251111317897266,0.0,0.0,0.0,0.0,0.021370553997985754,0.0,1.3805365381767677e-05,0.7417314996718449,0.009972362750445244,0.0,0.0008380102405103597,0.0,0.0,0.0,0.06487516325582214,0.00041898760848268265,0.0,0.0001541971393407716,0.0,0.0,0.00481055457939607,0.004091379957303298,0.0,0.0035042194752098635,0.14367889267295986,0.0,0.0
s12T5122,0.007814022041176235,0.0,0.0,0.0,0.0,0.0,0.045719949066968246,0.0,4.378366819315003e-05,0.5373770373273631,0.007825130190798614,0.0,0.0,0.0,0.0,0.0010873134030912693,0.027702825474711215,0.005252021721878094,0.0036520696060009855,0.00015911915849575164,0.00324618268708138,0.0,0.0,0.003900258957689953,0.0,0.0,0.3541896034314944,0.002030683265057712,0.0
s13T5122,0.0,0.0,0.0,0.0,0.0,0.0,0.0,0.0,0.0,0.4964117448953096,0.0008801101140285111,0.0,0.0,0.0,0.0,0.0,0.010569645102695398,0.0,0.0,0.0,0.0,0.0027224912653614677,0.0,0.0,0.0,0.0,0.489416008622605,0.0,0.0
s14T5122,0.033368433398492166,0.0,0.0,0.0,0.0,0.00035143931311635565,0.11716668069708902,0.0006087128480103511,0.0,0.44222642564391274,0.0005367506307057194,0.0010017159471850778,0.0,0.0,0.0007203146418156918,0.0011908260086998998,0.016855274728559463,0.025871298439062343,0.0,0.001404655507935921,0.014923182974309578,0.000844649453042968,0.00033054167370948664,0.004749561262662137,0.000791155780025221,0.0,0.33671035279908046,0.0003480282525851538,0.0
s15T5122,0.099181818230964,0.0,0.0,0.007028536361999351,0.0,2.377710077029241e-05,0.30907242223696907,0.0062546571267879285,0.0,0.24344042780846809,0.005044532720642244,0.0035885842680180627,0.0003999978355961723,0.0010355720783382506,0.005923979901613325,0.011349895645290917,0.001960229204064181,0.011538940735611774,0.0010700002165350475,0.0017982608734866015,0.18390344823833743,0.0,0.0023777985232264483,0.013487184729470952,0.007019851062027795,0.0,0.07932530468400632,0.00431188255451021,0.0008628978632655693
s02M5222,0.10614609202049112,0.0004994248756431816,0.002537524894033579,0.00741655859287109,0.001729089228566441,0.0015981233484392736,0.13908368125763793,0.0,0.0,0.00032594913919522573,0.0,0.5436620158374526,0.0,0.0032770207003429666,0.003743334140739803,0.0,0.013177101317983584,0.006712022079053395,0.0,0.14464466476785884,0.0,0.011333431534499786,0.0011229385144764742,0.0,0.006717484520856711,0.0,0.0021300572914541667,0.00042074383528109213,0.003722742103122881
s03M5222,0.0,0.0,0.0,0.0,0.0,0.0,0.0,0.0,0.0,0.017276693504666145,0.0,0.8800431597524242,0.0,0.0,0.0,0.0,0.0,0.0,0.0,0.06310930419505822,0.0,0.0,0.0,0.0,0.037044784367950716,0.0,0.002526058179900628,0.0,0.0
s04M5222,0.015618035761421992,0.0,0.0,0.0,0.07787924929411266,0.00020152734110695996,0.0,0.0006920403563040148,1.8908370826477546e-05,0.0,0.0,0.12047562152310416,0.0,0.0005594214990755578,0.0,0.00025198332444783666,0.00012486225320637977,0.0,0.10038002039676523,0.00035476704266748275,0.0,0.02189488440317437,0.661548678433787,0.0,0.0,0.0,0.0,0.0,0.0
s05M5222,0.0,0.0,0.0,0.0,0.16874232181631169,0.0,0.0,0.0003678612208083409,0.0,0.0,0.0,0.022790806557917317,0.0,0.0,0.0,0.00010614684605606749,0.00012326546534453377,0.0,0.010863480700764878,0.00046021889482364463,0.0,0.0,0.7965458984979735,0.0,0.0,0.0,0.0,0.0,0.0
s06M5222,0.0,0.0,0.0,0.0,0.01836355612189692,8.180165221108123e-05,0.011709309314082376,0.0,0.0,0.0012542251019147055,0.0,0.22343341359670113,0.0,0.0,0.007869340428665817,0.0003737116161453067,0.00017586763267619948,0.00031035878651217716,0.5493851844155564,0.0004667812665806867,0.0022608860775431327,0.0,0.18363987189291245,0.0,0.0,0.0,0.0,0.0006756920966016022,0.0
s07M5222,0.0,0.0001735399859428285,0.0,0.007054110534602232,0.0016275118391556062,0.0042873851678718895,0.14706284775145623,0.0,0.0,0.0025033425868114354,3.665851712932154e-05,0.00557237213477371,0.000855545273964658,0.0,0.00818918548830922,0.0,0.00026959137193063176,0.008530625358058219,0.011384160673708172,0.7190630692144422,0.010087705285847369,0.002184419258587129,0.010865780390595816,0.0,0.016840660487060292,0.0,0.04032215736308759,0.0007807470364582888,0.0023085842802072353
s08M5222,0.0,0.0,0.0,0.0,0.0,0.0,0.0,0.0001826040097638109,0.0,0.3348179252219394,0.01250941879335796,0.0,0.0,0.0,0.0,0.0,0.6523001685687281,0.0,0.0,1.4985900770513192e-05,0.0,0.0,0.00017489750544038006,0.0,0.0,0.0,0.0,0.0,0.0
s09M5222,0.016304159861587827,0.0,0.0,0.0007650778034727243,0.005147917024330456,0.0,0.167445648709645,0.08177517436923609,0.0,0.33103650631823656,0.008997529200171448,0.001769317199591652,0.001357070946924416,0.0,0.00028137381763540504,0.009349177346624675,0.02130682511224608,0.012287922965349276,0.0,0.0005922414472544685,0.035536856239669116,0.000361939790895363,0.0,0.02673965133125207,0.0,0.0,0.276111445916454,0.0,0.002834164599423398
s10M5222,0.020714260580170715,0.0,0.0,0.010448281148558598,0.004422283941102686,0.006101609622985243,0.20816404207860464,0.01477437669964916,0.0,0.02617716358091242,0.0,0.003943655811434978,0.0,0.0,0.0052180840853943335,0.010569206250901263,0.002129204390248349,0.020107628041259755,0.0,0.0021841205142309836,0.2077740367300775,0.0,0.0019195097723065753,0.014688266705569768,0.0227504324346423,8.497281116126549e-05,0.4050344983311488,0.005216280897682651,0.0075780855719578466
s11M5222,0.0,0.0,0.0,0.0,0.0,3.9404836081242777e-05,0.0,0.0,0.0,0.05006097829713162,0.0,0.0,0.0,0.0,0.0,0.0,0.005030398427049307,0.0,0.0,0.0,0.014526552915146979,0.0,0.0,0.0,0.0,0.0,0.9303426655245909,0.0,0.0
s12M5222,0.0,0.0,1.654246690016788e-05,0.0,0.0,0.0,0.028438763675958715,0.0,0.0,0.0355944341959238,0.0,0.0,0.0,0.0,0.0,0.0036968084710696323,0.00439709221325805,0.1049289958781953,0.0,0.00036830607286169876,0.10654723837683924,0.0,0.0,0.006837714022730901,0.0,0.0,0.7091741046262625,0.0,0.0
s13M5222,0.0074776407795480735,0.0,0.0,0.0,0.0,0.0035124916512072443,0.15505571354349623,0.0,0.0,0.040560536878583846,0.0,0.0,0.0,0.0,0.002156662875780009,0.015397799690785335,0.00033319159413269496,0.02940301742916108,0.0,0.002339911457160573,0.22175399331467113,0.0,0.0,0.03507022265067018,0.002371946353238456,0.0,0.4845668717815652,0.0,0.0
s14M5222,0.0,0.0,0.0,0.0,0.0,0.0,0.2553837101859175,0.0,0.0,0.0,0.0,0.0,0.0,0.0,0.0,0.0,0.00012847435528190752,0.0,0.022245492633948555,0.0,0.018022112598201946,0.0,0.013748756810792207,0.0,0.0009579573167156724,0.0,0.6895134960991423,0.0,0.0
s15M5222,0.0,0.0,6.037247405078864e-05,0.0,0.0,0.0003946310564098669,0.4950838093824786,0.00032006934502557005,0.0,0.006980809625557996,0.0,4.872292033752161e-06,0.0003929903761712764,0.0,0.001109484395880897,0.004087182781401323,0.0013421820680321,6.604998086105486e-05,0.018861396701821947,0.00015276033522358969,0.17729490387081315,0.0,0.010423557565399979,0.00530994225039523,0.0018077155190505912,0.0,0.27630726997939237,0.0,0.0
s02T5222,0.14158077443301523,0.0,0.0036302989388964806,0.0,0.0,0.0,0.01979611688649861,0.000222504383273989,0.0,0.0,0.0,0.0001192775979105082,0.0,0.004984274014622223,0.0,0.0,0.030747160713329003,0.0,0.023092328547196783,0.0,0.0,0.006104513869780557,0.7696456455211559,0.0,0.0,0.0,7.710509432072957e-05,0.0,0.0
s03T5222,0.0,0.0,0.0,0.0,0.011659856334853641,0.0,0.0,4.971379022915605e-05,0.0,0.00015011242081508535,0.0,0.0,0.0,0.0,0.0,0.0,0.00040616929170200284,0.0,0.0,0.00032749820486779755,4.2875388318523284e-05,0.01973831414482432,0.967580315975537,0.0,4.514444885243943e-05,0.0,0.0,0.0,0.0
s04T5222,0.0,0.0,0.0,0.00820608856229788,0.0010929849941012228,0.0,0.0,0.0,7.736131519290371e-05,0.0,0.0,0.18781208813076591,0.0,0.0,0.0,0.0,3.6091476536545525e-05,0.0,0.03902586320069338,1.0315116317844983e-05,0.0,0.0,0.7637392072040943,0.0,0.0,0.0,0.0,0.0,0.0
s05T5222,0.0020690510719415453,0.0,0.0,0.03611148874566751,0.11092277161564351,0.0,0.0,0.0002581174014751886,0.0,0.00013038020460069062,0.0,0.0,0.0,0.0,0.0,0.0,0.0001417955383513043,0.0,0.0757200358153775,0.0005138631176492482,0.0,0.01360064260347456,0.7605318538858189,0.0,0.0,0.0,0.0,0.0,0.0
s06T5222,0.0,0.0,0.0,0.015333945308204587,0.04157803482369632,0.0,0.0,0.0,7.879991179158264e-05,0.0,0.0,0.06302011535603531,0.0,0.0,0.0,0.0,1.2200802073417491e-05,0.0,0.016569260865563096,0.0,9.741063882973639e-05,0.00516409355846597,0.85814613873534,0.0,0.0,0.0,0.0,0.0,0.0
s07T5222,0.0,0.0,0.0,0.0,0.0016053519887917979,0.0,0.8765182317096497,0.0,0.0,0.0,0.0,0.0,0.0,0.0,0.0,0.0,0.0,0.0,0.07432910449812383,0.0,0.0,0.0,0.04754731180343455,0.0,0.0,0.0,0.0,0.0,0.0
s08T5222,0.0,0.0,0.0,0.0,0.0,0.0,0.0,0.0,0.0,0.12072174058822605,0.001145358244914784,0.0,0.0,0.0,0.0,0.0,0.8780760916115444,0.0,0.0,3.1692992570313824e-05,0.0,0.0,2.5116562744452933e-05,0.0,0.0,0.0,0.0,0.0,0.0
s09T5222,0.007523092433782417,0.0028036493600031532,0.0,0.008312368208029572,0.00946189074995512,0.001914373932617438,0.21410676922399546,0.003271661559906521,3.945996756794654e-05,0.2282453815979528,0.012586793775310216,0.004980270402541853,0.002066217013282096,0.0,0.0020780541090114424,0.0027362017659623545,0.12078691372508117,0.009445211661433056,0.0054111669902891886,0.010414434518177558,0.0,0.002826675594900939,0.0050771967543856876,0.008835019384884813,0.005553797111405859,0.0006491752257924794,0.31643926874472417,0.0025673676215078284,0.011867588567498864
s10T5222,0.0,0.0,0.0,0.006764798247491897,0.0020523697578506426,0.0017545654024159576,0.18590916664281953,0.0087961366836815,0.0,0.01958580019688478,0.003112742691521255,0.001800358579796799,0.0,0.0,0.0015494716420774441,0.03743870457965006,0.030487557512728514,0.007316496984340415,0.0,0.00027312200302907985,0.12434535039280331,0.0,0.0009293146429816937,0.005622615287649991,0.016993538778072134,7.629628446411024e-05,0.5341374930129594,0.006232417214480441,0.004821683462301023
s11T5222,0.013155901840044922,0.0032825185728669925,0.0,0.0,0.0,0.0005055282375968852,0.021979930286119057,0.0018239322799996067,0.0,0.2937097134343901,0.023544694676582927,0.0003310141675255772,0.0,0.0,0.0024055425288251253,0.0014834733414773261,0.17195323067524176,0.015783527591839246,0.0,0.0006647778210489892,0.04168960126440669,0.0,0.00033244406150275275,0.0031870206498204397,0.0008144011583487899,0.0,0.40167365660559107,0.0016790908067717248,0.0
s12T5222,0.0,0.0,0.0009334740630466293,0.0,0.00031844373869650654,0.0,0.02332339974652324,0.0,0.0,0.04653229384415268,0.00449146663073978,0.0003796206184037766,0.0,0.002344256794049963,0.0003799314148982404,0.004266459801840993,0.0050624951124931495,0.6342263879394929,0.0,0.0006274627600949946,0.10763071436903313,0.0,0.0001811224784181795,0.0023494078752565573,0.00010843513653052918,0.00013826951877665342,0.1667063581575522,0.0,0.0
s14T5222,0.0,0.0,0.0,0.0,0.0,0.0,0.0,0.0,0.0,0.0,0.0,0.0,0.0,0.0,0.0,0.0,9.094359546731424e-05,0.0,0.0,0.0,0.0,0.0,0.0,0.0,0.0,0.0,0.9999090564045328,0.0,0.0
s15T5222,0.13471662492821027,0.0002054334367994563,0.0,0.009461747134250267,0.0005922129846344668,0.006187059191117007,0.4314099632714319,0.005994413372538019,0.0,0.001876263869684583,0.0017696310766580358,0.008260080740910801,0.00430568998178053,0.0,0.008148577035896776,0.005159332502860946,0.003370620516581798,0.008818853453380458,0.0022307223734253545,0.0017318675050318289,0.1807744668240541,0.0,0.012763467984319146,0.007531490200724288,0.011775730741555884,0.0,0.14733067369172628,0.0032669987343975936,0.0023180784480302708
s02M0123,0.12467157813085482,0.0,0.004410038672567148,0.026172966062396358,0.010850290091995608,0.0,0.0027528789694782315,0.0,0.0,0.00010495211504357289,0.0,0.08239849692087985,0.0,0.005049999355676605,0.0,0.0,0.00023383941178056983,0.0,0.12137615023573044,0.0,0.0,0.5376077119082531,0.06273196755558705,0.00017661537047308556,0.020943483774903373,0.0,0.0005190314243802217,0.0,0.0
s03M0123,0.12420168485626425,0.0,0.0012550752752661719,0.00014127422787485057,0.012397213201429697,0.0,0.02495726505205304,0.0037897471163647932,2.2046786315334007e-05,0.0004373353656216239,0.00010861055809048956,0.003735074906860669,0.0004649491393416981,0.004708996984959424,0.0023053371792376405,0.0010047755493424178,0.0006106596222724054,0.0011402779128662493,0.063686150611404,0.0014214425279709686,3.817198129035249e-05,0.07171167638715152,0.6559052248550123,0.000942685570535583,0.02305787559361894,0.0,0.0013008682475888578,0.0006555804912667427,0.0
s04M0123,0.034530172080067485,0.0,0.0,0.0070191261556207816,0.29100023280973447,0.0,0.0,0.0005647572905991197,0.0,0.0007264130338924898,0.0,0.031320740503252585,0.0,0.00266886323407013,0.00024559811791253437,0.0001508293232807624,0.0,0.0,0.022299569100588716,0.005684945290075282,0.0,0.0,0.6037887530609057,0.0,0.0,0.0,0.0,0.0,0.0
s05M0123,0.0,0.0,0.00011708780820095154,0.013598659310815898,0.05708770601359366,0.0,0.0,0.0,0.0,0.0,0.0,0.10568947929625253,0.0,0.000508151247146389,0.06789805945600041,0.0,3.4832195525091135e-05,0.0,0.08352350883470007,0.0,0.0,0.012010619795253981,0.6595318960425111,0.0,0.0,0.0,0.0,0.0,0.0
s06M0123,0.0,0.0,0.0,0.021341183038068708,0.06254560346202714,0.0,0.0,0.0,0.0,0.0,0.0,0.0023734960533041867,0.0,0.0,0.002516824050725204,0.0,0.0,0.0,0.006390633667102015,0.0,0.0,0.009580700570445449,0.8952515591583272,0.0,0.0,0.0,0.0,0.0,0.0
s07M0123,0.0,0.0,0.0,0.0,0.011946729583706236,0.0,0.09861501131225119,0.0,0.0,0.0,0.0,0.003680664362030035,0.0,0.0,0.0,0.0,0.0,0.0,0.40310287458179156,0.0,0.0,0.015923374546074284,0.4119099563324506,0.0,0.0,0.0,0.05482138928169619,0.0,0.0
s08M0123,0.0,0.0,0.0,0.0,0.00014372632676043005,0.0,0.0,0.0,0.0,0.19499146288433977,0.007312500579656442,0.0,0.0,0.0,0.0,0.0,0.7975091463520143,0.0,0.0,0.0,0.0,0.0,4.316385722905232e-05,0.0,0.0,0.0,0.0,0.0,0.0
s09M0123,0.0,0.0014610332997665953,0.0,0.00859364294604421,0.005711832398792065,0.0442249417163977,0.20960696321219538,0.00269791096100494,0.0,0.07718780586279356,0.05108505225957303,0.0062111187947274495,0.0009442214264476142,0.0,0.0025922316968011814,0.1125265108386199,0.010867144690514549,0.012456464192737292,0.0,0.3213594862788698,0.03452225793623469,0.0,0.0018738297407236413,0.03315322625805295,0.004418964599789021,7.639851269476682e-05,0.036536350539371286,0.0037463166196857727,0.018146295218162654
s10M0123,0.0,0.0,2.873658624864102e-05,0.0,0.0,0.00044729087999702917,0.1335614648613956,0.0,0.0,0.0,0.0,0.0,0.0,7.758157113146402e-05,0.0,0.0,4.844189153448284e-05,0.0002617445933585042,0.0,0.0013340586305988153,0.03073873881501202,0.0,0.0,0.0,0.0,0.0,0.8335019421707235,0.0,0.0
s11M0123,0.0,0.003443372584048521,0.0,0.0,0.0,0.0,0.12174169327451725,0.0,0.0,0.21049082009966003,0.015727436721281886,0.0,0.0,0.0,0.0,0.0,0.0024430213727296853,0.0,0.0,0.0,0.0,0.0,0.0,0.0,0.0,0.0,0.6461536559477626,0.0,0.0
s12M0123,0.0,0.0026347959603605703,0.0,0.0,0.0,0.0,0.0,0.0,0.000344702284906757,0.1284470019429729,0.007738422192156354,0.0,0.0,0.0,0.0,0.0,0.0015281986186196687,0.05458983655977863,0.0025884150164793267,0.00015482572247701797,0.0,0.0030278005688904844,0.001423484763336261,0.0,0.0,0.0,0.7975225163700221,0.0,0.0
s13M0123,0.0,0.0005181560726003938,0.0,0.0,0.0,0.0,0.0,0.0,0.0,0.0751191567923096,0.0016257577075564408,0.0,0.0,0.0,0.0,0.0,0.0003727802471070927,0.0018489817730239228,0.0,0.12846200017656223,0.0,0.0,0.0,0.0,0.0,0.0,0.7920531672308404,0.0,0.0
s14M0123,0.0,8.249009606994961e-05,4.264653503310372e-05,0.005383981876825202,0.0007608489109689663,0.0009919893946082079,0.09544245072984221,0.005185827020725544,0.0,0.0070706367139517605,0.0,0.0,0.002218753458046771,0.000724682396510699,0.047367392406961195,0.0,0.0008201577790479711,0.03703494507667393,0.0,0.00043419974940321794,0.0,0.0,0.0,0.0,0.005492755640829542,0.0022180744144328674,0.7820880094118792,0.0019543289416178752,0.00468582944657175
s15M0123,0.0,0.0,0.0,0.0,0.0010158129675002193,0.003778679538783424,0.1366481613583011,0.0,0.0,0.0,0.0005332330479644811,0.0006503575079832537,8.675045380289845e-05,0.0,0.3725197786776078,0.0010885837912467213,0.00048499462593529035,0.0004086520348893722,0.0,0.0,0.13706530235213607,0.0,0.029039107417096276,0.002490478788254265,0.0,0.0,0.31333642525326777,0.00025172882614750186,0.0006019533590834018
s01X0123,0.0,0.0,0.0,0.0,0.0,0.0,0.999209007729728,0.0,0.0,0.0,0.0,0.0,0.0,0.0,0.0,0.0,0.000314352136494673,0.0,0.0,0.0,0.0,0.0,0.0,0.0,0.0,0.000476640133777258,0.0,0.0,0.0
s02T0123,0.3929223692417836,0.0,0.010436228571258411,0.09981473268490293,0.007220430318472689,0.0,0.3919183639327861,0.0,0.0,0.0,0.0,0.0018748010587276904,0.0,0.012905351274216959,0.0,0.0,0.0003159683546328355,0.0,0.011301137120465037,0.0,0.0,0.052545551667220136,0.009444018188731267,0.0,0.002775965853173992,0.0,0.006525081733628373,0.0,0.0
s03T0123,0.18097049544675287,0.0,0.0009266320817403074,0.10711833687255803,0.01445004578465349,0.002871571333474454,0.6222452685043627,0.0009890030903445856,9.13630137970381e-05,3.3314330264049656e-05,0.0,0.0026256455362616148,0.0,0.003680507663898546,0.0004949699227496212,0.00026886148485379217,0.0018648499525672204,0.013588489476701906,0.009435600570083282,0.0006182561969118102,0.0,0.01986010319934927,0.0111778843092817,0.0,0.0061199499282826265,0.0,0.0002813011375383659,0.0002875501635728068,0.0
s05T0123,0.3913158129688948,0.0,0.009257649844004174,0.0,0.0036101920121861496,0.0,0.40787461323429036,0.0,0.0,0.0029994039544097195,0.0,0.0061826236208599086,0.0,0.011050516936670113,0.0,0.0,0.001260495388405642,0.0,0.018633431503936485,0.0,0.0,0.03924995920839702,0.06554726007291825,0.0,0.01813515412803601,0.0,0.02488288712699136,0.0,0.0
s06T0123,0.0,0.0,0.0,0.0,0.0,0.0,0.014484404975585277,0.0,0.0,0.00020729730676296784,0.0,0.0,0.0,0.0,0.002117999395728944,0.0,0.00013764574958421462,0.0,0.9694680634687423,0.010822335950249038,0.0,0.0,0.0,0.002746784086527837,0.0,0.0,1.546906681953701e-05,0.0,0.0
s07T0123,0.37560629023738334,0.0,0.009315016763584892,0.08746522984761408,0.005652278851508345,0.0006020908420064968,0.4095187212116144,0.0,0.00035356945403504906,0.0005915597734830234,0.0,0.00298334344246826,0.0,0.011808541392442818,0.0,0.0,0.0005281177643954119,0.0,0.005431457711756801,0.0,0.0,0.05515919330007292,0.007524277354367661,0.0,0.021630432024732353,0.00015147803172980105,0.0002509943545383672,0.0016467349952613095,0.0037806726470044553
s08T0123,0.0,0.0,0.0,0.0,4.526393704562376e-05,0.0,0.0,0.0,0.0,0.2702198187731027,0.02161020930296653,0.0,0.0,0.0,0.0,0.0,0.7081247079868852,0.0,0.0,0.0,0.0,0.0,0.0,0.0,0.0,0.0,0.0,0.0,0.0
s09T0123,0.01789817017303076,0.020796701469913408,0.0,0.00385538384898302,0.007211755633019252,3.0807338028985437e-05,0.1341638150096693,0.0023405947920839445,0.0001686281155579573,0.41566689093455694,0.0411448739784318,0.0036104094815828545,0.002135785793789594,0.0,0.001342276256836055,0.0005375067938295333,0.009015294741634497,0.006260492557746393,0.0009163820659606641,0.0,0.0,0.0043339488061779055,0.00029713826057620126,0.00782420828525948,0.0,0.0,0.31005263462698723,0.003987086169276116,0.006409214867068166
s10T0123,0.0,0.0,0.0,0.0,0.0,0.0,0.014346013537187749,0.9727952419847996,0.0,0.0004264148293753844,0.0011480433335635675,0.0007248190441035755,0.0,0.0,0.0,0.0,0.00014618669124853262,0.0,0.0,0.0,0.0,0.0,0.00030843450147860805,0.0027940782496441055,0.002419361975074917,0.0,0.0045308764624336926,0.0,0.0003605293910902469
s11T0123,0.033837114610430374,0.0028065919025916683,0.00028923008760961316,0.0021384184611178665,0.003803789686232755,0.0,0.31842109279558073,0.005327662794357044,6.0681615272523845e-05,0.007243235031712445,0.0022021332385996155,0.005068854666877568,0.00037689781243386,0.0004051643076405472,0.002409007414822599,0.004774199384448401,0.0010451364103301365,0.16957523124535448,9.21711201224918e-05,0.0005481123234758984,0.06348660976699055,0.0,0.0005981318601464825,0.013479106432400634,0.004527435103036521,0.0001548729958133468,0.3470926416719453,0.003788274959207653,0.006448202301448965
s12T0123,0.0,0.0,0.0005792893113472678,0.0,0.00026879412637508926,9.506863996999505e-07,0.7158660154210212,0.0,0.0,0.006948486737198941,0.0,0.0006513371682459987,0.0008839516168855302,0.0,0.00034688124010367897,0.0023545565858327194,0.0002649648606695559,0.04713564022706799,0.0,0.0,0.051801505524871165,0.0,0.0,0.007609020468498519,0.0,0.0,0.16396729916124525,0.0,0.0013213068642373726
s13T0123,0.0,0.0,0.0,0.0,0.0014909036008517336,0.0,0.15979670295825796,0.0,0.0,0.0,0.00019326280356736275,0.0,0.0,0.0,0.0,0.00044744289116307567,0.00019420593657372263,0.0540765449536377,0.0,0.507725557553565,0.01812955615339124,0.0,0.00042588833038677363,0.0004555880598314365,0.00048813806330792357,0.0,0.254996436850715,0.0,0.0015797718447512485
s14T0123,0.0,0.0,0.00010124657987025335,0.006481876348555394,0.006021955466290723,0.0017269477074069817,0.7226372688792226,0.00017879551571084996,0.0,0.0,0.0,0.0052587150795578245,0.0018990010156511446,0.0002495547068744579,0.001885229203342982,0.0024063126351897197,0.0005873082587607666,0.017257437947700828,0.00025867527206204356,0.0,0.058231444039490994,0.0,0.000476818712858382,0.00820157974438141,0.005929462277506508,0.0019224757459716173,0.14400341180824813,0.0024507869964778247,0.011833696058868486
s15T0123,0.03385235820693005,0.0,0.0,0.07044400305184255,0.0006911325070247574,0.0,0.6615645757577044,0.008805465665495588,0.0,0.0,0.0,0.18628735036521651,0.006446854166951012,0.0002774664414586469,0.0033943922097656775,0.0,0.00031152419006398927,0.0,0.0,0.0006279546981268514,0.008464848111337221,0.0,4.3918628330321396e-05,0.001867512775685651,0.00017071635524662572,0.0,0.01606549231020276,0.0006844345586173114,0.0
s02M0223,0.2891914482242281,0.0017506805691494274,0.008837121933785563,0.005462468673185488,0.002384075229050771,0.001172348903161433,0.4652557882980818,0.002331456190287747,0.0,0.005785912596530704,0.0028142827091453904,0.020738913381328133,0.0037110856168327665,0.01070031879143131,0.0002334085826852052,0.005070744498427624,0.01425849918968675,0.0024361008558752713,0.0037152049087676086,0.0,0.0,0.032806607620165754,0.004855963317402534,0.018286984237405574,0.0,0.0001993483199021273,0.08960402066010177,0.0007672515979309733,0.007629965095450333
s03M0223,0.0,0.0007935993348723079,0.00041308844981848404,0.0,0.0,0.0,0.8302145149502898,0.0018723817637309867,0.0,0.0,0.0,0.020818066462182334,0.0,0.0,0.0,0.0012533680550913023,7.077078826390855e-05,0.0,0.000482855795620059,0.0,0.0,0.0,0.026927573696859167,0.0026601286668532175,0.0,0.0,0.11449365203641855,0.0,0.0
s04M0223,0.3483317057982558,0.0010256039872608563,0.009011742763531061,0.024549386462878964,0.021998098598609524,0.0011659409605251014,0.12206651932747005,0.002975194253422736,0.00012832192737037999,0.0036665868281349676,0.0007201937398617764,0.007513260580971927,0.004620083421239774,0.016563920769763544,0.0028393919942757287,0.00390649534588725,0.0006204882255096264,0.003047428803480901,0.015137918785271853,0.0,0.004149811505655572,0.04152554829557591,0.3123999600860207,0.010482273218741277,0.012110017624317888,0.00047965923220359615,0.013862133556195323,0.0009543113947190211,0.014148002512849091
s05M0223,0.24785055110367732,0.0010196086058422143,0.006985057633924538,0.05555927604924725,0.001664876533624784,0.0,0.1554164310426734,0.0006226910052069823,0.00011086724134003554,0.00039900201312028033,0.0,0.27012418165682667,0.0,0.008516026862550432,0.0,0.003259360740037139,0.000206074552278418,0.0001938473850413461,0.004537982479675861,0.0,0.0,0.03823868497284733,0.1164550382130499,0.00499095570028205,0.0001805634485805504,0.0002101105108920031,0.07954238543649815,0.0,0.003916426812783291
s06M0223,0.3152594292308565,0.0,0.008708711762799684,0.01700753731767624,0.009219303292698723,0.0,0.0,0.0,0.0,0.0,0.0,0.0,0.0,0.010116577051386157,0.005966163205378342,0.0,0.0,0.0,0.03113602828210763,0.0,0.0,0.032321799101893284,0.556378019256526,0.0,0.0,0.0,0.013886431498677448,0.0,0.0
s07M0223,0.0,0.0,0.0,0.0020658112193613362,0.0,0.00039600623719422787,0.5015913721354507,0.0,0.0,0.0,0.0,0.07010684809296835,0.0010565425278415265,0.0,0.0,0.0,9.471716226766923e-05,0.0006613537116805834,0.02275580123554806,0.17576039997362786,0.0,0.0,0.04015214360381087,0.0,0.0068602510036883885,0.0009111933491432947,0.17374810828079784,0.0008418784054504405,0.002997573061168881
s08M0223,0.0,0.0,0.0,0.0,0.0,0.0,0.0,0.0,0.0,0.2545867394491615,0.028500089970616434,0.0,0.0,0.0,0.0,0.0,0.7168872757582219,0.0,0.0,0.0,0.0,0.0,2.5894822000255477e-05,0.0,0.0,0.0,0.0,0.0,0.0
s09M0223,0.031905167210843584,0.004239613713366974,0.0,0.008124111507055286,0.004614054063476128,0.0017035538078699628,0.27864533964835386,0.006189411213929637,1.3093319788151168e-05,0.41144782778704053,0.062064230468314184,0.005686341257157466,0.0017376895611261075,0.0,0.002563088626378258,0.05889259608111366,0.022070439578564166,0.008481840294448841,0.0008850576660038864,3.3508345880989335e-05,0.0,0.00033312621752666367,0.0008023755537818454,0.03233263710718037,0.0004330453541404025,0.00017486581196782204,0.03497643271949251,0.0020777248682418903,0.019572828216956887
s10M0223,0.0652368383854364,0.0031150681459296845,0.0,0.08017009028013161,0.01040655340046638,0.0,0.48072426573665394,0.009241097531989232,2.7054519607308652e-05,0.08682788498443958,0.013534381990733355,0.01342125993218498,0.004688933256525625,0.0,0.007545888326448884,0.01347570606827402,0.0059752392552939,0.01963642946210462,0.001996636816443958,0.0010291957918373469,0.049004632250652644,0.0011921330332366417,0.001681653724623447,0.03228164697706295,0.004869784367029974,0.0,0.06495827092075145,0.004820900042049827,0.02413845480009223
s11M0223,0.03475931026679944,0.004793529240939396,0.0,0.005240116382267903,0.002522306811385391,0.0,0.20347874966427948,0.004480799145063209,2.370967819947451e-05,0.4198460109878827,0.059219069283100896,0.002776063905950983,0.00035269666449761665,0.0,0.002142286515224466,0.010463837561913379,0.01804910251173447,0.009584716861071494,0.0007848625161005738,4.006804332160445e-05,0.0,0.0003333152039136881,0.0009677810832770875,0.013402383958702116,0.0016203442944278184,0.00017335462455371045,0.1952625961234211,0.0022247029503423502,0.007458285721629592
s12M0223,0.036736051445655574,0.0036907842285571124,2.027550616564984e-05,0.004696385036870955,0.0028608608670159215,0.0,0.18910796838908786,0.004749163463630939,2.800362406111136e-05,0.19683563490574849,0.027708957978122766,0.004432203018296143,0.0002599099486698383,0.0010110670108199487,0.002212495698140941,0.006335706652138112,0.004526351380143748,0.06509109510127031,0.0008709995133135153,0.00011534799935250473,0.0,0.0010863640928957283,0.000596733699370407,0.01341997134300658,0.0018286614375180121,0.00031933305867585604,0.42034756643639976,0.002706756840158819,0.008405351324913445
s13M0223,0.04153706479218869,0.0044202151676537476,4.254661893342536e-05,0.00535138446254322,0.0038843409197761507,0.0,0.321302441755193,0.004911077568087715,0.0,0.2300307775204825,0.03603308351076063,0.004990099708257975,0.0020495717975316007,0.000650830406290598,0.002841648316933757,0.03343998040299664,0.010207187796212389,0.0544979345273398,0.0011743223711939382,0.00040056472032511906,0.02105160510180719,0.0013122879427895395,0.0010058109270380665,0.019226178055199196,0.001650677388243425,1.8734621121882877e-05,0.18343665812405902,0.0030807451896717195,0.011452230287368805
s14M0223,0.0,0.00042228547811172176,0.0,0.0015599895740986433,0.0017073583182047902,0.0,0.07120724287971465,0.0041411867595100805,0.0,0.022813311678294444,0.007879521585186422,0.0037436816788810625,0.0,0.0,0.7539123715135362,0.005524113664029766,0.0013256911950346444,0.05258684006779327,0.0,0.00023651167535666538,0.004497437176945985,2.8747238913959733e-05,0.004412270172179047,0.013187177860432091,0.005470904612822238,0.0,0.038102989935436246,0.004909077705037726,0.0023312892304803295
s15M0223,0.12464215642203237,0.0005380078450555312,0.0,0.013108584849491735,0.011790221478358506,0.0010134554537002776,0.5016351648032488,0.0062408098437308655,6.300497797539635e-05,0.02768676012831375,0.005612503056740385,0.02153045217668745,0.009459173937573851,0.0006177241320066991,0.008442017891050679,0.005185810093422964,0.0046667884547254125,0.020229093857008405,0.0023005468445026446,0.0012899072451413875,0.03019373359906199,0.0031085935974735778,0.001655276726082995,0.025298890365993396,0.006382938406042892,0.0,0.14393468838903997,0.007452534596755197,0.01592116082878298
s01X0223,0.002640353699213347,0.0002546437885340857,0.0,0.0003731400247458912,0.0010557201621932805,0.0008678235165011676,0.05765117769560996,0.00125115051939899,3.80187731431406e-05,0.0,0.003962133273265458,0.8854995114857753,0.0008904788268426981,0.0,0.020139009236937372,6.556850893198549e-06,0.0002120373765335931,0.0035694735004541847,0.0,0.00011952060222110332,0.0,0.00030604168670507194,0.0014164533989770734,0.007934981870431863,0.001848815212215913,0.0,0.00784284165058382,0.0012220914550801106,0.0008980253937435775
s02T0223,0.04021834725768678,6.675452088706322e-05,0.0010801378120006053,0.0011323144428578846,0.003554984252301416,0.0007431039231470726,0.08892546582266535,0.0,0.0,0.0,0.0011683647592003316,0.5889765825153603,0.0014775327164023367,0.0011238697758192188,0.0,0.0018576521032674345,0.23443241401335843,0.0010676027585346645,0.0001167335085751321,0.0,0.0009492618278187816,0.006530400443793508,0.0008048856439454607,0.012100304530422684,0.0007402825080112235,0.0,0.005729167119607298,0.0029219458367908653,0.004281891907546039
s03T0223,0.011681269148906694,0.0,0.0,0.07473591507749595,0.06147395790146336,0.00018616976993770403,0.0018581056178384482,0.0,0.0,0.0,0.0007987164901245114,0.0026382468841718927,0.0011928328876853907,0.0003911974010153829,0.010271701919565158,0.00025609422487607154,1.2865579370668564e-05,0.0,0.14374450805634365,0.00019100972326187155,0.0012468011563519798,0.015340647179212484,0.6514690147037997,0.002330189483482941,0.020180756795096295,0.0,0.0,0.0,0.0
s04T0223,0.0,0.0,0.0,0.07635618373866368,0.15940368828830212,0.0,0.0,0.0,0.0,0.0,0.0,0.0,0.0,0.0,0.0,0.0,1.3340793558756714e-05,0.0,0.17462553933609798,0.0,0.0,0.016991480758464284,0.5726097670849132,0.0,0.0,0.0,0.0,0.0,0.0
s05T0223,0.0,0.0,0.0,0.03640853316936439,0.030106754829623737,0.0,0.0,0.0,0.0,0.0,0.0,0.0,0.0,0.0,0.0,0.0,1.8469243632288042e-05,0.0,0.0,8.177984711996565e-05,0.0,0.06288773781852047,0.8704967250917393,0.0,0.0,0.0,0.0,0.0,0.0
s06T0223,0.07409191532368481,0.0,0.0013269955745463262,0.08002873449259182,0.07590384182862749,0.0,0.31750693308914374,0.0,0.0,0.0,0.0,0.10797514971070743,0.0,0.0013259593675390609,0.0,3.903805871597521e-05,0.0,0.0,0.002608697589604538,0.0,0.0,0.00011483634976074808,0.3262863239398402,0.0,0.0,0.0,0.01279157467523794,0.0,0.0
s07T0223,0.03893233536778055,0.001251019262798327,0.0,0.01912512185645453,0.013434145952163854,0.0,0.6375108865248794,0.003338429438656339,0.0001995375054680919,0.0025804225065180863,0.0,0.018017953384194412,0.007826494476371501,0.0,0.004304369914537768,0.0030663909696870533,0.001842286960932907,0.007700594918134956,0.022706387239442762,0.0,0.0,0.0027865457154088273,0.030564153405273818,0.019517717294011916,0.012939544594999703,0.0,0.13345929041511448,0.0012426582088206363,0.017653714088350002
s08T0223,0.0,0.0,0.0,0.0,3.9276435623415536e-05,0.0,0.0,0.0,0.0,0.13656099004502084,0.03943151285492931,0.0,0.0,0.0,0.0,0.0,0.8220502066516517,0.0,0.0,0.0,0.0,0.0,0.00072784765680896,0.0,0.0,0.0,0.0011901663559657808,0.0,0.0
s09T0223,0.04993628750281484,0.009826190635499115,0.0,0.013533380737392442,0.020168750433216153,0.00029442855106332774,0.3757200688462713,0.0061848653385202,0.0002029017951682046,0.24029807687348165,0.06284516787930082,0.01565206583088968,0.007261579864075985,0.0,0.004330249002341287,0.019441143434416032,0.04151148577343308,0.013283570760386748,0.0005863288475756125,0.0,0.0,0.009158662276341602,0.0,0.03801330904010543,0.0008835871728603814,0.0,0.04523810529556512,0.0019775168530487986,0.023652277256232136
s10T0223,0.09009354608827227,0.002040792241041588,0.0,0.14571215327981163,0.0064301231028118895,0.0006652561216757606,0.35170258154545114,0.010568208147179837,0.0,0.01681571066937544,0.021988776775770026,0.01547579074192172,0.0045872639396478095,0.0,0.006516110873814573,0.015044092463926165,0.0010482788334022473,0.13561039366923858,0.0014181100839959207,0.0008600477632285731,0.031203619168140403,0.0,0.0020649591663808903,0.056623229530623896,0.004822546529689984,0.00032902720641988777,0.054856856107593686,0.005086509331069283,0.01843601661951684
s11T0223,0.059788658232856076,0.011298179084140514,0.00025790958529013934,0.008987097380158637,0.002821416767485704,0.0,0.30047305209228475,0.007022441926061755,0.00012027746937710962,0.2326902727576788,0.07557651416246144,0.011917249102064266,0.0016770160226571745,0.0,0.0036508157540093007,0.007636186877846728,0.08534323268323615,0.07054910664848399,0.0012264096443886342,0.0008208256585210475,0.014364103998429974,9.392230639377315e-05,0.0015879209626165017,0.03976517910748538,0.0027950681523180197,0.0,0.04377554788587525,0.003570140626505884,0.012191455111372965
s12T0223,0.0957907777985196,0.008755157883614518,0.001506887814796455,0.02159655449791032,0.0038502637683184536,0.00031149229386415113,0.2966210367871812,0.03228356192107983,0.0029180491261713523,0.07224077526131284,0.01886197639158837,0.003690495041977867,0.012276994320742866,0.0,0.0071992454538086035,0.0054234603143046446,0.015459123542803124,0.1866094093221804,0.0011532357634951272,0.0018190758070377859,0.0,0.0019726505284163565,0.0,0.01692875716944033,0.006703925915046405,0.0003709085407963979,0.16944738593502912,0.00973148126293605,0.006477317537627762
s13T0223,0.029972425974198653,0.0027432976845447074,0.0,0.15910714189572944,0.0089587556722313,0.0016912973921083918,0.346733132944884,0.009123343589186766,0.0001423039191313386,0.041332672413942416,0.010216920436588053,0.1446284791679724,0.003954766860395663,0.0,0.0037046187469861594,0.008293094048398517,0.002254924094888777,0.058870620509265656,0.0009003875106912642,0.00036166588266404087,0.010271716605808334,0.0003716729873967755,0.0,0.025686348064426056,0.002553437724280871,0.0,0.10921930570050264,0.006285857011266801,0.012621813162510936
s14T0223,0.1805652527086316,0.0011006922163903513,0.0,0.06158266832458277,0.003105991071493899,0.0,0.23364803233304976,0.05053341249136049,0.0,0.017161998853924738,0.003943173457961343,0.011625109754587153,0.031768010423487425,0.0,0.017783891189451482,0.006227454948889148,0.0014003002801416782,0.04281569637427021,0.0,0.00472495364765244,0.001716110861386716,0.0,0.0,0.022247978227436817,0.017902296591783246,0.0018257240774254377,0.27412452081944494,0.006714339703942026,0.007482391642706447
s15T0223,0.0,0.0016821330383243072,0.0,0.0076158567665996265,0.010741215118706886,0.0002802023846613465,0.4722729816865028,0.0,7.19203805129499e-05,0.01744341322503948,0.0020395938091942963,0.007072454875032227,0.00509554797696066,0.0,0.00022526273683515493,0.0007191023022607261,0.001082576030619521,0.006497751943197854,0.0002792828308116736,0.391424144775774,0.009352428214319029,0.0028505597572248986,0.00031053612749733293,0.01728324375786869,0.0008795245308086903,0.0,0.031527660239119584,0.0016437059197402914,0.011608901572388022
s02M0323,0.16676716445872472,0.0007697163999125805,0.003824289343161168,0.04988043996041256,0.06003204991850964,0.0018589859867296156,0.20327538474453435,0.00020212651371576335,0.00024174023715567747,0.0005904968135387703,0.0,0.008564774878829022,0.002220277577465724,0.005798976668788189,0.002903513739250181,0.001744949224583298,0.007162174373453822,0.001941175046734928,0.007053982557112525,0.0,0.0,0.022338372115583347,0.32397184864437556,0.01018839999816601,0.0,2.3995244059098208e-05,0.11226643860024639,0.0,0.0063787269549570366
s03M0323,0.27584596635128206,0.0,0.0015914149140804875,0.28235251151766716,0.01397049477374948,0.00010759901942127256,0.18589087313005945,0.0035430910113528114,0.00045212174887951227,0.0,0.0,0.012043269938950612,0.004754877337598393,0.01305272575042978,0.007675383434651738,0.001643242338734003,0.0006306700382193485,0.001963242685508071,0.02385403176600052,0.0007710633862306071,0.0,0.03272323604270572,0.008459377733569893,0.009311564640521987,0.03723079687836357,0.0,0.07797021705639845,0.0017243658748657452,0.0024378626307594445
s04M0323,0.14106983236895387,0.0,0.0018879703094484609,0.32537461082494196,0.056100582095131364,0.000579343425239485,0.010110243358914235,0.0,0.0,0.0,7.384192748622587e-05,0.05804037315546093,0.0006820668666832965,0.004899105665878076,0.002722046409081712,0.0001266172295044075,0.00011214833606222806,0.0,0.008472679404608144,0.0002620267962099395,0.0,0.01986284329815366,0.3693610678082013,0.0,0.00021856060282105945,0.0,0.0,4.404011721965378e-05,0.0
s05M0323,0.003992480012143055,0.0,0.0,0.01972467898162048,0.06262310494463258,0.0009601470451373809,0.0,0.0,0.0,6.986389579840715e-05,2.6251350403452866e-05,0.0009500284602187991,0.0,0.0012320949634640867,0.0,0.0,4.205210209585025e-05,0.0,0.07689458537343355,8.617366491635561e-05,0.0,0.0,0.8328861188396174,0.00051242036651855,0.0,0.0,0.0,0.0,0.0
s06M0323,0.5189259063602791,2.7294127282332355e-05,0.0147342126937371,0.05754377507927448,0.01252853250096508,0.00485078077020785,0.16347960995624183,0.0,0.0,0.0005335972315236722,0.0,0.007132181743781449,0.0016351515268913754,0.022630288790069723,8.938036937915444e-05,0.0,0.00019005331827871827,0.0,0.009514899977298364,0.0,0.0,0.08526956754102716,0.08160417136095957,0.002411121844340139,0.005361984323857551,0.0,0.010380989806479685,0.0,0.0011565006781255659
s07M0323,0.27057580905691353,0.0,0.0015851197222728525,0.191303236089093,0.08277989886403771,0.008781618579145289,0.2691480464256336,0.002768892318833055,0.00014546568367168914,0.0027115030991036334,0.0002963230414514889,0.015861221721592152,0.004955856459465249,0.005863230727809497,0.00850105659787846,0.0032740357758565884,0.0008257712034527994,0.0036735544938259665,0.01620325911012876,0.0004571492850425905,0.0016919680814598437,0.015118792566798153,0.03207084002029604,0.01397807111303509,0.020955912765607508,0.0,0.013616471586593439,0.0031423064498295582,0.009714589161172384
s08M0323,0.0006684389367424627,0.0,0.0,0.0008164839990891967,0.0,0.0,0.0,0.0,0.0,0.11192924609644728,0.032012039225313156,0.0003550601116717443,0.0,0.0,0.0,0.0,0.8523146677712131,0.0,0.00024903364047574884,1.2169698585858643e-05,0.0,2.631247374133679e-05,3.025697472651444e-05,0.0,0.0,0.0,0.0015862910719936529,0.0,0.0
s09M0323,0.020457993280244703,0.010589262543470354,0.0,0.0019469574323761859,0.001113486013770265,0.0012403948904740904,0.09789084777864165,0.004032838707490036,0.0,0.18702775601655103,0.06030418803221196,0.002173280110653791,0.0003024908695055106,0.0,0.0009736998537740753,0.03684136718051836,0.533493388510207,0.001500731380404539,0.0003093788454817203,1.4942807855931675e-05,0.0,4.0363884479361774e-05,0.0003026779910776926,0.01847795079222163,0.00036897158899517517,9.538551276999203e-06,0.011705871667598995,0.0015625525123701487,0.007319068758348968
s10M0323,0.07524907391524102,0.0234270194643943,0.003082607856254982,0.010022929540675898,0.017588274989460563,0.0020473818668198234,0.3190147367230876,0.006444511463228046,0.0005472771919707474,0.1859285995228101,0.07130371841496452,0.010077302678255096,0.0026625064494773206,0.001467139685971387,0.004675561568344895,0.029857331780298594,0.04015985218930127,0.06855615446651371,0.0026091459534158903,0.0002103749532573195,0.015505421907018388,0.0006817573427374642,0.001974221903802283,0.04384702481061128,0.002387697795292233,8.043045411950426e-06,0.037084676930090925,0.006038416183756324,0.017541239407536248
s11M0323,0.05174765668618258,0.037504311942628564,0.00015779791908155803,0.004904915652122241,0.001948085930988707,0.003736124521132381,0.1470732087822028,0.005190113603226957,0.0001365530029122931,0.19064549655903676,0.0754674922339163,0.0029763887438510224,0.0025631431210123164,0.000644322169540124,0.002712781042593726,0.0018099416009667497,0.3706812934324236,0.03138858587324825,0.0017157775397971292,0.00037618961215568473,0.0,0.0011738180838470338,0.00038732066217072133,0.013462126973796833,0.002941873454467135,0.0,0.04156614941440004,0.004029255231979927,0.0030592762103183895
s12M0323,0.009127611426605285,0.02048092782317952,0.006481524804098039,0.0016209659222777288,0.002556755491691369,0.0019922404302967905,0.18983309870535095,0.0015194829953140126,0.00015477418720313992,0.11375549653571403,0.03975604504725377,0.09644742654063532,0.001002776927293774,0.0008035589910011393,0.12491064285171884,0.0016760021808994345,0.21226622855782465,0.05507525626873506,8.052697817111687e-05,0.0,0.0,0.00216299277381748,0.0,0.015989266194122397,0.00020197996531835032,0.0,0.09488226229769466,0.0024436288365706307,0.004778527267212348
s13M0323,0.026693152656148536,0.02108618777607514,0.0009248504580619566,0.0,0.00027648175703144564,0.0017993603201994159,0.11357890423479894,0.0,0.0,0.16961339137219217,0.06254644558875135,0.001629681204410284,0.0005511643321329724,0.0008746020646944682,0.0011997179668853783,0.0034890889005682684,0.22877134896898454,0.13081745561610164,0.0004283291528513736,0.00014688255560028578,0.0,0.0,0.0005772029750490681,0.011651443857576504,0.0,0.0,0.21850916402633458,0.003316756574494606,0.0015183876410571982
s14M0323,0.0,0.008072367961889199,3.5380361893828744e-05,0.012341196235236511,0.0,0.00012625665634731056,0.3169238314420987,0.007411303771738166,8.265239215382445e-05,0.04931776042118048,0.01907824551391652,0.00018959566109343808,0.0071723901180895675,0.0,0.002440950137573088,0.0,0.08111500611206751,0.05820566130618116,0.0,0.31426182610756553,0.0,0.0,0.0,0.008506078915237688,0.002360693889667505,0.00010208267956266898,0.1116435577304813,0.00014568401976985961,0.00046747856625608105
s15M0323,0.0,0.0004824528899252756,0.0,0.0019794769899556253,0.00427040690158315,0.001968042221085281,0.19043259287660752,0.00012084478466451187,4.888314117572373e-05,0.0044253418636635055,0.0009866735049685698,0.7667254124711669,0.0024129935078464845,0.0,0.0,0.0,0.002151622709182148,0.004333637420166561,0.0,0.0,0.0,0.0013033576566288522,0.0003928301728979854,0.00501524746275327,0.0010395418729321846,0.0,0.006594779563888042,0.000851076946055817,0.004464785042852592
s01X0323,0.0,0.0,0.0,0.04343857786848962,0.00011578017450300015,0.0,0.3613192663426126,0.5713492623310271,0.0,0.000539347623405776,0.0,0.009376378804823926,0.004171092275342643,0.0,0.0,0.0,0.0009695825176214055,0.0,0.0002027600215338199,0.0,0.0,0.0,0.0,0.0011372844858503388,0.0,0.0,0.0063178078741226345,0.0,0.0010628596806670863
s02T0323,0.4489743398227571,0.0010464687773764842,0.014268683088867506,0.007681738093426938,0.006911585581501624,0.0,0.37482152899935955,0.0,0.0,0.0019689952382711618,0.0,0.0077427608396678695,0.0016888885698306494,0.019342764317328526,0.0006291414319682424,0.00024218042673511232,0.0002881812447475242,0.0019068758343001814,0.006174327300006847,0.0,0.0,0.05360704763642782,0.0032812221057475334,0.010716189848844856,0.005249709107934832,0.0,0.027837231214449296,0.0,0.005620140520450055
s03T0323,0.20743022233618574,0.002470538509009799,0.0023023900024183573,0.05814853538868105,0.04686842792757436,0.0030173569823715154,0.3670713198084411,0.005769598284636252,0.0,0.0032079432763208117,0.0,0.01904615836629807,0.0072050020348185095,0.009220314240798508,0.011905090605485107,0.005455248002676311,0.0008898955688072672,0.008324125634942715,0.03141996961349713,0.0,0.0014064782074151197,0.01708933342324218,0.02768423476228426,0.019322125897887458,0.07171530653864965,6.902753525256149e-05,0.06201883749852564,0.0017658330234321755,0.009176686530348276
s04T0323,0.43502318504987336,0.0004421053679349846,0.013044673282112751,0.012070055453332338,0.03230735850455278,0.006287747560599797,0.20344249784129537,0.002290119745602971,1.8239145218797744e-05,0.0004814179848655882,0.0005446466272602804,0.012506919059220009,0.0016571921162794531,0.030300937467979062,0.006381217210162988,0.0006670953724534841,0.0005475705905175344,0.008008297803952083,0.009347309181360673,0.0,0.005747678918353305,0.12736569758221347,0.04923781799150768,0.016656705298032197,0.006037332963036518,0.0,0.012510048535710657,0.0021264929212022475,0.004949640425369731
s05T0323,0.26237668182076196,0.0003694865892112524,0.004539719688630914,0.013899600698694631,0.020410206489472584,0.0,0.25262992998849515,0.0015339900357045546,0.0,0.0007351939334402108,0.0,0.27157041794396186,0.003826695605498316,0.01602366010120642,0.0038600300391652517,0.0011415653374817593,0.00035800371620198527,0.002587838470655392,0.05324518864220399,0.0,0.0,0.045376288171223404,0.025791766796333597,0.004729912765348585,0.0047222472055560814,0.0,0.006239352720378875,0.001182419313678026,0.0028498039266951526
s06T0323,0.3229675188179771,0.0008145213500720707,0.005202619064733401,0.021522957085896896,0.1382865523483422,0.0021769414481806145,0.11999701031915998,0.0013610205466638506,0.00024753222006708686,0.0011470839597538236,0.0,0.009955354521541476,0.00196289837044124,0.008540600373168977,0.00369888680211255,0.0017217247501332919,0.00020814493863091532,0.0032934980122066517,0.014653543039227683,0.0,0.0,0.04426989492454211,0.27213825314356943,0.004333858832288219,0.00597154426855724,0.0,0.011319241334257997,0.0017677330443607432,0.0024410664841145206
s07T0323,0.056658794784784645,0.0012037886571901373,0.0,0.010807019228717664,0.0,0.001492109353374849,0.2246034043933546,0.004961823200331348,0.0,0.0027236501570119384,0.0013280023843337467,0.010255253319582944,0.005469620851526923,0.0,0.0038132270718898038,0.0037155805406536083,0.00032271218669283834,0.00489708323750034,0.2829539441681687,0.000264863424975692,0.002254275349468744,0.0,0.32872038723286556,0.014760164480763786,0.00317423815112066,0.0001340248494797111,0.025140914437479563,0.0016695048742821198,0.008675613664449893
s08T0323,0.0003973770962889624,0.0,0.0,0.0,0.0,0.0,0.0,0.0,0.0,0.0776476643718272,0.04146302160217385,0.0,0.0,0.0,0.0,0.0,0.8800768153210609,0.0,0.0,1.2753401082921519e-05,0.0,0.0,0.00039690892010343215,0.0,5.459287462787453e-06,0.0,0.0,0.0,0.0
s09T0323,0.05902306830958692,0.005974499829253742,0.0,0.003913683853925348,0.0028627547708006806,0.0016431279012142353,0.2134736263850963,0.006272264265267814,3.436032359656456e-05,0.30305451888713286,0.1311890991030257,0.004446874890743529,0.0010589588279829643,0.0,0.002323368083874572,0.043508018063032325,0.12242602519666125,0.006664104796767138,0.0005165490701022867,0.0005822659797009497,0.0,0.0,0.0011156782108855132,0.04172664987595352,0.0007388529821384616,0.0,0.02901479141193838,0.004016708593192796,0.014420150388126239
s10T0323,0.05459330459445814,0.004971154667957812,0.0013299331306470391,0.0076872985802369145,0.0015836166832428453,0.0,0.48377033440090766,0.005648975847084321,0.0001853466148487102,0.09282669769728163,0.04583584733906903,0.009628243615903868,0.002086884805785484,0.0006972389487853197,0.0038762157411254467,0.028615924414425738,0.01092824497360154,0.02632923970228425,0.0020517261792836116,7.202907923866493e-05,0.013308071518531408,0.0,0.0010584562996123368,0.049195147475867826,0.0,0.0,0.13811636707657962,0.002215847379795351,0.013387853233445355
s11T0323,0.09378614954119882,0.0047547453096632615,0.0,0.019713400184689377,0.002155421870192892,0.0014406658240156923,0.2674715470062607,0.016818610423984748,0.00038197848036041653,0.18078518123728107,0.09753364805382074,0.008643792503371512,0.009296526669073884,0.0,0.00690633685111891,0.006625071680351184,0.05598064496174047,0.01563924070491897,0.0006640759721314244,0.0011730683009925987,0.0,0.0,0.0,0.04043292993440494,0.004923341890204538,0.0003734467589981659,0.15259616059736186,0.0038265947117890565,0.008077420532074575
s12T0323,0.05001976355659331,0.0019232644796612019,0.001715484245126797,0.0034906747629076204,0.005008957844821181,0.0,0.21615715979494926,0.0017410281155804633,0.0006154106383577517,0.04615448749080527,0.027087106404864638,0.00892057496624844,0.0025806453007458413,0.002000814698563188,0.00226827494188732,0.004803536133122123,0.010767396605829775,0.10927195720340403,0.0034677278934257456,0.0,0.0,0.0026328232043991416,0.0,0.025373191213865887,7.635389783850075e-05,7.241346102346604e-07,0.46078680771837655,0.0031211315699383652,0.010014703184077526
s13T0323,0.00820206156657129,0.0022954869921440347,0.0004243739793327323,0.0005127773971277243,0.0015745582744649085,0.00022137092301028518,0.06083281043561651,0.0,0.00010194756657347834,0.02106178348663942,0.020706021679270263,0.0024743551599660796,0.00018332450138443303,0.001052948976861734,0.0004473054048744196,0.0,0.003232706253587633,0.02870452141813915,0.0,0.0,0.0,0.004394438384676695,0.0,0.008854638463342562,0.0,0.0,0.8317035061491532,3.6183260839071644e-05,0.0029828797264243763
s14T0323,0.03217360226147994,0.0002537844213112401,9.209577988864643e-05,0.010678021894728138,0.010818788361389867,0.0,0.3244808505270698,0.00392928802949677,0.00015655887568429106,0.008526427519125442,0.008226987074094083,0.02455075584726943,0.006234072723239936,2.2988045839102497e-05,0.003930832576711504,2.2930629406657536e-05,0.0031604788887777367,0.018605536838537756,0.0018248355497849835,0.0,0.0,0.004717247387094636,0.0,0.01643381341471782,0.001837112406012508,0.0,0.506878692616943,0.000572298056732767,0.011872000274663952
s15T0323,0.004622243611761177,0.0,0.0,0.0021839858860990364,0.0011231458590160914,0.0009126040688727092,0.03776801250228015,0.0,8.709774339304437e-05,0.00024000415897297602,0.0,0.002236438083939264,0.0014746854608803095,0.0,0.001602817404924589,0.0,0.0005700074379279812,0.0,8.192586977134198e-05,8.981927121185422e-05,0.0,7.145861375342251e-05,0.0,0.940538554185709,0.0012594658983937513,2.657262920773598e-05,0.004636651566830687,2.4897900737582387e-05,0.00044961184631729076
s02M0423,0.11521701396598563,0.00035162758102201715,0.0013321535183372028,0.0013562096692031666,0.0,0.004865594858945092,0.108206136446634,0.001750138674164862,1.5441619321832327e-05,0.0,0.0027824892849870595,0.006433903991802971,0.0015417209303340974,0.004379442089265502,0.0027355151134825545,0.0006167741411446347,0.001366561184352367,0.0034175589205857507,0.0037990419645990044,0.0007468326576116956,0.004150245366460987,0.0,0.7022977297841178,0.023536092727171047,0.0,0.0,0.005975211242942466,0.0005001816200441832,0.0026263826474839293
s03M0423,0.17767226880285422,0.0010206838883363922,0.0014039410665020293,0.015228736848941193,0.03179585920219277,0.00583213138350301,0.43087491335285694,0.003953781345451489,0.00021339720502482244,0.0015409554998764231,0.005658057475361545,0.020425314882077897,0.004343222417080866,0.004637741729293742,0.16271315824461519,0.00193595308103123,0.0005765350605293723,0.010502031675382554,0.015543118811603881,0.0,0.006916007448862426,0.008553303013176,0.010257320154985494,0.0293896902698371,0.010166109876825981,0.0,0.01980895332087132,0.005506705493086796,0.01353010844983946
s04M0423,0.07905263214070508,0.0,0.0,0.05080680676179162,0.0028877036001040512,0.0,0.0,0.0,0.0,0.0,0.0,0.0021253796251399924,0.0,0.0,0.6226427030437399,0.0,0.00010879782852941617,0.0,0.09069512876605078,0.0,0.0,0.0007383356671619246,0.14859128637402283,0.0,0.0023512261927543664,0.0,0.0,0.0,0.0
s05M0423,0.2619364626445277,0.0,0.0,0.13564104227703674,0.005573048479592201,0.0022659697844706447,0.07020022265437645,0.0031135428670386817,0.0,0.0,0.0004691881888760281,0.20728493549378346,0.003732327580106261,0.0033599013331592664,0.1129233477765877,0.002520022511175463,0.00033754261596393917,0.0,0.14369507145492513,0.0022808082139576516,0.0,0.0037649516153291543,0.02587767816390599,0.0031598639561266155,0.007208113822142073,0.0,0.0009352708834553198,0.0037206876834634554,0.0
s06M0423,0.516545394800216,0.0005947261483923577,0.01151735268898962,0.006370010465771697,0.044060065746935585,0.00533060618182168,0.11763980703791391,0.0,0.0,0.0011635437229993838,0.00047203770313545065,0.009778127908626616,0.0005825080138890926,0.06182668277485949,0.003298265365453805,0.0028995201195827127,0.0006428620711197135,0.004975086224400075,0.01450313735145526,0.0,0.005614758888072294,0.052723902610607706,0.1129904064509079,0.008357111167777815,0.008848684928839296,0.0,0.005825632688261985,0.0006581677870239151,0.0027816011529464783
s07M0423,0.12650018675627528,0.0021390715184085593,0.0,0.012388054406962083,0.006034800449335994,0.0030030163008951108,0.4917997589689068,0.0025456400540373562,0.0001094371350176314,0.005421126748348692,0.002745817768682451,0.014104497394106925,0.004763795327051711,0.0002887886518759753,0.12669691207444012,0.004117834707085601,0.001879059739931819,0.006111577765080866,0.06532332961062053,0.00016322583179204976,0.005533258498644789,0.0,0.002589786632370157,0.02597942630512868,0.02310922657969714,0.0,0.05156318263450696,0.001896411610250083,0.01319277653054659
s08M0423,0.0002210468005924989,0.0,0.0,0.0,0.0,0.0,0.0,0.0,0.0,0.06617241002311096,0.06547240965013928,0.0,0.0,0.0,0.0,0.0,0.868115679083201,0.0,1.7594911530506386e-06,1.6694951803252712e-05,0.0,0.0,0.0,0.0,0.0,0.0,0.0,0.0,0.0
s09M0423,0.0,0.0,0.0,0.0,0.0,0.0,0.02024590518121505,0.5363703435314293,0.0,0.08073538617308311,0.06601359337415237,0.000441969720387829,0.0,0.0,0.0,0.0005013723986011722,0.2910845791558064,0.0,1.2759087277375662e-05,0.0,0.0,0.0,0.0,0.0024803946113321294,0.0,0.0,0.0014816977630088594,0.0,0.0006319990037064757
s10M0423,0.03965447318743206,0.0032318614452158546,0.0001339704207854603,0.0020495859024540577,0.0007078107700070605,0.0015159159402090773,0.14700862267903625,0.005162400129151308,0.0,0.3130411980592127,0.22462278663258034,0.0009403840672028963,0.00036052008887787053,0.0,0.0016718170087813842,0.018370116235060928,0.2023431102565906,0.0032081570317473765,0.0007774217670731042,0.00013992549500450917,0.0,0.0008501395038882108,0.0006088353439352847,0.013035252472360119,0.0012867692426694413,0.0,0.012236575676928116,0.0021467613389242047,0.004895589304871883
s11M0423,0.044900059497903454,0.00824253550098121,0.0,0.008289015393330176,0.0,0.0012398351079178664,0.21489359636934405,0.006791802528467739,0.0,0.27295124313586033,0.20988534769889844,0.004612942552496113,0.0,0.0,0.003202762160154333,0.029222836097840644,0.11258300818927389,0.00836048355189115,0.0015324247499922511,0.00010461351984504143,0.0,0.0,0.0014551060175286607,0.025955434143216678,0.0016446380911279927,0.0004544440232887307,0.026178074601104304,0.0036403446109283637,0.013859452458608682
s12M0423,0.044123715150758955,0.004797002353871055,0.0028928105614787047,0.005936127830494828,0.0,0.0,0.2304745358312299,0.007408132281578168,0.0,0.2972834224026814,0.19488051830081712,0.0032690594430151185,0.0,0.0,0.0026705868035888994,0.04451644599537111,0.08629037128932639,0.0063789017714945126,0.0015071388738507044,2.4132661877487648e-05,0.0,0.0,0.0014719454003776784,0.02066241354350605,0.002127781625045632,0.0002649256455489985,0.026805857186957938,0.0037111900384405407,0.012502985008688978
s13M0423,0.04054603996484508,0.003949263847989932,0.0,0.0017303828040863762,0.0,0.0006804733150116496,0.12845463481798391,0.005365810538448686,0.0,0.39265526890820285,0.22637720399806185,0.0003429418444636601,0.0,0.0,0.001574502169170092,0.04463905205883465,0.04768863648358585,0.004503070042013786,0.0006709776194250273,0.00014688195581250333,0.0,0.0006365884720853742,0.0007288136866765425,0.014625766382538284,0.0015406148171599606,0.0,0.07269789235050596,0.002314006169894091,0.008131177753203885
s14M0423,0.023981077096880594,0.0026632604762953853,0.0009431099069745876,0.0038392044301984946,0.001388955046318824,0.0,0.3540924117908608,0.0027308856527637816,0.00019754512325846613,0.26318357329224334,0.16363854128304658,0.00430714026071665,0.0012753044387034081,0.0005707219431447523,0.0020913961392937273,0.008096964128303026,0.008216800451942573,0.011432380667854875,0.0010543710195127015,0.0,0.0,0.0,0.0003327656590030798,0.039655414366772126,0.0,0.0,0.09953462290558492,0.0006646564367397984,0.006108897483587432
s15M0423,0.0327131955074425,0.004236922205932523,0.0009811599321199965,0.006734752644445083,0.00013400070670931043,0.0006119733026017164,0.20336618414921684,0.005145904697609378,0.0,0.3629340762226317,0.19188772811316587,0.0035391878995474652,0.0,0.0,0.0023781229414326747,0.022895973011421482,0.08803083116901644,0.007087748500234725,0.0010707580718718403,0.00011930347691642837,0.0,0.0,0.0010388171492222119,0.024600555178285344,0.0006751458684776158,0.0003826801609860257,0.02485288841482723,0.002579519356362561,0.012002571319523066
s01X0423,0.22723584630385205,0.0019063719903779348,0.001327025174263031,0.00933738347678463,0.0010086885285909089,0.05160378861001357,0.5125139026917516,0.005715833230303053,0.0,0.0011760576592941515,0.013839166037752704,0.017711112431538015,0.0027124037419392804,0.005122292314141816,0.0077094715989775055,0.008963612909808797,0.0013533132861207051,0.007481195711352021,0.006030104513416792,0.001151505168824215,0.01701015387401826,0.0,0.0008447570096711747,0.05529168233117767,0.0008706769898418306,0.0,0.024843366925047634,0.004368356127782006,0.012871931363358879
s02T0423,0.09324925357620739,0.0006106504811369332,0.00041554930108111477,0.0028579133163613287,0.005823349569353613,0.005081357958093442,0.3486538158923944,0.0025560489708915195,0.0,0.0,0.007643047370883585,0.11433422243352824,0.0,0.0017731304162687971,0.3254268972602195,0.0028390661273036137,0.009046769823834613,0.0008823469671353496,0.010094046442971908,0.0004045922354267596,0.004530360773866215,0.002881418484127144,0.01835618404768381,0.023998122496016138,0.0,0.0,0.014477877749308725,0.00045530243546579833,0.0036086758704399805
s03T0423,0.10517500525307065,0.00014353335691148306,0.0,0.0,0.12371081497568216,0.0011606087082690882,0.12860934492340784,0.0035248755060963816,5.870205764060208e-05,0.0,0.004513525630900169,0.004885005215282461,0.0,0.000634382684260703,0.0029085423235089888,0.00195663377845918,0.0002914839136023825,0.00025178174935090947,0.02331578738033173,0.001549386516513185,0.0038758201217350065,0.0,0.572885550711824,0.012694904773104601,0.0,0.0,0.006661602450696602,0.0003816974954511568,0.0008110104739008882
s04T0423,0.3919067263794046,0.0,0.0,0.00585768719948111,0.02645715373703195,7.178961818698745e-05,0.1272505541958044,0.007300495780265156,1.7061864749809088e-05,0.0,0.0020947358944907644,0.0068269628099791625,0.0,0.0005251013396475996,0.029751609551673497,0.002805236036971849,0.0003052311911301093,0.0005320945199079482,0.33023963154716734,0.003266160318306533,0.002646717030141802,0.0016962482403718535,0.049582184652263585,0.006400427921688893,0.0005259882087337778,0.0,0.0008825441059275107,0.0030576578566737403,0.0
s05T0423,0.27365253782165094,0.0,0.0,0.003470005126807613,0.022548545896834256,0.0005783147163759421,0.03524009187467359,0.004907208740659339,0.0,0.00012903463146302302,0.000705110388074737,0.10818588993115144,0.0001474541440102142,0.0,0.01780303756629035,0.001314007064624487,0.000711500999027198,0.00015011113240849132,0.43544838713029144,0.0030455117295078455,0.0,0.0,0.0853847454506502,0.002139113583200353,0.001517115212616612,0.0,0.0,0.002922276859681904,0.0
s06T0423,0.31134549702520764,0.00013063412608367998,0.0,0.015358834041542832,0.018617292575916856,0.0002744883540221983,0.05704235738376107,0.004328321459727534,0.0,0.00025058761518060945,0.0007037281678875297,0.004413948946226495,0.0,0.0,0.01813531360270353,0.002123522194984661,0.00023920224022932506,0.0010151809969593006,0.548066695740733,0.003295915209754704,0.0011766771502058568,0.0,0.004675371757259784,0.0050318575032305335,0.0,0.0,0.0004463188864600836,0.0031218126947157258,0.00020644232720726314
s07T0423,0.22738736124615125,8.60267232410512e-05,0.0,0.0,0.0,0.0010778840896062665,0.6854421587053773,0.00545570358084817,0.00017670529735074733,0.0,0.010991823744641699,0.0059246372898405725,0.0,0.0016196077688508074,0.004959804753978493,0.0028158170030714996,3.691091777426584e-06,0.0,0.0010126760584912202,0.002251439487212539,0.007250155626761806,0.0,0.0,0.03142784411376969,0.0,0.0,0.011522433785173732,0.0005942296338555811,0.0
s08T0423,0.0,0.0,0.0,0.0,0.0,0.0,0.0,0.0,0.0,0.04344792684663747,0.10274783167209697,0.0,0.0,0.0,0.0,0.0,0.8537985290381759,0.0,0.0,5.712443089612054e-06,0.0,0.0,0.0,0.0,0.0,0.0,0.0,0.0,0.0
s09T0423,0.020581857446453886,0.0007051995048234898,0.0,0.0,0.0,0.00018796387614846753,0.07178127600694809,0.0027769110734937605,0.0,0.11909880676837768,0.17278222815624353,0.000796385460713053,0.0,0.0,0.0005295960194991684,0.046831729068542056,0.5300619724592502,0.0,0.0003624693165807179,0.00014383249671116833,0.0,0.00037856761045747267,0.00017564304688309803,0.015231013597126003,0.00021456959046257132,0.0,0.010794945120158992,7.265749206355572e-05,0.006492375889062846
s10T0423,0.046879943514531626,0.002114384945234217,0.0,0.0,0.0006910950728932045,0.0,0.0945953034443566,0.0033250227879169265,1.6119087502297738e-05,0.08450354870109787,0.21725303362386983,0.0017524003197649806,0.0,0.00032143908768519355,0.0014533099570082312,0.04679711052759661,0.020239196628510602,0.0011387134705925957,0.00019443510723834512,0.0003915284344215632,0.0,0.0015565173935172382,0.0005184840208902527,0.015593185006852568,0.0006269392817830226,0.0,0.45003896681665795,0.0017183848462221476,0.008280937923856143
s11T0423,0.01720492819574883,0.0024430499592117696,0.00031789689720852733,0.0,0.0,0.0,0.01992693613693098,0.007647316323258107,0.0,0.1689163347916559,0.23354024995221984,0.0,0.0,0.00011926548941965464,0.00040714260008267386,0.004116751255465738,0.5349906869792554,5.051676369114925e-05,0.0016832295194407793,0.00014394601527963486,0.0,0.00021499124167316657,0.00016282346662047344,0.003513821872547547,0.00044072080363871495,0.0,0.003575380442372335,0.0002145587914065464,0.00036945250287229815
s12T0423,0.01721929861593823,0.0044458440893222605,0.0014240350105709152,0.0,0.0,0.0,0.011273678579710115,0.0005434309970745066,0.0,0.18831262080432748,0.3422119552677465,0.0,5.7943401180028594e-05,0.00030654379759099146,0.0005232711743223996,0.0,0.42698910545906216,0.00231867026661165,0.00032546441350956006,0.0001239995992715192,0.0,0.0007606444337551217,0.00018929371981288008,0.0016386997852026479,0.0007977851354313934,0.0,0.0,0.0005377154495596778,0.0
s13T0423,0.012785885085007446,0.00416348682880731,0.0010923249479305147,0.0,1.8979859937058284e-05,0.0,0.008390536734883538,0.0,0.0,0.22936221478790092,0.4010707969493271,0.0,0.0,0.0008242729267921802,0.00043200346614400234,0.0,0.0710534063265427,0.0012654323787907984,0.00012238815095178766,0.0,0.0,0.00012455541794151792,0.00017028770191333519,0.038778898666387354,0.0,0.0,0.23034452977074238,0.0,0.0
s14T0423,0.0,0.0,1.907162927883604e-05,0.0,0.0,0.0,0.45982701233773443,0.0,0.0,0.0010645767899095018,0.004522850631873028,0.5200757860028009,0.00010169325986340411,0.0,0.0,6.562272014889897e-05,0.00040012336884266827,0.0,0.0,0.0,0.0008051809005733746,0.0,0.0,0.00664173764368313,0.0,0.0,0.006476344715291878,0.0,0.0
s15T0423,0.032693505251189935,0.0,0.0009242792035786588,0.0,0.0,0.001857934398668336,0.6555459045983869,0.0,0.0,0.0,0.005345978939861374,0.07146212912515068,0.0,0.002036478991645591,0.1990226305127098,0.0001490427884685284,0.0002855735692385326,0.0,8.911520209525252e-05,3.579645982864726e-05,0.003978389362875183,0.0,0.0,0.018733968254889693,0.0,0.0,0.007839273341412765,0.0,0.0
s02M0523,0.7108843134783214,0.0,0.01712735101955519,0.0713484705032646,0.017448152151304925,0.0,0.046549309491787705,0.0,0.0,0.0003373648736032358,0.00035398648368180916,0.0014970079382977727,0.0,0.022876025721205565,0.0,0.0,8.319329616737199e-05,0.0,0.005075239253109766,0.0,0.0,0.07276495708095049,0.027344564164716714,0.0037583408906750855,0.0,0.0,0.002004998777583328,0.0,0.0005467248757749562
s03M0523,0.0,0.0,0.0,0.026972619310842084,0.0,0.000318858351371223,0.0,0.0,0.0,0.00014527958881095155,0.0,0.010884037369685299,0.0,0.0,0.002726547871725807,0.0,0.000699602496619641,0.0,0.8910197401508415,0.0005347187069747268,0.0,0.06221097078325993,0.004487625369868921,0.0,0.0,0.0,0.0,0.0,0.0
s04M0523,0.10098698712388071,0.0,0.0,0.06274251422227792,0.00046462761120705123,0.0,0.023461172194614056,0.0,0.0,0.0,0.0,0.027017848733312387,0.0,0.0011508337966864414,0.048791352505486225,0.00022222365051672397,0.00014207449335210554,0.0,0.0014861239592289424,0.0009690201065082531,0.0,0.7287734181365162,0.0024059547087293457,0.0009621145678500573,0.0,0.0,0.00010255612017837925,0.0003211780696551546,0.0
s05M0523,0.5750555864502295,0.0,0.0012329775470699676,0.02611898077478328,0.008740943860651655,0.0,0.1721331949736138,0.0068335289174334835,0.0001566812574347256,0.00019917983700072365,0.0002645385901668845,0.05892467482061574,0.002295100290183514,0.01534751598226876,0.00913699640562867,0.00247413005878697,0.0009285243887455852,0.0011620611738911548,0.05532494214341844,0.0037726352461825013,0.0,0.026451979986584464,0.0202092627361509,0.00394977884603126,0.004319221275560159,0.0,0.001061528322995331,0.0039060361145724027,0.0
s06M0523,0.1754300332850643,0.0,0.0,0.0008841900619062116,0.0,0.000757683991359502,0.02441363988170293,0.0,0.0,0.0,0.0,0.3370229314169854,0.0,0.0009631111618224492,0.011298424457503835,0.0,0.0004240762274799704,0.0,0.4419617198509131,0.0010027903637177833,0.0,0.00109725530288477,0.0040548807369948205,0.0,0.0,0.0,0.0,0.0006892632616649874,0.0
s07M0523,0.3136162832937825,0.0,3.772052673597425e-05,0.0025956867768684552,0.0,0.0028265372303423425,0.6017227475531458,0.0053978794060048916,5.231294344762372e-06,0.0,0.00041934898156434315,0.005690412625106786,0.0009108427601756459,0.005903996638524171,0.0074250733303020885,0.0021729185798391865,0.0010165993460060916,0.0011679513229898345,0.0060419214739199,0.0029604267575237837,0.0057767827628249875,0.0,0.005950091188236658,0.016230411217877026,0.0,0.0,0.00329881634867452,0.0010398147982255918,0.007792505786984507
s08M0523,0.0,0.0,0.0,0.0,0.0,0.0,0.0,0.0,0.0,0.012109035072923638,0.1781799920963366,0.0,0.0,3.634854777099065e-05,0.0,0.0,0.8096582076457296,0.0,0.0,1.6416637239168825e-05,0.0,0.0,0.0,0.0,0.0,0.0,0.0,0.0,0.0
s09M0523,0.0,8.07233691647585e-05,0.0,0.0,0.0,0.0,0.024582762450204097,0.5066879808992989,0.0,0.02406175336131508,0.14059648687781034,0.0014070829694679062,0.0,0.0,0.0,0.0006619535855519478,0.2911896721312494,0.0,0.0,0.0,0.0,0.0,0.0,0.0071412881957422245,0.0,0.0,0.0035902961601953485,0.0,0.0
s10M0523,0.15622999514872207,0.0007472057562484476,0.0,0.0,0.0,0.0027719443409621315,0.38593176355424913,0.025419410442926935,0.0,0.0,0.09262425338717788,0.024888209194999775,0.0,0.0,0.002703717271548349,0.023230527736349014,0.0017436902987358945,0.006555892265053406,0.0,0.0004470399229973462,0.05837618822925276,0.0,0.0,0.15543991652184364,0.0,0.0,0.05529961810034765,0.004834525869739439,0.0027561019588461812
s11M0523,0.08314224825234166,0.0006046969337644596,0.0,0.0,0.0,0.003204225465827482,0.47652322525386753,0.0014713838287251613,0.0004783660974736508,0.016295082175173045,0.0949806759286229,0.00900379676849007,0.0,0.0,0.0013723973265911175,0.01415144008261025,0.0007891397514199192,0.021076080005738726,0.0,0.06824360847906775,0.02901305525810962,0.0,0.0,0.09475873449779162,0.0,0.0,0.0709693291891459,0.002318039523878199,0.011604475181360902
s12M0523,0.00047886732224953967,0.00012846070358520995,0.0004123962568093447,0.0,0.0,0.0,0.037025381989025864,0.0,0.0,0.0015331129700397357,0.016531366781872107,1.3867449524858798e-05,0.0,6.050729910081184e-05,0.0,0.0,0.0006975076898322504,0.008664237617251613,7.609299914675032e-05,0.0,0.0,0.0,0.0,0.9316397016092275,0.0,0.0,0.0027384993123343686,0.0,0.0
s13M0523,0.0,8.508426377214139e-05,0.0,0.0,0.0,0.0,0.1002883150031333,0.0,7.909288258820396e-05,0.00043121188744036043,0.011966235138212204,0.0,0.0,0.0,0.02875056098953978,0.0,0.00022616795840346978,0.0010408492786489396,0.0,0.0,0.0,0.0,0.0,0.8078625420275634,0.0,0.0,0.04926994057069835,0.0,0.0
s14M0523,0.08687581544833643,8.345025412737866e-06,0.0003942111590313434,0.0014314343335697856,0.0005344930064872666,0.0,0.38515192121686714,0.0005283358392514496,1.4712467094895629e-05,0.00018971224668451705,0.00775078601187989,0.25593849767907156,0.0006898022944935141,0.0017992158140996094,0.0025600591689026227,0.0027691011965482546,0.0002636703670454646,0.0026071720876298986,0.0009852538539360126,0.0005369112892063802,0.012963967821177565,0.0,0.0,0.0981728382700308,0.0,0.0,0.13485874572338943,0.0,0.002974997679853419
s15M0523,0.0589369726972011,9.725261017214454e-05,0.0,0.0006613354800169173,0.0,0.0003431539055829163,0.041030797923518665,0.0006893677246053709,1.5083291079985318e-05,0.0,0.0017452420824511953,0.8074378008711915,7.908040148443068e-06,0.0009887486920215397,0.0006994752333577515,0.0007209464253733206,8.36918852176789e-05,0.0006462330014394798,0.0003735011864583897,0.0004557374096811169,0.0014480501041054777,0.0,0.0,0.07213726085840483,0.0005673778244334768,0.0,0.01004250570963978,0.0006481602691200354,0.00022339677477914302
s01X0523,0.02616132819647383,0.0,0.0,7.634302097610181e-05,0.00020511275960810536,0.0029777195167688133,0.28517023485161497,0.00043135866241540146,0.0,0.0,0.0040129293430724786,0.5333537524598779,0.00037948654036216225,0.0,0.08265679327949996,0.0,0.00031523688571856575,0.0,0.0,0.04975665654326722,0.0,0.0,0.0,0.010077845491604266,0.0,0.0,0.0041280290131445515,0.0,0.00029717343559578494
s02T0523,0.0,0.0,0.0,0.0,0.0,0.00038950841168958986,0.6591758861710211,0.0,0.0,0.0,0.0,0.174856338233109,0.0,0.0,0.05652180096094987,0.0,0.003890839289289964,0.0,0.0,0.10516562693394042,0.0,0.0,0.0,0.0,0.0,0.0,0.0,0.0,0.0
s03T0523,0.0048180267758284635,0.0,1.2703793868216334e-05,0.0,0.0,0.0,0.6756622737165734,0.0,0.0,0.0,0.0,0.2968138802020699,0.0,0.0004111049179213363,0.01632279109570211,0.0,0.0012003147076972288,0.0,0.0010695827161359291,9.604097212846392e-05,0.0,0.0,0.0035932811020750054,0.0,0.0,0.0,0.0,0.0,0.0
s04T0523,0.07287824461562487,0.0,0.0,0.0,0.0,0.001064200720074591,0.5550392624525218,0.0,0.0,0.0,0.00014022054785575619,0.3541904004500904,0.0,0.0001954981005898324,0.014446694294925226,0.0,0.0,0.0,0.0001621192345249569,9.830660021632829e-05,0.0,0.0,0.0017850529835761865,0.0,0.0,0.0,0.0,0.0,0.0
s05T0523,0.20266849788948874,0.0,0.0007619418001370332,0.0,0.029072158551302796,0.0,0.6631729520858674,0.0027356102619088734,0.0,0.0,0.0013404475797893086,0.06198992484218652,0.001041025767700651,0.005807415090467711,0.003533146213184365,0.0,0.0005758422491625839,0.0,0.006668116210776948,0.0012609571173143907,0.0,0.0,0.010833617185826861,0.004902403351795737,0.0,0.0,0.0036359438030900445,0.0,0.0
s06T0523,0.17428137441725547,0.0,0.00014105664951575425,0.001335855761945169,0.0,0.0,0.5205624437944335,0.007181779340208498,0.0,0.0,0.0,0.28544055466236207,0.0,0.0016835453188433567,0.00042457601523625217,0.0,0.00015670175337889483,0.0014109178614242063,0.0010218858647615223,0.0,0.0,0.0,0.006359308560635333,0.0,0.0,0.0,0.0,0.0,0.0
s07T0523,0.01955313008314543,0.0,0.0004227939609680796,0.025839610986168746,0.0,0.00015901267852456934,0.5996627391743283,0.0,0.0,0.0,0.0002847985954162034,0.2453835870186347,0.0,0.0011941016570627906,0.0010019643335034787,0.0,0.0001446802481124274,0.0,0.000822339410960851,0.09112921039575553,0.0,0.0,0.0,0.011641793782478479,0.0,0.0,0.0027602376749403263,0.0,0.0
s08T0523,0.0,0.0,0.0,0.0,0.0,0.0,0.0,0.0,0.0,0.06424133811416224,0.2318069663459315,0.0,0.0,0.0,0.0,0.0,0.7039516955399063,0.0,0.0,0.0,0.0,0.0,0.0,0.0,0.0,0.0,0.0,0.0,0.0
s09T0523,0.0040091057514675486,0.002731283973132412,0.0,0.0,0.0,0.0,0.0,0.000254799399044586,0.0,0.04526602076665724,0.26077641742656715,0.00164627245963741,0.0,8.484013785218757e-05,6.988573703493256e-05,0.0,0.6827831910307438,0.0,0.002013598154813103,4.5930695495938384e-05,0.0,0.0,0.00021438865183399418,0.0,8.023654783430728e-05,0.0,0.0,2.402926788526224e-05,0.0
s10T0523,0.093947814476296,0.0038145082660601126,0.0,0.0,0.0,0.0,0.26010630522652184,0.010012278039023268,0.0,0.025585822184907958,0.30931909515609196,0.01579819519670704,0.0,0.0,0.0018255241997434967,0.02919741111910513,0.03004980161032058,0.03443898508624726,0.0,0.0,0.04191353770331256,0.0,0.0,0.09309222974617617,0.0,0.0,0.046687575561773255,0.00012117260350124703,0.004089743824212248
s11T0523,0.003350484238768746,0.0007031940422682338,0.0,0.0,0.0,0.0,0.0681081296243158,0.7253247910170598,0.0,0.006913631296197158,0.13712020642808814,0.004294715783988329,0.0,0.0,0.0001051815597400788,0.000998997984819937,0.0087652911297877,0.0,0.0,1.3454486198364282e-05,0.0075085278915728694,0.0,0.00024765032514913963,0.019739165181305682,0.0,0.0,0.01655490735441036,0.0,0.0002516716563295702
s12T0523,0.027600888129760866,0.00030476373172610716,0.0,0.0,0.0,0.0,0.08844857049119476,0.0,0.0001344169570647423,0.0,0.0112576180458025,0.0028422731741752643,0.0,0.0,0.0003860352098140711,0.0013076794712606524,0.0,0.011900431563550733,2.8729608629307143e-06,0.0002076470826633238,0.012336046297053578,0.0,0.0,0.7777816679841223,0.0,0.0,0.06372182676234348,0.0,0.0017672621386046626
s13T0523,0.0,0.0,0.0,0.0,0.0,0.0,0.001962939218587938,0.0,0.0,0.0,0.0,0.0,0.0,0.0,0.0,0.0,0.0,0.0,0.0,0.0,0.0,0.0,0.0,0.9802252160014489,0.0,0.0,0.017811844779963247,0.0,0.0
s14T0523,0.17177959346846203,0.0,0.0,0.004059396356066939,0.000293620262813641,0.0,0.14010192687166723,0.002735474041338418,0.0,0.0,0.007813420642472174,0.0052645507031137215,0.0006677796847878113,0.0025040105624432895,0.004266593611288686,0.0030592756201102246,0.00017657924664743848,0.005558669833176453,0.0022263884163730226,0.0032062968071725584,0.05900554799210483,0.0,0.00081530036229989,0.5606668036685138,0.001242523797246861,0.0,0.02005797520133962,0.0020358915595007085,0.002462381291060667
s15T0523,0.0,0.0,0.0,0.0,0.0,0.0009004973430522435,0.10914818018859425,0.0,2.5247087029904073e-05,0.0,0.0007155985127659896,0.8891046365622879,0.0,0.0,0.0,0.0,0.00010584030626970818,0.0,0.0,0.0,0.0,0.0,0.0,0.0,0.0,0.0,0.0,0.0,0.0
s02M0623,0.23399884741101956,0.0,0.0,0.012282477567907565,0.006507842048292169,0.009262870665344291,0.640221374188589,0.002390195083009375,0.0,0.0,0.015062408665573714,0.020145276584989623,0.0,0.00022339549975883968,0.00429856982835847,0.000737467174476183,0.000989162833815441,0.0,0.00019240512632223434,0.0006729607840808094,0.011182376844777837,0.0,0.0,0.030487322864409964,0.0,0.0,0.011345046829274733,0.0,0.0
s03M0623,0.0,0.0,0.0,0.0,0.0,9.69761500513793e-05,0.025721062166229203,0.0,0.0,0.0,0.0,0.819347648298796,0.0,0.0,0.0,0.0,0.0,0.0,0.0,0.15483431338492334,0.0,0.0,0.0,0.0,0.0,0.0,0.0,0.0,0.0
s04M0623,0.20238631945694724,0.0,0.0,0.1148044633650164,0.012302034110933046,0.0029763305567114735,0.04260888704555478,6.700347857393593e-05,0.0005826743534654931,0.0,0.0023527734951551194,0.06030303442939781,0.0009416187411162052,0.0001214945287978412,0.357734114935013,0.0006689198873485113,5.778888330390459e-05,0.0,0.16759816551019696,0.00298652273911253,0.0,0.0005644365256248104,0.02472382093177787,0.001578101431566145,0.0032507940174825085,0.0,0.0,0.0013907015769042891,0.0
s05M0623,0.08928905161948264,8.329517376598867e-05,0.0,0.01327302535328541,0.0,0.0,0.016416702926879356,0.002429316427113447,0.0,0.0,0.0005220402317458692,0.00848393928513944,0.0010079595981352177,0.0,0.14259872168716373,0.0,0.00020564374450827869,0.00012909075172470104,0.002173635455509113,0.0004729235010645634,0.0002441309335350537,0.1621037702609775,0.5595558812321395,0.0010108718178302705,0.0,0.0,0.0,0.0,0.0
s06M0623,0.34707449824583025,0.0,0.0,0.05469590616799718,0.04365028431474804,0.0001629790316149826,0.10335217017083526,0.009701686988452635,0.0,0.0,0.001993718457555729,0.03826689406095736,0.0032233823025332835,0.0006894830563732502,0.025015068044362883,0.0011428341420263294,0.00042691795872614374,0.016006343246850158,0.11458157862883216,0.0024276844887087252,0.003538090161690349,0.0404373726967074,0.18154292961621177,0.0062571568416378,0.0005791143297968392,8.860173474212196e-05,0.0017472070380203973,0.0033980982747888653,0.0
s07M0623,0.22367500291945852,0.0,0.0,0.0037084059242687216,0.03754182161101009,0.0,0.6756206339111586,0.0,0.0,0.0,0.0035297304628231574,0.0,0.0,0.0006645246663606255,0.0018792926226713896,0.0,1.5844894880981074e-05,0.0,0.04123249458271725,0.0012706437861454347,0.0028781452693242785,0.0,0.002708594287451321,0.005061121553324675,0.0,0.0,0.00021374350840489687,0.0,0.0
s08M0623,0.0,0.0,0.0,0.0,0.0,0.0,0.0,0.0,0.0,0.06274940666327675,0.40666329257643113,0.0,0.0,0.0,0.0,0.0,0.5305201631317374,0.0,0.0,0.0,0.0,0.0,6.713762855475266e-05,0.0,0.0,0.0,0.0,0.0,0.0
s09M0623,0.0,0.0006484103746268476,0.0,0.0,0.0,0.0,0.0,0.0,0.0,0.076704438519992,0.5170511473511699,0.0,0.0,6.776054091036414e-05,0.0,0.0,0.405378996117596,0.0,0.0,0.00014924709570479893,0.0,0.0,0.0,0.0,0.0,0.0,0.0,0.0,0.0
s10M0623,0.0,0.0018523316976541064,0.0009953837030426866,0.0,1.1425387855364289e-05,0.0,0.0,0.0,0.0,0.08310272922052094,0.5770316401247106,0.0,0.0,0.00025503225158729395,0.0,0.0,0.336385182229564,0.0,0.0,6.49845250183536e-05,0.0,6.89729494892056e-05,7.708806590168833e-05,0.0,0.00015522984465572823,0.0,0.0,0.0,0.0
s11M0623,0.0,0.0008417581451762655,0.0,0.0,0.002840120283219158,0.0,0.0,0.0,0.0,0.0934519558580945,0.5091544081213975,0.0,0.0,2.446718822544044e-06,0.0001708640603848213,0.0,0.39329910228591547,0.0,0.0,0.0,0.0,0.0,0.00023934452698986486,0.0,0.0,0.0,0.0,0.0,0.0
s12M0623,0.04677832406163812,0.0019446634737936013,0.0,0.0,0.0,0.0,0.1708624328718829,0.0034493586048215752,0.0,0.03325102282410816,0.2542231202672164,0.007782732664739856,0.0,0.0,8.480985099655504e-06,0.0,0.0,0.0,0.0,0.0,0.018264584175428436,0.0,0.0,0.049038197816713106,0.0,0.0,0.41439708225455824,0.0,0.0
s13M0623,0.008047482952726785,0.0016073372987390462,0.0,0.0,0.0,0.0,0.02030268027233504,0.0,0.00011934186139126716,0.04311578225564521,0.24478998062095125,0.0006205018063995196,0.0,0.0,0.0,0.0,0.0,0.0,0.0,0.0,0.0,0.0,0.0,0.05039589707651223,0.0,0.0,0.6310009958552996,0.0,0.0
s14M0623,0.131393436961426,0.0,8.28435764115358e-05,0.0,0.0,0.0,0.4772869101748507,0.0067177978065847835,0.00018641084353039823,0.0,0.21595609631653212,0.008979283147332413,0.0,0.0016927542945644536,0.004255742017993826,0.0010037621569477413,0.004019348183483759,0.009373140694891905,0.0,0.0029708387060913594,0.06223170232327553,0.0,0.0,0.052357828118764826,0.0,0.0,0.021492104677318623,0.0,0.0
s15M0623,0.0,0.00039043664250547615,0.0,0.008387717073339936,0.0039785111853568615,0.003567764743299171,0.2683192782706992,0.0001498436816195996,0.0,0.00808467367260171,0.10400811718855313,0.005295234844144185,0.0,0.0,0.0003698953660340703,0.0,0.0,0.02221655974641187,0.0020856393205170524,0.3840885200421462,0.03356638427709208,0.0019202062968916927,0.0005288405278767782,0.06756198060053527,0.012241615748875967,0.004029331744671554,0.049033663578897047,0.005908372634244271,0.014267412813686896
s01X0623,0.5125668780703133,0.00016709526780060442,0.0,0.004053404119042146,0.0,0.00017648650270151887,0.2609967482996639,0.009998443909536445,0.00024399903903055971,0.0,0.03871282926928498,0.013922168488664295,0.0005887711450135168,0.0035541711228715234,0.009614590335248583,0.0036972024583553703,0.004780378710296926,0.003002315776713627,0.0025849985722371164,0.00385308016317256,0.05254786609963826,0.0,0.0011802972438541507,0.051935611027927826,0.001312235601321652,0.0,0.014003687216237464,0.004900796249409957,0.0016059453116635436
s02T0623,0.7180465140557648,0.0,0.003275028243208937,0.0,0.027606202819891974,0.0012052661959826502,0.12268990486024318,0.006505218828754225,1.8236165238131842e-05,0.00010218386839415734,0.0020665104563086165,0.003468360739614001,0.0,0.011331669539912515,0.049719929067296185,0.004517864348384,0.0028519655030387996,0.000713239588083773,0.0021605311041293096,0.0051479984720876415,0.016331130158106406,0.009045487578902963,0.0017618417467047767,0.00300940405205347,0.0026890590383323552,0.0,0.0014054195279290884,0.004331034041638013,0.0
s03T0623,0.45067693478960824,0.0,0.0,0.03919018943178147,0.0,0.0017047894500823526,0.2446387773909832,0.005656495733701868,0.0,0.0,0.007707275345158313,0.007421077540233508,0.0007102268778833489,0.004874923701565341,0.010864816191587797,0.006469358970633004,0.00034805187463012114,0.002026900150883322,0.006908998374141279,0.0038015027157203424,0.0620781956255958,0.0,0.12339460009561089,0.010907423870123556,3.076907395558457e-05,0.0,0.007808349793800065,0.002780343002320584,0.0
s04T0623,0.4799651061007995,0.0,0.0,0.017927775881549382,0.038153608269881165,6.359639869912902e-05,0.038452864299653236,0.005202530787006767,0.0,0.0,0.0009787774621589625,0.1826582825216381,0.0005789218874651875,0.003046480427383502,0.1943883682719788,0.002565254212091737,0.0002519759834137221,0.0,0.007833937153736346,0.004498393511149872,0.0011076430821873008,0.0,0.017492763305352547,0.0,0.0010664781530174505,0.0,0.0,0.00376724229083738,0.0
s05T0623,0.45185967202922545,0.0,0.0,0.007309698005569583,0.004718249389265966,0.00034393970962504365,0.058437319137875435,0.00713096682360145,2.0881708991657303e-05,0.0,0.0024248892445853857,0.3845392875881633,0.001634163555369123,0.007246125530957199,0.01944351024652746,0.0031914977231559255,0.00014947533629048725,0.0007390413696436033,0.014464887345026288,0.003957477845277036,0.007051559988592174,0.009448232060050337,0.0072481593532245136,0.0020981920993298907,0.002878151466707051,0.0,0.0,0.0036646224429457306,0.0
s06T0623,0.28697945075045933,0.0,0.0,0.04747592493628366,0.1320192767381001,0.0,0.030856786319941938,0.005693084471877364,0.0,0.0,0.0021658525818571786,0.04866463520819578,0.00014199037794415697,0.00057604332429392,0.03066878156212838,0.0027455617552319183,0.0001198382935503061,0.0,0.017462214649544023,0.0037688731652454374,0.0033464731515221815,0.0,0.384247736909092,0.0005225366524469972,0.0,0.0,0.0,0.002544939152285315,0.0
s07T0623,0.17791454605345974,0.00039838976365462464,0.0,0.000530600041657477,0.0,0.006932260489642527,0.1744331413624241,0.0002250548453044372,0.0,0.0007545840304416108,0.01671930881661569,0.004382250508414167,0.0006275876367339923,0.0006384554256636798,0.13778767392167326,0.000525049644554438,0.0,0.0004727879824335154,0.0005300936131634688,0.0009190601480014249,0.01384741193422844,0.0,0.002574652172129217,0.4499219592029704,0.0010783677441423267,0.0,0.00769722004610794,0.0,0.0010895446165835542
s08T0623,0.0,0.0,0.0,0.0,0.0,0.0,0.0,0.0,0.0,0.01798782684030613,0.5372798471738448,0.0,0.0,0.0,0.0,0.0,0.44473232598584894,0.0,0.0,0.0,0.0,0.0,0.0,0.0,0.0,0.0,0.0,0.0,0.0
s09T0623,0.0,0.0006829334176941967,0.0,0.0,0.0,0.0,0.0,0.0,0.0,0.05601124433355019,0.7470466845167834,0.0,0.0,0.0,0.0,0.0,0.19622366020137963,0.0,0.0,3.547753059260222e-05,0.0,0.0,0.0,0.0,0.0,0.0,0.0,0.0,0.0
s10T0623,0.12315966120585228,0.0,0.0,0.0,0.0,0.0,0.3079259556757265,0.013179266643234475,0.0,0.00041548309420227274,0.26041254342160014,0.018982652138167532,0.00013790128398022503,0.0,0.0017733470797410633,0.01829878851337564,0.0,0.0005453828485164715,0.00043874342297697225,0.0004183818721944624,0.06765555356727852,0.0,0.0,0.11258707960427711,0.0,0.0,0.07194978395139039,0.0,0.0021194756774860096
s11T0623,0.02628555437499363,0.0020448854877706778,0.0,0.0,0.0,0.0,0.05744336771057173,0.0005005407187372952,0.0,0.05182706389338439,0.7182254761761283,0.004205708591330087,0.0,0.0,6.478789913971273e-05,0.0,0.02793775361745427,0.002900789486789331,0.0,0.0,0.0,0.0,0.0,0.023544245961289956,0.0,0.0,0.0850198260824107,0.0,0.0
s12T0623,0.10058488647426808,0.0012302650663098933,0.0027309696821340964,0.0,0.0010870253123678834,0.0,0.0893955361986892,0.0023257090484113652,0.0015979196294902834,0.0030655410501524046,0.3053969210330677,0.006430125460425338,0.0,0.0,0.0005389976751745602,0.0026472483647864975,0.0,0.2500633990889304,0.002814674636577026,0.00018220235981866595,0.02769682534145277,0.006514898381750098,0.0,0.038729228011201516,0.0,0.0,0.15696762718499235,0.0,0.0
s13T0623,0.06983014464076516,0.0003870127831165599,0.0,0.0,0.0,0.0,0.14117011748293304,0.003970746865237333,0.0003680705657077498,0.016497062932859324,0.37513548880751446,0.009831699273416834,0.0,0.0,0.0011219755710173216,0.001581440750256912,0.0,0.0434510662446248,0.0,0.0003310041908016549,0.02014096147584994,0.0,0.0,0.04937822570129023,0.0,0.0,0.2668049827146086,0.0,0.0
s14T0623,0.0,0.0,0.0,0.0,0.0,0.0,0.004245020576719378,0.0001213813559200778,2.4019747932196293e-06,0.0,0.01665518160476534,0.0015349819379347424,0.0,0.0,5.955555582771195e-05,0.0,1.3877991549779059e-05,0.005992743540635512,0.0,0.0003178793491411146,0.006855254403322454,0.9375312708194126,0.0,0.008966911565031085,0.0,0.0,0.017703539324947174,0.0,0.0
s15T0623,0.0,5.08356454214311e-05,0.0,0.005111489094312942,0.0004630444415777076,0.0,0.11994227194024214,0.007955848741253284,0.00018940432384726796,0.0,0.1014849930789562,0.009423966617003844,0.002307135162681657,0.0,0.004148504149012899,0.0,0.0,0.0029284246925045457,0.00026085963913496224,0.5893096704643651,0.02716818315926411,0.01895794559276026,0.0,0.0753527028517886,0.003594956311805839,0.0,0.029885474413704354,0.0009976773390260182,0.00046661234133683454
s02M0723,0.324759884257897,0.00012000476977505958,0.001539691721954213,0.0013401556651576763,0.1910600786521033,0.0003588459127834434,0.2272165919270929,0.006038918744797975,5.019128791998261e-05,0.0,0.004186590213879246,0.039017980594887015,0.00018498289350106327,0.006396894541302457,0.007769567514482918,0.0031270834747154043,0.0011305754964693105,0.0026623042122963037,0.005181225523666104,0.0028855663095717797,0.017090796186743876,0.12527351914469145,0.005040254193762457,0.01533301981854322,0.001149548064695343,0.0,0.007087781407681843,0.0020401896818385543,0.001957757787790402
s03M0723,0.32071158274001565,0.0,0.0,0.005061460225550289,0.06934736086761141,0.007424782767224628,0.3677515852711627,0.010921451705031596,1.2523192021075212e-05,0.0,0.004700295976814897,0.00809251267903032,0.003215770397742832,0.0031751855204546152,0.007078508078458712,0.0027061680863829526,0.0010213187945096365,0.0,0.03214809207113732,0.003733894647538435,0.02038313094948964,0.0,0.10314544951614286,0.013471464076416733,0.00030290930775502396,0.0,0.012891086433409492,0.0021306113013083963,0.0005728553947905394
s04M0723,0.27921755807653564,0.0,0.0,0.014313642463461814,0.5028808118792308,0.0,0.0,0.0,0.0,0.0,0.0,0.006973968111834896,0.0,0.0,0.08092413983923014,0.0,1.9324769839196168e-05,0.0,0.027057089090025677,0.00011378933602380785,0.007811779110455465,0.0,0.07667831551512996,0.0010868871364153243,0.0012239888416957397,0.0,0.00169870583012149,0.0,0.0
s05M0723,0.5009361779189234,0.0,0.0,0.02385131089309829,0.010975865691021443,0.0007915542548635163,0.16401070857464045,0.010072468051616611,0.0,0.0,0.0011400173035547114,0.018382795868198205,0.0,0.004246794322354192,0.014678645150835501,0.007662379949438164,0.00018965509865160018,0.0001667611682607248,0.04163352501091536,0.0045898657931915075,0.020876920941711556,0.0,0.168141003792257,0.0024520645239256103,0.0012583577887040095,0.0,0.0011385692747047731,0.0028045586291334888,0.0
s06M0723,0.09681124958787989,0.0,0.0,0.0337788680456204,0.04176173489848846,0.0,0.0,0.00025233287805569876,0.0,0.0,6.709630390383395e-05,0.0010209482084385581,0.0,0.001903764108615036,0.03318963970145086,0.0,0.00020325217559896705,0.0,0.46715027806851395,0.0008343418582303378,0.0019112568529607594,0.060506504641259076,0.26060873267098433,0.0,0.0,0.0,0.0,0.0,0.0
s07M0723,0.2374402767894439,0.0013027605284716163,0.004458306494867638,0.009560006547156297,0.012492241833566021,0.0,0.4854087994406171,0.005697114263326532,0.0,0.0,0.007515083975800314,0.010570818387202249,0.0009677365306209421,0.00710136209554522,0.006906167731121186,0.007328000833924633,0.00020199650351335557,0.007771902103427023,0.009852716670522454,0.0010241407717303643,0.07069887476371091,0.0,0.04201762361870467,0.022704984949804417,0.0,0.00010708230525929414,0.0399799275480908,0.002230813636013968,0.0066612616775591155
s08M0723,0.0,0.0,0.0,0.0,0.0,0.0,0.0,0.0,0.0,0.015032585873989202,0.4858262548718708,0.0,0.0,0.0,0.0,0.0,0.49914115925413993,0.0,0.0,0.0,0.0,0.0,0.0,0.0,0.0,0.0,0.0,0.0,0.0
s09M0723,0.0,0.0,0.0,0.0,0.0,0.0,0.0,0.0,0.0,0.011924851919926382,0.6238776289201623,0.0,0.0,0.0,0.0,0.0,0.3641975191599114,0.0,0.0,0.0,0.0,0.0,0.0,0.0,0.0,0.0,0.0,0.0,0.0
s10M0723,0.0,0.0,0.0,0.0,0.0,0.0,0.0,0.0,0.0,0.04236516682370558,0.7884342992723576,0.0,0.0,0.0,0.0,0.0,0.15970879758257384,0.0,0.0,0.0,0.0,0.0,0.0007222139891085959,0.0,0.0,1.7153452789951844e-05,0.008752368879464224,0.0,0.0
s11M0723,0.0,7.640744469321823e-05,0.0,0.0,0.0,0.0,0.0,0.0,0.0,0.030762268152821456,0.7934431925682383,0.0,0.0,0.0,0.0,0.0,0.17571813183424714,0.0,0.0,0.0,0.0,0.0,0.0,0.0,0.0,0.0,0.0,0.0,0.0
s12M0723,0.0,0.0,0.0,0.0,0.0,0.0,0.0,0.0,0.0,0.00321789327845786,0.8420700949312991,0.0021524219493756444,0.0,0.0,0.0,0.0,0.11208029967376326,0.0,0.0,0.00012863052766453226,0.0,0.0,0.0,0.0,0.0,0.0,0.040350659639439554,0.0,0.0
s13M0723,0.0,0.0,0.0,0.0,0.0,0.0,0.0,0.0,0.0,0.0085326593212991,0.46140143888599594,0.0,0.0,0.0,0.0,0.0,0.0,0.0,0.0,0.0,0.0,0.0,0.0,0.0,0.0,0.0,0.530065901792705,0.0,0.0
s14M0723,0.0,0.0,0.0,0.0,0.0,0.0,0.0,0.0,0.0,0.009328195002643792,0.38461967370463734,0.0,0.0,0.0,0.0,0.0,0.0,0.0,0.0,0.0,0.0,0.0,0.0,0.0,0.0,0.0,0.606052131292719,0.0,0.0
s15M0723,0.12441830696107056,0.0,0.0,0.0015983992637500697,0.000957310574016175,0.001682559588342772,0.33026731164950524,0.003712955604480722,0.0,4.772214010810864e-05,0.11015452061913468,0.00973672957073047,0.0006898007740981625,0.0015282255933866803,0.0038897903372537897,0.005042584775418474,0.0007287107291460778,0.004696599657360191,0.0014436218423843998,0.0010893565007992617,0.13477462078511432,0.0,0.0,0.08739475192931978,0.0,0.0,0.17326543909877218,0.0,0.0028806820058078944
s01X0723,0.0,0.0,0.0,0.0,0.0,0.0008622696245664698,0.3503736288378576,0.0013224274088039006,4.780760966805474e-06,0.0,0.013287611186841995,0.5480979614167889,0.0,0.0,0.0011090412523412036,0.0,0.0015863096083102517,0.0,0.0,0.05363626788769523,0.004020946450867647,0.0,0.0,0.021055772875682558,0.0,0.0,0.003905099334266071,0.0007378833550112633,0.0
s02T0723,0.26879095090687977,2.9533732389237656e-05,0.001063954788732663,0.0,0.0,0.0,0.2346447018984626,0.002220870639624702,0.0,0.0,0.002815390229401211,0.005901324266251747,0.0001871176957480057,0.0058347220878654715,0.12863314414645574,0.003113956810689412,0.00031659736783421524,0.0013963688709900252,0.002111604778095967,0.0026392586316313343,0.010816240039035571,0.0,0.30034723825506876,0.018431691985769168,0.0,0.0,0.006249303011798405,0.001317748167764038,0.003138281689512004
s03T0723,0.4984385889764725,0.00045655209760707795,0.0008789261836793977,0.003693248790359417,0.0015097163162768907,0.0,0.3281814984186859,0.005482517204267401,0.00047059957363165334,0.0,0.0056873023246507065,0.010291054313474995,0.0006796448407896488,0.008328058982067038,0.014440199150293006,0.00426092020966847,0.0007063939997566914,0.0036309222178162086,0.00734920229338093,0.004016790541980881,0.02026045744859912,0.0,0.014995240632894502,0.025987008260976937,0.010777864513706426,0.0,0.022676062910928833,0.0033525375446176045,0.003448692253417691
s04T0723,0.6028012990653882,0.0,0.0,0.04730550797227853,0.11885050077518394,0.0,0.09521719398349729,0.008780758961734261,0.0,0.00021881554466351665,0.007671549463090639,0.006374138767550549,0.0,0.007566563046714657,0.01772734410814827,0.0025107988544861588,0.0001531565767134282,0.0,0.014363262640183432,0.00483596797715359,0.009689379827088352,0.0,0.049656374263637004,0.0029888841740273913,0.0001340945659020769,0.0,0.0,0.0031544094325588385,0.0
s05T0723,0.4576724891066499,0.0,0.0,0.06679371337597284,0.05957520201287103,0.0,0.09610609390589066,0.0067106977048067545,3.90083747006641e-06,0.0008447695872825897,0.015248192528319212,0.006103971246142712,0.00022928101496282096,0.005949470491571503,0.010243767283304934,0.004009017258524974,0.001045704448450255,0.0011840916555882035,0.018214860716925425,0.1296055489394216,0.012632315070082134,0.0,0.0868771235427737,0.004683790072864927,0.004489071434245148,0.0,0.008049361873016277,0.0035053101202071526,0.00022225577265513693
s06T0723,0.27448569590437333,0.0,0.0,0.009234312619544728,0.004112087008471398,0.0,0.0,0.0020449180353551326,4.5230793269394954e-05,0.0,0.0005363491272026082,0.2788734103020054,0.0,0.0035063640308219427,0.019143347922733485,0.0,0.00014534721321506224,0.0,0.0029513194432388367,0.002618686930729963,0.0,0.0,0.06193315612392025,0.0,0.000253732712726931,0.0,0.3387050228055841,0.0014110190268074173,0.0
s07T0723,0.1997760110245622,0.0,0.0,0.0,0.0,0.0006809949734509737,0.18144272548649565,0.004437553989878816,0.00013576207156358375,0.0,0.012667360908141226,0.015033032193957546,5.2262892099823275e-05,0.0,0.006532398657207051,0.0012619333431658426,0.0003759553332358367,0.0,0.0,0.1684934049695233,0.0,0.0,0.00024172828333937505,0.015411692335151338,0.0,0.0,0.3897087036649987,0.002317960454393951,0.0014305194188346413
s08T0723,0.0,0.0,0.0,0.0,0.0,0.0,0.0,0.0,0.0,0.04075466043931763,0.5372123720379539,0.0,0.0,0.0,0.0,0.0,0.42203296752272845,0.0,0.0,0.0,0.0,0.0,0.0,0.0,0.0,0.0,0.0,0.0,0.0
s09T0723,0.0012243785167379208,0.0,0.0,0.0,0.0,0.0,0.020262761922358683,0.0,0.0,0.0,0.8961314272957039,0.0015620413535367289,0.0,0.0,0.0,0.0,0.07576348288548075,0.0,0.0,0.0,0.0,0.0,0.0,0.0043274138837611845,0.0,0.0,0.0007284941424208063,0.0,0.0
s10T0723,0.07516119259575353,0.0,0.0,0.008432385784679726,0.0,0.0,0.09168694187237285,0.012418146608153647,2.142041166688615e-05,0.0,0.5290108944326809,0.005574127728892766,0.004707510168631861,0.0,0.0032314630115107966,0.003052895716675554,0.002473089336042088,0.00442976324906559,0.0017117194360919106,0.000839421518079938,0.12621146101854416,0.0025640502322820113,0.0,0.03308033880809998,0.0018535073580995998,0.00019662036668073588,0.09334305034599548,0.0,0.0
s11T0723,0.0,0.0,4.927625304073178e-05,0.0,0.0,0.0,0.0,0.0,0.0,0.029326045242845874,0.8969671544548462,0.0001240118249816704,0.0,0.0,0.0,0.0,0.0643454655635193,0.0,0.0,0.0,0.0,0.0,0.0,0.0,0.0,0.0,0.009188046660766181,0.0,0.0
s12T0723,0.0,0.0,0.00018701879126255835,0.0,0.00011244502596631513,0.0,0.0,0.0,0.0,0.0,0.8991683720461138,0.0,6.175410966788553e-06,0.00011318397391617613,0.0,0.0,0.037745067714769466,0.01731878320640371,0.0,0.0,0.010406372072368924,0.0,0.0,0.0,0.0,0.0,0.03494258175823233,0.0,0.0
s13T0723,0.0,0.0,0.0,0.0,0.0,0.0,0.0,0.0,0.0,0.012753734137363287,0.7354617318834866,0.0,0.0,0.0,0.0,0.0,0.0010720422858272538,0.0028506158434761938,0.0,0.0,0.00447462188356177,0.0,0.0,0.0,0.0,0.0,0.2433872539662848,0.0,0.0
s14T0723,0.0033241852837874804,0.0,0.0004676457807185418,0.0,0.0004612973923195041,0.0,0.07194960611258379,0.0,0.0,0.0,0.4964033578094175,0.0,0.0,0.0007658354053338447,1.8549698068041768e-05,0.0,0.0003006920493700437,0.013572337302383877,0.0,3.658508705968639e-05,0.14058086085919455,0.0,0.0,0.004199544221271548,0.0,0.0,0.2679195029984915,0.0,0.0
s15T0723,0.19116708630502047,0.0,0.0,0.001939685147497181,0.0,0.0,0.06271595072918401,0.0050373775346539895,6.89962862502956e-05,0.0,0.5220304581718628,0.006143649752617963,0.00034955162515191605,0.0007970723710367443,0.006613391268565425,0.004230475889961923,0.0,0.0032712933177709382,0.0005575268218117868,0.002667225131010395,0.04094187255565837,0.0,6.525787743801664e-05,0.007651901749850139,0.0023492866566838856,0.0,0.1372926911689536,0.004005567180637284,0.00010368245838296967
s02M0823,0.17030198395675225,0.0,0.004974323894898554,0.018429667120109353,0.0,0.0,0.6109184710120111,0.0,0.0,0.0,0.004095532440720471,0.16148572369912478,0.0,0.004888888268176389,0.01127367303916928,8.386970948997993e-05,0.0,0.0,0.001044877876047138,0.0008610632708166156,0.005132801526401053,0.0,0.0,0.0039775336260210094,0.0,0.0,0.0025315905602619117,0.0,0.0
s03M0823,0.197929933744937,0.0,0.0,0.0,0.0,0.0,0.6663660807289213,0.0014392882319446475,6.100291409133932e-06,0.00035995061631281236,0.001978190002171385,0.06999034832468304,0.0,0.0011533046058222474,0.03630002474836413,0.003265034611975319,0.0048002309957315146,0.0,0.0006734205529262719,0.003348169374383493,0.001944052667735715,0.0,0.0027528203634162906,0.00025357427004895955,0.0,0.0,0.007439475869216629,0.0,0.0
s04M0823,0.3035036634320204,0.0,0.0023158990242290434,0.039689167272721315,0.0,0.0,0.4006772839321379,0.0013462439350365684,0.00028470529113397815,0.0,0.00033488740931777647,0.19894673856853942,0.0,0.005269694533818377,0.002602542266118618,0.0005984280245468461,0.00025059757520493915,0.0,0.0025183503482103403,0.002260757485488199,0.006190614408447672,0.008831480720645308,0.022005147321143868,0.0,0.0,0.0,0.002348854467951478,2.4943983287821962e-05,0.0
s05M0823,0.4727147693138988,0.0,0.005065658095348787,0.0684366015563996,0.004013736218800197,0.0,0.1398593761745084,0.00029009764929375327,0.0,0.0,0.0008099130677343283,0.1723103985744423,0.0,0.009853242296665765,0.014430088678772287,0.00021791988677398057,0.0008372883822195581,0.0,0.04323045966991402,0.0015542653539489324,0.0009114198653034458,0.02278010588137553,0.03999321669301683,0.0,0.0,0.0,0.0022727849797735036,0.000418657661810106,0.0
s06M0823,0.33273201928599794,0.0,0.011188710003048214,0.025332907921796672,0.0013810052078487847,0.0,0.3977180563690382,0.0,0.0,0.0,0.0,0.03127927552675948,0.0,0.013249840755004004,0.0,0.0,0.0,0.0,0.0,0.14538155408038286,0.0,0.040431835057545835,0.001304795792577984,0.0,0.0,0.0,0.0,0.0,0.0
s07M0823,0.0369076339709707,0.0,9.747441220184065e-05,0.0,0.0,0.0,0.7530246458717584,0.0,0.0,0.0,0.0,0.16190219105567094,0.0,0.000491518417075434,0.046683999791655974,0.0,0.0002698933920525735,0.0,0.0,0.0006226430886142637,0.0,0.0,0.0,0.0,0.0,0.0,0.0,0.0,0.0
s08M0823,0.0,0.0,0.0,0.0,0.0,0.0,0.0,0.0,0.0,0.05564845118226575,0.6249344900953824,0.0,0.0,0.0,0.0,0.0,0.3194170587223518,0.0,0.0,0.0,0.0,0.0,0.0,0.0,0.0,0.0,0.0,0.0,0.0
s09M0823,0.0,0.0,0.0,0.0,0.0,0.0,0.0,0.0,0.0,0.046196864645991736,0.739634374344679,0.0,0.0,0.0,0.0,0.0,0.2141687610093291,0.0,0.0,0.0,0.0,0.0,0.0,0.0,0.0,0.0,0.0,0.0,0.0
s10M0823,0.12929443179653632,0.0,0.0,0.0,0.0,0.0,0.24814018639488986,0.015486728471761578,1.4499811670319792e-05,0.0,0.1572486336826711,0.019327434556315144,0.0,0.0,0.0011290851791490994,0.014688565705270717,0.0,0.010292750857680293,0.0017629736287827738,0.0,0.24322051178895848,0.0033613464381829473,0.0,0.10269316171118398,0.0,0.0,0.053339689976947435,0.0,0.0
s11M0823,0.020630721390832555,0.0005231417508246699,0.0,0.0,0.00015695966448653223,0.0,0.02601499601029352,0.0002991756319891126,1.8501625104317573e-05,0.004004632492679716,0.8663850074767627,0.0025722276475584798,0.0,0.0,0.00016734648364888095,0.0,0.0,0.0013595204322866164,0.001135963382134774,0.00012990079367154324,0.04054809546599002,0.0015016218112678713,0.0,0.007080660811127034,0.0,0.0,0.027471527129341564,0.0,0.0
s12M0823,0.0,0.0006489855272604689,0.0010828588821350826,0.0,0.00011077128298093322,0.0,0.0,0.0,9.656684791029898e-05,0.0,0.8995132616780352,0.0016551948128927473,0.0,0.00019559289788543256,0.0017529104812570215,0.0,0.0509793972029793,0.03455408473194227,0.00019806416614642335,0.0,0.0,0.0,0.0038082747570182458,0.0,0.0,0.0,0.0054040367315566305,0.0,0.0
s13M0823,0.08864991894003088,0.00044864233489523526,0.00046027738570574754,0.0,0.0006053231388138829,0.0,0.06881346566452162,0.0067752360449569796,0.00011912386218527386,0.0,0.33188148060979367,0.004932210391425886,0.0,0.0,0.0004183471369870151,0.010309696713842536,0.0,0.02268672260438907,0.004770256941504909,0.0002716578173216458,0.2501702215248081,0.00758287676360956,0.0,0.029104779179294576,0.0,0.0,0.1719997629459132,0.0,0.0
s14M0823,0.02671978177924566,0.0,0.00010766254388133504,0.0,0.0,0.0,0.033151951720166356,0.0038305855751041996,0.0,0.0,0.28146228901652826,0.0012588953429216153,0.0,0.0002923885507899332,0.00045927661196616275,0.009404365478991006,0.0,0.027070181988865124,0.00023586186083953388,0.0003899912186332969,0.42758888965866104,0.0,0.0,0.007099603161584118,0.0,0.0,0.18092827549182244,0.0,0.0
s15M0823,0.0019876047620346958,0.0,0.0,0.0,0.0,0.0,0.051504919971934245,0.0021956516215771746,0.0,0.0,0.1627548980901184,0.489864452039255,0.0,0.0,0.0032153983252894104,0.001951734226596533,0.0,0.0,0.0,0.0004993839266675389,0.08016258391759262,0.0,0.0,0.003773164756713012,0.0005888547861485805,0.0,0.19956951713871038,0.0019318364373625294,0.0
s01X0823,0.0,0.0,0.0,0.0,0.0,0.002112110936251345,0.569821917174242,0.0,0.0,0.0,0.0002730845773248576,0.2753482197047857,0.0,0.0,0.01405715471966547,0.0,1.0328450086297437e-05,0.0,0.0,0.07205782693847734,0.0,0.0,0.0,0.0007810258412061754,0.0,0.0,0.0655383316579607,0.0,0.0
s02T0823,0.3100889450911703,0.0,0.006815912196299999,0.03474365879784615,0.0,2.474294579471255e-05,0.2378449498512926,0.03204155883112957,0.0,0.010418762024081398,0.014630848451725983,0.12598128357088276,0.020598122021038542,0.001648926543949042,0.017197310364340305,0.0011563962869630246,0.05167110958299288,0.0,0.001101526675030649,0.00898444556267426,0.01554098215462229,0.0,0.0003444196797481536,0.023852510780547002,0.009336255405951793,0.0009242382081252543,0.0706482046954197,0.004404890278373782,0.0
s03T0823,0.0,0.0,0.0,0.0,0.0,0.0,0.5223163715254279,0.002932021294787383,0.0,0.0,0.0,0.45529873055375275,0.0,0.0,0.0,0.0,0.00034219289593795323,0.0,0.0,0.0,0.0,0.0,0.0,0.0,0.0,0.0,0.019110683730093926,0.0,0.0
s04T0823,0.1766443791223738,0.0,0.0001703447230884753,0.0015704271987438242,0.07146646444547809,0.0,0.007862513472191747,0.0015068206460365225,3.5631306077101915e-05,0.0,0.0001162239469824383,0.6268877914689908,0.00021465561140838172,0.001538124885148259,0.059056558162024576,0.0008071967893594678,0.0005343349258369931,0.0012836077770119645,0.024138787344200028,0.001080842290844173,0.0,0.015266543950737461,0.006053260500884231,0.0,0.0025253332006300758,0.0,0.0,0.001240158231951723,0.0
s05T0823,0.05579444087936768,0.0,0.0,0.05406727196267716,0.0013905235689008054,5.42105176173217e-05,0.0,0.0018994404327810147,0.0,0.0,0.002683665518840899,0.7396684957526516,0.0,0.0015755552061432487,0.005631243834308817,0.0013587990978068056,0.0,0.0,0.0019384516794527305,0.0011259614659962197,0.007594457587696294,0.0009654327429114646,0.10657268771394726,0.0020361954851968707,0.0,0.0,0.014910206712969349,0.0007329598407345549,0.0
s06T0823,0.18984192121161855,0.0,0.0026409668389415154,0.5761899172687999,0.0072328535033395515,0.0,0.01130929751288981,0.0,0.0,0.0,0.0010984405798256803,0.005149906936811353,0.0,0.007530485793143367,0.14883676930159304,0.0011919447489789556,2.9525633480774685e-05,0.0,0.006941860310959304,0.0005538115260059072,0.0034795966012580565,0.014216442337669763,0.0018906051230505433,0.0037740708726419292,0.0,0.0,0.017889046896616023,0.00020253700237605923,0.0
s07T0823,0.04947219245193166,0.0,0.0,0.0,0.0,3.166429210344141e-06,0.22435284048752716,0.0,0.0,0.0,0.0025371130733526865,0.14194048812029889,0.0,0.0,0.02292096628785395,0.0,0.0,0.0,0.0,0.046338665612149325,0.0,0.0,0.0,0.06325791936186642,0.0,0.0,0.4491766481758096,0.0,0.0
s08T0823,0.0,0.0,0.0,0.0,0.0,0.0,0.0,0.0,0.0,0.15017675838660782,0.656212966684048,0.0,0.0,0.0,0.0,0.0,0.19355246760050956,0.0,5.780732883450319e-05,0.0,0.0,0.0,0.0,0.0,0.0,0.0,0.0,0.0,0.0
s09T0823,0.0,0.0,0.0,0.0,0.0,0.0,0.0,0.0036434066006494946,0.0,0.11829484075024446,0.5312343803780721,0.0,0.0,0.0,0.0,0.0,0.34682737227103394,0.0,0.0,0.0,0.0,0.0,0.0,0.0,0.0,0.0,0.0,0.0,0.0
s10T0823,0.059326793641095,0.0,0.00018895107703844927,0.0,0.000682872718238551,0.0,0.03996273319140818,0.005040996456239665,6.530349168080769e-05,0.013554511662011647,0.5394217282856687,0.002800506623630129,0.0,0.0,0.0,0.011316148142511145,0.0,0.01886602580990878,0.004638515420390085,0.0,0.1694545272839711,0.008426968361537716,0.0,0.050490771210890066,0.0,0.0,0.07576264662378,0.0,0.0
s11T0823,0.0,0.0,8.686856333205053e-06,0.0,0.0,0.0,0.0,0.0,0.0,0.10219992664322194,0.8544293621383066,0.0,0.0,0.0,0.0,0.0,0.04279484571853935,0.00034553923470317124,0.0,0.0,0.0,0.0,0.00022163940889575358,0.0,0.0,0.0,0.0,0.0,0.0
s12T0823,0.01785751704046925,0.0,0.0007915176435047542,0.0,8.462663927823308e-05,0.0,0.02330818054321004,0.00306536459591128,0.0,0.0,0.3687543312952655,0.00111029518994348,0.0,0.0,0.00023124721906323998,0.008789386901868743,0.0,0.04921178740626574,0.0033956836664563663,0.00018323140875162454,0.36808982021687003,0.0016532149239583546,0.002615317253431091,0.010214045368184137,0.0,0.0,0.14064443268756818,0.0,0.0
s13T0823,0.007024665635859197,0.0,0.0,0.0,2.1195274780077943e-05,0.0,0.02044550720537792,0.0,0.0,0.03722853064839591,0.7113096086289462,1.3912745878343057e-05,0.0,0.0,0.0,0.0001551772959354351,0.0,0.013819958137043705,0.0007421246443441382,3.7120991713247625e-05,0.15555677571290158,0.0007727471531498871,0.0,0.007591067177329697,0.0,0.0,0.04528160874834461,0.0,0.0
s14T0823,0.0,0.0,0.00014012829122052266,0.0,0.0,0.0,0.04136445000470245,0.003217000841074516,0.0,0.0,0.3299028788905472,0.0011516552185713417,0.0,0.0,4.300570901653496e-06,0.00820740885551651,0.0,0.04279480376472356,0.0,0.00019561871372276315,0.4431220990114084,0.0,0.0,0.020770425667857088,0.0,0.0,0.10912923016975398,0.0,0.0
s15T0823,0.0,0.0,0.0,0.0,0.0,0.0,0.0012818843409476068,0.0,0.0,0.010862481147282846,0.3209551180398027,0.0,0.0,0.0,0.45689399452561524,0.0,0.0,0.0,0.0,0.0,0.13318675501238597,0.0,0.0,0.007102180976941566,0.0,0.0,0.06971758595702385,0.0,0.0
s02M0923,0.11512696855629825,0.0,0.0,0.0,0.023845980232116808,0.0,0.183280352368792,0.4868565663323242,0.0,0.0,0.005920091516739749,0.004314877644296088,0.0,1.4308354353816402e-05,0.05918180622829413,0.00030827598079645837,0.0,0.0,0.00861428454278452,0.001672025293614994,0.07403468418788131,0.0,0.007633661681928313,0.0005981240684494225,0.0,0.0,0.028597993011329932,0.0,0.0
s03M0923,0.0,0.0,0.0036969187353244446,0.00362765386260433,0.0,0.0,0.6395431701389072,0.0,0.0,0.0,0.0015039774849443638,0.2118228858997495,0.0,0.0,0.0,0.0,4.587423878874079e-05,0.0,0.002786324891328708,0.0911319066732461,0.035993096079529836,0.0,0.0033062177141467554,0.0,0.0,0.0,0.0065419742814300215,0.0,0.0
s04M0923,0.44526185190642836,0.0,0.0,0.0002305785438751497,0.0,0.0,0.0,0.0,0.0,0.0,0.0,0.14724388233331864,0.0,0.0,0.12112340050636974,0.0,0.0,0.0,0.05609101358314596,0.06482467743377307,0.03481910289557198,0.0,0.0775017876679112,0.052903705129605884,0.0,0.0,0.0,0.0,0.0
s05M0923,0.039144600396717646,0.0,0.0,0.009923589660347043,0.0012832212681157546,0.0003890922033087984,0.0,0.0,0.0,0.0,0.0019814394646420425,0.09904076998324053,0.0,0.0,0.2902249511274756,0.0005846490782359952,0.0,0.0,0.0,0.0006223486377231968,0.01762270248530502,0.0,0.5334468725666796,0.004850839866543332,0.0,0.0,0.0008849232616654749,0.0,0.0
s06M0923,0.34485969115986226,0.0,0.0030436527435097702,0.0,0.007159642046129788,0.0007920757713758687,0.030296386841357232,0.0,0.0,0.0,0.0018577293420775443,0.1965637346964833,0.0,0.0030204064037882834,0.0513155480277846,0.001798749860458721,0.0,0.0026083843832237267,0.027935509199357975,0.0,0.16594452419791572,0.012750363543013555,0.06555819677151681,0.06932244312631104,0.0,0.0,0.015172961885833848,0.0,0.0
s07M0923,0.048379434800191065,0.0,8.777109863374879e-05,0.0,0.0,0.0008677911401889046,0.543359010557973,0.00024114557953451208,0.0,0.0,0.0038793526079083955,0.010859538475200508,0.0,0.0001594634823143055,0.0065462301376922475,0.006319226235391471,0.0,0.0,0.0,0.00010519463918579547,0.22277687505687024,0.0,0.0,0.03936101350164986,0.0,0.0,0.11705795268726596,0.0,0.0
s08M0923,0.0,0.0,0.0,0.0,0.0,0.0,0.0,0.0,0.0,0.20024170044071732,0.4461139747573121,0.0,0.0,0.0,0.0,0.0,0.35364432480197056,0.0,0.0,0.0,0.0,0.0,0.0,0.0,0.0,0.0,0.0,0.0,0.0
s09M0923,0.0,0.0,0.0,0.0,0.0,0.0,0.0,0.0,0.0,0.1585670494537257,0.474893483265456,0.0,0.0,0.0,0.0,0.0,0.3665394672808183,0.0,0.0,0.0,0.0,0.0,0.0,0.0,0.0,0.0,0.0,0.0,0.0
s10M0923,0.0,0.0,0.0005170695829584256,0.0,0.0,0.0,0.0,0.0,0.0,0.18951050345842047,0.5862803624592804,0.0,0.0,0.0,0.0,0.0,0.2236920644993407,0.0,0.0,0.0,0.0,0.0,0.0,0.0,0.0,0.0,0.0,0.0,0.0
s11M0923,0.0,0.0,0.00027999495770644826,0.0,0.0,0.0,0.0,0.0,0.0,0.19785779488036837,0.6129622082556764,0.0,0.0,0.0,0.0,0.0,0.1889000019062488,0.0,0.0,0.0,0.0,0.0,0.0,0.0,0.0,0.0,0.0,0.0,0.0
s12M0923,0.0,0.0,0.0,0.0,0.0,0.0,0.0,0.0,0.0,0.21427275191046083,0.7736518694517325,0.0,0.0,0.0,0.0,0.0,0.005733416468565247,0.0,0.0,0.0,0.0,0.0,0.0,0.0,0.0,0.0,0.00634196216924128,0.0,0.0
s13M0923,0.0,0.0,0.0,0.0,0.0,0.0,0.0,0.0,0.0,0.1850664102800208,0.7863752100979121,0.0,0.0,0.0,0.0,0.0,0.02855837962206715,0.0,0.0,0.0,0.0,0.0,0.0,0.0,0.0,0.0,0.0,0.0,0.0
s14M0923,0.00747577833145899,0.0,0.00036719043681071454,0.0,0.0,0.0,0.09110639962439444,0.0010700784008335694,0.0,0.04475487559813971,0.5275324982846078,0.07737374351044489,0.0,0.0,0.0,0.007515928111133746,0.0,0.0038075878093654634,0.0013789153966108335,0.0,0.17941176857228086,0.0016566966588806443,0.0,0.008961068751123022,0.0,0.0,0.04758747051391536,0.0,0.0
s15M0923,0.09061683615748835,0.0,0.0003302219240431658,0.0,0.0,0.0015456732320688021,0.16858778163647847,0.007294928038362094,0.0,0.0,0.09454049808519616,0.005246627203151436,0.0,0.0,0.0013791139118556853,0.02477204458060435,0.0,0.0048100605244051865,0.0031056440713894858,0.0009250736653690494,0.46554173568376944,0.001613662584477743,0.0,0.05436276193632988,0.0,0.0,0.0749874789979605,0.00033985776705008615,0.0
s01X0923,0.23897258636409024,0.0,0.0008750972436446296,0.00017786664067557492,0.0,0.0,0.1503490572147021,0.007260932966582599,0.0,0.0,0.014668845125836856,0.006732777707915895,0.000492461600959461,0.0050786055537904145,0.00616802908808436,0.013713614801000328,0.003667338648775847,0.0030651942869188323,0.0026486303935115314,0.0021488120525497674,0.4970464187449163,0.0,0.001852246342908588,0.02295020203421275,0.0,0.0,0.020552185873269933,0.001579097315653941,0.0
s02T0923,0.46723850082389373,0.0,0.0037463377933155705,0.0,0.0,0.0002668712325046608,0.3495607903261244,0.007728568521973284,0.00013451938574997243,0.006768406149914353,0.019459207991265316,0.008766474735392342,0.0,0.005614551092892784,0.008762568961964175,0.006990451197368753,0.00490246818479531,0.0,0.0011463459482063702,0.006181731146034844,0.06823338906169572,0.0,0.0002688332776531732,0.01968036040504675,0.0,0.0,0.00993221941848568,0.0036045083846996543,0.0010128959610232367
s03T0923,0.04194987346783029,0.0,0.0,0.0,0.0,0.0,0.30944091300167914,0.0,0.0,0.00017835155344779658,0.002336773234445329,0.6242419017316073,0.0,0.0,0.0011720777676920834,0.0009453054896445889,5.8512846193709915e-05,0.0,0.0,0.0008589343697027719,0.011347108621839515,0.0,0.0,0.00555733841098237,0.0,0.0,0.0019129095049351048,0.0,0.0
s04T0923,0.32202942805577195,0.0,0.0,0.0,0.0,0.03236881384354832,0.48231929002978335,0.003033239955382977,0.0,0.0,0.005683161922452807,0.009029845726027115,0.0007932488607562257,0.0027945080672185014,0.016775413414075093,0.00549028446242957,0.0005621547502636085,0.0,0.0,0.05535251249870267,0.029822173690264336,0.0,0.0004763408082542416,0.025690546403465953,0.0,0.0,0.00624706135630148,0.0010304246108415614,0.0005015515444601902
s05T0923,0.18567999292044074,0.0,0.0,0.05254189147740002,0.0,0.00026502005462114103,0.1867136949957544,0.0,0.0,0.0,0.001669313824885749,0.01254139129326739,0.0,0.0019066341951094032,0.5050932016241821,0.0017248951930244577,5.9849799855456646e-06,0.0,0.0,0.0019515654792081072,0.03055496598656555,0.0,0.017064295290378163,0.0015299936211490175,0.0,0.0,0.0007571590640281362,0.0,0.0
s06T0923,0.0,0.0,0.0,0.0,0.0,0.006462883507300091,0.15563642287406781,0.0,0.0,8.190809716768685e-05,0.00013046261839182809,0.005694786242946567,0.0,0.0,0.3495370059359662,0.0,0.0,0.0,0.015153061675430912,0.4604365097432547,9.30473519516657e-05,0.0,0.0067739119535225175,0.0,0.0,0.0,0.0,0.0,0.0
s07T0923,0.0,0.0,0.0,0.0,0.0,0.0,0.9727871715000466,0.0,0.0,0.0,0.00032704321013548405,0.0,0.0,0.0,0.02621440128089717,0.0,0.0,0.0,0.0,0.0006713840089208134,0.0,0.0,0.0,0.0,0.0,0.0,0.0,0.0,0.0
s08T0923,0.0,0.0,0.0,0.0,0.0,0.0,0.0,0.0,0.0,0.19518278155761437,0.3567267618996654,0.0,0.0,0.0,0.0,0.0,0.4480883778626247,0.0,0.0,0.0,0.0,0.0,2.078680095524101e-06,0.0,0.0,0.0,0.0,0.0,0.0
s09T0923,0.0,0.0,0.0,0.0,0.0,0.0,0.0,0.0,0.0,0.20493819709575306,0.4807763742069589,0.0,0.0,0.0,0.0,0.005967745541003608,0.3083176831562845,0.0,0.0,0.0,0.0,0.0,0.0,0.0,0.0,0.0,0.0,0.0,0.0
s10T0923,0.0,0.0,0.0013504769892325286,0.0,0.0,0.0,0.0021157262463192086,0.0,0.0,0.28662337780338293,0.6009412316368254,0.0,0.0,0.0,0.0,0.02693425223303506,0.08001291107610965,0.0,0.0,0.0,0.0,0.0,0.0,0.0,0.0,0.0,0.0,0.0,0.002022024015095091
s11T0923,0.0,0.0,0.0006031507259911724,0.0,0.0,0.0,0.0,0.0,0.0,0.31135124826275073,0.6093849133020416,0.0,0.0,0.0,0.0,0.0022932739160164053,0.07636741379320015,0.0,0.0,0.0,0.0,0.0,0.0,0.0,0.0,0.0,0.0,0.0,0.0
s12T0923,0.0,0.0,0.0004795880668386642,0.0,0.0,0.0,0.0,0.0,0.0,0.3598126241523981,0.6270416558357591,0.0,0.0,6.557065829471773e-05,0.0,0.0087732396731671,0.003827321613542241,0.0,0.0,0.0,0.0,0.0,0.0,0.0,0.0,0.0,0.0,0.0,0.0
s13T0923,0.0,0.0,0.0,0.0,0.0,0.0,0.0,0.0,0.0,0.2779831468071623,0.7141193021269655,0.0,0.0,0.00017948027998192313,0.0,0.007718070785890347,0.0,0.0,0.0,0.0,0.0,0.0,0.0,0.0,0.0,0.0,0.0,0.0,0.0
s14T0923,0.0,0.0,0.00010577704268278069,0.0,0.0,0.0,0.0,0.0,0.0,0.25020096652710516,0.5949911299499968,0.0,0.0,0.0002331158294490425,2.788425097539282e-05,0.002347387115769647,0.0,0.0007111788363423045,0.0,0.0001388786751582905,0.07559217668453497,0.0,0.0,0.07368234768367965,0.0,0.0,0.001969157404306053,0.0,0.0
s15T0923,0.0,0.0,0.0,0.0,0.0,0.0,0.205149658132394,0.0007435112754846815,0.0,0.022038177930564205,0.15232350520036203,0.0221744125187438,0.0,0.0,0.00010062189138731197,0.010214231369888364,0.0,0.001613133731080479,0.0,0.06245863343009897,0.34178868212310093,0.0,0.0,0.10702415445852162,0.0,0.0,0.07437127793837353,0.0,0.0
s02M1023,0.36430394522484477,0.0,0.0,0.0,0.0,0.0,0.5777879478042657,0.0016435764183016927,0.0,0.0,0.0016360745308342298,0.006205099643770903,0.0,0.0012649691918251629,0.010147076781425585,0.004145136459589215,0.00021034227853285506,0.0,0.0018959494789377459,0.0036069182421420384,0.018783332783770035,0.0,0.003791453960388526,0.0045781772013714665,0.0,0.0,0.0,0.0,0.0
s03M1023,0.04867033840988346,0.0,0.0010321510128904424,0.0,0.001597727138909468,0.00044484601485763757,0.6345828543693383,0.0,0.0,0.0,0.0,0.0,0.0,0.0007757607577105927,0.1484399583364659,0.0,0.0,0.0,7.425642117962262e-05,0.16119617734399938,0.002859545294509344,0.0,0.000326384900256023,0.0,0.0,0.0,0.0,0.0,0.0
s04M1023,0.3291409678558329,0.0,0.0,0.005605753573125412,0.008452705265547167,0.0008286685591475972,0.28355585028602365,0.009203396312914586,0.0,0.0,0.0005063700889849817,0.07602076292797356,0.0,0.00045059993175511104,0.00817584379841361,0.0014272068595406002,0.00012341456502598755,0.0,0.01807098643745999,0.0031541984892648686,0.007920160689989958,0.0,0.24736311435900005,0.0,0.0,0.0,0.0,0.0,0.0
s05M1023,0.21907291865149736,0.0,0.0,0.0,0.005173149547831812,0.0,0.6927182702440422,0.002760147787818749,0.0,0.0,0.0,0.0025198124517539057,0.0,0.0011548974383546267,0.005477834119934417,0.0009254080902632133,0.0,0.0,0.006690703120086196,0.0026394266259077296,0.005977417535201517,0.0,0.054890014387308415,0.0,0.0,0.0,0.0,0.0,0.0
s06M1023,0.2504336572360091,0.0,0.0009001277109599269,0.0,0.020977740834432483,0.0,0.21485567908936207,0.0008374685335686364,0.0,0.0,0.0,0.003126381678236445,0.0,0.002434267110652145,0.06497935235332938,0.000973163545554498,0.0,0.0,0.005926836579434715,0.047582017422264485,0.009636372298712496,0.0,0.3769395493855939,0.0003973862218897593,0.0,0.0,0.0,0.0,0.0
s07M1023,0.07787698538445566,0.0,0.0,0.0,0.0,0.0,0.7781387771014373,0.0,0.0,0.0,0.0,0.02783862817243399,0.0,0.0,0.046594206183111726,0.0008948183688174834,0.00025499769570086413,0.0,0.0,0.057347252788726676,0.008531789201454438,0.0,0.0,0.0025225451038618503,0.0,0.0,0.0,0.0,0.0
s08M1023,0.0,0.0,0.0,0.0,0.0,0.0,0.0,0.0,0.0,0.2522780841870418,0.43482685851590736,0.0,0.0,0.0,0.0,0.0,0.312895057297051,0.0,0.0,0.0,0.0,0.0,0.0,0.0,0.0,0.0,0.0,0.0,0.0
s09M1023,0.0,0.0,4.9707403573683644e-05,0.0,0.0,0.0,0.0,0.10065559601371218,0.0,0.25333995989530705,0.41392313121343466,0.0,0.0,0.0,0.0,0.0019547939663916705,0.23007210701443936,0.0,0.0,0.0,0.0,0.0,0.0,0.0,4.704493141090162e-06,0.0,0.0,0.0,0.0
s10M1023,0.08160772916832879,0.0,0.0011866400776710888,0.0,0.0007728199241498963,0.0,0.053997086383331894,0.009222613540240437,0.0004438146748656188,0.14775921977684048,0.34576093676279096,0.06879920408730608,0.0,0.0,0.0,0.07219425010838947,0.004322417546076775,0.004811895087284276,0.0065269598468271645,0.0,0.09226805654191805,0.011964103107169135,9.215925924950904e-05,0.007966032958254585,0.0,0.0,0.08665822361865123,0.0,0.0036458375306545935
s11M1023,0.00019675400095656956,0.0,0.00017198222303497547,0.0,0.0,0.0,0.0,0.0,0.0,0.34602498561022205,0.5564282261043654,0.0,0.0,7.001685019488535e-05,0.0,0.0004860520616567567,0.0965347940943938,0.0,3.6537292904184474e-05,5.065176227149525e-05,0.0,0.0,0.0,0.0,0.0,0.0,0.0,0.0,0.0
s12M1023,0.012220400137088687,0.0,0.0002027634124275281,0.0,0.0,0.0,0.0,0.0,5.345985420582853e-05,0.3118727565551818,0.4777244153068347,0.0,0.0,8.49398448499353e-05,0.0002668878875539998,0.0017128651625509242,0.19253114002096572,0.0009644788933741373,0.00023850617535007605,3.0384865796621536e-05,0.0,0.001141925737237986,0.00020186850194046382,0.0,0.0007423675365468923,0.0,0.0,1.0840108094728121e-05,0.0
s13M1023,0.0007457325458209119,0.0,0.0003951100268236168,0.0,0.0,0.0,0.00436754891581006,0.0,0.0,0.19887999822973423,0.5089790033147292,0.0008332904254667236,0.0,8.39765224375809e-07,0.0,0.002175954273511899,0.0,0.00032320097424204684,0.0,0.00011700419004336499,0.017001176723287412,0.0,4.283003250213509e-05,0.2620562578828102,0.0,0.0,0.004082052699993892,0.0,0.0
s14M1023,0.0,0.0,0.0,0.0,0.0,0.0,0.07671963291899905,0.0,0.0,0.002440253858452644,0.017153961042013,0.0,0.0,0.0,0.0,0.0,2.85090100330478e-05,0.0,0.0,0.0,0.032138106898289776,0.0,0.0,0.8714389843266753,0.0,0.0,8.055194553713064e-05,0.0,0.0
s15M1023,0.0,0.0,0.0,0.0,0.0,0.0,0.036421750070400355,0.00044272062070380895,0.0,0.0,0.015413923993934528,0.7735003607661792,0.0,0.0,0.0,0.004858550097493183,0.0,0.0,0.0,0.0,0.1624739289273987,0.0,0.0,0.0019384357264908485,0.0,0.0,0.004950329797399254,0.0,0.0
s01X1023,0.10570167861960217,0.0,0.0,0.0,0.0,0.0,0.8597899335282491,0.0,0.0,0.0,0.0007315749677861737,0.0,0.0,0.0,0.0004994054324315837,0.0,0.0,0.0,0.0,0.030397536551121953,0.0026025733000953734,0.0,0.0,0.0002772976007136403,0.0,0.0,0.0,0.0,0.0
s02T1023,0.02524783845590638,0.0,0.00026707753494200053,0.0,0.0,0.0,0.9739797042129266,0.0,0.0,0.00013774279746108238,0.0,0.0,0.0,0.0,0.0,0.0,0.0003676369987639727,0.0,0.0,0.0,0.0,0.0,0.0,0.0,0.0,0.0,0.0,0.0,0.0
s03T1023,0.5607680985224127,0.0,0.002451261395865008,0.0,0.0,6.31336656291862e-05,0.376135184886129,0.0,0.0,0.0,0.0007100174680417216,0.011641403384590219,0.0,0.0022879116396088226,0.006798035707630201,0.00031161875755731034,0.0001121753854514644,0.0,0.0,0.0009796764915684128,0.03464081987576983,0.0,0.0,0.0018875819880593767,0.0,0.0,0.001213080831686754,0.0,0.0
s04T1023,0.6522780225926147,0.00011534719621898197,0.003904783552328726,0.0,0.0015690525142022,0.0,0.0232802480388826,0.0,0.0,0.0003396133618348057,0.0,0.030566473065027265,0.0,0.007579027755630185,0.0037910102010428044,0.002652099891080678,0.0003345210171708699,0.0,0.0006642008763163209,0.25148502446568527,0.005000756245879107,0.012587850780205101,0.0017218109839052544,0.0019252765208506032,0.0,0.0,3.948063384025872e-05,0.0,0.00016540030728442982
s05T1023,0.5654053835868521,0.0,0.003965594249860373,0.0,0.0003540599116494714,0.0,0.06465139632610047,0.0025826879003693444,0.0,0.0,0.000292102601833639,0.00373981276454367,0.0,0.011992671098407534,0.0038124532883567984,0.0030273883995718532,1.6461211065951396e-05,0.0,0.002515397613488456,0.0025514704897237265,0.04858795957044082,0.00141448831689023,0.26607976531427124,0.00658736533778579,0.0,0.0,0.011089804268166721,0.001010042720297263,0.00032369503032478704
s06T1023,0.7862783714153597,0.0,0.00975120760433927,0.0,0.0036877272219131606,0.0,0.04884166024009636,0.00260156232943225,0.0,0.0,0.0002711372183944658,0.003295843114175284,0.0,0.018449711940144314,0.02272936589004852,0.0021582764944149315,1.0786715514483798e-05,0.0010193381248476748,0.0027542878299894424,0.006004026453925204,0.0344772334708113,0.04078831037150734,0.010656984539280042,0.0033035297772423837,0.0,0.0,0.0008620747895485293,0.002058564459015095,0.0
s07T1023,0.24112720624798448,0.0,0.0,0.0,0.0,0.0014150873126438687,0.5241572029879457,0.0,0.0,0.0,0.002972061269469852,0.0737022545469137,0.0,0.0,0.0006375782649836985,0.003883819500659116,0.0,0.0,0.0,0.0013365731400683406,0.029754617320763458,0.0,0.0,0.10382926477077468,0.0,0.0,0.016653376090365712,0.0,0.0005309585474272519
s08T1023,0.0,0.0,0.0,0.0,0.0,0.0,0.0,0.0,0.0,0.1940972704382864,0.4146324755453303,0.0,0.0,0.00013872069148344957,0.0,0.00011346260243425444,0.39069760829411615,0.0,0.0,5.3092754305180186e-05,0.0,0.0,7.647577501213471e-05,0.0,0.0001908938990320128,0.0,0.0,0.0,0.0
s09T1023,0.0,0.0,0.00011054291245271087,0.0,0.0,0.0,0.0,0.0,0.0,0.3429900644577255,0.5526591939011268,0.0,0.0,0.0,0.0,0.08104389547004533,0.021373661582509654,0.0,0.000213023392292586,9.289798061842126e-06,0.0,0.0001071406526717921,0.0,0.0,0.0,0.0,0.0014931878331136852,0.0,0.0
s10T1023,0.0,1.4828597879989211e-05,6.064141868006282e-05,0.0,0.0,0.0,0.0,0.0,0.0,0.37580930788458217,0.605229973350213,0.0,0.0,1.1291083059295347e-05,0.0,0.007179870451204586,0.011663797722973825,0.0,0.0,3.0289491407032698e-05,0.0,0.0,0.0,0.0,0.0,0.0,0.0,0.0,0.0
s11T1023,0.0046153183275345075,0.0,0.0005564552991001736,0.0,0.0,0.0,0.0,0.0,0.0,0.2919422025928121,0.6076547503708499,0.0,0.0,0.00017814799516559097,0.0,0.030068115145998546,0.002531171286087414,0.0,0.00027124092260869296,5.834868971991697e-05,0.040486127379305493,0.0,0.0,0.0,0.0,0.0,0.02163812199081766,0.0,0.0
s12T1023,0.0,0.0009798324567842952,0.00010138613347105351,0.0,0.0,0.0,0.0,0.0,0.0,0.3332799792572693,0.6250642279759075,0.0,0.0,4.558670326813595e-05,0.0,0.0,0.04045311850710694,0.0,0.0,6.648376407478313e-05,0.0,0.0,9.385202117848031e-06,0.0,0.0,0.0,0.0,0.0,0.0
s13T1023,0.0,0.0,5.051891575652822e-05,0.0,0.0,0.0,0.0,0.0,0.0,0.34375985119649277,0.5986835837483614,0.0,0.0,0.0007937441304171212,0.0,0.0,0.05671230200897218,0.0,0.0,0.0,0.0,0.0,0.0,0.0,0.0,0.0,0.0,0.0,0.0
s14T1023,0.0,0.0,0.00016279676644246154,0.0,0.0,0.0,0.0,0.0,0.0,0.2128164518526916,0.4763532153092137,0.0,0.0,0.0003492189223320446,0.0,0.0,0.009962974835500824,0.0,0.0,0.0,0.01501093410066022,0.0,0.0,0.28534440821315915,0.0,0.0,0.0,0.0,0.0
s15T1023,0.04582486968360402,0.0,0.0,0.0,0.0,0.0,0.4483722650071154,0.0030940891500560244,0.0,0.0,0.026109426901311843,0.0,0.0,0.0,0.0009393479034656147,0.01650223934577739,0.0,0.0,0.0,0.0013689820784451876,0.3852258346022101,0.0,0.0,0.02538331869095381,0.0,0.0,0.047179626637060476,0.0,0.0
s02M1123,0.7554714909162998,0.0,0.0,0.0,0.0,0.0,0.20082813405773955,0.0,0.0,0.00876905451227895,0.009271359267141224,0.0,0.0,0.0,0.0,0.0,0.003220914876086396,0.0,0.0,0.0,0.020904522183719996,0.0,0.0,0.00021354828558747902,0.0,0.0,0.0013209759011465186,0.0,0.0
s03M1123,0.9649609106132289,0.0,0.0,0.0,0.0,0.0,0.0,0.0,0.0,0.0,0.00017676592318559642,0.0,0.0,0.0,0.001612406816560334,0.0,0.0,0.0,0.0,0.0,0.03045431592298289,0.0,0.0,0.0004076679020441787,0.0,0.0,0.002387932821998203,0.0,0.0
s04M1123,0.2038508482213914,0.0,0.004759147210849713,0.0,0.0013343472654221008,0.0020898644590183913,0.16608055899425023,0.0,0.0,0.0,0.001433504348630593,0.0024696780167784978,0.0,0.005744673494759025,0.3978116623842399,0.0,0.0006039807426225527,0.0,0.0,0.17164842673938804,0.018774423239511947,0.018761754982294012,0.00016955405086137865,0.002859313355390485,0.0,0.0,0.0016082624945916492,0.0,0.0
s05M1123,0.45307057322677774,0.0,0.00029339321855923454,0.0,0.002169837619777401,0.0022929366105171297,0.04584111295220765,0.0016358562706296526,0.0,0.0,0.0009183819512837385,0.011773877771645083,0.0,0.007183452539705402,0.29595042963000195,0.002177552344230468,0.0,0.0,0.01024479344627614,0.02864024014035247,0.028200299956890548,0.005209947885209772,0.10239986077776007,0.001178369892848197,0.0,0.0,0.0002094731264224818,0.0006096106389045722,0.0
s06M1123,0.34553568622975506,0.0,0.014041310147078484,0.0,0.003234213764261164,0.00033523918095107187,0.017891980843864678,0.0,0.0,0.0,0.0,0.3613135731144108,0.0,0.014998679238827493,0.0012362827643893285,0.0,0.0,0.0,0.0,0.17020380665967375,0.0,0.05354577524105395,0.017663452815734185,0.0,0.0,0.0,0.0,0.0,0.0
s07M1123,0.9379594016099115,4.4596668564105805e-06,0.0,0.0,0.0,7.01105345587532e-05,0.04820865096295942,0.0,0.0,0.0005107116222142751,0.001823907855923501,0.0,0.0,0.0,0.0,0.0,0.0,0.0,0.0,0.0,0.005858576517221922,0.0,0.0,0.0031598413504347867,0.0,0.0,0.0016643361103977619,0.0,0.000740003769521549
s08M1123,0.0,0.0,6.427050081190657e-05,0.0,0.0,0.0,0.0,0.0,0.0,0.26595257645013026,0.4817192038525376,0.0,0.0,0.0,0.0,0.00024444195409479826,0.2520160965367766,0.0,0.0,3.4107056489687558e-06,0.0,0.0,0.0,0.0,0.0,0.0,0.0,0.0,0.0
s09M1123,0.0,0.0,0.0,0.0,0.0,0.0,0.0,0.0,0.0,0.18314919920677417,0.3625897810421962,0.0,0.0,0.0,0.0,0.43592304402547494,0.00682663853619136,0.0,0.0,0.0,0.0,0.0,0.0,0.0,0.0,0.0,0.01151133718936326,0.0,0.0
s10M1123,0.013406240162506513,0.0,8.911333769009896e-06,0.0,0.0005317364008641711,0.0,0.0,0.0,7.438326210048557e-05,0.006410513581267645,0.017502943746556983,0.0,0.0,0.0,0.0,0.896472704128269,0.0,0.0,0.0024744532273333866,0.012604735287438646,0.039369079605776854,0.0034452765335177705,0.0,0.0,0.0,0.0,0.007699022730599575,0.0,0.0
s11M1123,0.0,0.0,5.62955017123517e-06,0.0,0.0,0.0,0.0,0.0,0.0,0.17256881894039208,0.38551872195431347,0.0,0.0,0.0,0.0,0.3491468544802704,0.0,0.0,0.00022013325990582263,0.0,0.04783009961632515,0.0,0.0,0.0,0.0,0.0,0.04470974219862203,0.0,0.0
s12M1123,0.03986581145835383,0.0,0.011096610378091603,0.0,8.200055707582246e-05,0.0,0.010823790185520073,0.0,0.0,0.104862136226235,0.2790211592316533,0.0,0.0,0.0007452790074376789,0.0,0.1721922984470694,0.0,0.027732141945825763,0.0006869360118595102,0.00040680832580879166,0.07392177530748886,0.0012677829534428464,0.0,0.0,0.0,0.0,0.2772954699641374,0.0,0.0
s13M1123,0.00833927064189861,0.0,0.0,0.0,0.0,0.0,0.0,0.0,0.0,0.07631918295977178,0.20730104268579225,0.0,0.0,0.0,0.0,0.056689079912029754,0.0,0.0,0.0,1.7630699246561704e-05,0.1060661289211349,0.0,0.0,0.015854190350421692,0.0,0.0,0.5294134738297045,0.0,0.0
s14M1123,0.048363115408692994,0.0,0.0003631809629488443,0.0,0.0,0.0,0.04242932598916218,0.0012988227895377473,0.0,0.03938701019832692,0.13458195555951932,0.0,0.0,0.00018116959315661406,0.00011086735614455056,0.11914497319096676,0.0,0.007232264296394716,0.0,0.0006654768768374061,0.21617489673143023,0.0,0.0,0.0011823230989129894,0.0,0.0,0.38888461794796864,0.0,0.0
s15M1123,0.10693650019115301,0.0,0.0,0.0,0.0,0.0,0.1393434402219337,0.0006738518261676864,0.0,0.0032916664894506223,0.07560257032978947,0.06499366656614453,0.0,0.0,0.0,0.04676637238059705,0.0,0.0,0.0,0.08318790819873702,0.33771495010265845,0.0,0.0,0.005741248258764493,0.0,0.0,0.13574782543460387,0.0,0.0
s01X1123,0.8773643527440654,0.0,0.0,0.0,0.0,0.0,0.0,0.0,0.0,0.0,0.0014289744920814066,0.0,0.0,0.0,0.11969467749446179,0.0,0.0,0.0,0.0,0.0,0.0,0.0,0.0,0.0009953656181400231,0.0,0.0,0.00046615627788521605,0.0,5.0473373365923556e-05
s02T1123,0.717239505174035,0.0,0.0,0.0,0.0,0.0,0.2542236078883089,0.0,0.0,0.0003906171919464278,0.0,0.0,0.0,0.0,0.0,0.0005366210814857219,0.0,0.0,0.0,0.027075789472903868,0.0,0.0,0.0,0.00034460227985451115,0.0,0.0,0.00018925691146552643,0.0,0.0
s03T1123,0.9562294561745719,0.0,0.0,0.0,0.0,0.0,0.03965725677429387,0.0,0.0,0.00011013954802393566,0.000719778378849424,0.0,0.0,0.0,0.0,0.0,0.0,0.0,0.0,0.0,0.0030751825038020926,0.0,0.0,0.0,0.0,0.0,0.00020818662045906863,0.0,0.0
s04T1123,0.5216301297687097,0.0,0.0,0.0,0.0,0.00044571135311644895,0.007875394913373388,0.0,0.0,0.0,0.0014492371028332902,0.0020516673538650406,0.0,0.0,0.0026176570262477967,0.0009158752370880142,0.0,0.0,0.0,0.10870926742107839,0.0006603074102060248,0.0,0.35027910518997785,0.002781182436185873,0.0,0.0,0.0005844647873181364,0.0,0.0
s05T1123,0.47347423886479606,3.469745140672388e-05,0.0,0.0,0.0,0.0009009864269838319,0.012473053692044198,0.0,0.0,0.0,0.0020217164743234674,0.05119525711804349,0.0,0.0,0.0004608635113625478,0.0,0.0,0.0,0.0,0.4573449752760128,0.0,0.0,0.0,0.002094211185026848,0.0,0.0,0.0,0.0,0.0
s06T1123,0.05253998282383863,0.0,0.005822863468731692,0.0,0.0015052875550211717,0.000849958679933765,0.0,0.0,0.0,0.0,0.0,0.2889305440800176,0.0,0.005164676518910523,0.2584507944110887,0.0,0.0,0.0009076041481007082,0.0,0.3781510397012908,0.0,0.0076772486130664164,0.0,0.0,0.0,0.0,0.0,0.0,0.0
s07T1123,0.7963779801070521,0.0,0.0,0.0,0.0,0.0002282106616766393,0.0002962783487618123,0.0,0.0,5.690279707662651e-05,0.0,0.20284565969408955,0.0,0.0,0.0,0.0,0.0,0.0,0.0,0.0,0.0,0.0,0.0,0.0,0.0,0.0,0.0,0.0,0.00019496839134332662
s08T1123,0.0,0.0,0.0,0.0,0.0,0.0,0.0,0.0,0.0,0.39297950534537507,0.41337230686755716,0.0,0.0,0.0,0.0,0.0,0.19364818778706783,0.0,0.0,0.0,0.0,0.0,0.0,0.0,0.0,0.0,0.0,0.0,0.0
s09T1123,0.0,0.0,7.086094753500281e-05,0.0,0.0,0.0,0.0,0.0,0.0,0.3351591535457802,0.48180876931931077,0.0,0.0,0.0,0.0,0.011345730210626051,0.17161548597674806,0.0,0.0,0.0,0.0,0.0,0.0,0.0,0.0,0.0,0.0,0.0,0.0
s10T1123,0.0,0.0,4.641497687695314e-05,0.0,0.0,0.0,0.0,0.0,0.0,0.37443651041293224,0.5592154986813113,0.0,0.0,8.061209107501051e-05,0.0,0.02081270653164453,0.03666638086355015,0.0,0.0,0.0,0.0,0.0,0.0,0.0,0.0,0.0,0.008741876442609894,0.0,0.0
s11T1123,0.0033643075662190634,0.0,0.0003066814103291888,0.0,0.0,0.0,0.0,0.0,0.0,0.3476664370084216,0.5170167525148031,0.0,0.0,6.390564421001044e-05,0.0,0.04692554579160159,0.01144009047406399,0.0,0.0,0.0001549527714297794,0.0,0.0,0.0,0.0,0.0,0.0,0.07306132681892176,0.0,0.0
s12T1123,0.0,0.0,2.4846988326276364e-05,0.0,0.0,0.0,0.0,0.0,0.0,0.3850412070242353,0.48917380142644606,0.0,0.0,0.0,0.0,0.0,0.01490620069018694,0.0,0.0,6.106833385942464e-05,0.0,0.0,0.0,0.0,0.0,0.0,0.11079287553694608,0.0,0.0
s13T1123,0.0,0.0,0.0001070912404718724,0.0,0.0,0.0,0.0,0.0,0.0,0.34392370275537065,0.5223526663771026,0.0,0.0,0.0029910079739226916,0.0,0.0021359264882025077,0.014214066088400167,0.0,0.0,2.5380892468653583e-05,0.0,0.0,0.0,0.049155260673625224,0.0,0.0,0.06509489751043551,0.0,0.0
s14T1123,0.015658276580341007,0.0,0.001386449413422608,0.0,0.0,0.0,0.0,0.0001403938173865848,0.0,0.2380933264968407,0.4179760137484986,0.0,0.0,0.0030844403730712444,0.0,0.02368762880628608,0.0009957729055012866,0.0051014582015939496,0.0,0.0004248359128247895,0.125570921555853,0.0,0.0,0.06178496067505545,0.0,0.0,0.10609552151332459,0.0,0.0
s15T1123,0.2568741626882823,0.0,0.0,0.0,0.0,0.0,0.1440761836257441,0.0,0.0,0.0,0.015098010049016104,6.80242093756067e-05,0.0,0.0,0.004419529800758493,0.05228681954558263,0.0,0.0,0.0,0.00047001570404252627,0.215081721004215,0.0,0.0,0.21990101206733695,0.0,0.0,0.09172452130564641,0.0,0.0
s02M1223,0.9151677557269646,0.0,0.0006815211697951774,0.0,0.0,0.0009673412805584613,0.01776210370524538,0.0,0.0,0.0003941409941725806,0.002210761367968478,0.016426213296975193,0.0,0.0,0.023883876223106375,0.005330462652499118,0.0001426133314849619,0.0,0.0,0.0,0.004031897203030961,0.0,0.008774552777447275,0.0029916424978664474,0.0,0.0,0.0008460558167669263,0.0,0.0003890619561183024
s03M1223,0.9517630595278718,0.0,0.0,0.0,0.0,0.0,0.0,0.0,0.0,0.00013557401465207162,2.7787196768169467e-05,0.019524086592903635,0.0,0.0,0.016142052138760195,0.0,0.0,0.0,0.0,0.0,0.00335769062834614,0.0,0.009049749900697991,0.0,0.0,0.0,0.0,0.0,0.0
s04M1223,0.9589177028360085,0.0,0.0,0.0,0.0,0.0,0.0,0.0,0.0,0.0,0.0,0.01607499374347169,0.0,0.0,0.01324617011172066,0.0,0.0,0.0,0.001053976146015905,0.0,0.002868357486050492,0.0,0.007838799676732698,0.0,0.0,0.0,0.0,0.0,0.0
s05M1223,0.6279545738242391,0.0,0.0,0.0,0.0,0.0004960739155762886,0.013509940776922476,0.0024357722962506847,0.0,0.0,0.0,0.029089643220774692,0.0,0.0,0.007318402645983762,0.0011811239675472635,0.0,0.0,0.00017335221986261107,0.0012471488126067104,0.035682879045056126,0.2657927574469525,0.014409368447630362,3.6024075924262536e-05,0.0,0.0,0.0006729393046732039,0.0,0.0
s06M1223,0.8571703287342768,0.0,0.0,0.0,0.0,0.0,0.0,0.0,0.0,0.0,0.0,0.10298586924302786,0.0,0.0,0.027914849549143198,0.0,0.0,0.0,0.0,0.0,0.0047089744576303515,0.0,0.0006755879997870489,0.0,0.0,0.0,0.006544390016134766,0.0,0.0
s07M1223,0.8004054610733253,0.0,0.0,0.0,0.0,0.0,0.15845465907011444,0.0,0.0,0.0,0.0,0.009785096091759468,0.0,0.0,0.022473084566857985,0.0,0.0,0.0,0.0,0.0,0.0012431215979065685,0.0,0.0,0.0,0.0,0.0,0.007638577600036339,0.0,0.0
s08M1223,0.0,0.0,0.0,0.0,0.0,0.0,0.0,0.0,0.0,0.4063153036645649,0.36949699895178134,0.0,0.0,0.0,0.0,0.0006937351507461529,0.22349396223290766,0.0,0.0,0.0,0.0,0.0,0.0,0.0,0.0,0.0,0.0,0.0,0.0
s09M1223,0.0,0.0,0.0,0.0,0.0,0.0,0.0,0.06896951567257965,0.0,0.33157823052655255,0.3934155915961768,0.0,0.0,0.0,0.0,0.19003206911196482,0.016004593092726054,0.0,0.0,0.0,0.0,0.0,0.0,0.0,0.0,0.0,0.0,0.0,0.0
s10M1223,0.0,0.0,0.0,0.0,0.0,0.0,0.0,0.09044832306975069,0.0,0.004684571437364014,0.010207452871103232,0.0,0.0,0.0,0.0,0.886668840084575,0.0,0.0,0.0,0.0,0.0,0.0,0.0,0.0,0.0,0.0,0.007990812537207084,0.0,0.0
s11M1223,0.0,0.0,0.0001913983563874202,0.0,0.0,0.0,0.0,0.1282811805723118,0.0,0.28933729161625527,0.438750044202766,0.0,0.0,0.0005834890485056158,0.0,0.11901199986377464,0.0,0.0,0.0,0.00018190874076968333,0.0,0.0,7.63678860942118e-06,0.0,0.0,0.0,0.02365505081062026,0.0,0.0
s12M1223,0.025554387058291807,0.0,0.0020135432414233522,0.0,0.0,0.0,0.0030917688389256602,0.0,0.0,0.2777734718869276,0.4306785280740911,0.0,0.0,0.0005534495926422762,0.0,0.033312060734658054,0.0,0.02389731134058231,0.0,0.0011687281744445057,0.0,0.0,0.0,0.01271969044875583,0.0,0.0,0.1892370606092578,0.0,0.0
s13M1223,0.0,0.0,0.0009044177063401683,0.0,0.0,0.0,0.03626467061660218,0.0,0.0,0.1916900688630637,0.31837088664978297,0.0,0.0,0.008684813260169766,0.0,0.36308157316726264,0.0,0.00026854078246816725,0.0,0.0002989567749663177,0.0,0.0,0.0,0.04424008230075477,0.0,0.0,0.03619598987858927,0.0,0.0
s14M1223,0.0346776905555515,0.0,0.00028146337536944275,0.0,0.0,0.0,0.4116770760156469,0.0,0.0,0.040201265731586645,0.06793205939694509,0.0,0.0,0.0,0.0,0.20474290326714029,0.0,0.0035521884469629367,0.0,0.0009626690818987245,0.11759491938502246,0.0,0.0,0.0162604117862655,0.0,0.0,0.10211735295761053,0.0,0.0
s15M1223,0.0,0.0,0.0,0.0,0.0,0.0,0.5221939155001142,0.0,0.0,0.0,0.007142889378978776,0.0,0.0,0.0,0.0,0.022492367232567846,0.0,0.0,0.0,0.16283208505330218,0.21795608912521441,0.0,0.0,0.04611790212271528,0.0,0.0,0.02126475158710729,0.0,0.0
s01X1223,0.4331931082875104,0.0002448119438803115,0.0,0.0032161419042944775,0.0,0.0012112878945409042,0.07235298635380245,0.0,0.0,0.0,0.0069642806973555585,0.03740044964842666,0.0,0.0,0.0016912361763913493,0.02289147979583864,0.0,0.0018967127727870484,0.0,0.367337188313167,0.019984352658807207,0.0,0.0,0.014924222558179682,0.0005833933405931459,0.0,0.012364905774048963,0.0,0.0037434418803760213
s02T1223,0.5856142666054679,0.0,0.005822924192810934,8.428634412145656e-05,0.0,0.0031193432001974386,0.10389618489239483,0.004290809918252837,0.0,0.0,0.010074393176078753,0.12358672529807187,0.0,0.008639887978211988,0.03691519796593762,0.07778476625225564,0.003384488409574319,0.0031979043610473957,0.002399728289667722,0.005403029699086818,0.003916663184662253,0.0,0.0,0.012435683854697588,0.0,0.0,0.007394479214971852,0.0013365691577517855,0.0007026680047388854
s03T1223,0.8184674454746453,0.0,0.0,0.0,0.0,0.00014956665056478454,0.06154159125199895,0.005425304913607444,2.1331141059237373e-05,0.0,0.0032286176921765782,0.045498421221758734,0.0,0.0,0.00828559493347142,0.0251639696815395,0.0,0.0,0.0,0.005427391429943498,0.005923116403693969,0.0,0.0,0.006547315171890672,0.0,0.0,0.011982643488693993,0.002337690544956046,0.0
s04T1223,0.154443671600439,0.0,0.0020446180424964397,0.0,0.0,0.008847777763205571,0.0,0.0,0.0,0.0,0.0,0.7880230084596942,0.0,0.005173658837985088,0.01689754183943316,0.002737568314892731,4.516174975932549e-06,0.0,0.0009193037083449668,0.015072425034402814,0.0,0.0021417574257151435,0.003694152798414905,0.0,0.0,0.0,0.0,0.0,0.0
s05T1223,0.7784006455109203,0.0,0.008540176863874897,0.0,0.0,0.0009753507390323426,0.06687184041155894,0.006402819068639312,2.326904242964485e-05,0.0,0.0,0.009379094264160129,0.0,0.05898703509456397,0.007174788661759375,0.00684619302567356,7.596519830461333e-05,0.00029724203695868966,0.015775314369456544,0.006128166663000404,0.008470531655324793,0.016304564847283265,0.0038505461497912105,0.0025818130742173476,0.0,0.0,0.00019919411265957202,0.002715449210391248,0.0
s06T1223,0.41424697630457474,0.0,0.043502279458909075,0.0,0.0026372314265705296,0.007245375623415009,0.0,0.0,0.0,0.001050490692209161,0.0010985595732198661,0.04194399177395911,0.0,0.039061352716739675,0.004380675026928727,0.006350678960938121,0.0,0.0,0.01400507630973106,0.3869792745956027,0.0,0.03097263148922196,0.0006218168264526758,0.0030508403457470724,0.0,0.0,0.002520125756034952,0.0,0.00033262311974533755
s07T1223,0.7394836661327387,0.0,0.0,0.0,0.0,0.002124670410708691,0.034427076741193545,0.0004079301894636651,0.0,0.0,0.004999554869553964,0.10308511796378733,0.0,0.0,0.03885470247941603,0.060859053183188905,0.0,0.0,0.0,0.0022233185396183944,0.0,0.0,0.0,0.0080656930307441,0.0,0.0,0.005073545274990653,0.0,0.00039567118459603757
s08T1223,0.0,0.0,0.0,0.0,0.0,0.0,0.0,0.0,0.0,0.3351742506419126,0.3940904503639557,0.0,0.0,0.00035274781612466924,0.0,0.008437209459278372,0.26177119797816223,0.0,0.0,0.00017414374056658953,0.0,0.0,0.0,0.0,0.0,0.0,0.0,0.0,0.0
s09T1223,0.0,0.0,0.0,0.0,0.0,0.0,0.0,0.2857640568890119,0.0,0.056053698338164655,0.11028958602451312,0.0,0.0,0.0,0.0,0.5447440990193868,0.0017728692225692827,0.0,0.0,0.0,0.0,0.0,0.0,0.0,0.0,0.0,0.0013756905063542584,0.0,0.0
s10T1223,0.0,0.0,0.0,0.0,0.0,0.0,0.0,0.0,0.0,0.0,0.0,0.0,0.0,0.0,0.0,0.9780080032421219,0.0,0.0,0.0,0.01652382597721033,0.0,0.0,0.0,0.0,0.0,0.0,0.005468170780667818,0.0,0.0
s11T1223,0.0,0.0,0.001002967487196343,0.0,0.0,0.0,0.0,0.0,0.0,0.10841916009672432,0.21083375551888767,0.0,0.0,0.0,0.0,0.6338635450763169,0.003203823717307497,0.0,0.0,2.198200365223724e-05,0.0,0.0,0.0,0.0,0.0,0.0,0.04265476609991498,0.0,0.0
s12T1223,0.0445189434168899,0.0,0.014449029618990665,0.0,0.0003824018656284327,0.0,0.023436447990094065,0.0,0.0,0.048323483557747564,0.10716905227494174,0.0,0.0,0.0020484030042225883,0.0,0.2955695394675388,0.0010925548893063167,0.047035439835060526,0.0003318666375684823,0.000706628663515196,0.0,0.0008410466989963507,0.0,0.06636143653068555,0.0,0.0,0.3477337255488138,0.0,0.0
s13T1223,0.0,0.0,0.0,0.0,0.0,0.0,0.10249242718521902,0.0,0.0,0.03627090838140474,0.06283467806037711,0.0,0.0,0.0001123703548306966,0.0,0.6134877477029308,0.0,0.004941447072699529,0.0,0.07254552674926792,0.0,0.0,0.0,0.0,0.0,0.0,0.10731489449327,0.0,0.0
s14T1223,0.002897151841238031,0.0,0.0007041818094140058,0.0,0.0,0.0,0.02046283696783246,0.0,0.0,0.0,0.000287924506677628,0.0,0.0,0.001621701609256879,0.0,0.06262613972381102,0.003427364003507909,0.0004064551046299463,0.0,0.00036678755744547057,0.036900381855799726,0.0,0.0,0.8418077891830056,0.0,0.0,0.02849128583738119,0.0,0.0
s15T1223,0.2595201504347656,0.0,0.0,0.0,0.0,0.0019640470788644796,0.15406638635889372,0.0025589339937597743,0.0,0.0,0.008586312472052545,0.0020163843096235017,0.0,0.0,0.022810249183471906,0.1885085664199447,0.0,0.0037840644545415387,0.0,0.002045245065491996,0.31754079411759384,0.0,0.0,0.004551640609559499,0.0004498230143886162,0.000256529317449304,0.030514919251803965,0.0008259539177951877,0.0
s02M1323,0.9499063884505984,0.0,0.0,0.0,0.0,0.0,0.0,0.0,0.0,0.001030872270046485,0.0,0.013555568127541214,0.0,0.0,0.0059003335834203205,8.020547279935159e-05,0.0003634555890759509,0.0,0.005995827884642688,0.0,0.0,0.0,0.02316734862187559,0.0,0.0,0.0,0.0,0.0,0.0
s03M1323,0.7060585049718789,0.0,0.0,0.0,0.0,0.0,0.0,0.0,0.0,0.0,0.0,0.18349504381679713,0.0,0.0,0.05156773873608839,0.0015299414373305667,0.0,0.0,0.05734877103790496,0.0,0.0,0.0,0.0,0.0,0.0,0.0,0.0,0.0,0.0
s04M1323,0.34047651116156774,0.0,0.0027756030065175788,0.0,0.02766893243440947,0.0,0.0,0.0,0.0,0.0,0.0,0.00025662734636766783,0.0,0.0760306218413464,0.034066499901955025,0.0,0.0,0.0,0.07639898596038874,0.04151016958310647,0.0,0.0024389467054347826,0.39837710205890614,0.0,0.0,0.0,0.0,0.0,0.0
s05M1323,0.6301810773849671,0.0,0.0,0.0,0.05819712399675717,0.0,0.0,0.0,8.7709567962726e-05,0.0,0.0,0.17915885855297808,0.0,0.017340546556461202,0.04206924106646601,0.002514885490917748,0.0,0.0,0.0182855218489729,0.0006285321490830508,0.0,0.00134149997240625,0.05019500341302766,0.0,0.0,0.0,0.0,0.0,0.0
s06M1323,0.7628297224865609,2.141119905612763e-05,0.03637581009000128,0.0,0.0033690814680091105,0.0005499591979379903,0.01238498711662861,0.0,0.0,2.3311934089184637e-06,0.0,0.074623167659529,0.0,0.023222510439291657,0.04115113468687404,0.006879087129075676,0.0,0.0,0.027043214236708267,0.0014865947248385782,0.0,0.004932404800743088,0.0015202029101724888,0.001866177980480551,0.0,0.0,0.001718120087734384,0.0,2.4082592949262137e-05
s07M1323,0.8427599394586283,0.0,0.0,0.0,0.0,0.0007074367282585919,0.07816064735350331,0.0,0.0,0.0,0.0,0.0009713527422990623,0.0,0.0,0.009991355073406453,0.049071321805377474,0.0,0.0,0.0,0.009307266314468765,0.0033179451612515907,0.0,0.0,0.0015731251268850308,0.0,0.0,0.0041283816605775965,0.0,1.1228575343988074e-05
s08M1323,0.0009051748683665267,0.0,0.0,0.0,0.0,0.0,0.0,0.00011256122667466199,0.0,0.28602383288815286,0.4072421862264149,0.0,0.0,0.0004728922396944329,0.0002470142679389943,0.02689092186005771,0.2773134411238946,0.0,0.0,0.0007222881716468085,0.0,0.0,6.968712715839723e-05,0.0,0.0,0.0,0.0,0.0,0.0
s09M1323,0.0015272550477554402,0.0,0.0003374866718999736,0.0,0.0,0.0,0.0,0.0,0.0,0.18106281421917847,0.4491319768744929,0.0,0.0,0.0006493258195100297,0.0,0.21151848296836975,0.1540889395079514,0.0,0.00021889203001777927,0.00015505107504431597,0.0,0.0005752229694005232,0.0001336383606358861,0.0,0.000600914455743415,0.0,0.0,0.0,0.0
s10M1323,0.028977173602149135,0.0006713674029406552,0.002832229038763229,0.00034526208533151723,0.0,0.0,0.023339188158234367,0.0012855602229863122,8.763249398343065e-05,0.14166451040767872,0.4507540533848143,0.0,0.0,0.01867043783168135,0.0005622579787395022,0.17211398555005838,0.006045519844983998,0.000644306542019404,0.0004799765958854605,0.0003345400507119234,0.0,0.0004459524865082285,0.0030707588413256344,0.0,0.0012734636790447133,5.562583778570411e-05,0.14565121705174539,0.0006474892066816322,4.7491705946834955e-05
s11M1323,0.030046964842159067,0.0,0.0011348372707200853,0.0,0.0,0.0,0.0,0.0012615137568362212,0.0,0.15172296599368554,0.4900856376324177,0.0,0.0,0.000833470684067102,0.0005186959421886808,0.16574514826796355,0.022041722923543203,0.0,0.00011543482243711309,0.0005133321829206138,0.0,0.0012313848860753668,0.00047975583592556976,0.0,0.0019936204881664085,1.0612448432941014e-05,0.13144396241926226,0.0008209396031988762,0.0
s12M1323,0.0,0.0,0.0,0.0,0.0,0.0,0.031102642691846285,0.0,0.0,0.0,0.0,9.810200346300261e-05,0.0,0.0,0.0,0.9240578469003401,0.0,0.0,0.0,0.0,0.01953729673754308,0.0,0.0,0.0,0.0,0.0,0.025204111666807406,0.0,0.0
s13M1323,0.0,0.0,0.00020676894351663724,0.0,0.0,0.0,0.04766119447404978,0.19753045599562907,0.0,0.0,0.0,0.0007334051239243522,0.0,0.014660956171989389,0.0006567039344065979,0.4936207563996394,0.0,0.003957157334693492,0.0,0.00025162066206145333,0.16217157766504897,0.0,0.0,0.0,0.0,0.00010287239834477371,0.07844653089669612,0.0,0.0
s14M1323,0.04769156079524281,0.0,0.001315583713383175,0.0,0.0,0.0,0.30881280427430274,0.002889490882580096,0.0,0.0,0.0,0.037116274638944693,0.0,0.0006494692220843359,0.001052503533971182,0.14236687306892398,0.0002289143650559071,0.0037054994577253387,0.0,0.001011526314242274,0.32373585248326325,0.0,0.0,0.015341673381796565,0.0,0.0,0.11408197386848358,0.0,0.0
s15M1323,0.24203648238809358,0.0,0.0,0.0,0.0,0.0,0.0372359106808394,0.002718978024363003,0.0,0.0,0.0,0.05479741261111432,0.0,0.0,0.0023730650428179087,0.29799208254171694,0.0,0.0010713199834259616,0.0,0.0033284992089458593,0.24959755091024535,0.0,0.0,0.012632565560585467,0.0,0.0,0.09555836588303952,0.0006577671648126408,0.0
s01X1323,0.6237061146680879,0.0,0.0,0.0,0.0,0.00291777638067307,0.13944957896549134,0.0,0.0,0.0,0.0011652604952799325,0.0029520095261447166,0.0,0.0,0.1474635553462953,0.06912424041752839,0.0,0.0,0.0,0.002881488731673709,0.0,0.0,0.0,0.007372152549531377,0.0,0.0,0.002504837750901865,0.0002870587905733387,0.00017592637781909344
s02T1323,0.5096029806923585,0.0,0.05854592003313464,0.0,0.0,0.0007769277560238529,0.07530798603756107,0.0010179099077038901,1.594533367228945e-05,0.0007100183188249518,0.0003064134672950404,0.036902405141118096,0.0,0.03283305792077262,0.019897689185488524,0.20137508251549774,0.00021393665760085966,0.002264870215205294,0.012891570708253348,0.0050965934223429965,0.0,0.0,0.0,0.007238971838084908,0.02136530358985312,0.0,0.013415300987853032,0.0002211162713553238,0.0
s03T1323,0.4454124595802538,0.0,0.01166882361353013,0.0,0.0,0.0,0.13023836745100126,0.0017208323156943002,5.298761371073059e-06,0.0,0.0005882107025591516,0.005337396050486792,0.0,0.2861231086070816,0.03056762084091298,0.03685696023859588,0.0,0.0,0.003773198430644938,0.017485682495246794,0.0009943710440054895,0.0,0.0008609653413043447,0.002759407713576588,0.0,0.0,0.025073366275314143,0.0005339305384208961,0.0
s04T1323,0.235479121184665,0.0,0.009180582851252773,0.0,0.0033475589280893953,0.005763747487522322,0.052243870792113456,0.0,0.0,0.00027645382394621585,0.0010762482325271509,0.02237195984569412,0.0,0.507349372991151,0.06233482872163089,0.017970660803422318,0.0,0.0094368313819389,0.002755046463563573,0.0029126955666060167,0.004518947152211588,0.0016360067955922082,0.03903683888916762,0.007806156472660212,0.0009504466059684737,0.0,0.013538857734329874,0.0,1.3767275946959851e-05
s05T1323,0.0193632793494908,0.0,0.011927054027063887,0.0,0.0,0.0014515447974725638,0.0,0.0,0.0,0.0,3.857832638406042e-05,0.0004106148673162404,0.0,0.07711350409738175,0.758642744837934,0.01978764115004949,6.582082695192434e-05,0.0,0.0006116611267545251,0.0,0.0,0.0,0.10704449583605248,0.0,0.0,0.0,0.0035430607571482176,0.0,0.0
s06T1323,0.2566300826149933,0.0,0.044183082679287215,0.0,0.0011304623745684184,0.0,0.0,0.0,0.0,0.0,0.0,0.2350454078478931,0.0,0.3675121219021374,0.0,0.011729124120953423,0.0,0.00049707057847779,0.008988183935320119,0.0007615255904545711,0.0,0.011195222026356342,0.02381670372301014,0.0008178447634282735,0.0,0.0,0.03769316784311982,0.0,0.0
s07T1323,0.3712675612187685,0.0,0.0,0.004416421895881236,0.007653215703920989,0.0006517848542600041,0.0,0.0,0.0,0.0,0.0,0.06335042188841546,0.0024945890107657053,0.006565312163726113,0.005627133478294804,0.3215327374263062,0.0,0.0,0.0,0.05731683657536478,0.0,0.0,0.020223627242855695,0.0,0.000881112211074861,0.00011052856599422883,0.1379087177643716,0.0,0.0
s08T1323,0.006675097200822734,0.0,0.0,0.0,0.0,0.0,0.0,0.0026670256854278425,0.0,0.3147724412248302,0.3818855406348705,0.0,0.0,0.000633667230071903,5.913613942035879e-05,0.03161513237306801,0.26054706617050855,0.0,0.0,0.0005829399005613475,0.0,0.00010702756374923191,0.00011161129089946417,0.0,0.0003433145857696769,0.0,0.0,0.0,0.0
s09T1323,0.0,0.0,0.0,0.0,0.0,0.0,0.0,0.0,0.0,0.04927435308378103,0.06001464239732643,0.0,0.0,0.0,0.0,0.8876507311462432,0.0030602733726494695,0.0,0.0,0.0,0.0,0.0,0.0,0.0,0.0,0.0,0.0,0.0,0.0
s10T1323,0.0,0.0,0.0,0.0,0.0,0.0,0.07047946403463112,0.08982003941888897,0.0,0.018168034919395098,0.03699546333061485,0.015344851805678515,0.0,0.0,0.0,0.765828450685727,0.0,0.0,0.0,0.0,0.0,0.0,0.0,0.0,0.0,0.0,0.003363695805064358,0.0,0.0
s11T1323,0.0,0.0,0.0013721386728449655,0.0,0.0,0.0,0.010053902111465288,0.0,0.0,0.03439237683979844,0.07183349697570317,0.0,0.0,0.0,0.0,0.8623535674571402,0.0001636264392114709,0.0,0.0,0.0,0.0,0.0,0.0,0.0,0.0,0.0,0.019830891503836538,0.0,0.0
s12T1323,0.0,0.0,7.428974734190087e-05,0.0,0.0,0.0,0.0,0.014566997727456874,0.0,0.02212362634704437,0.03205308715095287,0.0,0.0,0.0,0.0,0.252765598502706,0.000582744828723174,0.0,0.0,0.19654097467919066,0.0,0.0,0.0,0.4134241651133544,0.0,0.0,0.06786851590322976,0.0,0.0
s13T1323,0.03009698833846761,0.0,0.0007624744525158111,0.0003152005580474559,0.0,0.0,0.04450242180068083,0.001178715164634614,0.0,0.14814757502755382,0.245799230252855,0.0,0.0,0.03744592268993261,0.0007759865133024018,0.33918266766037325,0.0014449466475636534,0.011643866463869232,0.00016251292177766116,0.0003711361028912902,0.0003983258619933324,0.0,0.0002484210083054325,0.0,0.0004415501518778855,7.159720413707135e-05,0.1360902916011414,0.00041390314498973904,0.0005062664330897824
s14T1323,0.050307575956677286,0.0,0.00020999577636848728,0.00013684701130687633,0.0010452260887644437,0.0,0.1316411196697479,0.00017868486346586996,0.0,0.05238086733652574,0.10010427256011276,0.03341587069389072,0.00034852012946952484,0.0052382806494942055,0.0009957454484098597,0.2026757958444156,0.0002317423279810424,0.015114959725956072,0.0,0.0009614669004501205,0.03965296970764538,0.0,0.0,0.3051488251372803,0.0,0.0,0.058893499565255046,0.0,0.001317734606782776
s15T1323,0.05049320642535022,0.0,0.0,0.0,0.0,0.0,0.030450606163591108,0.0,0.0,0.009684450556320327,0.013352243039275317,0.00020638625641701623,0.0,0.00018154383718233528,0.0005916154452731388,0.3505130709163782,0.00033825435276015764,0.0,8.239146033816728e-05,0.22328416298662274,0.01057767911409156,0.0,0.0,0.23989963938819883,0.00017513126151833384,0.0,0.07016961879668264,0.0,0.0
s02M1423,0.6477723566412945,0.0,0.0,0.0,0.0,0.0,0.0,0.0,0.0,0.00021246454734716178,0.00028408933368531984,0.07052526117052818,0.0,0.0,0.033424165706174416,0.009641452764001843,0.0005231667750626984,0.0,0.0,0.23760132915447874,0.0,0.0,0.0,0.0,0.0,1.571390742714647e-05,0.0,0.0,0.0
s03M1423,0.9006815950087526,0.0,0.0,0.0,0.0,0.0,0.0,0.0,0.0,0.0,0.0,0.010321679227092515,0.0,0.0,0.03884079127442338,0.0,0.0,0.0,0.0,0.0406854507583485,0.0,0.0,0.00947048373138301,0.0,0.0,0.0,0.0,0.0,0.0
s04M1423,0.6023894417018192,0.0,0.0,0.0,0.0006658171320335116,0.0,0.0,0.0,0.0,0.0,0.0,0.046419732095930664,0.0,0.0,0.12297845417789292,0.0,0.0,0.0,0.22522684835248133,0.0023197065398424394,0.0,0.0,0.0,0.0,0.0,0.0,0.0,0.0,0.0
s06M1423,0.5551661418636605,0.0,0.0,0.0,0.00017072898848449227,0.0,0.0014321821848339725,0.0,0.0,0.0,0.00036058581446259623,0.04858565756252164,0.0,0.09434900747109189,0.05502149749417945,0.0511418317556347,0.0,0.0,0.009270186898572093,0.05197941691215927,0.02392409475104063,0.09262718000592368,0.0,0.012851732490213435,0.00017792566296103207,0.0,0.002941830144260526,0.0,0.0
s07M1423,0.5012777881670445,0.0,0.0,0.0,0.0,0.0,0.0985548916904094,0.0,0.0,0.0,0.002381452790610861,0.0,0.0,0.0,0.1032855830945878,0.1092058543208367,0.0,0.0,0.0,0.16905289677765492,0.0024616075142760018,0.0,0.0,0.010723992343082602,0.0,0.0,0.0030559333014970407,0.0,0.0
s08M1423,0.020368569830052485,0.0,0.0,0.0,0.0,0.0,0.0,0.0018705612717086727,0.0,0.19253100565475373,0.25373300339740235,0.0,0.0,0.00042605927995091397,0.0005766376122911053,0.020222694963041236,0.5056260362631708,0.0,0.00038483006240705317,0.0008022664837241392,0.0,0.0010992940975972476,0.00024866380209671065,0.0,0.0013045231993316776,0.0,0.0,0.0008058540824716743,0.0
s09M1423,0.0,0.0,0.0,0.0,0.0001073965901070776,0.0,0.0,0.0,0.0,0.044222899217728644,0.0731124768847134,0.0,0.0,0.0,0.0,0.7882547053802983,0.09402711403711583,0.0,4.5128804746173954e-05,0.0,0.0,0.00023027908529057312,0.0,0.0,0.0,0.0,0.0,0.0,0.0
s10M1423,0.047881900412455713,0.0,0.006409799324742216,0.0,0.0,0.0,0.010297838228231137,0.025407086431845086,2.7114209324555283e-05,0.17959900916512092,0.24465132298331937,0.0,0.0,0.054772668126687095,0.0015646695822349695,0.2761216170226895,0.14420737197631273,0.000573685452215443,0.00056642286876781,0.0008090148290012995,0.0,0.001918480832068602,0.0006003965699048292,0.0,0.0028043894537159147,2.5275805259164407e-06,0.0,0.001784684950836973,0.0
s11M1423,0.0425005926482319,0.0005178454520117651,9.741019594059397e-05,0.0008186647369748737,0.0,0.0,0.04475690833304389,0.07614946531480729,0.0,0.127864914488553,0.176923639309768,0.0002607102762525717,0.0,0.0011458207208497092,0.0017178804027664796,0.48859017359380585,0.019179335304888218,0.0,0.0007358631303998718,0.0015075209266997777,0.0,0.0004809503905798373,0.0007634606099878263,0.0,0.0018622250294002916,0.00012450007716495546,0.011386175140863746,0.0009326363176962692,0.0016833075993133795
s12M1423,0.049351412575214554,1.2349317270288368e-05,0.0006958719110606109,0.0013694509597993202,0.000461618109889369,0.0,0.06761550252216686,0.0009519071010736723,0.0,0.07098669249589971,0.07436140693034317,0.0011399851624712036,0.0,0.0038202132679822655,0.0009669220442756002,0.620974874677718,0.00046632247077500364,0.011244844001965865,0.002191924817188595,0.0002787877962749101,0.03321838527005929,0.0018311359122335504,0.00044642587030305735,0.005342039656174951,0.0006159725917109363,0.00016990692442728946,0.04799681656633147,0.0,0.00348923104739063
s13M1423,0.05070844931440146,0.0,0.0,0.0004923391516574345,0.0,0.0001914430160641503,0.07877492566808762,0.005592277300847883,7.849708877005773e-05,0.1274298941831977,0.1940595279932835,0.00028220258528396144,0.0,0.25802075594566837,0.00221294004829545,0.18500432207360412,0.002207043788575302,0.009532502336966424,1.8623920928666655e-06,0.0015230574035622073,0.011208578951066955,0.0,0.0004432950448707679,0.027616018220552506,0.0019560649220100217,1.3057005989788888e-05,0.03931765434267872,0.0025688095693657525,0.0007644816531069579
s14M1423,0.1491991596275989,0.0,0.00029041134131375555,0.0002442579879157572,4.477276772888209e-05,0.0,0.07620910819216174,0.002715674359227809,0.00011827037931045828,0.011688923888566249,0.019719642635273704,0.0009728411352969207,0.0,0.02275571547276447,0.040718933040224836,0.400238616706467,0.008209485201339685,0.0016599087979505716,0.0028552058007154046,0.0018580366655763531,0.043215229881579595,0.0010649105115254668,0.0002738116374943955,0.09967636674558901,0.0007704280594979477,0.0,0.11332286911701635,0.001988837821056153,0.000188582226808696
s15M1423,0.0,0.0,0.0,0.0,0.0,0.0,0.0,0.0,0.0,0.0,0.0,0.15806230112979847,0.0,0.0,0.053091338612975165,0.2840271215510218,0.0,0.0,0.0,0.3967247242590567,0.0,0.0,0.0,0.10809451444714802,0.0,0.0,0.0,0.0,0.0
s01X1423,0.41563742233308587,0.0,0.0,0.0,0.0,0.002487333226053862,0.4297186031131813,0.005715424577166665,0.0001483662095858856,0.0,0.0024665459231201247,0.004701185123004349,0.0,0.03705149957768508,0.006927053701386132,0.06442640987614147,4.722933381396592e-05,0.0,0.0009726131746496987,0.005981315261120432,0.0018096055033058954,0.0,0.0,0.013393959130776867,0.0,0.0,0.005958236591720621,0.002557197344201944,0.0
s02T1423,0.31698432980160185,4.367845674484399e-05,0.08845480791877092,0.0,0.0010897788575018684,0.0,0.06438186838122566,0.0,0.0,0.001489438037376884,0.0003351003177785998,0.19439773814628278,0.0,0.304642760073947,0.0,0.008779572526346296,0.00039735851847042165,0.0,0.008806649792035447,0.002118057086214726,0.0,0.004585015805643194,3.154776810253442e-05,0.0027161651843845276,0.0,0.0,0.0007461333275722837,0.0,0.0
s03T1423,0.5444457848109295,7.732165332357973e-05,0.0,0.0,0.0,0.0,0.003495970321138199,0.0,0.0,6.184665871650711e-05,4.330124864323929e-05,0.0,0.0,0.3468421876170683,0.08845360636160057,0.00789805680093782,0.0,0.0,0.0,0.0,0.0,0.0,0.007916795453221648,0.0003881927423312282,0.0,0.0,0.00019864744406053393,0.0,0.0001782888880285818
s04T1423,0.0,0.0,0.0,0.0,0.0,0.0,0.0,0.0,0.0,0.0,0.0,0.0,0.0,0.26936877950471305,0.0020175915497382007,0.0,0.0,0.0,0.0,0.7286136289455486,0.0,0.0,0.0,0.0,0.0,0.0,0.0,0.0,0.0
s05T1423,0.0,0.0,0.012998314466863323,0.0,0.000646837793477419,0.0,0.0,0.0,0.0,3.8449668716291235e-05,0.0,0.0033230336217638,0.0,0.8639211788142204,0.0,0.0,0.0,0.0,0.017358335523402726,0.07618457357869383,0.0,0.023254921122271944,0.0016866326646408688,0.0,0.0,0.0,0.000587722745949403,0.0,0.0
s06T1423,0.4213981859841782,4.3965812216735705e-05,0.03967664618994469,0.001850303999741111,0.009185338987879368,0.0,0.059835605613820654,0.006170633655952866,0.00010211844632137904,0.0,0.0007544504243131955,0.013983026025500453,0.0,0.29609858354568863,0.004969231446333628,0.008906488798206517,4.859889502902842e-05,0.0035341182887608544,0.03447557887748711,0.004651319824296797,0.0009538540156572078,0.07424234884944962,0.0024030438967527433,0.008718381267212055,0.0006061752792420327,1.8727407623077323e-05,0.004252426230290503,0.002256336620929456,0.0008645116171720973
s07T1423,0.041563646231135516,0.0,0.0,0.0,0.0,0.0,0.15375251243554164,0.0007302380940977362,0.0002012903599072121,0.0,0.0,0.7266382141971761,0.0,0.0009261132901687239,0.040553479368903654,0.019089103496626417,6.63701302520257e-05,0.00032927511904590483,0.0,0.0016796943274903027,0.0002029522159009609,0.0,0.0,0.002288640752522377,0.0,0.0,0.011936815091777143,4.1654889454250356e-05,0.0
s08T1423,0.0025488234538251628,0.0,0.00018216886056833423,0.0,0.0,0.0,0.0,0.0013528860028437146,0.0,0.20698920832315765,0.2732561701779037,0.0,0.0,0.0023976326871876694,0.0,0.027410963672412265,0.48446727703072173,0.0,0.0,0.0005847307766227711,0.0,0.0005376803630505957,3.963922228328136e-05,0.0,0.00023281942942302806,0.0,0.0,0.0,0.0
s09T1423,0.012584822394622563,2.2115312021766342e-05,0.0,0.0004890981009786115,0.00013939686686075008,0.0,0.014524330264787591,0.001043719342793677,6.412473927343386e-05,0.1355720874749763,0.2723319243554791,0.0,0.0,0.0004214040541679028,0.00017666713758610186,0.3927930562688935,0.16325887165996286,0.0,0.001330164398768783,3.260593284524532e-05,0.0,0.0030402558181066614,0.0005211326476131614,0.0,0.0014234763372783456,6.501268293077028e-05,0.0,0.0,0.0001657342100529857
s10T1423,0.047996408531270435,0.0001844222663710299,0.00020220619225601042,0.0017052627116406604,0.0,0.0,0.04562064887038337,0.005623848400582871,9.306585962068279e-05,0.2500247378220603,0.410791962963391,0.0,0.0,0.005921438319073802,0.0012418637972112412,0.2001303558412662,0.009432934054458013,0.0026754426799667796,0.001668819726302397,0.0005342873044316971,0.0,0.002508100082449381,0.0010354321269792311,0.0001304801239314728,0.002425675090161578,0.00012814010572314267,0.00402054727154499,0.002155179458317896,0.003748740400605857
s11T1423,0.030361802961604973,0.0,0.0018198910429660829,0.0,0.0,0.0,0.010470949410313856,0.10452243501873311,0.0,0.1586006147039044,0.2915368550649958,0.0009854909656423897,0.0,0.008310419645349851,0.000627214956054437,0.3112232121096425,0.05899324144744122,0.0,0.0018816376755165498,0.0007949203549642139,0.0,0.004610430983069386,0.0004639133638013377,0.012766616922621528,0.0014511490953872828,4.017413829512494e-05,0.0,0.00053903013969583,0.0
s12T1423,0.039987134048064144,7.72336141448202e-05,0.0017117250989775084,0.00023201581536779406,0.0,0.0,0.00942927896031873,0.0053771085196178256,6.731907004253974e-06,0.19446893086350248,0.3950823339143635,0.0,0.0,0.004882743801415103,0.001007955934920338,0.10528966735002405,0.08111666373414916,0.0038782923263996653,0.0016062737644436157,0.0010922510587326449,0.0,0.0023293964142252375,0.0005706447908752079,0.14827260791662927,0.0019780670692037348,4.2294155224732446e-05,0.0,0.0015606489423962506,0.0
s14T1423,0.024946220811877255,0.0,0.0,0.0006697933999657906,0.0,0.0,0.01684515036440962,0.004600779369784094,1.2380345666045138e-05,0.21666801686917964,0.4560833386328068,0.0,0.0,0.11579269369891287,0.0012331399302861772,0.11092672076329284,0.04282721667678621,0.0035301320081521127,7.488688119650547e-05,0.0004124224155251937,0.0,0.0003490239757066798,0.0005433730589785696,0.0,0.0019899337394209925,6.362286515769446e-05,0.0,0.0018011094113327753,0.0006300447815622185
s15T1423,0.05348587036634205,0.0003023300436794201,0.002356983019825315,0.0008883892247425679,6.013406996134057e-05,0.0,0.03165520676859762,0.005566986338256691,5.8541139665751424e-05,0.20860489086665482,0.37811167029814347,0.0,0.0,0.08979475634324716,0.0014909748911374281,0.09307512843373236,0.017009969737483036,0.017371131471067055,0.0010931213464682391,0.0008859473317412284,0.0,0.0028821701910965196,0.0006051216991811392,0.0863296706427232,0.0018542376350047902,0.00014489966877868424,0.0032803358351435816,0.002147913650003415,0.0009436189873228387
s02M1523,0.4925952633500485,0.0,0.08863064582650336,0.007201892465051051,0.003935928480611432,0.0,0.03208879748198138,0.0025693355304447297,0.0,0.0,0.0014723231610205584,0.0400325672418878,0.004422399010905609,0.0523083539932544,0.0,0.016621532454330772,0.00010345191784471501,0.0,0.01343385490202741,0.22909208844772053,0.0,0.00017176392642144936,0.0,0.006621589965514635,0.0022180718630261764,0.000274108792955783,0.006206031188449829,0.0,0.0
s03M1523,0.218973177384745,1.0796286125203182e-06,0.0,0.0010446939708439087,0.0,0.0,0.022421803668001658,0.0,0.0003301389943123926,0.0,0.0006177465384616969,0.0,0.000699718557913336,0.07643306701983082,0.0,0.00703981512031523,0.0,0.0,0.0,0.6401122465446107,0.0,0.0,0.0304865168970429,0.000682281876692714,0.0,7.654151627101227e-05,0.0009035741172353241,0.0,0.00017759816511053834
s04M1523,0.0,0.0,0.0,0.0,0.007673758959129128,0.0,0.0,0.0,0.0,0.0,0.0,0.0,0.0,0.2179604804711153,0.004204603949725843,0.0,0.0,0.0,0.006335255918827401,0.725486609796623,0.0,0.034171810928429795,0.004167479976149508,0.0,0.0,0.0,0.0,0.0,0.0
s05M1523,0.08495433399453797,0.0,0.012669215135595425,0.0,0.003740211666284622,0.0,0.0,0.001366508891057829,4.326326187830351e-05,0.0,0.0,0.7191529015569511,0.0,0.06938680269104458,0.0,0.0038544203921849355,1.2992815246735437e-05,0.0,0.014547469884596657,0.00151873445410005,0.0,0.08462052330578558,0.0,0.0005304883496760452,0.0,6.461727967632233e-07,0.0036014874282634148,0.0,0.0
s06M1523,0.0,5.0655936767650025e-05,0.0,0.0,0.0,0.0,0.0,0.0,0.0,0.0,0.0009588382424329954,0.0,0.0,0.5102069011216442,0.038281180131246144,0.003254068901090238,0.0,0.0002476794621916588,0.008870314216874856,0.42429638663172287,0.0009927054074296783,0.010705787856830965,0.0001934895923733518,0.0,0.0,9.981938441249034e-05,0.0013407932522016576,0.0,0.000501379862781047
s07M1523,0.024850710771751734,0.0,0.0,0.0019783293499144408,0.0,0.0,0.0,0.0,0.00011651929343642162,0.0,0.0,0.31757815663455047,0.0013598119623024283,0.0,0.00429197032985901,0.1571950891764403,0.0,0.0,0.00023924560201740456,0.4861655483720298,0.0,0.001179563090673777,0.0,0.0,0.0007342632937375303,0.00017722144756948882,0.004133570675717204,0.0,0.0
s08M1523,0.01667972748533085,0.0,0.0,0.0,0.0,0.0,0.0,0.0021682230766846425,0.0,0.21392046488120162,0.2877774559725173,0.0,0.0,0.0013853097924163887,0.0008352837376489366,0.019335799580377004,0.4534779623283939,0.0,0.0002449340216347345,0.0023158870269883694,0.0,0.0006268818656085188,0.00021119719741212724,0.0,0.0007044488143661296,0.0,0.0,0.0003164242194196971,0.0
s09M1523,0.0,0.0,0.0,0.0,5.170252969814271e-05,0.0,0.0,0.0,0.0,0.09334117511678323,0.10233338136505585,0.0,0.0,0.008528978601550172,0.0,0.7813076230680173,0.012268235820549585,0.0,0.0,0.0021689034983458123,0.0,0.0,0.0,0.0,0.0,0.0,0.0,0.0,0.0
s10M1523,0.012943924703061311,0.0,0.0008836640593632936,0.0,0.0003666493765819086,0.0,0.0,0.0,0.00022686134073160823,0.10317521640989258,0.13973192660746964,0.0,0.0,0.00945507644133116,0.0,0.7213195914412058,0.0005268586032557119,0.0,0.0013207506732309236,0.00038053057061752227,0.005336970917055763,0.002359669454329494,0.0001231599173617809,0.0,0.000319950074423779,0.0,0.001529199410087777,0.0,0.0
s11M1523,0.0025911684195523733,0.0,0.0,0.0,0.0002027730022683075,0.0,0.0,0.0,3.298915163399506e-05,0.021914419960479634,0.02951995510320967,0.0,0.0,0.0,0.0029242318491689715,0.940410201117726,0.0,0.0,0.0007528640704589451,0.00039991489816417527,0.0,0.001197271963749094,5.4210463588852986e-05,0.0,0.0,0.0,0.0,0.0,0.0
s12M1523,0.017143536934739752,6.0781286762440304e-05,0.0,0.0,7.487148781022488e-05,0.0,0.005380524754505774,0.00045381762802235414,9.74505033972645e-05,0.028831530163828396,0.036817564872934194,0.0,0.0,0.10932462400139242,0.0003934575177271348,0.20073579582692547,0.0011025879950202393,0.0012883004551428549,0.0004534087537066693,0.0002298795113703572,0.0,0.0006185427019225546,0.00031360701521874687,0.5910092574775391,0.001103477938761913,2.3451789917655344e-05,0.0029466455047990705,0.0005493124510487468,0.0010475734275069669
s13M1523,0.09959636541847933,0.0,0.0,0.0034814690781442494,0.00016826992367455836,0.0,0.020248250903743735,0.008680917915111618,0.0002396007199657278,0.053867114478794144,0.07959977945531684,0.014691192909209536,0.0019384916537315787,0.016530198688654057,0.0028981832293722342,0.5685606119393144,0.0005136439750000682,0.0022300979287710873,0.0026516748666684203,0.0973773583865396,0.0,0.007206455424774841,0.0010418144368543917,0.007307800798872137,0.00582897936759591,3.4275726765715046e-05,0.0011444230087402387,0.0041630297659057,0.0
s14M1523,0.06446084117871248,0.0003216385168559363,0.0,0.001173646189446946,0.00012860128297684554,0.0,0.0894490633133961,0.007871442804761784,1.2024384402265992e-05,0.07469220368661313,0.10070414311197518,0.00395277991286121,0.0003415785967977156,0.04876672126530588,0.0013797175305245513,0.0766792184799592,0.0,0.013426678757013833,0.001120205436107968,0.0006252004780538987,0.015614423270000453,0.0028126633905440884,0.001602659649947464,0.4550038626991712,1.618888961185208e-05,0.00011303544518206571,0.033043514133950985,0.0021135381178242433,0.004574409478002792
s15M1523,0.0030265968959969185,0.0,0.0,0.0015460792309659314,0.0,0.0,0.12672018062749732,0.0006043300503842647,1.0392265719311222e-05,0.013231610085481956,0.02783296290021662,0.0,0.0005327802644212834,0.004489986559871366,0.0,0.20769561569554484,0.0,0.0,0.0007910293630149872,0.445426806283099,0.03026330304881041,0.0009291961478125465,0.0,0.09770809463205345,0.0,0.0,0.03744095708323705,0.0,0.0017500788658727125
s01X1523,0.13256182987587567,0.0,0.0,0.0,0.0,0.0024384354758755504,0.28495587938034667,0.0,0.0031035253473231995,0.0,7.686576488132702e-05,0.16093753316187787,0.0,0.00437191211858224,0.09023399034292075,0.019337610297969203,0.0,0.0,0.0,0.2998865289412989,0.0,0.0,0.0,0.0020958892930485634,0.0,0.0,0.0,0.0,0.0
s02T1523,0.2890360304431086,0.0,0.00935327970087266,0.0,0.0016243156046691076,0.0,0.11685544863777712,0.003182260101190354,0.0011059012776857184,0.00041196667865142384,1.0902580966956965e-06,0.3307853298371242,0.0,0.06932415929774378,0.09750099273533151,0.03990737248578171,0.0034741731064496842,0.0,0.0,0.03583388083168819,0.0,0.0,0.0,0.0,0.0,0.0,0.0,0.0016037990038292305,0.0
s03T1523,0.020880319272097343,0.0,0.0011925723280793187,0.0,0.00035815799672848795,0.0001470684527678697,0.0,0.0,0.0,0.0,0.0,0.14267124866452666,0.0,0.018095870332366464,0.06877419993046904,0.03302257639020029,0.0,0.0,0.000643872709994251,0.7112408325595797,0.0,0.0029732813631904503,0.0,0.0,0.0,0.0,0.0,0.0,0.0
s04T1523,0.0,0.0,0.0,0.0,0.002351169158261605,0.00016405101960390982,0.03968693949071074,0.0,0.0013345224990854675,0.00012878207439141705,0.0001349775370715993,0.0008388477098637761,0.0,0.45796208245206976,0.000469551380050808,0.007424691033594283,0.0,0.0004319549829658102,0.04705129884630471,0.4224728011203039,0.0,0.01679847483127741,0.0018335579847228902,0.00025714323955889907,0.0,0.0,0.0006591546401629842,0.0,0.0
s05T1523,0.0,0.0,0.007652953413405743,0.0,0.0003720345571997202,0.0,0.05779007155367407,0.0,0.00015578128571338754,0.0,0.0,0.0,0.0,0.06495278135807492,0.10562816921871707,0.001501235653508838,0.0,0.0,0.016767397955824884,0.7120267268514111,0.0,0.03315284815247019,0.0,0.0,0.0,0.0,0.0,0.0,0.0
s06T1523,0.0,0.0,0.0011113465434316502,0.0,0.0,0.0,0.010288739776406656,0.0,0.00016898939566826937,0.0,0.0,0.0,0.0,0.009442255265911668,7.981283473661552e-05,0.01725095657806015,0.0,0.0,0.011634906628735439,0.9379644935233796,0.0,0.012058499453669849,0.0,0.0,0.0,0.0,0.0,0.0,0.0
s07T1523,0.28347596889354654,0.0,0.0,0.003880842542746447,0.0,0.0,0.054201395618522955,0.007943157008275442,0.0019583821207821064,0.0,0.0,0.10980779475135694,0.0025830834088171953,0.004457609747403063,0.07553568559555666,0.05823781375966341,0.00012951989512512713,0.0,0.0,0.3914324942220346,0.0,0.0,0.0,0.0,0.001231823541016337,7.104496557724244e-05,0.0024730112791491923,0.002580372650426795,0.0
s08T1523,0.011563546355714644,0.0,0.0,0.0,0.0,0.0,0.0,0.001362856465338087,0.0,0.2564417143020638,0.3004140564780392,0.0,0.0,0.0007029867328661132,0.001167333587183291,0.016877480032506054,0.4093498318633133,0.0,0.0,0.0016506349738136916,0.0,0.0,0.00014501167770976557,0.0,0.00032454753145218674,0.0,0.0,0.0,0.0
s09T1523,0.012792699358302594,0.0,0.0,0.00014049797335025386,0.0003911592217857648,0.0005002866954131233,0.02079411977536103,0.0,0.0,0.21089662835711886,0.22172407355017235,0.0014238676232948854,0.0,6.795939839744214e-05,0.0024271609470842823,0.48686408259657515,0.03681746223859734,0.0,0.00019904684619032143,0.000655750746642698,0.0,0.0,0.00038706627475572396,0.0,0.0,3.144591499773943e-05,0.0038735133411756007,0.0,1.3179140784877703e-05
s10T1523,0.0,0.0,0.0006811440065147268,9.46149038358107e-05,0.00011881282125281985,0.0,0.03176742971618669,0.0,4.149570065878803e-05,0.029232661058577483,0.03313315716869972,0.0,0.0,0.004202951988074459,0.0,0.7375073719941152,0.0,0.0,0.0011195263670651877,0.12772616174642168,0.0,0.0017145048202848723,9.789370269856459e-05,0.0,0.0,4.536876108020769e-05,0.03251690524453377,0.0,0.0
s11T1523,0.0,0.0,4.42602809727891e-05,0.0,0.0,0.0,2.672589711889159e-06,0.8545585260798488,0.0,0.0037891197157749767,0.00563520929406512,0.0,0.0,0.00010418848883663529,0.0,0.06489174704142785,0.0005914801146014203,0.006009500234740874,0.00011575780255673354,0.04116247318825274,0.006900140062042589,0.0,0.0,0.000523049950286277,0.0,7.127229764827832e-05,0.015600602859232773,0.0,0.0
s12T1523,0.000877883476137388,0.0,0.0003343050657482444,0.0,0.0001470853263275897,0.0,0.0277592840804902,0.0009537850175635132,3.508127808255621e-06,0.16895494847303416,0.17818891491550673,0.00052793819418661,0.00010961969279022263,0.001308421335240874,0.0008463450388966484,0.5342460850773465,0.0020819362305544804,0.009369286641096125,0.0007303569398979551,0.04481563992635321,0.0,0.0015525553118307903,0.00018684571309998625,0.0,0.0006269647620985988,0.00038222733549190304,0.0256214117668631,0.0,0.0003746515516368075
s13T1523,0.0,0.0,0.0002242130390326885,0.0,0.0006391181123126926,0.0,0.03236627723691751,0.0,0.0003276070698808403,0.00638331771285571,0.014825674923044664,0.0,0.0,0.007822927795019727,0.0,0.40817261660483095,0.0001282559709593547,0.04184972108185398,0.004104323270641295,0.30889827736037506,0.02340813222587497,0.009901807009476358,0.0,0.021391463444465523,0.0,1.0199126502304392e-05,0.11954606801595627,0.0,0.0
s14T1523,0.0,0.0,0.0,0.0,0.00013958484886513798,0.0,0.03366888378285288,0.0,6.309171520880369e-05,0.0,0.0006254652299292686,0.0,0.0,0.0027097860190789355,0.0,0.1198085403259758,0.0,0.0035062514179027347,0.00056862505908564,0.3466629046315263,0.04040945200673994,0.004625490887814095,0.0,0.3507505789421514,0.0,0.0,0.09626134975302711,0.0,0.00019999537984202942
s15T1523,0.2181872033777078,0.0,0.0,0.0,0.0,0.0,0.09341025691401685,0.004114050667794963,0.0006099322094354441,0.0,0.0005149085948643457,0.003631912857289936,0.0,0.00832308272198075,0.003876082491007003,0.25755895382913585,0.0,0.00018870476249912733,0.00043039736499720163,0.255453329680592,0.095601770530118,0.0,8.965374229730414e-05,0.032120756738801895,0.0,0.0,0.024304466692704908,0.0015845368247567701,0.0
s02M1623,0.21085381746507406,0.0,0.02082335669699504,0.0,0.0019149725469309368,0.0,0.0,0.008007396538341613,0.0007353499973025606,0.0003317156039856336,0.0010631026250917158,0.0,0.0,0.6617969616523841,0.0,0.0021085588860544004,0.0022681886373890044,0.0,0.0,0.07310672965236177,0.0,0.008163464357869294,0.0021757124371548624,0.0,0.0,0.0,0.006650672903064987,0.0,0.0
s03M1623,0.0,0.0,0.10422412335448748,0.0,0.0,0.0,0.010284659488382662,0.0,0.00035074875833195844,0.0,0.0007504596288851766,0.0,0.0,0.006669768404362649,0.01589470790463027,0.02879425632632536,0.0,0.0,0.0,0.7709303038077172,0.05922732082723029,0.0,0.0,0.0,0.0,0.0,0.0028736514996469437,0.0,0.0
s04M1623,0.0,0.0,0.0,0.0,0.0,0.0,0.0,0.0,0.00012245580312964367,0.0,0.0,0.0,0.0,0.11498444941948498,0.0,0.0,0.0,0.0,0.0,0.8846941046525062,0.0,0.00019899012487921923,0.0,0.0,0.0,0.0,0.0,0.0,0.0
s05M1623,0.0,0.0,0.0,0.002509289241339062,0.002726209317652838,0.0,0.0,0.13050661090800403,0.00019451947118504393,0.0,0.0,0.0,0.0018828035399174878,0.056903263283308844,0.003756918481240805,0.0011736653192359983,0.0,0.0,0.06446345025143162,0.6230048557570587,0.0,0.02954544632383472,0.07980119620706738,0.0,0.0022671465672321274,0.00013684893714058019,0.0011277763943507908,0.0,0.0
s06M1623,0.0,0.0,0.21231856899271828,0.0,0.0,0.0,0.0,0.0,0.0,0.0,0.0,0.10860953032039922,0.0,0.0885927184231566,0.0,0.0,0.0,0.0,0.09070959125750279,0.48099440989689257,0.0,0.018700518543476884,0.0,0.0,7.466256585370063e-05,0.0,0.0,0.0,0.0
s07M1623,0.09040877085286982,0.0,0.1101394210104761,0.0,0.0010875296473846835,0.0,0.0,0.0,0.000112165032346386,0.0,0.0,0.012588644512057493,0.0,0.5768734335452291,0.0010216145384459785,0.00040306457812144873,0.0,0.0,0.012129147811707515,0.11792694902198685,0.0021589242691271463,0.0742235965324215,0.0009267386478259555,0.0,0.0,0.0,0.0,0.0,0.0
s08M1623,0.018567409080468056,0.0,0.0,0.005109365144697861,0.0,0.003503601733511103,0.0,0.004067508270250263,0.00010888013248555307,0.13799924218385354,0.21928807937731823,0.0,0.021571506431814512,0.000577234301071263,0.0005289244908978489,0.018753441786841293,0.5501434323597031,0.0011362174884680303,0.00021589245747471436,0.00013644687101995012,0.0,0.00048173425786155377,0.0005103697084199142,0.0,0.014996099147492769,5.642099025833107e-05,0.0,0.002248193786092313,0.0
s09M1623,0.0013730896027275422,0.0,0.00017080945893910697,0.0,0.0,0.0,0.0,0.0003110614836512601,0.0,0.22193050270458653,0.23626082239059923,0.0,0.0,0.0007190221542847986,0.0,0.008470861478067002,0.5304780208123977,0.0,0.0,0.00028580991474660224,0.0,0.0,0.0,0.0,0.0,0.0,0.0,0.0,0.0
s10M1623,0.0,0.0,0.0,0.0,1.5192998016355828e-05,0.0,0.0,0.0,0.0,0.05333609978248783,0.10195554085456998,0.0,0.0,0.0,0.0,0.8070472276658732,0.037645938699052583,0.0,0.0,0.0,0.0,0.0,0.0,0.0,0.0,0.0,0.0,0.0,0.0
s11M1623,0.0,0.0,0.0,0.0,0.0,0.0,0.0,0.84117345546633,0.0,0.024447627274083422,0.04393642876317061,0.0,0.0,0.0,0.0,0.08623842490495386,0.004204063591462066,0.0,0.0,0.0,0.0,0.0,0.0,0.0,0.0,0.0,0.0,0.0,0.0
s12M1623,0.0,0.0,0.00013847288480044724,0.0004122106394857187,0.0,0.000794709443691151,0.009267140173796951,0.0007625123258885606,3.508501084304533e-05,0.13460474093499528,0.23350455984628865,0.0,0.0,0.0014311584877299713,0.0,0.5988225853323889,0.010116068243342246,0.0,0.000228281904969788,0.0,0.0,2.452473286402791e-05,0.00030729766104056793,0.0,0.0006028274949672419,3.2188940044260415e-05,0.0058648267376648815,0.0,0.0030508092051984956
s13M1623,0.0,0.0002189497212568371,0.0,0.0,0.0,7.858639854174208e-05,0.011135492826951972,0.08706637277654919,8.463311672157648e-06,0.04547007990471094,0.05319294171822324,0.0,0.0,0.0,0.0,0.11587266115171269,0.0,0.0016434093216382434,0.0,0.19637378927932211,0.0,0.0005474689527114949,6.491474237679775e-05,0.47345087732500063,0.0002083206313930395,0.00012095030112956429,0.011097396388897177,0.0,0.0034493252479122225
s14M1623,0.08539373658701795,0.0,0.0,0.0,0.0,0.0,0.24749438169776117,0.004479563664055152,0.00020675345195861862,0.04793910222890974,0.07337415107767112,0.00019659529510896638,0.0,0.015513613304612216,0.07030409432422176,0.22375566997271581,0.0,0.002858724542107141,0.0006402439377057336,0.11164670978179794,0.06509830386924928,0.006491583607309947,0.0002781858708124954,0.010789148069515727,0.0,0.0,0.02917859863171942,0.003062214431514496,0.001298625654235307
s15M1623,0.0,0.0,0.0,0.0,0.0,0.0,0.06587188188526966,0.00019465636596052672,0.0,0.0,0.0,0.0,0.0,0.0019858249085190852,1.5814501517244042e-05,0.30005613006250853,0.0,0.0004019319235733747,0.00023434330222842548,0.47315027390352504,0.13393613515254613,0.0018441356425377838,0.0,0.0129077523826174,0.0,0.0,0.00923194473333464,0.0,0.00016917523586207532
s01X1623,0.3689908852093421,0.0,0.0,0.021816515365525396,0.0,0.0,0.09462903977985339,0.20647386926093655,0.000994907385250325,0.0,0.0,0.0,0.012419796288828939,0.01821800767125039,0.005140436523037373,0.01059428761925333,0.00016322931293464841,0.0,0.0,0.23525148357224696,0.0,0.0,0.0,0.0013490389625188124,0.005398044779712775,0.0006732084374788266,0.017259050621598198,0.0006281992102320326,0.0
s02T1623,0.8286570121214674,0.0,0.0,0.0,0.0,0.0,0.0,0.0,0.0,0.0,0.0,0.0,0.0,0.06951841535164156,0.01636331905138338,0.002431401244511058,0.0012969992552018235,0.0,0.0012260175911349563,0.07668151483872364,0.0,0.0,0.0037601548762354097,0.0,6.516566970062935e-05,0.0,0.0,0.0,0.0
s03T1623,0.8758465458624726,0.0,0.0,0.0,0.0,0.0,0.0,0.0,0.0,0.0,0.0,8.5827224776025e-06,0.0,0.058934383904505575,0.04850448353792505,0.0004129282409940236,0.0,0.0,0.00014173326323140554,0.007123109624337082,0.0,0.008839749768391934,0.0001884830756647758,0.0,0.0,0.0,0.0,0.0,0.0
s04T1623,0.7550532202048447,0.0,0.0,0.0003321224441876544,0.0,0.0,0.0,0.0,7.272734151156058e-05,0.0,0.0,0.007353846488877126,0.0,0.02420483697242556,0.010385563592539898,0.0,0.0,0.0,0.10455887975787416,0.06222512232336971,0.0,0.0006064668197207804,0.03520721405464896,0.0,0.0,0.0,0.0,0.0,0.0
s05T1623,0.7140494741957808,0.0,0.0,0.0,0.0,0.0,0.0,0.0,7.942097518622551e-05,0.0,0.0,0.03500052593104264,0.0,0.010240392080214714,0.0020047402249380817,0.013310511178866077,0.0,0.0,0.0298645351974768,0.07348319795242933,0.0,0.020827242676875166,0.1011399595871903,0.0,0.0,0.0,0.0,0.0,0.0
s06T1623,0.4729524609964223,0.0,0.0,0.0,0.0,8.847257909142935e-05,0.0,0.0,8.803890556281374e-05,0.0,0.00039491549300250847,0.044801946104948406,0.0,0.1796701796359361,0.0,0.03401176080910419,0.0,0.0,0.029594020308103288,0.031313058704544275,0.013710577437548183,0.18790625460110363,0.0,0.002149119087470721,0.0017658476849862477,0.0,0.0012910725246036067,0.0,0.00026227512757222933
s07T1623,0.5591088406732857,2.4981472271693064e-06,0.0,0.0,0.0,9.009532043392624e-05,0.011326172914248235,0.0,0.0002708656654301238,0.00046822934160304253,3.433969307370814e-05,0.0011810797745588424,0.0,0.004329884406046332,0.06897206649612574,0.011446117196122943,0.00013336739610637173,0.0,0.0,0.34215367400295693,0.0,0.0,0.0,0.0,1.678839909904881e-06,0.0,0.00022374885384276536,0.0002573412790281026,0.0
s08T1623,0.0,0.0,2.3355221381111047e-05,0.0,0.0,0.0,0.0,0.0,0.0,0.2570910472409355,0.3079658465555632,0.0,0.0,0.00037731321257783787,0.0,0.00750602648378348,0.42676713932112015,0.0,0.0,0.00026927196463860285,0.0,0.0,0.0,0.0,0.0,0.0,0.0,0.0,0.0
s09T1623,0.0,0.0,0.0,0.0,0.0,2.7192634554776966e-05,0.0,0.0,0.0,0.09905536855658834,0.1904789005455404,0.0,0.0,0.0,0.0,0.6777310540446697,0.03270748421864687,0.0,0.0,0.0,0.0,0.0,0.0,0.0,0.0,0.0,0.0,0.0,0.0
s10T1623,0.0,0.0,0.0,0.0,0.0,0.0,0.016287270471393223,0.02067260296645378,0.00011382238767752564,0.2297381012011937,0.39600116593627044,0.0027946642330908635,0.0,0.0025287052921524385,0.0,0.32077878508582763,0.0,0.0,0.0,0.0,0.0,0.0,6.781676811916092e-05,0.001787383028178376,0.0,0.0,0.005908598647238351,0.0,0.0033210839824045013
s11T1623,0.023148005490406926,0.0,3.1810188039582625e-05,0.0,0.0,0.00036815989200060826,0.004163097052303008,0.007071779580491288,0.00030431327866123397,0.09982760693327439,0.23067404426900748,0.0,0.0,0.0003697025480676987,0.00048398994827143565,0.6238240458016597,0.0011387981551028157,0.0,0.00029317172784164985,0.00022735633566957754,0.0,0.0007153777659907318,0.00038027463289741546,0.0,0.0014054210822455914,0.0,0.0,0.0015768935051303672,0.003996151812938238
s12T1623,0.07433175460271445,0.0008596978953285504,0.0,0.0019257237794958956,0.0,0.0011300284839214916,0.04994280494288865,0.008615011723205345,0.00018599742354040804,0.1629339532407459,0.29136925302638383,0.0,0.0,0.0024608951525933067,0.0020155622388941525,0.33500147397616165,0.001469657834913289,0.004151632842843839,0.0006887494967855282,0.0008086609084804912,0.0,0.0002782934918741591,0.0008723942882633124,0.03991631459298439,0.0029379659440648387,0.0,0.00569326619990494,0.0051630003303007295,0.0072479075837107885
s13T1623,0.08977319881871909,0.00021274213601560037,0.0,0.0009136049646936378,0.0,0.000141472566863426,0.0448480988767326,0.011066599384398678,0.0001748836738109031,0.15621623379058225,0.3616001838920643,0.0,0.0,0.0051894187441176185,0.0023629836530981935,0.2808817667648771,0.0,0.0034760244624372784,0.0009486343382759551,0.0011667839775785303,0.0,0.003335346648535441,0.0008007056131689742,0.010557030301959428,0.003006774783156329,0.0,0.014268830041796235,0.005122175471391862,0.003936507095726581
s14T1623,0.07355007139447184,0.0001743689350851526,0.001219208380160572,0.0002455012764925444,0.0,0.0,0.06384242722799341,0.009594681245912253,0.00022803881484758615,0.12105711512363182,0.25966777380736744,0.0,7.922036896099213e-06,0.07139766071782219,0.0019982427163412727,0.31634351944834466,0.0,0.01342965735451111,0.0033264678245764146,0.0014699920748170933,0.0,0.003193999470557158,0.0004236477303061825,0.019542655993119634,0.0017192616549150683,0.0,0.02474142052969583,0.005432958083132336,0.007393408159002488
s15T1623,0.11249905667495537,0.0,0.0,0.0,0.0,0.00013166551443249041,0.1618774401942593,0.00379302639796695,0.0,0.0,0.00956671724983144,0.0017844829019420857,0.0,0.0020329785233491196,0.0018307524514441962,0.14459163361365843,0.0,0.008909205684882815,0.00030487421765384054,0.27994883926161057,0.17477657715319514,0.0,0.00019762525041769775,0.07403439496821912,0.000324827933868568,0.0,0.019358403844174237,0.00188042033355233,0.0021570778305864172
s02M1723,0.06795290254194558,0.0,0.705928267475002,0.0,0.0009712219247870459,0.0,0.003427359838868493,0.19104196263439746,0.0,0.0001547392546188144,0.00043343090835842825,0.001129140855328119,0.0,0.022729389922513707,0.0005642121043081023,0.0013913285273528659,0.00037285246085546464,0.0,0.001521868052228939,0.001074778950721191,0.0,0.0011387409263269516,3.639450336442981e-05,4.711862953599197e-05,0.0,0.0,0.0,8.42904894864478e-05,0.0
s03M1723,0.12414628203936844,0.0,0.005299854617096098,0.0,0.0,0.0,0.01214168102767115,0.0006084055755482955,0.00039309765229131457,0.0004866106428544053,0.0015898085368172906,0.0,0.0,0.8470452458137832,0.0005310882487496236,0.0010423271496499953,0.0001346752775210967,0.0,0.0,0.0007452825846628497,0.0007503181064052421,0.0006708336296303533,0.003692686132248101,1.5526416899245838e-05,0.0002191190359940474,0.0,0.0,0.0004871575128093112,0.0
s04M1723,0.0,0.0,0.0,0.0,0.0,0.0,0.0,0.0,0.0002668495455479514,0.00014601680112539425,0.0001003622247796945,0.0,0.0,0.9465122124376696,0.0,9.247804685334968e-06,0.0,0.0,0.05239919091210984,3.4381284691512946e-05,0.0004962868035597759,0.0,0.0,0.0,0.0,0.0,0.0,3.5452185831090566e-05,0.0
s05M1723,0.0,0.0,0.3517332249945042,0.0,0.0,0.0,0.0,0.0,9.34809401220649e-05,0.0,5.07341794302369e-06,0.00010781576949126484,0.0,0.5909681247122435,0.0,0.0,0.00012695027123470727,0.0,0.03929876819966263,0.017445311868867282,0.00022124982593124117,0.0,0.0,0.0,0.0,0.0,0.0,0.0,0.0
s06M1723,0.0,0.0,0.017553059977217917,0.0,0.0,0.0,0.0,5.611840997290061e-05,6.571857784271826e-05,0.0,0.0,0.1365746437637602,0.0,0.6931144036458167,0.0,0.0004940922319339958,0.0,0.002540025396071884,0.004369915027065859,0.10751533977074988,0.0,0.03580876282107327,0.0,0.0,0.0,0.00017908978869894356,0.0009829950896306115,0.0,0.0007458355001653538
s07M1723,0.42515797694698776,0.0,0.0,0.0,0.0,0.0,0.32804109789733815,0.009039233396259626,0.0013922113108044351,0.0,0.00016871668174160025,0.00033542392614935204,0.0,0.007108551289748414,0.007087694529502766,0.016781908271583854,0.0003224318374614169,0.0,0.000633804843945802,0.19611627403240195,0.0,0.0,0.0,0.003915136071901133,0.0,0.0,0.0,0.0038995389641737436,0.0
s08M1723,0.012874822578813852,0.0,0.0003562751733049447,0.0,0.0,0.0,0.0,0.001462018928159151,4.379214041496599e-05,0.11293883967659496,0.256742033456611,0.0,0.0,0.0006610135644130338,0.0002825126379955539,0.011928526061451263,0.6002402813449406,0.0,5.708473850118923e-05,0.0007423104930789067,0.0,0.000214321572932175,7.983347584496858e-05,0.0,0.0006449920214451778,0.0,0.0,0.0007313421354986706,0.0
s09M1723,0.01005556742503592,0.0,2.2090861310763326e-05,0.0,0.0,0.0,0.0072514687627090275,0.0,0.0,0.027566088430300475,0.09508331715918364,0.0,0.0,0.00032497784417492864,0.00011108391225747965,0.855632622879901,0.0003034029732516185,0.0,0.0,0.00042502806840436484,0.0,0.0,0.0001721204863980788,0.0,0.0007509247943374468,0.0,0.0,0.0,0.0023013064027351906
s10M1723,0.0,0.0,0.0,0.0,0.0,0.0,0.007926355936644498,0.0,0.0,0.0059337855745854465,0.04066449049079604,0.00017300746321196638,0.0,0.0006441999560253187,5.8896423642514874e-05,0.814331115071443,0.0,0.0,0.0,0.00019137773761888858,0.100715691701635,0.0,2.0723452585927233e-05,0.0,0.0,8.939049855429324e-07,0.02914628065849084,0.0,0.00019318162833503624
s11M1723,0.0,0.0,0.0002036359316333532,0.0,0.0,0.0,0.018620451771548047,0.0010031454454813822,0.0,0.033818978057540625,0.14365019129915424,0.00013113919108359665,0.0,0.0010359820152662934,0.00022935945023931222,0.6719566831602217,0.0,0.001378885555617177,0.0,0.0006305745746404825,0.0616419262038734,0.0,5.704512414639601e-05,0.0020125364614646244,0.00015606924000963597,0.00010603803155583854,0.06205548951592042,0.0,0.0013118689706033625
s12M1723,0.017183065051205388,0.0,0.0029495648946617618,0.0,0.0,1.7406096141582416e-05,0.08772089037272197,0.010411135611523892,0.0,0.007958874522021974,0.03012633267070779,0.0,0.0,0.0006735430810447995,0.0003167640824980473,0.11105680411638467,2.1319379451085218e-05,0.035029903204301056,0.0,0.20122149967467776,0.19124772809268203,0.00035798575333993753,0.0,0.03118155249783957,0.00017393596045688913,9.658893610627056e-05,0.265877522253686,0.0030707577068875506,0.0033068260416598922
s13M1723,0.025477944876913537,0.0,0.00035368243200918664,0.0,0.0,0.0,0.025800948403276812,0.018399831805949562,0.0,0.00595651995677411,0.026007630565290454,0.003242189703668854,0.0,0.00130919773285091,0.031259278177105845,0.6794464780670652,0.0,0.013382149301472418,0.0,0.018120298086376673,0.07600972468980745,0.003112032988179846,0.0001322507733597165,0.04626125100441017,0.00038250698690838093,1.9186809104547144e-05,0.021997196464109976,0.0006933801972094778,0.002636320978156889
s14M1723,0.005715471200160186,0.0,0.0,0.0,0.0,0.0,0.05599336749906464,0.024781691808465196,0.0,0.0,0.005838054031771914,0.0,0.0,0.00022540116904369266,0.0004912680991375419,0.10561571767115202,0.0,0.007260798785794515,0.0,0.24015622497845168,0.05942282537943076,0.0023464471791705306,0.0,0.4338242852243664,0.0,0.0,0.05784552743745373,0.00048291953653728173,0.0
s15M1723,0.3236737412552218,0.0,0.0,0.0,0.0,0.0001092458849778025,0.1940954506927308,0.006663077229344214,0.0004232340616834719,0.0,0.0008150346915648593,0.0009305799446415137,0.0,0.0029246739037508476,0.04712250564974993,0.06406680983354003,0.00010722885305106318,0.00039257686308908794,0.0001481914761431926,0.28555380400764563,0.03136014028668503,0.0,0.0,0.031172216742410427,0.0,0.0,0.006190334215137774,0.0036048484584688674,0.0006463059501637768
s01X1723,0.5121998715553807,0.0,0.0,0.0,0.0,0.0,0.06456345189378745,0.008727349182341441,7.780640018882925e-06,0.0,0.0,0.029849763252942217,0.0,0.006960693756164358,0.01515746728550045,0.013519198025049351,0.00017787050412984098,0.0,0.0009593033916904078,0.34346340888293636,0.0,0.0,2.5836735246402113e-05,0.0,0.0,0.0,0.0,0.004388004894812222,0.0
s02T1723,0.4658187780079924,0.0,0.054039195488452915,0.0,0.0,0.0,0.03649210144477987,0.0053808128136783664,0.0,0.0,0.0,0.030383776058688344,0.0,0.03734140711939721,0.005351945432372398,0.0073701394581564455,4.637898352808662e-05,0.0,0.0027164356168993,0.006468521276071042,0.0,0.34594528016950676,0.0,0.0,0.0,0.0,0.0,0.0026452281304769534,0.0
s03T1723,0.44712575218313033,0.0,0.0,0.0,0.0,0.0,0.09804555015379761,0.005549308415239024,0.0,0.0,0.0,0.14969129094056893,0.0,0.03647592310172853,0.03426308398943007,0.006505294103937183,0.0017437656413721698,0.0,0.0019850000474322077,0.21582937130868218,0.0,0.00023251569513846004,0.0,0.0,0.0,0.0,0.0,0.0025531444195431483,0.0
s04T1723,0.6561269687281834,0.0,0.0,0.0,0.0,0.0,0.03486762009033191,0.0076326168022654685,0.0,0.0,0.0,0.05698869381212608,0.0,0.12297276314250484,0.006471751065193178,0.005950840501792672,9.94783846852874e-05,0.0,0.014264500549758063,0.019042329154378815,0.0,0.0,0.0720068426809942,0.0,0.0,0.0,0.0,0.003575595087786047,0.0
s06T1723,0.16032343325521092,2.131793816345299e-05,0.0029123759850031507,0.0,0.0005123345659966917,0.0,0.0,0.0006375334832974756,0.0,0.0,0.0,0.005495528196137472,0.0,0.5439675780517569,0.0007636800245517908,0.0007267560674523849,0.0,0.0,0.22112996308739297,0.00131416190772975,0.0,0.05602864178131111,0.005822775340349918,0.0,0.0,0.0,0.0,0.0003439203156460135,0.0
s07T1723,0.3218298971121509,0.0,0.001318963331324077,0.0,0.42978962194869896,0.0,0.0,0.0,0.0,0.0,0.0,0.0,0.0,0.21580106512671596,0.0,0.0014540637633760442,0.0,0.0,0.005709126102236186,0.0034930676732677786,0.0,0.02008742573400421,0.0005167692082258812,0.0,0.0,0.0,0.0,0.0,0.0
s08T1723,0.06864274386519473,0.0,0.0004808134353619866,0.0,2.8232296801240398e-05,2.600015530206101e-05,0.006018555822094397,0.006652928907343527,0.0003402820048239983,0.11168704171228752,0.45768703946052813,0.0,1.4984856873621208e-07,0.0023339462752005272,0.0021203029456849905,0.02108703464587442,0.303847129692651,0.0038306099902307347,0.000941581235631115,0.0013438068335372727,0.0,0.002638440700253024,0.0006894662517665143,0.0,0.0034281136078013357,0.0,0.0,0.006175780313062611,0.0
s09T1723,0.0,0.0,0.0,0.0,0.0,0.0,0.0,0.002680473992446506,0.0,0.0,0.0,0.0,0.0,0.0,0.0,0.980507359016188,0.0,0.0,0.0,0.0,0.0,0.0,0.0,0.0168121669913654,0.0,0.0,0.0,0.0,0.0
s10T1723,0.0,0.0,0.0,0.0,0.0,0.0,0.0,0.0,0.0,0.018687187845366847,0.24737216303224097,0.0,0.0,0.0,0.0,0.7246534272707484,0.009287221851643636,0.0,0.0,0.0,0.0,0.0,0.0,0.0,0.0,0.0,0.0,0.0,0.0
s11T1723,0.16326865569823842,0.0,0.0,0.0,0.0,7.848098853753027e-05,0.020946251798259295,0.03712065991302187,0.00018092609648989245,0.00399094925883299,0.3782886770049833,0.0,0.0,0.0014890347780520264,0.0035733244450233885,0.31792483350958234,0.012842036022525379,0.004381997402347914,0.0007429430434979888,0.020716548877042607,0.0,0.0036820446111800334,0.001345720872916078,0.01531081895431336,0.005812523302266601,0.0,0.0,0.008303573422888968,0.0
s12T1723,0.03233146318191696,0.0,0.00010689829900545743,0.0,0.0,0.0,0.0,0.052192352793595125,1.2472402103381218e-05,0.03934126748046413,0.4852236583322622,0.0,0.0,0.0015044899432287025,0.0008044078319353838,0.16821748948797505,0.025005019853553384,0.012368030388796065,0.000608088251326441,0.0010932154201266837,0.0,0.0,0.00020933176226477462,0.16307259946219782,0.0009911724391519405,0.0,0.015328908159350048,0.001589134510746523,0.0
s13T1723,0.16730023982617942,0.0,0.0,0.0,0.0,0.0,0.036730916041556545,0.06299098279409761,0.0001210197330176355,0.005200069672033112,0.03674945318747835,0.0,0.0,0.0009857181650303468,0.005295000074316826,0.3796061187243935,0.0006632453424149275,0.01938780980444142,0.0008585036160862114,0.06916565336120237,0.016909026658826896,0.022511785000894773,0.000785018803267559,0.15610087968823688,0.003623935355386671,0.0,0.0029257669211576413,0.012088857229981395,0.0
s14T1723,0.28710944993562654,0.0,0.0,0.0,0.0,0.0,0.055360530722478395,0.013936637313681758,0.0,0.0,0.008915536273127363,0.0013476219402053509,0.0,0.0024675606448059098,0.04148314182496269,0.0824729616655466,0.00025256548822329963,0.006947270362527703,0.000344166951876402,0.28491560658614573,0.17279498494135592,0.0,0.00027542141549669573,0.01823472729662989,0.0009123210136157073,0.0,0.016740678527921257,0.005488817095772925,0.0
s15T1723,0.3674483983488228,0.0,0.0,0.0,0.0,0.0,0.066330744242832,0.007576049856757625,0.0,0.0,0.0,0.001399079077558993,0.0,0.012484226379994762,0.012077136659751065,0.03681832988900254,0.0002251571052076873,0.002140694304846055,0.003151948120756665,0.3874551439840968,0.0792762879996379,0.0,0.00028131526678798653,0.004625853398227144,0.0,0.0,0.0150971804185743,0.003612454947145837,0.0
s02M1823,0.05643856683007168,0.0,0.8907175707566148,0.0,0.00046267164956077187,0.0,0.0,0.034377275720107785,0.0,0.0,0.0,1.471331569235266e-05,0.0,0.010074368204769759,0.0,0.00013619344866635315,0.0,0.0,0.0,0.00042414404339460854,0.0,0.007094224312727562,0.00022150358347509366,0.0,0.0,0.0,0.0,0.0,3.8768134919146194e-05
s03M1823,0.2444148662489945,0.0,0.004619914964398293,0.0,0.0,0.0,0.05672944968295424,0.006398550083563895,9.185938838023955e-05,0.0,0.00033046577041593,0.0017429987400575382,2.403666117775862e-05,0.6515315099220563,0.004846548019313582,0.019480292938207466,8.328337043465053e-05,0.00034847502376852204,0.00018346843559517625,0.004201809299064799,0.00020982371181673366,0.0,0.0,0.0013994346565127632,0.00020435145039479472,0.0,0.0,0.003158861632892912,0.0
s04M1823,0.5740013935123078,0.0,0.009451742629595064,0.0,9.685452075570758e-05,0.0,0.24854483905599728,0.002193016651947745,0.0,0.0,0.0,5.908239698172257e-05,0.0,0.07654568959671162,0.014109181827913942,0.007041408206334509,0.0,0.0,0.01950715707233873,0.002829686041076074,0.0,0.018603572482527878,0.026227695147175368,3.591805922143199e-05,0.0,0.0,0.0,0.0007527627991149042,0.0
s05M1823,0.17609938622376106,0.0,0.41766126072448334,0.0,0.0013410775967283527,0.0,0.0,0.0,0.0,0.0,0.0,0.04802830689229836,0.0,0.10275752605503075,0.014009179115605341,0.0,0.0,0.0,0.0029267313823024958,0.1883147570658877,0.0,0.031893958051844196,0.01696781689205829,0.0,0.0,0.0,0.0,0.0,0.0
s06M1823,0.17704833199067618,2.2254128314742665e-05,0.10948652670286202,0.0,0.007079573892881729,0.0,0.0,0.0,0.0,0.0,0.0,0.0,0.0,0.14238373645320804,0.0035908430424579016,0.0,0.0,0.0015858818169987657,0.029362793783435724,0.4899305455460547,0.0,0.03752015408396466,0.0013201645084997208,0.0,0.0,0.00018794797522658977,0.0,0.0,0.00048124607541913026
s08M1823,0.023614064643190286,0.0,0.0009248738081810214,0.0,0.0,0.0,0.0,0.0033016723137206474,7.8651468878104e-05,0.07320479349890614,0.5224325692395392,0.0,0.0,0.008874745500141997,0.0006200817494944932,0.015226702704567411,0.34643588660393926,0.0003873097222187132,0.00039740310935846635,0.0016186079085998037,0.0,0.0003006053584058873,0.00012598317545507967,0.0,0.0006835310011494836,0.0,0.0,0.0017725181942540582,0.0
s09M1823,0.024334522749852965,0.0,0.0005896142966982834,0.0009544395285463555,0.0,0.0017387631776602213,0.022523044388067688,0.0723041275636816,0.00010176415136208187,0.03520948981158201,0.22381055488274226,4.161358427364522e-06,0.0,0.0012360990378871056,0.0020362210023108967,0.41487950958879916,0.06559530899726321,0.00734120826196077,0.0002686577659962037,0.030343503563694717,0.013740880445061956,0.0,0.0003239637152574848,0.0591826511857902,0.001543435725616732,1.6225053598069367e-06,0.008590647748104988,0.006842866470996869,0.006502942077279134
s10M1823,0.06044631798444974,0.0,0.0,0.0014035006887625297,0.0,0.0016623069407027465,0.004638625722815519,0.03271287562650405,0.0,0.0,0.006905326156977459,0.030647918549133034,0.0,0.0004377685790294224,0.001976165168146175,0.5538841625006968,0.00024479325233495115,0.013614988392651881,0.00010085314079275783,0.0018672345105209558,0.061601170803672646,0.0,9.121824710128943e-05,0.2120760284199641,0.0004101717447014735,0.0,0.0077131272698858526,0.005056697731178759,0.0025087485699779107
s11M1823,0.049658274324980774,0.0,0.0,0.000281809433987284,0.0,0.001145735001766659,0.0021877726653788793,0.04883418320701411,0.00030797131725090955,0.005891783199975551,0.2124474940101504,0.0,0.0,0.0004967085178476672,0.002768820774402424,0.4650704046514697,0.0035027942203215974,0.01672505475728652,0.0,0.002435471120424734,0.049268495105863015,0.0,0.0001283290381259692,0.12222641502248098,0.0009098377645924919,0.0,0.004133963321845316,0.008399550274961871,0.0031791322698732746
s12M1823,0.04278069798741788,0.00014376938930306908,0.0,0.0008107658856120484,0.0,0.0,0.02015737914474276,0.018110058200316862,6.145119633620167e-05,0.006433263206423585,0.03825822705192456,0.0003431979802095581,0.0,0.0008429786102376927,0.0012447633223499057,0.06497773648482662,0.0003707808776254952,0.01976007540923064,0.00029538273100986837,0.0011849375771452993,0.026931353888374008,0.0,0.0002917935553480968,0.7135849202608688,0.0005042553930766758,0.00023814372083683511,0.03791565140303329,0.0024267295960932215,0.0023316871276570046
s13M1823,0.06575329694477126,0.0,0.0007222689607113462,0.0033630644287314083,0.0,0.0015091168577258099,0.04229221165838769,0.042572900460806744,0.0,0.0035422020198656837,0.12168421575651352,0.0017406698430798171,0.0,0.0011447680561879915,0.002933542550973092,0.25649517258790094,4.1212702712861e-05,0.020324986639150534,0.0,0.0030029070450955193,0.27387930825888235,0.0,0.00033305530795821916,0.11465664181532904,0.0007237940926009848,8.967895708488495e-05,0.02991581656518324,0.00773979178303731,0.005539376707309948
s14M1823,0.013539346506077628,0.0,0.0,0.0,0.0,0.0,0.0,0.8024803205103185,0.0,0.0,0.006170433348732633,7.45612460087431e-05,0.0,0.00042140720405907606,0.00018597335148191178,0.04959026201194094,9.71744370241952e-05,0.0,0.0,0.014120860107277242,0.0852885596103717,0.0,0.0,0.023693733366590513,0.0,0.0,0.004337368300117015,0.0,0.0
s15M1823,0.08839467898067396,0.0,0.0,0.0,0.0,0.0,0.0207421867252009,0.02297817739897452,0.0,0.0,0.005134284389453548,0.0,0.0,0.003129971139568787,0.03957346919951934,0.051300755181197366,4.958427234981372e-05,0.0017576009221660647,0.0,0.29061606393527634,0.04673200675360559,0.0,6.808346010920951e-06,0.4239694611996312,0.0,0.0,0.004220824266395114,0.0013941272899765894,0.0
s01X1823,0.6605683103393055,0.0,0.0,0.0,0.0,0.0,0.1429882881648334,0.010842943883260334,0.00020212278857519372,0.0,0.0,0.004336228462058717,0.0,0.011231877854144657,0.03324948340153106,0.013030867947255411,0.00014208324834390448,0.0004551946317359507,0.0010884098562418253,0.11170132250663853,0.0,0.0,0.0,0.004771987626574507,0.0,0.0,0.0,0.005390879289501083,0.0
s02T1823,0.0,0.0,0.9988459921002967,0.0,0.0,5.109009567988068e-06,0.0,0.0,0.0,0.0,0.0,0.0,0.0,0.000542175555056374,0.0,4.72688894081972e-05,0.0,0.0,0.0,0.0004532711788358839,0.0,0.0,0.0,0.0,5.2904522460042325e-05,0.0,0.0,5.327874437477843e-05,0.0
s03T1823,0.02859114680118829,0.0,0.034895012651122284,0.0,0.003140087047126238,0.0,0.0006438764459197836,0.0015800637644299035,4.037868109217328e-05,0.0,0.00011205602378862546,0.0,0.0,0.8371559149401785,0.0011155239325060465,0.001062699452456827,5.605856122170945e-05,0.00014451458573584749,0.014741346551169541,0.0013208501330776508,0.0008984939115214887,0.0723487740082599,0.00135872728201327,0.0,0.0,0.0,0.0,0.0007944752271920007,0.0
s04T1823,0.24818459467201653,0.0,0.09253180490622594,0.0,0.007033859773842416,0.0,0.0008415662249489021,0.0008860420725721418,0.0,0.0,0.0,0.0005975044648690151,0.0,0.3951627467698762,0.00046368780526859677,0.00038471432128401136,1.7460122760519664e-05,0.0,0.19585996526308955,0.0009399869499121081,0.00045748980367108985,0.055837233841996285,0.00040400055384480607,9.073747764210017e-05,0.0,0.0,0.0,0.00030660497617965375,0.0
s05T1823,0.3525770680430503,0.0,0.26542116746872196,0.0,0.004178514741928531,0.0,0.0,0.0,0.0,0.0,0.0,0.0,0.0,0.273366801793763,0.0,0.0,0.0,0.0,0.018076119549708378,0.0,0.0,0.0839934836280932,0.002386844774734833,0.0,0.0,0.0,0.0,0.0,0.0
s07T1823,0.17978919716048425,0.0,0.005491333679557982,0.0,0.0010041689405824326,0.0,0.0,3.626921757332099e-05,0.0,0.0,0.0,0.0,0.0,0.7490480932673423,0.0003788573241524937,0.0,0.0,0.0,0.011942449119969181,0.0005739891951345627,0.0,0.050432255067262274,0.0010072578459190428,0.0,0.0,0.0,0.0,0.0002961291820223664,0.0
s08T1823,0.051758727161130474,0.0,0.002597134996548321,0.0,0.0,1.8438149129815388e-05,0.007612075819859883,0.008635443271464533,0.00038516394295630375,0.09934874068282346,0.25128087228703067,0.0,0.0,0.0013799931785885636,0.005301592834915009,0.01961115397833365,0.5312061658071614,0.0038812548738602903,0.0008893841573234552,0.0026630292228328467,0.0,0.002761384271917436,0.0004956088349190157,0.00045253669919665334,0.0026652108874874437,0.0,0.0,0.007056088942520781,0.0
s09T1823,0.043715861719802206,0.0,0.0004754219004250225,0.0,0.0003207963126189691,0.0,0.0,0.11360195516593369,0.00018557187314250745,0.05979405841922018,0.4165831989423732,0.0007486943604468996,0.0,0.0019446512106179599,0.0024031536677558245,0.20433682198266043,0.12294520206943382,0.0015086040553099701,0.0007181274496935114,0.010104396972559538,0.0,0.0005506054366332906,0.00025629785955567794,0.014569154330622228,0.0011482888174196633,0.0,0.0,0.004089137453775495,0.0
s11T1823,0.16148545444678147,2.467759582646642e-05,0.00041961595255236503,0.0025033608829982006,0.0,0.0005360118975780596,0.042826731900087005,0.17106384285428852,0.00044963601105522624,0.01246893081481319,0.2981439475110279,7.671982812317875e-05,0.0,0.00433660242861379,0.004968223825288302,0.14475436638082,0.04343509947392551,0.010916382899754518,0.000963689087672411,0.002972520344297467,0.013358129924662546,0.0,0.0006637868620123731,0.06384844842009994,0.0031374281534685706,0.0,0.0,0.012717917634092508,0.003928474870160328
s12T1823,0.14150222373802138,0.0,0.0,0.0013869016796929747,0.0,0.0,0.029220962389113085,0.027791707948787752,0.0,0.009274261543978467,0.01567632288143257,0.0031890803432682788,0.00048588249901310876,0.0,0.08175613375168783,0.021655692415568535,0.001877884277878707,0.006666383289152506,0.004754541343659468,0.3570313198087728,0.03348890237298434,0.0,0.0002976525309840553,0.257116312447236,0.00201681658257704,3.025575429873207e-05,0.001610158099659507,0.003170604302232927,0.0
s14T1823,0.008387107804955843,0.0,0.0,0.00025273568806861844,0.0,0.00011671927657993024,0.0024358173788511326,0.06929813005736309,0.0,0.006240836159432288,0.06113599243769237,0.0014166651858459622,0.0,0.00031561628725483755,0.0002573480693963451,0.017025346972153712,0.0,0.0018363813991988268,0.0,0.00040891228827912734,0.06705931738817293,0.0,0.0003040529700963932,0.7605167897443702,1.059126543830837e-06,3.265133435846483e-05,0.00171696927610169,0.0008387244744003047,0.00040282668088392434
s15T1823,0.12884524447354984,0.0,0.0,0.00048128640699848,0.0,0.0,0.06312127473715032,0.014819716408085661,0.0,0.0,0.00522247123514936,0.001424897880696297,0.0,0.003351180199076252,0.082353157999139,0.07471485383315368,0.0,0.006144241930303094,0.0,0.25807560263379536,0.30274326917616917,0.0,0.0,0.03947026137567499,0.0,1.0257263051617374e-05,0.014335845110014707,0.0035066287958366565,0.0013798105421556192
s02M1923,0.16187171481333912,0.0,0.020801737878133445,0.0,0.0,0.0,0.012039416825230074,0.009650817689947386,0.0,0.0,0.004695669171330646,0.07105244999459227,0.0,0.043731882585361335,0.13929111722867976,0.020387246954292008,0.0,0.0,0.0031376431238354274,0.4443130221464017,0.043374829882364636,0.02134132339759985,0.0035598373561781626,0.0,0.0,0.0,0.0,0.0007512909527142462,0.0
s03M1923,0.6502383051592938,0.0,0.01739144139739258,0.0,0.006895966539571427,0.0,0.0,0.0,0.0,0.0,0.0,0.0,0.0,0.05334744938695853,0.015914640265200345,0.0,0.0,0.0,0.0034401777214001015,0.14710701632198644,0.0,0.0817802102369406,0.02388479297125623,0.0,0.0,0.0,0.0,0.0,0.0
s04M1923,0.050809906709398805,0.0,0.0,0.0,0.0,0.0,0.0,0.0,0.0,0.0,0.0,0.13784187260232006,0.0,0.0,0.15446687712803,0.0,0.0,0.0,0.0004853218443936338,0.6563960217158573,0.0,0.0,0.0,0.0,0.0,0.0,0.0,0.0,0.0
s05M1923,0.0,0.0,0.0034360610034797796,0.0,0.0,0.0,0.0,0.0,0.0,0.0,0.0,0.038616303107169465,0.0,0.0,0.08433859325980284,0.0,0.0,0.0,0.023155649934816114,0.8430488370592839,0.0,0.007398333829153752,0.0,0.0,0.0,6.2218062943594525e-06,0.0,0.0,0.0
s06M1923,0.055549007114935406,0.0,0.008119113897956413,0.0,0.0009816445061082604,0.0,0.0,0.0,0.0,0.0,0.0,0.14738138888276114,0.0,0.009596099344237014,0.1104398259109895,0.0,0.0,0.0,0.0028966655386226292,0.6438316251560326,0.0,0.020770432747802516,0.00043419690055449196,0.0,0.0,0.0,0.0,0.0,0.0
s07M1923,0.38056134285007376,0.0,0.0,0.015560022805448078,0.0,0.0006652737221755329,0.09708458500007491,0.019300623971671448,0.00030979753601915897,0.0002021598114386437,0.0,0.0010915819006771998,0.009465072479844596,0.023692636351650993,0.061526018789270547,0.006456261754594839,0.00019704611251077718,0.003591299329669592,0.00045606055711566534,0.3432048101583681,0.0,0.0,0.0,0.011699419764638043,0.0050062452471532305,0.00039217437537806117,0.012431564562505748,0.005473810556271381,0.0016321923634497533
s09M1923,0.04374305491876095,0.0,0.0,0.0,0.0,0.0,0.0022332843950626045,0.15567890465760503,0.0,0.03069880523656565,0.05260891772305709,0.0,0.0,0.00021005027976942647,0.000883200821367196,0.5206144549655749,0.0004238463092269859,0.0,0.0,0.001218828396124382,0.18288672389687657,0.0,0.0,0.005457958842849693,0.0,0.0,0.0027267956502216232,0.0006151739069376863,0.0
s11M1923,0.0,0.0,0.0,0.0,0.0,0.0017578104578282931,0.0,0.010167943010776646,0.0,0.0,0.004312716297396821,0.0,0.0,0.0,0.0,0.43988273074251305,0.0,0.0,0.0,0.30285774280568134,0.20651288123748143,0.0,0.0,0.02560043219259572,0.0015738059320859212,0.0,0.0030309395954441795,0.004302997728196434,0.0
s13M1923,0.180433398757893,0.0,0.0,3.4683651245627893e-06,0.0,0.0005687172007981454,0.24308800169431813,0.05632112531566032,0.0,0.0,0.018582526774876613,0.0,0.0,0.002977290004143169,0.013857463220490146,0.114466581585459,0.00041485418294934175,0.03901679232323733,0.00023817953482166868,0.04008951773123073,0.2166079845545863,0.0,0.0001174469997246882,0.056076502910255926,0.001414959517999758,0.0,0.007593880237636108,0.00813130908879494,0.0
s14M1923,0.09888891043796716,0.0,0.0,0.0,0.0,0.0007338532093193609,0.06995431226893044,0.09572419906616801,0.0,0.0,0.00842718514441075,0.0013752600964841528,0.0,0.0022909969555513165,0.0033503528279035084,0.11360649892483751,0.00010820291221446863,0.04423487949185363,0.0,0.002743824054037061,0.45577633850301813,0.0060506705655062444,1.9288699839467108e-05,0.06992741335969264,0.0013479587753963366,0.0,0.01733762733037321,0.007681394518205119,0.00042083285829136886
s15M1923,0.31554497142513177,0.0,0.0,0.0005554004243263165,0.0,0.00047189072501843253,0.04972249930451883,0.01977967090496662,0.0,0.0,0.0033013265495604946,0.002170790582325134,0.0,0.003218756517645671,0.006178541414083041,0.26991774156225257,0.0012166618345479593,0.005166736888822786,0.0013722783719800785,0.08240416691322733,0.182800635858446,0.0,0.00047652389116501913,0.042936511092710246,0.0018992351615798129,0.0,0.00375366416004752,0.007111996417644367,0.0
s02T1923,0.3462897394535257,0.0,0.1626040445710719,0.0,0.0,0.0,0.006388365219710039,0.003651304480518249,0.0,0.0,0.0,0.21585360943143356,0.0,0.004725345472313918,0.2366120325308189,0.0013034272591129666,0.0,0.0,0.0,0.020498771024759572,0.0,0.0,0.0,0.0,0.0,0.0,0.0,0.0020733605567351,0.0
s03T1923,0.02344131925566459,0.0,0.0,0.0,0.0,0.0,0.0,0.0,0.0,0.0,0.0,0.08070370074113682,0.0,1.3350470395446282e-06,0.15930056781813032,0.0,0.0,0.0,0.0,0.7365530771380286,0.0,0.0,0.0,0.0,0.0,0.0,0.0,0.0,0.0
s04T1923,0.35582334925971054,0.0,0.0038617525125048567,0.0,0.00042340979912862853,0.0,0.0,0.0,0.0,0.0,0.0,0.0,0.0,0.008574731608662227,0.2765826470947966,0.0,0.0,0.0,0.005023967879831297,0.3233334648653413,0.0,0.01877830565562134,0.007598371324403125,0.0,0.0,0.0,0.0,0.0,0.0
s05T1923,0.0,0.0,0.027639712428823543,0.0,0.0011161902395318566,0.0,0.0,0.0,0.0,0.0,0.0,0.021557164734741046,0.0,0.01272206882282043,0.008894118899115412,0.0,0.0,0.0,0.07802496528618554,0.7845242163625943,0.0,0.06552156322618774,0.0,0.0,0.0,0.0,0.0,0.0,0.0
s06T1923,0.36689521853079926,0.0,0.0019523200286129963,0.0,0.0,0.0,0.028748369049389436,0.004399624564318464,7.801085791728807e-06,0.0,0.0,0.040378917783868776,0.0,0.011308550307987724,0.006913216262428901,0.0008178810565390328,5.230147820894931e-05,0.0,0.014247639966066362,0.5212296998223818,0.0,0.000375193584888905,0.00029957088331836066,0.0,0.0,0.0,0.0,0.00237369559539937,0.0
s09T1923,0.0018421671501470992,0.0,0.00036426289403861003,0.0,0.0,0.0,0.0440732363973245,0.5598203508800264,0.0,0.06760125911204976,0.19574067045783816,0.0009974669496327893,0.0,0.00010848711260822866,0.0005362440877891697,0.06845131261823278,0.0,0.0015895741772875478,5.7571032061848756e-05,0.0009353495291414153,0.02532586468817623,0.0,0.0003243404413460281,0.011763856656928645,0.00011184084957550202,0.00011306104056377592,0.003806723681369611,0.0034151072920865417,0.013021252951775284
s10T1923,0.010232252356117556,0.0,0.0,0.0,0.0,0.0,0.022691645388088925,0.20201227971151953,0.0,0.03890348891724818,0.11437659134090225,0.0,0.0,0.00012192924644016235,0.0005993394522284089,0.07534612861795398,0.0,0.0021104241153731755,0.0,0.277424507012972,0.19723039856842453,0.0,0.00030462245571928967,0.047777636103534575,0.0007166168039866601,1.842281660393463e-05,0.00507468854946194,0.003058218540723435,0.002000810002701554
s11T1923,0.07062275463322394,0.0,0.0005745073735836035,0.0,0.0,0.0007615500983343686,0.039755366048562175,0.15313611171480987,0.0,0.03288503762842411,0.08904634568894718,0.0,0.0,0.0008667164038086266,0.3126847172540257,0.06664716555675797,0.0,0.001529965528812609,0.0,0.002734507835503416,0.19956888491166394,0.0,0.0,0.015081745364737355,0.0010338063434615443,6.698549411853428e-07,0.005583104725409042,0.006190607963198591,0.0012964350717946554
s12T1923,0.032083226456586116,0.0,0.0010751118294632476,0.0058710738078577825,0.0,0.0,0.05565568267997981,0.10570057582619485,0.0,0.018549465237375284,0.04892638647318057,0.0,0.0034856856604770195,7.998131355544283e-05,0.008172780690670806,0.013012488273433999,0.0,0.020102425611712656,0.0,0.12883155128142526,0.3075499223591066,0.0,0.0,0.2338182305393207,0.0019786038618328228,0.00016609709079887678,0.01172280934973624,0.003217901657291801,0.0
s13T1923,0.06583311570246375,0.0,0.0,0.0,0.0,0.0,0.03967204970521328,0.4419195698569881,0.0,0.0,0.029752198655002636,0.032293067836476584,0.0,0.000886667970360498,0.00170346695013919,0.069282761632653,0.0,0.00307265175846548,0.0,0.0015377734749071202,0.2986827223370788,0.0,3.3670616701696764e-05,0.0057525911766550366,3.6703715356581836e-05,0.0,0.007637968400870047,0.0019030202106680308,0.0
s14T1923,0.055502207412218514,0.0,0.0,0.0,0.0,0.0,0.022635867787714543,0.18849264193684898,0.0,0.0,0.00015506822695794656,0.3090813703264321,0.0,0.0007557128704970414,0.010874724055168136,0.039885130625794,3.248675346915918e-05,0.015878991148462182,0.0,0.25283154841321887,0.06631891754920405,0.015447362030255795,2.3122551202950884e-05,0.01988379701215978,0.0005791046695488724,0.0,0.00027899732921356403,0.0013429493016333582,0.0
s15T1923,0.35392748605660085,0.0,0.0,7.541359627737472e-05,0.0,0.0002658748334938239,0.08103101368464066,0.009828456423857919,0.0,0.0,2.893454017729215e-05,0.0025040315142735724,0.0,0.00287073833783229,0.22625338900819914,0.03429799849824672,5.3751216231308664e-05,0.004324812245446011,0.0,0.12163112930301945,0.14756454574457137,0.0,5.746953840547818e-05,0.004650900120760633,0.0014617286106506644,0.0,0.0039001604834294603,0.005272166243886002,0.0
s02M2023,0.3437874500310068,0.0,0.20867965777405706,0.0,0.0008081253344800404,0.0,0.03658503174203914,0.006126728744702249,0.0003191488730878074,0.0,0.0,0.001873648139317349,0.0002863156406610977,0.023897602393198943,0.004271718699386581,0.0019252226234280953,4.0878127516725976e-05,0.0005563374051168771,0.003295481630509924,0.004102308965038044,0.0,0.357330018319602,0.003824945052200206,0.0,0.0,0.0,0.0,0.0022893805046510386,0.0
s03M2023,0.4988311352098006,0.0,0.05517858800321385,0.0025117927307411335,0.006040769750258861,0.0,0.030926960559957962,0.005914272035470564,4.539968845948489e-05,0.0,0.0,0.00042125639849690654,0.0018268853001274035,0.05716000136573511,0.003973457826492096,0.0005729085677598403,3.998800653800598e-05,0.0007737570219261507,0.02057040661151603,0.21986911070841197,0.0,0.07577847008123675,0.016309970220836162,0.0,0.000745477324329714,3.775799125455866e-05,0.0006617163416571223,0.0018099182557798717,0.0
s06M2023,0.13638959334971645,0.0,0.006630350256877918,0.0004709557841963975,0.042099504004553055,0.0,0.010925478387307511,0.002431547135684435,0.0002371661326997373,0.0,0.0,0.13249730154528147,0.0007678635119253045,0.007802151419404465,0.0010354357308032579,0.0,2.86171372407908e-05,0.0,0.022485212786705244,0.5826789263046582,0.0,0.04845375092497469,0.0042504142839575165,0.0,6.923713544872018e-05,0.0002632238533417512,0.0,0.00048327031522306255,0.0
s07M2023,0.4459142268494756,0.0,0.0003462481549146185,0.0,0.0,8.37473811161312e-05,0.11563623646809323,0.010781377828043795,0.0013978879929435438,0.0,0.0,0.0015865393629736163,0.0008309090245766429,0.0027222547598285993,0.0071303234090496935,0.0037241294066933943,9.222805148092698e-05,0.012763765096819452,0.0016505139869251607,0.3811640514243669,0.007541207383049715,0.0,0.00023853564772801104,0.0,0.0011521055316487919,0.00028930661664817564,0.0,0.004644611050273845,0.0003097945733499871
s08M2023,0.0,0.0,0.0,0.0,0.0,0.0,0.0,0.0,8.897127706676334e-05,0.18130913052680311,0.6779438312525099,0.0,2.7672216182323926e-05,0.00027285609777427374,0.0,0.002152779903739555,0.13735812614627196,0.0,0.0,0.0008353939041411194,0.0,0.0,0.0,0.0,0.0,1.1238675511098243e-05,0.0,0.0,0.0
s09M2023,0.16082014073411455,0.0,0.0,0.0,0.0,0.1045768918666442,0.04155285942732977,0.2150580098882166,0.0009270774005460562,0.037668657815813376,0.12096780881623449,0.00040113009056311807,0.0,0.0010411756723350655,0.0027275808719067172,0.1946542374201622,0.0,0.013706218891914033,0.0008691182538079492,0.003046522564675455,0.0015593555282724211,0.0,0.0001604263312775686,0.03506572399749309,0.00022965165128156897,0.0,0.0,0.0422231256484383,0.02274428712897352
s10M2023,0.021196735948043274,0.0,0.0,0.0,0.0,0.0,0.18759331700753162,0.03565619618515729,0.0,0.0,0.0025405695439786337,0.0,0.0,0.00016981620222230527,0.0,0.010767742723486195,0.0,0.6864796349699648,0.0,0.000705925228095191,0.04358771421891169,0.0,0.0,0.009363293673884995,0.0,0.0,0.001939054298724048,0.0,0.0
s11M2023,0.423783469531601,0.0,0.003447312527396543,0.0,0.0,0.0,0.07633651281641958,0.047309795620443316,0.0006556072530637787,0.0,0.008753797825241265,0.0020225115880225645,0.0,0.0019615368567671102,0.007523123233021669,0.06242137511343074,0.0002700002422649622,0.16246962179356522,0.002126976221214882,0.00654405334509958,0.09501176611292239,0.0,0.00025055790887211477,0.07268719534256982,0.0006540411090083981,0.0,0.0,0.018805517101182334,0.00696522845789263
s12M2023,0.05117271039728189,0.0,1.737347143513335e-05,0.0,0.0,0.0,0.00040031746847606076,0.025511304172200044,0.0,0.0,0.00030356697334581845,0.0,0.0,9.507226156876491e-05,0.3534961945809905,0.01733544798794695,0.0,0.44127444732416404,0.0,0.0808426770190142,0.017211776533274707,0.0,0.0,0.012286481412690332,0.0,0.0,0.0,5.263039761134208e-05,0.0
s13M2023,0.07024991946806239,0.0,0.0,0.0,0.0,0.0,0.07903815406012131,0.4341316588801472,0.0,0.0,4.573406179922301e-05,0.0,0.0,0.0005437249287790522,0.0009485655031049409,0.004209785469173596,0.0,0.39036255647128143,0.0,0.0013214651518799975,0.016471403346060735,0.0,0.0,0.0025752684490322002,0.0,0.0,0.00010176421055791217,0.0,0.0
s14M2023,0.0,0.0003222680554661373,0.0,0.0,0.0,0.0,0.3455023528815759,0.07151667732968653,0.0005390755487859651,0.0,0.004274202022009847,0.0,0.0,0.0,0.0,0.0014125094690846805,0.0022584055200962536,0.11432064796418875,0.0,0.4189227727790627,0.017918559069623155,0.0,0.0,0.021099144208954028,0.0,0.0,0.0,0.0019133851514660308,0.0
s15M2023,0.2953169987077165,0.0,0.0,0.0009100886682019561,0.0,0.0,0.05040127781064966,0.007659781425795566,0.0003391171917243832,0.0,0.0001694157596767468,0.0018707024340391645,0.0003812138452384975,0.0006180880811440548,0.11430747471303192,0.004733160578112642,9.025130581504564e-05,0.006325549513826352,0.0,0.5074745481094927,0.001470457407326019,0.0,0.00024779935118248716,0.0014034275386138712,0.0018330247297559175,0.0,6.482837230013965e-05,0.0043827944563563925,0.0
s01X2023,0.39249679358977374,0.0,0.0,0.0,0.0,0.0,0.05620151202881649,0.00799134495121134,0.0005317736792851827,0.0,0.0,0.00030090120314371155,0.0008524965999211338,0.0011575568369269049,0.03861673625281767,0.0013551921737379607,7.745685093160988e-06,0.0060069332317911,0.0025704253045101765,0.48610766930315746,0.0,0.00402642543529483,0.0,0.0,0.0,0.0,0.0,0.001776493724519196,0.0
