,0,1,2,3,4,5,6,7,8,9
s02T1622,0.39209209495990927,0.0,0.0,0.0,0.0,0.007709760867187503,0.0,0.0,0.26186593786458007,0.33833220630832317
s03T1622,0.46748380980093257,0.0,0.005021679951500149,0.0,0.0,0.017965183849276097,0.0,0.0093730939387232,0.19304524255333794,0.3071109899062299
s04T1622,0.36925233811950525,0.0,0.012249469022903331,0.0,0.0,0.004626731828775371,0.0,0.022959042470028827,0.16904538335267966,0.4218670352061075
s05T1622,0.43515567856824106,0.0,0.0,0.0,0.0,0.02428104307933182,0.0,0.024740210716736974,0.1953297313629478,0.32049333627274246
s06T1622,0.4959829372364703,0.0,0.0642828803834303,0.0,0.0,0.038507487069331596,0.0,0.03680385918833798,0.07364405147842942,0.2907787846440004
s07T1622,0.43332791836674933,0.0,0.08450817478357281,0.0,0.0,0.03135888566759675,0.0,0.08376470178653268,0.04728358357429845,0.31975673582125
s08T1622,0.0,0.8654852850189612,0.016540500023491722,0.0,0.0,0.0,0.0,0.11797421495754719,0.0,0.0
s09T1622,0.0,0.7840471469441418,0.014807431668515678,0.0,0.0,0.0,0.0,0.19944241621605144,0.0017030051712909487,0.0
s10T1622,0.0,0.31989950838478265,0.006706412817964725,0.0,0.0,0.0,0.0,0.6470904616594746,0.026303617137778023,0.0
s11T1622,0.0,0.18161837084572327,0.03500422114617638,0.010808099790762032,0.0,0.0,0.0,0.7568950185241731,0.015674289693165297,0.0
s12T1622,0.0,0.0,0.0,0.02863605175706311,0.0,0.01649738983362357,0.0,0.8891486205962128,0.06571793781310055,0.0
s13T1622,0.0,0.05538233762572609,0.0,0.02160145537872513,2.0466546485005482e-05,0.02402456726409355,0.0,0.7813238810007505,0.1176472921842197,0.0
s14T1622,0.0,0.0,0.0,0.01727896709703617,0.0,0.08637567670419802,0.0,0.6627126162480662,0.1884287766642038,0.04520396328649591
s15T1622,0.16560699038269155,0.0,0.03911281001635038,0.0,0.0,0.09943020275551123,0.0,0.26606255999138806,0.21553625702366974,0.21425117983038888
s02M1722,0.34172792095033905,0.0,0.0,0.0,0.0,0.012536604930285727,0.0,0.006357633843448533,0.2574212700360002,0.38195657023992663
s03M1722,0.3846715780512435,0.0,0.0,0.0,0.0,0.01653197749075097,0.0,0.004300796020811203,0.25458479148496815,0.3399108569522262
s04M1722,0.4414588283461041,0.0,0.0014645818121654427,0.0,0.0,0.022881422266094065,0.0,0.03474240231867235,0.17668495148956878,0.3227678137673953
s05M1722,0.3878264429859839,0.0,0.01455659301983156,0.0,0.0,0.01352507403426436,0.0,0.056959596208126,0.10943957386333174,0.4176927198884625
s06M1722,0.45991780282346917,0.0,0.028660011685601748,0.0,0.0,0.023725159119769027,0.0,0.06119472971881284,0.06717323388984617,0.3593290627625011
s07M1722,0.3562203719631815,0.0,0.12124613167171483,0.0,0.0,0.03955746450825102,0.0,0.10300689790060384,0.07380978309523528,0.3061593508610135
s08M1722,0.0,0.7161917320993965,0.02604048940365186,0.051046917394446126,0.0,0.0,0.0,0.2067208611025056,0.0,0.0
s09M1722,0.0,0.08244196778308757,0.022296619337628762,0.012871581210898556,0.0,0.0,0.0,0.8632876076949242,0.019102223973461008,0.0
s10M1722,0.0,0.09301380333242804,0.012165015462192848,0.010326498233230315,0.0,0.0,0.0,0.8240835983059144,0.06041108466623442,0.0
s11M1722,0.0,0.07169654267411563,0.02773393780697669,0.0,0.0,0.0,0.0,0.885665392768755,0.009083952630510421,0.005820174119642357
s12M1722,0.05482600263503294,0.0,0.03804956122614123,0.012707318022479406,0.002081609283746042,0.0,0.030698486262742672,0.8361036615892639,0.02165791635194966,0.003875444628644443
s13M1722,0.012470655181727188,0.0,0.05105610918826607,0.0,0.0,0.0,0.01581634891155552,0.9014645218847611,0.019192364833690072,0.0
s14M1722,0.07950284875723604,0.0,0.03280075986207663,0.0044754869964343845,0.0012713488956808204,0.048911657808989525,0.003626617241024942,0.7381626769088839,0.04257204714655345,0.04867655638312036
s15M1722,0.17378857823220334,0.0,0.058410895500454585,0.0,0.0,0.12770452490861914,0.0,0.3806099343311149,0.09610472948387914,0.16338133754372894
s01X1722,0.2663771899445142,0.0,0.3237712873744975,0.0,0.0,0.014275547625190017,0.004719053268336474,0.11066974701457738,0.033604364468488815,0.24658281030439552
s02T1722,0.31290705447955025,0.008751794103381455,0.21660852178327641,0.0,0.0,0.010975094433795657,0.0,0.06454008950307755,0.08973444706063659,0.2964829986362821
s03T1722,0.27585747604511285,0.0,0.31173176950207687,0.0,0.0,0.012547131084882254,0.0,0.07018008245095993,0.04435606016763781,0.28532748074933023
s04T1722,0.31080698675044477,0.0,0.06346464596642422,0.0,0.0,0.011416204224471515,0.0,0.05207985583704548,0.19353491882034696,0.36869738840126715
s05T1722,0.31897704980251573,0.0,0.11375363639659508,0.0,0.0,0.006559882999830669,0.0,0.05122597648060032,0.1001559561976274,0.4093274981228308
s06T1722,0.27172088472874256,0.0,0.040388735241799215,0.0,0.0,0.007597300499779626,0.0,0.07584384691608406,0.23438529256304122,0.3700639400505534
s07T1722,0.2164646334715997,0.0,0.41586388534998353,0.0005725136882890825,0.0,0.019080777075896557,0.004095933157439201,0.17220036372429812,0.0,0.17172189353249367
s08T1722,0.0,0.4747266408275095,0.037209343063835415,0.12211314284829666,0.0,0.0,0.0,0.3659508732603584,0.0,0.0
s09T1722,0.0,0.4675555144993479,0.0027241626442541847,0.07799369035857304,0.0,0.0,0.0,0.451726632497825,0.0,0.0
s10T1722,0.0,0.08450994982769149,0.054121483182923154,0.0,0.0,0.0,0.0,0.851519136412123,0.009849430577262416,0.0
s11T1722,0.0,0.10669884793866999,0.05147810820016647,0.0,0.0,0.0,0.0,0.8407080527047958,0.0011149911563677678,0.0
s12T1722,0.0,0.0,0.0,0.0,0.0,0.012328297609347906,0.012098460935386461,0.9324309127652257,0.013055416376102672,0.03008691231393728
s13T1722,0.03443463639914403,0.0,0.05589176040927589,0.025376263603248222,0.0012912157996547973,0.0,0.034405964226075496,0.6688033350600999,0.15265741612150469,0.02713940838099705
s14T1722,0.025021283761909995,0.0,0.018609430255107664,0.0,0.0,0.0874519967755395,0.0,0.7362395920236872,0.00496155448996275,0.12771614269379283
s15T1722,0.14168953369839812,0.0,0.21896358000127397,0.0,0.0,0.1075558613293369,0.0,0.2876160521886327,0.06954627162490515,0.1746287011574531
s02M1822,0.08273198033914375,0.010296891196474837,0.6792789648941913,0.015962103745304667,0.0,0.0,0.0,0.11507072818328039,0.01077388904182888,0.08588544259977614
s03M1822,0.09701329094985682,0.03309317821192259,0.38363052606771897,0.00939017334027572,0.0,0.004948153831714089,0.0,0.11280864819084584,0.18065059244912499,0.1784654369585411
s04M1822,0.030877264126950882,0.022954718073615755,0.5960014675000679,0.0030859703187507857,0.0,0.0,0.0,0.07076604699077431,0.1225118146189,0.1538027183709404
s05M1822,0.0,0.029949553267448532,0.10445978519019791,0.011909463277411759,0.0,0.0,0.0,0.026838216904295213,0.4200617795025005,0.40678120185814615
s06M1822,0.0,0.004430327726605552,0.07045535982150546,0.0,0.0,0.0,0.0,0.022495101029171898,0.6914867205929144,0.2111324908298027
s07M1822,0.0,0.009711823583922747,0.24865740581208085,0.00228080997369962,0.0,0.0008054955111784744,0.0,0.054236157374668935,0.541055483034448,0.14325282471000145
s08M1822,0.0,0.5694856805976815,0.03303198361719255,0.11218767390773526,0.0,0.0,0.0,0.2852946618773907,0.0,0.0
s09M1822,0.0,0.4309193479453896,0.03101126626090312,0.053163584248478106,0.0,0.0,0.0,0.4849058015452293,0.0,0.0
s10M1822,0.0,0.23487016112883363,0.08576839974560643,0.04726642962279106,0.0,0.0,0.0,0.6024178689011614,0.0,0.029677140601607387
s11M1822,0.0,0.29940931833648327,0.024216543248045123,0.0,0.0,0.0004189602749939521,0.0,0.6557052432292383,0.02024993491123935,0.0
s12M1822,0.0,0.1210114448060075,0.08809135238710444,0.0,0.0,0.0,0.020004684150249547,0.7708925186566385,0.0,0.0
s13M1822,0.0,0.11850011323610998,0.0967715915429872,0.0,0.0,0.0,0.013367636328388423,0.7625334219543809,0.008827236938133438,0.0
s14M1822,0.04258434510787547,0.0,0.070342123517171,0.0,0.0,0.048227591783644524,0.00032027993066353157,0.8100565569832936,0.004387182517504889,0.02408192015984692
s15M1822,0.009582586977835848,0.0,0.14994209386759008,0.0,0.0,0.1459686184516914,0.0,0.44823642985613255,0.18969472804950258,0.05657554279724759
s01X1822,0.03471431387052212,0.018693656216431674,0.5760101011250821,0.005060438021416178,0.0,0.0028713135581734405,0.00045744515387163327,0.12812626756837958,0.11457754247191453,0.11948892201420873
s02T1822,0.08025818936239976,0.002718569130534131,0.5285444719884257,0.0,0.0,0.00401254811570613,0.0,0.04946626051809458,0.1754398765434094,0.1595600843414303
s03T1822,0.12229698260813683,0.026353445861738295,0.41870519779270376,0.0,0.0,0.0,0.0,0.030325196429643066,0.16255520923233452,0.23976396807544348
s04T1822,0.18648116943304086,0.011156181453120575,0.3553572039982149,0.0,0.0,0.0,0.0,0.051154337561422014,0.20884178371414722,0.18700932384005442
s05T1822,0.1320009176331441,0.012105102631966623,0.28171912269166655,0.0,0.0,0.0,0.0024878176455240147,0.06860715343739685,0.3400975259085234,0.16298236005177835
s06T1822,0.02886625925556498,0.014902120108642745,0.16111026881690663,0.001391002850528243,0.0,0.0,0.001276898186372535,0.07586978772215223,0.4893495757506932,0.2272340873091395
s07T1822,0.0,0.00870509337249047,0.4663889323212585,0.0,0.0,0.0,0.0,0.05979754880968747,0.28440406226881026,0.18070436322775332
s08T1822,0.0,0.4776409589329413,0.027920374735606643,0.11541211204445867,0.0,0.0,0.0,0.3790265542869934,0.0,0.0
s09T1822,0.0,0.2905798911533369,0.0564331732175744,0.03068993509190205,0.0,0.0,0.003487189436966537,0.6188098111002202,0.0,0.0
s10T1822,0.0,0.07007306788161456,0.07823470214377529,0.0,0.0,0.0,0.051440710903538196,0.800251519071072,0.0,0.0
s11T1822,0.0,0.09890811296198002,0.11755964699424258,0.0,0.0,0.0,0.009643354027765446,0.773888886016012,0.0,0.0
s12T1822,0.0,0.037236511197843825,0.0797129601534236,0.0,0.0,0.003002166572324855,0.013859232542889476,0.8580967305156451,0.00809239901787317,0.0
s13T1822,0.02782768081058143,0.0,0.0729869427960888,0.0,0.000932184638322817,0.0,0.04966987109080245,0.842955883297288,0.001081753185997909,0.004545684180918502
s14T1822,0.03151276980877762,0.0,0.06950120362854774,0.0,0.0005621588234475136,0.13610618887488204,0.0,0.6565174421205002,0.059605385139033136,0.046194851604811654
s15T1822,0.1400827851161195,0.0,0.26656825508754867,0.009100315753073953,0.0,0.06312519853116945,0.0,0.22817354730466374,0.22669914847077316,0.06625074973665145
s02M1922,0.0,0.020151596002287126,0.6679352504378243,0.0,0.0,0.0,0.0,0.02118403456310854,0.20455096611030912,0.08617815288647092
s03M1922,0.0,0.004686904065585276,0.44983381031628206,0.0,0.0,0.0005631715403212503,0.0,0.009936501515567464,0.428362807315278,0.10661680524696587
s04M1922,0.0,0.0,0.02658310948391801,0.0,0.0,0.00022031925974958506,0.0,0.0,0.9398752113608373,0.03332135989549521
s05M1922,0.0,0.0,0.0,0.0,0.0,0.0,0.0,0.0,0.993256077323222,0.006743922676778109
s06M1922,0.062160732748932634,0.0,0.40607694278794454,0.0,0.0,0.0031383065258179603,0.0,0.02476523506204465,0.4620744377407859,0.04178434513447417
s07M1922,0.0,0.0,0.06182712456058192,0.0,0.0,0.0,0.0,0.005714504827343357,0.9216939399656132,0.01076443064646163
s08M1922,0.0,0.8108168321626769,0.01172541169472364,0.0,0.0,0.0,0.006658330243863156,0.17079942589873637,0.0,0.0
s09M1922,0.0,0.1950258699986878,0.01673666097927754,0.07062593556699906,0.0,0.0,0.010775622981799902,0.6416098433457973,0.0652260671274385,0.0
s10M1922,0.0,0.1737974436052589,0.023701552267293407,0.031084533318526744,0.0,0.0,0.02940991528869016,0.7353604032141889,0.006646152306041848,0.0
s11M1922,0.0,0.056120433457207304,0.0,0.11568925920174858,0.0,0.0,0.019833348561045506,0.8051807397275457,0.003176219052452883,0.0
s12M1922,0.0,0.06178364531448223,0.0005436637443967731,0.09900557339145279,0.0,0.0,0.03064985933936703,0.8046638301002312,0.0033534281100699604,0.0
s13M1922,0.0,0.22853188733580013,0.0019991653988703723,0.10271658577925362,0.0,0.0,0.0,0.5749822129082618,0.09177014857781411,0.0
s14M1922,0.0,0.06942865718151746,0.01383129041023454,0.11445844962191541,0.0,0.008525514379569646,0.0,0.627193239039294,0.16656284936746904,0.0
s15M1922,0.0,0.0,0.3246532527295522,0.022101418320703618,0.0,0.06623658422555681,0.0,0.23637857774369447,0.3191445679347916,0.0314855990457012
s01X1922,0.12230830959135189,0.0,0.816172727005236,0.0,0.0,0.0072405054465589916,0.0,0.01715551944568516,0.02055967394133564,0.01656326456983217
s02T1922,0.049111595234811616,0.0,0.80530742986574,0.0,0.0,0.01510508399270134,0.0,0.05867039877993527,0.059411263288820446,0.012394228837991248
s03T1922,0.11596588193559791,0.0,0.6610383947966909,0.0,0.0,0.013691650551596261,0.0,0.07011438308550844,0.1096019144887159,0.029587775141890437
s04T1922,0.26263363155335384,0.0,0.10767070146071964,0.00924836819645737,0.0,0.01851016437660818,0.0,0.1250913227411331,0.35844528790009306,0.11840052377163487
s05T1922,0.090206309022458,0.0,0.5767266718875997,0.0,0.0,0.01692357331081339,0.0,0.06790350843467514,0.19671540595223547,0.05152453139221818
s06T1922,0.17610542643264,0.0,0.43041115594710344,0.0,0.0,0.02246429733816441,0.0,0.08371096158687882,0.20145790908579575,0.08585024960941763
s07T1922,0.2850911814655022,0.0,0.23974975267212367,0.0,0.0,0.03206984789421468,0.0,0.08940914832269267,0.3193611220576727,0.034318947587794135
s08T1922,0.0,0.49701692646948264,0.002061203170017115,0.09472993543746543,0.0,0.0,0.025573328008744647,0.3806186069142902,0.0,0.0
s09T1922,0.1598693036115855,0.0,0.006791051215824594,0.07850012414783127,0.0018245520602315414,0.0352144366583917,0.016159816449730472,0.6706559500360707,0.0,0.030984765820334156
s10T1922,0.06909442901217523,0.0,0.12531693530821555,0.09946615673802303,0.0,0.0,0.018492664839557922,0.6876298141020282,0.0,0.0
s11T1922,0.05422984501629427,0.0,0.05814186733890292,0.045999624955983164,0.0010595951965177753,0.024733358947869533,0.0,0.810197531862235,0.005638176682197313,0.0
s12T1922,0.059284391529839955,0.0,0.10642165095186877,0.049749496038119935,0.0026138613445867835,0.0728804998897153,0.0,0.6937633771438255,0.0152867231020437,0.0
s13T1922,0.06506731800795847,0.0,0.27856730845430683,0.03264220668740217,0.0009444033951137463,0.049115324463019625,0.00200796884730826,0.5209651233993461,0.013892631930381535,0.03679771481516333
s14T1922,0.0,0.0,0.2570491918993184,0.05099714363887636,0.0,0.138026327494785,0.0,0.5029588524793647,0.05096848448765552,0.0
s15T1922,0.11484610923980297,0.0,0.4832843119554897,0.01082270214182194,0.0,0.05633385606691061,0.0,0.18613996502304148,0.13455037143461565,0.014022684138317695
s02M2022,0.0,0.0,0.5155493058657635,0.007588947468759884,0.0,0.09603478768897893,0.0,0.0664950729188058,0.3143318860576917,0.0
s03M2022,0.0,0.0,0.4751493585696391,0.012877497891431191,0.0,0.17179339144893363,0.0,0.09340440472548789,0.2467753473645082,0.0
s04M2022,0.3306774268234348,0.0,0.2756869108399892,0.0,0.0,0.008650272912483926,0.0,0.0,0.26833748673301183,0.11664790269108027
s05M2022,0.27489862388348624,0.0,0.08124027222401171,0.0009084392512834835,0.0,0.060936584139443306,0.0,0.049575019836917956,0.5235320407207683,0.008909019944088908
s06M2022,0.24353252419933236,0.0,0.26610489718043656,0.0,0.0,0.04410307341272807,0.0,0.02959258964997594,0.41147181344632905,0.00519510211119806
s07M2022,0.2553528608660712,0.0,0.341866328575969,0.0,0.0,0.02552564444390875,0.0,0.015588856538387314,0.36166630957566376,0.0
s08M2022,0.0,0.8106544082211525,0.02831358475452291,0.0840762608118748,0.0,0.0,0.0009205592293325446,0.0760351869831173,0.0,0.0
s09M2022,0.0,0.4842665472770668,0.07534321012445057,0.2488611901228986,0.0,0.0,0.0,0.191529052475584,0.0,0.0
s10M2022,0.0,0.1288548278817936,0.09402093627636561,0.29798661331615184,0.0,0.0,0.0,0.47913762252568903,0.0,0.0
s11M2022,0.0,0.0,0.05366975185973956,0.34708277411363486,0.0,0.0,0.0,0.5879748312457413,0.011272642780884334,0.0
s12M2022,0.0,0.07196828882084463,0.0209226995914522,0.28919752462985127,0.0,0.0,0.0,0.6146201654965784,0.003291321461273502,0.0
s13M2022,0.0,0.3092987116401733,0.06956180363570869,0.1775683859658027,0.0,0.0,0.0,0.4417945505013308,0.0017765482569845833,0.0
s14M2022,0.0,0.0,0.12914974155045333,0.2486594711257224,0.0,0.011838454456080168,0.0,0.5997039173153592,0.010648415552384695,0.0
s15M2022,0.12620237667382092,0.0,0.3973098728524665,0.03266956604979543,0.0,0.04724992180480021,0.0,0.09488499274839295,0.22377058966032395,0.07791268021039992
s02T2022,0.4624749039235248,0.0,0.39139807155638684,0.0,0.0,0.0,0.0,0.0036362698569535365,0.01838683621828921,0.12410391844484582
s03T2022,0.4736015082321176,0.0,0.31298177322924287,0.0,0.0,0.009158640454048857,0.0,0.006136126241842692,0.08514140167822978,0.1129805501645181
s04T2022,0.3680360914894279,0.0,0.4660452639903367,0.0,0.0,0.009317105133988634,0.0,0.025836177896365494,0.05553131261394505,0.07523404887593625
s05T2022,0.2031276204376547,0.0,0.6837861671731804,0.0,0.0,0.005853110608663693,0.0,0.02023555023984166,0.06389981677851542,0.023097734762144134
s06T2022,0.1906861625311742,0.0,0.6844619784919665,0.0,0.0,0.004591376630412638,0.0,0.02474829406623388,0.0813044631174246,0.014207725162788213
s07T2022,0.38459590864777027,0.0,0.5718611434140886,0.0,0.0,0.0,0.0,0.025334340482883303,0.01820860745525789,0.0
s08T2022,0.0,0.7136271290371686,0.05209817459828548,0.12389577767229035,0.0,0.0,0.0,0.11037891869225569,0.0,0.0
s09T2022,0.0,0.0,0.08612721285068077,0.3375775266920753,0.0,0.0,0.0,0.5762952604572439,0.0,0.0
s10T2022,0.0,0.0,0.2428903587190514,0.2152419775499059,0.0,0.08296998680263018,0.0,0.4571375171316079,0.0017601597968045996,0.0
s11T2022,0.0,0.0,0.17604285511365902,0.2536396657986628,0.0,0.07579090553586997,0.0,0.4742619953479987,0.02026457820380944,0.0
s12T2022,0.0,0.0,0.024567680733447273,0.3510152930108955,0.0,0.0925796574086881,0.0,0.4506229986611856,0.08121437018578344,0.0
s13T2022,0.0,0.0,0.09433897301659515,0.17264343336435872,0.0,0.195140395308451,0.0,0.366728123566551,0.17114907474404414,0.0
s14T2022,0.0,0.0,0.10644223657010035,0.2762260734176702,0.0001838157247157016,0.1197149288926595,0.0,0.4718256067442129,0.025607338650641284,0.0
s15T2022,0.04330694226611343,0.0,0.2974746338874177,0.1333263330619531,0.0,0.11299012306309641,0.0,0.31613633598311885,0.0967656317383006,0.0
s02M2122,0.1855076348887495,0.0,0.582189956687754,0.0,0.0,0.008213284452022693,0.0,0.03015276087881402,0.1922210412763134,0.0017153218163463834
s03M2122,0.1932755721602136,0.0,0.12864542769439838,0.0,0.0,0.05973029360333637,0.0,0.03840573284120075,0.5731383688041052,0.006804604896745613
s04M2122,0.10511405337292266,0.0,0.03303192606858819,0.0,0.0,0.0538748698605304,0.0,0.0,0.7549925138686853,0.05298663682927351
s05M2122,0.28178529580704037,0.0,0.0,0.0,0.0,0.01780895890971271,0.0,0.0026412237910053648,0.6745076829505683,0.023256838541673226
s06M2122,0.17250749481291705,0.0,0.0,0.0,0.0,0.005072044656732096,0.0,0.0,0.8224204605303508,0.0
s07M2122,0.277977610800226,0.0,0.14824208625399035,0.0,0.0,0.0,0.0,0.0,0.5737803029457836,0.0
s08M2122,0.0,0.8084340333136858,0.0024428233752905077,0.11803314487263118,0.0,0.0,0.005359611139726926,0.06573038729866564,0.0,0.0
s09M2122,0.0,0.134844063436665,0.024321253928616705,0.36629143029158656,0.0,0.0,0.020773923090050193,0.4537693292530815,0.0,0.0
s10M2122,0.0,0.0,0.15142708297416407,0.3407915092958538,0.00012029140218713367,0.021198384684028723,0.031921777841601745,0.4506849380240539,0.0038560157781107078,0.0
s11M2122,0.08995930147459284,0.08106414051465557,0.06300734052159156,0.08530689030319924,0.003090126460070682,0.14763557851144635,0.017295862446389965,0.2648425967892997,0.20748913958234283,0.040309023396411216
s12M2122,0.0,0.0,0.2433286060789033,0.3810111363890953,0.0004074727531449572,0.0,0.0,0.3535749050501455,0.02167787972871097,0.0
s13M2122,0.0,0.0,0.23173277118628294,0.23125798019339555,0.0021268057820757833,0.0922018032972757,0.038969650393461695,0.3976158023486312,0.0060951867988770945,0.0
s14M2122,0.03041349656680085,0.0,0.29885283235079163,0.17268562358145736,0.0006665508211450793,0.1278966081205915,0.0,0.32637278790599,0.04311210065322342,0.0
s15M2122,0.23679535142902636,0.0,0.5658304835705341,0.0,0.0,0.015428521412742128,0.003127943559839977,0.04072264389409,0.12783170928442938,0.010263346849337862
s02T2122,0.25557662205126713,0.0,0.5685705493465899,0.0,0.0,0.0,0.0,0.02639063783531788,0.13381899320140264,0.015643197565422456
s03T2122,0.2742581197565657,0.0,0.5382877389244708,0.0,0.0,0.0,0.0,0.02826390311537487,0.13869910042303796,0.020491137780550735
s04T2122,0.38810103072812224,0.0,0.3164215734714275,0.0,0.0,0.0,0.0,0.048692270519528104,0.1963978798036493,0.0503872454772728
s05T2122,0.33502717830214196,0.0,0.41276126759926196,0.0,0.0,0.00028672268632410296,0.0,0.04390358914048291,0.19540762642689524,0.01261361584489374
s06T2122,0.4095545274735485,0.0,0.20636540810267662,0.0,0.0,0.0,0.0,0.0386680827101608,0.28148369576111426,0.06392828595249984
s07T2122,0.4383853526949024,0.0,0.14514617271042615,0.0,0.0,0.0,0.0,0.016368823092137778,0.4000996515025335,0.0
s08T2122,0.014281215027724788,0.9197194521575827,0.003807398966831746,0.039351107812916994,0.0,0.0,0.015956655899389476,0.004885682348618972,0.0,0.0019984877869354063
s09T2122,0.0,0.0,0.06402342037797981,0.3521418020548833,0.0,0.0,0.23872388376185152,0.3393591968210399,0.005751696984245478,0.0
s11T2122,0.0,0.0,0.08990835398474631,0.20883729522708963,0.000936891872131191,0.14073550957634268,0.12777094204507541,0.29885369460511796,0.1329573126894969,0.0
s12T2122,0.0,0.0,0.11323965750483513,0.30486447414649726,0.0016462240736657247,0.15514419318579337,0.05945816555010186,0.33700165265168,0.028645632887426668,0.0
s13T2122,0.0,0.0,0.21672674381463408,0.18223740923353482,0.004497184222577735,0.18929676981133237,0.032166922963166006,0.21854315588136797,0.15653181407338704,0.0
s14T2122,0.0,0.0,0.1408073651394233,0.19542465684354393,0.004769454462010243,0.20695318261083737,0.0,0.2310034762499483,0.22104186469423692,0.0
s15T2122,0.09672738391633949,0.0,0.5425456253150804,0.029993345819558766,0.002413002384762299,0.07603914960968719,0.04614865990543475,0.07687998652402217,0.12925284652511498,0.0
s02M2222,0.3967345776843687,0.0,0.4572763125215961,0.0,0.0,0.00851732757859657,0.0,0.013833236697084817,0.10396173789210306,0.019676807626250726
s03M2222,0.41430599591910156,0.0,0.39697836246320317,0.0,0.0,0.0038269084995642133,0.0,0.007017559626921738,0.12166396475544798,0.056207208735761426
s04M2222,0.4811418274747222,0.0,0.20004412183885303,0.010949423233753893,0.0,0.05614302930178907,0.0,0.049402008636226895,0.18762146332043417,0.014698126194220762
s05M2222,0.5613136257625221,0.0,0.12720661974029945,0.009862183869901158,0.0,0.055333981491656435,0.0,0.038524506211882616,0.19533133927669455,0.012427743647043717
s06M2222,0.38257936890622696,0.0,0.017395590001383913,0.045406424840759144,0.0,0.03049401140502163,0.0,0.02925982820574362,0.36958367101751166,0.12528110562335298
s07M2222,0.4089384218175072,0.0,0.1889734609666205,0.0,0.0,0.04986800697382349,0.0,0.008622225144297035,0.28205786301333524,0.06154002208441667
s08M2222,0.0,0.8133281453201671,0.004333699774640057,0.14762034396632107,0.0,0.0,0.012770306548936796,0.015476545297987749,0.0,0.006470959091947253
s09M2222,0.0,0.16786006892069508,0.0,0.5070544254192619,0.0,0.0,0.0,0.2876404077746696,0.0374450978853735,0.0
s10M2222,0.0,0.0,0.03005411607463759,0.5031650133440648,0.0,0.0,0.17278513590791394,0.2939957346733837,0.0,0.0
s11M2222,0.0,0.0,0.0,0.5724316845671111,0.0,0.0,0.0,0.4148578722335154,0.012710443199373561,0.0
s12M2222,0.0,0.03594863973761247,0.0,0.5415273719376408,0.0,0.005692448849085563,0.018091019460875737,0.37040796273934884,0.028332557275436668,0.0
s13M2222,0.0,0.0,0.048496855599297645,0.4195956127142719,0.0018262471820310654,0.0,0.21505985862759414,0.31502142587680504,0.0,0.0
s15M2222,0.04760056304894968,0.0156175248953152,0.20948221179920487,0.15730665712330974,0.013765420870015076,0.1057102543510321,0.06482982344089279,0.1210727707371507,0.2140096792723629,0.050605094461766933
s01X2222,0.3998836527542228,0.0,0.42147715739973557,0.0,0.0,0.047770567840061215,0.0,0.041066260740842554,0.0898023612651379,0.0
s02T2222,0.43805397416173664,0.0,0.42258302364970596,0.0,0.0,0.003587959377937914,0.0,0.014359161667556528,0.07524504336337141,0.04617083777969153
s03T2222,0.4310220701986357,0.0,0.46525596141653625,0.0,0.0,0.0,0.0,0.021576752624381787,0.03995232247700783,0.04219289328343837
s04T2222,0.54240515024054,0.0,0.2178371083725732,0.0,0.0,0.0,0.0,0.017182870413873702,0.13214616250205496,0.0904287084709582
s05T2222,0.5775308467419276,0.0,0.15901364034788548,0.0,0.0,0.0051836949182097435,0.0,0.005897979673757223,0.1402882416159159,0.1120855967023041
s06T2222,0.5978775427415602,0.00015053773605065796,0.13370914871634898,0.0,0.0,0.0025506293810090594,0.0,0.01336300425097261,0.13449791039423725,0.11785122677982103
s07T2222,0.5789501803435625,0.0,0.17871647287546918,0.0,0.0,0.0034428112294021696,0.0,0.005914051500229692,0.16432959037919653,0.06864689367213996
s08T2222,0.0,0.9115316796723834,0.0047703598613472184,0.0738040271539013,0.0,0.0,0.006435191523455155,0.0,0.0,0.00345874178891295
s09T2222,0.0,0.015390691718648465,0.0,0.4814485585055633,0.0,0.0,0.20975082552751048,0.2934099242482779,0.0,0.0
s10T2222,0.0,0.008905209535880202,0.037090081825888965,0.3809464290799359,0.0,0.03277419619745735,0.32955772852709164,0.20947417346732392,0.00125218136642191,0.0
s11T2222,0.07381498246916905,0.04172472925789583,0.012106075646698963,0.49844391439575814,0.0,0.0,0.15772450913949101,0.21618578909098699,0.0,0.0
s12T2222,0.06717810336223208,0.0,0.0,0.4837970047596322,0.0,0.0,0.09879139562596367,0.338395464709207,0.011838031542965106,0.0
s13T2222,0.07903680268862072,0.0,0.0,0.458636573742567,0.0,0.0,0.1596858052462131,0.29165553210014405,0.010985286222455136,0.0
s14T2222,0.06108210850646764,0.0,0.3979530543330669,0.1660888714946382,0.015453579886795821,0.035911826029703366,0.06478715339362666,0.11946920917319465,0.050586896155099516,0.0886673010274073
s15T2222,0.0,0.026253188361324932,0.0,0.45318055857386785,0.0,0.02815668174500489,0.0,0.2733832890755695,0.21902628224423287,0.0
s02M2322,0.5167209958333449,0.0,0.4159099918111806,0.0,0.0,0.00909807928833192,0.0,0.0004342891397964116,0.057836643927346096,0.0
s03M2322,0.649862308823277,0.0,0.22849758121107283,0.0,0.0,0.0064149334613690075,0.0,0.026557107254531562,0.05568090733029887,0.032987161919450794
s04M2322,0.5267204188159443,0.0,0.42699275855894986,0.0,0.0,0.00423004493176937,0.0,0.0011441788814792809,0.04091259881185728,0.0
s05M2322,0.6120193191945672,0.0,0.22709070812543783,0.0,0.0,0.008049721949141596,0.0,0.006193661327039463,0.08694690172880808,0.05969968767500577
s06M2322,0.566536248732595,0.0,0.357679369523003,0.0,0.0,0.0066173849158684675,0.0,0.019152301999568584,0.02231202567348458,0.02770266915548039
s07M2322,0.11323546341606225,0.0,0.8767684344557257,0.0,0.0,0.0,0.0,0.009996102128212033,0.0,0.0
s08M2322,0.0,0.6622456660331407,0.0,0.03919079543890061,0.0,0.0,0.09129026978359274,0.20727326874436583,0.0,0.0
s09M2322,0.0,0.0,0.0,0.3165366917048934,0.0,0.14082972527143836,0.13505139842426628,0.407582184599402,0.0,0.0
s10M2322,0.0,0.0,0.0,0.4366660960772254,0.0,0.10637705386668334,0.13199061046226696,0.3193033880137825,0.0,0.005662851580041879
s11M2322,0.0,0.0,0.0,0.3662237965444041,0.0,0.2896243813881752,0.10802235489525878,0.2327350004909751,0.0033944666811867473,0.0
s12M2322,0.0,0.0,0.0,0.4463448097294728,0.0,0.1620879107852891,0.1371410061504421,0.25442627333479584,0.0,0.0
s13M2322,0.00528931116332616,0.0,0.0,0.4360879878479259,0.0,0.15322153106432712,0.1614322717098166,0.24396889821460402,0.0,0.0
s14M2322,0.0,0.0,0.0,0.49243429738648836,0.0,0.22143022640762997,0.0,0.2680616475425862,0.018073828663295415,0.0
s15M2322,0.0,0.0,0.0,0.33199945320962115,0.0,0.3637599507943037,0.0,0.2162858981061831,0.08795469788989202,0.0
s02T2322,0.4911057530493052,0.02206369630843368,0.4535507301131309,0.0,0.0,0.00026695027366133834,0.0,0.01435791029987202,0.0,0.01865495995559663
s03T2322,0.7114964645223743,0.0,0.20621222970574563,0.0,0.0,0.0,0.0,0.027682028697306172,0.008087376296061263,0.046521900778512676
s04T2322,0.6885485575604445,0.0,0.1782557547285874,0.0,0.0,0.0,0.0046257955238719435,0.033597527088121915,0.0,0.0949723650989742
s05T2322,0.7356157781069703,0.0,0.16014539405007758,0.0,0.0,0.0,0.0,0.01652875106001154,0.031599023393116904,0.05611105338982357
s06T2322,0.6540896320966713,0.0,0.2205634988179839,0.003478456602136485,0.0,0.005119353245007098,0.0,0.02955117964744403,0.03235598690394692,0.05484189268681021
s07T2322,0.3656041950429879,0.0,0.6118235874208973,0.0,0.0,0.0027698284796237823,0.0,0.019802389056491017,0.0,0.0
s08T2322,0.02171924600334572,0.9478348162152371,0.0,0.0,0.0,0.0,0.022420988178986214,0.007933938051299372,9.101155113158407e-05,0.0
s09T2322,0.0,0.0,0.0,0.5901688204588004,0.0,0.0,0.0,0.40484541510379934,0.00498576443740029,0.0
s10T2322,0.0,0.0,0.0,0.6210168581619236,0.0,0.048364832458137545,0.0,0.3233964643808025,0.007221844999136323,0.0
s11T2322,0.0,0.0,0.0,0.6341443045847241,0.0,0.002503807845142211,0.013794719183648666,0.3447277522695877,0.004829416116897163,0.0
s12T2322,0.0,0.0,0.0,0.5895531213081734,0.0,0.0,0.0,0.3381288087650679,0.07231806992675867,0.0
s13T2322,0.0,0.0,0.0,0.6108130832690093,0.0,0.11181135647432301,0.07054216116944478,0.20683339908722298,0.0,0.0
s14T2322,0.03267244301780958,0.0,0.0,0.48944122853774286,0.0002586526483289913,0.16332276759991748,0.00837725910948078,0.2796731857865249,0.026254463300195454,0.0
s15T2322,0.3977257939628676,0.009018204492035236,0.2238683825663269,0.10344084519116377,0.0,0.03638235930150696,0.0,0.10467314115198448,0.08058910421558121,0.04430216911853392
s02M2422,0.8189913759327517,0.0,0.039775884593391514,0.0,0.0,0.0,0.0,0.0,0.14123273947385673,0.0
s03M2422,0.8006418337172844,0.0,0.039289988670425074,0.0,0.0,0.0,0.0,0.006618017509452716,0.15345016010283777,0.0
s04M2422,0.7944123858377762,0.0,0.0,0.0,0.0,0.0,0.0,0.0,0.20558761416222374,0.0
s05M2422,0.5967721892657026,0.0,0.05070600468693758,0.0,0.0,0.0,0.0,0.0,0.35252180604735983,0.0
s06M2422,0.8002712645855543,0.0,0.0,0.0,0.0,0.0,0.0,0.0,0.19972873541444572,0.0
s07M2422,0.7145373520375854,0.0,0.10201919061433429,0.0,0.0,0.0,0.0,0.0031451413567905083,0.18029831599128998,0.0
s08M2422,0.0,0.8581254627327365,0.0,0.037982648305830605,0.0,0.0,0.04539358642075602,0.05849830254067673,0.0,0.0
s09M2422,0.06573065617959263,0.0,0.0,0.32885041872453785,0.0,0.0,0.31437961894228467,0.2910393061535849,0.0,0.0
s10M2422,0.0,0.0,0.0,0.5131534054996163,0.0,0.12756464938495338,0.21026043912420062,0.1490215059912297,0.0,0.0
s11M2422,0.12572649743070186,0.0,0.0,0.3764007620556038,0.0005146141536432039,0.050345219937188844,0.22177002310776736,0.22013328747406874,0.005109595841026378,0.0
s12M2422,0.1461179085072756,0.0,0.0,0.3830424150779995,0.002499677193271349,0.07776597792999694,0.13063564920974083,0.22153810856234996,0.038400263519365894,0.0
s13M2422,0.10991652388659968,0.0,0.0,0.4051249404060839,0.0,0.13969807822281738,0.10024363600406296,0.17613412191659322,0.06888269956384292,0.0
s14M2422,0.0,0.0,0.0,0.511341439478407,0.0,0.19354522290170353,0.0,0.13291882254137932,0.16219451507851024,0.0
s15M2422,0.5643394344507422,0.023655079010761415,0.10647534121209472,0.04161826332658515,0.0,0.00988776478584427,0.0,0.01770792212743458,0.23251194283949916,0.0038042522470386813
s01X2422,0.6744198131701549,0.0,0.0,0.0,0.0,0.0,0.0,0.0,0.3255801868298451,0.0
s02T2422,0.5361657626213502,0.0,0.0,0.003142720263640346,0.0,0.0,0.0,0.0,0.4606915171150095,0.0
s03T2422,0.42722759365595603,0.0,0.0,0.030856234225219707,0.00187235529533128,0.01646408551220587,0.004431265893218145,0.016129019817708017,0.503019445600361,0.0
s04T2422,0.47094747959099664,0.0,0.0,0.0,0.0,0.02884330067494789,0.0,0.0,0.5002092197340554,0.0
s05T2422,0.5141219621877327,0.0,0.0,0.0,0.0,0.0003952839658380642,0.0,0.0,0.48548275384642925,0.0
s06T2422,0.6192405271896554,0.0,0.026057694279244616,0.0006603062271737312,0.0,0.018746264136055846,0.00014193995830734022,0.008537853382684778,0.3266154148268783,0.0
s07T2422,0.6573906047661056,0.0058059427236007,0.1411772707773209,0.014487817856259147,0.0,0.0,0.0070694348540188585,0.017902403169755103,0.13733103003055822,0.01883549582238154
s08T2422,0.0,0.8776851042394404,0.00033816070904329093,0.11171475088253209,0.0,0.0,0.010261984168984167,0.0,0.0,0.0
s09T2422,0.03329913502129799,0.020853634463714393,0.0,0.21027173469974508,0.0,0.0,0.4261314672028876,0.30944402861235487,0.0,0.0
s10T2422,0.08791766787931059,0.0,0.0,0.21942545542663108,0.0015153882427206597,0.06861033192279004,0.42061482490778884,0.20191633162075864,0.0,0.0
s11T2422,0.07514413651932642,0.0,0.0,0.27349363556396655,0.0,0.06089172521185372,0.42281059919376474,0.16765990351108867,0.0,0.0
s12T2422,0.08678133671862177,0.0,0.02050963429214038,0.3605615278749734,0.007518255667718744,0.10860699730549443,0.2704735700053635,0.13194552768507717,0.013603150450610522,0.0
s13T2422,0.07631363336364497,0.0,0.0,0.2832186299725159,0.0030553081299271403,0.10441283403697649,0.3733613206361301,0.15512117565831998,0.004517098202485417,0.0
s14T2422,0.16371237681581677,0.024089025202633202,0.021978593611560144,0.3053714187995432,0.006912362296085869,0.21129447305539384,0.017779304061503676,0.08364524041292273,0.16521720574454068,0.0
s15T2422,0.39934142622516106,0.02746306213210136,0.038319586102021866,0.1252718590660909,0.0049737183028984566,0.09608076541040729,0.036506786494284155,0.036871077284164465,0.23517171898287037,0.0
s02M2522,0.6506510950603271,0.02103062325154178,0.11560250681569166,0.0,0.0,0.007896494158326356,0.0,0.023055909154378558,0.1817633715597345,0.0
s03M2522,0.7829541658397421,0.003623181622640407,0.07566440922183046,0.0018390397300233486,0.0,0.0,0.0,0.018543876463115287,0.1173753271226484,0.0
s04M2522,0.7055262687827543,0.0,0.07795215403942019,0.016614066110316177,0.0,0.0,0.0,0.011845763684165652,0.17673789608169546,0.011323851301648286
s05M2522,0.7259072099614781,0.007175808993806138,0.11273702775672305,0.015561696757769155,0.0,0.002488801713919089,0.0,0.03169470475919773,0.10443475005710683,0.0
s06M2522,0.7121254470003715,0.0035536405831341914,0.08590634916398755,0.016755426058228697,0.0,0.022921350983365115,0.0,0.019868845836576193,0.13886894037433692,0.0
s07M2522,0.4976426198682521,0.006709251937001867,0.2859075663416415,0.04611083929051176,0.0013004483790623788,0.034121055284069,0.04033163680697999,0.020947181335244525,0.06692940075723693,0.0
s08M2522,0.0,0.7094461478258217,0.0,0.11793822164748785,0.0,0.0,0.042256213548013746,0.1303594169786767,0.0,0.0
s09M2522,0.10832790081602638,0.0,0.0,0.3711924745250935,0.0006019715392494768,0.013597212123502062,0.3467803990693275,0.15558437563886585,0.003915666287935272,0.0
s10M2522,0.09421308491963991,0.0,0.0,0.43567081884415265,0.006933017036314583,0.023046633090715696,0.3042995446191238,0.13583690149005342,0.0,0.0
s12M2522,0.007613829189319203,0.0,0.0,0.7085664652160455,0.0,0.002525257200606109,0.1952229875717616,0.0860714608222676,0.0,0.0
s13M2522,0.12048096173467511,0.0,0.0,0.4903499263146048,0.00044058658090407053,0.015029575382256662,0.21276474755239988,0.1482398993907797,0.012694303044379894,0.0
s14M2522,0.1318214920376503,0.0,0.0,0.4596003850247528,0.01597740929357435,0.15091202805820558,0.09911503959128108,0.10552662505408454,0.03704702094045127,0.0
s15M2522,0.1978686997009354,0.0,0.13119562460317885,0.3018376662299761,0.04034719944941602,0.11286899683045618,0.06150071950064508,0.03630773791574881,0.11807335576964365,0.0
s01X2522,0.783324982031344,0.0,0.10584024155469368,0.0,0.0,0.0,0.0,0.009158839463436059,0.10167593695052615,0.0
s02T2522,0.5734811281897666,0.0,0.08102920525397785,0.00462865748083967,0.0,0.012580519113357799,0.0,0.01366092980657552,0.3146195601554827,0.0
s03T2522,0.5713425677104481,0.0,0.0,0.0,0.0,0.04195454245959743,0.0,0.0030996907349336834,0.3836031990950209,0.0
s04T2522,0.5148259238316361,0.0,0.0,0.01248056040349197,0.0,0.0,0.0,0.00018926408305730287,0.4725042516818148,0.0
s05T2522,0.5829012931907482,0.0,0.0,0.02006221602053994,0.0,0.009011007377776957,0.0,0.004881308133588661,0.38314417527734623,0.0
s06T2522,0.6295940766571879,0.017285429461663553,0.0,0.026827772255681243,0.0,0.001035838302362908,0.0,0.00937455178863899,0.2922275297297713,0.023654801804694016
s07T2522,0.7470964669964976,0.0041814156737899335,0.04232410381016796,0.01025023041603622,0.0,0.009191256875362494,0.0,0.007485347537252557,0.17377872006378112,0.005692458627112242
s08T2522,0.0,0.9090965025800927,0.006784053182040889,0.07323540467976247,0.0,0.0,0.004913675883377924,0.0,0.0,0.005970363674726035
s09T2522,0.013605843449114384,0.06987341945787535,0.0,0.25032340343220233,0.0,0.0,0.4645621831046162,0.20163515055619188,0.0,0.0
s10T2522,0.07148086825216476,0.0,0.0,0.22598557044899753,0.0,0.0,0.5365886410819275,0.16594492021691012,0.0,0.0
s11T2522,0.048989361484495494,0.0,0.0,0.3176747454570144,0.0005023330663015141,0.0,0.5040148484247775,0.12881871156741106,0.0,0.0
s12T2522,0.04425327828141214,0.0,0.004251693925841967,0.41762590880013095,0.010116619648217678,0.005267836222800554,0.4453753124171505,0.07310935070444621,0.0,0.0
s13T2522,0.03018078489005923,0.0,0.008405673831861193,0.4496755896985528,0.02289408792514782,0.007754945315420899,0.41379347625528984,0.0672954420836682,0.0,0.0
s14T2522,0.03106353121479305,0.0,0.025895232904553585,0.6963363911862781,0.057246993680452864,0.08287981208768273,0.07246170520767536,0.020938320273627183,0.013178013444937062,0.0
s15T2522,0.44412158874214896,0.005482851040823994,0.0511322977404433,0.13514403414971787,0.0293952789425618,0.06504161965166044,0.016923825409741862,0.017482549658694065,0.22191064170132516,0.013365312962882563
s02M2622,0.8930915678386021,0.00189533265424845,0.011227286216098219,0.010851870889794876,0.0,0.003113043655234256,0.0,0.020835277629162086,0.03786460467619803,0.021121016440661937
s03M2622,0.8269051043514881,0.0,0.05371684217439702,0.001125834995079483,0.0,0.013756837440944965,0.0,0.006979177998626666,0.0975162030394637,0.0
s04M2622,0.803762935994489,0.004819220410825312,0.03618825907926482,0.021900924488906758,0.0,0.0,0.0,0.01152710421437365,0.12180155581214067,0.0
s05M2622,0.784515547857917,0.012820165545510104,0.04637613668080955,0.02895743956321971,0.005163097326523552,0.0011776291795916995,0.0,0.015691371107846522,0.10529861273858185,0.0
s06M2622,0.7832315296451912,0.016239542726210105,0.0016412236767399258,0.03726644314245501,0.0037590029886374475,0.0,0.0,0.012262244104428414,0.14560001371633807,0.0
s07M2622,0.5489666488829394,0.0,0.2701299275321127,0.05550741232826348,0.034414993728712893,0.01293055125425874,0.02796843547300188,0.030891201895946824,0.019190828904764198,0.0
s08M2622,0.0,0.8101309369487684,0.014051350236209808,0.1383975205060376,0.0,0.0,0.030130064538190664,0.0,0.0,0.007290127770793544
s09M2622,0.0,0.022728884002246024,0.0,0.4717345318807442,0.007091339368176904,0.0,0.41339757686653483,0.08109266141311292,0.00395500646918516,0.0
s10M2622,0.06062864800124138,0.11865489703749191,0.006229775843376156,0.4373945818388902,0.041577513491170066,0.0037553842145836196,0.26951392109980804,0.03682406220342729,0.02542121627001145,0.0
s11M2622,0.0,0.01462201618503153,0.009663511324032441,0.6306346232633226,0.032295593369731125,0.004860211896696319,0.30467122088614823,0.0,0.003252823075037911,0.0
s12M2622,0.0,0.0029157087191790023,0.007372494206490531,0.8534174825641228,0.05733900702130744,0.0,0.07895530748890019,0.0,0.0,0.0
s13M2622,0.0,0.0011997908261303627,0.008823625393407123,0.7875880188420088,0.03809187673470138,0.003754206362864167,0.1590567440490962,0.0,0.0014857377917920156,0.0
s14M2622,0.0,0.0,0.014938926651695453,0.8003808365492086,0.09677461666238812,0.05236235197294304,0.03254591866900078,0.0,0.00299734949476408,0.0
s15M2622,0.3287592647009703,0.02019983331489109,0.15670442275037325,0.1859979102341714,0.17769001973128942,0.04575588876053901,0.013686372039307068,0.0,0.07120628846845835,0.0
s01X2622,0.5915734234897376,0.005457412565902092,0.35829696605397726,0.0,0.003825642019173091,0.0,0.0008711248904605479,0.031408305741491706,0.006929510581186734,0.0016376146580711144
s02T2622,0.7005195386879707,0.0,0.27850843894139854,0.0,0.0,0.0,0.0,0.0036690026283886126,0.017303019742242323,0.0
s03T2622,0.8626347187508352,0.0021399696873923716,0.08151205164423071,0.0024978825596793626,0.0,0.0,0.0,0.009853842846316267,0.04136153451154585,0.0
s04T2622,0.6777179895188871,0.0038383871065725125,0.281994118971612,0.005849613751340342,0.012785564376226938,0.0,0.0,0.013063328765154552,0.0047509975102066416,0.0
s05T2622,0.88759866391692,0.0009976483258141654,0.033104146032920875,0.013548840893557268,0.0,0.00462991340509783,0.0,0.009136219227292911,0.05098456819839708,0.0
s06T2622,0.8076373969555836,0.023677470526849848,0.0347953509928551,0.0502715991814701,0.01012331194626606,0.0,0.00023636704342805547,0.009390841648082035,0.06386766170546536,0.0
s07T2622,0.33256236224892266,0.0,0.4623996784293975,0.06988180245504298,0.09543414111091572,0.013975158259661686,0.006470291950744995,0.010979770064558018,0.008296795480756385,0.0
s08T2622,0.0,0.8307374928298977,0.012653579816173408,0.14705061698156296,0.0,0.0,0.0,0.0,0.0,0.00955831037236596
s09T2622,0.0,0.019368719912239363,0.0,0.3154620875315112,0.0,0.0,0.6651691925562494,0.0,0.0,0.0
s10T2622,0.0,0.0,0.0,0.2680058291185036,0.0,0.009752725271468771,0.7222414456100277,0.0,0.0,0.0
s11T2622,0.0,0.004122981823255025,0.0,0.20302425306016958,0.0,5.516410145171628e-05,0.7927976010151238,0.0,0.0,0.0
s12T2622,0.0,0.0,0.0,0.2795977512188879,0.0,0.0030364958124228605,0.7173657529686892,0.0,0.0,0.0
s13T2622,0.0,0.0011531643616719228,0.0,0.22222878441832428,0.0,0.0,0.7766180512200038,0.0,0.0,0.0
s14T2622,0.0,0.0,0.0027158364810371716,0.3821698632197665,0.013688842560340064,0.015581619565919603,0.5858438381729367,0.0,0.0,0.0
s15T2622,0.11434550366579412,0.0,0.09451511450230018,0.4821658984651078,0.10922518858437222,0.06319062407858043,0.10671401008420893,0.0,0.029843660619636246,0.0
s02M2722,0.6248380179769246,0.017313727381526846,0.26129923971878605,0.012873965548870867,0.004366245080307564,0.0,0.0015216125205842247,0.017659011100666488,0.011463326623741698,0.048664854048591756
s03M2722,0.69885163935173,0.020223593573480296,0.22728678418030993,0.00452303106804708,0.0029275262488342576,0.0,0.0006916925275363419,0.029560020771625686,0.008974003296927071,0.0069617089815092745
s04M2722,0.6375843081165689,0.013098272622550262,0.2660048204099006,0.014735873277200627,0.004360768695307063,0.0,0.01045604555837504,0.03584337148325421,0.008258185734179885,0.009658354102663223
s05M2722,0.5883886974103059,0.017236147192001148,0.3241147965060244,0.0031677207781055836,0.003601319182741747,0.0,0.007768970925624733,0.0265038696011673,0.0056285292961382434,0.023589949107890886
s06M2722,0.6578681001703248,0.028830209517137283,0.18992674881454263,0.015078114642727873,0.00421940397405362,0.0,0.020330667716929138,0.02561716761770079,0.0008633363044271664,0.05726625124215669
s07M2722,0.5769402970565685,0.007408637226224538,0.36821180045250673,0.0,0.0009908559212595302,0.0,0.0,0.024751253947442448,0.016051516593258604,0.005645638802739748
s08M2722,0.0,0.922501164742058,0.004851906020669316,0.0695069225862845,0.0,0.0,0.0,0.0,0.0,0.0031400066509881582
s09M2722,0.004494853373566173,0.042567744622185155,0.004421723228608557,0.23511689373556582,0.00792062863260197,0.04739424081577604,0.6577159961284118,0.0,0.0003679194632844984,0.0
s10M2722,0.0,0.015517301248697681,0.0,0.2429619796050613,0.008830499977729136,0.12123425663069022,0.6114559625378216,0.0,0.0,0.0
s11M2722,0.0210576335398282,0.017065206681429728,0.0058526095029926015,0.20953322889510184,0.007231464960971831,0.04916285910792346,0.6842196342829006,0.0,0.0034046850871296236,0.0024726779417223008
s12M2722,0.0,0.0046288603376211145,0.007136606976754775,0.35366785739630896,0.008424136734235812,0.07103604936310125,0.5478975259597365,0.0,0.004296068349986431,0.002912894882255145
s13M2722,0.0,0.0008348426181140021,0.007016694588266797,0.3131866631408849,0.00971201499002371,0.13841541568909818,0.5089642122299961,0.0,0.02187015674361627,0.0
s14M2722,0.17965764660469452,0.0,0.015086991272741938,0.43076976971265707,0.030536828182396246,0.20658395613741393,0.07638893565137178,0.0,0.0443965697235366,0.016579302715188034
s15M2722,0.4154189138419057,0.0,0.3920518741718274,0.05212925941861059,0.05626048491877775,0.013023769093948196,0.030276172339507922,0.024291038233884975,0.016548487981537335,0.0
s01X2722,0.66135857986486,0.009134305274794398,0.24515045587181936,0.0,0.002922891935217308,0.0,0.012860532098644803,0.051843342717705444,0.0034471409483014044,0.013282751288657234
s02T2722,0.6603343590369416,0.013568421733894533,0.1415676894521079,0.0017269184411530883,0.001737110650978221,0.0,0.0038299552094040986,0.025338753374249057,0.14235161074845665,0.009545181352814668
s03T2722,0.6871091471026631,0.005786920291836785,0.10080636633977609,0.0007296545711999366,0.0,0.0,0.0,0.015176453177285755,0.19039145851723827,0.0
s04T2722,0.7345226343865202,0.013526563510979056,0.010118290294158845,0.0036533678762582537,0.0,0.0,0.0,0.0015011208689260285,0.23667802306315752,0.0
s05T2722,0.733781543626232,0.014335613810193186,0.007316617981799414,0.00489174767175515,0.0,0.0,0.0,0.0,0.23967447691002014,0.0
s06T2722,0.6933991434573414,0.04558869340806696,0.019450333692144158,0.020523694141680617,0.0,0.0,0.0,0.0,0.20342799442868728,0.0176101408720794
s07T2722,0.6429629967735393,0.008314024012881043,0.013358627270021418,0.0043008083452877295,0.0,0.0,0.0,0.0,0.33106354359827056,0.0
s08T2722,0.0,0.7329279680804948,0.003606074613746482,0.2606124777053421,0.0,0.0,0.0,0.0,0.0,0.0028534796004166404
s09T2722,0.04565855252658165,0.07485386070039675,0.001029806209099139,0.16232784949287518,0.00905712957140666,0.020400808909998465,0.6792970758612624,0.0,0.007374916728379634,0.0
s10T2722,0.07982361155801194,0.025064227071483532,0.012330764766692271,0.2597199513214936,0.04424239375375531,0.13542475319697087,0.43923276909857806,0.004161529233014373,0.0,0.0
s11T2722,0.05713011128346674,0.043076715302240574,0.016364119050639257,0.22297016062909047,0.04355361752897404,0.09143499094441858,0.5099051025277661,0.0,0.01556518273340427,0.0
s12T2722,0.0,0.002465611686996672,0.011227547189696839,0.28860974473733614,0.04732568906426434,0.3578389636723378,0.28922560197605024,0.003306841673317979,0.0,0.0
s13T2722,0.0937871512994784,0.024768357277185127,0.03051637242531755,0.31428367372038124,0.1035678795776548,0.34904108706556736,0.018397627724734203,0.0,0.06563785090968138,0.0
s14T2722,0.46455500452177795,0.018269262616885155,0.0260373677797684,0.10925660931421204,0.06929574414113099,0.10373755863290701,0.0025351281578711673,0.0,0.20631332483544731,0.0
s15T2722,0.6514760357739613,0.013379139528346625,0.06594123555364498,0.03640232057297737,0.01613325486515649,0.013683137909393876,0.0001582105853811595,0.0,0.20282666521113812,0.0
s02M2822,0.7173090843879676,0.005769873157980349,0.07993902484531597,0.02093379242670044,0.07246452239278604,0.0,0.0,0.009766571330612818,0.06809731653139159,0.025719814927245215
s03M2822,0.6858422554084258,0.004754921297540695,0.13727217254299445,0.022808743195161463,0.07105671007347727,4.260091037327047e-05,0.0030056623325598426,0.012631813886803494,0.05278815836423996,0.009796961988423721
s04M2822,0.7526868130472013,0.001227753409401148,0.0403915534525984,0.013140271232884148,0.022072473400421046,0.0,0.0012472503581182313,0.004611759244221771,0.1646221258551541,0.0
s05M2822,0.67358995176654,0.02058589159334484,0.09116786715902508,0.03719283155792342,0.03608515864776457,0.0036060294691946113,0.0032815643314656195,0.004871284086539192,0.1296194213882027,0.0
s06M2822,0.6645908256926423,0.014936753970554904,0.015858126097103232,0.030721999035903832,0.015096587957357672,0.0,0.0010490910861079095,0.0,0.2342003979431621,0.02354621821716816
s07M2822,0.654871470964469,0.00674003971982873,0.05267790415902319,0.013722448361893243,0.014516947252531946,0.0,0.0,0.0,0.2574711895422541,0.0
s08M2822,0.0,0.700617814411177,0.0044360216805905146,0.2912609066049736,0.0,0.0,0.0,0.0,0.0,0.0036852573032589387
s09M2822,0.0,0.10952197327934704,0.0,0.15577169010109343,0.0,0.0,0.7342033524792558,0.0,0.0005029841403036392,0.0
s10M2822,0.0,0.0,0.0,0.7763344016843403,0.0,0.1437627667605644,0.07990283155509528,0.0,0.0,0.0
s11M2822,0.0,0.0,0.0,0.5515534003797862,0.013332898375512638,0.19184074051672026,0.18713482572803683,0.05132273820171441,0.00481539679822958,0.0
s12M2822,0.03191465180090071,0.0054285217677240444,0.018316917071667754,0.20998302972672697,0.23220573723850838,0.3558536268251336,0.0,0.0,0.14629751556933868,0.0
s13M2822,0.0,0.005934818630173279,0.026464000540349423,0.24282173873171184,0.36757035102464924,0.24066921260692214,0.0,0.0,0.11653987846619406,0.0
s14M2822,0.15498110900667483,0.017099243033993725,0.032953719134762964,0.20212518086460035,0.24448615560772896,0.19582934459998053,0.0,0.0,0.1525252477522587,0.0
s15M2822,0.31117077316625613,0.015552841973741446,0.035743634522303,0.14707040355721152,0.21827423166529605,0.06864655485241515,0.0,0.0,0.1797589575213228,0.023782602741453884
s01X2822,0.6518431736681626,0.0,0.2574074782515477,0.006939888484546765,0.04700721452357316,0.0,0.006855603186297477,0.022744207140860295,0.007202434745011993,0.0
s02T2822,0.7170314958719882,0.0003507326272124155,0.0066791903795619025,0.013676969063958598,0.08064310629406517,0.011640498449013232,0.0,0.0,0.1694899858339053,0.0004880214802950157
s03T2822,0.6890005436695649,0.0007397576222505201,0.028724417157954603,0.009939558994811762,0.10693528572050649,0.0042285434147190425,0.0,0.00041765777348869686,0.15311899983051924,0.006895235816184726
s04T2822,0.6791290496896216,0.002842262522340592,0.10271146283598354,0.0030941002710771198,0.08726577317604894,0.0,0.0,0.0,0.09226660601301537,0.03269074549191274
s05T2822,0.7277056336139158,0.014904344091909475,0.06223181378746221,0.017550125268241075,0.025491600428485507,0.0,0.0023802346709552,0.002993568475331997,0.1401277052841917,0.006614974379506998
s06T2822,0.6680806505647467,0.012942640187925831,0.08055402307758348,0.030599626338502425,0.06339356164849212,0.0,0.0004151961678373268,0.0,0.08958231863710867,0.0544319833778034
s07T2822,0.5769125867759081,0.012326746580601306,0.19955380498045974,0.020398657902493417,0.10883505071339204,0.0,0.0011858323692213548,0.0009537990085220394,0.06056847423308301,0.019265047436318964
s08T2822,0.0,0.8471101481011056,0.005505757365469851,0.14297977428925338,0.0,0.0,0.0,0.0,0.0,0.004404320244171153
s09T2822,0.0,0.0,0.0,0.4819802244936262,0.0,0.0,0.3873656041850712,0.12535121468559618,0.005302956635706455,0.0
s10T2822,0.0,0.0,0.0,0.6763205383650249,0.007163334132590647,0.0,0.00652227732652445,0.1454428665587767,0.16455098361708323,0.0
s11T2822,0.0,0.0,0.0,0.7194204069910681,0.01278205239043256,0.032314585790391134,0.04543361420744368,0.1275232694737946,0.06252607114686984,0.0
s12T2822,0.009947383013584258,0.0,0.0,0.7116924162232696,0.03267043069758109,0.02306620985546867,0.09720336744998426,0.08475396439365951,0.040666228366452534,0.0
s13T2822,0.0,0.0,0.0,0.6448528277926493,0.08221812332937077,0.09467292908632925,0.0006397555096822251,0.025037932198728005,0.1525784320832404,0.0
s14T2822,0.0,0.0,0.015369442692202322,0.39007266378773686,0.44576421867658184,0.08240365007979131,0.0,0.0,0.06639002476368759,0.0
s15T2822,0.2804006364661649,0.026590783814459718,0.10729926212200881,0.08052793927386294,0.34416171629011083,0.02547471847107099,0.0,0.0,0.13355193140714772,0.001993012155173931
s02M2922,0.45341878643321926,0.0,0.11210474494327803,0.0,0.389672208446368,0.0,0.0,0.003743151434580875,0.029657627610703674,0.011403481131850055
s03M2922,0.38137805259692475,0.0,0.10965192633203202,0.0,0.4353845296027364,0.0,0.0,0.00290712193324459,0.06841605540034842,0.002262314134713825
s04M2922,0.19367898363420616,0.0,0.0,0.032710367120804724,0.2361411477330593,0.025309748838548717,0.0,0.0,0.49429398970574584,0.01786576296763523
s05M2922,0.42800773068154596,0.0020507176865763397,0.0,0.058966369348334616,0.01668644953213759,0.027034463066467444,0.001733770579912726,0.0,0.46257965021153624,0.002940848893489113
s06M2922,0.3417252230475436,0.0030103933144026555,0.0,0.019984963369162573,0.20286350934608108,0.022110951465128627,0.0,0.0,0.39660529618722346,0.013699663270458016
s07M2922,0.18940611641354793,0.0,0.0,0.0,0.5352290190252174,0.005202642041349547,0.0,0.0,0.24198214367437437,0.028180078845510815
s08M2922,0.0,0.6367717634041161,0.0039570258635120365,0.355490157629054,0.0,0.0,0.0,0.0,0.0,0.003781053103317735
s09M2922,0.0,0.06385131128177918,0.0,0.17476306632328267,0.0,0.0,0.6863883995373565,0.07499722285758166,0.0,0.0
s10M2922,0.027057222512257364,0.0026542492744731187,0.0,0.6536451840872831,0.012150345576097479,0.0,0.19047681205118516,0.1140161864987038,0.0,0.0
s11M2922,0.0,0.14425143068852725,0.0,0.2769013519756851,0.005935461590841083,0.0,0.48372816250801753,0.08918359323692901,0.0,0.0
s12M2922,0.0,0.119447756580936,0.0,0.3989856470635676,0.02943047044687644,0.0,0.32443797009384556,0.12769815581477437,0.0,0.0
s13M2922,0.023385752732626934,0.02937891095133593,0.0,0.559734688697286,0.05102097859087368,0.0,0.25557192793109196,0.08085094710387412,5.679399291150655e-05,0.0
s14M2922,0.03717197097909467,0.02318541723774362,0.0,0.5904503753895585,0.1898391701493268,0.002705589551730363,0.06998911391721246,0.06436446602355823,0.0222938967517755,0.0
s15M2922,0.0,0.03029588413636293,0.006303459074213734,0.17415008178546165,0.5306369480340313,0.08558295544208624,0.0,0.0,0.16501669514691325,0.008013976380930972
s01X2922,0.25882022667613125,0.0,0.07492772396979679,0.0,0.6103608599256296,0.0,0.0,0.0006934642164475803,0.015502563693233912,0.03969516151876085
s02T2922,0.6187157001631508,0.005355301129370245,0.09165757792982414,0.019511017406943883,0.21523334660563886,0.0,0.008285615954382744,0.02263510467875233,0.0,0.018606336131937143
s03T2922,0.5493743751492899,0.0030435540142756197,0.07278766445833647,0.02202203295541147,0.32424114530450804,0.0,0.0,0.016387800955360382,0.0,0.012143427162818111
s04T2922,0.6157970401516151,0.01564925917794693,0.062200639839837236,0.022309019148044767,0.2173920141006917,0.0,0.009501230748318466,0.014434150598203011,0.0,0.042716646235342846
s05T2922,0.6456899466944637,0.005383668598248285,0.08638964618478871,0.026960984327774926,0.18897674804620607,0.0,0.009814256119095694,0.017457322832864795,0.00018673156712204866,0.01914069562943567
s06T2922,0.7141742056086839,0.0,0.04887226091563399,0.03437503181278058,0.10160674979075417,0.0,0.00959891177406593,0.01196917404219249,0.042534522485114676,0.03686914357077428
s07T2922,0.409326165227918,0.021510339356321566,0.14612189408480478,0.0592754042620296,0.31312848954147354,0.004939314127101272,0.008271645387694322,0.01598680417686376,0.021439943835793097,0.0
s08T2922,0.0,0.874867134627188,0.0004351754165771232,0.11206739416359053,0.0,0.0,0.012630295792644372,0.0,0.0,0.0
s09T2922,0.0,0.00940558202696272,0.0,0.5844875771780111,0.26265698519702885,0.045263939001218924,0.09818591659677822,0.0,0.0,0.0
s10T2922,0.0,0.003245663824713453,0.0,0.5141632691655805,0.28703627165426404,0.09216847845035891,0.10338631690508292,0.0,0.0,0.0
s11T2922,0.0,0.004715342416131042,0.0,0.5184319896373659,0.36291827709266017,0.060799394761750065,0.0531349960920927,0.0,0.0,0.0
s12T2922,0.0,0.006154282537424328,0.0,0.48838805362674725,0.4408157289751705,0.02765172010349394,0.03699021475716397,0.0,0.0,0.0
s13T2922,0.0,0.0,0.0,0.6352729420838316,0.2473856023595963,0.039974234585683534,0.07736722097088869,0.0,0.0,0.0
s14T2922,0.0,0.00818016525383278,0.0,0.39729988670066174,0.5595066420584471,0.03501330598705837,0.0,0.0,0.0,0.0
s15T2922,0.0,0.0068223267318679795,0.010884709894465414,0.18229292574261663,0.7310854718065686,0.06351780578017245,0.0,0.0,0.00539676004430911,0.0
s02M3022,0.40072119770706965,0.005527726270015381,0.17623768359535813,0.009661103978633763,0.3388011645332325,0.0029089232535117727,0.0,0.003751431317666782,0.062390769344511945,0.0
s03M3022,0.4387993620414067,0.010411696609628422,0.06167348282945274,0.060403469622699824,0.19351201358409748,0.02772724579479287,0.01140647576972672,0.0,0.19606625374819506,0.0
s04M3022,0.7008342653373532,0.0448789794094244,0.0233179498898901,0.027124534479620478,0.04827971443746384,0.0,0.0,0.0,0.051610099711065886,0.10395445673518225
s05M3022,0.7998507709034117,0.013594628319516334,0.0,0.0,0.003940444569139516,0.0,0.0,0.0,0.18261415620793245,0.0
s06M3022,0.7141734748011962,0.026354611787581132,0.0,0.010814113089503731,0.02887161590512744,0.0,0.0,0.0,0.1946646574142855,0.025121527002305848
s07M3022,0.5309429388664698,0.02725702298250545,0.18168818794350797,0.0,0.20235130933517492,0.0,0.0,0.0,0.03974298419336719,0.018017556678974693
s08M3022,0.0,0.8608408646652214,0.004807164119453192,0.09802390334036098,0.0,0.0,0.033350193640893415,0.0,0.0,0.0029778742340709845
s09M3022,0.0,0.043073720486049676,0.0003135988917299105,0.5677504917769811,0.2736103406577526,0.0834219890172769,0.03182985917020969,0.0,0.0,0.0
s10M3022,0.0,0.0002576838051274748,0.0,0.6335755479391343,0.27569626296341343,0.057943211017216396,0.0,0.03252729427510844,0.0,0.0
s11M3022,0.0,0.02404738306101243,0.0,0.5238231222601472,0.39979618055879057,0.045815925396209004,0.0,0.0,0.006517388723840814,0.0
s12M3022,0.0,0.11369673095345315,0.0,0.536549413556455,0.2101004473281294,0.08221419160605387,0.0,0.0,0.05743921655590852,0.0
s13M3022,0.0,0.08560468888668396,0.0,0.5671521531734092,0.17908659588952833,0.11230266433901752,0.0,0.0,0.05585389771136119,0.0
s14M3022,0.0,0.0653436156461922,0.0,0.4193313907038129,0.22133806233841158,0.11623435974262046,0.0,0.0,0.17775257156896282,0.0
s15M3022,0.2774442883144064,0.05367577078015717,0.06585533003292314,0.05714952983517679,0.4659061340221,0.016248477200888824,0.0,0.0,0.037473008942660875,0.026247460871686945
s01X3022,0.4650057939214791,0.013992459777134503,0.11623961029672182,0.0,0.3002986358618391,0.0,0.0,0.0,0.10428210431543918,0.00018139582738628353
s02T3022,0.5144223736824312,0.014392459506710696,0.026333489177588175,0.010532168032649444,0.16883532780367905,0.012177256579713924,0.0,0.0,0.20170007156763275,0.05160685364959482
s03T3022,0.6040437322709329,0.038854196945336296,0.010983346915198474,0.04019381119462588,0.07283037066186782,0.026033674217981854,0.0,0.0,0.1631842986667526,0.04387656912730407
s04T3022,0.5953517443723049,0.02975563913657768,0.008472931191762604,0.02490250406648295,0.08396614298819832,0.043165626147903736,0.0,0.0,0.1922575467210504,0.022127865375719438
s05T3022,0.6131275262108266,0.022902618609455635,0.0,0.02102630753978247,0.0911606672736382,0.04127395223814168,0.0,0.0,0.20364967348582264,0.006859254642332842
s06T3022,0.5962780114669904,0.03971666855255765,0.0026947770045155097,0.038905639202130166,0.09912296994360731,0.030380114814263965,0.0,0.0,0.15557607978055427,0.03732573923538069
s07T3022,0.48468109051745123,0.013699789240213391,0.008559999556757566,0.010406803315262657,0.14200747063361957,0.0,0.0,0.0,0.291018800605274,0.04962604613142143
s08T3022,0.0,0.8318538299242232,0.0017717248190318212,0.10629285909822923,0.0,0.0,0.046772964135604236,0.011116870665644976,0.0,0.0021917513572665068
s09T3022,0.020869411909801107,0.06092321844136355,0.0,0.5137733852626246,0.08760653798171804,0.0727430710366117,0.17763390951428812,0.0,0.06645046585359295,0.0
s10T3022,0.0,0.031851942636568986,0.0,0.46874445317796976,0.1371940431641726,0.2492872579415196,0.0,0.0,0.11292230307976903,0.0
s11T3022,0.0,0.01738107991246017,0.0,0.5294257071327721,0.11501859924389879,0.14004533201807906,0.0,0.0,0.19812928169278987,0.0
s12T3022,0.0,0.03567772493743022,0.0,0.40247500803997527,0.28578332494236575,0.01553058198837576,0.0,0.0,0.2497231326824264,0.010810227409426634
s13T3022,0.0,0.013610542831002914,0.0,0.39461918594896284,0.19823713843789234,0.12740309177076412,0.0,0.0,0.2634350901018813,0.002694950909496487
s14T3022,0.1898235262949569,0.029367772714428336,0.006696863609491386,0.15997408890688936,0.33669977065751966,0.05225963132225264,0.0,0.0,0.15155299768378022,0.07362534881068146
s15T3022,0.4690800310163151,0.015209079576491334,0.06429953261338137,0.006512309616146053,0.31216291636231364,0.016958200092282185,0.0,0.0,0.09556352152480649,0.020214409198263627
s02M3122,0.36691358681880504,0.00797364612528239,0.16913683523039344,0.0,0.4353288783953914,0.0,0.0,0.007312920734318018,0.0007929259297988125,0.012541206766011035
s03M3122,0.5629221952314082,0.04409114200142804,0.07103989246300502,0.033884682493868466,0.2175424417907282,0.0,0.004023838513951221,0.0,0.017603712405717925,0.04889209509989299
s04M3122,0.4763513787604031,0.02296684705077948,0.10551562005216192,0.0068008152349290415,0.3456028388584986,0.0,0.0,0.003942059213918506,0.014966757996255122,0.02385368283305414
s05M3122,0.6397971475462773,0.0310797532445265,0.058889644031848834,0.04040412047865862,0.1412915996835363,0.004804326519375093,0.01754408877855806,0.006475926534054149,0.04383729648989601,0.015876096693268966
s06M3122,0.3595079873921097,0.020858784622188643,0.1417164822060462,0.0,0.4472239410786127,0.0,0.0,0.003277052154275585,0.005494324846101128,0.02192142770066605
s07M3122,0.5396088156825756,0.014044853174056598,0.1796391941955337,0.0,0.24316534974097534,0.0,0.0,0.007110871608707227,0.0,0.016430915598151425
s08M3122,0.0,0.8791462422643318,0.0005605114555438034,0.11431357023429692,0.0,0.0,0.005979676045827516,0.0,0.0,0.0
s09M3122,0.0,0.003105093527847503,0.0,0.18941245732032194,0.7598150064718452,0.04766744267998539,0.0,0.0,0.0,0.0
s10M3122,0.0,0.03536638763755789,0.0,0.25927456418431677,0.5961879722716644,0.04454589700750551,0.01698346097709454,0.033632336180795114,0.014009381741065606,0.0
s11M3122,0.0,0.01738059409102445,0.0,0.14309657767884057,0.808321543883996,0.015004575995530879,0.0,0.01619670835060804,0.0,0.0
s12M3122,0.0,0.0,0.0,0.14289841865193442,0.8268850053942342,0.015697366134457703,0.0,0.014519209819373931,0.0,0.0
s13M3122,0.0,0.0038923119269572565,0.015082344051352507,0.06795446245460708,0.8635270306565307,0.049543850910552495,0.0,0.0,0.0,0.0
s14M3122,0.21037022696834734,0.022118962585149064,0.08635216619565311,0.0,0.6291277424845849,0.021493119608248724,0.0,0.0,0.021893835297145496,0.008643946860871223
s15M3122,0.0,0.014100259321106015,0.0,0.1961859811527741,0.6555546833244655,0.03175709290231807,0.09209968931906967,0.010302293980266474,0.0,0.0
s01X3122,0.4941248405670884,0.023380521023691175,0.22745764850390912,0.0,0.22933027608754591,0.0,0.003645061823097844,0.017670080280379363,0.004391571714288244,0.0
s02T3122,0.4403417358778481,0.0048287372432997385,0.12341688872837707,0.0,0.4101778459310655,0.0,0.0,0.0,0.02123479221940949,0.0
s03T3122,0.40963648908018485,0.003698138711431495,0.03681127697452028,0.0,0.4466981834022502,0.004261888593782812,0.0,0.0,0.09889402323783028,0.0
s04T3122,0.7493095000234831,0.01303760217376872,0.004209388538015396,0.006708746364499576,0.13253957351535656,0.0,0.0,0.0,0.09419518938487664,0.0
s05T3122,0.6808895759705058,0.00993060338216257,0.0,0.00047320792748329965,0.13684974959502552,0.0,0.0,0.0,0.17185686312482285,0.0
s06T3122,0.5372983521905601,0.0044752734544245215,0.0,0.005914466779731147,0.20488733487188218,0.0,0.0,0.0,0.24742457270340204,0.0
s07T3122,0.29270979375744927,0.0,0.05152478749481684,0.0,0.5703075307058972,0.07177425210476736,0.0,0.0,0.013683635937069488,0.0
s08T3122,0.0,0.5567378729181602,0.0,0.20613425860865253,0.0,0.0,0.09977836847874366,0.1373494999944436,0.0,0.0
s09T3122,0.0,0.04211462200385118,0.0,0.1456539482365934,0.5687851752319308,0.0,0.20338015774796855,0.03359178930575627,0.006474307473899793,0.0
s10T3122,0.0,0.0,0.0,0.032348631475224245,0.8844894946737141,0.0,0.06650157937948663,0.016660294471575052,0.0,0.0
s11T3122,0.0,0.0,0.0,0.06924272724150332,0.8074942563348886,0.0,0.11789244382787388,0.0053705725957342585,0.0,0.0
s12T3122,0.0,0.0,0.0,0.04562491770884756,0.9080893630226428,0.0,0.04395875375362851,0.0023269655148810044,0.0,0.0
s13T3122,0.0,0.0,0.0,0.06690436901526003,0.9009602352363112,0.0,0.02167534898829948,0.010460046760129304,0.0,0.0
s14T3122,0.0,0.0,0.0,0.08928925319284352,0.8786883266559745,0.01027326684091003,0.0,0.02174915331027185,0.0,0.0
s15T3122,0.015489754601383358,0.012406646110874995,0.04261963065575342,0.004488712523054649,0.9028141858088363,0.014603681022807975,0.0,0.0031593997769128364,0.00230905543504794,0.002108934065328424
s03M3222,0.6306231282585723,0.0,0.0,0.0,0.1330054190064872,0.0,0.0,0.0,0.23637145273494042,0.0
s04M3222,0.589532432360697,0.012738423718266521,0.004794372731638658,0.0,0.19932370447148764,0.0,0.0,0.0,0.19361106671791023,0.0
s05M3222,0.5077725869694988,0.01298739380199935,0.0,0.03752282650487309,0.08898773258750799,0.0,0.012483003401447494,0.0,0.34024645673467313,0.0
s06M3222,0.45927486521515043,0.020757636559517685,0.0,0.016169819543905808,0.12400335628801144,0.005651328844783856,0.0002738209276482777,0.0,0.37386917262098257,0.0
s07M3222,0.29456008086119617,0.0,0.03323129604844209,0.0,0.5832947928517961,0.0,0.0,0.0,0.08891383023856564,0.0
s08M3222,0.0,0.8206136287973358,0.0011296412385793082,0.17617060398616252,0.0019242502578749288,0.0,0.0,0.0,0.0,0.00016187572004744562
s09M3222,0.0,0.022133047485950123,0.0,0.38971773300728296,0.12113279053330467,0.0018888310710888246,0.4525282655472626,0.0,0.012599332355110859,0.0
s10M3222,0.0,0.0035163254422843158,0.0,0.34480968578486554,0.21280730546641732,0.01670850664429979,0.42072368973004604,0.0,0.0014344869320869692,0.0
s11M3222,0.0,0.011249586771484086,0.0,0.3142229528693012,0.34280929896329987,0.019573854436170105,0.31214430695974477,0.0,0.0,0.0
s12M3222,0.0,0.001918642588334044,0.0,0.29383618775954745,0.6600265889106464,0.026948166987643945,0.01727041375382823,0.0,0.0,0.0
s13M3222,0.0,0.0,0.0,0.1838952848012214,0.7624806911431229,0.04476496149432933,0.0014583859044851235,0.0,0.007400676656841314,0.0
s14M3222,0.17524515957143327,0.025340145681317882,0.008655615986512084,0.1936209813784067,0.5410506712969149,0.045334942487545105,0.0,0.0,0.010752483597870056,0.0
s15M3222,0.2722664404540069,5.978003708406861e-06,0.055816922194873005,0.0,0.6436756005563953,0.0,0.0,0.0,0.0282350587910164,0.0
s01X3222,0.36595622658904897,0.0314793345125672,0.14317087770662917,0.0,0.41578240190839333,0.0,0.0,0.0,0.043611159283361435,0.0
s02T3222,0.8359636553847362,0.0,0.0,0.0,0.05441191461084757,0.003975517837311932,0.0,0.0,0.10564891216710431,0.0
s03T3222,0.7699764725128128,0.0,0.0,0.0,0.06782595372929731,0.005052207284368028,0.0,0.0,0.15714536647352198,0.0
s04T3222,0.4786352491781912,0.02502708198021442,0.024429265575825844,0.00796469303299952,0.37346752222640306,0.0,0.0,0.0,0.07807468957803122,0.012401498428334773
s05T3222,0.8299917377566511,0.0,0.0,0.0,0.0725094627127565,0.010739805509236457,0.004214368570661688,0.0033021372922239626,0.07924248815847029,0.0
s06T3222,0.82807264637173,0.0,0.0,0.0,0.01802836299747395,0.009187458938425498,0.0,0.0,0.14471153169237055,0.0
s07T3222,0.8269160302317133,0.0,0.0,0.0,0.06299456557154073,0.0031062965245501725,0.0,0.0,0.10698310767219577,0.0
s08T3222,0.0,0.8247608406838998,0.001547171826259416,0.14613767124772264,0.0,0.0,0.027554316242118113,0.0,0.0,0.0
s09T3222,0.05067378960523372,0.005781474877526488,0.0,0.3130971521018079,0.147088244073909,0.027655455880472937,0.4557038834610499,0.0,0.0,0.0
s10T3222,0.0,0.0,0.001905450427673288,0.2358944438360811,0.17402746939301053,0.00870718143428796,0.5794654549089471,0.0,0.0,0.0
s11T3222,0.031445315388859654,0.0,0.0,0.15405445616847432,0.14380274808957444,0.003095274366586622,0.6533238601584243,0.014278345828080687,0.0,0.0
s12T3222,0.04295394234646779,0.0,0.0037230922323975833,0.2805044065664635,0.4511230041236075,0.0,0.2207367556392598,0.0009587990918037575,0.0,0.0
s13T3222,0.06563777040689696,0.02714502070042849,0.003674637465086766,0.373039765272474,0.28892226135123067,0.017660272734656937,0.22392027206922627,0.0,0.0,0.0
s14T3222,0.0,0.004144149878152727,0.008585644350680278,0.014436826222898448,0.9600258158438661,0.0031995518900856663,0.0,0.0,0.008695920801385525,0.0009120910129311975
s15T3222,0.0,0.0014265471041284077,0.0,0.20407211293843153,0.712459936232231,0.05132743948703972,0.0,0.0,0.03071396423816935,0.0
s02M3322,0.5049579240675928,0.0034304654753792457,0.01524847948168403,0.0,0.37130495301791033,0.0,0.0,0.0,0.10505817795743357,0.0
s03M3322,0.5640491598765255,0.0,0.0,0.017578263683535163,0.21710966179520705,0.0,0.009463493341864896,0.0,0.19179942130286737,0.0
s04M3322,0.29264356391127844,0.004268753033392982,0.05546904701370376,0.0,0.6395560396291191,0.0,0.0,0.0016178919643468626,0.006444704448158953,0.0
s05M3322,0.5070265172868804,0.011356530242135274,0.0,0.035832301082871276,0.3242322297401704,0.0,0.010344868215461015,0.0,0.1112075534324815,0.0
s06M3322,0.49861027767692984,0.001557618957562545,0.0,0.058840642885024205,0.08242832655537914,0.0,0.025175670121526297,0.0,0.333387463803578,0.0
s07M3322,0.6256787143598019,0.022699878808250643,0.00010742663664956239,0.04197349908580917,0.2172991344343235,0.0,0.010478860343948777,0.0,0.0817624863312164,0.0
s08M3322,0.0,0.7006796037970169,0.0,0.2993203962029832,0.0,0.0,0.0,0.0,0.0,0.0
s09M3322,0.0,0.0,0.0,0.15920461093267688,0.07413137728886117,0.021070826521086106,0.7431537925902344,0.0024393926671414053,0.0,0.0
s10M3322,0.03200221666210826,0.038558279073135124,0.0,0.3890791533874486,0.25837237098754784,0.012904622897936462,0.2655397667191388,0.0,0.003543590272685026,0.0
s11M3322,0.03727294945814784,0.017553228262045653,0.0,0.3930764571186266,0.26946879625408515,0.004956097047240793,0.2731173931886919,0.0,0.0044375795015892784,0.00011749916957282274
s12M3322,0.11887280065087066,0.07925002164392915,0.00011476320252503701,0.3019699520062994,0.2700537499185517,0.018769682135902695,0.18848759374605506,0.0,0.022481436695866264,0.0
s13M3322,0.17431399219555818,0.045759567723641745,0.0,0.26279961695020093,0.26436906145317807,0.0,0.2221780496307097,0.01972135423920064,0.010858357807510956,0.0
s14M3322,0.10473730049476314,0.03058435992483375,0.0,0.25728519834442104,0.48839334615003877,0.007264468569469008,0.07527149244842997,0.002999282544216041,0.03346455152382838,0.0
s15M3322,0.2900077389876286,0.0424679360823037,0.009269946022303297,0.11766636972448485,0.44600068498782325,0.013893724404232657,0.06979402490312185,0.0,0.010899574888101731,0.0
s01X3322,0.7896060921824152,0.0,0.025190221832409047,0.009177439575415475,0.09540727340207705,0.0,0.018406453858710363,0.009258675612192664,0.052953843536780155,0.0
s02T3322,0.802817963918512,0.008411234333773696,0.05337391156987314,0.02032260347872139,0.07858357566500848,0.0,0.02280590501723241,0.001924693326843918,0.011760112690035044,0.0
s03T3322,0.7802706932396445,0.011684050619556987,0.042549847998118236,0.0371709572731181,0.053379132178861935,0.0,0.04270104866037826,0.01207932859147004,0.020164941438852012,0.0
s04T3322,0.7177933018522726,0.024476028337615505,0.08703107798636166,0.019088414628306384,0.06540912884016856,0.0,0.027035452807847398,0.0012315270699821633,0.0548422466272154,0.0030928218502302134
s05T3322,0.7097728776930728,0.022393547547371526,0.07089885850135841,0.038002839796313144,0.06844061295846034,0.0,0.03153905561938154,0.00030277293707490257,0.0586494349469672,0.0
s06T3322,0.730785414182192,0.018349296453197675,0.060841631871422726,0.04259646902960172,0.04985248001968884,0.0,0.032141151219983455,0.0,0.06543355722391367,0.0
s07T3322,0.6529691238256575,0.01656973085667017,0.17499985341366064,0.024567285802995314,0.09799040264331096,0.0,0.023706395519684023,0.0043968298860342005,0.0037149039329646056,0.0010854741190226137
s08T3322,0.0,0.8755722720225866,0.0009401878467908163,0.09918266087861467,0.0,0.0,0.024304879252007996,0.0,0.0,0.0
s09T3322,0.0,0.0022040972053539104,0.0049155078747959765,0.08676628437406965,0.18875688480506492,0.0033844815476172596,0.7113594435883148,0.0,0.0,0.0026133006047835126
s10T3322,0.005092901440653584,0.0,0.0059648079819585205,0.16774745898016008,0.5209105610391804,0.0,0.3002842705580474,0.0,0.0,0.0
s11T3322,0.020743107478771543,0.0,0.005251293263416612,0.13257598386000563,0.2264830022888973,0.009624768730115441,0.6030666939743164,0.0,0.0016276030380623478,0.0006275473664148604
s12T3322,0.0,0.0,0.0064551312046496065,0.15416028958832928,0.6336648126190497,0.025874497736845102,0.16416266327505075,0.0,0.014671383290029571,0.001011222286045981
s13T3322,0.23872067257196003,0.0,0.008368252065006838,0.09907367392109337,0.5330601055948782,0.03683564600255142,0.025974927681337762,0.0,0.05796672216317249,0.0
s14T3322,0.4865211630787788,0.008261091819262618,0.04553993620139384,0.04132746446616921,0.3750431593351084,0.008849042899293565,0.019728106226265113,0.003634045668756141,0.01109599030497239,0.0
s15T3322,0.5464388497766817,0.011417240492140797,0.04559468724645308,0.03600533542986067,0.32794573106556296,0.010324389591822778,0.01305475641940519,0.0,0.009219009978072856,0.0
s02M3422,0.7072837056139274,0.012733260925855505,0.06859315778274253,0.03563144897888276,0.07932549121392339,0.0,0.036521257711083256,0.008116228813938838,0.051795448959646426,0.0
s03M3422,0.6790280046054297,0.015087196631623072,0.09191547696598405,0.04186057839705761,0.08973291163874322,0.0,0.038197234459613226,0.0001381872726342354,0.04404041002891486,0.0
s04M3422,0.6984229420519621,0.028298780165138083,0.08542396410466226,0.03415467292478113,0.06514160310788833,0.0,0.03664506870279522,0.0,0.05191296894277285,0.0
s05M3422,0.6825856111501591,0.024132031847599236,0.08351521839242525,0.04988455117584715,0.0986250133804921,0.0,0.03916137262692857,0.005062783983712236,0.013185900416464029,0.0038475170263723244
s06M3422,0.7665455102237339,0.010400157122105647,0.0,0.032481764260900714,0.03579687950052222,0.0,0.028768171516012988,0.0,0.12600751737672466,0.0
s07M3422,0.5732814277071518,0.01370551459930999,0.2176073521693136,0.027172496755748128,0.1273851150400181,0.0,0.038999984092122277,0.0018481096363360079,0.0,0.0
s08M3422,0.0,0.9683271559847308,0.0026140303779245764,0.01732087096492248,0.0005089403974069792,0.0,0.010015598098198854,0.0,0.0001686010114057478,0.0010448031654106472
s09M3422,0.0,0.017062863738960564,0.0,0.0043065087409960515,0.003795495352592144,0.0,0.9656366860381876,0.008750695112886503,0.0004477510163770873,0.0
s10M3422,0.0,0.0,0.0,0.0,0.02430646643336564,0.0033693705630490752,0.9723111491585981,0.0,1.301384498719796e-05,0.0
s11M3422,0.007310443598066505,0.0,0.0,0.017947985189181025,0.02988945314912053,0.0007139852900392873,0.9436710619545157,0.0,0.00046707081907692975,0.0
s12M3422,0.1310245542062565,0.0,0.05910415849211665,0.06553693504086981,0.6509177230090537,0.01188653160390235,0.08153009764780102,0.0,0.0,0.0
s13M3422,0.4361544156897644,0.0,0.05040261299598499,0.08559397683030544,0.32338720554982386,0.009119708107471172,0.03831475774821973,0.007884577076308023,0.04914274600212244,0.0
s14M3422,0.3811824815372463,0.0,0.10087991436990765,0.050186527415584464,0.4078449340112358,0.0022252793292608514,0.03056311162728487,0.004352961903796811,0.02276478980568321,0.0
s15M3422,0.41005031477145676,0.0,0.12816784311592863,0.0289911632204647,0.397706245525918,0.0,0.023526307441191992,0.0010854099273242955,0.010472715997715593,0.0
s01X3422,0.7528956363631815,0.0,0.07254727604675311,0.012972310761408748,0.10528939456358537,0.0,0.02548969837168075,0.003442147187285313,0.027363536706105175,0.0
s02T3422,0.7229625248336999,0.0,0.05180201164470365,0.0,0.19484737732614407,0.0044267141187713955,0.0,0.0,0.02596137207668089,0.0
s03T3422,0.772385008807475,0.0,0.010583854471707432,0.0,0.113138302943439,0.011188633892469234,0.004763468101565057,0.0,0.08794073178334433,0.0
s04T3422,0.725130423541521,0.003517343340256785,0.032522615314052705,0.01270028886447051,0.16192436933604315,0.009616743237434064,0.012574531078013295,0.0,0.04150328816043861,0.0005103971277700205
s05T3422,0.7174113952827191,0.0034319938312627222,0.022258487742305395,0.038715737940439615,0.15441698605779794,0.006579166904430641,0.011829247266368399,0.0,0.04356130902291535,0.0017956759517606367
s06T3422,0.6503391766702197,0.01172828512149086,0.033936918377093055,0.021865638947374345,0.20749996873745516,0.011080307598428677,0.0026635467430218174,0.0,0.05652016825718128,0.004365989547735054
s07T3422,0.3594982846982786,0.0,0.05958993234252571,0.0007383381434335645,0.5721359242701829,0.00242324005421459,0.0,0.0,0.005614280491364744,0.0
s08T3422,0.0,0.9513893767830324,0.002026238722639958,0.026920165088139863,0.000256274142875889,0.0,0.01912121488310276,0.0,0.0002191641244897386,6.756625571944864e-05
s09T3422,0.0,0.0,0.0,0.28970255036310777,0.28055944746801764,0.029823532473550927,0.3922357255210693,0.0,0.007678744174254282,0.0
s10T3422,0.0,0.0,0.0,0.40167412757685395,0.3851882240324873,0.003363950481178895,0.20977369790947986,0.0,0.0,0.0
s11T3422,0.0,0.0,0.001413446828930037,0.2338068727275285,0.5365889720012051,0.009858152347832199,0.21833255609450405,0.0,0.0,0.0
s12T3422,0.059647491900669806,0.0,0.0,0.16009383644150524,0.4660452064596536,0.021187460982790243,0.284176187489914,0.0,0.008849816725467159,0.0
s13T3422,0.0,0.0,0.001520861197953094,0.1875393316761998,0.5981409922745842,0.000543924521322173,0.21191918893923392,0.0,0.00033570139070701914,0.0
s14T3422,0.0,0.0,0.0017736134836435888,0.17927588260573007,0.700912337638809,0.013663408283955389,0.09327314486363052,0.0,0.011101613124231495,0.0
s15T3422,0.5017028649565509,0.018950907828976862,0.0,0.07720408436416497,0.2361352012627149,0.033452088050960574,0.03692806434771172,0.0,0.0664867122173669,0.029140076971553186
s02M3522,0.7058043665749321,0.012996364785972235,0.056786178447899224,0.03378570587229117,0.08209181871383171,0.0011414747801674868,0.02005907426468922,0.0,0.08733501656021687,0.0
s03M3522,0.6708965773127764,0.039938389889085935,0.09406643639520369,0.06117419799185559,0.08262864282157853,0.0,0.030530983257242482,0.0,0.020764772332257386,0.0
s04M3522,0.692008062780316,0.02406091313193831,0.05019145544951829,0.05124012033761704,0.040025904608101605,0.0,0.015197855185751482,0.0,0.11718563840728673,0.01009005009947048
s05M3522,0.6539901612909005,0.04060928794499294,0.09631791970475705,0.05680619688494874,0.07590510844636429,0.0,0.02320309949711294,0.0,0.05316822623092343,0.0
s06M3522,0.6538377030640466,0.04586835527692618,0.0810470578305484,0.06411017416736647,0.08260388568369757,0.0,0.02541772768292706,0.0,0.04174174258970709,0.005373353704780718
s07M3522,0.6797791403322647,0.03587500404128066,0.07417636736790414,0.041278693882180334,0.06898894283899114,0.0,0.020659827715429922,0.0,0.07924202382194921,0.0
s08M3522,0.003663205271646362,0.9796757907726675,0.004510796749164843,0.007074787755369856,0.001782296765560648,0.0,0.0,0.0,0.0,0.0032931226855907603
s09M3522,0.025430951013253548,0.0039462510376916445,0.00235945982188948,0.1322895271740349,0.2017013839844358,0.0,0.6315827739554805,0.0,0.0,0.002689653013214226
s10M3522,0.060070059530765774,0.0,0.0032275784268931966,0.2586707532408267,0.553388552464292,0.0,0.12140564557187268,0.0,0.0,0.0032374107653495563
s11M3522,0.0,0.0,0.0,0.24546285430173106,0.6691213390556704,0.00765413633530092,0.07776167030729765,0.0,0.0,0.0
s12M3522,0.18889301531300345,0.0,0.09289870120813984,0.1615731497283089,0.4549580251038514,0.06393615495819531,0.03647689381622742,0.0,0.0012640598722736649,0.0
s13M3522,0.28628211947560883,0.0,0.14083255200698938,0.09505923457878247,0.42815398763284185,0.03018124335921912,0.015241382495304169,0.0,0.004249480451254244,0.0
s14M3522,0.3007907884476897,0.0006969345811975006,0.19420314058408347,0.10061817764096591,0.3260172493052662,0.03352900263200154,0.039472273462024234,0.0,0.0,0.0046724333467715075
s15M3522,0.534815284296658,0.01608336787792888,0.18883005344539117,0.03354253779711147,0.18643931543265654,0.0,0.017764324438091856,0.0,0.0225251167121622,0.0
s01X3522,0.7506262686929794,0.02586598396455566,0.034392316157194604,0.04954970309580602,0.034187358599968985,0.0,0.00843130199761823,0.0,0.09694706749187706,0.0
s02T3522,0.5710733672609353,0.011001154390546173,0.15933743861373087,0.015992080014358492,0.22104890740605362,0.0,0.00013767963305856302,0.0,0.021409372681317096,0.0
s03T3522,0.5437149438353918,0.0058993934122476555,0.1298987487179354,0.006071047011930371,0.29072633711104234,0.0,0.0,0.0,0.023689529911452387,0.0
s04T3522,0.666927969031388,0.02044301047767572,0.07828771425491927,0.04095081792745313,0.13849760394478722,0.00019959833498255645,0.007391325930917507,0.0,0.042278533896707084,0.005023426201169445
s05T3522,0.6985512494217025,0.018966107336540795,0.02351614382066562,0.0642980234726959,0.11507307068053928,0.010977551330300478,0.030381599089091,0.0,0.03823625484846441,0.0
s06T3522,0.7117151738127327,0.027190192300066484,0.03161620113398164,0.040570863182309465,0.10249992409677247,0.004005142459468454,0.011403845764403153,0.0,0.07099865725026551,0.0
s07T3522,0.4742884881981826,0.01400541793207865,0.11101901241724392,0.02880436818158084,0.32972834488698916,0.008795819117186448,0.002218433037388831,0.0,0.019533693911747998,0.011606422317601532
s08T3522,0.0,0.9553316131163575,0.00489155773701756,0.031067329542915315,0.0009386140465453456,0.0,0.00397887699769554,0.0,0.0,0.003792008559468815
s09T3522,0.011345249875550842,0.05942440827260717,0.0023379052453105127,0.1353824969993193,0.2279220444057511,0.018536983179591845,0.5433214910059194,0.0,0.0017294210159497637,0.0
s10T3522,0.023801134495723873,0.001036679822327301,0.01203876988321071,0.1817644394696192,0.3528624317696719,0.033085941422673015,0.39441891854167527,0.0,0.00040652380523349994,0.000585160789865066
s11T3522,0.0493719449449873,0.0,0.016365698757265113,0.1863031191999666,0.49563727872169766,0.05018905444543649,0.19955507228422031,0.0,0.0025778316464264953,0.0
s12T3522,0.09208590150999563,0.0010142405784785672,0.010330564340031385,0.20304418240383093,0.4795275878116742,0.06783563785120926,0.10802957281282002,0.0,0.03351444442427287,0.004617868267687146
s13T3522,0.07054278153357262,0.0,0.011345822676637762,0.21314763624793995,0.5152396050548382,0.0458764342745251,0.12683471252207185,0.0,0.017013007690414472,0.0
s14T3522,0.1799163837521446,0.003427476572164222,0.01648975705555208,0.16024082210085713,0.45152954462412653,0.12370360206361262,0.005740777863823253,0.0,0.055312072544474074,0.003639563423245581
s15T3522,0.4073524936566935,0.00785408230251056,0.06732012865633677,0.08944075920314833,0.3075626184566316,0.04025283507088568,0.0,0.0,0.0509805777084335,0.029236504945360266
s02M3622,0.9083527192363153,0.0,0.031704100014565355,0.0,0.027157205468463123,0.006369159028223528,0.0,0.0,0.0,0.026416816252432706
s03M3622,0.9077014865658427,0.0,0.025522065960075876,0.0,0.03218247682282461,0.008154591914439985,0.0,0.0,0.0,0.026439378736816725
s04M3622,0.8607016205159193,0.0,0.020491643092382997,0.0,0.04655842073161549,0.014064862768642267,0.0,0.0,0.005660034736372578,0.05252341815506743
s05M3622,0.8651816221813606,0.0,0.0,0.0,0.04283021584460369,0.018648695485973216,0.0,0.0,0.014979420748933476,0.05836004573912905
s06M3622,0.9016160559547569,0.0,0.0,0.0,0.004849192494209229,0.02489586850467818,0.0,0.0,0.013753059304126462,0.05488582374222913
s07M3622,0.8711653496418578,0.0,0.009405112545777328,0.0,0.028999482723069746,0.023550884128187313,0.0,0.0,0.0,0.06687917096110764
s08M3622,0.0,0.9151632119172917,0.0051760325982276745,0.0753837098834318,0.0,0.0,0.0,0.0,0.0,0.004277045601048841
s09M3622,0.19146921607869152,0.00648758180286668,0.0016676970204315747,0.20884939422129548,0.3113825219949779,0.12727724928829368,0.09419033146135569,0.0,0.049986775513799916,0.008689232618287397
s10M3622,0.08700292679780548,0.0,0.0022666298048533676,0.25354655745535665,0.456156656236747,0.10942462599548006,0.07675997842689948,0.0,0.010896747255975066,0.00394587802688284
s11M3622,0.0800760198653189,0.0,0.006880850701937542,0.2037425759374564,0.5330519239365079,0.05977051348178099,0.10392246827408606,0.0,0.00968921041821358,0.002866437384698545
s12M3622,0.07808218927990432,0.0,0.002828518977729882,0.22109475585811011,0.5395151249292032,0.08871416951111895,0.06303323227899789,0.0,0.006732009164935537,0.0
s13M3622,0.1097546319338506,0.0,0.0,0.3263526051106856,0.37197482166858664,0.11875572063051956,0.06630568383597496,0.0,0.006856536820382689,0.0
s14M3622,0.1480149560344612,0.0,0.0,0.2717404858773432,0.32688060909740135,0.1379900413583289,0.05079460490688488,0.0,0.06457930272558048,0.0
s15M3622,0.40074013158279514,0.0,0.0008069163170203201,0.07234022027314188,0.3984152196166665,0.06592890724634991,0.006242425825164029,0.0,0.027404088010522472,0.028122091128339802
s01X3622,0.8498446394711703,0.0,0.03608433244110818,0.0,0.08458220912985605,0.007798988121633888,0.0,0.0,0.014638626119156957,0.007051204717074464
s02T3622,0.42887658952959745,0.034004690719992604,0.3002476953952645,0.025437204576434492,0.1669633472631001,0.0,0.0,0.0,0.0,0.04447047251561077
s03T3622,0.49144458348610265,0.02503670682776271,0.2673233866712241,0.02529625234671385,0.14102524252905313,0.0,0.0,0.0,0.00043074233365780534,0.04944308580548585
s04T3622,0.6441097274982259,0.013710330350070654,0.1215960171221075,0.02292589151270954,0.12187657490291032,0.0014279968894827446,0.0,0.0,0.004638078509887911,0.06971538321460537
s05T3622,0.6118426393191148,0.03498196112092362,0.10536930074206921,0.042917635995618576,0.1263470533300172,0.0035117461230958135,0.0,0.0,0.0017875630171030061,0.07324210035205787
s06T3622,0.6761347107967557,0.011506508394541313,0.12515505724870857,0.009079305011171735,0.1482646394933116,0.000300098198351149,0.00497553535582571,0.0,0.0,0.024584145501334243
s07T3622,0.7296735185482108,0.0,0.12220827963114021,0.0,0.140618792763792,0.0016183599253595964,0.0,0.0,0.005881049131497301,0.0
s08T3622,0.0,0.9079369739734924,0.004341587943009808,0.0845228834427474,0.0,0.0,0.0,0.0,0.0,0.0031985546407503705
s09T3622,0.3346529869977837,0.007523165123589365,0.0013568540804619318,0.08199493797107563,0.3707423413572899,0.12890258126803256,0.01575796946733931,0.0,0.03714440652019158,0.02192475721423605
s10T3622,0.3490471134985412,0.002313606940846785,0.0,0.061811611243585925,0.2986103556980174,0.1546889721080267,0.015910352792564864,0.0,0.10209005627331665,0.015527931445100585
s11T3622,0.22211725935295612,0.0,0.00410860505277499,0.07344295882295819,0.5345714030556958,0.10231271960923609,0.009159623821766575,0.0,0.037945731218708804,0.016341699065903305
s12T3622,0.13390588942474818,0.0,0.0035050318078234323,0.060512672518391375,0.6688833251198146,0.09280498911942928,0.0,0.0,0.02808998303449807,0.012298108975295001
s13T3622,0.15454392404197104,0.0,0.0,0.13772081130334868,0.4364835329843232,0.19261054868553662,0.019295659182904757,0.0,0.05264922144817554,0.006696302353740348
s14T3622,0.09124190467963286,0.0,0.0,0.12026914372361253,0.5935326079146925,0.1175932485782666,0.0,0.0,0.062101036757692935,0.015262058346102622
s15T3622,0.6364730572888989,0.0,0.037951014462174394,0.00911936949297527,0.2181345397454648,0.03697069359844216,0.0,0.0,0.040399606388453704,0.0209517190235905
s02M3722,0.39990710521186845,0.09107754697265875,0.14336526193269897,0.04712436508493371,0.22452045999017323,0.009885410312463063,0.0,0.0,0.03150656308215266,0.05261328741305114
s03M3722,0.2801112734545669,0.006232565423640902,0.23158380343605667,0.038460950658452946,0.4188099107735895,0.0014855572321181934,0.0,0.0,0.022453358900247296,0.0008625801213277455
s04M3722,0.5980070839127613,0.029150556569821493,0.02147838651629836,0.05546488217514262,0.12567565999733538,0.016056963037128853,0.0,0.0,0.11471430621684371,0.03945216157466823
s05M3722,0.340795718857774,0.01694272515559518,0.13254079289526274,0.11101486817061376,0.21210558686690165,0.031703514369660964,0.0,0.0,0.13729364229760302,0.01760315138658862
s06M3722,0.46377659840421503,0.051694592538701005,0.05491712083289974,0.08844898108043231,0.07187875908397366,0.020175430591255716,0.0021595685934768637,0.0,0.18662793812378756,0.06032101075125809
s07M3722,0.4192055558555745,0.010944139437753736,0.24768834844198598,0.04430079351945562,0.21534429147870998,0.005227065380035001,0.0,0.0,0.03593563552887099,0.021354170357614173
s08M3722,0.0,0.6146241579396943,0.0,0.29422087269541264,0.0,0.0,0.0481983237959349,0.041856670857634976,0.0,0.0010999747113232278
s09M3722,0.08218016235494008,0.0,0.0,0.24825922179797252,0.4615199043020389,0.05797124934547526,0.1107937580143278,0.03927570418524553,0.0,0.0
s10M3722,0.014853718480865419,0.002905102532744918,0.0,0.20245548843799274,0.4935591569994449,0.11772360289393576,0.10237121694929197,0.06613171370572433,0.0,0.0
s11M3722,0.022369314462714163,0.0,0.0,0.12930674675489892,0.5753990670268457,0.19765674193082222,0.05534879929393955,0.019919330530779416,0.0,0.0
s12M3722,0.06334458062890103,0.0,0.001092480742940895,0.13261486392198774,0.4707602989985726,0.16507095541171593,0.10618928609858017,0.060927534197301715,0.0,0.0
s13M3722,0.11939641025752962,0.0,0.0059911924995185595,0.16046703737889217,0.43015211195855185,0.10590509275886663,0.09294307063749382,0.05231086691247938,0.03283421759666792,0.0
s14M3722,0.339354032389012,7.150538085492437e-05,0.18595271304980157,0.05420503576573079,0.2721972532024055,0.07349849853656258,0.0,0.0,0.059769445096345276,0.014951516579287397
s15M3722,0.2960128833647234,0.017852263638911136,0.26635919445930106,0.026441712340803593,0.38787277821123056,0.0,0.0,0.0,0.0,0.005461167985030386
s01X3722,0.41195954946109886,0.014287266648679327,0.17238560311207157,0.030369670845899806,0.33398764607648057,0.0026167361802160666,0.0,0.0,0.011595032872192443,0.022798494803361245
s02T3722,0.4156513080332998,0.04241122643673742,0.16469286878181166,0.0390248935839907,0.10712041124680322,0.02542250784352201,0.0,0.0,0.12953377754146236,0.07614300653237281
s03T3722,0.4093565024572678,0.03948134292892894,0.18607665117198938,0.03479977498560043,0.10524084943856059,0.020034170218817385,0.0,0.0,0.10321118671761292,0.10179952208122262
s04T3722,0.5417840615088595,0.048444260158719187,0.08610791916448364,0.027148803396181552,0.07322472124233473,0.044684924061738934,0.0,0.0,0.15729928545414573,0.021306025013536633
s05T3722,0.6511013619168048,0.033347436647782454,0.04146358384675979,0.01768379628692726,0.0353106842409208,0.030847949840424663,0.0,0.0,0.1902451872203803,0.0
s06T3722,0.5705899416173256,0.04324672203358143,0.07506504944632203,0.030003406317574813,0.05386193558563862,0.045755132449919085,0.0,0.0,0.15948598565512656,0.021991826894511866
s07T3722,0.6826625947414566,0.01967534411617117,0.04481106555580461,0.009455803799066173,0.06042784865892791,0.00386617245727022,0.0,0.0,0.17910117067130304,0.0
s08T3722,0.0,0.8844923198558782,0.0030640918928170864,0.07847729675081062,0.0,0.0,0.03134191584737596,0.0005282970505964744,0.0,0.002096078602521791
s09T3722,0.18866302921586608,0.0,0.0,0.2267534161373944,0.2926013130201283,0.055834555715308834,0.16872836901222069,0.06741931689908168,0.0,0.0
s10T3722,0.04487207581577296,0.0,0.0,0.20401518056421625,0.45429474108740714,0.17943721140748645,0.01930657649861994,0.001132643069560369,0.0969415715569369,0.0
s11T3722,0.08660198982568977,0.0,0.14047900200476832,0.13558048699156808,0.4487741751992905,0.15314963142151092,0.02259555237837904,0.0,0.012819162178793362,0.0
s12T3722,0.25330929747756625,0.010534922117601741,0.13471700396519298,0.09045975310537824,0.20816858058010762,0.10386422487073292,0.0015658446113822099,0.0,0.15073577150729028,0.0466446017647478
s13T3722,0.11924852198020544,0.0,0.18523554593711755,0.09560209153655327,0.3746537700537192,0.11261215967796792,0.008121104715731088,0.0,0.08783001126425073,0.016696794834454718
s14T3722,0.35132152368198993,0.004803026578961523,0.09608557261525708,0.03573051334994897,0.192431910266562,0.05848197679190991,9.415583045583541e-05,0.0,0.20720222585521839,0.05384909502969639
s15T3722,0.38138351554787514,0.013910040407880181,0.15322757556177402,0.036879642061671526,0.20720186778159777,0.025678609501884875,0.0,0.0,0.13978220422742318,0.04193654490989334
s02M3822,0.3095073665570015,0.03142292981775297,0.15214835780945837,0.06590720698718545,0.14152468104468177,0.035067061352328455,0.0,0.0,0.1944834892915888,0.0699389071400027
s03M3822,0.31272868010572763,0.03449804099152005,0.15972599531307524,0.09159029858773994,0.13527349512777082,0.032659440066685246,0.0,0.0,0.14764893789992647,0.08587511190755465
s04M3822,0.40901404884729164,0.04159836824944841,0.12639971133589728,0.07325183502343162,0.12532720253622973,0.03274658145082625,0.0,0.0,0.12868610916814013,0.06297614338873504
s05M3822,0.3551551944961691,0.04589892832369004,0.1278511351790553,0.05167447721392581,0.10231732687893857,0.026319384280238743,0.0,0.0,0.20319372390223386,0.08758982972574852
s06M3822,0.34103884679861096,0.05171252571246144,0.14735754880903318,0.065134296894947,0.09749061268142928,0.019057078085412325,0.0,0.0,0.13796625346467986,0.14024283755342593
s07M3822,0.21415779311225736,0.0417879870854586,0.362337684285891,0.05607767834416938,0.16582027514427308,0.0006939893911234046,0.0,0.0,0.03509208698898865,0.1240325056478385
s08M3822,0.012831478686748927,0.9272513240569223,0.0032062322087313554,0.05660554644925447,9.063906412126858e-05,0.0,0.0,0.0,1.4779534221467997e-05,0.0
s09M3822,0.07356200278471259,0.017155341535746743,0.0,0.47548399080935627,0.03875482244769237,0.034063796694440096,0.10585476382012193,0.25512528190793005,0.0,0.0
s10M3822,0.18163365726844682,0.0,0.0,0.3917806057260141,0.0559931080879046,0.13839010043095729,0.04183032405112159,0.12118631892372904,0.06918588551182646,0.0
s11M3822,0.20096065768562343,0.0,0.008765710965114684,0.3728504576110411,0.08661409259829798,0.10989912260481287,0.04100659106640969,0.07956112145302748,0.10034224601567286,0.0
s12M3822,0.23383877413545232,0.03151130251373585,0.12595151811562608,0.13722898237288686,0.14107038565338645,0.05875462075025649,0.0,0.0,0.19480811769701506,0.0768362987616408
s13M3822,0.22332929297476647,0.04568071688305077,0.15170208939387242,0.1037578993805819,0.1599011984268891,0.05084171424159982,0.0029049841962908167,0.0,0.19277241641556078,0.06910968808738786
s14M3822,0.22588089988539364,0.03659315800380564,0.20134442424875507,0.12751963517378337,0.17615593677357866,0.050308091556466955,0.0,0.0,0.11096544712451044,0.07123240723370623
s15M3822,0.23219039812875736,0.03806770425316603,0.2889770109157381,0.08833447328599942,0.1651235111939691,0.018590897278252784,0.0,0.0,0.07612196081326891,0.09259404413084828
s01X3822,0.3439840651289266,0.03363528691223843,0.1278072724325075,0.056954082075516575,0.1606067002139286,0.017729952490105717,0.0,0.0,0.20588430913784314,0.053398331608933584
s02T3822,0.5220794079424768,0.01850751554300474,0.11238268389198783,0.05079573616190142,0.16049456511248922,0.0087983020566665,0.0,0.0,0.06335829645916435,0.06358349283230931
s03T3822,0.378848482577722,0.01417379605300914,0.17965500946358787,0.0781783873628504,0.2921368630059859,0.006032963320763712,0.0,0.0,0.016921169303938745,0.03405332891214228
s04T3822,0.34897307589597665,0.033539186085176115,0.15107420549367984,0.11159745796778325,0.2077257880185854,0.0061847557934212385,0.0,0.0,0.05010215805441717,0.0908033726909603
s05T3822,0.3389299366567831,0.04495026325061287,0.1745528289773557,0.1430673025335242,0.19426033946679766,0.005011897003826221,0.007105622001348701,0.0,0.024698303528520305,0.06742350658123124
s06T3822,0.35144220613762983,0.04809041291860603,0.08140157381243303,0.10365859369362407,0.07392660062457916,0.019197817978828625,0.0,0.0,0.173228573058145,0.1490542217761543
s07T3822,0.3897340476460001,0.04640580360273042,0.10590596848068741,0.22353925457532833,0.01633428655976887,0.04275431387315695,0.0,0.0,0.07952107835985284,0.09580524690247506
s08T3822,0.0647110187405536,0.8821637019495605,0.003986129684590774,0.03265357082806102,0.0009794003271607604,0.0,0.015506178470073259,0.0,0.0,0.0
s09T3822,0.0,0.03798789081862302,0.0,0.6264137709325799,0.01950515024797959,0.01036437777687669,0.19432460243721716,0.11140420778672375,0.0,0.0
s10T3822,0.04441017975481976,0.0,0.009571522856509406,0.6120849408311193,0.03676961992425349,0.06293967844355766,0.1574847608526265,0.07673929733711393,0.0,0.0
s11T3822,0.10510887806792651,0.0,0.0,0.5182949711776081,0.020053457021836238,0.023650398011882234,0.16747762802664282,0.16541466769410412,0.0,0.0
s12T3822,0.12305894306944332,0.0,0.0,0.5355323305476812,0.030425385236844054,0.05319115975547182,0.07791345073581916,0.1798787306547403,0.0,0.0
s13T3822,0.0689960343032497,0.0,0.0,0.6232516987030579,0.04729782023785116,0.002478714931902231,0.11696317158585735,0.1410125602380817,0.0,0.0
s14T3822,0.0,0.03309763053897261,0.05852078444664963,0.558600565472243,0.07218200824499829,0.1434636128557536,0.010729608503827037,0.033610052925414836,0.08952750269767147,0.00026823431446956167
s15T3822,0.08365737186937791,0.01011393226617876,0.14312606877384912,0.2716636000411575,0.18379951867288613,0.1546113329813455,0.023427268462113817,0.0,0.1096830459313875,0.01991786100170387
s02M3922,0.3618207338408364,0.06029818817277048,0.15659099668031076,0.07888230345940922,0.17007786080125453,0.00612769722436174,0.0,0.0,0.05119052099091422,0.11501169883014274
s03M3922,0.3041510656129012,0.03527407859481446,0.2563589480693691,0.056656350189125654,0.24188526992021023,0.0,0.0,0.0,0.016092970276623153,0.08958131733695636
s04M3922,0.31072407821699505,0.05535447686886685,0.15839681591085536,0.08043110256910764,0.23610608057440619,0.0,0.0,0.0,0.043435968060059796,0.1155514777997092
s05M3922,0.2960033580216368,0.046322762681071564,0.200515296228262,0.1120531261783003,0.21231220992327723,0.0,0.0,0.0,0.01654011289456555,0.11625313407288657
s06M3922,0.4802341195066469,0.025517933753561532,0.027367209880016747,0.056585511515375546,0.03822763472602125,0.016607976637395067,0.0,0.0,0.2646330787734738,0.0908265352075091
s07M3922,0.3710976513205936,0.03143336799313352,0.17849080410569118,0.07661017096090945,0.186150635455811,0.019777105125682766,0.0,0.0,0.10718763810906894,0.029252626929109495
s08M3922,0.05341159437921503,0.9204721068348707,0.003477980240590642,0.015091915593418655,0.0012455304614749508,0.0,0.006300872490430098,0.0,0.0,0.0
s09M3922,0.1590661430624959,0.0,0.021623055651780985,0.33032945187399154,0.04683853717597745,0.06889654337761211,0.287088967409169,0.05551663433779886,0.030640667111174028,0.0
s10M3922,0.12734897565220543,0.0,0.029891869658273385,0.48063121655812563,0.05336225391174945,0.1355812118877289,0.11120191023811793,0.04611330678332326,0.01586925531047602,0.0
s11M3922,0.107723738515651,0.0,0.013008873547167767,0.37505716737280703,0.03907160570099958,0.041979153160589415,0.2754622402405032,0.08407921977334562,0.06361800168893643,0.0
s12M3922,0.1392609493867649,0.0,0.0,0.3982177556559417,0.03057034875797407,0.028969226685449226,0.04425775862390029,0.12511369963624971,0.23361026125372022,0.0
s13M3922,0.15803776120052834,0.0,0.0,0.4499103822003374,0.03498895020104817,0.05555945647870006,0.053553524529546266,0.0964676584334968,0.151482266956343,0.0
s14M3922,0.07418093285884385,0.0,0.0,0.35085668751334986,0.02583277606710608,0.05423607467005952,0.0,0.04363641867915475,0.44332242367727204,0.007934686534213888
s15M3922,0.1973818894792935,0.0,0.02397117391113881,0.3648976436475504,0.050701635946151666,0.06870603291519777,0.04883412743494597,0.046136138148337696,0.19347594351711522,0.005895415000268993
s01X3922,0.26090167756737076,0.0332617297848999,0.2867166463117447,0.0902912692860137,0.24185653154924452,0.0,0.0,0.0,0.013265736584028142,0.07370640891669844
s02T3922,0.4245549411949117,0.0370611584749536,0.17121391431315677,0.07658667022262118,0.17747492072754983,0.01099040038196476,0.0,0.0,0.035317292511150934,0.06680070217369101
s03T3922,0.4517558850582907,0.04723724703761632,0.1266105942191958,0.09133619241895097,0.13538327410528025,0.019555944902682962,0.0,0.0,0.04909078116694211,0.07903008109104083
s04T3922,0.4725986577783197,0.05843734628957274,0.09854962705133156,0.10316533198430206,0.12456333920578327,0.017979152333520664,0.0,0.0,0.049822686350582776,0.07488385900658716
s05T3922,0.4731144746742867,0.048635658733624805,0.10904338720540248,0.09036794104570132,0.12185141336442706,0.0060945539803191244,0.0,0.0,0.05109943318290005,0.09979313781333847
s06T3922,0.4307053603930656,0.07588016537711287,0.08840667364025018,0.13203713520118196,0.06336297804970005,0.023079264713907203,0.0,0.0,0.0910972759085384,0.09543114671624375
s07T3922,0.4592299360203504,0.03181498298626641,0.15553510252599925,0.07731238513393086,0.14355570929813075,0.012084524883747012,0.0,0.0,0.05956870703366953,0.06089865211790588
s08T3922,0.026901735255712794,0.9488858072548927,0.00043362138081672725,0.021193207412885703,0.0007564726804430283,0.0,0.0018291560152489592,0.0,0.0,0.0
s09T3922,0.10521969696017716,0.0012277496207692546,0.00995059524687185,0.4611254487673636,0.024718790434513915,0.006871310558702545,0.3012000466706085,0.08968636174099323,0.0,0.0
s10T3922,0.09238799209701165,0.0,0.013825417157948217,0.5119878492987755,0.04295317198986303,0.04873989986739096,0.21215759309652207,0.07362926592879489,0.004318810563693734,0.0
s11T3922,0.03972874276298857,0.07346152915228395,0.005686570409984618,0.4018303427367112,0.020671569435448324,0.05556841929331727,0.2610421932712782,0.0973980127500886,0.04461262018789937,0.0
s12T3922,0.0825294053180737,0.013245829880713298,0.0,0.3889877454329248,0.01868451350109929,0.09500111399180743,0.023795217198698752,0.09319896364847342,0.2845572110282094,0.0
s13T3922,0.08717175893900889,0.006487516122234134,0.020881289270860345,0.5808809543326697,0.03792448700937731,0.0787776488388776,0.06846848441014722,0.022660914493986595,0.0873451717602138,0.0094017748226246
s14T3922,0.13235141689389515,0.016366161943699182,0.0,0.29569529238473635,0.016008515302872495,0.060934494463323136,0.0,0.04672724355351698,0.4319168754579567,0.0
s15T3922,0.2680855986312413,0.038259084675992254,0.0539330408581055,0.24343472439981584,0.07703048688718492,0.04547361714081502,0.00222250051312989,0.00341808355099885,0.24163348958387287,0.02650937375884354
s02M4022,0.3697236128588046,0.01768705327012291,0.041895568442466,0.07478270001625381,0.0540629387668304,0.1040820088860857,0.0,0.0,0.2911507073124977,0.04661541044693884
s03M4022,0.4094672318403401,0.024876953705755822,0.0435532878507091,0.08361500260911228,0.06050837093398447,0.11542096166446206,0.0,0.0,0.21940627814513872,0.043151913250497505
s04M4022,0.5098750942764864,0.03354762884526942,0.07225737026706393,0.07749197444209668,0.06506352812378902,0.05128860262081125,0.0,0.0,0.10555095524110511,0.0849248461833781
s05M4022,0.5324862686806368,0.03426748388234295,0.10588622744776928,0.05979216225776655,0.11316642869203171,0.034149866755732575,0.0,0.0,0.0536954465137901,0.06655611576993012
s06M4022,0.5763019024172268,0.03695826160857955,0.0899870162538927,0.0622159494909904,0.08125268832799945,0.02346040248687553,0.0,0.0,0.04211082534992729,0.08771295406450835
s07M4022,0.5260617793487136,0.03275738834143774,0.0973927385712747,0.057860030847894636,0.11826381587164386,0.0,0.0,0.0,0.08996860199869072,0.07769564502034476
s08M4022,0.009531525204733248,0.9802962007381529,0.0,0.0,0.0,0.00025133723600562983,0.009920936821108166,0.0,0.0,0.0
s09M4022,0.0,0.003571729669413094,0.013380510075900307,0.7007698378826805,0.012850205351123469,0.12649005653426276,0.08123682800457367,0.0,0.0557379319510335,0.0059629005310127626
s10M4022,0.07294393800579818,0.007787160587315588,0.002042098321226207,0.46298809852748624,0.01691698089482268,0.14360519604256686,0.0021373910223384755,0.0,0.26591897414211346,0.025660162456332312
s11M4022,0.0,0.0,0.0,0.46900159444193795,0.011071091267718568,0.1270679701727818,0.0,0.0,0.3748160891603198,0.018043254957241933
s12M4022,0.008831952284213377,0.014816665883754547,0.0,0.4492108785282525,0.021362165937389536,4.1259320416224436e-05,0.0,0.0,0.47947954366271317,0.026257534383260676
s13M4022,0.04631795970505646,0.014543559074323727,0.0,0.40696680029642873,0.01802549819794939,0.09548901724810983,0.0,0.0,0.3922349852393839,0.026422180238748063
s14M4022,0.04795040995419552,0.022657930546057477,0.0,0.31556037863345626,0.023176219475197345,0.0749514130548907,0.01622183455078571,0.0,0.4654649636901981,0.034016850095218897
s15M4022,0.4974879219889017,0.02194847417160412,0.05386015269116399,0.0943051543906067,0.0554526952641903,0.05592750010809621,0.0,0.0,0.13775717865865028,0.08326092272678662
s01X4022,0.471581022445071,0.019614751482728683,0.059738651514745444,0.05583702682964682,0.05691986727265996,0.036228675496048905,0.0,0.0,0.1705951492362807,0.12948485572281856
s02T4022,0.5224728604196297,0.03234780530131719,0.10960023497915371,0.06445616073474575,0.08959947835109988,0.038934102969628334,0.003998690082239487,0.0,0.06693830211177387,0.07165236505041203
s03T4022,0.44092773724875,0.037659235924119135,0.15768078174188208,0.07405944169611631,0.14865820581307654,0.019422943642822415,0.0,0.0,0.01719773095744373,0.10439392297578981
s04T4022,0.4763176779845034,0.04582517159039189,0.08100391586443857,0.10122197278078009,0.07626875149606835,0.05898336317706178,0.0,0.0,0.08337105697113768,0.07700809013561824
s05T4022,0.4919694049018911,0.03297595521683656,0.0605218829371843,0.0851429155064868,0.061332337495858785,0.06371958801125852,0.0,0.0,0.13079710789863624,0.0735408080318476
s06T4022,0.4396264783586102,0.0425754639770814,0.08528859817769828,0.10626019545590654,0.07165768756299085,0.04237585839353881,0.0,0.0,0.10471915099054172,0.1074965670836323
s07T4022,0.4989090365791278,0.03168163553537307,0.05621502112066349,0.06780943851470418,0.05525460233903396,0.046943652501464476,0.0,0.0,0.15917180956093602,0.084014803848697
s08T4022,0.005850551890867012,0.9941494481091331,0.0,0.0,0.0,0.0,0.0,0.0,0.0,0.0
s09T4022,0.03021479527898235,0.04377518878925987,0.015926699468663274,0.6424872692427002,0.016657334738898095,0.05798457179796546,0.11942462579467045,0.04402925584249126,0.013561830310915669,0.01593842873545337
s10T4022,0.0,0.012099205039215546,0.01798861577901154,0.5961835132449754,0.020545201175999662,0.11956116289515578,0.021673568968256094,0.0,0.17593129362984264,0.03601743926754335
s11T4022,0.015042552755047891,0.03399699184744933,0.01351316078238305,0.5988907377791026,0.015804014031556336,0.08248636128005789,0.030543599292922552,0.0001333745043211834,0.17249191705065497,0.03709729067650404
s12T4022,0.20958812703712904,0.1214390847961579,0.004169993451319837,0.34222180306554956,0.018483323040075834,0.04707985404048487,0.02839744913169354,0.03945248603301601,0.14665780525603694,0.04251007414853644
s13T4022,0.09205413995007822,0.04737781056844345,0.013441628698842101,0.45885626019363557,0.020555094539014506,0.07810782863725473,0.0,0.0,0.24220944361658192,0.04739779379614951
s14T4022,0.2637476052710159,0.049713162836012625,0.018266649639600164,0.29046057092728716,0.0232340521811703,0.042308075292619235,0.0,0.0,0.1852841585709002,0.1269857252813945
s15T4022,0.2834863017839153,0.045264390340731694,0.06549927838627713,0.23865172615934402,0.052359600825340746,0.06492351663036129,0.015729759544044337,0.0,0.15497897252745382,0.07910645380253159
s02M4122,0.6412520337933334,0.01654143605588829,0.10324945217336225,0.0441470868364028,0.036236428915831655,0.013353946824121698,0.0006106128804553466,0.0,0.0,0.14460900252060457
s03M4122,0.4437061617001312,0.03170484025002506,0.15935860342068286,0.13285125787542917,0.09155750403788832,0.04548431860899882,0.0,0.0,0.01652898195766573,0.07880833214917891
s04M4122,0.6433516597087098,0.0213727193055768,0.021883386390803533,0.04470653880286575,0.011966460270771027,0.04732667156238975,0.0,0.0,0.14340953495551775,0.06598302900336585
s05M4122,0.643181714369589,0.017163164250381,0.006721664633190605,0.046681696862018375,0.004517403384281781,0.057370043484646055,0.0,0.0,0.16707583678417764,0.05728847623171542
s06M4122,0.6685601314438848,0.01270250516452274,0.0021126674913271013,0.03496727621860684,0.0029350980071076167,0.044594734808745824,0.0,0.0,0.17534358905033465,0.05878399781547039
s07M4122,0.6044136283873307,0.012544463220625104,0.041548188283174574,0.06736303763576766,0.024782470739385783,0.053817205615954336,0.0,0.0,0.1179173981859804,0.0776136079317813
s08M4122,0.0,0.9985588040379536,0.0,0.0,0.0,0.0,0.001441195962046391,0.0,0.0,0.0
s09M4122,0.01933406488434208,0.02713914015530106,0.037915877724594434,0.6178582351728349,0.020934623838372902,0.09973705939822446,0.10497355756580921,0.0,0.03636742913030183,0.035740012130219226
s10M4122,0.0,0.03360359739222551,0.027475256027942402,0.8221641336552531,0.012117525612678958,0.07052351409844283,0.0,0.0,0.008014231614115505,0.02610174159934158
s11M4122,0.0,0.07657381333327694,0.028357042802209118,0.7397255464577075,0.013009190392005161,0.07126985172534442,0.051722931551388386,0.0,0.0025882783362745202,0.016753345401794042
s12M4122,0.0,0.09916795645767684,0.015305899129717403,0.6141853773119975,0.011904586544517596,0.06728560445539232,0.0,0.0,0.16758431241977417,0.024566263680924204
s13M4122,0.0,0.10326794184332234,0.018621954582071068,0.594373719751389,0.00930909185925441,0.07644599373544594,0.0,0.0,0.16596560179309844,0.032015696435418885
s14M4122,0.11638353511225091,0.1039641873866415,0.015038458333612064,0.4130394963099271,0.010946248607925212,0.06837312845130479,0.0,0.0,0.20533890647194716,0.06691603932639133
s15M4122,0.27078578260044256,0.06350703411815319,0.059223150812600676,0.2976030544777018,0.024265160766701495,0.049110932915147724,0.007341215955332646,0.0,0.13398354664365314,0.09418012171026685
s01X4122,0.4340683485075878,0.03436908050011653,0.18741375498955437,0.119172672044312,0.06529311949121339,0.04244643273654203,0.0028498801282902148,0.0,0.051330062900483475,0.06305664870190016
s02T4122,0.8146491072191546,0.004756307874168335,0.04139726869915123,0.023214799861521432,0.02034384890688078,0.036591494079358494,0.001425947526220883,0.0,0.003528204569815078,0.05409302126372916
s03T4122,0.8463025986493891,0.0023137574157266238,0.0234762916138527,0.00897853107658315,0.01757466048662697,0.03560433682955056,0.0,0.0,0.0,0.06574982392827083
s04T4122,0.8271299975627004,0.004742005381137628,0.014551922630175169,0.016790973426430583,0.009559641014918203,0.042746428962378694,0.0,0.0,0.0,0.08447903102225915
s05T4122,0.8099410765463083,0.0033611235386913386,0.02054289628563153,0.019332765053387355,0.01577352689918561,0.05974825619352244,0.0,0.0,0.0010569154473928412,0.0702434400358805
s06T4122,0.7951726348332544,0.0012718431183671502,0.052359293919367625,0.027600467876619503,0.02628719223039399,0.04868972274083678,0.00043120838978940424,0.0,0.0,0.048187636891371066
s07T4122,0.5229569332753217,0.0032497240889747298,0.25810221240599174,0.061790989014018666,0.06704847032005538,0.030351802378341394,0.052511030958730776,0.0,0.0,0.003988837558565726
s08T4122,0.0,0.8161985734976286,0.0,0.0,0.0,0.0,0.03413161949609743,0.14966980700627397,0.0,0.0
s09T4122,0.0,0.05277335414470186,0.03962723053046246,0.6831543429209741,0.005550633277591137,0.012003324485863755,0.19865924870089438,0.0,0.0,0.008231865939512447
s10T4122,0.0,0.019154537955253532,0.042888358853222106,0.6988595204822298,0.016565887749566865,0.07666175811535446,0.12900235239930052,0.0,0.0,0.016867584445072754
s11T4122,0.0,0.053399250169120005,0.02722396427374606,0.7528377185998018,0.0,0.07385968702443142,0.07609332113237201,0.0,0.0,0.01658605880052885
s12T4122,0.0,0.07956347941135636,0.021161985453086313,0.6563320264192328,0.004221473135877063,0.1099031233674724,0.0,0.0,0.11004808334476229,0.018769828868212726
s13T4122,0.0,0.02941631838400478,0.04332411973734168,0.7286753543908573,0.013328299490697425,0.1265829533431235,0.03934835164874354,0.0,0.00013684766783381044,0.019187755337397958
s14T4122,0.0,0.06907859492401947,0.02548654840529456,0.5375753728700259,0.013693491621394615,0.17079394257208005,0.0,0.0,0.15152622351679307,0.031845826090392416
s15T4122,0.3085409693062133,0.04026985025500578,0.03999186632399694,0.21739380318910595,0.021275408775000216,0.1999131336197872,0.01676721606512044,0.0,0.11533213740666946,0.04051561505910073
s02M4222,0.8446180226309054,0.0036330180741205066,0.008655557481852151,0.02506356550125604,0.0,0.03825925282766932,0.0,0.0,0.021531007944994535,0.05823957553920217
s03M4222,0.8306006315874321,0.0,0.041496577190217473,0.007014509173213147,0.024946345233890506,0.05419693755703235,0.0,0.0,0.015374540172065397,0.026370459086148712
s04M4222,0.8028821762428587,0.0,0.0,0.0,0.0,0.04665186444211394,0.0,0.0,0.15046595931502732,0.0
s05M4222,0.8264419150716568,0.001164012601282621,0.0,0.004134678011979248,0.0,0.026967565056736857,0.0,0.0,0.09772268289298518,0.0435691463653593
s06M4222,0.6212441136084401,0.001158086062764058,0.0,0.02474055320194774,0.0,0.07484343287916814,0.0,0.0,0.2509727690029724,0.027041045244707504
s07M4222,0.6436889139807964,0.0,0.11342187844600028,0.07324036383550096,0.033076093759558244,0.10862856437590886,0.026760262625859104,0.0,0.0,0.0011839229763760746
s08M4222,0.0,1.0,0.0,0.0,0.0,0.0,0.0,0.0,0.0,0.0
s09M4222,0.0,0.11057096040070917,0.0,0.451322820479523,0.004870206940432134,0.2578962922406941,0.053364966422261045,0.10776209768333646,0.014212655833043987,0.0
s10M4222,0.0,0.0,0.0026181200263959343,0.41596946817462593,0.007741739823534802,0.5415346581708688,0.015235511960123656,0.016900501844450782,0.0,0.0
s11M4222,0.0,0.001556376072781564,0.016202354396750784,0.6368306033682134,0.007019449785967604,0.2822462508171549,0.056144965559131677,0.0,0.0,0.0
s12M4222,0.0,0.0022590119583463714,0.0006587970034368027,0.4912141810111139,0.0,0.42721178434255763,0.0,0.0,0.07865622568454524,0.0
s13M4222,0.0,0.0,0.0,0.29442462963976507,0.0,0.6209776534846096,0.0,0.02036301622930195,0.06423470064632325,0.0
s14M4222,0.12098702447998938,0.0,0.0,0.3001825507757495,0.001020115132317903,0.4275851941953771,0.0,0.0,0.15022511541656616,0.0
s15M4222,0.2493937386087583,0.0,0.07576304706616403,0.30752948346457315,0.03706004622238438,0.25862878987034965,0.026654417589871828,0.0,0.008643907341552452,0.036326569836346335
s01X4222,0.7963152592980273,0.0,0.03550791945735066,0.010132485461719671,0.008036639649623365,0.14217292287627661,0.0,0.0005797577002674976,0.0,0.007255015556734805
s02T4222,0.9218664376245472,0.0,0.0,0.0,0.0,0.030398710830525172,0.0,0.0,0.0,0.04773485154492758
s03T4222,0.9328032027676321,0.0,0.0,0.0,0.0,0.04244708170308565,0.0,0.0,0.0,0.02474971552928224
s04T4222,0.8718851141150769,0.0,0.0,0.0051645941619906845,0.0,0.04889055691473914,0.0,0.0,0.04692889079506835,0.027130844013124943
s05T4222,0.9339899633921396,0.0,0.0,0.0,0.0,0.029642036643283243,0.0,0.0,0.022978647471431846,0.013389352493145257
s06T4222,0.8209407422447317,0.0033895681046957294,0.0,0.0,0.0,0.07580114904750437,0.0,0.0,0.08464143142303003,0.015227109180038152
s07T4222,0.6078401916824455,0.012171860305350762,0.19693903932473572,0.06531469259088757,0.06048461263689614,0.023821819507931895,0.013214407486261532,0.0,0.009986096119380339,0.010227280346110588
s08T4222,0.0,1.0,0.0,0.0,0.0,0.0,0.0,0.0,0.0,0.0
s09T4222,0.0,0.21253109918360583,0.0,0.4017439410163216,0.0014000346349607483,0.11354762019530003,0.03640989550302636,0.23436740946678553,0.0,0.0
s10T4222,0.0003346993250887384,0.0,0.0,0.514058982599699,0.005371805110668109,0.32425754015863584,0.019481125230975335,0.08120903923064508,0.05528680834428783,0.0
s11T4222,0.0,0.0028794271377527614,0.007977040822079624,0.5358614632432988,0.0017932752032171686,0.31501990936276997,0.13646888423088166,0.0,0.0,0.0
s12T4222,0.0,0.00845383555729232,0.003834138696997836,0.6274520036397648,0.00165739302544627,0.2706648372561023,0.08119397794492515,0.006743813879471398,0.0,0.0
s13T4222,0.0,0.0037908379025636584,0.0,0.5279777729527076,0.0012195752450033658,0.42619580792604544,0.0,0.0,0.040816005973679924,0.0
s14T4222,0.12963050885652955,0.004297667012135224,0.0,0.5058475580851016,0.0,0.3291787522496761,0.0,0.007425355026038238,0.02362015877051933,0.0
s15T4222,0.16769909677307038,0.0,0.0,0.3159537047818104,0.0015475103555934089,0.42178960775809005,0.0,0.0,0.06852491836975694,0.024485161961678825
s02M4322,0.9113282137371806,0.0,0.0,0.0,0.0,0.07268692671233079,0.0,0.0,0.0,0.015984859550488614
s03M4322,0.9048227851681531,0.0,0.0,0.0,0.0,0.07312048284565459,0.0,0.0,0.0,0.022056731986192384
s04M4322,0.8488350734651375,0.00024608210883082733,0.0,0.007447591363147719,0.0,0.0924617222296105,0.0,0.0,0.006391812435691453,0.04461771839758211
s05M4322,0.8060584968911269,0.0,0.0,0.011220548012857627,0.0,0.09773615149338316,0.0,0.0,0.0,0.08498480360263233
s06M4322,0.7595553036912116,0.0,0.0,0.020558346425215434,0.0,0.13652063155602764,0.0,0.0,0.03355784065661412,0.049807877670931255
s07M4322,0.5663645373307113,0.0,0.0736015002065641,0.08894906328493862,0.010341389806669715,0.1788797087980808,0.08186380057303556,0.0,0.0,0.0
s08M4322,0.0,1.0,0.0,0.0,0.0,0.0,0.0,0.0,0.0,0.0
s09M4322,0.0,0.017584727949079344,0.011309753008744445,0.5863483785046796,0.0,0.1263067072321724,0.22965321991746512,0.0,0.011030758912935569,0.017766454474923473
s10M4322,0.0,0.012665539699894552,0.005423294206497943,0.46142398410985735,0.0016052321769099685,0.3200007928848075,0.0829503047300794,0.0,0.07155403329532735,0.044376818896625946
s11M4322,0.0,0.00902286639761207,0.0,0.4740513734471415,0.0,0.2421597573918927,0.04445038064309455,0.0,0.20199313466717003,0.02832248745308906
s12M4322,0.1706735572434123,0.013218126271820289,0.0,0.3785696357884999,0.0,0.18669516257845545,0.0,0.0,0.226016466714756,0.024827051403056112
s13M4322,0.04216023974966425,0.0012891096040385823,0.0,0.520288951063906,0.0,0.2927782067263724,0.0,0.0,0.10679963411140009,0.03668385874461854
s14M4322,0.08664748161980536,0.007657817106018892,0.0,0.4257307499346869,0.00048462941944666483,0.0577414341197263,0.0,0.0,0.3633189082689639,0.05841897953135196
s15M4322,0.35015278379156056,0.0008286441899612372,0.0,0.2446628126173686,0.0,0.19510417549174844,0.0,0.0,0.13764859971816232,0.07160298419119876
s01X4322,0.7597363365610379,0.0,0.07562806835487969,0.0,0.0,0.020422109515780523,0.12851573601977456,0.0,0.0,0.01569774954852748
s02T4322,0.34304555018259825,0.0022365003112120117,0.522511525308184,0.012753016669659457,0.028020873431483267,0.01848701127291879,0.011201162036900063,0.0,0.0016951364821005002,0.0600492243049436
s03T4322,0.4225083066681659,0.008460589374925767,0.45418189721121205,0.008573962588204793,0.023567514970693648,0.02041062829364147,0.0,0.0,0.007052502096299388,0.05524459879685678
s04T4322,0.0,0.009951488987707986,0.9124065966477498,0.015734587144393138,0.036283819198125004,0.0,0.0,0.0,0.012009248048209121,0.013614259973814932
s05T4322,0.0,0.0,0.8589218557557153,0.049449690325959875,0.05542299438560052,0.006927611402244263,0.0,0.0,0.004623571668967678,0.024654276461512182
s06T4322,0.0,0.000838634654009544,0.9034036562208033,0.02710547445518963,0.0315730127424639,0.005111075658978523,0.0,0.0,0.015994909828469208,0.015973236440085952
s07T4322,0.0,0.0,0.9650494673881084,0.0,0.03303063150619811,0.00040865147897974335,0.0,0.0,0.0015112496267137817,0.0
s08T4322,0.0,0.9885264168036982,0.0,0.0,0.0,0.0,0.0,0.011473583196301722,0.0,0.0
s09T4322,0.12170949770802905,0.015237478730330666,0.0,0.369705789617563,0.004937445710751399,0.25134382188652143,0.09589172554861486,0.12377068117366867,0.0174035596245208,0.0
s10T4322,0.0,0.0,0.0,0.4893141208689989,0.0,0.46588538986575356,0.03937029347580567,0.0054301957894419255,0.0,0.0
s11T4322,0.03807051233784019,0.044060925626107174,0.0,0.3350657461234981,0.005683825891872217,0.3008672772611729,0.08833490456985678,0.18037062053899816,0.0075461876506544455,0.0
s12T4322,0.06606851181188436,0.0,0.0,0.2477859566646862,0.0015054179230352652,0.331843427580264,0.0,0.05768708327097543,0.2951096027491547,0.0
s13T4322,0.0,0.0,0.0,0.39294110274188104,0.0026023303478282535,0.4655782458060977,0.0031080966039701598,0.030322386096835553,0.09918666411089216,0.006261174292494918
s14T4322,0.3076100431450553,0.0,0.0,0.253153234249733,0.0001692909960494246,0.22899950550853024,0.0,0.0,0.17983123922258018,0.030236686878051946
s15T4322,0.0,0.0,0.9400931959594602,0.014578926395202583,0.028393987986191662,0.015765910823891633,0.0,0.0,0.0011679788352539375,0.0
s02M4422,0.06442005613788332,0.016660280118636663,0.7152534584209279,0.04695097665401966,0.02963989410997216,0.016406256074035213,0.0,0.0,0.0519971271131061,0.05867195137141891
s03M4422,0.01958111649618885,0.0016690970550988016,0.8641274793272303,0.02881559781204843,0.03007109705576176,0.015267275360080532,0.0,0.0,0.019034008922072684,0.021434327971518573
s04M4422,0.1020197877213532,0.034870784783455774,0.6587823134023358,0.0547287859369301,0.032223438666122414,0.019110231253944145,0.0,0.0,0.02106732252154713,0.07719733571431138
s05M4422,0.10226336521500234,0.024162898183180046,0.6329843186750723,0.06988997543015797,0.02748352146369495,0.027613652153233272,0.0,0.0,0.040549341006791514,0.07505292787286741
s07M4422,0.0,0.0,0.9388083011385421,0.007680149983982039,0.03598915045737385,0.006831168899064675,0.0,0.0,0.010691229521037302,0.0
s08M4422,0.0,1.0,0.0,0.0,0.0,0.0,0.0,0.0,0.0,0.0
s09M4422,0.0,0.025745445403967126,0.0,0.5198129507651927,0.0,0.25850527270865387,0.06935236570148642,0.1265839654206999,0.0,0.0
s10M4422,0.0,0.0,0.06627855497208933,0.3870034065640818,0.005771499150363195,0.35862934678994085,0.012036347815782823,0.04962473877965461,0.12065610592808737,0.0
s11M4422,0.0,0.0,0.0,0.30543994483363823,0.003764815223383421,0.4914318937694511,0.0022727728144992495,0.09393702182347134,0.10315355153555655,0.0
s12M4422,0.0,0.0,0.019321335224463672,0.3092479632870092,0.0020618440732634914,0.4259287787791355,0.0,0.04585966376480411,0.19310062503613554,0.0044797898351884025
s13M4422,0.0,0.0,0.08526418168349713,0.3671794909656787,0.0006869867562979088,0.4612740499039316,0.0,0.0,0.0830625689636657,0.002532721726928902
s14M4422,0.05399647744569274,0.0,0.30023331688906324,0.28596525511740317,0.009290641775294161,0.20302654763064115,0.0,0.0,0.08427488277145208,0.06321287837045357
s15M4422,0.0,0.0,0.8933151677398401,0.04947360796463402,0.025426741550109138,0.021061246382078222,0.0,0.0,0.010723236363338527,0.0
s01X4422,0.9352036503537504,0.0,0.0,0.0,0.0,0.045114119310458375,0.0,0.0,0.0,0.019682230335791154
s02T4422,0.6085298810769784,0.0016003873180116261,0.2536014371578513,0.018787812740856016,0.0,0.042489644221302275,0.0,0.0,0.009784888288997783,0.06520594919600278
s03T4422,0.6148385481323152,0.004498184935763895,0.26578495236161764,0.01622864720390608,0.0005694940283109662,0.05349957505636908,0.0,0.0,0.0018614158828289546,0.04271918239888807
s04T4422,0.5361594877444773,0.009513421875416775,0.24444430934335631,0.044655811963821665,0.005597439523420062,0.049352063923473556,0.0,0.0,0.021186697052213575,0.08909076857382088
s05T4422,0.6237805635370004,0.013767287660104127,0.1003965108636591,0.030053041923774063,0.0,0.04944403140815962,0.0,0.0,0.030397160216414764,0.1521614043908879
s06T4422,0.607935410250225,0.01686637985231968,0.053236306776633865,0.03485566439219974,0.0,0.08687571451197683,0.0,0.0,0.11408169697027476,0.08614882724637009
s07T4422,0.2777726915968953,0.012064721810983127,0.5419690678366605,0.04155206280693622,0.014139349399399861,0.04614020876051234,0.01249831856110284,0.0,0.013097814422302295,0.040765764805207556
s08T4422,0.005733406429301626,0.9927912743799573,0.0,0.0,0.000435701109916172,0.0,0.0,0.0,0.0010396180808248414,0.0
s09T4422,0.0,0.11445239115782299,0.0,0.3513806674507596,0.0,0.0733803546165433,0.2867599525667956,0.17402663420807857,0.0,0.0
s10T4422,0.10336697835778423,0.0,0.013482964380659546,0.4218591441122306,0.0023201450074834813,0.22603521974514906,0.1413260509867264,0.034579539579081255,0.042781544336807274,0.014248413494078387
s11T4422,0.08759710324308467,0.0,0.0016607315551494604,0.39142166646115767,0.0045029134868942436,0.21523752203867297,0.18666897579375158,0.08873551196700921,0.024175575454280108,0.0
s12T4422,0.1382176543826251,0.008844400807474605,0.01108718029100397,0.4530489926303031,0.00047516564979599885,0.2173984327010298,0.026957987796999656,0.014057929246101745,0.1139823257283433,0.015929930766322785
s13T4422,0.15263958742914568,0.0022932227680711745,0.009750731298823445,0.4126870524863713,0.0,0.21732936614748072,0.056716429960294454,0.0,0.125512375925011,0.023071233984802365
s14T4422,0.1966579938970712,0.0007491417232243224,0.028863745764384347,0.4053288520013717,0.0,0.24253662788511707,0.0,0.0,0.09315999546290417,0.03270364326592727
s15T4422,0.3348703326343058,0.0,0.43758258381575976,0.05288192014201686,0.009405777417740423,0.07899346761116459,0.0,0.0,0.04739642926319774,0.03886948911581487
s02M4522,0.7566444092512175,0.0,0.11273563180933631,0.0,0.0,0.0326477137387868,0.0,0.0,0.0,0.09797224520065934
s03M4522,0.8293088476305944,0.0,0.023525225467437894,0.0,0.0,0.0471405483281405,0.0,0.0,0.010483960107443494,0.0895414184663838
s04M4522,0.5102665718571349,0.02185701064502691,0.26914606316782197,0.057638771883255606,0.001448641026233709,0.03633586389754236,0.0,0.0,0.0007624782176533773,0.10254459930533129
s05M4522,0.3678314482356711,0.01310545817232963,0.42046627916060664,0.046507906863232897,0.004262274210116325,0.026580906668047417,0.00039312988441442314,0.0,0.006297490485125033,0.1145551063204565
s06M4522,0.3300217613346694,0.014497592780164208,0.4639616894843555,0.05891450585612266,0.009622442336592152,0.016934252516322534,0.008861162597147445,0.0,0.0,0.0971865930946262
s07M4522,0.4498192107344206,0.0,0.4332789028806128,0.019180972304411244,0.0,0.06178076984029786,0.0,0.0,0.01408388580072103,0.021856258439536407
s08M4522,0.007182889175373034,0.9915991986355338,0.0,0.0,0.0002490962746457046,0.0,0.0,0.0,0.0009688159144474718,0.0
s09M4522,0.2831876665249536,0.0,0.02205601477733063,0.2993793908558032,0.0013664036476935828,0.2763850318717764,0.021163226059029493,0.011056720266842632,0.051035785271316525,0.03436976072525415
s10M4522,0.19944925523327764,0.019615142404191526,0.026386982847003002,0.328181989184797,0.0,0.22452698090099107,0.0,0.0,0.1379848472414083,0.06385480218833155
s11M4522,0.17693819853421064,0.05509471735233057,0.0011544641276125104,0.276413696993495,5.783986219095021e-05,0.28360226405138245,0.014515630134343404,0.04658902636357536,0.11937987325402934,0.02625428932682978
s12M4522,0.28831386182518515,0.16072675315762538,0.0,0.16134969020067327,0.0004651165688148821,0.143323826320176,0.0051190954952708674,0.01943322433975438,0.16365742173840525,0.05761101035409458
s13M4522,0.3497788884565375,0.048316979309428125,0.0,0.23456457824965626,0.0,0.13676164785322253,0.0,0.0,0.16149891946564784,0.0690789866655078
s14M4522,0.46034429345049527,0.012124564860469991,0.0,0.14276817579021356,0.0,0.08296888421130014,0.0,0.0,0.13424613185027484,0.1675479498372462
s15M4522,0.0890300738832437,0.0,0.7717728304596878,0.04968413473712544,0.005112278446696623,0.027697938143477582,0.0,0.0,0.0035257045651402217,0.05317703976462881
s01X4522,0.09123628862510598,0.0,0.8643308367855359,0.00742681352900934,0.007044192331455599,0.011897704739033265,0.0,0.0,0.0024639035198237443,0.015600260470036082
s02T4522,0.4271184832249938,0.010958333316709982,0.42964411069717523,0.01791925749175359,0.005307577800421783,0.024768304793133876,0.006731184050387449,0.0,0.0058644649391134136,0.07168828368631112
s03T4522,0.5435781021843877,0.03232717434257277,0.18448589423952869,0.05997569770840655,0.006209094582914778,0.045334040159359,0.0,0.0,0.013449362231132553,0.11464063455169794
s04T4522,0.45849001210460605,0.015554457846248815,0.3571283749099212,0.03667718400086706,0.009174292530698182,0.028003594689097494,0.0,0.0,0.009216417880236904,0.08575566603832423
s05T4522,0.48271407944242717,0.02450652593790616,0.2829157159519882,0.05998693091120738,0.005437569439626873,0.03577888697336219,0.0,0.0,0.0026397275421910617,0.10602056380129113
s06T4522,0.43304747908571156,0.041119682057454074,0.20288390226909234,0.10404655079733138,0.003253970651375478,0.04326408748794866,0.0,0.0,7.032505963218579e-05,0.17231400259145416
s07T4522,0.1288096208785763,0.0,0.7931730496389151,0.010905274919538622,0.004856244995398931,0.022731330322018496,0.0,0.0,0.018906800245838185,0.020617678999714274
s08T4522,0.009697339318752763,0.9889781199746607,0.0,0.0,0.0005916764861251193,0.0,0.0,0.0,0.0007328642204614864,0.0
s09T4522,0.0,0.029507715692888584,0.0,0.5234782442502562,0.0,0.2862400557411379,0.0,0.16077398431571727,0.0,0.0
s10T4522,0.17994858058376215,0.017595714611374883,0.032085857867184785,0.3142534063727794,0.0,0.1846397634158433,0.0,0.0,0.21788935007069168,0.05358732707836376
s11T4522,0.04710702611264905,0.033782809609987204,0.008989366631955835,0.3774867877510334,0.0,0.3239551986983326,0.0,0.0,0.1808377620495942,0.02784104914644768
s12T4522,0.20728832191391092,0.038266475677638294,0.0,0.2061769807872965,0.0,0.2514490029528649,0.0,0.0,0.26156366014273086,0.03525555852555858
s13T4522,0.35047227424840605,0.012307756666005601,0.0,0.21141451481334123,0.0,0.1264105527459477,0.0,0.0,0.20976791748216572,0.08962698404413369
s14T4522,0.2594935396889692,0.007127200343614948,0.023522757655743933,0.26032027756668075,0.0,0.14982700130808643,0.0,0.0,0.24536555584409014,0.05434366759281476
s15T4522,0.15518986771243753,0.01018207861557572,0.3963017330963045,0.13851801911642322,0.0,0.08107282282502058,0.0,0.0,0.15618523027136247,0.06255024836287602
s02M4622,0.841068841654349,0.0,0.01812347465359772,0.0,0.0,0.04472851355925933,0.0,0.0,0.0,0.09607917013279382
s03M4622,0.8264935615606368,0.0,0.028585271801873598,0.0,0.0,0.03520205549709653,0.0,0.0,0.0,0.10971911114039305
s04M4622,0.8082719297145602,0.0,0.048460670900638714,0.0,0.0,0.03886618282801129,0.003582237016147837,0.0,0.0,0.10081897954064188
s05M4622,0.8163877090916766,0.0,0.05638863760435085,0.0,0.0,0.037659586473451793,0.007239692010323234,0.0049522055398039146,0.0,0.07737216928039369
s06M4622,0.7463293153065829,0.0,0.09999173856644603,0.009160461622843025,0.0041300795561125545,0.03479841425659348,0.020527999569764165,0.0055219254797448,0.0,0.07954006564191313
s07M4622,0.7831315039634,0.0,0.12783122343196907,0.0,0.0,0.03005754311746786,0.01160291566880892,0.0,0.0,0.04737681381835407
s08M4622,0.003288641844238857,0.9942258204312041,0.0,0.0,0.0013794309298394403,0.0,0.00035754423949961453,0.0,0.0007485625552180423,0.0
s09M4622,0.0,0.061686456591171945,0.04453593164910446,0.7781706268774159,0.0,0.11560698488230768,0.0,0.0,0.0,0.0
s10M4622,0.014924313770589526,0.03537302850662139,0.014865012910630294,0.37343181442604834,0.0015504718055486756,0.37383300847269363,0.0,0.0,0.1651481779398327,0.02087417216803548
s11M4622,0.0,0.03550502265555275,0.022996969138139166,0.4100873854064862,0.0,0.26653229107916443,0.0,0.0,0.22662146360963206,0.038256868111025424
s13M4622,0.07039202614379969,0.023949850409193854,0.0017705760545170264,0.37508565957362944,0.0,0.24123922601384898,0.0,0.0,0.25329621586617584,0.034266445938835106
s14M4622,0.12215019846584878,0.040526276606481726,0.0018477985375985957,0.3072412400697999,0.0,0.14282667922273043,0.0,0.0,0.3206357101828021,0.06477209691473848
s15M4622,0.3272200363359244,0.009171771218789244,0.04204274671109743,0.17706223900692322,0.0,0.10852053096000114,0.0,0.0,0.25414859919069555,0.08183407657656899
s01X4622,0.8309603489765716,0.0,0.019999969461220707,0.0,0.0,0.09437781712457834,0.0,0.0,0.0,0.054661864437629465
s02T4622,0.7736187855979467,0.0,0.07733504080506885,0.0,0.013162444595407696,0.0018293942439131846,0.05215163108535364,0.03137405847646649,0.0,0.05052864519584341
s03T4622,0.7323695526405649,0.0,0.09747810767277186,0.0031507279056675365,0.023431950837671023,0.0,0.06508769505239156,0.03230071077108672,0.0,0.046181255119846505
s04T4622,0.7411270515189887,0.0,0.06755194213969483,0.0,0.017257161022947408,0.02408382974146321,0.06585778159729043,0.02684183374241781,0.0,0.05728040023719762
s05T4622,0.7359644015658775,0.0,0.051646666304703256,0.0,0.01268863577221392,0.05979263552685002,0.03604865362549776,0.025839083509547056,0.0,0.07801992369531047
s06T4622,0.7834422566831422,0.0,0.0520815752046901,0.0,0.010644091007370536,0.04531533486126387,0.03395768670395329,0.015576654596869934,0.0,0.058982400942710074
s07T4622,0.7989432479429266,0.0,0.05660145469952748,0.0,0.0,0.008016487905633932,0.02515597113390475,0.03461872916088177,0.0,0.07666410915712545
s08T4622,0.005577276005011415,0.9876308061045412,0.0,0.0,0.0,0.0,0.006339667463929429,0.0,0.0004522504265180509,0.0
s09T4622,0.21915038489025845,0.2469979729696045,0.024678390354588128,0.1456677678768299,0.0,0.257399987075546,0.016988575318233806,0.042898274195572066,0.0,0.04621864731936714
s10T4622,0.29886763790494847,0.016627260397900356,0.024519379472825852,0.21856252441398616,0.0,0.3944783609082002,0.0,0.0,0.006709169327894462,0.040235667574244446
s11T4622,0.3354185440082492,0.0137129996885372,0.011871289201869169,0.18695444898464755,0.0,0.2743721726311236,0.0,0.0,0.12166132246902654,0.05600922301654678
s12T4622,0.34116854078375075,0.013695937828644577,0.00796666626081844,0.2260153157224274,0.0,0.2930532409075477,0.0,0.0,0.07560587832121157,0.042494420175599415
s13T4622,0.2874766629755269,0.013323929416990867,0.01328936678445189,0.23484034648409635,0.0,0.30932960468901927,0.0,0.0,0.08831791983450168,0.053422169815413166
s14T4622,0.17258729741726092,0.014344150121319352,0.0017239747315686352,0.31824844755594084,0.0,0.2437556155149011,0.0,0.0,0.20019090491967187,0.04914960973933729
s15T4622,0.5858865953531542,0.012098093302717819,0.004326073205669015,0.049083011298110164,0.0,0.20315361359964207,0.0,0.0,0.07582620073936745,0.06962641250133927
s02M4722,0.47148711802004584,0.02124235939826172,0.15577322931306914,0.041771110273975634,0.0003267175970860893,0.05480621462495327,0.008436679805710086,0.0,0.035959946862877915,0.2101966241040202
s03M4722,0.4719192699631542,0.011884042797674084,0.18891578145794424,0.05082678139789393,0.0,0.055882014164601874,0.002500544552922714,0.0,0.032215072689251716,0.1858564929765573
s04M4722,0.14641660350985716,0.05087780271678123,0.4480625942014822,0.06719950055836584,0.0,0.017236033897547395,0.0005349390113619357,0.0,0.030824438571332123,0.23884808753327205
s05M4722,0.011039921255407373,0.02150269804649996,0.7033132087364543,0.05507031620827458,0.0,0.007691949792126942,0.0,0.0,0.0012295624139502409,0.2001523435472867
s06M4722,0.22479797608153398,0.04889580984719812,0.4186566088624995,0.06071757914512885,0.0059017396831956845,0.016290113688573932,0.02173414690051924,0.0,0.004395751690759283,0.19861027410059143
s07M4722,0.45058990300475804,0.01393153890014922,0.1709058046825738,0.04125255746011959,0.0,0.027482302479378957,0.003930608802423799,0.0,0.03165879040546027,0.2602484942651363
s08M4722,0.0,0.8375985873572904,0.0,0.0,0.0,0.0,0.0,0.1624014126427095,0.0,0.0
s09M4722,0.05309114143503082,0.4234158949465474,0.0,0.0,0.001938074337022183,0.2780116100967454,0.02258855932258439,0.2166523977224967,0.004302322139573082,0.0
s10M4722,0.18681901383508254,0.03335572281400996,0.06911291988092487,0.1372330157622681,0.0,0.552373644257498,0.0,0.02110568345021647,0.0,0.0
s11M4722,0.0,0.3630961754634016,0.002671007780705393,0.12079722751892831,0.0009492136280511962,0.18187824823365784,0.015320584716059103,0.3152875426591965,0.0,0.0
s12M4722,0.19979835207353588,0.28793775396943516,0.0,0.0,0.0,0.4101755794672856,0.0,0.03415530514031162,0.039848875624168105,0.028084133725263777
s13M4722,0.3301164352316997,0.14378070674893265,0.0069109854025407,0.007029706325415373,0.0,0.3144866675645142,0.0,0.023032551141915252,0.11211491277330739,0.06252803481167478
s14M4722,0.5311681802602858,0.05444253031369381,0.0137829465689987,0.00457077529986111,0.0,0.20163718223775684,0.0,0.0,0.11734493603899598,0.07705344928040775
s15M4722,0.5694177736143109,0.008798501123801187,0.1224749289104658,0.02055038880573943,0.0,0.0722363167454161,0.007054684710207805,0.0,0.03905277580511835,0.1604146302849404
s01X4722,0.7898423083418384,0.0,0.05288158174816363,0.0,0.0,0.05772776250683851,0.0,0.0,0.0,0.09954834740315936
s02T4722,0.8508372443300136,0.0,0.0,0.0,0.0,0.03553449765769614,0.0,0.0,0.0,0.11362825801229019
s03T4722,0.8443910935110457,0.0,0.0016249944069411336,0.0,0.0,0.04244228356370496,0.0,0.0,0.0,0.11154162851830829
s04T4722,0.7658555826141421,0.0,0.08245049566178451,0.0,0.0,0.04272227576166853,0.0,0.0,0.003605956440977703,0.1053656895214273
s05T4722,0.8158576850954354,0.0,0.00997319184842746,0.0,0.0,0.03528874305561108,0.0,0.0,0.0,0.13888038000052608
s06T4722,0.8324015087246482,0.0,0.0,0.0,0.0,0.0542966602354865,0.0,0.0,0.01831101059630177,0.09499082044356352
s07T4722,0.8014522308901583,0.0,0.03239633206939249,0.0,0.0,0.07451685950196711,0.0,0.0,0.005744693189494609,0.08588988434898763
s08T4722,0.0,0.7498101592819436,0.0,0.0,0.0,0.0,0.0,0.2501898407180564,0.0,0.0
s09T4722,0.0832425128732691,0.3376311396464921,0.0,0.046115980238102504,0.003277788190761233,0.07406212437575423,0.04088326105280016,0.4147871936228207,0.0,0.0
s10T4722,0.2020300011890617,0.07866523557779051,0.005757720751608869,0.017234706983054206,0.0,0.634617487173197,0.0,0.04999567748739957,0.0,0.01169917083788823
s11T4722,0.35183272494889056,0.11653891534829323,0.0,0.0,0.0,0.3629878877111431,0.0,0.010860668415761107,0.12033973297261283,0.037440070603299035
s12T4722,0.3213148624099914,0.08810012348506202,0.0,0.0,0.0,0.3301684285202235,0.0,0.0,0.20490884226553718,0.055507743319185836
s13T4722,0.3879544466743882,0.10850135715064495,0.0,0.0,0.0,0.24320326699018538,0.0,0.0,0.19310834632684423,0.06723258285793726
s14T4722,0.6589348896344205,0.004029039903345864,0.0,0.0,0.0,0.18437305208426868,0.0,0.0,0.09388384076302403,0.0587791776149408
s15T4722,0.3709627187774747,0.04042820273940065,0.0,0.0,0.0,0.26466487556492435,0.0,0.0,0.2623559261850254,0.06158827673317484
s02M4822,0.7692239646778988,0.0,0.01119161154893794,0.0,0.0,0.020839992695378468,0.0,0.0,0.0,0.19874443107778467
s03M4822,0.7601538067544042,0.0,0.02951983135514041,0.0,0.0,0.02473650699853771,0.0,0.0,0.0,0.18558985489191754
s04M4822,0.8004196883456655,0.0,0.0046434835577061585,0.0,0.0,0.04394534218213765,0.0,0.0,0.0,0.15099148591449083
s05M4822,0.7530876631636645,0.0,0.025069619059984418,0.0,0.0,0.035294954984058075,0.0,0.0,0.0,0.18654776279229301
s06M4822,0.6997372065390617,0.0,0.10188512914076944,0.006374562215682721,0.0,0.04861011327613264,0.022950302584629004,0.008595072863754645,0.0,0.11184761337996986
s07M4822,0.7275037320036524,0.0031458191058120998,0.0005177091654678392,0.0,0.0,0.1164116596853787,0.0,0.0,0.002715258694558733,0.14970582134513033
s08M4822,0.0,0.47176246895329743,0.0,0.0,0.0,0.0,0.0,0.5282375310467026,0.0,0.0
s09M4822,0.1349252417801445,0.13402960402134367,0.003440949164267501,0.007754786528670779,0.0012195743023515758,0.4748475880428873,0.0,0.17921698162985134,0.04004028520749361,0.024524989322989788
s10M4822,0.0,0.0342755611558246,0.0,0.0,0.0,0.930892918860145,0.0,0.03483151998403033,0.0,0.0
s11M4822,0.0,0.021856852251098787,0.0,0.0,0.0,0.9396177117114362,0.0,0.01495609353294467,0.023569342504520446,0.0
s12M4822,0.039090931439455696,0.0454020123541317,0.0,0.0,0.0,0.8260495248239177,0.0,0.011367905637794601,0.071749440559124,0.0063401851855763615
s13M4822,0.16752001270088016,0.04166508797003368,0.0,0.0,0.0,0.41867854510695857,0.0,0.0,0.33415409996951106,0.0379822542526166
s14M4822,0.27698566547494535,0.046163708155754025,0.0,0.0,0.0,0.31857824349116054,0.0,0.0,0.2878072840093346,0.0704650988688056
s15M4822,0.5291694939386691,0.009718456468962937,0.1729863070008837,0.0012935352904660546,0.0,0.17933500051316786,0.0,0.0,0.020490431708998093,0.08700677507885245
s01X4822,0.8439659351509704,0.0,0.0,0.0,0.0,0.038466992131585,0.0,0.0,0.0,0.11756707271744446
s02T4822,0.8214941729834445,0.0,0.0,0.0,0.0,0.02763876563507453,0.0,0.0,0.0,0.15086706138148087
s03T4822,0.8407344784944665,0.0,0.0,0.0,0.0,0.04472644169599816,0.0,0.0,0.0,0.11453907980953543
s04T4822,0.7811146580643311,0.0,0.009134482450318176,0.0,0.0,0.06351449265985361,0.0,0.0,0.0,0.1462363668254971
s05T4822,0.7612192341083333,0.0,0.060505108566904255,0.0,0.0,0.08248063850928493,0.0005946796215317794,0.004441499362918074,0.0,0.09075883983102767
s06T4822,0.2500981295799312,0.0,0.15123769762283842,0.0727693189381136,0.000303127361386675,0.4181553749703128,0.0,0.0049346893872735925,0.0,0.10250166214014382
s07T4822,0.6346875503370323,0.0032952929100645355,0.038042813054330084,0.0,0.0,0.15578614640450597,0.0,0.0,0.06017939892325069,0.10800879837081633
s08T4822,0.0,0.6847885963095897,0.0,0.0,0.0,0.0,0.0,0.3152114036904104,0.0,0.0
s09T4822,0.020619154999610353,0.3451228523272519,0.0,0.02542491868500145,0.0018279806901237035,0.03737754514785197,0.0,0.5696275481501606,0.0,0.0
s10T4822,0.0,0.061368874721737375,0.0,0.0,0.0,0.8100724742671227,0.0,0.12855865101113995,0.0,0.0
s11T4822,0.0,0.04677639057558402,0.0,0.0,0.0,0.8840405538231908,0.0,0.06918305560122515,0.0,0.0
s12T4822,0.0,0.03197796944505904,0.0,0.0,0.0,0.9208173198061939,0.0,0.047204710748747096,0.0,0.0
s13T4822,0.0,0.03901776533458457,0.0,0.0,0.0,0.8645224880263337,0.0,0.03562603553974371,0.060833711099338016,0.0
s14T4822,0.0,0.016796922641698138,0.0,0.0,0.0,0.8136056035393497,0.0,0.008947250615382579,0.15541732909690495,0.005232894106664617
s15T4822,0.5236759202842447,0.010997620996732191,0.0,0.0,0.0,0.2697045015069371,0.0,0.0,0.12552128977280383,0.07010066743928224
s02M4922,0.7494241764741644,0.0,0.05672747624896614,0.0,0.0,0.08361214098572783,0.0015684749206218557,0.0,0.0,0.10866773137051972
s03M4922,0.7712542698186803,0.0,0.04232137073066619,0.0,0.0,0.0751903671639005,0.006548391156216855,0.0,0.0,0.10468560113053611
s04M4922,0.5733444335470395,0.0,0.19058760068438116,0.014989694400019085,0.012176884876926591,0.04606525699378314,0.06103048537768404,0.01707829888774238,0.0,0.08472734523242417
s05M4922,0.6758447673139518,0.0001452557782184828,0.0767241355370879,0.009308723609730361,0.0,0.08704085764456858,0.02062422353204361,0.004134424787175747,0.0,0.12617761179722356
s06M4922,0.6900534266956075,0.0,0.04773194359072581,0.0,0.0,0.1016924966668296,0.01677438376818626,0.009781027184180672,0.0,0.13396672209447005
s07M4922,0.8014984564460991,0.0,0.008893165528476712,0.0,0.0,0.07568877038251437,0.0,0.0,0.0,0.11391960764290994
s08M4922,0.0,0.8600024759946259,0.0,0.0,0.0,0.0,0.0,0.1399975240053741,0.0,0.0
s09M4922,0.0,0.13906668818034057,0.0,0.025012905486363642,0.0,0.6735849298260664,0.0,0.16233547650722943,0.0,0.0
s10M4922,0.0,0.008912616946316365,0.0,0.0,0.0,0.9240827842381665,0.0,0.06700459881551704,0.0,0.0
s11M4922,0.0,0.01716461400712901,0.0,0.0,0.0,0.8613761312266269,0.0,0.03335900216122132,0.06828576094755529,0.019814491657467643
s12M4922,0.0,0.00896967593978104,0.0,0.0,0.0,0.8343308487718877,0.0,0.048362518834217626,0.10833695645411388,0.0
s13M4922,0.0,0.009852166020050014,0.0,0.0,0.0,0.6074372032224135,0.0,0.005724836781400538,0.33694233585500044,0.04004345812113555
s14M4922,0.34865247438700847,0.07694270941731807,0.0,0.005515055441069057,0.0,0.16091262580432317,0.0,0.0,0.22894617750796903,0.1790309574423123
s15M4922,0.5469392193626634,0.0,0.0,0.0,0.0,0.2389889147513058,0.0,0.0,0.1118551795165436,0.10221668636948726
s01X4922,0.0,0.021328737866632613,0.6876730229080971,0.05717357245337927,0.0,0.005000185521428669,0.0,0.0,0.0,0.22882448125046237
s02T4922,0.19800057682024952,0.05676695386249784,0.43510499043289874,0.05669783292273105,0.001950992867820996,0.009863091903823661,0.01116474880202941,0.0,0.0,0.2304508123879487
s03T4922,0.028793048825014007,0.038431109066933214,0.624995901803951,0.06551865888364133,0.0,0.005772611244595018,0.000891869742319338,0.0,0.0,0.23559680043354597
s04T4922,0.1471960406721189,0.04866446335940921,0.4531272602707668,0.08182481494633721,0.007031552451422299,0.008432418190088373,0.010132329452936331,0.0,0.0,0.24359112065692104
s05T4922,0.2213682067447916,0.06972772559237445,0.3901768601965431,0.12064664062206226,0.0058545239982267004,0.004726892339171255,0.009277167935863138,0.0,0.0,0.17822198257096755
s06T4922,0.12387183350430428,0.06401670536428207,0.3302647768689766,0.06934876752219409,0.002500518087922426,0.019025443280523018,0.01394358160163457,0.0,0.0,0.3770283737701629
s07T4922,0.20283472677319944,0.06486206367601527,0.4196898622853154,0.09289642578782525,0.018690349669644536,0.004484210918975836,0.028196697252091747,0.0,0.0,0.16834566363693246
s08T4922,0.0,0.8199901160125384,0.0,0.04029123720196708,0.0,9.948782137450477e-06,0.0,0.13970869800335714,0.0,0.0
s09T4922,0.0,0.05164010194768424,0.0,0.0,0.0,0.8686654938470465,0.0,0.07969440420526924,0.0,0.0
s10T4922,0.0,0.24906815348642075,0.0,0.043990690217936654,0.0,0.36844590334400457,0.0,0.3384952529516382,0.0,0.0
s11T4922,0.0,0.2152840697605963,0.00045473826011086725,0.03343511453540126,0.0,0.519042597895617,0.0,0.2317834795482745,0.0,0.0
s12T4922,0.0,0.17272543963877726,0.0,0.06001072926533568,0.0,0.5305354688558968,0.0,0.23672836223999033,0.0,0.0
s13T4922,0.0448140006319367,0.054807941012962415,0.5019688049966788,0.07008822837537321,0.0015625489294259253,0.0,0.0,0.0,0.0,0.326758476053623
s14T4922,0.0,0.07473735216483626,0.0024796297819312456,0.0,0.0,0.6930684796100334,0.0,0.09990016012988888,0.11620461313277874,0.013609765180531653
s15T4922,0.03693484507359546,0.02821770941497793,0.5693074246934688,0.06525817076372309,0.0,0.0624503093060397,0.0,0.0,0.007333162275394338,0.23049837847280075
s02M5022,0.0,0.016276829936822727,0.6723772715227696,0.0715443478351022,0.0,0.040185968776375196,0.0,0.0,0.0,0.19961558192893036
s03M5022,0.0748204882731484,0.03440677170987203,0.5630924098944624,0.08168107682413339,0.0,0.016145708836968514,0.001597518433677203,0.0,0.0,0.22825602602773806
s04M5022,0.13015102310152513,0.06546938308270955,0.4373612900825332,0.052178047621832147,0.002678632110046277,0.01339991788398857,0.01512697294093792,0.0,0.0,0.2836347331764273
s05M5022,0.0970648108017144,0.050609356546224366,0.47563025525444247,0.07282611498294876,0.0002883518653976674,0.016331941969080478,0.0010561735026879049,0.0,0.0,0.28619299507750395
s06M5022,0.07926727336423611,0.05092950822891815,0.5483571982147945,0.05154862670405648,0.00036530852222752577,0.017227682653895807,0.004934835738221789,0.0,0.0,0.24736956657364967
s07M5022,0.001488694871495978,0.037388182572074935,0.6742843192635756,0.044365247269796744,0.0,0.03310224102786269,0.0,0.0,0.0,0.20937131499519404
s08M5022,0.0,0.9304350359840974,0.0,0.008890398908820228,0.0,0.0006573750483611975,0.0,0.05822368401532774,0.0,0.0017935060433933957
s09M5022,0.0,0.39318539087078125,0.014126184093666007,0.0852861564571888,0.0,0.153309304307659,0.0,0.3401434279641226,0.012322083017865406,0.001627453288716896
s10M5022,0.0,0.017483889059933536,0.07199831184561181,0.0,0.0,0.491244954151743,0.0,0.05451688376856327,0.314865733218123,0.049890227956025386
s11M5022,0.0,0.045044783757812464,0.07138561865374457,0.012597189977489893,0.0,0.45704343049607876,0.0,0.05146774068174994,0.3043817767205683,0.0580794597125561
s12M5022,0.061790817268043856,0.014951829135069731,0.23978115527815444,0.016964137761771303,0.0,0.27723535024198936,0.0,0.0,0.2275294202304094,0.16174729008456198
s13M5022,0.1128349875281492,0.010851358271955998,0.30595550125204424,0.018913562130158722,0.0,0.2176483394742035,0.0,0.0,0.18053898498580173,0.1532572663576865
s14M5022,0.15204734516395063,0.013915874406781917,0.1421745021828167,0.019748020465119427,0.0,0.1936419323886871,0.0,0.0,0.2443023689024634,0.23416995649018088
s15M5022,0.05746322088161848,0.022348486799423417,0.4696974473970812,0.05618833489010977,0.0,0.07346905300180274,0.0,0.0,0.023959679902027655,0.2968737771279368
s01X5022,0.035426177918439695,0.04032863187346712,0.5443921010105794,0.030210923845390814,0.0,0.022051497726364295,0.010582749216075668,0.0,0.0026291141916935015,0.31437880421798936
s02T5022,0.02751350486724245,0.025264914016970272,0.5941628174528866,0.04960192652737966,0.0,0.03558130486970057,0.0,0.0,0.0,0.26787553226582034
s03T5022,0.0,0.022752977596695045,0.6679763290899617,0.062183146557452815,0.0,0.03312132545237087,0.0,0.0,0.0,0.21396622130351955
s04T5022,0.0,0.026300035157833926,0.6477327751837748,0.06665086387095474,0.0,0.028971024945810102,0.0,0.0,0.0,0.23034530084162647
s05T5022,0.021796687427448377,0.02080703075546418,0.6684933436926518,0.0546750384473598,0.0,0.02528101160285514,0.005017049791316577,0.0,0.0,0.20392983828290417
s06T5022,0.11818134451511172,0.031164666000088864,0.5443365165840803,0.04824351854339973,0.0019293952958406978,0.029949400085610506,0.029041286045804724,0.0,0.0,0.19715387293006356
s07T5022,0.0,0.011733985782904284,0.7615400902938977,0.04272704352938553,0.0,0.023665621768392056,0.0,0.0,0.0,0.16033325862542044
s08T5022,0.0,0.8933193201377487,0.0,0.0037255218409811656,0.0,0.001160835301445013,0.0,0.10179432271982493,0.0,0.0
s09T5022,0.0,0.3545706531206013,0.051623909782541146,0.15240282128270183,0.0,0.07072459701868085,0.0,0.3649597105569325,0.0,0.005718308238542295
s10T5022,0.0,0.012579896585235447,0.10705352028507079,0.01142550014110387,0.0,0.4344905587438234,0.0,0.00935749239920609,0.30100482718741645,0.12408820465814398
s11T5022,0.0,0.18811390972535527,0.11935102705710042,0.04503815400290632,0.0,0.34304195277057004,0.0,0.07004883534814273,0.13337395725323223,0.10103216384269297
s12T5022,0.0,0.07903993458536031,0.06944258226829716,0.026206107063153242,0.0,0.3361544454220556,0.0,4.349916387269934e-05,0.3861051987601912,0.10300823273706981
s13T5022,0.0,0.08467603204465082,0.06912678439158912,0.029347105055626682,0.0,0.24567516578075338,0.0,0.0008666999579778719,0.40187395074624677,0.16843426202315545
s14T5022,0.0,0.06232915701665464,0.06074372427737924,0.0200932008489406,0.0,0.2093101451280405,0.0,0.0,0.4626296755282272,0.18489409720075792
s15T5022,0.0,0.032737209500889444,0.5717254000185854,0.040334756190777,0.0,0.03865762706281033,0.0,0.0,0.035504948115887204,0.2810400591110506
s02M5122,0.40140554830927727,0.00534971987040129,0.25640386152264716,0.0,0.0,0.13787117827912646,0.0,0.0,0.004478070826392694,0.19449162119215496
s03M5122,0.3050672441345977,0.007090812928749024,0.29363893536759866,0.013929610633459787,0.0,0.13820962989547103,0.0,0.0,0.03850996119736308,0.2035538058427606
s04M5122,0.09427228413468036,0.03148015803138504,0.30643633722347163,0.050133725143341544,0.0,0.09563962711047051,0.0,0.0,0.041767226738579986,0.3802706416180709
s05M5122,0.20025892504908616,0.037587323135234434,0.3691794533193708,0.0825699389409409,0.0,0.05834537450216312,0.007830753961562364,0.0,0.0,0.24422823109164227
s06M5122,0.11762578352478566,0.020708509509988544,0.479160347945323,0.050509252891309614,0.0,0.097847514704815,0.0,0.0,0.00654467443899281,0.22760391698478546
s07M5122,0.04715670133419604,0.031987301107960234,0.42762743584631485,0.04919741760190873,0.0,0.09329612354549847,0.0,0.0,0.020457259205501593,0.33027776135862
s08M5122,0.0,0.8022702738451659,0.0,0.10475500144610086,0.0,0.0014282832079110675,0.0,0.08780054263114732,0.0,0.003745898869674949
s09M5122,0.0,0.5546561564934622,0.006308363426455641,0.08706910688993588,0.0,0.04805954826496129,0.0,0.30245874248789184,0.0,0.001448082437293136
s10M5122,0.0,0.37866720951655297,0.019869031381473633,0.15572805823353952,0.0,0.08066865264903696,0.0,0.36237315312509694,0.0,0.0026938950943000144
s11M5122,0.0,0.4215412648246501,0.03450967667760928,0.11904471952657354,0.0,0.08667580749303103,0.0,0.3253868241925227,0.0,0.012841707285613463
s12M5122,0.0,0.3928014468040367,0.043334570138213374,0.06455147962642974,0.0,0.1576409822938987,0.0,0.2236129596931479,0.015239264877394274,0.10281929656687937
s13M5122,0.0,0.06728244717549735,0.0474172961928982,0.008168722757120753,0.0,0.2482672777030204,0.0,0.0404648956953049,0.2689853446577833,0.31941401581837514
s14M5122,0.0,0.03108868937773699,0.021813083941172203,0.0,0.0,0.3376138627605417,0.0,0.030718408997702493,0.34486215322273706,0.23390380170010955
s15M5122,0.0,0.0024095422906278688,0.1294059548533632,0.004025301489932295,0.0,0.2989405677938765,0.0,0.040543942809039606,0.23236419086643606,0.2923104998967245
s01X5122,0.0,0.010062232511519748,0.7401629064276904,0.033812605936837305,0.0,0.04918373300511544,0.0,0.0,0.0,0.16677852211883726
s02T5122,0.0,0.01992881567212192,0.5590425583505207,0.06972158448027856,0.0,0.03884519180458493,0.0,0.0,0.0,0.31246184969249374
s03T5122,0.014782488566237147,0.025545725368940946,0.5695567995622892,0.07247446578758067,0.0,0.04958772064202202,0.0,0.0,0.0,0.26805280007293
s04T5122,0.03480149921143884,0.02598092772094835,0.4121075415706577,0.05678432483574845,0.0,0.08909450911834754,0.0,0.0,0.0,0.38123119754285906
s05T5122,0.0,0.00518139911066429,0.7806425452242921,0.030523262467890194,0.0,0.0562842449677383,0.0,0.0,0.0,0.12736854822941507
s06T5122,0.012847758487652962,0.036014229276623795,0.42320968998883896,0.07393777263634656,0.0,0.13685410182602215,0.0,0.0,0.0,0.3171364477845156
s07T5122,0.09706003440255616,0.04871718733221664,0.231866697699313,0.05721473171427531,0.0,0.049466099355058545,0.0,0.0,0.0,0.5156752494965803
s08T5122,0.0,0.9692800472810893,0.0073130085865627465,0.0,0.0001365986001544006,0.0025284767636979725,0.0,0.0,0.0,0.020741868768495566
s09T5122,0.0,0.7158787739731848,0.01618925691100921,0.01986104735446965,0.0,0.07226733375500653,0.0,0.07753764719659686,0.0178102232877745,0.08045571752195854
s10T5122,0.0,0.0,0.0032073014678302455,0.0,0.0,0.6075579577730083,0.0,0.12250270507366968,0.16650457309758637,0.10022746258790537
s11T5122,0.0,0.38918779106885765,0.034494502729075546,0.04727061256564451,0.023329612202444703,0.16083551708354638,0.0067444351684642885,0.22181032964769692,0.0,0.11632719953427019
s12T5122,0.0,0.10436571842835986,0.0696354971541468,0.0,0.0,0.4132645063468213,0.0,0.22827979486245478,0.0,0.18445448320821708
s13T5122,0.0,0.11857717552619593,0.0,0.0,0.0,0.45423861615910316,0.0,0.15999844859506887,0.08630222562724899,0.18088353409238309
s14T5122,0.0,0.037806048684132496,0.028226234809724072,0.0,0.0,0.42282367358862954,0.0,0.12166519069511346,0.19185717965742824,0.19762167256497215
s15T5122,0.0,0.0,0.08753685171253467,0.0,0.0,0.34280591715958053,0.0,0.08550324963471034,0.22453456301847696,0.25961941847469755
s02M5222,0.1548290437429981,0.02231494131480532,0.3811776425483393,0.04078736924890768,0.0,0.062297292272630624,0.0,0.0,0.0,0.338593710872319
s03M5222,0.1738463740073864,0.013632130558606844,0.5378748558665789,0.08523604472754683,0.0,0.04529015205343981,0.007877973353474644,0.0,0.0,0.1362424694329666
s04M5222,0.4277776496318835,0.008236346821812573,0.13686731974528132,0.031695322874559576,0.0,0.07981315564605983,0.0,0.0,0.0,0.31561020528040307
s05M5222,0.4306187373145902,0.004382131401216306,0.19163229756821754,0.03015500361221622,0.0,0.06928323300149387,0.0,0.0,0.0,0.27392859710226597
s06M5222,0.3278335236571102,0.018033808678052633,0.15865248602997384,0.029262468669396025,0.0,0.09993767657979814,0.0,0.0,0.07116836718467541,0.29511166920099363
s07M5222,0.32524113474079874,0.0024976089814244375,0.15394498114984276,0.009011693391415956,0.0,0.11004522957030963,0.0,0.0,0.07974223212317379,0.3195171200430346
s08M5222,0.0,0.9525867878299916,0.008789621296511186,0.0038879650100896953,0.0,0.00331627066555302,0.0,0.0,0.0,0.03141935519785444
s09M5222,0.0,0.3056279912054148,0.008246072641757718,0.01978950521944017,0.0,0.20254824397664306,0.0,0.12757073394859098,0.1462111275487551,0.1900063254593983
s10M5222,0.0,0.0,0.020378626632562496,0.0,0.0,0.49102613140015133,0.0,0.13374579717193813,0.12623686905350914,0.2286125757418391
s11M5222,0.0,0.06532371691390507,0.0,0.0,0.0,0.33716002913825555,0.0,0.11453482940613478,0.2513145778661358,0.2316668466755686
s12M5222,0.0,0.03357061427271633,0.0,0.0,0.0,0.3052612350408712,0.0,0.08583968079720854,0.3175867698417544,0.25774170004744945
s13M5222,0.0,0.006657011130214599,0.0,0.0,0.0,0.3091871073816208,0.0,0.06352636330057305,0.3591765873580725,0.261452930829519
s14M5222,0.002386705275649172,0.024524537560734198,0.0,0.0,0.0,0.2027279526519154,0.0,0.023416560710955412,0.3947282736432355,0.35221597015751016
s15M5222,0.10459792381260191,0.010329021623849308,0.008454291409496705,0.0,0.0,0.20390480868674118,0.0,0.02804128752472316,0.308332815333967,0.33633985160862073
s02T5222,0.2696491157087857,0.017998522945827863,0.18039094147213597,0.051472980856373717,0.0,0.08713312696086722,0.0,0.0,0.020302674129606593,0.373052637926403
s03T5222,0.24050981019169937,0.013131766023161228,0.1703727760728339,0.0324291141615092,0.0,0.07624136105821898,0.0,0.0,0.04850169602395214,0.41881347646862516
s04T5222,0.2768845027282946,0.037097338784748864,0.21921259390049275,0.05866846705592515,0.0,0.10602845597884498,0.0,0.0,0.02196893999359876,0.2801397015580949
s05T5222,0.41020247241533864,0.016076842082768345,0.2642447077249804,0.0410711400302041,0.0,0.06125999133490887,0.007303205351218362,0.0,0.0,0.1998416410605813
s06T5222,0.3997411411326102,0.021347715636232483,0.22330041517658672,0.06334748401468056,0.00265970504354059,0.07069787809778838,0.014030685753383274,0.0,0.0,0.20487497514517786
s07T5222,0.1855758557633637,0.009051541629901586,0.20268283778862659,0.032095651474563225,0.0,0.0652673897959619,0.0,0.0,0.014607786887778064,0.4907189366598049
s08T5222,0.0,0.8984012634522494,0.014964181634058086,0.03556782554519175,0.0,0.0007465385681137401,0.0,0.021241443301029124,0.0,0.02907874749935803
s09T5222,0.0,0.29417923503468396,0.047892529516226905,0.07102285320939815,0.0,0.24161338473814944,0.0,0.22031065632850236,0.0,0.1249813411730392
s10T5222,0.08520754427283947,0.051473877196225766,0.0047437660335942254,0.0,0.0,0.1875825708836966,0.0,0.03489095559928451,0.2005416628566847,0.4355596231576747
s11T5222,0.033853308626036235,0.25138961981808394,0.0,0.0,0.0,0.19582425085739505,0.0,0.08256342827846541,0.14663401237077295,0.2897353800492463
s12T5222,0.0,0.12494896915162379,0.0,0.0,0.0,0.2111226170336838,0.0,0.044025785130996954,0.31591634596898555,0.30398628271470995
s13T5222,0.02832229953262113,0.009785699014372514,0.034653695933359284,0.0,0.00023621301321246463,0.23944057552952236,0.0,0.0405551521305059,0.2410769153763686,0.40592944947003773
s14T5222,0.0,0.03342152257264973,0.0,0.0,0.0,0.17718234940741776,0.0,0.013835045532784761,0.4400359530221062,0.3355251294650416
s15T5222,0.02233877108119323,0.0,0.048523369832260924,0.0,0.0,0.25105945550469244,0.0,0.05077809298812208,0.3441205243293511,0.28317978626438023
s02M0123,0.3946019008610803,0.0,0.022718544114687836,0.0010550963442823847,0.0,0.09102479832649472,0.0,0.0,0.10863978468430258,0.3819598756691521
s03M0123,0.31652302083946215,0.0,0.04058642278063586,0.009987359973975157,0.0,0.09482256012080088,0.0,0.0,0.13070252342676453,0.4073781128583615
s04M0123,0.4509191158260356,0.01264584334412183,0.18331539767548932,0.05144616461026702,0.0,0.03636535169495714,0.01511409161490386,0.01751148345203653,0.0,0.23268255178218875
s05M0123,0.4287834711393252,0.001523155782826179,0.09742035719139523,0.01993084461983003,0.0,0.04123153911618936,0.0,0.0,0.0,0.41111063215043403
s06M0123,0.4610615174689764,0.002767472028460946,0.12867528741476003,0.03982512138714664,0.0,0.09223563331542392,0.0,0.0,0.0,0.2754349683852322
s07M0123,0.38463377529062326,0.007344607263371357,0.08853753190028057,0.036064372136479776,0.0,0.04931762715647697,0.0,0.0,0.0,0.434102086252768
s08M0123,0.0,0.9248515229709756,0.005923020393561441,0.03275754068158968,0.0,0.00259972945324953,0.0,0.009866485115806433,0.0,0.024001701384817258
s09M0123,0.07137412974679319,0.07794161777659861,0.0,0.0,0.0,0.12824490099428965,0.0,0.03926490127973665,0.19364808618986695,0.4895263640127151
s10M0123,0.1192542389326179,0.015208712300889176,0.0,0.0,0.0,0.15122587348888283,0.0,0.02188824786088526,0.253645406543321,0.43877752087340377
s11M0123,0.04334392631952447,0.34412270903661996,0.0,0.0014640405906651728,0.0,0.1328782972164797,0.0,0.03431751590225391,0.17086891575833527,0.2730045951761216
s12M0123,0.0,0.23774367139162977,0.0,0.0,0.0,0.1779972024971887,0.0,0.07527859625027286,0.2171873478411764,0.2917931820197323
s13M0123,0.0,0.1883637760619559,0.0,0.0,0.0,0.1272240988822308,0.0,0.02521981534342648,0.316261035478299,0.3429312742340877
s14M0123,0.03344154093785764,0.0729691184375099,0.0,0.006660271688464898,0.0,0.15731252755762318,0.0,0.02609891570755018,0.36550398950643015,0.3380136361645641
s15M0123,0.12158643098058566,0.018969374069716053,0.0,0.0,0.0,0.13892050046627893,0.0,0.011572914000965202,0.32012115395810903,0.38882962652434516
s01X0123,0.44921456172684876,0.0,0.013474127818130371,0.0,0.0,0.06557582173967652,0.0,0.0,0.08950967675325747,0.38222581196208694
s02T0123,0.41025512535082653,0.0,0.03684030016861506,0.0,0.0,0.11464833818722069,0.008726125286319938,0.015821660955354536,0.07239321998258687,0.3413152300690763
s03T0123,0.4250889671891832,0.0,0.049501676506078764,0.00023065354635007408,0.0,0.09903272597321144,0.00046735400092449064,0.02039786037175951,0.03391859445627828,0.3713621679562143
s05T0123,0.5143462709560892,0.0,0.03942713924365758,0.012181597469721627,0.005567728428300205,0.04226889467425365,0.007671906882194545,0.003059978557156788,0.008702513012153182,0.3667739707764732
s06T0123,0.518519170477931,0.0,0.03503627289538771,0.0,0.0,0.06514285247492103,0.0,0.0,0.026466674571770273,0.35483502957999014
s07T0123,0.48381210671030583,0.0,0.08357007451509627,0.0,0.0,0.07288045069767564,0.0,0.0008309284681304817,0.0,0.35890643960879187
s08T0123,0.0,0.9437557101299867,0.0043928078057468315,0.00750782900127036,0.0,0.0029971882849300978,0.0,0.018819146685027942,0.0,0.022527318093038054
s09T0123,0.0,0.5371917069394435,0.0,0.01741442533244661,0.0006149376437769919,0.10871159790970358,0.0,0.1413564251933411,0.017314895643055273,0.17739601133823305
s10T0123,0.08429578141276958,0.0,0.01103673543034948,0.010147701970091362,0.0,0.27377791729518075,0.0,0.0912943215023458,0.13244767663898183,0.3969998657502812
s11T0123,0.16593155233993875,0.025118373562505895,0.0,6.569897222111684e-05,0.0,0.16956090096485368,0.0,0.039882819723780175,0.24483971618097677,0.35460093825572353
s12T0123,0.2857570888893515,0.03854871597239386,0.0,0.0,0.0,0.10623511808691874,0.0,0.0001406374366734786,0.1914737334557176,0.3778447061589449
s13T0123,0.0,0.0,0.0,0.0,0.0,0.1466132788366455,0.0,0.05362714391239357,0.12996576150045808,0.669793815750503
s14T0123,0.08146044459856518,0.0,0.0,0.0,0.0,0.08014301487247806,0.0,0.025163860611442518,0.08634684131901513,0.7268858385984992
s15T0123,0.16343392745106222,0.0,0.0,0.0,0.0,0.0738770142239367,0.0,0.01485774727776546,0.04192227431266434,0.7059090367345713
s02M0223,0.5763989633357239,0.008445688210249503,0.0,0.0,0.0,0.0635996585325189,0.0,0.0,0.022597288507794976,0.32895840141371274
s03M0223,0.5913156470618802,0.0,0.0,0.0,0.0,0.05449646024251403,0.0,0.0,0.006286605795167885,0.34790128690043776
s04M0223,0.5215171202088252,0.0,0.0,0.0,0.0,0.07125336011016027,0.0,0.0,0.06748755863072008,0.3397419610502944
s05M0223,0.4335841182099219,0.0,0.0,0.0,0.0,0.0767120579379911,0.0,0.0,0.03826951081156903,0.451434313040518
s06M0223,0.48689641542810597,0.0,0.0,0.0,0.0,0.08000666772772337,0.0,0.0,0.06906125783561701,0.3640356590085538
s07M0223,0.4452986139533204,0.0,0.0,0.0,0.0,0.09847924224967754,0.0,0.0,0.03730542568055282,0.41891671811644926
s08M0223,0.0,0.9643774036852643,0.005709906234020476,0.007053255043573829,0.00012611595021795352,0.0004325329096683462,0.0,0.0,0.0,0.022300786177255085
s09M0223,0.014755814081852864,0.6113895175950304,0.0051162487170567095,0.06746997287150307,0.0,0.07648203717798714,0.0,0.08129444734354432,0.005093917798319249,0.1383980444147063
s10M0223,0.11346510185596136,0.11720072213766464,0.0,0.005681270644662788,0.0,0.20522816580498257,0.0,0.05637561686396079,0.2004667180934429,0.30158240459932506
s11M0223,0.09424484140758912,0.4547813028983958,0.0008359863144950104,0.03483646017271452,0.0,0.08744226250422801,0.0,0.031109819550729473,0.09196202598837387,0.20478730116347424
s12M0223,0.09016642869076515,0.22068703026748315,0.0,0.0,0.0,0.13211037157693156,0.0,0.042295630695777846,0.2328743321310169,0.28186620663802536
s13M0223,0.20505712552528918,0.10830452174860167,0.0,0.0,0.0,0.1899908077162639,0.0,0.04762367625490632,0.18931560287609758,0.2597082658788414
s14M0223,0.1507042255296419,0.05036803531059764,0.0,0.014755026994752831,0.0,0.17902032222989148,0.0,0.05139612592708646,0.214749312093167,0.33900695191486263
s15M0223,0.2153281406876156,0.00036100572165668625,0.0,0.0,0.0,0.12157217555027695,0.0,0.0308229242948556,0.1440298504205492,0.4878859033250459
s01X0223,0.4390866889616834,0.0,0.0,0.0,0.0,0.08597247567356461,0.0,0.0,0.07959345263037185,0.39534738273438014
s02T0223,0.5057635100449352,0.11209946105725005,0.0,0.0,0.0,0.06221858049940998,0.0,0.02173334237393926,0.04187600649162829,0.25630909953283704
s03T0223,0.5174064416376214,0.0,0.0,0.0,0.0,0.07400222953351708,0.0,0.0,0.07099427335933878,0.3375970554695227
s04T0223,0.5442254141588857,0.0,0.069393516205549,0.0008336448834512334,0.011871655564660527,0.07409332242779713,0.02134308656817973,0.020757137937645987,0.0,0.2574822222538306
s05T0223,0.35863426862889736,0.0,0.0,0.0,0.0,0.10255448216769954,9.729999562368678e-05,0.025045734622223592,0.0,0.5136682145855558
s06T0223,0.3318205952677225,0.0,0.0,0.0,0.0,0.13808152299992402,0.0020917052958486938,0.04606668511040414,0.0,0.4819394913261007
s07T0223,0.517806531742792,0.0,0.0,0.0,0.0,0.05972265134293426,0.0,0.0,0.04795414306454722,0.37451667384972653
s08T0223,0.0,0.9305002136778472,0.00693637316894532,0.04026909913013356,0.0,0.0,0.0,0.0,0.0,0.022294314023073827
s09T0223,0.0,0.5882741263106767,0.01099139634774639,0.14142757028963573,0.0,0.07161812977702482,0.0,0.07552246201990796,0.0003491143732809694,0.11181720088172747
s10T0223,0.4363085462654028,0.013625118866549366,0.0,0.0,0.0,0.12212888053848561,0.0,0.0,0.12973657584852735,0.298200878481035
s11T0223,0.305742122348314,0.2955267361587263,0.0,0.006139643704840265,0.0,0.10765849971320744,0.0,0.022968257706411133,0.07240855915153269,0.18955618121696838
s12T0223,0.3008056873744753,0.26101963790173105,0.0,0.007352139935942161,0.0,0.09788365485876689,0.013812862225021443,0.055147842985161045,0.03559044505495831,0.22838772966394386
s13T0223,0.3933237831240236,0.08606740478240556,0.0,0.0,0.0,0.12258535632922365,0.0,0.0,0.11264917530477925,0.285374280459568
s14T0223,0.31156927406567236,0.0737225977719451,0.0,0.0,0.0,0.12008041204882408,0.0,0.0003241269696461174,0.15357109532963972,0.3407324938142728
s15T0223,0.3929296152563698,0.01861178651556108,0.0,0.0,0.0,0.079400721621042,0.0,0.0,0.09044067209601014,0.418617204511017
s02M0323,0.5425668271224823,0.0,0.0,0.0,0.0,0.06707871644008205,0.0,0.0,0.12829410231225327,0.2620603541251824
s03M0323,0.5467021131676602,0.0,0.0,0.0,0.0,0.05803073961937472,0.0,0.0,0.13336052615137467,0.26190662106159046
s04M0323,0.6321536106491326,0.0,0.001980276245833056,0.0,0.0,0.06603417472314552,0.011058751114357461,0.009964865165361086,0.07446582755816107,0.20434249454400932
s05M0323,0.5879099305412405,0.0,0.0,0.0,0.0,0.06455331820898615,0.0010808127628093272,0.0,0.07269524036294579,0.2737606981240184
s06M0323,0.5771647547673218,0.0,0.0,0.0,0.0,0.06323037549562703,0.0,0.0,0.09406543271350275,0.2655394370235485
s07M0323,0.5381701706351658,0.0,0.0,0.0,0.0,0.057047498806147116,0.0,0.0,0.05980217562923752,0.34498015492944956
s08M0323,0.0,0.9398366350291726,0.005581312801180287,0.03593609070639253,0.0,0.0,0.0,0.0,0.0,0.018645961463254524
s09M0323,0.0,0.8958527345100468,0.007955801023111027,0.07003378119751362,0.0,0.0008521363062058161,0.0,0.0,0.0,0.025305546963122868
s10M0323,0.4200037687556279,0.1735092217309931,0.0,0.0,0.0,0.08524036222221192,0.0,0.0,0.061524211544807306,0.25972243574635984
s11M0323,0.24874389324419408,0.4471394597520039,0.0,0.030561055106501325,0.0,0.06557793451356315,0.0,0.0,0.02500686959437944,0.18297078778935796
s12M0323,0.27455660954833594,0.39319647954096654,0.0,0.022189693331669633,0.0,0.06363814881657709,0.0,0.0,0.04450043599689537,0.2019186327655555
s13M0323,0.27422732148354495,0.35300226442899685,0.0,0.02756372477463878,0.0,0.07568014937230041,0.0,0.003509887693917999,0.01771474895389656,0.24830190329270438
s14M0323,0.4531919854736124,0.17409925588577083,0.0,0.0,0.0,0.0908114922124023,0.0,0.0,0.05300957944843503,0.22888768697977943
s15M0323,0.46986414703460944,0.037134725130797824,0.0,0.0,0.0,0.08075884816534136,0.0,0.0,0.09807265033013594,0.31416962933911546
s01X0323,0.6191320513936327,0.0,0.0,0.0,0.0,0.0539795159885185,0.0,0.0,0.03553373803717783,0.2913546945806709
s02T0323,0.5821622598478834,0.0,0.0,0.0,0.0,0.04696536751605124,0.0,0.0,0.014668458046376294,0.35620391458968914
s03T0323,0.6092708992485959,0.0,0.0,0.0,0.0,0.05269643354865446,0.0,0.0,0.04206442457730732,0.29596824262544236
s04T0323,0.4487953170812873,0.0,0.0,0.0,0.0,0.04582240524642634,0.0,0.0,0.004822007027192037,0.5005602706450945
s05T0323,0.4538615912386241,0.0,0.0,0.0,0.0,0.0550004730695105,0.0,0.0,0.013264911870312705,0.4778730238215526
s06T0323,0.5465919617116705,0.0,0.0,0.0,0.0,0.05309578555445456,0.0031686667596301666,0.0,0.02239650356684486,0.37474708240739996
s07T0323,0.4588157204794573,0.0,0.0,0.0,0.0,0.05370477844492658,0.0,0.004236158080051991,0.0024306792507681804,0.480812663744796
s08T0323,0.0,0.873662190682652,0.00650623214790594,0.10154604062604922,0.0,0.0,0.0,0.0,0.0,0.01828553654339286
s09T0323,0.03683029266255518,0.8105486380007996,0.0057100465982701555,0.06180317894018439,0.0,0.012960060014232793,0.0,0.002081833362131584,0.0,0.07006595042182634
s10T0323,0.4370494929095024,0.1768221585597786,0.0,0.002772839690138837,0.0,0.06383707813509229,0.0,0.0,0.02088320039477653,0.2986352303107112
s11T0323,0.28873839536167656,0.41538945670064537,0.0,0.02928525322228238,0.0,0.045382091110966576,0.0,0.0,0.01606576556357068,0.2051390380408584
s12T0323,0.39780094277378686,0.24738407088896416,0.0,0.012832606676493483,0.0,0.05323046629001296,0.0,0.0,0.02876242361394945,0.2599894897567931
s13T0323,0.47829606744925535,0.1326949668907018,0.0,0.0,0.0,0.06520090837313024,0.0,0.0,0.051232877717180464,0.27257517956973215
s14T0323,0.4359559749246852,0.13797873678680436,0.0,0.0,0.0,0.07818156293288359,0.0,0.0,0.08410401259306366,0.26377971276256323
s15T0323,0.4730018098502908,0.05010699152975839,0.0,0.0,0.0,0.05732916998710522,0.0,0.0,0.06268588891845601,0.3568761397143895
s02M0423,0.4879796751295383,0.0,0.011510779264347145,0.0,0.0,0.03863176070926698,0.0,0.0,0.0,0.46187778489684755
s03M0423,0.4410135551916964,0.0,0.0,0.0,0.0,0.05184419044047694,0.0,0.0,0.01715008985408478,0.489992164513742
s04M0423,0.6229904579796335,0.0,0.1256607826659233,0.0110850526454329,0.026557007093409222,0.0,0.0637863541690663,0.031851142789920024,0.0,0.11806920265661504
s05M0423,0.4943573101558393,0.0,0.0812047701895498,0.001219599661612217,0.005265069344276851,0.05642651665024517,0.024470653561293795,0.014372487769108256,0.004822017926082085,0.31786157474199245
s06M0423,0.43531759909847473,0.0,0.0,0.0,0.0,0.047746332181922826,0.0,0.0,0.011358846819139103,0.5055772219004634
s07M0423,0.10876934351842353,0.0,0.0,0.0,0.0031240373752616695,0.0,0.00298414621719582,0.0,0.07182300363184403,0.813299469257275
s08M0423,0.0,0.9123335603908932,0.005572507643381303,0.06530955122906616,0.0,0.0,0.0,0.0,0.0,0.01678438073665935
s09M0423,0.0,0.8047885286117414,0.006391278783652814,0.15312809791005136,0.0,0.0040298831243203645,0.0,0.0,0.0,0.03166221157023409
s10M0423,0.0,0.8070615878776178,0.00657448499494123,0.138500068598305,0.0,0.006882951825013502,0.0,0.0,0.0,0.04098090670412246
s11M0423,0.0,0.8206289165620022,0.007978428309114983,0.1320922767536999,0.0,0.006315842061467505,0.0,0.0,0.0,0.03298453631371557
s12M0423,0.0,0.7911496834582631,0.007571457267399006,0.1692264163124175,0.0,0.0,0.0,0.0,0.0,0.032052442961920426
s13M0423,0.0,0.6499971723396689,0.0,0.1940717155445921,0.0,0.024121772589072006,0.0,0.03779908449648074,0.0,0.09401025503018624
s14M0423,0.17494048308946436,0.4841432454415401,0.0,0.06079415443864874,0.0,0.036320170274568964,0.0,0.0,0.027245217226654087,0.21655672952912391
s15M0423,0.0,0.8452568484854444,0.007931188773238278,0.08550777500509961,0.0,0.012065063325094166,0.0,0.0,0.0,0.049239124411123485
s01X0423,0.35719210225681186,0.0,0.07084299163651706,0.00033228930838807006,0.0,0.035505855272538245,0.0,0.0,0.021351341914106026,0.5147754196116386
s02T0423,0.0,0.03416170259656388,0.5395059872232323,0.026617614318351666,0.0,0.0,0.004602640307884708,0.0,0.0,0.3951120555539676
s03T0423,0.0,0.008382770520235323,0.7303119958094264,0.015458719273473255,0.0,0.0,0.0027151123131253212,0.0,0.0,0.24313140208373965
s04T0423,0.10597147661440684,0.03628945372342422,0.43961159873063377,0.0385198175737931,0.0009896840336129382,0.0,0.029057893170669487,0.0,0.0,0.34956007615345963
s05T0423,0.26681460908867766,0.012670501086249134,0.3979249005345358,0.03841968212068179,0.0032402637437554727,0.0,0.04365660416993232,0.0009592986260163277,0.0,0.23631414063015155
s06T0423,0.22278967764706975,0.019847454704212758,0.4115420109161967,0.039518067232116115,0.0,0.0,0.024773488348573375,0.0,0.0,0.28152930115183133
s07T0423,0.0,0.013823563623237072,0.6338782978048918,0.018704047433166806,0.0,0.0,0.004344142705707793,0.0,0.0,0.32924994843299665
s08T0423,0.0,0.9046520136649145,0.00623115127013213,0.07545099827605507,0.0,0.0,0.0,0.0,0.0,0.013665836788898138
s09T0423,0.0,0.7955999212167295,0.005642729087898691,0.175064475974099,0.0,0.0,0.0,0.006373787144767735,0.0,0.017319086576505133
s10T0423,0.0,0.4560897907865653,0.0,0.26531661894749897,0.0,0.044992307883409834,0.0,0.141710184489881,0.0,0.09189109789264502
s11T0423,0.0,0.8492240748217097,0.0074400664036313735,0.12293712811986256,0.0,0.0,0.0,0.0,0.0,0.020398730654796277
s12T0423,0.0,0.8391451103232905,0.007939052883920633,0.11411747826434397,0.0,0.00021532445623528802,0.0,0.0,0.0,0.038583034072209615
s13T0423,0.0,0.8399902767335469,0.003361957986564783,0.05559307120119848,0.0,0.010890237386479868,0.0,0.0,0.0,0.09016445669220999
s14T0423,0.053840953112275554,0.09437074570877256,0.3023470238112554,0.023039595346046708,0.0,0.023449938541819364,0.0,0.0,0.0,0.5029517434798305
s15T0423,0.0,0.016448419469652625,0.5745706354759794,0.012441718643871424,0.0,0.0007920246056295347,0.0,0.0,0.0,0.39574720180486717
s02M0523,0.07451562403283707,0.007268964767411131,0.5118155937685914,0.0356582468572221,3.9006898210452765e-05,0.0,0.006864048921424799,0.0,0.0,0.3638385147543029
s03M0523,0.26612809033895923,0.02065774368465995,0.394110634987158,0.025587680058492584,0.009552671858964528,0.0,0.035850350052099036,0.0,0.0,0.24811282901966672
s04M0523,0.23491490657837602,0.0217843242703556,0.3891773363401101,0.03325367972296579,0.0043423574070134315,0.0,0.027038283385639766,0.0,0.0,0.2894891122955393
s05M0523,0.2085909728610696,0.019184282465616074,0.37381298524568296,0.036246916961494416,0.00383933056373072,0.0,0.024301749677995435,0.0,0.0,0.33402376222441077
s06M0523,0.20284331636752367,0.01915282594346887,0.3771265899058937,0.03889532984717339,0.00402552746963374,0.0,0.030388823087624688,0.0,0.0,0.327567587378682
s07M0523,0.08193996212996571,0.020406106634048068,0.3061966252647896,0.04145468809050184,0.0,0.0,0.0,0.0,0.0,0.5500026178806948
s08M0523,0.0,0.8774864380961838,0.005447097730012555,0.10471251943772701,0.0,0.0,0.0,0.0,0.0,0.012353944736076747
s09M0523,0.0,0.869116714811514,0.007394902077190641,0.0963093565787184,0.0,0.0011643284499343587,0.0,0.0,0.0,0.026014698082642767
s10M0523,0.0,0.0520995233606346,0.27709756225505855,0.10367910021062642,0.0,0.15904167567146846,0.0,0.16943900947030474,0.0,0.23864312903190713
s11M0523,0.12899842046806617,0.32194787323927315,0.06306516302308114,0.05568954733680015,0.0,0.062165131068581285,0.0,0.0049046276615917666,0.03430950847365807,0.32891972872894837
s12M0523,0.035115379584333486,0.39765322313007,0.06792350580034325,0.039454670279271645,0.0001047246197261363,0.04566943246016474,0.0033876110732548224,0.043733891105590235,0.018490926842866216,0.34846663510437953
s13M0523,0.19548593686587845,0.25048513569280567,0.04545657717576493,0.030326723402547995,0.0,0.06341780329582426,0.0,0.005722797942914851,0.06235652883563741,0.34674849678862646
s14M0523,0.0521871668227085,0.09513937494790223,0.21117689967143746,0.02195421583584833,0.0,0.050655735625407976,0.0,0.0,0.08008571229643774,0.48880089480025785
s15M0523,0.005819744499611822,0.0646014069826294,0.3057715092165082,0.03701507684751748,0.0,0.02963532592194891,0.0,0.0,0.017159449070650038,0.5399974874611341
s01X0523,0.0975305151296016,0.007155212916748114,0.44228433762733327,0.013254068830616379,0.0,0.01864895281369163,0.0019334756638034402,0.0,0.0,0.4191934370182055
s02T0523,0.24487251867676346,0.010982982788738948,0.177127358556738,0.0008516296874386604,0.0,0.03390960008395766,0.0025662246242483303,0.0,0.04918903085405175,0.4805006547280633
s03T0523,0.3637203964802156,0.0,0.1368549994101077,0.0,0.0,0.045182599746159534,0.0,0.0,0.04854870547576289,0.40569329888775435
s04T0523,0.22926758653630344,0.01543009445936176,0.2478387476951851,0.024222435599551603,0.00010039019023226251,0.020931979721307132,0.011814366709371315,0.0,0.0,0.4503943990886874
s05T0523,0.1911809193069444,0.011531439125783572,0.25304775453395073,0.025452530615612177,0.0,0.012839799244116996,0.005308371734189797,0.0,0.0,0.5006391854394023
s06T0523,0.199813813556914,0.008765434548375554,0.2489179355056914,0.014236842710109669,0.0,0.022275956394324014,0.0004887907989308513,0.0,0.0,0.5055012264856545
s07T0523,0.0,0.00020932218173869434,0.40055104471834946,0.01321648461285776,0.0,0.01903720001284038,0.0,0.0,0.0,0.5669859484742137
s08T0523,0.0,0.8981901064333044,0.006218061341062559,0.08130437679900474,0.0,0.0,0.0,0.0,0.0,0.01428745542662827
s09T0523,0.0,0.8805709389057156,0.005144419501270398,0.09751814428634488,0.0,0.0,0.0,0.0,0.0,0.01676649730666906
s10T0523,0.0,0.349684311107952,0.0,0.04743379005364688,0.0,0.1361086176980249,0.0,0.15559434606593325,0.017620671399431884,0.2935582636750111
s11T0523,0.0,0.3740694608465189,0.0,0.037761334219606826,0.0,0.10905826095508794,0.0,0.09789414350336977,0.0525707595661586,0.3286460409092581
s12T0523,0.02825092138576143,0.11015134860522609,0.0,0.0,0.0,0.07416479394837913,0.0,0.008911126692392758,0.21055030733739635,0.5679715020308443
s13T0523,0.03176224016817478,0.08490205304507399,0.013117707329300345,0.0,0.0,0.08512645218418669,0.0,0.0034505058635932043,0.1868921422294264,0.5947488991802447
s14T0523,0.05866438037369946,0.04663086666124211,0.10595781354471637,0.006851681472311032,0.0,0.08764969625226107,0.0,0.015726164836456797,0.13085371911767718,0.5476656777416361
s15T0523,0.0,0.008752710884555353,0.4562767348071176,0.005754999041053591,0.0,0.013379922216434621,0.0,0.0,0.0122759577198954,0.5035596753309434
s02M0623,0.0,0.002174985218929607,0.19568800650582882,0.0,0.0004065020654956488,0.0015316374799465174,0.0,0.0,0.0,0.8001988687297994
s03M0623,0.0,0.0033016035068496865,0.226681901922784,0.0028385871099297186,0.0,0.029921172503067188,0.0,0.0,0.03887316803611791,0.6983835669212515
s04M0623,0.04034731495275535,0.0,0.31749405485906046,0.008222108606042996,0.025302386554959255,0.002958690598451871,0.03226044571978513,0.032726717215963236,0.0,0.5406882814929816
s05M0623,0.10050386933482891,0.012569284128935663,0.3373853207174117,0.01534769151513794,0.007280414268981379,0.014225523926706351,0.020691506821224618,0.006034238815134861,0.0,0.48596215047163854
s06M0623,0.011975225477495926,0.0,0.2691466138412851,0.01277997129141408,0.007240120195244593,0.002810571889943006,0.019181472477301925,0.015320501758640253,0.0,0.6615455230686751
s07M0623,0.0,0.0,0.22478046709389277,0.0,0.0,0.0,0.0,0.0,0.0,0.7752195329061072
s08M0623,0.0,0.9449647343790251,0.004476896803054467,0.031207137166957638,0.0,0.0,0.0,0.0,0.0,0.019351231650962742
s09M0623,0.0,0.9533299481863047,0.003227147632235096,0.005823989086304781,0.0004763381498750261,0.0023880471010604646,0.0,0.0,0.0,0.03475452984421996
s10M0623,0.0,0.8969987645791161,0.007340195561134074,0.027618072912202658,0.0,0.008728794241469183,0.0,0.0,0.0029028527855953,0.0564113199204826
s11M0623,0.0,0.89940002562079,0.0037882896372030475,0.029891202160181974,0.0,0.0021751363978179936,0.0,0.0,0.0,0.06474534618400689
s12M0623,0.0,0.16440171332709638,0.0,0.0,0.0,0.06962576309267864,0.0,0.06187567448452029,0.23284141164618075,0.47125543744952403
s13M0623,0.0,0.1817107378243424,0.0,0.0,0.0,0.05106681776939452,0.0,0.04165731342770055,0.25391069728416205,0.4716544336944004
s14M0623,0.0,0.07524613221256783,0.0,0.0,0.0,0.08169968153038099,0.0,0.08874790141203957,0.17479256419156544,0.5795137206534462
s15M0623,0.0,0.061265318779805886,0.06482715825122416,0.0,0.0,0.10425573782530437,0.0,0.052611679230947894,0.19410705294975858,0.5229330529629591
s01X0623,0.0,0.006575737611825571,0.3092433426825254,0.0,0.0,0.019382957454645394,0.002294910298047028,0.0,0.012356412022645407,0.6501466399303113
s02T0623,0.08982391630860483,0.013559493954394998,0.30383847959048577,0.006413516209641226,0.0,0.029476986248234686,0.014172694423222729,0.0,0.005484506307812583,0.537230406957603
s03T0623,0.0,0.0029090841449773666,0.12914604157187975,0.0,0.0,0.023261066038236636,0.0,0.0,0.13472386383999163,0.7099599444049145
s04T0623,0.2563969532375323,0.020592059125123394,0.26197051607163646,0.02489010970485426,0.008743110166248722,0.015477682935978242,0.027372981737312098,0.009249545391116014,0.0,0.3753070416301985
s05T0623,0.13891922158030237,0.012146361563407204,0.40109207705839567,0.014521840569783574,0.0038686165573141233,0.02213621279342025,0.021373102131598817,0.0,0.0014017430503108473,0.3845408246954671
s06T0623,0.30282559910646006,0.01913707122642571,0.2390110710110382,0.025913683600439597,0.0032288684751119803,0.014868446966204589,0.029111497108191435,0.010843237758543085,0.0,0.3550605247475854
s07T0623,0.0,0.030329463198586922,0.20439954500321447,0.007049746409662887,0.0,0.02883963998953386,0.0,0.0,0.07296982465234395,0.656411780746658
s08T0623,0.0,0.9689615494999809,0.005234297457005389,0.008585054585114065,0.00010622607305098404,0.0,0.0,0.0,0.0,0.017112872384848616
s09T0623,0.0,0.8313499427582395,0.015160190669648717,0.08369828955778856,0.0,0.006020881378565681,0.0,0.0,0.0,0.06377069563575755
s10T0623,0.0,0.17360168371493026,0.023578729539825448,0.006727662137093429,0.0,0.05822840918651705,0.0,0.003894139531712881,0.1039704702965497,0.6299989055933711
s11T0623,0.0,0.6098814473518737,0.01052160132263455,0.03160725309106309,0.0,0.03911370278946556,0.0,0.0,0.038311683493829005,0.270564311951134
s12T0623,0.0,0.3268123234699476,0.0049522595773511665,0.0,0.0007210286494615257,0.050556622287780656,0.00512411946527947,0.045574905376374084,0.12050978677189651,0.445748954401909
s13T0623,0.0,0.24657414438068942,0.0,0.013392206863885274,0.0,0.04770100107534757,0.0,0.005037009070510806,0.15920947271872046,0.5280861658908464
s14T0623,0.0,0.1128528478044483,0.019605122367416936,0.03297570380166845,0.0,0.11067475513938584,0.0,0.08306214034223101,0.17455756483884222,0.46627186570600726
s15T0623,0.0,0.07747221322778962,0.01996682220751287,0.002905549933861057,0.0,0.11404832448175861,0.0,0.07946542543466065,0.167329784713377,0.5388118800010402
s02M0723,0.16763413117363574,0.0,0.22832675102142588,0.0,0.0,0.06039413364162003,0.0,0.0,0.0034611219594654834,0.540183862203853
s03M0723,0.16297263684489108,0.0,0.18199020002932456,0.0,0.0,0.03815210737297594,0.003671439674550638,0.0,0.02762566189262781,0.5855879541856298
s04M0723,0.1997928269672518,0.012330104037822571,0.10192432455958364,0.00881088864988789,0.0,0.03401340710546684,0.0,0.0,0.0,0.6431284486799872
s05M0723,0.17149184387412544,0.0035993967884769477,0.24671881997118966,0.009906944981938883,0.0,0.028461611890383542,0.00820727280928112,0.0,0.0064237951122233595,0.5251903145723811
s06M0723,0.1690954014318651,0.013236023938279351,0.20895048751747594,0.02848304414153223,0.0011234473473293815,0.02961185423992314,0.005850096789453793,0.0,0.0,0.543649644594141
s07M0723,0.0,0.0,0.11767170795176977,0.008451078427337428,0.0,0.02383671931662293,0.0,0.0,0.04370819440582975,0.8063322998984401
s08M0723,0.0,0.9008343500599231,0.0053634137102135555,0.08313405954668725,0.0,0.0,0.0,0.0,0.0,0.010668176683176059
s09M0723,0.0,0.9566955875667998,0.003580483219551568,0.028389505226604068,0.0,0.0,0.0,0.0,0.0,0.011334423987044455
s10M0723,0.0,0.8068315384433842,0.006130111777122353,0.141344059779754,0.0,0.0050732089401819315,0.0,0.013617232428492778,0.0,0.027003848631064656
s11M0723,0.0,0.9517692882399797,0.003408330324923121,0.02347457406469376,0.0,0.0,0.0,0.0,0.0,0.02134780737040339
s12M0723,0.0,0.8085127025349735,0.0009798311891609035,0.08532555563839828,0.0,0.0005919372100530501,0.0,0.058975609449924686,0.0,0.0456143639774895
s13M0723,0.0,0.5944695393196604,0.0,0.0,0.0,0.03245699380854689,0.0,0.10734387445017701,0.03338655175916283,0.2323430406624529
s14M0723,0.0,0.1617020645161952,0.0,0.0,0.0,0.10461380081611052,0.0,0.10652816196469414,0.2007314272006837,0.4264245455023164
s15M0723,0.0,0.03538787463465999,0.04163631497784019,0.0,0.0,0.0,0.0,0.0,0.43055502990165423,0.4924207804858456
s01X0723,0.18736640832529322,0.0,0.07761605788219378,0.002620727724877355,0.0,0.07255305091388513,0.0,0.0,0.05154530333904573,0.6082984518147048
s02T0723,0.24011838026238735,0.0,0.0057002498864320815,0.0,0.0,0.008707104886591805,0.0,0.0,0.04222999177456668,0.7032442731900221
s03T0723,0.27446127069409665,0.0,0.017031030589116248,0.0,0.0,0.013177072584837218,0.0,0.0,0.004678796324643439,0.6906518298073063
s04T0723,0.3476708924940807,0.0,0.12535313783183305,0.006264728894090348,0.0,0.018976825479411274,0.013873826822351637,0.0,0.0,0.487860588478233
s05T0723,0.2268055935781211,0.00033616171854370015,0.1199760799292541,0.0,0.0,0.021248121903644744,0.011644285692794378,0.002813713206807139,0.00036567146148451193,0.6168103725093503
s06T0723,0.3290925835103716,0.0,0.12360738547825957,0.0003325897160779778,0.0,0.017094734598081234,0.01210539842239925,0.005916978991333392,0.0,0.511850329283477
s07T0723,0.1863325896047644,0.0,0.1051861861843196,0.0,0.0,0.049293801067813586,0.003141914708572439,0.023259170344522212,0.028204524788983245,0.6045818133010246
s08T0723,0.0,0.9824828874621305,0.0026527690934498548,0.00492503623188899,0.0003812246793116202,0.0,0.0,0.0,0.0,0.009558082533219056
s09T0723,0.0,0.6210202022575675,0.004004834152977534,0.10140059482691735,0.0,0.03381638232248784,0.0,0.1371266104346889,0.0,0.10263137600536093
s10T0723,0.0,0.02689635610350096,0.0,0.0,0.0,0.1742247390708283,0.0,0.22016762038294202,0.05488901296650424,0.5238222714762245
s11T0723,0.0,0.6460724999357267,0.0,0.022163355226685267,0.0,0.04781256467622758,0.0,0.0743859201232499,0.04695257321302267,0.1626130868250877
s12T0723,0.0,0.3333385908738177,0.0,0.0,0.0,0.07355659204574928,0.0,0.12972314258050915,0.10519664282296198,0.35818503167696203
s13T0723,0.0,0.23863524878438197,0.0,0.0,0.0,0.08999902972306968,0.0,0.15679857145114448,0.0806479321691964,0.43391921787220755
s14T0723,0.0,0.13951362176693927,0.0,0.0,0.0,0.04232142166486106,0.0,0.03962157456510473,0.3550865271592712,0.4234568548438237
s15T0723,0.0,0.028977764854249077,0.004900747809221743,0.0,0.0,0.08457965518763162,0.0,0.09450940549065956,0.19377825885584768,0.5932541678023903
s02M0823,0.22471716484153942,0.0,0.0,0.0,0.0,0.03539604725809202,0.0,0.0,0.3336898197355795,0.4061969681647891
s03M0823,0.36631926718948987,0.0,0.026086475489253094,0.0,0.0,0.0646130334608957,0.0,0.017803069192639,0.15563411517851736,0.3695440394892049
s04M0823,0.25194436917239127,0.0,0.0,0.0,0.0,0.06316291043429945,0.0,0.0,0.30832755675556595,0.3765651636377433
s05M0823,0.26914125476401607,0.0,0.0,0.00157512303711216,0.0,0.05163534611615023,0.0,0.00972399267604045,0.24595466800131477,0.4219696154053663
s06M0823,0.22863847552690267,0.0,0.0,0.0,0.0,0.06953198236106502,0.0,0.007069559771872176,0.3097688920933954,0.38499109024676476
s07M0823,0.10915168493830937,0.0,0.0,0.0,0.0,0.038714126823003785,0.0,0.0,0.5015434584467622,0.35059072979192457
s08M0823,0.0,0.9856006402362788,0.002343665777170282,0.0,0.0005059890553395221,0.0,0.0,0.0,0.0,0.01154970493121146
s09M0823,0.0,0.9800445808841991,0.002825868153703578,0.0013238180696614758,0.0005118608309349944,0.0,0.0,0.0,0.0,0.015293872061500837
s10M0823,0.0,0.0,0.0,0.0,0.0,0.0431420870314074,0.0,0.016104670530183322,0.3617414997672541,0.5790117426711552
s11M0823,0.0,0.3184937725617634,0.0,0.0,0.0,0.040888656903609814,0.0,0.06001474818114783,0.25614109151800774,0.3244617308354713
s12M0823,0.0,0.8515905901408262,0.0,0.0,0.0005586851350685915,0.01276735154525441,0.0,0.006644383605295032,0.019669173660156133,0.10876981591339975
s13M0823,0.0,0.02432121611553512,0.0,0.0,0.0,0.05667412511328477,0.0,0.048690288562325025,0.2685661624851644,0.6017482077236908
s14M0823,0.0,0.05720676908281242,0.0,0.0,0.0,0.06143021706320597,0.0,0.0310616681780818,0.3576422747372465,0.4926590709386533
s15M0823,0.0,0.020167238815362434,0.0,0.0,0.0,0.032862672439970084,0.0,0.016361919815931908,0.3109553393842101,0.6196528295445255
s01X0823,0.21741241071693695,0.0,0.0,0.0,0.0,0.04649698053212182,0.0,0.0,0.5077435394966759,0.22834706925426526
s02T0823,0.23338552317505398,0.0,0.0,0.0,0.0,0.033517992933736036,0.0,0.0,0.26271742919120517,0.47037905470000474
s03T0823,0.1522977431853414,0.0,0.0,0.0,0.0,0.02432951102486238,0.0,0.0,0.2285914484580541,0.5947812973317421
s04T0823,0.21985609753503665,0.0,0.002844935458877786,0.0,0.0,0.03312774505553394,0.0,0.0,0.13662584560469232,0.6075453763458593
s05T0823,0.15111672061903741,0.0,0.0,0.0,0.0,0.049603072313016874,0.0,0.0,0.22758475999287434,0.5716954470750714
s06T0823,0.1370363438836228,0.0,0.0,0.0,0.0,0.04983405416998074,0.0,0.0,0.3808628164949235,0.43226678545147296
s07T0823,0.04913220841456997,0.0,0.0,0.0,0.0,0.033888845944512844,0.0,0.0,0.22269912875263295,0.6942798168882842
s08T0823,0.0,0.8106129267088138,0.0,0.04343482790730498,0.0,0.005656349051929655,0.0,0.10150681802913872,0.0,0.038789078302812634
s09T0823,0.0,0.9653811900924993,0.00236706861062952,0.02346185574113346,0.0,0.0,0.0,0.0,0.0,0.008789885555737564
s10T0823,0.0,0.12614635905978372,0.0,0.0,0.0,0.0941627846145037,0.0,0.2909315105465739,0.0,0.4887593457791387
s11T0823,0.0,0.6056950037637113,0.0,0.0,0.0,0.023123992727346988,0.0,0.17519865212877406,0.0,0.19598235138016756
s12T0823,0.0,0.12590882432304618,0.0,0.0,0.0,0.04270988945283241,0.0,0.1404925964772122,0.20026274702813007,0.490625942718779
s13T0823,0.0,0.1280103964879475,0.0,0.0,0.0,0.05281864581341444,0.0,0.17224416298662568,0.05017304335698463,0.5967537513550277
s14T0823,0.0,0.1127264842866606,0.0,0.0,0.0,0.03246215090019208,0.0,0.05509525539406808,0.3859459214480575,0.4137701879710217
s15T0823,0.0,0.00390033145429362,0.0,0.0,0.0,0.06364093147206358,0.0,0.0316992944938372,0.40093261498340893,0.49982682759639663
s02M0923,0.19686211436277032,0.0,0.0,0.0,0.0,0.04409132261818676,0.0,0.0,0.1556984137083083,0.6033481493107345
s03M0923,0.16810471044205313,0.0,0.0,0.0,0.0,0.055581154335811594,0.0,0.0,0.1780885936925875,0.5982255415295478
s04M0923,0.15922447266813258,0.0,0.0,0.0,0.0,0.06765476407372319,0.0,0.00123100145448,0.20558102570826267,0.5663087360954016
s05M0923,0.2202244479849143,0.0,0.011904723675470649,0.0,0.0005392152806430667,0.10231486824521514,0.0,0.06223114995814915,0.17412894387122224,0.4286566509843854
s06M0923,0.13428130952012451,0.0,0.0,0.0,0.0,0.051545037797925866,0.0,0.0,0.23684231882297901,0.5773313338589705
s07M0923,0.030573256256371004,0.0,0.0,0.0,0.0,0.019409193669670585,0.0,0.0,0.26359765309989736,0.6864198969740611
s08M0923,0.0,0.9822329499148824,0.0044850739070661505,0.0,5.1864385193175056e-05,0.0,0.0,0.0026429438367574203,0.0,0.010587167956100704
s09M0923,0.0,0.9613763544539585,0.0005216878787287164,0.017150135550128766,0.00017170617496720884,0.0,0.0,0.013397585362226532,0.0,0.007382530579990271
s10M0923,0.0,0.9503125797288806,0.003953763631311432,0.028873504415660504,0.0,0.0,0.0,0.0,0.0,0.016860152224147506
s11M0923,0.0,0.851574395726553,0.0,0.05304745474403316,0.0,0.0020887317323624545,0.0,0.07477881571526812,0.0,0.018510602081783317
s12M0923,0.0,0.8187605706559961,0.0,0.0,0.0,0.008915731295711512,0.0,0.0957588250763948,0.001961660189463259,0.07460321278243459
s13M0923,0.0,0.7984157368724432,0.0,0.005054934258436449,0.0,0.006090337176412352,0.0,0.13808501634700798,0.0,0.05235397534570007
s14M0923,0.0,0.19519287621587092,0.0,0.0,0.0,0.05350115235330568,0.0,0.17149865527409594,0.08962536093838905,0.49018195521833846
s15M0923,0.0,0.0,0.0,0.0,0.0,0.04701343675531216,0.0,0.009189739840658002,0.38749394299440393,0.5563028804096258
s01X0923,0.12343770577684225,0.0,0.0,0.0,0.0,0.02030954834321041,0.0,0.0,0.19589319070883662,0.6603595551711108
s02T0923,0.0,0.0,0.33843875991164507,0.0,0.0,0.006982215379914555,0.0,0.0,0.009365625179111624,0.6452133995293289
s03T0923,0.0,0.0,0.4096808150623459,0.004422902631634877,0.0,0.00862117791606244,0.0,0.0,0.0,0.5772751043899568
s04T0923,0.0,0.0,0.3077217309881922,0.003277491733176368,0.0,0.006405471925549294,0.0,0.0,0.0,0.6825953053530821
s05T0923,0.0,0.008573999699201649,0.47176922493708034,0.0164091369825069,0.0,0.019481591023064692,0.0,0.0,0.0,0.4837660473581464
s06T0923,0.0,0.0013285869012011774,0.39376842596965933,0.02215338607065354,0.0,0.03923440759641887,0.0,0.0,0.0,0.5435151934620671
s07T0923,0.0,0.009442299313723505,0.45985217069303996,0.011347581924999397,0.0,0.02593115462714114,0.0,0.0,0.008266990511830845,0.48515980292926514
s08T0923,0.0,0.9946647040242208,0.0,0.0,0.00014269290848679643,0.0,0.0,0.0,0.0,0.005192603067292498
s09T0923,0.0,0.9861656927664235,0.00223684524438695,0.0017718994030070637,0.0006721845456755071,0.0,0.0,0.0,0.0,0.00915337804050713
s10T0923,0.0,0.9689130085396737,0.0025215974135477295,0.01548397973911998,0.00019596350558849683,0.0,0.0,0.0008876287870206584,0.0,0.011997822015049616
s11T0923,0.0,0.9052456700497008,0.0,0.0262518935297665,0.0,0.0,0.0,0.05921277231082515,0.0,0.009289664109707513
s12T0923,0.0,0.8637675037083943,0.0,0.031246414130504566,0.0,0.0,0.0,0.0909520270107927,0.0,0.014034055150308422
s13T0923,0.0,0.7449101100999871,0.0,0.007120785598251545,0.0,0.0,0.0,0.23055778703568744,0.0,0.01741131726607393
s14T0923,0.0,0.5396133764296211,0.0,0.030315493727717517,0.0,0.01582988417759697,0.0,0.2890977171917658,0.0,0.1251435284732986
s15T0923,0.0,0.1262085184589896,0.0,0.0,0.0,0.029096687968574533,0.0,0.017473758860720844,0.250202670724346,0.5770183639873692
s02M1023,0.0,0.0,0.4953852658891794,0.0,0.0,0.004213831138243618,0.0,0.0,0.0,0.500400902972577
s03M1023,0.0,0.00397615737113092,0.4404336953799707,0.0,0.0,0.007790019571798625,0.0,0.0,0.0,0.5478001276770998
s04M1023,0.0,0.007906577027057842,0.3599392512526867,0.020387404798986923,0.0,0.0,0.0,0.0,0.0,0.6117667669212684
s05M1023,0.0,0.00033718044960162803,0.34709735194704733,0.018332629944582925,0.0,0.002389311081952749,0.0,0.0,0.0,0.6318435265768154
s06M1023,0.0,0.01860748529092791,0.3522546638400261,0.015252418466733947,0.0,0.008567435944761866,0.0010165474399015555,0.0,0.0,0.6043014490176485
s07M1023,0.0,0.005556655760574111,0.269178254259353,0.0,0.0,0.00013022678945025663,0.0,0.0,0.0,0.7251348631906226
s08M1023,0.0,0.9897645111440337,0.0016254594239423058,0.0,0.00031846855891517627,0.0,0.0,0.0,0.0,0.008291560873108637
s09M1023,0.0,0.9082891770890427,0.0,0.03743209069060885,0.0,0.0,0.0,0.0509770488795231,0.0,0.0033016833408253746
s10M1023,0.0,0.1316664286359461,0.0,0.054628225504280925,0.0,0.041918115605444194,0.0,0.5574001632738221,0.0,0.21438706698050664
s11M1023,0.0,0.8886984169144108,0.0,0.011552520025721621,1.0970494877613862e-05,0.0016638487717860974,0.0,0.08129615109457819,0.0,0.016778092698625614
s12M1023,0.0,0.8765225956654676,0.0,0.04678901595078563,0.0,0.0,0.0,0.06705643531075343,0.0,0.009631953072993459
s13M1023,0.0,0.6492942710143113,0.018358455662194163,0.09039877246489005,0.0,0.0,0.0,0.17124459420375465,0.0,0.07070390665484985
s14M1023,0.0,0.2457102357824418,0.10887698662118384,0.029157989045026474,0.0,0.033759875757173936,0.0,0.06989578402812126,0.031086229702925773,0.48151289906312683
s15M1023,0.0,0.0688059301702018,0.2476854241545117,0.01985394654751289,0.0,0.018834224135794927,0.0,0.03616121063158231,0.045872486265061685,0.5627867780953346
s01X1023,0.0,0.0,0.3448725259804969,0.0,0.0,0.01702170481585793,0.0,0.0,0.04262472810045294,0.5954810411031923
s02T1023,0.0,0.0,0.3109576405522825,0.0,0.0,0.013526332008235505,0.0,0.0,0.08189360308830568,0.5936224243511765
s03T1023,0.01782092551562226,0.0,0.18678497139602987,0.0,0.0,0.0023629850637243914,0.0,0.0,0.12747547018859925,0.6655556478360242
s04T1023,0.0,0.0,0.32253990181940867,0.0,0.0,0.020343934880985712,0.0,0.0,0.042780479379286994,0.6143356839203187
s05T1023,0.0,0.0,0.09464006010238009,0.0,0.0,0.0044910773329378114,0.0,0.0,0.11034051002578367,0.7905283525388984
s06T1023,0.0,0.0,0.2767131751213874,0.008678877873784453,0.0,0.00517607294251953,0.0,0.0,0.0351736126922943,0.6742582613700143
s07T1023,0.0,0.005363069358969656,0.39862920995074663,0.005368682809519668,0.0,0.012584793854581302,0.0,0.0,0.08050135730661143,0.49755288671957126
s08T1023,0.0,0.8813776162105811,0.0,0.023649774566936402,0.0,0.0,0.0,0.09497260922248255,0.0,0.0
s09T1023,0.0,0.7223517489455735,0.002307294020985218,0.0843463631365289,0.0,0.0,0.0,0.1688303445255359,0.0,0.02216424937137649
s10T1023,0.0,0.6653386106680329,0.0,0.039475159749340724,0.0,0.0035404456505793184,0.0,0.25497261500446894,0.0,0.036673168927578
s11T1023,0.0,0.5352644860473409,0.0,0.027869668188397163,0.0,0.01937102813644742,0.0,0.3147503350559723,0.0,0.10274448257184235
s12T1023,0.0,0.8542456422416937,0.0,0.00039607220702301535,0.0,0.0,0.0,0.12202483719410323,0.0,0.023333448357179865
s13T1023,0.0,0.9204176746074783,0.0,0.0,0.0,0.0,0.0,0.0516276339989682,0.0,0.027954691393553527
s14T1023,0.0,0.8686542223164956,0.0,0.0,0.0,0.0,0.0,0.04066707838896447,0.0,0.0906786992945399
s15T1023,0.0,0.061692053045718086,0.2988210654020644,0.0012490898288941893,0.0,0.017523800642826146,0.0,0.07090076116514027,0.06394199240746387,0.485871237507893
s02M1123,0.0,0.00342150681220003,0.2804245193098923,0.0,0.0,0.00662018079243598,0.0,0.0,0.13309192781624013,0.5764418652692315
s03M1123,0.0,0.0,0.2652937269787957,0.0,0.0,0.0010654530400318741,0.0,0.0,0.14107137299058822,0.5925694469905841
s04M1123,0.0,0.0,0.3010344647316479,0.0018671732386322188,0.0,0.0,0.0,0.0,0.07632194003529917,0.6207764219944206
s05M1123,0.0,0.0,0.46733555906013247,0.004949460017216378,0.0,0.0,0.0,0.0,0.02254568877989654,0.5051692921427545
s06M1123,0.0,0.0050162982395455,0.18514826576387888,0.013251748512526999,0.0,0.0,0.0,0.0,0.11251629152521395,0.6840673959588347
s07M1123,0.0,0.0,0.34408182523701253,0.0,0.0,0.0,0.0,0.0,0.09111467933308431,0.5648034954299032
s08M1123,0.0,0.9652867223924537,0.0011120902250587746,0.017604443545696673,0.0,0.0,0.0,0.010905875250136457,0.0,0.005090868586654403
s09M1123,0.0,0.7994932833801973,0.0013950186400498992,0.00334896654515719,0.0,0.005690039479052806,0.0,0.10604732098362643,0.0,0.08402537097191635
s10M1123,0.0,0.07778692319914822,0.01039487387300267,0.0,0.0,0.04684141259247158,0.0,0.3045831267491226,0.12905324229054702,0.431340421295708
s11M1123,0.0,0.5445880884773684,0.0,0.0,0.0,0.014879707636436467,0.0,0.2066920194113748,0.0,0.23384018447482027
s12M1123,0.0,0.470393703210928,0.0,0.0,0.0,0.0,0.0,0.12807731202100717,0.07854380868318525,0.32298517608487953
s13M1123,0.0,0.24304051225412052,0.0,0.0,0.0,0.007744691927587206,0.0,0.16286473654529562,0.21939652973089308,0.36695352954210353
s14M1123,0.0,0.1820665299666674,0.0,0.0,0.0,0.0014342390950304279,0.0,0.1267733201711199,0.32146688428073344,0.36825902648644876
s15M1123,0.0,0.06358051067077947,0.055231750576074504,0.0,0.0,0.0,0.0,0.04239012264499474,0.33712143594871313,0.501676180159438
s01X1123,0.0,0.0,0.6097225648514968,0.0,0.0,0.0,0.0,0.0,0.027802227737441367,0.36247520741106176
s02T1123,0.0,0.0,0.21271869790106784,0.0,0.0,0.0,0.0,0.0,0.0783716310510273,0.7089096710479048
s03T1123,0.0,0.0,0.24917564246763454,0.0,0.0,0.0,0.0,0.0,0.02597338523329428,0.7248509722990711
s04T1123,0.0,0.0,0.4474222230673176,0.0,0.0,0.0,0.0,0.0,0.016386806903948704,0.5361909700287337
s05T1123,0.0,1.4830540108995623e-05,0.5014091793513695,0.0,0.0,0.0,0.0,0.0,0.03328534232040886,0.46529064778811263
s06T1123,0.0,0.0,0.39308059591498473,0.004082716267376843,0.0,0.0,0.0,0.0,0.0049598980455860635,0.5978767897720524
s07T1123,0.0,0.0,0.510710703746439,0.0,0.0,0.0,0.0,0.0,0.03476322677312122,0.4545260694804398
s08T1123,0.0005329708725378226,0.9911322308671497,0.00042365939130453023,0.0,0.0,0.0,0.0,0.0,0.0,0.007911138869007874
s09T1123,0.0,0.970106448206794,0.0,0.0,0.0,0.0,0.0,0.021138470551329353,0.0,0.00875508124187669
s10T1123,0.0,0.8390189744372031,0.0,0.0,0.0,0.0,0.0,0.12488077610993703,0.0,0.036100249452859924
s11T1123,0.0,0.7160899814834092,0.0,0.0,0.0,0.0017709255075971846,0.0,0.10020409684414493,0.04958315400352163,0.1323518421613271
s12T1123,0.0,0.8309261717134927,0.0,0.0,0.0,0.0,0.0,0.1204531883882562,0.0013927544244168224,0.04722788547383443
s13T1123,0.0,0.8265888663845797,0.0,0.0,0.0,0.0,0.0,0.0805919674906113,0.016547155229710852,0.07627201089509797
s14T1123,0.0,0.503608074573673,0.0,0.0,0.0,0.0,0.0,0.06987990621911402,0.15546251791747645,0.2710495012897365
s15T1123,0.0,0.04364242334665498,0.06939640225401116,0.0,0.0,0.006464801686658311,0.0,0.04052179342306443,0.3859880204176395,0.45398655887197165
s02M1223,0.0,0.0,0.2060278431959275,0.0,0.0,0.0,0.0,0.0,0.19562567855321544,0.5983464782508571
s03M1223,0.0,0.01602691050231262,0.05210630415528613,0.019145526321887978,0.0011151865981402513,0.0,0.0034507230286150025,0.0,0.1437479683959002,0.7644073809978579
s04M1223,0.0,0.001339853735968416,0.38555719237581576,0.009002951625056124,0.0,0.007706164115094577,0.0,0.0,0.07480428809915238,0.5215895500489128
s05M1223,0.0,0.0,0.21878988348201586,0.011151926392297822,0.0,0.0,0.0,0.0,0.1721159485280787,0.5979422415976077
s06M1223,0.0,0.0,0.1724092138614834,0.009439997629367083,0.0,0.0001694856810744917,0.0,0.0,0.1905981733831532,0.6273831294449218
s07M1223,0.0,0.0,0.08621984334304292,0.0,0.0,0.0,0.0,0.0,0.381398235126814,0.5323819215301431
s08M1223,0.0,0.9274821898729835,0.0,0.0,0.0,0.0,0.0,0.07251781012701651,0.0,0.0
s09M1223,0.0,0.6729483461252448,0.0,0.0,0.0,0.0,0.0,0.31364373015011826,0.003979875156637798,0.00942804856799911
s10M1223,0.0,0.07035093803140109,0.0,0.0,0.0,0.02887892988331873,0.0,0.27344299716391673,0.2647999335203024,0.3625272014010611
s11M1223,0.0,0.4440052133117544,0.0,0.0,0.0,0.008012544666868964,0.0,0.3179676253984287,0.09459435112218162,0.13542026550076625
s12M1223,0.0,0.4356724922000638,0.0,0.0,0.0,0.0,0.0,0.12481860514463379,0.22750848788891448,0.2120004147663879
s13M1223,0.0,0.1069851989414625,0.0,0.0,0.0,0.0,0.0,0.03484501335290886,0.6204442867935466,0.23772550091208206
s14M1223,0.0,0.061739944093575416,0.0,0.0,0.0,0.0,0.0,0.019398975876685452,0.536550062112624,0.38231101791711514
s15M1223,0.0,0.05219440397272909,0.0,0.0,0.0,0.0,0.0,0.0,0.4737290859923629,0.47407651003490797
s01X1223,0.0,0.0,0.4423122304272883,0.018618076219547086,0.0,0.024959931559159206,0.0,0.0,0.0771870339812406,0.43692272781276476
s02T1223,0.0,0.008610051368389706,0.3979177963343215,0.008734192022725419,0.0,0.0,0.0,0.0,0.11728523962259856,0.46745272065196486
s03T1223,0.0,0.0,0.3484772132282565,0.0,0.0,0.0,0.0,0.0,0.1882050223762909,0.4633177643954527
s04T1223,0.0,0.0,0.28146464058247495,0.012559142098234808,0.0,0.005883631627576106,0.0,0.0,0.11362076077228032,0.5864718249194338
s05T1223,0.0,0.0,0.2536800012689792,0.002970931068502612,0.0,0.0,0.0,0.0,0.19001342455188278,0.5533356431106353
s06T1223,0.0,0.0,0.2777872672957361,0.0006767337501372858,0.0,0.012686895822916253,0.0,0.0,0.2593399918567083,0.44950911127450194
s07T1223,0.0,0.0,0.36319037928803694,0.01800054251625095,0.0,0.029937349991643537,0.0,0.011352102446753285,0.14224906144814467,0.43527056430917066
s08T1223,0.0,0.8542956348663179,0.0,0.0,0.0,0.0,0.0,0.14570436513368212,0.0,0.0
s09T1223,0.0,0.6491133864896558,0.0,0.0,0.0,0.0,0.0,0.26531043840127944,0.01187977357801064,0.07369640153105404
s10T1223,0.0,0.00981607866774821,0.03826426425846094,0.0,0.0,0.017305683252807715,0.0,0.1326176354595657,0.3445682721877053,0.4574280661737122
s11T1223,0.0,0.6506044773397142,0.0,0.0,0.0,0.0,0.0,0.1710037991051387,0.04738387232348362,0.13100785123166353
s12T1223,0.0,0.4837707820071216,0.0,0.0,0.0,0.0,0.0,0.06525517736374535,0.2135960641039344,0.23737797652519863
s13T1223,0.0,0.1732353925358078,0.0,0.0,0.0,0.006288523823370679,0.0,0.0949775398178417,0.39939010455454993,0.32610843926842986
s14T1223,0.0,0.09126770758300962,0.0,0.0,0.0,0.003688956871862348,0.0,0.04557368167448268,0.45869194594308876,0.4007777079275566
s15T1223,0.0,0.0020219280615669916,0.214884296800026,0.004140308734290949,0.0,0.013914974950456988,0.0,0.10458611849888809,0.32129765778825775,0.33915471516651324
s02M1323,0.0,0.021264733603677397,0.4420808627830763,0.0,0.0,0.020159233865361302,0.0014698869165873404,0.03363526552354029,0.16031091878138304,0.32107909852637434
s03M1323,0.0,0.0020112557181833674,0.18421285998522294,0.004568482761847783,0.0,0.0,0.005827076763562067,0.0,0.38314550428346716,0.4202348204877167
s04M1323,0.0,0.0,0.19196412209204722,0.006415774777161968,0.0,0.005384130640036471,0.0010892427195177195,0.0,0.31736107526739316,0.4777856545038436
s05M1323,0.0,0.006526796652473617,0.1546679773376444,0.0048581045342988806,0.0,0.006682903234498112,0.0011078348603187507,0.0,0.3650579338589513,0.4610984495218149
s06M1323,0.0,0.0,0.1907578059419805,0.0018703286567783321,0.0,0.0,0.0,0.0,0.31232319313731915,0.4950486722639221
s07M1323,0.0,0.0,0.1860228831338401,0.0,0.0,0.0,0.0,0.0,0.4036595316990766,0.4103175851670833
s08M1323,0.0,0.8479497651606756,0.0,0.0,0.0,0.0,0.0,0.15205023483932445,0.0,0.0
s09M1323,0.0,0.9032030932751544,0.0,0.0,0.0,0.0,0.0,0.09679690672484566,0.0,0.0
s10M1323,0.0,0.551220138403519,0.0,0.0,0.0,0.004657562808140966,0.0,0.24084642083491908,0.07755656282001322,0.12571931513340776
s11M1323,0.0,0.6657374820105438,0.0,0.0,0.0,0.0,0.0,0.280578757879418,0.012133519900774348,0.041550240209263886
s12M1323,0.0,0.03745903652196783,0.0,0.0,0.0,0.013597118237178315,0.0,0.10581005710969955,0.44810985160729744,0.3950239365238568
s13M1323,0.0,0.010638406821272614,0.0,0.0,0.0,0.006316110861793233,0.0,0.05221017563966767,0.5625395195109858,0.3682957871662806
s14M1323,0.0,0.013241173848492452,0.0,0.0,0.0,0.0,0.0,0.05165006091362433,0.5783366466221124,0.3567721186157709
s15M1323,0.0,0.0,0.09620251377489511,0.0,0.0,0.005889075834769997,0.0,0.08800458143340181,0.3509490223552314,0.4589548066017016
s01X1323,0.0,0.0,0.3031439846780693,0.0,0.0,0.011462296056672093,0.0,0.0,0.2937476163724407,0.3916461028928178
s02T1323,0.0,0.0,0.12604567011362716,0.0,0.0,0.004083160179475583,0.0,0.0,0.48715843532892855,0.38271273437796877
s03T1323,0.0,0.0,0.041481496565453684,0.0,0.0,0.0,0.0,0.0,0.6407085532726878,0.3178099501618585
s04T1323,0.0,0.0,0.01623375142614241,0.0,0.0,0.0,0.0,0.0,0.5994496091099313,0.3843166394639264
s05T1323,0.0,0.0,0.02220248093407235,0.0,0.0,0.0,0.0,0.0,0.601274110135219,0.3765234089307086
s06T1323,0.0,0.0,0.015139592189056455,0.0,0.0,0.0,0.0,0.0,0.5251280195606398,0.4597323882503037
s07T1323,0.0,0.0,0.15326480645561125,0.013611897619839533,0.0,0.03534466856952352,0.0,0.015386218065329514,0.15475553079942844,0.6276368784902678
s08T1323,0.0,0.8762897034068293,0.0,0.0,0.0,0.0,0.0,0.12371029659317065,0.0,0.0
s09T1323,0.0,0.5549539622850556,0.0024719241431275336,0.019977242870197826,0.0,0.0007379953350738269,0.0,0.36266934114322147,0.0035062857178514814,0.05568324850547226
s10T1323,0.0,0.28451983457617375,0.0,0.0,0.0,0.016052421290247035,0.0,0.21150384013439308,0.21251326953824418,0.27541063446094194
s11T1323,0.0,0.5162072697994355,0.0,0.013681556918086197,0.0,0.0,0.0,0.15354733013151328,0.2068086995513472,0.10975514359961777
s12T1323,0.0,0.2884700541977539,0.0,0.0,0.0,0.025034027744789855,0.0,0.4287767667920166,0.07839623805114879,0.1793229132142907
s13T1323,0.0,0.267439771035742,0.0,0.0,0.0,0.02848311088770202,0.0,0.41661739883062354,0.09357504367573513,0.19388467557019726
s14T1323,0.0,0.19740268742391212,0.01917840690049089,0.004752991200015449,0.0,0.025803425490836113,0.0,0.2954489674146608,0.1925926318477576,0.2648208897223271
s15T1323,0.0,0.041784284601594154,0.1297444336963902,0.026366341485795794,0.0,0.05988178249093597,0.0,0.20900455222282444,0.11674274431730491,0.4164758611851545
s02M1423,0.06783681301641795,0.0,0.284843025377102,0.0,0.0,0.03458851994392121,0.0025732298324675556,0.09034170212906921,0.047785466058461415,0.4720312436425607
s03M1423,0.1626736537519381,0.0,0.359755998070619,0.0020695412436495322,0.0005213294890915888,0.026825791048093885,0.015437709941930514,0.07189240740236404,0.0,0.3608235690523134
s04M1423,0.0602176060624577,0.0,0.08448954456730648,0.006585671510182468,0.0004010222526836965,0.02538383671591028,0.0010311410280747701,0.07762114298410483,0.16645137541469124,0.5778186594645885
s06M1423,0.06980296546812605,0.0,0.15928896313723181,0.0,0.0,0.026112282596474735,0.0,0.043831183627799024,0.2009001600029638,0.5000644451674046
s07M1423,0.0,0.0,0.16086111819743962,0.0,0.0,0.020362347844863214,0.0,0.036297658682434585,0.26729765363078883,0.5151812216444738
s08M1423,0.0,0.8381414357976117,0.0,0.0,0.0,0.0,0.0,0.16185856420238837,0.0,0.0
s09M1423,0.0,0.6972075322973563,0.0,0.0,0.0,0.0,0.0,0.3027924677026437,0.0,0.0
s10M1423,0.0,0.7535124506984668,0.0,0.0011955849649702935,0.0,0.0,0.0,0.24529196433656286,0.0,0.0
s11M1423,0.0,0.4824403489891376,0.0,0.026690343908961772,0.0,0.0,0.0,0.4884307129444662,0.0,0.002438594157434439
s12M1423,0.0,0.22362588008774828,0.009617353063370854,0.06847111126906255,0.0,0.0028560334032472832,0.0,0.5425569274465118,0.03761215785525248,0.1152605368748069
s13M1423,0.0,0.4349075336387858,0.0,0.0030846379622612875,0.0,0.0,0.0,0.4951880167738814,0.01677831503447893,0.05004149659059263
s14M1423,0.0,0.16055190383014337,0.0,0.0035562505898795002,0.0,0.018632843897610954,0.0,0.2831111861993691,0.34780975333190145,0.18633806215109555
s15M1423,0.0,0.018268999432696807,0.08756870534236809,0.02912034306394911,0.0,0.020641668367515218,0.0,0.13469488181055922,0.31891628314606213,0.39078911883684947
s01X1423,0.0,0.0,0.2126121063589215,0.0,0.0,0.0,0.0,0.0,0.41491108535359333,0.3724768082874853
s02T1423,0.0,0.0,0.3239796564994594,0.0,0.0,0.012094310541202361,0.0,0.014573004864589966,0.2431493563512783,0.40620367174346994
s03T1423,0.0,0.0,0.3379324739400911,0.0,0.0,0.013903756099721745,0.0,0.017044113953498505,0.30303916677612724,0.3280804892305614
s04T1423,0.0,0.026994179738177443,0.22784612965388515,0.0,0.0,0.01751082251528857,0.0,0.020692420860971703,0.3377592634218181,0.369197183809859
s05T1423,0.0,0.023280785674271866,0.13634249259071676,0.00021424069582215536,0.0,0.006975352752518862,0.0,0.015235303579598177,0.4129150947639446,0.40503672994312756
s06T1423,0.0,0.020781980063933253,0.18957534169582982,0.0,0.0,0.008635140951393883,0.0008359001645289651,0.019007601024455974,0.38505984818697697,0.37610418791288114
s07T1423,0.0,0.010616587892851598,0.20709451642523774,0.0,0.0,0.004076415097376565,0.0,0.01227017458489981,0.3156373644602514,0.4503049415393829
s08T1423,0.0,0.8442549497753,0.0011110673228864841,0.009566317237684238,0.0,0.0,0.0,0.14506766566412915,0.0,0.0
s09T1423,0.0,0.7269602600597995,0.0,0.0,0.0,0.0,0.0,0.27303973994020053,0.0,0.0
s10T1423,0.0,0.46681461787851514,0.0,0.0,0.0,0.0,0.0,0.5331853821214848,0.0,0.0
s11T1423,0.0,0.6105420764110878,0.0,0.04585345782707272,0.0,0.0,0.0,0.34360446576183956,0.0,0.0
s12T1423,0.0,0.7106743061008775,0.0,0.006934935728517088,0.0,0.0,0.0,0.28239075817060544,0.0,0.0
s14T1423,0.0,0.6196564822393725,0.0,0.016546462278659742,0.0,0.0,0.0,0.36379705548196783,0.0,0.0
s15T1423,0.0,0.5865508975482645,0.0,0.03701971914921546,0.0,0.0,0.0,0.34738256277301666,0.006980431479153743,0.022066389050349463
s02M1523,0.3152414525975319,0.0,0.13866235437980523,0.0,0.0,0.03170065197323711,0.0,0.054239331112064554,0.0,0.46015620993736117
s03M1523,0.05147059854953728,0.0,0.08854356438176345,0.0,0.0,0.015504669021213703,0.0,0.09640543005673831,0.0,0.7480757379907472
s04M1523,0.0,0.0,0.007231864857805011,0.0,0.0,0.0004547517112162177,0.0,0.10781228091676533,0.09414705523989599,0.7903540472743175
s05M1523,0.0,0.0,0.0,0.0,0.0,0.0106500237682365,0.0,0.13144108805451812,0.05189165389409936,0.806017234283146
s06M1523,0.0,0.0,0.018792892874746225,0.0,0.0,0.0,0.0,0.14538457660857326,0.0,0.8358225305166805
s07M1523,0.0,0.0,0.2303646660888048,0.0,0.0,0.0015297663987820674,0.0005548332079831715,0.16475514772564281,0.0,0.6027955865787871
s08M1523,0.0,0.6427570638139369,0.002946291344388137,0.04973311686506874,0.0,0.0,0.0,0.2897089699250215,0.0,0.014854558051584763
s09M1523,0.0,0.4693262443538199,0.008154934125796279,0.030857454425592127,0.0,0.0,0.0,0.4896505422534872,0.0,0.002010824841304528
s10M1523,0.0,0.3179232543610633,0.0,0.0,0.0,0.003842337597828894,0.0,0.6605633921305756,0.004089793804877086,0.01358122210565502
s11M1523,0.0,0.15231733962478625,0.022654169933880683,0.09907120717548683,0.0,0.0,0.0,0.6262382152507759,0.0,0.09971906801507034
s12M1523,0.0,0.28999633909917044,0.0,0.030439350050238297,0.0,0.0,0.0,0.6341444269860842,0.0,0.045419883864507064
s13M1523,0.0,0.273213658212886,0.0,0.0,0.0,0.0,0.0,0.6875544471580447,0.0,0.039231894629069175
s14M1523,0.0,0.30089674099618263,0.0,0.0,0.0,0.006861431396223094,0.0,0.3297591597173692,0.2589622800059279,0.10352038788429715
s15M1523,0.0,0.05230545507074166,0.05078547522656672,0.02045731587126825,0.0,0.030912677814930487,0.0,0.42135981433987774,0.10042725279223025,0.3237520088843848
s01X1523,0.0,0.003141038192820735,0.3487987796314149,0.0,0.0,0.010198570697923168,0.007423404769017905,0.04667026182274923,0.05429194508635426,0.5294759997997198
s02T1523,0.0,0.004668752897725536,0.4807894987269265,0.0,0.0,0.012212299942001797,0.0,0.040329288575603674,0.02022063735377947,0.44177952250396296
s03T1523,0.0,0.0,0.5223041834080715,0.0,0.0,0.018489607049581493,0.0015804636838451698,0.04872989382206938,0.035933444452186984,0.37296240758424554
s04T1523,0.0,0.0,0.2396230292512893,0.0,0.0,0.0,0.0,0.0,0.1703872431219115,0.5899897276267991
s05T1523,0.0,0.0,0.3454763157756237,0.0,0.00028476967822129394,0.033591127045041004,0.011308934338656186,0.09192191539961211,0.06989113533578581,0.4475258024270598
s06T1523,0.0,0.0,0.4138043230699274,0.0,0.0,0.04154588354273003,0.0018851146266163914,0.07101361406230423,0.07638272045530019,0.39536834424312167
s07T1523,0.0,0.0,0.35017805989158823,0.0,0.0,0.018196836606221577,0.0,0.03321826873648793,0.19402114770158257,0.4043856870641197
s08T1523,0.0,0.7370419846741694,0.005733500402798904,0.0,0.0,0.0,0.0,0.2572245149230318,0.0,0.0
s09T1523,0.0,0.42240891717440515,0.03561032551643939,0.07149182275365971,0.0,0.0,0.0,0.4704889345554956,0.0,0.0
s10T1523,0.0,0.11326062400974732,0.009973258952593279,0.01642291834166453,0.0,0.041193102645168005,0.0,0.6845349639811901,0.0,0.1346151320696369
s11T1523,0.0,0.1676031214200234,0.0,0.0,0.0,0.03826724074986516,0.0,0.4482742221628135,0.19998619093443368,0.1458692247328643
s12T1523,0.0,0.4615059592631174,0.0,0.00882319002077771,0.0,0.009341160054216688,0.0,0.45280791427175365,0.02398475510095943,0.04353702128917506
s13T1523,0.0,0.03687517887705778,0.004898234418865207,0.0,0.0,0.07185188141513509,0.0,0.6371592765229068,0.0504607595993085,0.19875466916672666
s14T1523,0.0,0.0,0.0,0.0,0.0,0.07576642088509299,0.0,0.3834826381750462,0.3236463063668311,0.21710463457302975
s15T1523,0.0,0.0,0.06577942377169581,0.0,0.0,0.04555921098007201,0.0,0.1706731942736328,0.3962842154049002,0.3217039555696992
s02M1623,0.16110048064016338,0.03770277821951382,0.28909923332719206,0.0,0.0,0.005710872137929562,0.005738036583777701,0.08230324135673019,0.10312411310730729,0.31522124462738604
s03M1623,0.03232263529085512,0.0,0.13595040874978107,0.0,0.0,0.03768460447110553,0.0,0.11296928211767884,0.317983730699181,0.36308933867139837
s04M1623,0.005364888811149351,0.009136930680178793,0.6710492575020163,0.007973083572654924,0.0,0.017798696085161218,0.0012118538932345856,0.0727433231438294,0.004616312385994953,0.2101056539257806
s05M1623,0.19236525643570146,0.017658246742414667,0.3374652798288438,0.03283095528089753,0.0,0.02506635896173381,0.0070359537964538674,0.11686238770008425,0.019933235225363687,0.25078232602850686
s06M1623,0.06919046369627663,0.004086809625109892,0.1077713381240409,0.007789390018026409,0.0,0.027867503076326943,0.0,0.076003378255953,0.325057107025981,0.38223401017828523
s07M1623,0.0933394133359643,0.0,0.1393356719208714,0.0,0.0,0.03930873970459441,0.0,0.11568196446901963,0.25927581546031264,0.3530583951092376
s08M1623,0.0,0.45919355772266934,0.07349529138329573,0.04203096008024087,0.04185633649082232,0.0,0.0,0.3834238543229717,0.0,0.0
s09M1623,0.0,0.738653163147851,0.03304640455601873,0.003099339685564035,0.0,0.0,0.0,0.2252010926105662,0.0,0.0
s10M1623,0.0,0.5221478988552006,0.024069571789309106,0.028853601830338794,0.0,0.0,0.0,0.42492892752515155,0.0,0.0
s11M1623,0.0,0.4695502847651249,0.01503434758213883,0.04207204734629168,0.0,0.0,0.0,0.47334332030644444,0.0,0.0
s12M1623,0.0,0.32633786216074195,0.020132522977871586,0.0,0.0,0.0,0.0,0.6535296148613865,0.0,0.0
s13M1623,0.0,0.12474127979253581,0.009856002052535912,0.0,0.0,0.0058723319666425956,0.0,0.7731876373403361,0.0,0.08634274884794944
s14M1623,0.0,0.0,0.0,0.0,0.0,0.047221960523501645,0.0,0.706630657176255,0.09966841480932881,0.14647896749091455
s15M1623,0.0,0.0,0.09021482337375963,0.0,0.0,0.10171337302145324,0.0,0.3602384074925155,0.20948783508465363,0.23834556102761784
s01X1623,0.19220278111168668,0.0,0.30887168846112334,0.004056866713836867,0.0,0.03455082067194026,0.009173407968953103,0.10669447046397931,0.07579524828286437,0.26865471632561605
s02T1623,0.4338818438896133,0.0,0.17702845254248167,0.0,0.0,0.006048797526730271,0.024736473441478408,0.11304190458586572,0.02616056851659291,0.21910195949723776
s03T1623,0.40600828280715756,0.0,0.2286829848952044,0.0,0.0,0.005575968638060005,0.05290164518876287,0.09312898267534521,0.0,0.21370213579547
s04T1623,0.5025587417536945,0.0,0.17879368936409923,0.0,0.0,0.0,0.05212155803373183,0.12256998371771767,0.0,0.1439560271307568
s05T1623,0.2517491755601894,0.0,0.15405414705647122,0.0,0.0,0.022551870524459294,0.017493406782169516,0.11112057295755445,0.13679793208205188,0.3062328950371042
s06T1623,0.1741903768210891,0.0,0.0912782061731794,0.0,0.0,0.05020311904652082,0.0,0.17126479611427906,0.17309535381501942,0.33996814802991215
s07T1623,0.2251748848021726,0.0,0.1544341239131967,0.0,0.0,0.013384960467985967,0.013474248917692132,0.10194461792618562,0.1763529784321199,0.3152341855406471
s08T1623,0.0,0.7934625100139187,0.03209541883239783,0.02267326157109538,0.0,0.0,0.0,0.15176880958258812,0.0,0.0
s09T1623,0.0,0.730407230700093,0.005878188124342094,0.0,0.0,0.0,0.0,0.2637145811755649,0.0,0.0
s10T1623,0.0,0.3612118054087826,0.03613458220244085,0.0,0.0,0.0,0.0,0.5915340799355367,0.01111953245323972,0.0
s11T1623,0.0,0.26537719101079993,0.05201525741973885,0.0,0.0,0.0,0.0,0.6826075515694613,0.0,0.0
s12T1623,0.0,0.281560800630139,0.0,0.0,0.0,0.0,0.0,0.7018674222242007,0.016571777145660247,0.0
s13T1623,0.0,0.31164130778851834,0.04060100773569807,0.0,0.0,0.0,0.0,0.6408449959368065,0.006912688538977032,0.0
s14T1623,0.0,0.15417100201390377,0.017485135509865978,0.0,0.0,0.003020547748577488,0.0,0.7083660073274579,0.060994067227885466,0.05596324017230928
s15T1623,0.0,0.0,0.014398170791700629,0.007030872671297351,0.0,0.07043128817317856,0.0,0.2468472532585237,0.3613204276294608,0.29997198747583903
s02M1723,0.03458127673703091,0.0,0.5935087549799424,0.0,0.0,0.007689996146983129,0.0,0.11695846907702272,0.0,0.24726150305902092
s03M1723,0.16496001022412185,0.0,0.1615788725953916,0.005718680227485537,0.0,0.013826743875556673,0.001480994393673078,0.0524624431746024,0.2293913038460616,0.37058095166310734
s04M1723,0.0,0.03268672209631345,0.27573888406417707,0.010319795896010417,0.0,0.006965681302498584,0.0,0.0864598688598117,0.20453153909468794,0.38329750868650087
s05M1723,0.09067141678559516,0.013254525054448359,0.2673498513131264,0.005731440106044792,0.0,0.0067809651348241734,0.004099486965194058,0.06175995894275846,0.149485367255866,0.40086698844214264
s06M1723,0.07368192923474634,0.034831269221922444,0.22872612894534167,0.006181245570995619,0.0,0.007381418432774574,0.008496735240974846,0.1060839770630218,0.14137800281131607,0.39323929347890674
s07M1723,0.038549672744265254,0.0,0.5195724862402393,0.027983768707453553,0.0,0.0,0.012706147396227373,0.10667199646222851,0.056888382541443114,0.23762754590814295
s08M1723,0.0,0.5324122993133783,0.07678918166926953,0.02401685419535966,0.0,0.0,0.0,0.36678166482199254,0.0,0.0
s09M1723,0.0,0.22570298153783314,0.03923155737135274,0.025618656646164317,0.0,0.0,0.002575427442683357,0.7068713770019664,0.0,0.0
s10M1723,0.0,0.0,0.0,0.0,0.0,0.028796463988548297,0.0,0.8988908500741642,0.0,0.07231268593728754
s11M1723,0.0,0.03432180609216611,0.0,0.0,0.0,0.030242687640913993,0.0,0.8886631026817334,0.016370258870726677,0.030402144714459765
s12M1723,0.0,0.0,0.0,0.0,0.0,0.06871662775410714,0.0,0.7765331620484849,0.07173756923595799,0.08301264096145008
s13M1723,0.0,0.0,0.02059236419844081,0.0036046901578011244,0.0,0.0539418399548104,0.0,0.8269275920539771,0.0,0.09493351363497046
s14M1723,0.0,0.0,0.0,0.007707421466776324,0.0,0.05604485589816581,0.0,0.4315290469026644,0.4318704760602,0.07284819967219344
s15M1723,0.0,0.0,0.18351588754364234,0.008337801107102602,0.0,0.02893358461424074,0.0,0.19619231350957458,0.2850152979563894,0.2980051152690504
s01X1723,0.17044913847916704,0.0,0.48765411453263807,0.011618625609394214,0.0,0.009039907469372317,0.010611488697695941,0.11529701258459495,0.024966462353092352,0.170363250274045
s02T1723,0.06184642307310168,0.0,0.5654909546856363,0.0,0.0,0.06828682193223236,0.0015412044131997479,0.055438675248367195,0.1580894593723106,0.08930646127515207
s03T1723,0.08434759513928665,0.008539836000303211,0.44270129676257075,0.0,0.0,0.0827821997096813,0.0,0.0657802306521161,0.18005353014678047,0.1357953115892614
s04T1723,0.16531913241426824,0.0,0.29094568598802517,0.0,0.0,0.06146125147701228,0.006421841506969371,0.12180118301331783,0.08349626609798544,0.2705546395024218
s05T1723,0.09428279701832289,0.021662223230023227,0.19484696172597382,0.0,0.0,0.03815714313410957,0.0,0.09961559472017865,0.32487869243991435,0.2265565877314775
s06T1723,0.13057625452628707,0.022526282502603953,0.2011660777988898,0.0,0.0,0.019227608446107426,0.0,0.10736896942416732,0.2502451065034492,0.2688897007984953
s08T1723,0.0,0.2854970396531137,0.15968583733689792,3.083621238122278e-05,0.0,0.0,0.0019701908194419194,0.5528160959781652,0.0,0.0
s10T1723,0.0,0.266633354134514,0.09613369720384561,0.0,0.0,0.0,0.0,0.6372329486616405,0.0,0.0
s11T1723,0.0,0.25127058785762846,0.05474021203233242,0.022170312043705044,0.0,0.0,0.0,0.671818888066334,0.0,0.0
s12T1723,0.0,0.20357037514562237,0.08432220879791397,0.03556897011239281,0.0,0.0,0.0006932470792737458,0.6758451988647971,0.0,0.0
s13T1723,0.0,0.0,0.07408565527709111,0.0,0.0,0.05273381027942902,0.0,0.8197617374961944,0.0,0.05341879694728538
s14T1723,0.0,0.0,0.1719944606768877,0.0,0.0,0.09552764245966547,0.0,0.4788887058790566,0.03978700499355535,0.21380218599083492
s15T1723,0.0,0.0,0.20062323156461587,0.0,0.0,0.04045708544349762,0.0,0.1258383093049006,0.3777353484267926,0.25534602526019323
s02M1823,0.02927032761300773,0.005541742428165054,0.5846041705203712,0.00656244586382118,0.0,0.03970087172532071,0.0,0.09621233289474676,0.08245523649944457,0.15565287245512296
s03M1823,0.0977242595819821,0.0032734565666327456,0.5706650870916914,0.0,0.0,0.02032225634334848,0.005191296675178182,0.06908751927703644,0.12327113450113064,0.1104649899630001
s04M1823,0.08090638993365029,0.007245183238234746,0.48179689457106634,0.0,0.0,0.033393323337147666,0.00826459061116671,0.07700410518009426,0.2018659911892229,0.10952352193941714
s05M1823,0.11088442087742183,0.014705751479092206,0.47098560300854836,0.0,0.0,0.02833287337613761,0.0,0.10429846588027711,0.14880652232873678,0.12198636304978605
s06M1823,0.09676557414838258,0.008368842543140647,0.2397492861949327,0.0,0.0,0.03638634895303804,0.0,0.13935620525982648,0.32915598163970544,0.15021776126097422
s07M1823,0.09354599232337035,0.0,0.21602112610654473,0.0,0.0,0.0441500701206602,0.0,0.09493416554060266,0.39324057855431377,0.15810806735450839
s08M1823,0.0,0.4167763649979204,0.08995384513295614,0.0,0.0,0.0,0.004304267119206063,0.48896552274991745,0.0,0.0
s09M1823,0.0,0.18117116802525687,0.07862419648606934,0.0,0.0,0.0,0.0,0.7363723188470741,0.0038323166415997353,0.0
s10M1823,0.030969766954576882,0.0,0.03610385700446346,0.0,0.0,0.04839583036124374,0.019188832821990884,0.8448795623399035,0.0037893789524167205,0.016672771565404903
s11M1823,0.0,0.06252940735376722,0.06103308577938202,0.014105305651431121,0.0,0.007914103576275469,0.0,0.8407093304381914,0.013708767200952935,0.0
s12M1823,0.0,0.0,0.0,0.0,0.0,0.05515626366481864,0.0,0.9070349987787095,0.03780873755647193,0.0
s13M1823,0.0,0.0,0.0,0.0,0.0,0.03034128067276131,0.0,0.8601031449753069,0.10955557435193179,0.0
s14M1823,0.0,0.0,0.027425247568526698,0.0,0.0,0.12702317462312615,0.0,0.7594655435503012,0.07916452867667326,0.006921505581372623
s15M1823,0.0,0.0,0.2069201270757056,0.0,0.0,0.07834781380027966,0.0,0.46207326811210936,0.1881189742553285,0.06453981675657702
s01X1823,0.13877944811710213,0.01440111029437533,0.5219498753613322,0.0,0.0,0.05628594487872507,0.0005157921042167198,0.03522346916551349,0.08696172191702725,0.1458826381617079
s02T1823,0.1829539845670541,0.012382654264875403,0.2753715523633065,0.0,0.0,0.014832757452002406,0.0,0.01302755833507331,0.29574910830905987,0.20568238470862835
s03T1823,0.11909224736841015,0.017434682322709328,0.3729526746353692,0.0,0.0,0.026513707438133336,0.0,0.01709863431508585,0.22597139114225556,0.2209366627780365
s04T1823,0.18280485452148523,0.014357001919757553,0.10266116668391856,0.0,0.0,0.04240207187069353,0.0,0.0,0.45025880028198384,0.2075161047221613
s05T1823,0.13049988781218386,0.013066424365533864,0.18869422207408382,0.0,0.0,0.04584325653756712,0.0,0.02247893031859671,0.43044443814788474,0.16897284074414984
s06T1823,0.18552896320418422,0.00968492499303975,0.10933755212506992,0.0,0.0,0.02071164269973825,0.0,0.024993948930778175,0.4954056497632869,0.15433731828390268
s07T1823,0.24392459978181152,0.002997763400040803,0.09826195724049366,0.0,0.0,0.002475568468227989,0.0,0.00010883887599936634,0.4966961750020476,0.15553509723137907
s08T1823,0.0,0.3201646907348598,0.17802211094561587,0.0,0.0,0.0,0.0,0.5018131983195243,0.0,0.0
s09T1823,0.0,0.2883332349223976,0.0893107821669325,0.0,0.0,0.0,0.0,0.62235598291067,0.0,0.0
s10T1823,0.0,0.10896250746277975,0.14231895023773544,0.0,0.0,0.0,0.0,0.7484305156506782,0.00028802664880658147,0.0
s11T1823,0.0,0.15947741238881508,0.08817593011305193,0.0,0.0,0.0,0.0,0.752346657498133,0.0,0.0
s12T1823,0.0,0.07133252253934337,0.10185255450691336,0.0014861768248847016,0.0,0.0,0.0,0.8156342004648635,0.009694545663995116,0.0
s14T1823,0.0,0.07785818177322858,0.22243231372854141,0.049147039423260624,0.0,0.0,0.0,0.6200110044061224,0.030551460668847022,0.0
s15T1823,0.0,0.0,0.16773254029464946,0.009074227352985244,0.0,0.11908957181992406,0.0,0.27195322517154485,0.343987172699241,0.08816326266165539
s04M1923,0.0,0.0,0.9519747488541821,0.0,0.0,0.0017261666930490052,0.00982244507039118,0.013728446285034338,0.01413987947268796,0.008608313624655473
s05M1923,0.042564284698504554,0.0,0.8630624999473041,0.0,0.0,0.004069706599956382,0.0030010513248266207,0.03352218348273481,0.004777028767956159,0.04900324517871742
s06M1923,0.09033722794173117,0.0,0.7231823148428036,0.0,0.0,0.012398707339584373,0.00709586723097852,0.0407648188554879,0.009987692810293105,0.11623337097912145
s07M1923,0.35842868464822125,0.0,0.31396547925792206,0.0,0.0,0.013480908423256905,0.0009963111637623812,0.05560877113230552,0.089381557359928,0.16813828801460404
s08M1923,0.0,0.3053003611888476,0.06088027805512777,0.0,0.0,0.0,0.0,0.6338193607560246,0.0,0.0
s09M1923,0.0,0.046954273258606,0.06065737145885306,0.0,0.0,0.004661063853210756,0.0,0.8877272914293302,0.0,0.0
s10M1923,0.0,0.0,0.023767474819792866,0.0,0.0,0.06079936817552113,0.0,0.915433157004686,0.0,0.0
s11M1923,0.0,0.0,0.009653491815636487,0.0,0.0,0.06594082907347869,0.0,0.9240121472865355,0.0003935318243495491,0.0
s12M1923,0.002367568699934481,0.0,0.0,0.001409778782528176,0.0,0.04444290646842801,0.0,0.9411023660634033,0.010677379985705978,0.0
s13M1923,0.013674809975441163,0.0,0.043812277407205794,0.009712962533893739,0.0,0.02987579796905881,0.0,0.8814517858188976,0.02147236629550282,0.0
s14M1923,0.0,0.0,0.0,0.01608212951642433,0.0,0.10667504382978542,0.0,0.8051272589881032,0.07178223914090298,0.0003333285247840908
s15M1923,0.0,0.0,0.12351338990489633,0.0,0.0,0.169745293671291,0.0,0.6100099451921139,0.06754268430682903,0.029188686924869638
s02T1923,0.17145859770421104,0.0009384371849045411,0.7135885318626644,0.0,0.0,0.009985269142697852,0.009181029809994136,0.0313487526398643,0.02872445968217889,0.034774921973485015
s03T1923,0.029470172340518044,0.03611163185699721,0.8161140517795538,0.0,0.0,0.009038524355829747,0.010825145217208608,0.05349460521283919,0.03093613142568872,0.014009737811364735
s04T1923,0.06138976090293176,0.0,0.8675800894459754,0.0,0.0,0.005279412482629625,0.00842587627121088,0.02207989342576116,0.03524496747149114,0.0
s05T1923,0.2623124647527327,0.0008708415173056318,0.5780897899977553,0.0,0.0,0.019655610773992728,0.006691459208433907,0.041859262082286394,0.035849927822946166,0.054670643844547125
s06T1923,0.2670595282599403,0.0,0.5887920831565666,0.0,0.0,0.00604432997212351,0.0026795026773391885,0.039407100024177015,0.021534332687148338,0.07448312322270484
s07T1923,0.13550037716988428,0.0,0.6484420979683598,0.0,0.0,0.04742762655542339,0.015811897743456326,0.07340327980130408,0.05006668368528536,0.02934803707628664
s08T1923,0.0,0.2863885109238684,0.10326059171610205,0.0,0.0,0.0,0.0,0.6103508973600296,0.0,0.0
s09T1923,0.0,0.1510889139713291,0.0807899563018567,0.0,0.0,0.0,0.0,0.7681211297268142,0.0,0.0
s10T1923,0.0,0.0,0.04093759978646863,0.0,0.0,0.05419503403195336,0.0,0.9048673661815779,0.0,0.0
s11T1923,0.0,0.016642209920685477,0.14250461582490892,0.0,0.0,0.03422829241040619,0.0,0.7996177038229059,0.005744095773831863,0.0012630822472616352
s12T1923,0.0,0.0,0.0,0.0,0.0,0.10492153951967702,0.0,0.8861782522831515,0.008900208197171473,0.0
s13T1923,0.0,0.0,0.0185397657248909,0.0,0.0,0.12769481693267087,0.0,0.8408280078998122,0.012937409442625987,0.0
s14T1923,0.029224302397381146,0.0,0.1160754916750597,0.0,0.0,0.22151919016298144,0.0,0.512343132895266,0.11441044572771458,0.006427437141597159
s15T1923,0.12513834541581706,0.0,0.26985423235637673,0.0,0.0,0.12190374117566803,0.0,0.22752033769229946,0.1956536852042439,0.05992965815559475
s05M2023,0.4741645877199908,0.010992198381418709,0.19080147487767055,0.008153019616976233,0.0,0.0014981565440686693,0.0010622451366346967,0.025476633077570466,0.07008956151013196,0.21776212313553794
s06M2023,0.2847269974424597,0.004834912988338473,0.44654675171307223,0.0,0.0,0.02860057770832697,0.0,0.0397987003463828,0.12266014640795982,0.07283191339346
s07M2023,0.2043460018471247,0.0,0.6117458529284645,0.0,0.0,0.027753722850333437,0.0002514147811435482,0.042439346813024185,0.04963114771167379,0.06383251306823597
s08M2023,0.0,0.4823212372431301,0.05013530399105291,0.0,0.0,0.0,0.004021257433602479,0.4635222013322146,0.0,0.0
s09M2023,0.0,0.1462267211653064,0.013093238451428223,0.0,0.0,0.007996717653692208,0.0,0.832683322729573,0.0,0.0
s10M2023,0.0,0.0,0.0027684104787726966,0.0,0.0,0.04764180034832331,0.015535092589914703,0.9280616277257444,0.005993068857244847,0.0
s11M2023,0.014517461140137028,0.0,0.021811521095785047,0.0,0.0,0.029098330732927946,0.0030825551499547377,0.9200647924117762,0.011425339469418982,0.0
s12M2023,0.023024090943233797,0.0,0.047612769387162045,0.040500867846951775,0.0,0.07746951692815718,0.006812069872612246,0.731982757140352,0.07259792788153098,0.0
s13M2023,0.03527321740430542,0.0,0.04081748906438717,0.04518366375589356,0.0,0.05954604080819681,0.0274349298996919,0.6855719138220857,0.10617274524543945,0.0
s14M2023,0.016948149937661566,0.2897258485843183,0.030809676704184275,0.0,0.0,0.15894297846747668,0.0,0.40215170038349574,0.10142164592286328,0.0
s15M2023,0.3165194035037763,0.0,0.2954303453328531,0.0,0.0,0.11012235443948573,0.0,0.10926702652298938,0.12915707934152934,0.039503790859366165
s01X2023,0.41928490168846866,0.0,0.45130364108123755,0.0,0.0,0.016434066659305684,0.0,0.0,0.04909769342538988,0.0638796971455984
