,0,1,2,3,4,5,6,7,8,9,10,11,12,13,14,15,16
s02T1622,0.4040068728285716,0.0,0.0,0.0,0.0,0.01717260791340411,0.0,0.0,0.15709452607004123,0.015671044421108817,0.0,0.0,0.004192077566371523,0.4018628712005026,0.0,0.0,0.0
s03T1622,0.47091378569735254,0.0,0.0,0.0,0.0,0.016483257060911038,0.0,0.0008144829865952682,0.12100544019294172,0.020698011012914453,0.002111690933276936,0.0,0.008824213247044495,0.31569965095033,0.0,0.04344946791863356,0.0
s04T1622,0.3107702174268457,0.0,0.0,0.0,0.0,0.016202312654652343,0.0,0.004111758916175357,0.10897861822980869,0.03739731265211785,0.0,0.0,0.008090990774523948,0.5056969372015322,0.0,0.008751852144343812,0.0
s05T1622,0.42596727842780197,0.0,0.0,0.0,0.0,0.018471118881555337,0.0,0.0026754509563819097,0.12091708678389777,0.03143638041426024,0.006126164401444691,0.0,0.006245282705124971,0.3509903980943386,0.0,0.03717083933519469,0.0
s06T1622,0.5194354664136611,0.0,0.03521326960148107,0.0,0.0,0.007575711547625374,0.0,0.003418344266042723,0.05816915269167446,0.02393853301080026,0.009283256995197135,0.0,0.01502609501879333,0.22872226132882006,0.0,0.09921790912590443,0.0
s07T1622,0.4845866691499405,0.0,0.040805700063540055,0.0,0.024166328183229304,0.0,0.0,0.0069788421779173795,0.04823602363906275,0.03812191027530066,0.0032154659828864886,0.0,0.024890645804381682,0.16347688511460043,0.0,0.16552152960914082,0.0
s08T1622,0.0,0.6116000771600237,0.015013019164555342,0.0,0.0,0.0,0.0,0.0,0.0,0.0064072251190064,0.0,0.0,0.0,0.002426837728213507,0.028650576647584868,0.0,0.33590226418061603
s09T1622,0.0,0.5318491836410053,0.015200753262499998,0.0,0.0,0.0,0.00015837864422090916,0.009987906082128028,0.0017482756927174054,0.0432367227790712,0.0,0.007881518805356102,0.0,0.0,0.026151780799225696,0.0,0.36378548029377533
s10T1622,0.0,0.18303221687967017,0.006392981143058893,0.0,0.0,0.005479523307906974,0.0012872493817204912,0.02696937343910235,0.01054332059709975,0.2987270587447428,0.0,0.005137137487892842,0.0,0.0,0.004678363388833846,0.04301407404681388,0.4147387015831579
s11T1622,0.0,0.01618275476888967,0.028107634320413858,0.0,0.0,3.987948349977211e-05,0.0,0.05096591417785139,0.004891621486913157,0.19931539222751987,0.0,0.0143608536151436,0.00495900008370307,0.0,0.07662524092068364,0.06657574225609234,0.5379759666592897
s12T1622,0.0,0.019810221090155372,0.0,0.0,0.0,0.008973875406384602,0.0,0.1729388066980659,0.020627019968790815,0.4935857482934126,0.0,0.0,0.0,0.0,0.004194976009555058,0.22871679811515744,0.05115255441847817
s13T1622,0.0,0.11451229045717387,0.0,0.0,0.0,0.024415135441320377,0.0015332735115796314,0.14216706900643217,0.04819099874846763,0.44913746004129945,0.004058861009917652,0.0,0.0,0.0,0.0,0.1815857217380141,0.034399190045795364
s14T1622,0.0,0.03759309096217202,0.0,0.0,0.0,0.028386391745806937,0.0,0.1347833148497795,0.10053636034855672,0.3866934193595518,0.037906474692889616,0.0,0.00017302262105648865,0.0,0.0,0.27392792542018696,0.0
s15T1622,0.2617875818140034,0.0034393257309172625,0.017277876421756534,0.0,0.0,0.014679912812096725,0.0,0.0512375115807979,0.1350080710983594,0.13630563474117915,0.042070052008100774,0.0,0.008016547033801317,0.11820388031668864,0.0,0.211973606442299,0.0
s02M1722,0.292479796453567,0.0,0.0,0.0,0.0,0.034154606110837135,0.0,0.0,0.15759298847662612,0.02332898393332981,0.002910616186247776,0.0,0.016036135536059433,0.45091635983088774,0.0,0.022580513472445038,0.0
s03M1722,0.35375685913347826,0.0,0.0,0.0,0.0,0.029272302207349974,0.0,0.0,0.15510486044640986,0.02341140538348854,0.004142503339579602,0.0,0.02613965680593082,0.399628012118798,0.0,0.008544400564965058,0.0
s04M1722,0.3872758309863149,0.0,0.0,0.0,0.0,0.029476669496458666,0.0,0.005886616402324496,0.10936667823734642,0.03752867068925759,0.006510990837047719,0.0,0.030704299679693972,0.3655339374046498,0.0,0.02771630626690652,0.0
s05M1722,0.30561522498310273,0.0,0.0037591580383793234,0.0,0.0,0.02513596331321267,0.0,0.0045250873583302315,0.07479036863097964,0.04052720876401957,0.0013841865620416464,0.0,0.1334161647389227,0.37110417316136257,0.0,0.039742464449648914,0.0
s06M1722,0.41499132220636187,0.0,0.013932177768556531,0.0,0.0,0.011687191578697851,0.0,0.005921152664773768,0.05584513496840451,0.03423185133838662,0.003449761753938685,0.0,0.15513676801239668,0.24311862868343362,0.0,0.06168601102504993,0.0
s07M1722,0.36035471787062917,0.0,0.0703057309319592,0.0,0.011817142247110533,0.020080999927353006,0.0,0.013922614078246938,0.057358888686087704,0.045846952298287065,0.010018686542955901,0.0,0.0974186597677309,0.16160615806381007,0.0,0.15126944958582955,0.0
s08M1722,0.0,0.384314469625316,0.02238515810450066,0.0,0.0,0.0,0.0,0.0,0.0,0.01582687229618787,0.0,0.019477568727192293,0.005219771339123219,0.0,0.13966605833891488,0.0,0.41311010156876504
s09M1722,0.0,0.0,0.017487417139379197,0.0,0.0,0.0009004784504202207,0.0,0.07396213510990644,0.0037624191163645585,0.2662794895360754,0.0,0.009082159345824844,0.07794191146952528,0.0,0.06689692071744488,0.06413296239320716,0.419554106721852
s10M1722,0.0,0.061707856579648696,0.008287006979104576,0.0,0.0,0.016609360202917416,0.0002929696988354345,0.13534347991991666,0.01947060542262525,0.3416564019194193,0.0,0.006377269480297154,0.0003475558959529974,0.0,0.0,0.11262520836034787,0.29728228554093467
s11M1722,0.0,0.0,0.02254133515529906,0.0,0.0,0.0,0.0,0.06208934449604531,0.0014084310231884177,0.24638014433615685,0.0,0.0,0.0825053168681886,0.0,0.04856280493926215,0.053654407778815735,0.4828582154030439
s12M1722,0.0,0.0,0.020949615410922176,0.009125642841223467,0.0414906738587974,0.0,0.0,0.10633151243908062,0.006618535413018043,0.3802919660466899,0.0,0.0,0.03245285002456172,0.0,0.04176564332180926,0.09789634767531642,0.2630772129685809
s13M1722,0.0,0.0,0.03349772569704227,0.007950649943648552,0.02165821943167634,0.0,0.0,0.09190688157542425,0.0064678621561852145,0.4037176405423348,0.0,0.0,0.012363727962337534,0.0,0.0,0.0714172900279992,0.35102000266335187
s14M1722,0.012098016070260731,0.0,0.010719411453471933,0.0,0.04944653442735346,0.010134048667457637,0.0,0.12883822903581169,0.021453116256953834,0.46194508161807535,0.017857567093656147,0.0,0.040659986953266454,0.0,0.008866968016732417,0.1988894944686733,0.03909154593828713
s15M1722,0.2095993182754623,0.0,0.031071283956031464,0.0,0.020492731072648398,0.025459495227647316,0.0,0.05483965509581601,0.06469110057874936,0.2267504941304516,0.060449378239344445,0.0,0.023313939605863875,0.041321286489965296,0.0,0.2420113173280199,0.0
s01X1722,0.30818840574851497,0.0,0.20042558737023977,0.0,0.06928819754481864,0.0,0.0,0.0183101666793855,0.04026962651820008,0.04567052267089397,0.0,0.0,0.03313769402875595,0.08021504399392068,0.0,0.20449475544527035,0.0
s02T1722,0.29439250002868905,0.01724009276110036,0.13673013798628006,0.0,0.0344784070364302,0.011051098417085927,0.0,0.010635863198208676,0.06886473295162218,0.03466326611074443,0.0,0.0004977128629737867,0.007591964297960251,0.2537294595889519,0.0,0.13012476475995327,0.0
s03T1722,0.22801032130745755,0.00462066186946492,0.20495160588004427,0.0,0.06795443817987214,0.009470180558380253,0.0,0.01000170484240463,0.0453164899701137,0.03238889672836064,0.00018455628234489584,0.0011083866807106279,0.015437583039670872,0.2133056032947408,0.0,0.1672495713664346,0.0
s04T1722,0.23543056566951,0.006710154919584177,0.031121751961473283,0.0,0.024827709782135624,0.020215687591082186,0.0,0.004341778793463437,0.12490995906350894,0.0412122576622828,0.0022138030901864133,0.0007881327413462168,0.051598255833699994,0.37996282054767794,0.0,0.0766671223440489,0.0
s05T1722,0.21941819908036359,0.0020099516284866896,0.05980390395452284,0.0,0.034555132926063686,0.014449771112473682,0.0,0.004953667496619563,0.07491047517152573,0.03976713260355181,0.0,0.0010595274763284621,0.05100292562525686,0.4141011935028472,0.0,0.0839681194219598,0.0
s06T1722,0.16282756115184963,0.007318093293481232,0.016763506300680676,0.0,0.048458533384067214,0.018436029640324335,0.0,0.004699908699242064,0.14693340855072382,0.0474340541843089,0.0010750096734771732,0.0004682607534219577,0.16360779524380048,0.3200368401117659,0.0,0.06194099901285662,0.0
s07T1722,0.11235193785480868,0.0,0.291648690818986,0.0,0.14401913135872374,0.00010416459377878494,0.0,0.025149587995670807,0.016589991054031906,0.0830653781787486,0.003971865828781623,0.0,0.12569783331256185,0.012500370918102978,0.0,0.18490104808580504,0.0
s08T1722,0.0,0.126775714738697,0.028371876088693748,0.0,0.0,0.0,0.0,0.0,0.0,0.04753384935966201,0.0,0.06760434417570589,0.0,0.0,0.24973974537203947,0.0,0.47997447026520185
s09T1722,0.0,0.13392793606756118,0.010730552213065042,0.0,0.0,0.0,0.0,0.0,0.0,0.07168474397755167,0.0,0.04656583605441408,0.04357113747202426,0.0,0.19746815047101432,0.0,0.4960516437443693
s10T1722,0.0,0.0,0.03903767707077896,0.001081755945957814,0.0,0.0,0.000325754905703936,0.010954240633205737,0.005456734651581768,0.35171531986183474,0.0,0.03102284194464933,0.07253607041656032,0.0,0.021715831908306064,0.00738145878681348,0.4587723138746078
s11T1722,0.0,0.0,0.03454813258864028,0.0017823983938688468,0.0,0.0,0.0,0.0060334984058470886,0.000915587925636217,0.3147049438068693,0.0,0.04033528642269281,0.07036234175061447,0.0,0.0742496647144811,0.009401136863429901,0.44766700912792
s12T1722,0.0,0.0012588450995501496,0.0,0.007715480422878637,0.017369844515208028,0.0,0.00022896407733312887,0.05747887989472506,0.007483864609849919,0.5492836844364765,0.0,0.0,0.09745833523258206,0.0,0.01042230880579637,0.07517486462134661,0.1761249282842536
s13T1722,0.0,0.02316801356303698,0.03618251174925536,0.008100887651724918,0.029247916081058343,0.014481803428953501,0.0,0.12488412264997344,0.08288151691003177,0.3631875756422543,0.0,0.0,0.15502261533654588,0.0,0.02588627960332724,0.04032041604381926,0.09663634134001912
s14T1722,0.0,0.0,0.0,0.0,0.04996304656336919,0.005215925710784409,0.0,0.04286994817394942,0.012064563380118978,0.49834201937408507,0.03531863664701812,0.0,0.20948493026599985,0.0,0.0,0.14674092988467496,0.0
s15T1722,0.18931279256375919,0.0,0.14569202625633404,0.0,0.05724181630056118,0.002739046496000392,0.0,0.0424367736870155,0.05702875239389298,0.16769323986128004,0.048714588719345954,0.0,0.030949691579822823,0.04869813130049986,0.0,0.20949314084148796,0.0
s02M1822,0.0,0.027622298231735936,0.5525100222938087,0.0,0.11202854745710396,0.004160402534892115,0.0,0.017626743709235757,0.015182962430041204,0.06776499896123524,0.0,0.0,0.026117089821767955,0.010472439937016081,0.023257596654778754,0.14325689796838428,0.0
s03M1822,0.021880549791699056,0.0482335331435124,0.2855191281528827,0.0,0.10192175169058625,0.014592331990293939,0.0,0.013655816824451031,0.1275454288909492,0.07051748357176342,0.0,0.0,0.014925342778666669,0.12380334691939832,0.007849117279565965,0.1695561689662309,0.0
s04M1822,0.0,0.0344903653580588,0.4428898347112061,0.0,0.063622041116293,0.0174041889541454,0.0,0.015077148393773332,0.08485819034533004,0.0372723377480675,0.0,0.0,0.1391905566276977,0.10930443176236365,0.0,0.05589090498306455,0.0
s05M1822,0.0,0.03163071527043133,0.05418358266815051,0.0,0.01401425666679057,0.04092822194736756,0.0,0.0028156100721201073,0.24732305004292282,0.03155613738619416,0.0,0.000693632332438707,0.024926137193708963,0.4385742881713633,0.014636177842252823,0.09871819040625915,0.0
s06M1822,0.0,0.01442292353653024,0.058330740586365656,0.0,0.0,0.015369842897998769,0.0,0.0,0.5044115770986326,0.025681634004861443,0.0,0.0,0.09668756815959005,0.20105048467584716,0.0,0.08404522904017409,0.0
s07M1822,0.0,0.023509677089747473,0.21446660661286523,0.0,0.021185105469902047,0.028131787922164548,0.0,0.008104362467370108,0.40196484628550644,0.042996183595921486,0.0,0.0,0.03137039420000659,0.09231974344022698,0.006635318958258185,0.1293159739580309,0.0
s08M1822,0.0,0.19316140660771047,0.022881567606663752,0.0,0.0,0.0,0.0,0.0,0.0,0.03489873612028173,0.0,0.08406858791578559,0.06592942691582611,0.0,0.22219559355622134,0.0,0.3768646812775108
s09M1822,0.0,0.10971382852506475,0.025114008006498052,0.0,0.0,0.0,0.0,0.0,0.0,0.07898786924133815,0.0,0.052747272371369426,0.0737581748195538,0.0,0.1659962995087434,0.0,0.4936825475274323
s10M1822,0.0,0.00754153432399617,0.045997407868540695,0.00017092617132438934,0.0,0.0,0.0,0.0006632042600503401,0.0,0.13193989449373686,0.0,0.07539630116369343,0.2037310513771839,0.0,0.1475253693643053,0.0,0.3870343109771689
s11M1822,0.0,0.10235285971976056,0.01905555991227226,0.0,0.0,0.0,0.0,0.005537960447403864,0.01056759786736508,0.25076999951467316,0.0,0.06219248808254773,0.06644694710439228,0.0,0.08001751182024451,0.0,0.40305907553134035
s12M1822,0.0,0.0,0.05889371198725285,0.011093714837651968,0.0,0.0,0.0,0.01255524702085043,0.0,0.2734313948634014,0.0,0.029358335452272375,0.019185121078223576,0.0,0.11337311512042213,0.0,0.4821093596399252
s13M1822,0.0,0.008554974660867276,0.06480361065779554,0.007522489985410784,0.0,0.0,0.0,0.02780915602393847,0.006362681365366204,0.32084096875585455,0.0,0.045282921813916154,0.022162684444741326,0.0,0.09740814958847208,0.0,0.3992523627036377
s14M1822,0.0,0.0005774071802142898,0.041474107289687596,0.0016596955597900035,0.07131211694705354,0.0,0.0,0.02461506835505093,0.006052488448410574,0.7048541501511979,0.018841720769674514,0.0,0.036828359797909306,0.0,0.0,0.07077710330507303,0.023007782195938242
s15M1822,0.04566570182307213,0.0,0.1129485421294796,0.0,0.03501244566708866,0.009564777522103832,0.0,0.07912187162639492,0.13524347821412921,0.3502196654394252,0.08241149685942677,0.0,0.04363467478574831,0.0,0.0,0.10617734593313137,0.0
s01X1822,0.0,0.03891574542451425,0.4515786465841153,0.0,0.07847425912227064,0.010415891963783657,0.0,0.019047922625701784,0.08414481521864717,0.08293655209725259,0.0,0.0,0.047472983797218996,0.045770822230820345,0.0015708967469875944,0.13967146418868776,0.0
s02T1822,0.12578115780663535,0.013532056897198698,0.4091336148963501,0.0,0.017431795091542215,0.009906419985769317,0.0,0.006739410263096299,0.1252708216709882,0.038305443393054056,0.0,0.0004218078031458449,0.006657578861591939,0.15291210610497824,0.0,0.09390778722564978,0.0
s03T1822,0.09019697960064788,0.03085763317842994,0.3132442503987239,0.0,0.007649538343732259,0.02135396594373005,0.0,0.001234339016594996,0.11386211535250962,0.03747460318654686,0.0,0.00011527222708399796,0.00901218478266889,0.3236190549040119,0.0,0.0513800630653197,0.0
s04T1822,0.05652694054179898,0.020896208985867533,0.2746718940354747,0.0,0.10124573171124877,0.018560006341778065,0.0,0.0019800585935987767,0.14863288734501284,0.0399611263893484,0.0,0.0003205189317726996,0.05121595765985323,0.2190320415603754,0.0,0.06695662790387057,0.0
s05T1822,0.0,0.023540603102210622,0.21752089909437541,0.0,0.14912030871181578,0.024820810792147787,0.0,0.0,0.2379762742032142,0.03989007109321473,0.0,0.0002633011302536265,0.08588935990330678,0.0967734606124786,0.0,0.12420491135698249,0.0
s06T1822,0.0,0.026049866991116433,0.10290458227442892,0.0,0.10159117113238277,0.031544298771876714,0.0,0.0,0.2903126620151114,0.03618752398308387,0.0,0.0,0.24383373188151558,0.10240247046572634,0.0,0.06517369248475809,0.0
s07T1822,0.0,0.022646108937808943,0.3494110788415308,0.0,0.013126629968657466,0.024999930363494814,0.0,0.005053122565917528,0.1888941339388122,0.032305946653052156,0.0,0.0,0.22191434813730887,0.0733825650551604,0.0,0.0682661355382568,0.0
s08T1822,0.0,0.1630222027649491,0.02289505119861301,0.0,0.0,0.0,0.0,0.0,0.0,0.06877095855656343,0.0,0.05049242780432761,0.0016844039562191253,0.0,0.24963503666200576,0.0,0.4434999190573219
s09T1822,0.0,0.04567845077758932,0.03887627448331571,0.005490241337731973,0.0,0.0,0.0,0.0022857734956262706,0.0,0.1577551798206958,0.0,0.06369268214758404,0.04890495831128932,0.0,0.14949488655494197,0.0,0.48782155307122554
s10T1822,0.0,0.02233685743741525,0.05479008171328441,0.02580284522513578,0.017154239090207263,0.0,0.0,0.04467780369289367,0.0,0.39572179063773283,0.0,0.015720150399668967,0.0593041473286523,0.0,0.0,0.0,0.3644920844750095
s11T1822,0.0,0.008019194861846303,0.07511646695497429,0.006574725290134939,0.0,0.0,0.0,0.014125514631968395,0.0009419035970290458,0.35116520389403194,0.0,0.033458828919013105,0.039359262298569384,0.0,0.09551149254981808,0.0,0.37572740700261464
s12T1822,0.0,0.019225802623661952,0.05053635933414789,0.007408165964615924,0.0,0.0,0.000260377385814894,0.03517622172046209,0.005799944843391876,0.49873656653725235,0.0,0.025319305480628322,0.05122381794238015,0.0,0.05867076294666775,0.0,0.24764267522097677
s13T1822,0.0,0.015525983442515242,0.04721936724770968,0.01603207252200836,0.01910019530942594,0.0,0.0,0.10648885214661796,0.0002389331906787548,0.485721523445027,0.0,0.0,0.12343994713781282,0.0,0.021974653442686575,0.0,0.16425847211551764
s14T1822,0.0,0.010729797906780015,0.041730835296681174,0.0,0.03162411123158504,0.012718645618364858,0.0,0.08286909318925959,0.042037753341311386,0.5345791644194521,0.07277022159507476,0.0,0.16382027928382684,0.004397947830220466,0.0,0.002722150287443737,0.0
s15T1822,0.07953771055509838,0.021914716825419036,0.22932346565334924,0.0,0.024834932702702005,0.0495502408629137,0.0,0.07882928032301766,0.15644515681618268,0.16702368244093813,0.03707925165992391,0.0,0.023386580595208175,0.03081243802346467,0.0,0.10126254354178249,0.0
s02M1922,0.0,0.02939778564666419,0.6035439359761758,0.0,0.0,0.01393976670076646,0.0,0.0024286817453425444,0.15724943525978285,0.028873141212149917,0.0,0.0004568507393364462,0.002751414881169495,0.12963481588558337,0.0,0.03172417195302877,0.0
s03M1922,0.0,0.012101138757765216,0.41033284148289606,0.0,0.0,0.01930047799041245,0.0,0.0,0.32892498056813274,0.022167829445741093,0.000366730733263087,0.0003201847530776828,0.032412716333522766,0.15778581142179407,0.0,0.016287288513394806,0.0
s04M1922,0.0,0.0,0.03658366987628333,0.0,0.0,0.0692395839962098,0.0,0.0,0.8089262577800007,0.00741277501738688,0.0016899832449758971,0.0,0.03452926792896542,0.0,0.0,0.03838883851147228,0.003229623644705672
s05M1922,0.0,0.0,0.009361379216256044,0.0,0.0,0.049562437500646504,0.0,0.0,0.9320779723330148,0.0,0.0,0.0,0.004697401195644668,0.0,0.0,0.0,0.004300809754438133
s06M1922,0.0,0.008260782958714396,0.4079840006309414,0.0,0.00023681106870465125,0.09445611387324417,0.0,0.00014129093728307144,0.35980948642066707,0.02552370972073349,0.002388523677546077,0.0,0.032246269081227526,0.003465773697208012,0.0,0.06548723793373011,0.0
s07M1922,0.0,1.3909917463935661e-05,0.0711759151028758,0.0,0.0,0.09325323464203543,0.0,0.0,0.7769538319353443,0.013082457322645636,0.0,0.0,0.006472748568558815,0.0,0.0,0.03904790251107612,0.0
s08M1922,0.0,0.5109079344431218,0.011371691070854412,0.0034446537769855226,0.0,0.0,0.0,0.0,0.0,0.048149105831973966,0.0,0.0951057636120943,0.0005771766526702733,0.0,0.05041773168799412,0.0,0.2800259429243055
s09M1922,0.0,0.14764474840205521,0.019956140646752978,0.0,0.0,0.0,0.0,0.18918351854772714,0.03579884872078811,0.26988565605191994,0.0,0.017994355098297724,0.08117977823434237,0.0,0.01219650061537234,0.0,0.2261604536827443
s10M1922,0.0,0.07740364945738333,0.029002870687558854,0.00834650879598277,0.0,0.0,0.0,0.1698057950197821,0.005119665551842143,0.2647814799183695,0.0,0.037984212065532555,0.029128856738299944,0.0,0.0,0.0,0.37842696176524887
s11M1922,0.0,0.046159270313883866,0.008590303783925798,0.0013813170209837806,0.0,0.0,0.0,0.2883512065935176,0.002164560000178028,0.2994746836690053,0.0,0.0217185274531861,0.07126833116282748,0.0,0.0,0.0,0.26089180000249224
s12M1922,0.0,0.06533476719192303,0.013584044430690079,0.0047528122810860255,0.0,0.0,0.0,0.27527160588776917,0.0017456556542011252,0.3152320729492335,0.0,0.008116846845987527,0.08121942230054444,0.0,0.0,0.0,0.23474277245856517
s13M1922,0.0,0.21440894193486124,0.012572063963440567,0.0,0.0,0.0013105328909599357,0.0,0.26026728241856856,0.055873988468197765,0.2647725712856639,0.0,0.015774742645499315,0.016739353914447266,0.0,0.0,0.0,0.15828052247836147
s14M1922,0.0,0.14649217638964732,0.017225291315264957,0.0,0.0,0.004694132651891413,0.0,0.3245104545898961,0.10683111000036094,0.36477394818638414,0.004267788257339765,0.0,0.019148406805468463,0.009870115018501125,0.0,0.0,0.0021865767852458536
s15M1922,0.0,0.007551047577962001,0.3063576056920435,0.0,0.0,0.015229368325453678,0.0,0.10939002477708847,0.24875873937083995,0.19989397927250702,0.044223952156224926,0.0,0.005889719857933601,0.05783691055171299,0.0,0.004868652418233749,0.0
s01X1922,0.2298465752014966,0.0,0.6890734000776295,0.002266818053748267,0.0,0.0,0.0,0.007192214608571191,0.01843527610307176,0.011281374678069243,0.0,3.2234616779037325e-05,0.016963829216613144,0.0,0.0,0.02490827744402135,0.0
s02T1922,0.08179496001016295,0.0,0.7232866473998008,0.0,0.0,0.010753390201871193,0.0,0.009643148682253598,0.042802289657777486,0.049473986822410936,0.006110020695445595,0.0,0.04483072037796472,0.0,0.0,0.03130483615231271,0.0
s03T1922,0.13261921912609553,0.0,0.5911795633947684,0.0,0.031088252176728327,0.012765748219336426,0.0,0.017314274758747812,0.08240721381813473,0.05547379571961279,0.005194586982197175,0.0,0.017627342606478975,0.0,0.0,0.05433000319789987,0.0
s04T1922,0.0,0.0145858661538683,0.08891140799420408,0.0,0.13127685981966591,0.06839061625830815,0.0,0.05070239056213212,0.2571045672119169,0.08463836602490356,0.013750996585683179,0.0,0.09412516427505627,0.13023627783066283,0.0,0.06627748728359867,0.0
s05T1922,0.014641874349211083,0.00572436329967776,0.5463395171581981,0.0,0.01783269011552751,0.0454594122909552,0.0,0.028173363510909207,0.14669547012851097,0.05646090742115108,0.010754278718784463,0.0,0.02990027926739352,0.05861693377145289,0.0,0.0394009099682281,0.0
s06T1922,0.006073751333220784,0.007918053881953374,0.4016849944158172,0.0,0.03325475943297313,0.06700246629890226,0.0,0.0413373970056245,0.1434630558607456,0.0632794112614693,0.015865491442197743,0.0,0.05520345711516746,0.1280384904995734,0.0,0.036878671452355245,0.0
s07T1922,0.0,0.01050968091152516,0.26954334227740345,0.0,0.0,0.17094848265667673,0.0,0.051204381546092186,0.24252434485539873,0.08389508622847391,0.02863029310081726,0.0,0.03379173301206434,0.06443592322942235,0.0,0.04451673218212598,0.0
s08T1922,0.0,0.20146412028600086,0.008927561600291857,0.011943434694208678,0.0,0.0,0.0,0.0,0.0,0.08355895697576518,0.0,0.050704050618329534,0.007420916901323942,0.0,0.22218166044142743,0.0,0.4137992984826525
s09T1922,0.0,0.0,0.0,0.0,0.13250044033029448,0.0,0.0,0.2410644393082952,0.0,0.46773058653613736,0.015256624289593968,0.0,0.0875687757688542,0.029266629719391504,0.012237012922030208,0.014375491125403136,0.0
s10T1922,0.008972671197621289,0.02124483552700272,0.10697202196961005,0.0,0.054456191036553664,0.0,0.0,0.2877088368727383,0.0,0.37050327464110017,0.0,0.008989414375566048,0.02413396941119037,0.001459813875838487,0.0005906386969674078,0.0,0.11496833239581147
s11T1922,0.0,0.006418235866915337,0.04316913821642947,0.0,0.025089339800947612,0.0,0.0,0.257862516702449,0.002198093654896707,0.5511796737266911,0.0058011662408344105,0.0,0.0993949020135656,0.008886933777270926,0.0,0.0,0.0
s12T1922,0.0,0.0,0.08438619463235728,0.0,0.04955922294400912,0.0,0.0,0.24847264112241377,0.010246451669219567,0.523385135337835,0.03836802342698468,0.0,0.036544438321494906,0.009037892545685598,0.0,0.0,0.0
s13T1922,0.0,0.0,0.22681779567933189,0.0,0.0595507931982045,0.0,0.0,0.17064648442859187,0.01302878124582513,0.3871495823593283,0.02308327192343774,0.0,0.0739345906817389,0.02891145774975581,0.0,0.01687724273378588,0.0
s14T1922,0.004403267660247971,0.0,0.22108524934878965,0.0,0.0,0.009129700355921996,0.0,0.24422403757278016,0.0334147359153524,0.36090796947903014,0.08409412576334083,0.0,0.04274091390453693,0.0,0.0,0.0,0.0
s15T1922,0.07701242571056305,0.013216056968571685,0.44187624960610095,0.0,0.004749039533197826,0.039101868193003674,0.0,0.10140910450867084,0.09099705984693097,0.12792572852229106,0.03500635657121226,0.0,0.009724322299276793,0.0,0.0,0.05898178824018088,0.0
s02M2022,0.0033915699930043,0.0,0.5116514707614994,0.0,0.01174575687272269,0.037947620335376755,0.0,0.07036466202632727,0.24346893710020365,0.028372854456416765,0.06903963478357365,0.0,0.005641160535012563,0.0,0.0,0.01837633313586291,0.0
s03M2022,0.0,0.0,0.4672190970514894,0.0,0.02128214848967621,0.04701695111616514,0.0,0.08904462309698584,0.1832580706829724,0.04192630820995483,0.12443338091673323,0.0,0.0,0.0,0.0,0.025819420436022887,0.0
s04M2022,0.1331406656878413,0.0,0.26125731938348684,0.0,0.0,0.1156949504956696,0.0,0.007787641285370017,0.1832648427533272,0.015454376986636336,0.007651597616830698,0.0,0.0013217091920225067,0.2744268965988156,0.0,0.0,0.0
s05M2022,0.2518333518283408,0.004855223741663024,0.08759342392669447,0.0,0.0017590907332673538,0.09740747548778499,0.0,0.037673826042547535,0.40284243764409156,0.0313748549819023,0.042896508058885834,0.0,0.0010433973552309635,0.0,0.0,0.04072041019959121,0.0
s06M2022,0.2323709058540851,0.00031300390168573537,0.26642233069138416,0.0,0.0,0.08410281402401558,0.0,0.021019192057037533,0.3089744273388489,0.021059767197637285,0.02952493013020895,0.0,0.006797592156847301,0.0,0.0,0.029415036648249543,0.0
s07M2022,0.1626548568511097,0.0,0.36780791102181026,0.0,0.0,0.11724312276722382,0.0,0.0128155835395653,0.28088660093542067,0.01539797033549041,0.01932938404756285,0.0,0.0007009272262264752,0.0,0.0,0.02316364327559047,0.0
s08M2022,0.0,0.534089980601891,0.016895643599770433,0.0,0.0,0.0,0.0,0.0,0.0,0.03333867626774703,0.0,0.07242957445384594,0.0020282462909356805,0.0,0.18421870293293188,0.0,0.1569991758528781
s09M2022,0.0,0.11387892833547285,0.042883045775942444,0.0,0.0,0.0,0.0,0.02968808960343016,0.0,0.0523966654546666,0.0,0.22485846789690073,0.005333678863364191,0.0,0.35436973144902933,0.0,0.17659139262119375
s10M2022,0.0018493530214636004,0.020327777303993454,0.07708453274686763,0.0,0.0,0.0,0.0,0.30862209095748827,0.0,0.08490193125332529,0.0,0.12451207138317763,0.019849520864683966,0.0,0.17684752889607214,0.0,0.18600519357292805
s11M2022,0.0022517119357648835,0.028775107358945912,0.06930554168219083,0.0,0.0,0.0,0.0,0.545283132365629,0.007429605580192737,0.12063374991526138,0.0,0.03091023864766929,0.02159688669544262,0.0,0.06417808842867327,0.0,0.10963593739023013
s12M2022,0.0,0.041320728167675375,0.03683153657945803,0.0,0.0,0.0,0.0,0.40136909981296864,0.0022337884662306105,0.1472546253346021,0.0,0.07357999748140233,0.05439129641619747,0.0,0.08713368837828786,0.0,0.15588523936317758
s13M2022,0.0,0.0778043449540811,0.054491498171385475,0.0,0.0,0.0,0.0,0.18336720919648375,0.0025286741313545174,0.1272721509904692,0.0,0.20436781451531216,0.009207253075337884,0.0,0.14681849030974992,0.0,0.19414256465582597
s14M2022,0.0,0.04805796590597709,0.11298094895251665,0.0,0.0,0.0,0.0,0.4245278630803066,0.006050711679497678,0.20614086392298622,0.010112294034855121,0.017739204310169003,0.049592721717960066,0.0,0.05282381742704704,0.0,0.07197360896868435
s15M2022,0.11768177869912047,0.020709570438453048,0.34377954450967435,0.0,0.0,0.04116020895056107,0.0,0.09839418616106684,0.15395471759552973,0.048911418753965194,0.029301081100843937,5.841389620301069e-05,0.015887433861390785,0.11156263731150476,0.0,0.01859900872168682,0.0
s02T2022,0.4725147434630352,0.0,0.2871055611289117,0.0,0.0,0.007211615930675117,0.0,0.0,0.017332935148220353,0.019544480628101556,0.0,0.0,0.0005214984130003189,0.19576916528805574,0.0,0.0,0.0
s03T2022,0.5065616066576208,0.0,0.2359019999836162,0.0,0.0,0.014397583555751757,0.0,0.0007554675087084125,0.059143900464137374,0.019004931292918262,0.0008730166768341564,0.0,0.004893325079082043,0.158468168781331,0.0,0.0,0.0
s04T2022,0.39560644071814643,0.0,0.3744215795629687,0.0,0.01950712696437987,0.0094941084928305,0.0,0.006587736404244953,0.041892276381482046,0.026929714891006238,0.0019619613789566555,0.0,0.00807589431042623,0.1011857764314833,0.0,0.014337384464075117,0.0
s05T2022,0.28695035813506514,0.0,0.5902259209342516,0.0,0.0,0.005944845662852173,0.0,0.010090000778800354,0.04790998316948196,0.018405465707889538,0.0007818169853931484,0.0003081280866472158,0.002796570937884851,0.022868983898157103,0.0,0.013717925703576855,0.0
s06T2022,0.27398091855907747,0.0,0.597056393674906,0.0,0.0,0.010402221019362494,0.0,0.013549624935115773,0.05909644216284488,0.01920650418177477,0.0,0.000651796090765851,0.006283225910012875,0.0,0.0,0.01977287346613987,0.0
s07T2022,0.4377177580163592,0.0,0.46181093760993835,0.0,0.03297578681940995,0.0,0.0,0.0064684807636590765,0.012961272424866905,0.01570901376188635,0.0,0.0,0.012817291263015928,0.0,0.0,0.019539459340864283,0.0
s08T2022,0.0,0.4044682337755729,0.0319544118317819,0.0,0.0,0.0,0.0,0.0,0.0,0.03408869595689614,0.0,0.08122085470136234,0.0,0.0,0.24745096310806797,0.0,0.20081684062631877
s09T2022,0.015214181424513116,0.025434024494714377,0.09844007332626128,0.0,0.0,0.0,0.0,0.6235435682939259,0.0,0.09547747373225493,0.0,0.012345837048340517,0.047124084524933656,0.0,0.0,0.003354448067454141,0.07906630908760215
s10T2022,0.0,0.0,0.22917717479248234,0.0,0.0,0.0,0.0008611329344664472,0.47116716497489053,0.0015195675286429663,0.1846089644275307,0.05775660115403684,0.0,0.04870984429615668,0.0,0.006199549891793494,0.0,0.0
s11T2022,0.0,0.0,0.17726035332243661,0.0,0.0,0.0,2.1768601041926193e-05,0.5286008598867844,0.014845325085632894,0.16860110290463298,0.05573934807921797,0.003310865006801965,0.028838097782402383,0.0,0.022782279331048896,0.0,0.0
s12T2022,0.0,0.0,0.061873930578451204,0.0,0.0,0.0,0.0,0.7248487008013668,0.05730915791135026,0.056279446994892,0.07367985264813047,0.0,0.012835894294083359,0.0,0.0,0.01317301677172608,0.0
s13T2022,0.0,0.009879841780649094,0.09805200344079817,0.0,0.0,0.013773099163265672,0.0001306657121128127,0.37306043825334984,0.12038827926324391,0.16484198186573187,0.13211914855822532,0.0,0.06261200989128413,0.0036100571572724623,0.021532474914066735,0.0,0.0
s14T2022,0.0,0.0,0.12007222187124093,0.0,0.0,0.0032605140054069804,0.00011935500176793168,0.6113781411781513,0.01656511562822408,0.1246996451004365,0.08489629890104637,0.0,0.026955248906857115,0.0,0.0,0.012053459406868862,0.0
s15T2022,0.08154839831041738,0.02789503195662763,0.2608001641237506,0.0,0.003524094955236798,0.0037032610505537836,0.0,0.3117249520955272,0.06606550081281659,0.13348590328402415,0.07343262519298678,0.0,0.030813089903310255,0.0,0.0,0.0070069783147488915,0.0
s02M2122,0.22044198583748523,0.0,0.5357923498278829,0.0,0.027004068268430388,0.019605040706516568,0.0,0.0008377024969630898,0.14180056926991277,0.03419371038355991,0.003499091944196054,0.0,0.0,0.0,0.0,0.016825481265053188,0.0
s03M2122,0.12603828564336414,0.0,0.13383728815993737,0.0,0.06389455436284124,0.08279939296031276,0.0,0.009898465702344464,0.4657239596724809,0.041427672134256764,0.04588972122019407,0.0,0.006119393853290019,0.0,0.0,0.02437126629097837,0.0
s04M2122,0.2052915691748619,0.0,0.036419163613771545,0.0,0.0038349712284928283,0.05868662099667921,0.0,0.0013975751022841261,0.5901493242892127,0.015836838443791385,0.03712303182616159,0.0,0.0,0.05126090532474464,0.0,0.0,0.0
s05M2122,0.26210593546808364,0.0,0.0,0.0,0.0,0.12258259611150392,0.0,0.011357157651077792,0.5524092384787729,0.013466767298526201,0.013438420740210231,0.0,0.00020316279110918538,0.024436721460716,0.0,0.0,0.0
s06M2122,0.06254715518515837,0.0,0.0,0.0,0.0,0.1725730671951831,0.0,0.006582688691423989,0.7479021360369528,0.0035153188678441268,0.006879634023437738,0.0,0.0,0.0,0.0,0.0,0.0
s07M2122,0.022612376924397718,0.0,0.2016537423428253,0.0,0.0,0.22238532359757418,0.0,0.008502198961716693,0.5360603909212678,0.008785967252218335,0.0,0.0,0.0,0.0,0.0,0.0,0.0
s08M2122,0.0,0.5415240684899026,0.0,0.001426957791516684,0.0,0.0,0.0,0.0,0.0,0.03060260943083157,0.0,0.04099146948691265,0.009788916541239694,0.0,0.23304273335406636,0.0,0.14262324490553036
s09M2122,0.0,0.10370007620350585,0.04342377855344972,0.0023206632488820735,0.0,0.0,0.0,0.4251296269035665,0.0007018474036882558,0.03712313851285264,0.0,0.028716686011062968,0.02306616156718907,0.0,0.15924195393980786,0.0,0.17657606765599504
s10M2122,0.0,0.0,0.1583697482177638,0.003579503921768765,0.0,0.0,0.003241403961454024,0.6227887746404972,0.002637197206187516,0.08095917643742487,0.02453882084111526,0.0032158183066768537,0.038324370874566104,0.0,0.051314498407142396,0.0,0.011030687185403048
s11M2122,0.0049127364779812475,0.13212698863127695,0.05724748432786646,0.00012600299194931954,0.0,0.04467412008587312,0.0041726725879160835,0.21638337778640046,0.13660160110036598,0.16095391737737028,0.09834765067255381,0.0,0.04673737723771638,0.09771607072272988,0.0,0.0,0.0
s12M2122,0.026770048700078878,0.023543528660774252,0.21828768365532547,0.0,0.0,0.0,0.004299414098186366,0.6671180686908749,0.013848429161992205,0.0,0.0,0.00161740063057239,0.025105890528088922,0.0,0.0,0.0004013285910554748,0.019008207283051196
s13M2122,0.0,0.0006114585245262955,0.22077584435916878,0.010788066074307608,0.0,0.0,0.005309800057052189,0.4679474637058985,0.004262929121077304,0.12927628564346513,0.06616627172838341,0.0020649133116935883,0.07028986430625142,0.0,0.022507103168175786,0.0,0.0
s14M2122,0.01592864797085415,0.012799134698320985,0.27968136853502507,0.0,0.011836274600748958,0.009941977728640214,0.0011060458188879541,0.38975470957240477,0.028788165841601827,0.11544322554245756,0.09026174524785269,0.0,0.044458704443205856,0.0,0.0,0.0,0.0
s15M2122,0.2759324415130041,0.004408123433151393,0.5071470140482803,0.002170883620013282,0.0,0.025719935983567695,0.0,0.03138970682201601,0.08977191701146318,0.026576296850521017,0.008098386964822032,0.0005023426661795036,0.020069023849296243,0.0,0.0,0.008213927237685308,0.0
s02T2122,0.27511595344433387,0.0,0.5081596517609918,0.0,0.04157862167527986,0.016328894500929305,0.0,0.0,0.09750646720655769,0.03154047070865676,0.0,0.0,0.0,0.007020923226774974,0.0,0.02274901747647572,0.0
s03T2122,0.24826456129024058,0.0,0.4891252219943602,0.0,0.06156964287472757,0.02299782245098523,0.0,0.0,0.10100073472776332,0.03252152997572388,0.0,0.0,0.0,0.02048785856085347,0.0,0.024032628125345935,0.0
s04T2122,0.14102244303115763,0.0,0.29325867530504424,0.0,0.1957533184644999,0.046435312760311015,0.0,0.004460284089857985,0.14604520843817048,0.03924669091054965,0.0,0.0,0.007835163934778244,0.06587594255272823,0.0,0.0600669605129027,0.0
s05T2122,0.18881674081414812,0.0,0.3905072478081977,0.0,0.13656164509881966,0.042079046219531374,0.0,0.0014271499740843739,0.14362631045441127,0.03687546574436889,0.0,0.0,0.004375825515443978,0.0,0.0,0.05573056837099464,0.0
s06T2122,0.0441540469458972,0.0014720200067071469,0.2047666917999197,0.0,0.2005501200742233,0.0934769230414379,0.0,0.01296534070710218,0.21749840891396113,0.02868822447331605,0.0033024773502970325,0.0004199304650872622,0.01905413831426779,0.12302258389050591,0.0,0.05062909401727748,0.0
s07T2122,0.08643776315964853,0.0,0.20251915034206586,0.0,0.031223915824279053,0.2543030510354223,0.0,0.011925967541944275,0.357725635081243,0.027115731437486683,0.0020202880317115833,0.0,0.0012042119068720713,0.0,0.0,0.025524285639326735,0.0
s08T2122,0.0,0.8169121880243272,0.0,0.004889991059758755,0.0066857293179301055,0.0,0.0,0.004566490442192075,0.0,0.02549722395748805,0.0,0.0,0.0,0.0,0.0891424289016937,0.0,0.0523059482966101
s09T2122,0.02862961769195352,0.002132934381861919,0.09370702401213409,0.11277284559078862,0.0,0.0,0.0024584383869433574,0.73485671408429,0.003901197593760952,0.0,0.0,0.0023630049669371737,0.0,0.0,0.0,0.008939543443750628,0.010238679847579854
s11T2122,0.0,0.0,0.11734156101899573,0.06508059417892918,0.0,0.012479531516776284,0.0035405565119197417,0.5210090846151884,0.10464513509803798,0.0615026850749172,0.11440085198523552,0.0,0.0,0.0,0.0,0.0,0.0
s12T2122,0.0,0.0,0.14424887272141595,0.021118245744892638,0.0,0.0037636104079714966,0.00565072256018343,0.6700600573923384,0.021862353799580146,0.007042176253959984,0.12328348961925409,0.0,0.0,0.0,0.0,0.0029704715004039667,0.0
s13T2122,0.0,0.004785496431876958,0.23797559657598993,0.010159837623585513,0.0,0.006854516322207687,0.007473535558586668,0.4290962744215024,0.1272071062313897,0.026891526161533508,0.1493527806601187,0.00020333001320895467,0.0,0.0,0.0,0.0,0.0
s14T2122,0.0,0.0016421894173721838,0.15966628555952747,0.0,0.019396409042441918,0.011895477967532927,0.005110582245798442,0.452662491158462,0.1728561264153334,0.01708414624714437,0.1585718048103706,7.383299644312182e-05,0.0010406541395736998,0.0,0.0,0.0,0.0
s15T2122,0.1702340233723616,0.0012261138388128979,0.5014524808132934,0.022393627105525282,0.014711930852972798,0.004429052992385611,0.004234183001860555,0.101112313302737,0.09834347386988593,0.029462890743191396,0.051942151166092014,0.0004577589408814511,0.0,0.0,0.0,0.0,0.0
s02M2222,0.4024400408837323,0.0,0.4021467856889758,0.0,0.032136118516995424,0.028132267557780765,0.0,0.003634452453484578,0.07009283930814347,0.01861047482308689,0.0031655444978407324,0.0,0.0,0.034021581284788625,0.0,0.005619894985171438,0.0
s03M2222,0.40530724850008126,0.0,0.33419078280081094,0.0,0.038626552068142375,0.021018001661841954,0.0,0.003298095023252214,0.08416261947338358,0.014982087785917024,0.0,0.0,0.0,0.09841461268657048,0.0,0.0,0.0
s04M2222,0.4052653561175896,0.0064870375749850676,0.1751417825394969,0.0,0.10236137619506888,0.03444718398196202,0.0,0.04850050279922588,0.12634341126651438,0.01304447711818763,0.032779805072333044,0.0,0.028592119095442767,0.0,0.0,0.027036948239193854,0.0
s05M2222,0.5252747916041604,0.0024832462370719868,0.11028066701396745,0.0,0.09533173708424668,0.025439110577823217,0.0,0.045112906636634545,0.13169038082097761,0.009367754532190298,0.029751146520116064,0.0,0.013940959648557152,0.0,0.0,0.01132729932425467,0.0
s06M2222,0.2414335285133785,0.010082856788989989,0.01439333447011341,0.0,0.06363212701929427,0.05031549719229644,0.0,0.0889906147202121,0.2510667125753223,0.0,0.020779116572201866,0.0011892487491629278,0.0,0.2581169633990282,0.0,0.0,0.0
s07M2222,0.40982861286766276,0.0,0.16209063716568248,0.0,0.03578835494588095,0.0345759553820135,0.0,0.01944549121513881,0.19490820225186437,0.008782144544688961,0.02843713614335457,0.0,0.0,0.1061434654837137,0.0,0.0,0.0
s08M2222,0.0,0.6037615721710134,0.0,0.004549615042999764,0.0,0.0,0.0,0.0,0.0,0.02156022061435589,0.0,0.0,0.013516960090505431,0.0,0.2720784381423458,0.0,0.08453319393877955
s09M2222,0.0,0.17784743748092266,0.0013868970383130552,0.0,0.0,0.0,0.0,0.5476210405877607,0.02153174082368297,0.0,0.00037034035261558054,0.0,0.0,0.003809351079361243,0.19999800748327812,0.0,0.04743518515406557
s10M2222,0.0,0.021336375617640308,0.04288205492385607,0.06235220355677626,0.0,0.0,0.0,0.4508703212906267,0.0,0.0,0.0,0.0,0.04251333932588159,0.0,0.327816283399441,0.006646397515099997,0.04558302437067798
s11M2222,0.0,0.0546122388673524,0.004527206906734681,0.0,0.0,0.0,0.0,0.6514628335180604,0.008131591299986873,0.0,0.01068896068207335,0.0,0.0,0.0,0.17930127088736886,0.0,0.09127589783842344
s12M2222,0.0,0.081129241607123,0.007129860845345345,0.0,0.0,0.0,0.0,0.5834804147680409,0.015829421453219177,0.0,0.016233449768021206,0.0,0.010910606549954543,0.0,0.20860150437399605,0.0,0.0766855006342998
s13M2222,0.0,0.019131502277236166,0.05744206363328403,0.08223411089383409,0.03170193795911352,0.0,0.0010862242623120735,0.4605873085954162,0.0,0.0,0.0,0.0,0.06113336970901144,0.0,0.23484717764630023,0.004345865900376217,0.04749043912311589
s15M2222,0.08314088638304692,0.050330652313915855,0.18576198348804285,0.02859142828002044,0.0,0.01092550205956104,0.01677639347538419,0.27399586311290663,0.14761451449677876,0.0,0.07146494452287264,0.0019080186003577859,0.002617596669612081,0.11072175553236752,0.016150461065133313,0.0,0.0
s01X2222,0.288925088854223,0.0,0.4114923009873005,0.0,0.06984964190125983,0.0695026997175796,0.0,0.018140168787638404,0.05096560858524446,0.030517339167158933,0.03387646562198379,0.0,9.752324990356508e-05,0.0,0.0,0.02663316312770794,0.0
s02T2222,0.363614038525573,0.0,0.3664986641199669,0.0,0.08115977492367743,0.025324081077752653,0.0,0.0049309510850605726,0.051470936956010675,0.01416606439122734,0.00038916828584160176,0.0,0.006836837427822211,0.07617331574832621,0.0,0.00943616745874135,0.0
s03T2222,0.3375974673228362,0.000848536593739003,0.3961450962822751,0.0,0.0938331443440014,0.01802479456364548,0.0,0.007133355743784212,0.028597517527835736,0.011452080102617909,0.0,0.00025731500045458487,0.054504382569873354,0.039292207880096706,0.0,0.012314102068840229,0.0
s04T2222,0.3083969830160821,0.0034112775576577805,0.18925273548410979,0.0,0.12343231038110551,0.05808098922117651,0.0,0.011354822149872977,0.08540760144050866,0.01445885583296142,0.0003134798886311238,0.000528139645732153,0.02409840099927235,0.18126440438288963,0.0,0.0,0.0
s05T2222,0.3523910287650482,0.0,0.13465640258165984,0.0,0.07592103721579374,0.07383685180100599,0.0,0.006045121129419553,0.08521484386379588,0.015776851811540718,0.003887193916108723,4.9463417158534554e-05,0.0010332251067841033,0.2511879803916847,0.0,0.0,0.0
s06T2222,0.30117564154059545,0.0043396294497770205,0.11226252720455732,0.0,0.12040056266313443,0.07483432245428628,0.0,0.010084365384094008,0.08270268869871386,0.016762705627208156,0.0030765119642020035,0.0007547038814135874,0.016605827026255966,0.25700051410576186,0.0,0.0,0.0
s07T2222,0.41453468121963494,0.0006060878104404636,0.16513977913590813,0.0,0.04822000130573553,0.08836957752374645,0.0,0.0036575046606315657,0.10303900440844228,0.015178422174057215,0.0018923145915246088,0.0003822380157106356,0.0058299845913233825,0.15315040456284482,0.0,0.0,0.0
s08T2222,0.0,0.7724537813588234,0.0,0.0017217136176604347,0.0,0.0,0.0,0.0,0.0,0.014847981450244638,0.0,0.0,0.00048218140566354484,0.00033119066911530475,0.16183169321004962,0.0,0.04833145828844299
s09T2222,0.0,0.04637390219152431,0.020796198592844376,0.07508793370060927,0.0,0.0,0.0,0.36967461205584945,0.0,0.0,0.0,0.0,0.04553321121825332,0.0,0.3570919101852828,0.0,0.08544223205563663
s10T2222,0.0016965749464881725,0.05191246261480356,0.04679009177584633,0.14769904086601668,0.0,0.0,0.0,0.3862066460199538,0.0008539333410953715,0.0,0.02674176982911848,0.0,0.008645253438993982,0.006962872063858364,0.2972605456838841,0.008170656230942628,0.017060153188998495
s11T2222,0.0,0.04557787034203766,0.006623988557585584,0.046107365435625554,0.10401929506824743,0.0,0.0,0.15954850663912673,0.0,0.052838875471460704,0.0,0.0,0.015100365851712377,0.0,0.5221893449960011,0.0,0.04799438763820296
s12T2222,0.0,0.044010178843384,0.0026890168176540497,0.026938784611855924,0.10581373164203021,0.0,0.0,0.4213205867692235,0.00736343355047185,0.02032351169499592,0.0,0.0,0.01837475434794908,0.0,0.30606024897560286,0.0,0.04710575274683266
s13T2222,0.0,0.04077337204615844,0.005221249332006384,0.05065490121403614,0.1085789916169086,0.0,0.0,0.3210887595627513,0.006666296493341771,0.03681270347728224,0.0,0.0,0.021990952602032748,0.0,0.36939039968699733,0.0,0.03882237396848526
s14T2222,0.020392038645978595,0.0072432240973697645,0.29589079086023135,0.025398545407274587,0.01848099003102693,0.007013249569919804,0.01499905981095268,0.1901383940565631,0.03928943072026702,0.0,0.023066365251135295,0.0007933502769647507,0.25480828174317927,0.00929571229005573,0.09319056723908112,0.0,0.0
s15T2222,0.0,0.09403991599254105,0.00532598505760853,0.0,0.0,0.0,0.0019331715122958826,0.641157621277435,0.13884660781544172,0.0,0.031229702370101538,0.0018184874685615493,0.0,0.0,0.0856485085060147,0.0,0.0
s02M2322,0.6261126245108706,0.0,0.32614162698101934,0.0,0.0,0.0003276490761987468,0.0,0.0017559003030426833,0.039758463408957855,0.004768220662266375,0.0,0.0,0.0,0.0,0.0,0.0011355150576443486,0.0
s03M2322,0.5842221740140731,0.0,0.18914136432442955,0.0,0.07147582532157658,0.03199971637827883,0.0,0.008711017215859523,0.03388172359235439,0.015945457154581285,0.0,0.0,0.010987661665951436,0.02257934163213428,0.0,0.03105571870076096,0.0
s04M2322,0.6309732569931172,0.0,0.3334123120386408,0.0,1.8204311066134015e-06,0.0,0.0,0.0012672833021727498,0.028795933910360262,0.004793372604092286,0.0,0.0,0.0,0.0,0.0,0.0007560207205099574,0.0
s05M2322,0.5592181619515784,0.0,0.18687328992999108,0.0,0.046401626607624015,0.03187003818697881,0.0,0.005855027451260805,0.056237751161411276,0.010664626806706672,0.0007949082930606401,0.0,0.005896101674924184,0.09618846793646416,0.0,0.0,0.0
s06M2322,0.4652314341216459,0.0025169118462475405,0.299332346183029,0.0,0.12282339916016619,0.013388590410323887,0.0,0.009595887098450535,0.01609758528380307,0.0072215972920840026,0.0013132387889093662,0.0008575860150059031,0.007603413065469716,0.027330387060610896,0.0,0.02668762367425404,0.0
s07M2322,0.209474671282279,0.0,0.7768431518543493,0.0,0.0,0.0,0.0,0.007693602759307934,0.0,0.005988574104063822,0.0,0.0,0.0,0.0,0.0,0.0,0.0
s08M2322,0.0,0.5312369582884868,0.0,0.0387105338199693,0.0,0.0,0.0,0.0343641003535131,0.0,0.08452904101534091,0.0,0.0,0.0,0.0,0.10198483982117687,0.0,0.20917452670151315
s09M2322,0.0,0.0033094994814093785,0.0,0.054751209988548544,0.00270974368868939,0.0,0.0,0.24030597491260494,0.0,0.16416215272698773,0.07094035108967571,0.0,0.0,0.0,0.33574209727200865,0.12807897084007572,0.0
s10M2322,0.0,0.014486086011619043,0.0,0.0409995129240866,0.06217948783513728,0.0,0.0,0.21146290345771568,0.0,0.09684896925756559,0.0480508178542371,0.0,0.07241544285160126,0.0,0.42460078808853363,0.028955991719503874,0.0
s11M2322,0.0,0.0,0.0,0.04138496666209219,0.04690847556655553,0.0,0.0,0.2183456676166961,0.003937692983448835,0.08503243972551261,0.15703355209957753,0.0,0.0017336321009652341,0.0,0.42355231988396597,0.02207125336118592,0.0
s12M2322,0.0,0.008637123377137904,0.0,0.04643497986527609,0.08038346091885289,0.0,0.0,0.22956233695231584,0.0,0.0764612513295507,0.08039893127489639,0.0,0.0,0.0,0.4584980022745115,0.01962391400745872,0.0
s13M2322,0.0,0.011030611117047133,0.0,0.051598646387152475,0.11809107777502764,0.0,0.0,0.17068536225882044,0.0,0.08617318124486144,0.0705115184978628,0.0,0.0,0.0,0.46891430178776566,0.022995300931462362,0.0
s14M2322,0.0,0.016550227935367978,0.0004521272809904095,0.0,0.044379592948218256,0.0009733957421044165,0.0,0.4400010636322347,0.011954833771763063,0.0038496997523129878,0.1270899900595623,0.0,0.0,0.0,0.35474906887744584,0.0,0.0
s15M2322,0.0,0.016458582046309685,0.007237253646602068,0.0,0.07637546422070772,0.0037362976368721166,0.0,0.3263600609614094,0.04820921405024172,0.0,0.193909016150503,0.0,0.1392220071347122,0.0,0.18849210415264217,0.0,0.0
s02T2322,0.4093517058573121,0.021932737331440532,0.3792992397874169,0.0,0.11581045067782926,0.007473014786753197,0.0,0.0,0.0,0.0004775007539948832,0.0,0.0,0.0014857193459212803,0.0,0.0,0.045984360218669945,0.01818527124066178
s03T2322,0.4335098173871253,0.0,0.17171012962964838,0.0,0.24117163341644138,0.024444967225792487,0.0,0.0,0.004652340744726076,0.01359369877916139,0.0,0.0,0.02568441600699047,0.04258360748543467,0.0,0.04264938932467981,0.0
s04T2322,0.39926632074527924,0.0,0.1470789021715748,0.0,0.1489077582415494,0.037892431237983935,0.0,0.04124955984675084,0.0,0.006960432938866965,0.0,0.0,0.031585230447902485,0.18705936437009227,0.0,0.0,0.0
s05T2322,0.46669980651756415,0.0,0.13736929821707397,0.0,0.18386939408645703,0.05200356133649561,0.0,0.0,0.013152236362082789,0.011400071907617675,0.0,0.0,0.01921575432945258,0.09021556485711642,0.0,0.02607431238613981,0.0
s06T2322,0.3281200336899105,0.0,0.19832352191589367,0.0,0.2065921647404508,0.05594091273153702,0.0,0.02783340946604765,0.013145343912995657,0.001986174281544562,0.0040808087877124595,0.0,0.050444670531732,0.07992318417939145,0.0,0.033609775762784254,0.0
s07T2322,0.2923756846571299,0.0,0.5437169617685295,0.0,0.10580584202470188,0.005219509895693885,0.0,0.01173613824861365,0.0,0.004769628104195911,0.0003162169138983544,0.0,0.013497046806953529,0.0,0.0,0.022562971580283545,0.0
s08T2322,0.0,0.8959703379030607,0.0,0.00918159280746621,0.0019117887774706135,0.0,0.0,0.009368276192845124,0.0,0.024634445848832665,0.0,0.0069546212499980485,0.0,0.0,0.0,0.0,0.05197893722032658
s09T2322,0.0,0.0,0.0,0.0,0.03174632757316041,0.0,0.0,0.6291711794477299,0.003932729066429674,0.02312450258993236,0.008509603287048383,0.0,0.0,0.0,0.30351565803569924,0.0,0.0
s10T2322,0.0,0.0,0.0,0.0,0.042051661086195236,0.0,0.0,0.5229619013812049,0.004603694386362974,0.0,0.036519148828307355,0.0,0.0,0.0,0.3923620220163745,0.0015015723015550752,0.0
s11T2322,0.0,0.021182870201099838,0.0,0.0,0.04593196021928728,0.0,0.0,0.4377716701712004,0.003373857570072731,0.026960826260114378,0.011924963345818163,0.0,0.0,0.0,0.43781416700335846,0.0,0.01503968522904872
s12T2322,0.0,0.005292436244798328,0.0,0.0,0.0,0.0,0.0,0.647979349821835,0.043605405888012795,0.0,0.008722302680635823,0.001759064166973139,0.0,0.0,0.2926414411977448,0.0,0.0
s13T2322,0.0,0.0,0.0,0.016581379628572347,0.08319443819602886,0.0,0.0,0.18475423600879573,9.159362594725743e-05,0.06555150495729231,0.048471952418585054,0.0,0.0,0.0,0.6013548951647786,0.0,0.0
s14T2322,0.0,0.0,0.0,0.0,0.1433065526470638,0.0,0.0,0.42293042408570575,0.015125680432305624,0.01610555971110041,0.09252739630403006,0.0,0.0,0.0,0.3100043868197944,0.0,0.0
s15T2322,0.27145930554764236,0.03576206188912443,0.1836376948345858,0.0,0.0764816796945227,0.017329625898025877,0.0,0.1677475749007244,0.053864136093522995,0.0,0.023172981661548585,0.0009748879511276301,0.1516964329818486,0.0027816995403545696,0.01509191900697209,0.0,0.0
s02M2422,0.0,0.0,0.12700616313148902,0.002725272796934333,0.0,0.7906106669671681,0.0,0.0,0.014262352169357085,0.006939691509810335,0.017886566871716067,0.0,0.0,0.0,0.0,0.04056928655352506,0.0
s03M2422,0.0,0.0011917423085841517,0.11125420749381916,0.0026995139181922798,0.0506641539403739,0.6873882964084357,0.0,0.008993523697365445,0.044177133899005495,0.013502465469706253,0.01499810465804742,0.0,0.02744158452800344,0.0,0.0,0.03768927367846673,0.0
s04M2422,0.0,0.0,0.0,0.0,0.0,0.8886869487662529,0.0,0.0,0.1113130512337472,0.0,0.0,0.0,0.0,0.0,0.0,0.0,0.0
s05M2422,0.06478562790699358,0.0,0.0832024264495861,0.0,0.1388765724204255,0.3104565113001874,0.0,0.0,0.32372001292398755,0.0002681164923329694,0.0015075591819592264,0.0,0.023381253337675028,0.05094409624743281,0.0,0.002857823739419736,0.0
s06M2422,0.0,0.0,0.03289920532628911,0.0,0.0,0.8316928248881571,0.0,0.0,0.126856553464195,0.0,0.0,0.0,0.0007884032490307629,0.0,0.0,0.007763013072328128,0.0
s07M2422,0.07747440082347085,0.0,0.17545877328779472,0.0010034100398885904,0.08876720731530915,0.4137891356522802,0.0,0.0006372867501056494,0.10635072797682513,0.016868117523449064,0.0,0.0,0.007853091112967513,0.10774070366489853,0.0,0.004057145853010486,0.0
s08M2422,0.0,0.7528963864816636,0.0,0.019026645168215815,0.0,0.0,0.0,0.015133139587206407,0.0,0.047195313430256965,0.0,0.0,0.0,0.0,0.08784733399940584,0.0,0.07790118133325152
s09M2422,0.0,0.027234142996137915,0.0,0.13208911668021503,0.13141159901804594,0.0,0.0,0.23591187080123813,0.0,0.13141750781183265,0.0031458275800202748,0.0,0.0,0.0,0.336013098485283,0.0,0.0027768366272271335
s10M2422,0.0,0.0,0.0,0.06988638864140105,0.0854573961457816,0.0,0.0,0.14004577924019937,0.0,0.06687205016257197,0.05873102301995378,0.0,0.0,0.0,0.579007362790092,0.0,0.0
s11M2422,0.0,0.0,0.0,0.08203165236400374,0.18098764682457277,0.0,0.0,0.19029794236400402,0.002843157989884645,0.10139999267308206,0.03006290965364145,0.0,0.0016242884070470649,0.0,0.41075240972376414,0.0,0.0
s12M2422,0.0,0.011324009197895665,0.0,0.04177874855793831,0.1764945461858049,0.004019186737292682,0.0,0.19191079523034044,0.019352179230602572,0.09381846231645043,0.04391712193410225,0.0,0.017649334346386287,0.0,0.39973561626318643,0.0,0.0
s13M2422,0.0,0.002505602282310834,0.0,0.031679678753375906,0.14045637590346724,0.012333507669394193,0.0,0.1805323799352446,0.03430593311216357,0.07665206329132873,0.07573787602325607,0.0,0.0,0.0,0.44579658302945874,0.0,0.0
s14M2422,0.0,0.003384883461359716,0.0,0.0,0.07708340188568058,0.006105426338018022,0.0,0.2095797763553197,0.07961470099536976,0.02119099966283944,0.0940947855622308,0.0,0.0,0.0,0.508946025739182,0.0,0.0
s15M2422,0.1356380439373724,0.04148725986561635,0.12986094311346738,0.0,0.12106290322161326,0.18977397406612154,0.0,0.055289644206354994,0.1635741162031745,0.0048640311625450725,0.016772764783039903,0.0008218846492896476,0.01524166033518569,0.07076827430142738,0.05484450015479188,0.0,0.0
s01X2422,0.020251331353892368,0.0,0.0,0.0,0.0,0.5842412403877913,0.0,0.04807748535760011,0.33533252797877955,0.0,0.012097414921936629,0.0,0.0,0.0,0.0,0.0,0.0
s02T2422,0.0,0.0,0.0,0.0,0.0,0.4949319641728642,0.0,0.047728793992677085,0.4573392418344587,0.0,0.0,0.0,0.0,0.0,0.0,0.0,0.0
s03T2422,0.0,0.0,0.0,0.0,0.18851098839873848,0.254875623120793,0.0,0.07396248343243106,0.45440061375739815,0.0,0.028250291290639343,0.0,0.0,0.0,0.0,0.0,0.0
s04T2422,0.06295107151147628,0.0,0.00488503107136845,0.0,0.10130362926107951,0.2791814257115976,0.0,0.0056571946074150635,0.49910033849638424,0.001963150888244363,0.04077916679370351,0.0,0.0041789916587309205,0.0,0.0,0.0,0.0
s05T2422,0.0,0.0,0.0,0.0,0.0,0.4734364001359739,0.0,0.000514671211409846,0.5092142611174456,0.0,0.016834667535170787,0.0,0.0,0.0,0.0,0.0,0.0
s06T2422,0.0,0.003909601065573516,0.046751434917583316,0.0,0.1705314055543339,0.33185640371636477,0.0,0.01347190749456869,0.2873255255922313,0.007265664583681959,0.03479902281885321,0.0003018363781320075,0.026852050017583805,0.07693514786109353,0.0,0.0,0.0
s07T2422,0.0,0.016816424827193713,0.19453720019120274,0.006015348985152018,0.15612077516583803,0.29792089035500996,0.0,0.023047405924215197,0.05751746219729441,0.020783287134334423,0.01331850805927355,0.0006828769682671986,0.020453589831637673,0.1666803267433236,0.016390460779144786,0.009715442838112633,0.0
s08T2422,0.0,0.7141925052782825,0.0,0.003675928585211924,0.0,0.0,0.0,0.0,0.0,0.02081889852957811,0.0,0.0031430385255390722,0.0,0.0,0.22442012698667546,0.0,0.033749502094713044
s09T2422,0.0,0.060938836794219554,0.0,0.20460004783819993,0.10275821680279619,0.0,0.0,0.19241374193925112,0.0,0.1713188777320889,0.0,0.0,0.0,0.0,0.23119516808736174,0.0,0.03677511080608269
s10T2422,0.0,0.003979298760692218,0.0,0.20811127212089775,0.16967594403868197,0.0,0.0,0.13866415249895928,0.0,0.1428565858299546,0.04460843410571146,0.0,0.0,0.0,0.2921043126451027,0.0,0.0
s11T2422,0.0,0.0,0.0,0.19376178191358182,0.15808194386277247,0.0,0.0,0.12397744424884341,0.0,0.11163722109710741,0.036966505215111085,0.0,0.0,0.0,0.37557510366258395,0.0,0.0
s12T2422,0.0,0.006586572882386211,0.006412356429832227,0.10688717502951646,0.14284511129041086,0.0037988018452710603,0.0,0.10659036112237176,0.006955431763982703,0.07963325318826137,0.05844778017774852,0.0,0.0024069770429187955,0.0,0.4794361792273,0.0,0.0
s13T2422,0.0,0.0,0.0,0.16676265152170025,0.15649325135567474,0.0,0.0,0.11655405153333363,0.0027746710790615154,0.10616889334873181,0.061568544926502745,0.0,0.0,0.0,0.3896779362349952,0.0,0.0
s14T2422,0.0,0.04046809526472741,0.01502354191480277,0.00024701677218968646,0.14330651712416076,0.03874071634605078,0.0,0.14567238467599308,0.09076060670503326,0.025460269421657487,0.12481146213998932,0.0003202696153625878,0.0,0.0,0.3751891200200329,0.0,0.0
s15T2422,0.14131686451731595,0.045407181175245934,0.042836746095554955,0.01900859289284838,0.09702754693904841,0.11134321323990944,0.005145518109534373,0.09491260046384957,0.1553628753388236,0.01219801851335206,0.07491273875507055,0.0006445643242396712,0.009673029433184491,0.0,0.19021051020202265,0.0,0.0
s02M2522,0.38685386272170624,0.030955646989689452,0.13597067881404334,0.0,0.09297622506018727,0.16624487872977864,0.0,0.019770781600832135,0.11501237534606333,0.00970499359119125,0.008672067504915316,0.0,0.0,0.0,0.0,0.01445154803307718,0.01938694160851583
s03M2522,0.38743510505208517,0.016165633416099764,0.11400570890696096,0.0,0.09705993677644728,0.28119553940514674,0.0,0.02888545811510687,0.04232670629722701,0.012366730036349244,0.005652120764316769,0.0006400736528162487,0.0009548589996070481,0.0,0.0,0.013312128577836865,0.0
s04M2522,0.1788723971963051,0.005061737792067724,0.09515801920860935,0.0,0.18301244015448762,0.21574079407524135,0.0,0.01720376709869546,0.10651273757137344,0.014704035445323822,0.007110766046082769,0.0010758596866779044,0.0006169496463251072,0.1535065222343718,0.021423973844438615,0.0,0.0
s05M2522,0.29795380561177,0.01770189447565043,0.12344572401738872,0.0,0.22994277543664737,0.13905307893965344,0.0,0.02651598134878816,0.05023549117693599,0.01706469149255293,0.0076965361757661815,0.0005681366793111507,0.04380583199990897,0.03372386037447977,0.0005547542368496405,0.01173743803429727,0.0
s06M2522,0.42334932271474407,0.010759827785025263,0.08963016384569374,0.0,0.1607867925851188,0.11216666517762738,0.0,0.019321620512476018,0.08276811346694678,0.011797382238397767,0.01881236579990045,0.00031230511936545564,0.021567622970756557,0.02573862560716391,0.0222693336553558,0.0007198585214279934,0.0
s07M2522,0.33732419494006316,0.012967517190757687,0.26058360172160505,0.020787607761498836,0.1263900793675957,0.04360089475858418,0.0009534854669214953,0.025376767940908467,0.03942430187517393,0.01334105188881617,0.023613103195807433,0.00045107252366459943,0.005612638633154171,0.010142850891402377,0.07943083184404658,0.0,0.0
s08M2522,0.0,0.5026615086825406,0.0,0.017272058246345826,0.0,0.0,0.0,0.0039284974226735,0.0,0.05496765767962002,0.0,0.0,0.008745417422139055,0.003032827349541894,0.2338856081530797,0.0,0.17550642504405956
s09M2522,0.0,0.018615677768554155,0.0,0.13882447473434714,0.17383833576464514,0.0,0.0,0.16132795131668143,0.0024307890600674107,0.06678379249930867,0.010769198639035594,0.0,0.0,0.0,0.4274097802173605,0.0,0.0
s10M2522,0.0,0.0,0.0,0.11127683603704432,0.1603238502490336,0.0,0.0,0.12530064822149165,0.0,0.06440858908640107,0.01395846125276285,0.0,0.0,0.0,0.5247316151532666,0.0,0.0
s12M2522,0.0,0.0,0.0,0.05397774010941391,0.08520114095118296,0.0,0.0,0.08925870676916646,0.0,0.04917582272592074,0.0033963794943213314,0.0,0.0,0.0,0.7189902099499944,0.0,0.0
s13M2522,0.0,0.0,0.0,0.06751393165280771,0.1857910969838115,0.0,0.0,0.1404806579076595,0.006567319998682056,0.06417499162716223,0.009978071969156864,0.0,0.0,0.0,0.5254939298607201,0.0,0.0
s14M2522,0.0,0.0,0.0,0.024766211070798776,0.220936030576057,0.0,0.0,0.109975488290707,0.018776481549460686,0.04785115612600273,0.07041508724586117,0.0,0.0,0.0,0.5072795451411127,0.0,0.0
s15M2522,0.035686446850621875,0.0,0.08984658144294008,0.02175906395058189,0.14816287212461318,0.013572405813539338,0.03005054173419064,0.08252201790370886,0.06766855484529612,0.016544561925699607,0.06480194529711031,0.0,6.624990654693478e-05,0.0,0.4293187582051512,0.0,0.0
s01X2522,0.4247343235785976,0.0007767833182768711,0.134870070738296,0.0,0.07732770041133782,0.22407748946417388,0.0,0.012275656568242671,0.02999576956834158,0.013159757000170467,0.0012350352668638461,0.0005799984336040278,0.0007650480696218721,0.08020236758247333,0.0,0.0,0.0
s02T2522,0.3343286223555118,0.0,0.09496252640999643,0.0,0.1430614341132947,0.1345098518448128,0.0,0.0182305134421765,0.2464665715067581,0.009883876827098613,0.013055101602232378,0.0,0.0043065953496426775,0.0,0.0,0.0,0.0011949065484759761
s03T2522,0.44175427356065705,0.0,0.0,0.0,0.059716609365576476,0.1471287155900968,0.0,0.0213523957538602,0.294913755971996,0.0021209366652427887,0.03301331309257074,0.0,0.0,0.0,0.0,0.0,0.0
s04T2522,0.1901745671298093,0.0,0.0,0.0,0.10249035578625351,0.20612301895121976,0.00024958686513202466,0.02921491994325344,0.4162480672519831,0.0006426298877464108,0.005739570554913215,0.0005918893838843069,0.0,0.04191229705556299,0.006613097190241902,0.0,0.0
s05T2522,0.37480785048687126,0.0038911153793783153,0.0,0.0,0.11090629896374343,0.12979530664637004,0.0,0.03422138887438388,0.2951256276302938,0.0,0.009420405773143603,0.0006650597857212832,0.0,0.025422812835658237,0.015744133624436017,0.0,0.0
s06T2522,0.20307197688598047,0.027580572850201435,0.0,0.0,0.18294532539362832,0.15503509241305716,0.0,0.029564915376255652,0.2181000335792471,0.008194713711933843,0.007853462384842915,0.0014243183380305484,0.0,0.14319177146515677,0.023037817601665754,0.0,0.0
s07T2522,0.46609956504488986,0.010111295903581199,0.04708660205873338,0.0,0.11387317203141328,0.13735665561245267,0.00221409078986354,0.01855471821573836,0.1047102531874026,0.0067672449006072125,0.008680127712284061,0.0006203336422175282,0.0,0.07112762851027832,0.012798312390538047,0.0,0.0
s08T2522,0.0,0.8033216423371882,0.000501406437542737,0.0015657094027540376,0.0,0.0,0.0,0.0,0.0,0.011451086722495273,0.0,0.0,0.0,0.009231096817424103,0.17106391432480503,0.0,0.002865143957790569
s09T2522,0.0,0.06525369019867304,0.0,0.20868695845859458,0.07963777822450006,0.0,0.0,0.10237981623994234,0.0,0.11361977504566927,0.0,0.019354175895308627,0.0,0.0,0.36644934890057596,0.0,0.044618457036736114
s10T2522,0.0,0.00809778747633865,0.0,0.26970753976572914,0.15317511869751302,0.0,0.0,0.12890824836601503,0.0,0.09778942983628523,0.0,0.012832208669225478,0.0,0.0,0.3201683525453879,0.0,0.009321314643505522
s11T2522,0.0,0.0,0.0,0.2255201361243327,0.12332997225942907,0.0,0.0,0.10273635684837523,0.0,0.07970780876217681,0.0,0.004981015787260427,0.0,0.0,0.4637247102184257,0.0,0.0
s12T2522,0.0,0.0,0.0,0.17411122581098107,0.10882514591802533,0.0,0.003516932199888989,0.07135211210937667,0.0,0.05218892158745139,0.004379207419073392,0.0014924176751804513,0.005646847917410638,0.0,0.5784871893626121,0.0,0.0
s13T2522,0.0,0.0,0.0,0.15403000686518417,0.10613170666499631,0.0,0.012966697539123644,0.06924124148973416,0.0,0.049493297790474705,0.005290487998409301,0.0008610540582974738,0.00335965136059517,0.0,0.5986258562331849,0.0,0.0
s14T2522,0.0,0.0,0.002852781937611658,0.017368268911129095,0.11063010615913904,0.0,0.02787379786642122,0.06091892379555416,0.0066311144371831035,0.025551700853986455,0.03134541134842351,0.0,0.0,0.0,0.7168278946905519,0.0,0.0
s15T2522,0.2716411154985284,0.012025348447530707,0.038853780124691234,0.004446211289359275,0.14371417216094828,0.029741619516895534,0.026428035013847835,0.05217001593621088,0.14110322737981976,0.007005215253524312,0.04002912901714664,0.0004960628334746924,0.0,0.032611421184811036,0.19973464634321147,0.0,0.0
s02M2622,0.5187926451114893,0.00530505410542695,0.005950856538159546,0.0,0.24199486389179076,0.09170746980556028,0.0,0.007102284637426571,0.002988236350453631,0.02002331654051343,0.0030516819342521462,0.0,0.0,0.09698656498260518,0.006097026102322329,0.0,0.0
s03M2622,0.45120607942225843,0.00186296304813406,0.08559673385281481,0.0,0.10548323884942241,0.28062424080091325,0.0,0.015116677080650042,0.021746913060988405,0.007227097632951798,0.020083625954239567,0.00031527726751621907,0.0,0.0,0.010737153030111071,0.0,0.0
s04M2622,0.3375122627834152,0.011532390994993475,0.04443918048345395,0.0,0.21441019735254813,0.18851421849792008,0.0,0.02580690840652786,0.05642225469591245,0.005791835795658311,0.005668688202718965,0.0009433044558720863,0.002034552792806068,0.08278629991667016,0.024137905621503426,0.0,0.0
s05M2622,0.3816799638629324,0.021929073087050284,0.05414472589179935,0.0,0.24040557906268611,0.14436445815256793,0.0034645415675577333,0.02690209962203341,0.052668269264548026,0.005774573584419948,0.006125202991146731,0.0008295869877620226,0.012522351599589691,0.013176421463758387,0.03601315286214793,0.0,0.0
s06M2622,0.30861753719761864,0.028020563387709384,0.006362756961291734,0.0,0.23303294299402857,0.1861172652562556,0.0023339445779751895,0.037358559057641245,0.08191509660336647,0.002756664316253516,0.006143885082142047,0.001352321087722672,0.001610391384140139,0.0554056659386745,0.04897240615518027,0.0,0.0
s07M2622,0.21818484372417782,0.0019348405195660054,0.25322100136741893,0.008501424975820779,0.2819208868043457,0.035861599304765644,0.03191827032161174,0.016913806052759342,0.006263537497649162,0.023023521005685964,0.012743266318409177,0.00011725519488470936,0.014633807521870705,0.004501153264863544,0.09026078612617083,0.0,0.0
s08M2622,0.0,0.6365156511456654,0.003862916721099253,0.011598100738366413,0.0,0.0,0.0,0.0,0.0,0.02122082041485087,0.0,0.0028269402416052102,0.0,0.013959599952028742,0.27137313279832176,0.0,0.03864283798806252
s09M2622,0.0,0.022636992090468315,0.0,0.1532478277775075,0.04795698831037095,0.0,0.004910870066422585,0.05408229056614974,0.003341140386693208,0.06875977268882989,0.001244204332079983,0.0031048770294704905,0.001483715550312241,0.0,0.6392313212016952,0.0,0.0
s10M2622,0.0,0.08766655894722811,0.0,0.09703303869277206,0.1028531564484561,0.0,0.027189877249511003,0.06071872135459709,0.0132479131207749,0.0395631252397687,0.004347057014729103,0.004331070751054194,0.00022131002401494642,0.0,0.5628281711570938,0.0,0.0
s11M2622,0.0,0.008670589541655865,0.0,0.09800443605759544,0.04156102932601694,0.0,0.02088242680218764,0.034376960184591465,0.0032719633835817195,0.027735073319126637,0.004002106573257737,0.001975719757763942,2.6477998690350196e-05,0.0,0.7594932170555322,0.0,0.0
s12M2622,0.0,0.0024704152809767945,0.0,0.02536485243111966,0.029328075886515814,0.0,0.030780545577333403,0.013679846880306464,0.00166797811662893,0.008533963625721109,0.0022032419217619687,0.00048042592375906857,0.0003999340203104873,0.0,0.884751425990536,0.0,0.00033929434503023704
s13M2622,0.0,0.0006843161114202178,0.0010962644870332603,0.05019960583631969,0.010539095227812845,0.0,0.02313611603352915,0.0,0.0037308558839546048,0.004327295516498363,0.003936328173027237,0.001477483986255646,0.0007019441859181193,0.0,0.900170694558231,0.0,0.0
s14M2622,0.0,0.0012815054920828318,0.001845438379693896,0.012153646841490342,0.04371703555360322,0.0,0.051743331393539746,0.025640612803775237,0.003766987696424445,0.005860234876500772,0.019735673377917668,0.0006307693850617613,0.0,0.0,0.83362476419991,0.0,0.0
s15M2622,0.21849252095930485,0.017891771698424874,0.10372625022657242,0.003396249402893674,0.1168889581455242,0.0018828653895292752,0.15338897564933854,0.024942350952890536,0.042108507238516335,0.004478970124121961,0.02335399529945262,0.0005544616417569933,0.0,0.0,0.28889412327167363,0.0,0.0
s01X2622,0.25224935324534165,0.007185007394198075,0.34680917111899107,0.0,0.28346687861472747,0.03516592049350449,0.0,0.0,0.0,0.02468456748862967,0.0,9.369967701061383e-05,0.003527076215503465,0.04066720941899391,0.0,0.0,0.006151116333099583
s02T2622,0.5920336939013168,0.0,0.256637887254932,0.0,0.07042087760069916,0.061621126977983776,0.0025531968439746573,0.0,0.0,0.0065758179679955625,0.0,0.0,0.0,0.006185988024237185,0.0,0.0,0.003971411428860954
s03T2622,0.6018379465969212,0.007887231433219219,0.09010007173364969,0.0,0.14360765019178182,0.13112901857411804,0.0,0.011090142866009945,0.0,0.0035455060373056394,0.0,0.00038240796049276174,0.0007954282157093828,0.0,0.006100976440373095,0.0035236199504191257,0.0
s04T2622,0.5073853255244363,0.0066772043659169755,0.2456511987764842,0.0,0.1876377973329594,0.01902256607182452,0.012280175596797255,0.0021566909759663517,0.0,0.005665781798294125,0.0,0.0008031610772598063,0.0,0.0,0.0040645146226423335,0.008655583857418856,0.0
s05T2622,0.6245964287783534,0.0053046849577534205,0.03534499324025844,0.0,0.17180969289524595,0.09551940764605651,0.0009519019568841261,0.009708764922812285,0.014270835152519888,0.004201781141679175,0.002342861986731302,0.00047923349538457724,0.002012046303743327,0.004591135396154854,0.025774405825020063,0.003091826301402666,0.0
s06T2622,0.2943104190998398,0.033976011813011034,0.03956290210857181,0.0,0.26653652945429046,0.1645242414675973,0.009199084514352784,0.018424622344361975,0.008137143739716954,0.004728536977083174,0.006739445233712758,0.001215892643455771,0.008438292240399672,0.0432745307390606,0.0973967949041065,0.0035355527204393613,0.0
s07T2622,0.25547337369748574,0.0,0.3621157982275155,0.001149978640118389,0.11532173239268703,0.0,0.09373992947302964,0.00506396866730984,0.007205911794992059,0.00995029863316009,0.007706689361768806,0.0,0.0,0.0,0.13378101292704642,0.0,0.008491306184886612
s08T2622,0.0,0.6769613564468199,0.0051246261714218075,0.0,0.0,0.0,0.0,0.0,0.0,0.0008138640522889644,0.0,0.0,0.0,0.01667999507300169,0.3004201582564678,0.0,0.0
s09T2622,0.0,0.013697987890272219,0.0,0.3197350525365597,0.0,0.0,0.0,0.0,0.0,0.0,0.0,0.0019543555938967105,0.0006234266984441204,0.0,0.6590337707367161,0.0,0.004955406544111129
s10T2622,0.0,0.0,0.0,0.3853235615443546,0.0,0.0,0.0,0.0,0.0,0.0010021802971333657,0.007864391262542087,0.004343228687192522,0.0,0.0,0.6014666382087774,0.0,0.0
s11T2622,0.0,0.0035345014952156166,0.0,0.4707767632296797,0.0,0.0,0.0,0.0,6.741468954714705e-06,0.0,0.0009223033042034291,0.003270085677842193,0.0005154539201798409,0.0,0.5204145740883496,0.0005595768155749692,0.0
s12T2622,0.0,0.0,0.0,0.3711700809786709,0.020119961619702996,0.0,0.0,0.0,0.0,0.002502473971399936,0.003609959786226859,0.005115205699345777,0.0,0.0,0.5974823179446536,0.0,0.0
s13T2622,0.0,0.0,0.0,0.4439894175393586,0.004315531141582841,0.0,0.0,0.0,0.0,0.0,0.0003144944061050639,0.00474996894063869,0.0007315156600291424,0.0,0.5454807456902292,0.0004183266220565045,0.0
s14T2622,0.0,0.0,0.0,0.2534227673709375,0.04272778773748244,0.0,0.011737266362055946,0.0025835022520237856,0.0009298901771688324,0.005221066215087284,0.009888485199579508,0.00409486435359257,0.0014848135933483745,0.0,0.6679095567387237,0.0,0.0
s15T2622,0.04045607802556791,0.0,0.04597996824275821,0.038108938519114594,0.08395018163268499,0.0,0.07379832775255647,0.009519766156503557,0.015928395874260808,0.002556388767055824,0.02829583718101125,0.0,0.0016796024672656505,0.0,0.6597265153812206,0.0,0.0
s02M2722,0.216772321425232,0.018323634742590286,0.23791523582419286,0.0,0.3136267054076464,0.03320619468762875,0.0,0.0,0.0,0.016689718438508586,0.0,0.0006455801122139093,0.0,0.15893679525104443,0.0,0.0,0.0038838141109428007
s03M2722,0.2809166097285315,0.020438819496028666,0.21001843524967898,0.0,0.3910914714493138,0.023036377995559007,0.0,0.0,0.0005187885412349523,0.01650070283842844,0.0,0.0,0.001218929125958038,0.04670705258549901,0.0,0.0,0.009552812989767614
s04M2722,0.006727673049420356,0.014664637620976933,0.2726344559790117,0.0,0.5755520291960855,0.025930075805953558,0.0,0.0,0.0,0.013643485550468014,0.0,0.0,0.017134750298195677,0.04613740165190088,0.0,0.022843981874626045,0.004731508973361357
s05M2722,0.0,0.015880395855285764,0.32538949674414425,0.0,0.5150804486335944,0.021933554920143757,0.0,0.0,0.0,0.008334187506797089,0.0,0.001068898460976462,0.010363225653214196,0.074866506904235,0.0,0.02332604161203191,0.003757243709577153
s06M2722,0.0,0.02972331501883236,0.1685760302772136,0.0,0.5734766164425277,0.02657813596137942,0.0,0.0,0.0,0.010643298499029914,0.0,0.0014786013628385612,0.01601003309812426,0.155301042988899,0.0,0.01821292635115527,0.0
s07M2722,0.15255656607904877,0.005839653524863686,0.3662684571684759,0.0,0.35944888014217985,0.033897567495076664,0.0,0.0,0.0032460055415569323,0.013560878165087784,0.0,1.544813613851075e-05,0.005254507646076101,0.04997874238429883,0.0,0.0,0.009933293717196876
s08M2722,0.0,0.8112991851381238,0.0008128129394608532,0.0,0.0,0.0,0.0,0.0,0.0,0.0,0.0,0.014410693615866577,0.0,0.003718766020776279,0.16975854228577253,0.0,0.0
s09M2722,0.0,0.0406297824157407,0.0,0.34798706599702545,0.043485060151367716,0.002006502180535584,0.008107244364517482,0.0,0.0012301980448304463,0.007158916395830972,0.03098271655307403,0.0018153595179144113,0.0007817234220569798,0.0,0.5158154309571061,0.0,0.0
s10M2722,0.0,0.015430585853499646,0.0,0.3213251559040505,0.053085730874203506,0.0,0.008222909019915932,0.007964427678636529,0.0,0.005749722045453606,0.07866939572140651,0.0008869844977307177,0.0,0.0,0.508665088405103,0.0,0.0
s11M2722,0.0,0.01626786705380974,0.0009349311954538385,0.37973672214024234,0.05944478863761415,0.0009854288053924248,0.006691900613005092,0.0,0.004326899966558088,0.0028662602243397367,0.03363142704711607,0.0006349640053207181,0.0015239831408156799,0.0002625617895541808,0.4926922653807781,0.0,0.0
s12M2722,0.0,0.0027168647661666226,0.0013904367046640993,0.24372367946119403,0.03648878073589377,0.0,0.007140656509138399,0.0,0.005490016428915266,0.0,0.03878082096111793,0.0005676911694828816,0.00096575430029413,0.0,0.662735298963133,0.0,0.0
s13M2722,0.0,0.0,0.0018694003085702815,0.23788950438134884,0.03458212212804081,0.0006853124219996464,0.00855618400558745,0.0,0.01638007014923623,0.0,0.07785919482160596,0.0,4.2334596919471844e-05,0.0,0.6221358771866915,0.0,0.0
s14M2722,0.03713137509683526,0.0,0.001319261379855184,0.02893002492166408,0.11008004015979139,0.0056690252076585105,0.01893370720415006,0.016441603661191604,0.023125654901470876,0.0,0.09549968658078466,0.0,0.0,0.03646662492153593,0.6264029959650625,0.0,0.0
s15M2722,0.15669148044508696,0.0,0.3542223724494729,0.009231704421064434,0.2731289377558752,0.005389089170990874,0.05347699235996889,0.004699453222223516,0.012762546161381715,0.014373214111813267,0.01116433258162681,0.0,0.0019980522918039033,0.0,0.09101193952277399,0.0,0.011849885505917554
s01X2722,0.0,0.0030146886013799256,0.22609256573223063,0.0,0.6319877139899549,0.01960326647403749,0.0,0.0,0.0,0.020612270300595564,0.0,0.0,0.022752204846688166,0.023587313672930137,0.0,0.03599563079033697,0.016354345591846342
s02T2722,0.0681549939779391,0.014285959088647599,0.1540513737054396,0.0,0.4343012369636286,0.1146622487984274,0.0,0.0,0.10293271014501411,0.018322368482589682,0.0,0.0,0.0010475238973284876,0.06273701134001579,0.0,0.020610059591819448,0.008894514009150254
s03T2722,0.05884455711869561,0.008657520129337242,0.1380123196385292,0.0,0.3410183013798895,0.23887723757987903,0.0,0.0,0.14425767525675062,0.015360688422840206,0.0005845668653072627,0.0,0.0,0.037532495553759274,0.0,0.010179488391011564,0.006675149664000534
s04T2722,0.032475953516980065,0.029163918908127758,0.026224320388759836,0.0,0.2510934384053815,0.38620884358764723,0.0,0.004250972391572767,0.19711828805942933,0.0030240747349464295,0.0006703966133788845,0.0006006780732666933,0.0021385341601557737,0.05282153870742746,0.0,0.01420904245292632,0.0
s05T2722,0.0,0.037091133962863634,0.03382525501751153,0.0,0.15625038351189444,0.5156046949237084,0.0,0.01767874168620069,0.1913390705628534,0.0,0.0,0.0006720480590366094,0.0,0.03217314669226253,0.011834443394928227,0.0035310821887403233,0.0
s06T2722,0.02728413373128777,0.0700524355440113,0.02162527501609649,0.0,0.3073519088707445,0.2286204191857906,0.0,0.004467424890473056,0.14592937343384113,0.003039039573411417,0.0024246518983304594,0.001377546868159389,0.0,0.16247583955825096,0.025351951429603045,0.0,0.0
s07T2722,0.16002399618590918,0.017182075611344536,0.027944844368209706,0.0,0.1772322314604796,0.26320839707432,0.0,0.003090053578932747,0.2924378196354389,0.0,0.0006676036533144861,0.0005069933802252564,0.0,0.05057726675896076,0.007128718292864948,0.0,0.0
s08T2722,0.0,0.5235816227419857,0.0,0.0,0.0,0.0,0.0,0.0,0.0,0.0,0.0,0.007197769573364288,0.0,0.001749180298321812,0.4674714273863281,0.0,0.0
s09T2722,0.0,0.055055332792806194,0.0,0.39535811492460254,0.06594037417253294,0.0069177261662994515,0.0094659987808781,0.0,0.004411810873460202,0.022355975490728715,0.015537159997800922,0.03959813343554306,9.155656974593382e-05,0.0,0.38526781679560185,0.0,0.0
s10T2722,0.0,0.016989047966244578,0.0,0.20751939345027226,0.14825951922300754,0.00010895462989178607,0.03589122596588027,0.01995199050714612,0.0,0.019332233985578196,0.08161048768112844,0.009141977414615882,0.0,0.0,0.46119516917623504,0.0,0.0
s11T2722,0.0,0.014391996774711972,0.004896455938355882,0.25507052466240426,0.09189515188770414,0.004168120797894977,0.04105396200646155,0.0,0.010806425139801977,0.021050677114748912,0.05634187063453032,0.03804462560420589,0.002072594910362234,0.0,0.46020759452881776,0.0,0.0
s12T2722,0.0,0.0,0.0,0.1261200874798772,0.11766606012430775,0.0,0.036135165308479274,0.018993974363584215,0.0,0.0160477245434571,0.19610757937601384,0.0029784318775468764,0.0,0.0,0.4859509769267338,0.0,0.0
s13T2722,0.0,0.019820293676641742,0.01472618297163341,0.008201898406875656,0.0977978531681123,0.020925308322743807,0.08454694527217002,0.004778782517072698,0.03476007793239386,0.0,0.1800191818596571,0.00014047664724932513,0.0,0.0,0.5342829992254501,0.0,0.0
s14T2722,0.26592309660452973,0.01967641311897614,0.020362883245139612,0.0,0.14681621734526748,0.05063444785898341,0.07073542114575775,0.0034450458458722575,0.1317086247333833,0.0,0.06663989404116767,0.0004222198787314773,0.0,0.0,0.22363573618219118,0.0,0.0
s15T2722,0.18787516065704932,0.02220324305699989,0.08465627696578915,0.0,0.18598166439809496,0.2111111376971679,0.02303832572787988,0.003112165011039264,0.14078435669730177,0.0017645769332864584,0.021873651165743045,0.0006770321571666213,0.0,0.014763157043742104,0.09906854930184805,0.0030907031868915437,0.0
s02M2822,0.33602084489628326,0.0060548579170542766,0.06379606489203185,0.0,0.33372595297490376,0.037347446907212936,0.07311573835612376,0.004947990510440286,0.042364133165415006,0.0055546953789231525,0.0009597071055197906,0.0008607926869892875,0.0,0.09180492624377878,0.003446848965323886,0.0,0.0
s03M2822,0.29120127142548113,0.005568812091588805,0.12332819116684106,0.0,0.345415510722414,0.04315993337070508,0.07417697238857766,0.0060168773031429,0.028773940106777765,0.0055756624697108036,0.003937854900883502,0.0008203988600858805,0.0026764892476665377,0.061834615088240216,0.007335906349337181,0.0,0.00017756450854761925
s04M2822,0.3254404587698496,0.003414675057877765,0.04741163292740467,0.0,0.3103164229125425,0.14956136935557482,0.02426339940534614,0.004799150481256772,0.11645663144269837,0.0,0.003894949726414959,0.000512035827237937,0.0050910325559182755,0.0,0.0015010957385316215,0.007337145799346625,0.0
s05M2822,0.20895277113062663,0.02755829031866886,0.09463502590360992,0.0,0.3408091140264807,0.10132847138278994,0.03813844932675761,0.016557162648404632,0.08592057944636827,0.0,0.01095185296220079,0.000955802917370452,0.0,0.03919624886075344,0.034996231075968796,0.0,0.0
s06M2822,0.12639906735070125,0.02237943779280799,0.014280277177747906,0.0,0.27019850881162477,0.1636286004080758,0.014761649711714559,0.014552495786667589,0.17316949146982913,0.0,0.005661333149252067,0.0010157352618109857,0.0,0.15797043779886932,0.035982965280898595,0.0,0.0
s07M2822,0.16820543851574726,0.01282200692941278,0.07107480996335802,0.0,0.1953426027573343,0.21398615821134173,0.02104423603876996,0.010336113624790623,0.19994865177818005,0.0,0.004747428919817942,0.0008624138442489011,0.0,0.08646157834634156,0.015168561070656875,0.0,0.0
s08M2822,0.0,0.4926293523829248,0.0,0.0,0.0,0.0,0.0,0.0,0.0,0.0,0.0,0.0,0.0,0.003431388381863778,0.5039392592352113,0.0,0.0
s09M2822,0.0,0.09917989650373531,0.0,0.44388466405077487,0.0,0.0,0.0,0.0006215426471181806,0.001503848868013699,0.017432151192090434,0.0,0.03433449474892198,0.0004634225616050336,0.0,0.39936787671117313,0.0,0.0032121027165672817
s10M2822,0.0,0.0,0.0,0.026948640173485,0.0029995750001477273,0.0,0.0,0.04313140130061187,0.0,0.019219568896091124,0.05350179340790903,0.0,0.0,0.0,0.8541990212217554,0.0,0.0
s11M2822,0.0,0.006083324436118698,0.0,0.06092187075174425,0.07721513514860784,0.0,0.0055228222040665425,0.07594602547219646,0.003942733731947995,0.0376435369235053,0.08171149786846928,0.0007112202640545799,0.0,0.0,0.6503018331992889,0.0,0.0
s12M2822,0.01046153628197621,0.0053200256184079584,0.007061647323924297,0.0,0.10083152664802844,0.006901640803018907,0.20729833066422557,0.005059631092492288,0.08939037748550228,0.0,0.19337732385873746,0.0,0.0,0.0,0.3742979602236866,0.0,0.0
s13M2822,0.0,0.004590730683645488,0.013334547303713154,0.0,0.05193904235712276,0.008190939007707924,0.3071337332872261,0.0,0.0645821433232696,0.0,0.12037875829188986,0.0,0.0,0.0,0.42985010574542515,0.0,0.0
s14M2822,0.10121882693578266,0.014144488708915014,0.017821063773735865,0.0,0.08787420526691714,0.008785930101148741,0.2120971982020623,0.0,0.08812317829276925,0.0,0.1015481581803909,1.9507342533377006e-05,0.0,0.0,0.36836744319574466,0.0,0.0
s15M2822,0.17999837368219795,0.01402922180053408,0.02089810927515669,0.0,0.09502802394205476,0.019046173509157476,0.1994412394397719,0.0,0.10505624188384752,0.0,0.037579548342690935,0.0004987881675185644,0.0,0.045751984478509644,0.28267229547856054,0.0,0.0
s01X2822,0.26489160641246,0.0,0.2364150355680627,0.0,0.42831653288837274,0.00970514316021706,0.035032970173744016,0.0,0.004004740496761184,0.010796568677680637,0.0,0.0,0.0021577821689595686,0.0037190913177767883,0.0,0.0,0.004960529135965378
s02T2822,0.4604179342999248,0.0015411292495672462,0.004837537605294221,0.0,0.21547743447436432,0.06396506988400023,0.09205102383543368,0.003962881273187274,0.11404854988387522,0.0,0.00832494810314468,0.0004954506711518217,0.0,0.023840308347335377,0.011037732372721131,0.0,0.0
s03T2822,0.39651902405883377,0.0010817423880181004,0.024165454532185365,0.0,0.23198091929644546,0.06683012486703045,0.12574211067626445,0.0022722931173918097,0.10300059411772142,0.0,0.004500616939441263,0.00030705533424499283,0.0,0.040998190664449374,0.0017007395656171043,0.0,0.0009011344423564458
s04T2822,0.3230947853411791,0.002435938522864668,0.09368974034556576,0.0,0.22678358318953842,0.07797195335820933,0.1029799950247792,0.0,0.05185156835922607,0.0010610671001466346,0.0009338232058859416,0.0007733008105251326,0.0,0.11838329149846794,0.0,0.0,4.095324361187687e-05
s05T2822,0.25882791196116933,0.019902454652154802,0.06611737417462174,0.0,0.3065428537689703,0.13075057565276896,0.026995213527054446,0.0067762910324742145,0.08954391691580037,0.0,0.001007439561320721,0.0009683705330336971,0.0004339705286253313,0.08227959623942133,0.009854031452584889,0.0,0.0
s06T2822,0.1718971391143371,0.01506992168373963,0.07035318138289803,0.0,0.28864598149825166,0.08803359182455112,0.07278220603183862,0.0027494762893475982,0.048235996995628506,0.0003511806695919211,0.0023661659311734152,0.0013980716964026524,0.0,0.2016676124690917,0.03644947441314815,0.0,0.0
s07T2822,0.21268105521819358,0.013242300483786157,0.18736259434697022,0.0,0.26945680321333426,0.052937239730341375,0.12596523989994532,0.0005019981337334088,0.03306270947959614,8.776415826516422e-05,0.002759715111552819,0.0006972696077759384,0.0,0.08272750466203507,0.01851780595447055,0.0,0.0
s08T2822,0.0,0.694871275440414,0.0005888885133188417,0.0,0.0,0.0,0.0,0.0,0.0,0.0,0.0,0.0,0.0,0.005497594354689296,0.2990422416915778,0.0,0.0
s09T2822,0.0,0.0,0.0,0.16631916389841675,0.0010148236156088029,0.0,0.0,0.24516314974896514,0.004648946288407655,0.01770735849427599,0.0,0.0,0.0,0.0,0.5640426256571838,0.0011039322971417365,0.0
s10T2822,0.0,0.011245997418011347,0.0,0.0,0.05518095665010883,0.0,0.0036231948430798665,0.23671586669104142,0.07196429176513273,0.014349992658123477,0.008017169252609736,0.00171795689867354,0.0,0.0,0.5971845738232191,0.0,0.0
s11T2822,0.0,0.0,0.0,0.010530717405222866,0.05828309270423155,0.0,0.006827606201665305,0.2070290609672477,0.02694918518718959,0.016789021878202682,0.019838858274096826,0.0,0.0,0.0,0.6537524573821436,0.0,0.0
s12T2822,0.0,0.0,0.0,0.026788907450171026,0.07322152207189106,0.0,0.018284655039642703,0.17444909301049594,0.01758848818939972,0.0067409382403349925,0.015470220290283594,0.0,0.0,0.0,0.667456175707781,0.0,0.0
s13T2822,0.0,0.0,0.0,0.0,0.06678022833963043,0.0,0.050163089436501225,0.1162337460525299,0.06480206938256212,0.0006656682305311836,0.0409472706360268,0.0001361033753595598,0.0,0.0,0.6602718245468587,0.0,0.0
s14T2822,0.0,0.0,0.005510425958726657,0.0,0.05603734322490951,0.0008473615734054116,0.3203985845641173,0.04798919342072191,0.03271135556672146,0.0,0.03786831439497589,0.0,0.0,0.0,0.4986374212964218,0.0,0.0
s15T2822,0.1325988991540188,0.025751839646026013,0.08003941641492045,0.0,0.14921019624269943,0.009529817949576462,0.3436889426802367,0.01343946269960653,0.08670085000601051,0.0,0.016346336344976602,0.0008111724851898908,0.0,0.007082023878394745,0.13480104249834393,0.0,0.0
s02M2922,0.25306798634883426,0.0,0.08621211066170982,0.0,0.18847462057883216,0.009353049824028197,0.4061164643742964,0.0,0.018994620238519017,0.001486419408838721,0.0,0.0,0.0,0.033584170282934846,0.0,0.0,0.0027105582820064486
s03M2922,0.21536267618178997,0.0,0.08547588585246198,0.0,0.17061597915307944,0.009626456942413026,0.4574757852233276,0.0,0.04553569071316565,0.0019237208793082283,0.0,0.0,0.0,0.012356516789406271,0.0,0.0,0.0016272882650478276
s04M2922,0.07581584773277786,0.0,0.0,0.0,0.1648951715482508,0.02117985867028198,0.26738715804588753,0.014015924499795013,0.370285260308989,0.0,0.020122236757484972,0.0,0.0,0.035529174726074086,0.03076936771045893,0.0,0.0
s05M2922,0.13222470907048522,0.004454544571772368,0.0,0.0,0.2837896888791345,0.049262391275606915,0.008033059077286252,0.017896480807957655,0.37179110723196335,0.0,0.026807626681620057,0.0014848356972396995,0.0,0.0325457032240941,0.07170985348283969,0.0,0.0
s06M2922,0.17263579354073819,0.005869093716673069,0.0,0.0,0.13720313123392686,0.05616373141632787,0.23892391123614964,0.003392007776491343,0.2928483439667783,0.0,0.017386743038297167,0.0006169135971431414,0.0,0.04144553961890412,0.03351479085857038,0.0,0.0
s07M2922,0.1804410958338427,0.0,0.0,0.0,0.019630465989553696,0.028038574430209233,0.5599827976637095,0.0,0.15813528132173366,0.0,0.002501824099799501,0.0,0.0,0.051269960661151644,0.0,0.0,0.0
s08M2922,0.0,0.3965570285910193,0.0,0.0,0.0,0.0,0.0,0.0,0.0,0.006709344276759344,0.0,0.0,0.0001483974248408577,0.003312799792010715,0.5438569995089153,0.0,0.04941543040645432
s09M2922,0.0,0.0,0.0,0.4002017384256627,0.0,0.0,0.0,0.14343449997394564,0.0,0.02544711242942557,0.0,0.15958792274215736,0.0,0.0,0.27132872642880873,0.0,0.0
s10M2922,0.0,0.0029283278356376525,0.0,0.05886702323091552,0.06251816204086827,0.0,0.007299502866147541,0.18378858865493353,0.0,0.0182168087085044,0.0024986049169169345,0.033775842367748325,0.0,0.0,0.6277645571693318,0.002342582208995964,0.0
s11M2922,0.0,0.0,0.0,0.20714927788985685,0.0012815628161791006,0.0,0.008491150896101897,0.13966661411610262,0.0,0.022430394787144214,0.0,0.27369585611318487,0.0,0.0,0.34728514338143035,0.0,0.0
s12M2922,0.0,0.0,0.0,0.1165658387552992,0.03859499058351491,0.0,0.022590622864046436,0.16509168911245709,0.0,0.02959660316287123,0.0,0.21034096345124081,0.0,0.0,0.4172192920705702,0.0,0.0
s13M2922,0.0,0.0,0.0,0.08354409398096918,0.06276020366253289,0.0,0.03411247079340395,0.14448903793589124,0.0010557297631376152,0.015820611398895137,0.00182977840308764,0.07042846165015666,0.0,0.0,0.5841159277161775,0.001843684695748136,0.0
s14M2922,0.0,0.01768786155885747,0.0,0.020574067404138457,0.06315692690249984,0.0,0.1236602268119158,0.13637823811193386,0.010261518910403713,0.008088937595842245,0.006919831827892678,0.016600185388458817,0.0,0.0007245711930393149,0.5928165214593792,0.003131112835638416,0.0
s15M2922,0.0734700444200692,0.02468678739009079,0.002520469356560998,0.0,0.011367097513827827,0.001517947739724164,0.44138254529159526,0.0,0.09212328730549546,0.0,0.041158885168141396,0.0003951968614539352,0.0,0.0002242471682693952,0.31115349178477153,0.0,0.0
s01X2922,0.05154681717165028,0.0,0.051491661200784425,0.0,0.1542459965544865,0.008169532697715358,0.6288214201730965,0.0,0.009619010197561622,0.0020670332420146347,0.0,0.0,0.0,0.09403852876269062,0.0,0.0,0.0
s02T2922,0.0,0.000992230238035663,0.06983458649884548,0.0,0.5757053223049562,0.004229042893008415,0.25132725205953643,0.0,0.0,0.008470135135963067,0.0,0.0008155374323204789,0.008408384334705714,0.07237906101696578,0.0,0.007838448085662603,0.0
s03T2922,0.03999236649301054,0.0,0.05276412575047807,0.0,0.45627489139246913,0.005299395160957084,0.3768111475803303,0.0,0.0,0.004832123375674417,0.0,0.001373229465075841,0.007746244568134521,0.05453110205116846,0.0,0.0003381448885622224,3.72292741395254e-05
s04T2922,0.0,0.012625410626110323,0.03609828628637778,0.0,0.5414609638270323,0.007721017754202799,0.2488416068548258,0.0,0.0,0.00445139562126701,0.0,0.001235857404620743,0.009982899419237218,0.13758256220632598,0.0,0.0,0.0
s05T2922,0.07465746724200047,0.00182471160022215,0.06576375580172357,0.0,0.5187488695687944,0.012971332302177077,0.2172727580136766,0.0,0.0,0.005383275950441727,0.0,0.00041204284952619505,0.02975182708573593,0.04884571947303108,0.01047862268201434,0.013889617430656523,0.0
s06T2922,0.0,0.0,0.02949321009327817,0.0,0.6125752737245586,0.052716626809126504,0.11572596228880348,0.0,0.02237575178525527,0.0,0.005003985687843207,0.0,0.014074696025840848,0.13944684983453418,0.0,0.008587643750759884,0.0
s07T2922,0.14454400764503011,0.0222679481923496,0.11667716001896615,0.0,0.24221376032000794,0.007169516464292286,0.3307834798252498,0.020130955347283788,0.013900782716970586,0.005140263150291704,0.0060405568763588135,0.002066386132105535,0.0010103357541807125,0.006803349947392597,0.08125149760952045,0.0,0.0
s08T2922,0.0,0.7488559904438897,0.0,0.0062531825632856025,0.0,0.0,0.0,0.0,0.0,0.005617481934936505,0.0,0.0,0.0,0.0,0.23927334505788805,0.0,0.0
s09T2922,0.0,0.0007951327940753516,0.0,0.03535831471882881,0.0,0.0,0.17606152064507735,0.07292672501446264,0.000287697300409494,0.0,0.021445974774898336,0.013418094228096766,0.0,0.0,0.6797065405241511,0.0,0.0
s10T2922,0.0,0.0005845219165820606,0.0,0.039850571254504766,0.0,0.0,0.20186982818364424,0.04609886397603724,0.0,0.0,0.04100683830826385,0.006538891775176261,0.0,0.0,0.6640504845857917,0.0,0.0
s11T2922,0.0,0.0,0.0,0.022333150743554027,0.0,0.0,0.24451139728876736,0.04015740824455078,0.0016276601112760075,0.0,0.027070424736143003,0.012749450288795918,0.0,0.0,0.651550508586913,0.0,0.0
s12T2922,0.0,0.0,0.0,0.015612956816711564,0.0,0.0,0.30357044240208303,0.07443766413681024,0.0,0.0,0.014971913239732003,0.014739791746456728,0.0,0.0,0.5766176207755469,4.961088265960351e-05,0.0
s13T2922,0.0,0.0,0.0,0.027867911326751232,0.0,0.0,0.1591270841929994,0.07090202495490602,0.0,0.0,0.019122253571087388,0.0098132717427616,0.0,0.0,0.7131674542114943,0.0,0.0
s14T2922,0.0,0.005492828930672268,0.0,0.0,0.0,0.0,0.40222024982473564,0.04689499562547603,0.0015457209386651734,0.0,0.017491423699246587,0.0043053766375636005,0.0,0.0,0.5220494043436408,0.0,0.0
s15T2922,0.03734454892269855,0.005923342724659496,0.005804256734276576,0.0,0.0,0.0,0.594025331732649,0.004666070195014864,0.005598399402317282,0.0,0.03022538820292948,0.0003981145314274122,0.0,0.0,0.31601454755402736,0.0,0.0
s02M3022,0.13889476719640675,0.003439624285005468,0.15309979450556577,0.0,0.2441387969646016,0.016685073542279914,0.38052263432009686,0.0,0.043235685192599065,0.0,0.0036778641431224565,0.0,0.0,0.004990382277361419,0.0060580569268616075,0.0,0.005257320646099126
s03M3022,0.031105973629296232,0.011153903074186696,0.05258911317341706,0.0,0.3957405796758397,0.023801334634031227,0.22480263162193379,0.012581694846683473,0.15527602599088586,0.0,0.028981455269308478,0.0013662176641598626,0.0,0.0,0.06260107042025762,0.0,0.0
s04M3022,0.10874137615504652,0.055190340460663255,0.01437791576577377,0.0,0.23219370810925183,0.13007704990142052,0.05771616055456613,0.004303751413258455,0.005031276799032295,0.0,0.002049560727537312,0.002287201633221772,0.0,0.34978250024749846,0.0382491582327297,0.0,0.0
s05M3022,0.21827474598825117,0.04084504649722816,0.0,0.0,0.0,0.5328940212908332,0.027033271062222173,0.0020051628231020453,0.10529567116979915,0.0,0.004065296019422554,0.0011321798305757931,0.0,0.04790400953566511,0.02055059578290058,0.0,0.0
s06M3022,0.20057160437573487,0.04339733069398486,0.0,0.0,0.07216814366034525,0.2629243629900036,0.052432236070850555,0.009634333436156283,0.11542407552689019,0.0,0.0037255577886886604,0.0015441510236743998,0.0,0.20180182036868902,0.0363763840649824,0.0,0.0
s07M3022,0.2608332929986997,0.030137615371355318,0.16698417373222388,0.0,0.15888886371818045,0.06024134161190018,0.2381502983051955,0.0,0.013450040242473439,0.0,0.0,0.0007866997224178855,0.0,0.07052767429755372,0.0,0.0,0.0
s08M3022,0.0,0.7503434227127541,0.0,0.01455501547174402,0.0,0.0,0.0,0.005032517868982306,0.0,0.021793039284720334,0.0,0.0,0.0,0.0035880947572391802,0.20266783224532187,0.0,0.0020200776592382954
s09M3022,0.0,0.024178774991613722,0.0,0.015120209368385578,0.01046871951489014,0.0,0.17737248410883297,0.030626662722283003,0.0027276983051542597,0.0,0.03476465593420998,0.0054463983010280435,0.0,0.0,0.6992943967536023,0.0,0.0
s10M3022,0.0,0.009614287256769318,0.0,0.0,0.03828043468440056,0.0,0.17505335783923254,0.14800658939440875,0.001689641469633083,0.0,0.027418082367413128,0.0025880361692572035,0.0,0.0,0.5973495708188854,0.0,0.0
s11M3022,0.0,0.013593097711104195,0.0,0.0,0.0,0.0,0.26390571337953256,0.026539702487098138,0.0057723541553629885,0.0,0.020570866318804816,0.004714311052841917,0.0,0.0,0.6649039548952553,0.0,0.0
s12M3022,0.0,0.07364621438700457,0.0,0.0,0.02777123607304316,0.004508146511024333,0.1431911530465223,0.10965009319304116,0.025366482494399423,0.0,0.03757820132394808,0.005644904511978013,0.0,0.0012609911014311048,0.5713825773576079,0.0,0.0
s13M3022,0.0,0.05625639547488904,0.0,0.0,0.01480618551223058,0.003569924209187523,0.12140889472640523,0.08977437216749391,0.02525034911356525,0.0,0.048896207376684354,0.003042100198747846,0.0,0.0,0.6369955712207962,0.0,0.0
s14M3022,0.009907097710291435,0.05056230347615265,0.0,0.0,0.001769497546113949,0.0074377486693089365,0.17090435137516521,0.08838786109035215,0.08723454113751068,0.0,0.055840324074365046,0.001849852948738713,0.0,0.005690069737338562,0.5204163522346626,0.0,0.0
s15M3022,0.10265687113767213,0.05051841577007402,0.04596840704874638,0.0,0.12138643324530927,0.015282949077047605,0.46401612719322194,0.01537540094161867,0.02145631673410093,0.0,0.011468858644402617,0.0016485650892182281,0.0,0.06099256096412624,0.08922909415446197,0.0,0.0
s01X3022,0.20918260103495048,0.016675411442166742,0.10929502878209235,0.0,0.13229845517944064,0.07199928620235976,0.36160580921010055,0.0,0.05957200985033109,0.0,0.0005511108578910635,0.0004918514876034571,0.0,0.0383284359530639,0.0,0.0,0.0
s02T3022,0.21715689740359823,0.017381403865790065,0.021947255925764814,0.0,0.15120672592360834,0.07427991366384416,0.1997225011799919,0.0,0.1369089968584401,0.0,0.011134335543924435,0.0010276886974305442,0.0,0.15086598688599223,0.01836829405161527,0.0,0.0
s03T3022,0.20158721680738628,0.0454165298846905,0.005291733789038996,0.0,0.21412996855772867,0.09019577210972858,0.08474478140864175,0.00525452422643171,0.10543792458616094,0.0,0.02419499056058234,0.0012272346261547745,0.0,0.15283384020211416,0.06968548324134122,0.0,0.0
s04T3022,0.2655385486239049,0.035290927139019,0.005689608325822111,0.0,0.20618961003564482,0.08434458570324904,0.10011897960681046,0.0011014482398856225,0.13209740371460207,0.0,0.03490155946750812,0.0004898453281830676,0.0,0.0910841131678378,0.04315337064753294,0.0,0.0
s05T3022,0.2670393922434153,0.029694542694849623,0.0,0.0,0.16356656505964795,0.12484429138268144,0.11869224159217903,0.0014825130138890715,0.1358071590317461,0.0,0.035562261022571574,0.00044158802092248757,0.0,0.07453798886612394,0.04833145707197349,0.0,0.0
s06T3022,0.13954586798049742,0.04772059432474694,0.0,0.0,0.24770423129980956,0.09569830717626782,0.11962355576079022,0.010684469157042716,0.09995600500367739,0.0,0.029472907352804438,0.001136010540447149,0.0,0.15546587596985506,0.052992175434061504,0.0,0.0
s07T3022,0.0,0.020670398591849957,0.008345346058397348,0.0,0.12870456570175098,0.18896637229534843,0.19856638605955026,0.0013756971882988498,0.20574494389686676,0.0,0.0,0.0014161778604486648,0.0,0.22575217837176012,0.020457933975728693,0.0,0.0
s08T3022,0.0,0.6810815272922381,0.0,0.019407224562795432,0.0,0.0,0.0,0.0033500028521459657,0.0,0.03136554238339715,0.0,0.001411596053249819,0.0,0.002540855965103919,0.2122562911854473,0.0,0.04858695970562214
s09T3022,0.0,0.043367942589953856,0.0,0.061634012574698326,0.063501848652123,0.0021344205428028965,0.06187684802942556,0.10197739291757386,0.0321034769093339,0.0,0.03579198520374345,0.004085781254941434,0.0,0.0,0.5935262913254037,0.0,0.0
s10T3022,0.0,0.023937241879207913,0.0,0.0,0.042047985243341905,0.003638397904523187,0.0983495774896759,0.04412406851737409,0.0553511745003385,0.0,0.11006155715256964,0.000559106026116255,0.0,0.0,0.6219308912868526,0.0,0.0
s11T3022,0.0,0.016252997538642802,0.0,0.0,0.035885501218689025,0.0023884026290518913,0.0814101339410223,0.09504379870996721,0.09251200288914284,0.0,0.06307166566663555,0.0008472057438684308,0.0,0.0,0.61258829166298,0.0,0.0
s12T3022,0.0,0.028815067768078302,0.0,0.0,0.008660928454789912,0.002832849958276798,0.21774832021986457,0.0533110164405486,0.12419905871635871,0.0,0.010711069821004459,0.0010180248487929593,0.0,0.009972521281749384,0.5427311424905361,0.0,0.0
s13T3022,0.0,0.012835710671164723,0.0,0.0,0.013878419879041329,0.00356555316610063,0.15519447384017582,0.01801016169775566,0.13504328433575247,0.0,0.06097320872514586,0.0002793946976721323,0.0,0.0008974239773524022,0.5993223690098389,0.0,0.0
s14T3022,0.10185524264661773,0.02529337529524098,0.0,0.0,0.05540420005018474,0.010332326259932377,0.29011980955784694,0.006690125449440752,0.0859438724634847,0.0,0.027790582059696603,0.0009588666513979873,0.0,0.12347709625587103,0.27213450331028616,0.0,0.0
s15T3022,0.24708703927420847,0.01622501302806462,0.05324181501839595,0.0,0.14903057615313325,0.042338528210911316,0.34733730379267785,0.0,0.058829428071306616,0.0,0.011436156365929236,0.0005162759771505367,0.0,0.05939670820575004,0.0145611559024721,0.0,0.0
s02M3122,0.0,0.00413054407537447,0.1381268122493131,0.0,0.3169280535458683,0.005387832703780965,0.4859185098449727,0.0,0.0,0.0,0.0,0.000331588307363527,0.0033788446996267157,0.04375680553482642,0.0,0.0009917646383375712,0.0010492444005361693
s03M3122,0.0,0.04578914616581264,0.04779784446635265,0.0,0.4375769371189517,0.030571483634681786,0.24937271661607682,0.0,0.00472706426942055,0.0,0.0031292973287777733,0.001105987952987295,0.008069475226665034,0.1544279569558188,0.017432090264454848,0.0,0.0
s04M3122,0.0,0.019589286187532046,0.08067619176641552,0.0,0.388804635567421,0.017602768615761537,0.3977133486069093,0.0,0.006814075060888494,0.0,0.0022210550384766095,0.0006798349762247304,0.008283646114256834,0.07051358832209177,0.0,0.007101569744022182,0.0
s05M3122,0.0,0.03288103773608925,0.037982379292067395,0.0,0.564209219604109,0.047508190848081715,0.16330905219726902,0.0,0.021866464612979173,0.0,0.014819256084402937,0.0009659143426300819,0.0163155528699296,0.06740018878685362,0.013905573845355769,0.018837169780232487,0.0
s06M3122,0.01525984225442482,0.01856271023245347,0.1129114789632809,0.0,0.2759035804688328,0.009050427259074003,0.49671230854693976,0.0,0.00207056853943328,0.0,0.00012728077128512636,0.0004874430784500369,0.0031962519694433583,0.06571810791638237,0.0,0.0,0.0
s07M3122,0.11020210727723362,0.008910265207892253,0.150081031802637,0.0,0.3749454023089962,0.007712618132052937,0.26932473688584047,0.0,0.0,0.0,0.0,0.000381509358064766,0.0015143814057981795,0.07301771004701438,0.0,0.0,0.003910237574470107
s08M3122,0.0,0.7422427247048685,0.0,0.003103020707065765,0.0,0.0,0.0,0.0,0.0,0.0034995630392873453,0.0,0.0055521063742599444,0.0,0.0,0.24560258517451825,0.0,0.0
s09M3122,0.0,0.004763931294885856,0.0,0.0022617229148339376,0.0,0.0,0.6361696652384659,0.026737220925815763,0.0,0.0,0.02513213984760267,8.314282148549147e-05,0.0,0.0,0.3048521769569104,0.0,0.0
s10M3122,0.0,0.03708298862928165,0.0,0.007705395366526116,0.021429671705167113,0.0049884287297119285,0.48929390396255523,0.10311985248878439,0.007268955266141375,0.0,0.025232247590270998,0.0003168598609759114,0.0,0.0,0.300837250033021,0.002724446367564264,0.0
s11M3122,0.0,0.0203811441382849,0.0,0.0,0.0,0.0,0.7102315835956752,0.05756671935479406,0.001695422957528187,0.0,0.009909405200899592,0.0006630422308479151,0.0,0.0,0.19955268252197006,0.0,0.0
s12M3122,0.0,0.002111730181386597,0.0,0.0,0.0,0.0,0.7263883977859855,0.051128857042433994,6.438508778264965e-05,0.0,0.010192247939998312,0.00016823831229936174,0.0,0.0,0.2099461436501136,0.0,0.0
s13M3122,0.0,0.005399350716747131,0.011220577917421275,0.0,0.0,0.0,0.8042470968093287,0.013102039442933363,0.0009244855964536973,0.0,0.02777892095807294,0.0,8.60054613841332e-05,0.0,0.1372415230976588,0.0,0.0
s14M3122,0.10763662094916879,0.02107767480283422,0.06390488771401476,0.0,0.10793420505369879,0.006701152878150283,0.6423938451471698,0.0,0.014457239145746089,0.00026015996927088587,0.01259946650680649,0.00025508783904362823,3.122894726630621e-05,0.019940121106991848,0.002808309939838053,0.0,0.0
s15M3122,0.0,0.016930740565268543,0.0,0.041637102766579975,0.009601853312970211,0.00030146747121271737,0.5722745123131949,0.0585382542219904,0.000135586010351014,0.0,0.018767375547213836,0.0007431854732853567,0.0,0.0,0.280993502831365,7.641948656799636e-05,0.0
s01X3122,0.0683831287624816,0.022228418228316307,0.20447802606046037,0.0,0.39896753230413545,0.012349250717378307,0.26140649610774963,0.0,0.0,0.005541762810760475,0.0005815770338621898,0.0,0.012937766952577057,0.008962277147516158,0.0,0.00040483527627879095,0.003758928598483702
s02T3122,0.22182089362722995,0.0028968188326089113,0.099529408267597,0.0,0.1961361030860573,0.017717859398975435,0.4412130407170276,0.0,0.010988239751034388,0.0,0.0,0.0,0.0,0.006371060694937503,0.0,0.0,0.003326575624531928
s03T3122,0.09102994491043231,0.004314130687112851,0.033913987235952577,0.0,0.18442861134096253,0.07778150852526237,0.5446518319672996,0.0,0.056726072317042506,0.0,0.006907288935268762,0.00024662408066651646,0.0,0.0,0.0,0.0,0.0
s04T3122,0.22926860205360267,0.01949066558795913,0.006412259640203712,0.0,0.16505451851471145,0.20846417090540312,0.1984157039719068,0.0,0.021157572696291132,0.0,0.005382009233937087,0.0007572574371432145,0.0,0.12011186568186852,0.02548537427697318,0.0,0.0
s05T3122,0.28874386854544004,0.017447512164367372,0.0,0.0,0.15381046066605128,0.209133212778565,0.20697545565632203,0.0,0.10675047487776222,0.0,0.005178728706709479,0.00043297058902304044,0.0,0.0,0.011527316015759556,0.0,0.0
s06T3122,0.13475157848298872,0.00854997481250714,0.0,0.0,0.18439328962074286,0.1739682188275297,0.29516767893149054,0.0,0.18126575318520258,0.0,0.006611446639287044,0.00031738096061887294,0.0,0.0,0.014974678539632675,0.0,0.0
s07T3122,0.18393239985222323,0.0,0.03810531759894341,0.0,0.1296979091942139,0.008858562476279766,0.5875304010495441,0.0,0.008969581855753807,0.0,0.042905827973041794,0.0,0.0,0.0,0.0,0.0,0.0
s08T3122,0.0,0.36290716625703745,0.0,0.03874222457137611,0.0,0.0,0.0,0.013592551849092601,0.0,0.06314295238934811,0.0,0.01810605032393122,0.0,0.0022374634284460376,0.35986542613178474,0.0,0.14140616504898376
s09T3122,0.0,0.049161857689672864,0.0,0.09950598113883992,0.0,0.00039946699673092866,0.5612868532330788,0.09358743490905427,0.005711771091950468,0.0,0.0,0.0011156191270523654,0.0,0.0,0.18923101581362045,0.0,0.0
s10T3122,0.0,0.0,0.0,0.035502172458402016,0.0,0.0,0.8719007173040575,0.027440274750872514,0.0,0.0029293331959778742,0.00013871953131534137,0.0,0.0,0.0,0.0620887827593748,0.0,0.0
s11T3122,0.0,0.0,0.0,0.05915167221388873,0.0,0.0,0.7787404672488799,0.015896758202041183,0.0,0.00363644548815305,0.0,0.0,0.0,0.0,0.14257465684703707,0.0,0.0
s12T3122,0.0,0.0,0.0,0.024552094542333487,0.0,0.0,0.8582365898255275,0.009609205914859127,0.0,0.0009401245363459923,0.0,0.0,0.00013560146469309382,0.0,0.10604081276798816,0.0,0.0004855709482527647
s13T3122,0.0,0.0,0.0,0.01373119925311579,0.0,0.0,0.8392500419426797,0.028396981703223936,0.0,7.951622607044629e-06,0.0,0.0,0.0,0.0,0.11861382547837347,0.0,0.0
s14T3122,0.0,0.0,0.0,0.0,0.0070087677764448415,0.0,0.8083154331334879,0.05115738707090784,0.0006478419519053866,0.0,0.007458620882284342,0.0,0.0,0.0,0.12541194918496976,0.0,0.0
s15T3122,0.016590788940284235,0.012336097203815323,0.028507616232126807,0.0,0.04336430012866212,0.0009925070485031781,0.8562181448703247,0.0,0.0029614739551324883,0.0019031888713138248,0.007785927380269067,0.00011554410002132838,0.0011037189894368938,0.0006597172644524324,0.027313980739477776,0.00014699427617998004,0.0
s03M3222,0.0,0.0,0.0,0.00036599840946802706,0.16429795585197504,0.3745450692735639,0.2606354290825524,0.0,0.19137065776656864,0.0,0.0,0.0,0.0,0.0,0.008784889615872057,0.0,0.0
s04M3222,0.20047518808702924,0.016932673490023344,0.0051255529753205286,0.0,0.19147221143716517,0.13340873441674406,0.26968742109721255,0.0,0.1305648582750743,0.0,0.0,0.00017999854148305572,0.0,0.052153361679947774,0.0,0.0,0.0
s05M3222,0.0,0.017391509859940403,0.0,0.0,0.39474982073082326,0.12878536331558119,0.112932123755405,0.0030754596528267744,0.2902713842121285,0.0,0.0041540913505504,0.0006390482221362875,0.0,0.0,0.048001198900608257,0.0,0.0
s06M3222,0.078788787525419,0.028248426863264817,0.0,0.0,0.2747633969274919,0.11618499772464097,0.16522232078097707,0.0,0.31100204335623116,0.0,0.011322072999487199,5.140348721111999e-05,0.0,0.0,0.014416550335276732,0.0,0.0
s07M3222,0.13582668839071216,0.0025805116798528803,0.031666303861806036,0.0,0.043386257395090305,0.07076968421847499,0.6633810435762328,0.0,0.044862129597805334,0.0,0.0,0.0,0.0,0.007527381280025459,0.0,0.0,0.0
s08M3222,0.0,0.6355551815774669,0.0,0.0,0.0,0.0,0.002079451028634324,0.0,0.0,0.000746058008756234,0.0,0.016440827216247508,0.0,0.0,0.34517848216889496,0.0,0.0
s09M3222,0.0,0.020620803841040168,0.0,0.1945120472606582,0.0,0.00019570626289563378,0.1080696591887601,0.05968166232798475,0.008918180076495493,0.0,0.004520518842100498,0.0010595566152358426,0.0,0.0,0.6024218655848291,0.0,0.0
s10M3222,0.0,0.005352607646469274,0.0,0.18348528054779006,0.006802167268699725,0.0,0.18830907625529866,0.03856822841940425,0.002937518467605424,0.0,0.0112404889419121,0.0007419165156568277,0.0,0.0,0.5625627159371637,0.0,0.0
s11M3222,0.0,0.010207949558692645,0.0,0.1328798119670419,0.010507547274593555,0.0,0.2904842665327225,0.013169918813461487,0.0,0.0016149178139945484,0.011768185313536794,0.0006634050753015137,0.0,0.0,0.528703997650655,0.0,0.0
s12M3222,0.0,0.003280537129765642,0.0,0.01217726897105188,0.0,0.0,0.5017391808447369,0.007431109821121772,0.002853940186376588,0.0,0.013436862282658146,0.00018231279642955556,0.0004763688602008435,0.0,0.4584224191076585,0.0,0.0
s13M3222,0.0,0.0004270277091924206,0.0,0.004521046031649031,0.0,0.0,0.6456881690603967,0.036813220045002294,0.006641907714630039,0.0,0.02373058723076907,0.00030397983733620727,0.0,0.0,0.2818740623710242,0.0,0.0
s14M3222,0.0031726331334519893,0.021384940610165774,0.0003077722429449018,0.0,0.12983202565498306,0.008599139233343284,0.47137305722526096,0.01786040314935173,0.00475989982034113,0.0,0.026758339567007426,0.000719515644349276,0.0006369691102587572,0.0075813568500626635,0.3070139477584791,0.0,0.0
s15M3222,0.1874717892643788,0.0023236651409214034,0.042877805878931426,0.0,0.07365005398482229,0.018474868521505372,0.6553373701648548,0.0,0.014635678973152162,0.0,0.0,0.0,0.0,0.00522876807143369,0.0,0.0,0.0
s01X3222,0.10720432677467372,0.03135900270052532,0.12116448768960963,0.0,0.21268867920259035,0.027902029250111163,0.4693001359168697,0.0,0.02496791884360793,0.0,0.0,0.0,0.0,0.005413419622012198,0.0,0.0,0.0
s02T3222,0.7074020754230655,0.0,0.0,0.0,0.11506321337942677,0.05341425188641094,0.06200096394018627,0.0,0.06046295729861983,0.0,0.0,0.0,0.0,0.0,0.0,0.0,0.001656538072290452
s03T3222,0.6691310015908173,0.0,0.0,0.0,0.11937081903100408,0.03898467620013017,0.0738825352938145,0.0,0.09863096788423405,0.0,0.0,0.0,0.0,0.0,0.0,0.0,0.0
s04T3222,0.15680070784193104,0.025151930029268986,0.014536569666055104,0.0,0.2106203369463399,0.04700802771686206,0.4231777457144875,0.0,0.04323758250332088,0.0,0.001255531321583246,0.0,0.003610494952574621,0.06102064681487956,0.013580426492697103,0.0,0.0
s05T3222,0.5992464451633958,0.0,0.0,0.0,0.23030333488117968,0.04093283715198598,0.07633581542157863,0.0,0.04789849154962245,0.0,0.004088525698768815,0.0,0.0,0.0,0.0,0.0011945501334687857,0.0
s06T3222,0.7430991296050867,0.0,0.0,0.0,0.05834325525068605,0.08428028274818355,0.028566529296547852,0.0,0.08485749271814963,0.0,0.00085331038134611,0.0,0.0,0.0,0.0,0.0,0.0
s07T3222,0.6423078507324598,0.0,0.0,0.0,0.1606530578072407,0.06262679661098482,0.07173276098585155,0.0,0.06267953386346309,0.0,0.0,0.0,0.0,0.0,0.0,0.0,0.0
s08T3222,0.0,0.6358257243275768,0.0,0.010991523503411777,0.0,0.0,0.0,0.0,0.0,0.019405677187168877,0.0,0.012441095297757304,0.0,0.0,0.2819909555790636,0.0,0.03934502410502172
s09T3222,0.0,0.0075190630669421405,0.0,0.20135867597122578,0.10214282099851835,0.0,0.1295855206307721,0.04913639947894184,0.0,0.0,0.018564391518898063,0.0011151439194847608,0.0,0.0,0.49057798441521705,0.0,0.0
s10T3222,0.0,0.0,0.0,0.28595169382878655,0.05004185351252447,0.0,0.17380241114299233,0.004464365163335386,0.0,0.008688260291652405,0.006532663293069956,0.0,0.000328347473626605,0.0,0.47019040529401224,0.0,0.0
s11T3222,0.0,0.0,0.0,0.38143538024837487,0.08370750054084229,0.0,0.16984384905188904,0.04454964662537781,0.0,0.007292381743090576,0.004555176854233245,0.0,0.0,0.0,0.30861606493619215,0.0,0.0
s12T3222,0.0,0.0,0.0,0.08754035103021525,0.094484696115188,0.0,0.36875594436802583,0.037044123674082365,0.0,0.0038583813132581158,0.001653462519216629,0.0,0.0,0.0,0.4066630409800139,0.0,0.0
s13T3222,0.0,0.020816923835039663,0.0,0.0845336781015802,0.09484690493017368,0.0,0.22107109021115645,0.031003640648978186,0.00027018228262226917,0.0022009525281225695,0.011360601084174804,0.0015578894188743328,0.0010530155965332037,0.0,0.5312851213627446,0.0,0.0
s14T3222,0.030944118609860207,0.0047218666744588056,0.005136355272317659,0.0,0.008691970265041014,0.0009248702059456061,0.8821615923727205,0.0,0.0068198253890043225,0.0,0.0006072874223676891,0.0,0.0004190029450115011,0.0,0.05957311084327255,0.0,0.0
s15T3222,0.0,0.003521132176268575,0.0,0.0,0.0016349102261350387,0.0017625582703360125,0.590723700308551,0.01170737389192602,0.018581976327378954,0.0,0.026269780727896947,8.250441563915557e-05,0.0,0.0,0.34571606365586827,0.0,0.0
s02M3322,0.21596624021413782,0.0015364835610941513,0.007638730223769189,0.0,0.2521642265780662,0.029289112877258335,0.4141165411536337,0.0,0.07017701564746108,0.0,0.0,0.0,0.0,0.009111649744579562,0.0,0.0,0.0
s03M3322,0.11283011056925993,0.0,0.0,0.0,0.325021038592417,0.11666048887657131,0.2935122023604434,0.0009817225292052256,0.14220429157371786,0.0,0.0010597321915744157,0.0,0.0,0.0,0.007730413306811013,0.0,0.0
s04M3322,0.05771954971241237,0.0017691221837103594,0.03751385368724806,0.0,0.22167129241533695,0.0028082930456617573,0.6705586263995682,0.0,0.004564357198655427,0.0,0.0006318985021807896,2.267167039240663e-05,0.0,0.002740335184833652,0.0,0.0,0.0
s05M3322,0.02514390286417598,0.0101445916724906,0.0,0.0,0.40538173233586766,0.03974028228951313,0.39140216026144525,0.0,0.07890996815079952,0.0,0.004279895482552301,0.00020819526113602754,0.0,0.017088568378376745,0.02770070330364268,0.0,0.0
s06M3322,0.0,0.0007801591463421563,0.0,0.0,0.47423552690863696,0.0866669899397533,0.08788924844834928,0.018489782151573195,0.2756045234005445,0.0,0.007545470296095242,0.0007753340975648111,0.0,0.0,0.04801296561114069,0.0,0.0
s07M3322,0.10502191262245625,0.023783253424044606,0.0,0.0,0.4040774029939155,0.05313583240455101,0.2591715649068978,0.0,0.04848933171736334,0.0,0.0032477286345996346,0.00048268636351485485,0.0,0.058198304168096404,0.04439198276456065,0.0,0.0
s08M3322,0.0,0.4689431736728199,0.0,0.0,0.0,0.0,0.0,0.0,0.0,0.0,0.0,0.013013438189353676,0.0,0.0,0.5030199951056805,0.0,0.015023393032145988
s09M3322,0.0,0.0,0.0,0.4484924447121443,0.04724349353204764,0.0008470557044642587,0.09115578835082641,0.023323611353252695,0.00014508063522189748,0.011580190685843358,0.016808083022153454,0.0003997048014239485,0.0,0.0,0.36000454720262226,0.0,0.0
s10M3322,0.0,0.029162787835272937,0.0,0.09993681287805924,0.08088070799053311,0.0010652320243976616,0.19341237826427574,0.017994801399310596,0.0026633694898895327,0.0,0.00886315498097504,0.0015032093804459366,0.0,0.0,0.5645175457568402,0.0,0.0
s11M3322,0.0,0.013841646302197459,0.0,0.1028274695614841,0.08096713945347778,0.0,0.20238895457559516,0.019893114584650227,0.00357669387277654,0.0,0.004955923671621294,0.000992840278120189,0.0,0.0,0.5705562177000774,0.0,0.0
s12M3322,0.0,0.06355247102016749,0.0,0.07549675526261684,0.12119620378304774,0.005186630243274467,0.22194703080212563,0.03229143547281242,0.011610106679705651,0.0,0.013150434876096231,0.0023053447555636446,0.0,0.0,0.4532635871045899,0.0,0.0
s13M3322,0.0,0.0461641817943774,0.0,0.093263599482702,0.1847811945492267,0.0010981554020023092,0.23497467871708996,0.09137349694282618,0.006195924203485098,0.0,0.004991462780590146,0.0023700893315154333,0.0,0.0,0.3347872167961849,0.0,0.0
s14M3322,0.0,0.026255576781282382,0.0,0.026262010826818227,0.13171969516260779,0.0017380006982718032,0.39674016193482264,0.05316269006904787,0.017860202413043744,0.0,0.0069191698404446125,0.0011231638696383968,0.0,0.0,0.3382193284040226,0.0,0.0
s15M3322,0.1609341011278694,0.03726874859737604,0.000499527883618099,0.028590950600895025,0.1381475118729284,0.0016879233588928636,0.4090221264704905,0.016675078934512626,0.00727237613888984,0.0,0.008286711910665897,0.0011284119160716076,0.0,0.0,0.1904865311877897,0.0,0.0
s01X3322,0.44969202265437297,0.0,0.015648576256677812,0.0,0.3624793157500778,0.03746592108006002,0.10093385019898377,0.0,0.03181356927382284,0.0009360330082287533,0.0,0.0,0.0010307117777761216,0.0,0.0,0.0,0.0
s02T3322,0.387570756743039,0.0037002481097315933,0.03757090420314733,0.0,0.47714462723716344,0.014316289054535553,0.07243004162447117,0.0,0.00636397872483003,0.0,0.0,0.0,0.0,0.0,0.0,0.0,0.0009031543030818503
s03T3322,0.10639624529253555,0.008988282678660827,0.026520498559785773,0.0,0.7624432651887693,0.02344630633972414,0.03803937206891711,0.004322706647614841,0.012559909382852778,0.0,0.0,0.0003930053976459284,0.005972977538046074,0.0,0.0,0.010917430905447731,0.0
s04T3322,0.18280395369761646,0.02451590456996952,0.0767521061627721,0.0,0.5181441561011111,0.0456743133543888,0.06484918108214938,0.0,0.03416617766649532,0.0,0.0,0.0,0.011871620919966285,0.04122258644553111,0.0,0.0,0.0
s05T3322,0.18728177726376058,0.021963391842823914,0.05879849861316576,0.00019740890416088713,0.5416696475158685,0.03289027168221021,0.06540919159557193,0.0,0.04159345154974659,0.0,0.0,0.0,0.0059366721703705315,0.016183356543955963,0.02479196583435721,0.0032843664840078715,0.0
s06T3322,0.25654754836044763,0.01828031809778248,0.05168613125716499,0.002989228751400445,0.48543890186057403,0.04568956666813125,0.042249245752143595,0.0007164933530683356,0.0440966574995556,0.0,0.0,0.0,0.001654428024159856,0.006449329999380015,0.04420215037619177,0.0,0.0
s07T3322,0.29990212281304707,0.014482108071326362,0.15053397299081406,0.0,0.4011163003226001,0.004314508424270996,0.09778533676052718,0.0,0.0025802593425843525,0.0,0.0,8.597379005650898e-05,0.0016724619438246624,0.0005271977656459109,0.013988633196599078,0.013011124578703773,0.0
s08T3322,0.0,0.7482784602963908,0.0,0.010249655298801764,0.0,0.0,0.0,0.0,0.0,0.019453266179554077,0.0,0.0018982781518481194,0.0,0.0,0.214130948297745,0.0,0.005989391775660257
s09T3322,0.0,0.0035318080844542374,0.0027356629340300792,0.4575087848562689,0.04316340754776182,0.0,0.2477454284642474,0.007442093463736219,0.0,0.0,0.0026714706576065725,0.0001531702459295,0.0022772290154571867,0.0009650970940115475,0.23020948101406793,0.001596366622428521,0.0
s10T3322,0.0,0.0,0.0,0.1359406564536899,0.06965932282970325,0.0,0.47889343131791123,0.00968817441401266,0.0,0.0,0.0006157632684011289,0.0,0.0021710689695428015,0.0,0.30303158274673897,0.0,0.0
s11T3322,0.0,0.0,0.0008805590567328641,0.3444105745792406,0.06839542006405602,0.0,0.2623415300274111,0.008857132502248804,0.002248823409372185,0.0,0.007140462929172617,0.00017532193472023704,0.0019772343281178953,0.0,0.3035729411689276,0.0,0.0
s12T3322,0.014502557346704827,0.0,0.00015495291888729663,0.0719602034700011,0.04826437590712086,0.0,0.5543755271531038,0.0,0.010295005625487918,0.0,0.013198019268912422,0.0,0.0008523649859443655,0.0,0.28639699332383745,0.0,0.0
s13T3322,0.11544999160246242,0.0,0.0003784801862875359,0.007843418495614271,0.15328390442424095,0.0,0.4944723599132884,0.016703886361347422,0.03672300398295544,0.0,0.02039325856140602,0.0,0.0,0.0,0.15475169647239767,0.0,0.0
s14T3322,0.2730630420392008,0.007655244464263919,0.029647610829850193,0.002086139285809798,0.24082259317670854,0.0,0.37416692641173116,0.011744163168725804,0.009050585294218014,0.0,0.004145885889503337,0.00042718627736367166,0.0,0.0,0.047190623162624894,0.0,0.0
s15T3322,0.3798073451968032,0.009993601866080616,0.029781556648912588,0.0010920299492752576,0.19228629165873715,0.0,0.31600915020572634,0.0038508009854454498,0.008040023636565785,0.0,0.0026973626701418648,0.00025132151953640146,0.0,0.0,0.05619051566277536,0.0,0.0
s02M3422,0.028335931970799488,0.007960486445682629,0.056348431382987334,0.0,0.7452624171590598,0.037915923058129186,0.07509365767318522,0.0,0.03927394601044879,0.0,0.0,0.0,0.0,0.00031165630462025475,0.0027883074449537256,0.0016668784791535533,0.005042364070980103
s03M3422,0.07215220598459125,0.008594405378819503,0.0745623491362678,0.0,0.7008403523276383,0.007476607161303082,0.0820995832541915,0.0,0.03755232772089427,0.0,0.0,0.0,0.0,0.0,0.015618441686415158,0.0,0.0011037273498792472
s04M3422,0.05767689480595664,0.030111355234308707,0.0778442863573641,0.0014685939769396575,0.6215508416172063,0.06262631886971848,0.062021687168570754,0.0,0.02883220969785445,0.0,0.0,0.0,0.0,0.035521280716206506,0.021614850760655894,0.0,0.0007316807952184112
s05M3422,0.0,0.022019434487932123,0.06289754086864277,0.0,0.7195525958255355,0.005772741765336566,0.09727923175696629,0.0,0.006926355536799341,0.0,0.0,0.0,0.0014633133055150314,0.05516371171200474,0.028925074741267605,0.0,0.0
s06M3422,0.0,0.013399995151091413,0.0,0.002642104998765102,0.6237697570009815,0.22397012395360252,0.032929768110727634,0.012031295463373665,0.08109212750826128,0.0,0.0,0.0,0.0,0.0,0.010164827813196886,0.0,0.0
s07M3422,0.013536925788704924,0.006047407443933948,0.20564862656047472,0.0,0.6381012570720868,0.0,0.13313948144746057,0.0,0.0,0.0,0.0,0.0,0.0,0.0,0.0,0.0,0.003526301687339113
s08M3422,0.0,0.9201057646120474,0.0,0.0047436745826900046,0.0,0.0,0.0,0.0005720617239188383,0.0,0.0,0.0,0.012697179527671052,0.0,0.0,0.06188131955367263,0.0,0.0
s09M3422,0.0,0.026832641741519187,0.0,0.8901387592686957,0.0,0.0003764066747165079,0.011339735592023758,0.0,0.0005963014330032236,0.00042791775474531447,0.0,0.0,0.0,0.0,0.04986341600935397,0.0,0.020424821525942275
s10M3422,0.016250321678826816,0.0,0.0016943729152367807,0.9269552845888006,0.0,0.0,0.05323841612776295,0.0,0.0002195648208412374,0.0,0.0016420398685317564,0.0,0.0,0.0,0.0,0.0,0.0
s11M3422,0.0,0.0,0.0,0.8277087364330861,0.038622239594541426,0.0001141610940181963,0.05435855928832443,0.0,0.0003606986800356775,0.0,0.0,0.0,0.0,0.0,0.07883560490999428,0.0,0.0
s12M3422,0.0,0.0,0.037138957549846,0.03392966689989951,0.17124346311649505,0.0,0.6308499969074727,0.0,5.3092255657858096e-05,0.0,0.007513065690043891,0.0,0.0,0.0,0.11927175758058503,0.0,0.0
s13M3422,0.04446014498793717,0.0,0.03296130177200609,0.005735407186465182,0.3981821614958246,0.0,0.346110630780726,0.02636899023583625,0.036776573253100395,0.0,0.010384506572712286,0.0,0.0,0.0,0.099020283715392,0.0,0.0
s14M3422,0.015193712082501807,0.0,0.0754281440800486,0.0014768286133284454,0.3879396243576745,0.0,0.44121891351404413,0.00525981759981989,0.017444471417702223,0.0,0.004446686398940929,0.0,0.0,0.0,0.05159180193593939,0.0,0.0
s15M3422,0.0208617930750909,0.0,0.09918972791277876,0.0,0.41820186159194317,0.0,0.4353170658429574,0.0,0.008394511449311765,0.0,0.0,0.0,0.0017372510914345012,0.0,0.015346283943993715,0.0,0.0009515050924898095
s01X3422,0.22976252768504993,0.0,0.052565853277987906,0.0,0.5799016100899119,0.022929923702467308,0.09906213794474263,0.0,0.01577794729984026,0.0,0.0,0.0,0.0,0.0,0.0,0.0,0.0
s02T3422,0.5859929943847068,0.0,0.03456236526600036,0.0,0.17607276396038635,0.0,0.18440201074965726,0.0,0.01896986563924931,0.0,0.0,0.0,0.0,0.0,0.0,0.0,0.0
s03T3422,0.6387798350340811,0.0,0.006130575278660076,0.0,0.1814127456492858,0.004095036690775252,0.11022324775276167,0.0,0.058720249135481586,0.0,0.0006383104589544746,0.0,0.0,0.0,0.0,0.0,0.0
s04T3422,0.526472527462435,0.0026858127996462235,0.02165865812909449,0.0,0.2258730115359555,0.00946842071718172,0.1638645664369576,0.0,0.027702722911668153,0.0,0.002490028992666786,0.0,0.0,0.0,0.018422557502409783,0.001361693511984603,0.0
s05T3422,0.46437030806722307,0.0021899378347533496,0.011456345664081938,0.0,0.27603987528985846,0.002513095260227487,0.15311633434854435,0.0002941492273942508,0.03156701907748693,0.0,0.002344128765532105,9.753173547714654e-05,0.0,0.0008437674390851847,0.05516750729033585,0.0,0.0
s06T3422,0.46947644103982467,0.011222868331190225,0.023202458303253858,0.0,0.20099805139498467,0.006359130957545074,0.206950735904223,0.0,0.03857875055205589,0.0,0.003364826519301994,0.0,0.0,0.005079537617595365,0.03476719938002525,0.0,0.0
s07T3422,0.29758496218713076,0.0,0.03984482414410443,0.0,0.1034443939372032,0.0,0.5382809668459588,0.0,0.00531707614002326,0.0,0.0,0.0,0.0,0.0,0.015527776745579454,0.0,0.0
s08T3422,0.0,0.9029939165602887,0.0,0.009090426048811604,0.0,0.0,0.0,0.0003121648980199573,0.0,0.0051416074042320795,0.0,0.0020364658269960397,0.0,0.0,0.08042541926165156,0.0,0.0
s09T3422,0.0033736595610110004,0.0,0.0,0.16776832917537254,0.03213685267020797,0.0,0.24193634965894945,0.0,0.006496236236537176,0.0,0.015210072893321339,0.0,0.0,0.0,0.5330784998046006,0.0,0.0
s10T3422,0.0,0.0,0.0,0.07772574043818432,0.02427007461201742,0.0,0.27957899742581405,0.0,0.001359100962943421,0.0,0.002328905424687526,0.0,0.0,0.0,0.6147371811363532,0.0,0.0
s11T3422,0.0,0.0,0.0,0.0903464291608277,0.04688901452893584,0.0,0.4448448816502046,0.0,0.0014186158917907038,0.0,0.005045382414988363,0.0,0.0,0.0,0.4114556763532527,0.0,0.0
s12T3422,0.0,0.0,0.0,0.13255672977895142,0.10173474922633104,0.0,0.4428084896259357,0.007858312059367191,0.006785711475261102,0.0,0.013137571019348508,0.0,0.0,0.0,0.295118436814805,0.0,0.0
s13T3422,0.0,0.0,0.0,0.09179410459820743,0.03667039667324274,0.0,0.5178773526950621,0.0,0.0020567914992557427,0.0,0.00038717314448389847,0.0,0.0,0.0,0.3512141813897481,0.0,0.0
s14T3422,0.007335867026330744,0.0,0.0,0.03965369687609192,0.0510487148612711,0.0,0.5775249525011056,0.0,0.007784751424882751,0.0,0.006548565857480221,0.0,0.0,0.0,0.31010345145283774,0.0,0.0
s15T3422,0.346876183991788,0.019599535870688724,0.0,0.01829214427510627,0.08825802819772417,0.03324482600930772,0.2298435048226088,0.007076762005846732,0.035291521323131986,0.0,0.017454881880448296,0.0007276923479440312,0.0,0.05338109422858014,0.14995382504682522,0.0,0.0
s02M3522,0.21314226445801362,0.012280487312854079,0.04935377959110212,0.0,0.4792197014685207,0.06089765395590694,0.08904251372287988,0.0,0.06103129892346809,0.0,0.006289320387453493,0.0,0.0,0.0,0.028742980179801005,0.0,0.0
s03M3522,0.027421269685745518,0.041788328480544645,0.07571130162071289,0.0,0.6401548188164156,0.015532316823688368,0.0764707117289159,0.0,0.011448969810210022,0.0,0.0017810090963412532,0.0,0.009230994991244062,0.030409308010900145,0.07005097093528165,0.0,0.0
s04M3522,0.11307253310192583,0.02794896943330758,0.04242657304286494,0.0,0.41540533536418767,0.10025739028632687,0.03668788309665903,0.0,0.07252225798176659,0.0,0.0,0.0,0.005157907009163939,0.09428508715435016,0.09223606352944722,0.0,0.0
s05M3522,0.0004395777074170619,0.04567436741787568,0.08458682327529081,0.0,0.5675508724625316,0.05354431494397424,0.0754567354002722,0.0,0.027907096447754267,0.0,0.0014255905601108746,0.0,0.00017903385975099885,0.06316430757922506,0.08007128034579727,0.0,0.0
s06M3522,0.0,0.05070942506438732,0.06479687513893861,0.0,0.5488663954578242,0.05868518065330386,0.08253056551492628,0.0,0.014305590404881255,0.0,0.00021416731472499238,0.0,0.005339543068029962,0.08035044588489389,0.09420181149808952,0.0,0.0
s07M3522,0.04214125488280423,0.04580683018680661,0.0735122360459692,0.0,0.5083911124242393,0.10655125406621485,0.07765899454650586,0.0,0.042871087492933765,0.0,0.0,0.0,0.0,0.04946621809203055,0.05360101226249566,0.0,0.0
s08M3522,0.0,0.9453968528782902,0.0006878754176928834,0.0,0.0,0.0,0.0002489361710838008,0.0,0.0,0.0,0.0,0.005761732577898352,0.0,0.004195439541343137,0.04370916341369161,0.0,0.0
s09M3522,0.0,0.0010423010336560415,0.0,0.36108309590276394,0.07914252763475843,0.0,0.23305218389532203,0.002471751376936902,0.0,0.0,0.0,0.0013650814150162642,0.0011419498865903137,0.0025380954327166275,0.30819779574364825,0.0,0.009965217678591022
s10M3522,0.0,0.0,0.0,0.045562096037444606,0.1069662551582637,0.0,0.43238277792081664,0.009163828944921574,0.0,0.006216367644549574,7.836748281712561e-05,0.0,0.00901594586540289,0.0,0.390614360945784,0.0,0.0
s11M3522,0.0,0.0,0.0,0.03225853242069561,0.02030037334247689,0.0,0.5233817446928033,0.0,0.0,0.0,0.003785790344561458,0.0,0.0,0.0,0.4202735591994628,0.0,0.0
s12M3522,0.0,0.0,0.057658103062053497,0.010917152566270868,0.19833836093001808,0.0,0.40971643524687196,0.0,0.002440338784384605,0.0,0.03666252200924622,0.0,0.0,0.0,0.28426708740115464,0.0,0.0
s13M3522,0.0,0.0,0.10334270878727327,0.0,0.28387168705123345,0.0,0.42887558690866157,0.00402348429852885,0.003937357412268745,0.0,0.021664307582064512,0.0,0.0,0.0,0.15428486795996948,0.0,0.0
s14M3522,0.012276037167419051,0.0,0.14526962147508868,0.009967590907303307,0.27402331579954686,0.0,0.32605668634028984,0.0,0.0002610257604310887,0.0,0.02327376110475453,0.0,0.0036169414338486985,0.007629135497022793,0.186925944395945,0.010699940118350086,0.0
s15M3522,0.12399605446700175,0.013514183259098965,0.1706810751942031,0.0,0.40233266223073266,0.022587170449752288,0.21016467316066129,0.0,0.012314488706795138,0.0,0.0016000219511400967,0.0,0.0,0.0,0.04267332178903662,0.00013634879157817047,0.0
s01X3522,0.1550162080278157,0.030974379901468937,0.02653375181160828,0.0,0.4488537060615796,0.11664135637202276,0.026999602955624816,0.0,0.05326751965297686,0.0,0.002230202508490953,0.0,0.0,0.050906356879751216,0.08857691582866088,0.0,0.0
s02T3522,0.31974603040858507,0.008584758119569862,0.1284644437711426,0.0,0.2529490768505442,0.012249663504116041,0.2312744054487725,0.0,0.012829150283094027,0.0,0.0,0.0,0.0,0.00589095954322055,0.028011512070955195,0.0,0.0
s03T3522,0.3155855674428417,0.003943732371432279,0.10418573391212267,0.0,0.22421533607253022,0.017720708746513634,0.3084538255977422,0.0,0.013152408084034105,0.0,0.0,0.0,0.0,0.0,0.012742687772783139,0.0,0.0
s04T3522,0.28212944228262354,0.020231629661810316,0.06212165485466707,0.0,0.30052834129506667,0.043127502400136186,0.1500861494505898,0.0,0.018202423406409114,0.0,0.0015719297939544928,0.0,0.0,0.04982495059693902,0.07217597625780378,0.0,0.0
s05T3522,0.16853863389431836,0.017149551594069893,0.006359975761723189,0.00016616949828378348,0.5248289590730248,0.0142108945571074,0.1200928018176813,0.0,0.026483038047627864,0.0,0.013532841414122858,0.0,0.0,0.026137955292189145,0.08249917904985145,0.0,0.0
s06T3522,0.20335363427877567,0.030251062111507413,0.020501981905530882,0.0,0.3932831286606309,0.07447187000143965,0.11870940398955199,0.0,0.03584034361930266,0.0,0.00834904735861306,0.0,0.0,0.05267805108876155,0.06256147698588622,0.0,0.0
s07T3522,0.2204268659845415,0.012191659445099238,0.0828633684399707,0.0,0.21739291533895305,0.013239338839110975,0.34146926038679504,0.0,0.009861383371652568,0.0,0.0055632556053385,0.0,0.0,0.043483962440726345,0.05350799014781221,0.0,0.0
s08T3522,0.0,0.8796226678018985,0.0011765732989497681,0.0017849292147281866,0.0,0.0,0.0,0.0,0.0,0.0,0.0,0.021362674816108342,0.0,0.004159534645531185,0.09189362022278402,0.0,0.0
s09T3522,0.0,0.056973241089255944,0.0,0.2978238653562025,0.05242725670063988,0.0012321581246658427,0.25360181176819113,0.0028977682349228223,0.0018078022184919997,0.0050186231604160015,0.013117677243383065,0.0022295954173240594,0.0,0.0,0.3047190824304544,0.0,0.008151118256052305
s10T3522,0.0,0.0010069917312784259,0.004493210388442225,0.1898085294277221,0.06741598630880156,0.0003096588976214019,0.34389460396733956,0.0,0.0017514479958084662,0.0021395572307865924,0.01993717376156814,0.0003982358032580784,0.0,0.0,0.3688446044873734,0.0,0.0
s11T3522,0.0,0.0,0.006148580646402879,0.08792058317154344,0.08463983597490476,0.0012204529605696715,0.44317527222293907,0.0,0.0028036952305188594,0.001219421315485989,0.02775613962145609,0.0,0.0,0.0,0.3451160188561792,0.0,0.0
s12T3522,0.009609125604572409,0.0016750776647118711,0.0012902912714323831,0.04654410433721387,0.09773701530522562,0.0026661481969391214,0.41530380528441724,0.0,0.020014593116976506,0.0,0.03665080395198244,0.00013749501845678337,0.0,0.011816859470326867,0.356554680777745,0.0,0.0
s13T3522,0.0,0.0,0.0021137813735136604,0.0531431383105485,0.10660079356260234,0.0,0.4397492106291523,0.0067488834145455,0.01103772451140751,0.0,0.025321000421520783,0.0,0.0,0.0,0.35528546777670955,0.0,0.0
s14T3522,0.06381764378843291,0.0038540104886662942,0.006275048414203303,0.002706403975291966,0.10215311391838627,0.012890736864913927,0.4034894084656515,0.0,0.030150798383302577,0.0,0.06715020534781273,0.0,0.0,0.01623654019453257,0.2912760901588062,0.0,0.0
s15T3522,0.19602849974221706,0.00702255937210602,0.043535353032315496,0.0,0.15739393642457633,0.014120794029259453,0.29182285455455786,0.0,0.02983146634879735,0.0,0.023380378755269157,1.9605336871682296e-05,0.0,0.06383111863542289,0.17301343376860656,0.0,0.0
s02M3622,0.9155092516096432,0.0,0.021711568470431913,0.0016611527132372379,0.0,0.0,0.03401622561489274,0.0,0.004320405095021249,0.0,0.0,0.0,0.0,0.0,0.0,0.022781396496773628,0.0
s03M3622,0.9125980555336117,0.0,0.018600440342280346,0.0007213894801061903,0.003966484791941557,0.0,0.03813689019887567,0.0,0.0056283494721269195,0.0,0.0,0.0,0.0,0.0,0.0,0.02034839018105769,0.0
s04M3622,0.7946938564431573,0.0004276539210554404,0.014039020305529993,0.002698235506217025,0.06077368631260536,0.009298230842436408,0.04816930902328152,0.0,0.008872063475190655,0.0,0.0006912133847160146,0.0003037613406876665,0.004975961533379725,0.01403763916534075,0.004704633102093978,0.03631473564430826,0.0
s05M3622,0.8405097957546955,0.0,0.0024475206121820155,0.0,0.028872950736505896,0.007126386674574114,0.04630554684749579,0.0,0.01612871580763893,0.0,0.000994227635699756,0.00018637735336342188,0.005170454344580896,0.02124037193846896,0.006401729833414574,0.024615922461380186,0.0
s06M3622,0.8899115871117828,0.0,0.0,0.00018495612962211782,0.020557872218408216,0.014255519982615846,0.014738773033680725,0.0,0.01458409401373631,0.0,0.0028938251536879335,0.0,0.008583142820941065,0.004254123897439385,0.0,0.03003610563808555,0.0
s07M3622,0.8871560795325972,0.0,0.007461639110920278,0.0018770519153462103,0.0,0.0,0.03329143388165262,0.0,0.0,0.0,0.0014140995022928632,0.00011103059440795427,0.008809718364294774,0.0,0.005606853120101109,0.05427209397838689,0.0
s08M3622,0.0,0.8135087759612692,0.0008732284104878803,0.0,0.0,0.0,0.0,0.0,0.0,0.0,0.0,0.0,0.0,0.004498368694278661,0.18111962693396422,0.0,0.0
s09M3622,0.08628145203589488,0.007080724010436542,0.0,0.040208433827464654,0.11296969714416656,0.005576217495826323,0.27353357168341735,0.014976833286738003,0.029903571361890022,0.0,0.06904322834771788,0.00012783373654535435,5.147229824014058e-06,0.013982933591819605,0.3463103562482588,0.0,0.0
s10M3622,0.03355527214187859,0.0,0.0,0.03210880831391321,0.08129972279101352,0.0020372186349978203,0.36974563191053406,0.0023941619526933653,0.007973873550171028,0.0,0.05441816184116175,0.0,0.0009437709653309202,0.002073522092655569,0.4134498558056501,0.0,0.0
s11M3622,0.03105595057248817,0.0,0.0,0.04416874406932173,0.08279546954920104,8.334573819551347e-05,0.4505612061428729,0.0014979793478756733,0.007659033007148956,0.0014225289743077293,0.03126391481530651,0.0,0.0010280845290561872,0.0,0.3479517956196964,0.0005119476345291865,0.0
s12M3622,0.01649231086484302,0.0,0.0,0.02646349438668898,0.0899174995937843,0.00041537892619122863,0.44567690314954905,0.0,0.005676479135881078,0.0,0.04516621094673984,0.0,0.0,0.0,0.37019172299632247,0.0,0.0
s13M3622,0.0,0.0,0.0,0.024595979910521183,0.12688880692102422,0.0016713399738685437,0.28622594136193097,0.011734565591327696,0.005030515120673507,0.0,0.05822312476699529,0.0,0.0,0.0,0.48562972635365864,0.0,0.0
s14M3622,0.014595888963853368,0.0,0.0,0.02005878236838626,0.1285000066163641,0.007991065258787355,0.27269399191406757,0.014698178369305336,0.03557236528696211,0.0,0.07242544000409938,0.0,0.0,0.0012348150136484947,0.43222946620452596,0.0,0.0
s15M3622,0.4240345970606246,0.0,5.153159999654807e-06,0.005724178415312446,0.02017619138539402,0.0,0.3344693986214909,0.0,0.02075366113017104,0.0,0.02760646359788266,0.0,0.0012866032954822334,0.004024090647489591,0.1485522881712925,0.01336737451486043,0.0
s01X3622,0.8270741172294442,0.0011766015105092293,0.028163112705991963,0.0013082618842801697,0.026455354767851363,0.011617498170265798,0.08686334064535346,0.0,0.008503285901088363,0.0,0.0,0.0,0.0,0.0,0.0016351733986116061,0.007203253786603771,0.0
s02T3622,0.2504911888870655,0.03089364216739296,0.23127141112628177,0.0,0.15565888738788997,0.0007976726720326133,0.16668159268011476,0.0,0.00010801184703363966,0.0,0.0,0.0,0.0,0.10466066182339269,0.05509919544589463,0.0,0.004337735962901562
s03T3622,0.31632388970482733,0.02388113752681843,0.20266346651940603,0.0,0.14928873881869836,0.0039051260632619682,0.13933535887465578,0.0,0.0013493963985169828,0.0,0.0,0.0,0.0,0.10740435919570782,0.05584852689810728,0.0,0.0
s04T3622,0.4527604537042338,0.013699107557065878,0.08483638905581671,0.0,0.12885738774932814,0.012820045788735631,0.11793794788397141,0.0,0.0030045127917418383,0.0,0.0,0.0,0.0,0.1317412744009114,0.05434288106819519,0.0,0.0
s05T3622,0.32634525895934546,0.03320174915239055,0.07058501614782385,0.0,0.20580578119742685,0.007792839084622608,0.1217575047198278,0.0,0.0015864726212850779,0.0,0.0035480119821462894,0.0,0.0,0.15608607274269573,0.0732912933924359,0.0,0.0
s06T3622,0.5419891657873931,0.011117795122234618,0.08834739434175362,0.0,0.14443618783128456,0.0,0.14304534589799794,0.0,0.0032303691711101845,0.0,0.0,0.0,0.0,0.03470569727135979,0.027556120090260542,0.00557192448660573,0.0
s07T3622,0.7260468123041967,0.0007219828434136836,0.08463804399082209,0.0001394552792284862,0.0449672972282102,0.0,0.13332364771613966,0.0,0.005839811361983004,0.0,0.0,7.418911492767125e-05,0.0,0.0,0.0037486341653622398,0.0005001259957164869,0.0
s08T3622,0.0,0.7992946610481972,0.00033060605554766835,0.0,0.0,0.0,0.0,0.0,0.0,0.0,0.0,9.559494475675111e-05,0.0,0.001897583381652269,0.19838155456984613,0.0,0.0
s09T3622,0.3750214524942675,0.008553055276415904,0.0,0.00940252810263569,0.02349768595649778,0.0013823157198509222,0.3189553375714355,0.002518253374812789,0.025842593705362495,0.0,0.060691418134043336,0.0,0.002807965854209025,0.0,0.15919274224237734,0.012134651568091655,0.0
s10T3622,0.3796913119022603,0.005120826695431256,0.0,0.008818409476264282,0.04237971189044723,0.006959494948448061,0.27643307987227816,0.005509894489736921,0.06415328715447072,0.0,0.07994813289707133,0.0,0.0008493691587163704,0.004598065717374123,0.12448678668185117,0.0010516291156500413,0.0
s11T3622,0.26168050762284895,0.0,0.0008650277301748882,0.006571594901954357,0.029548716297767046,0.00025804968141158736,0.46538369127160045,0.0003973673758713329,0.025883954873515854,0.001833005819843882,0.04959660242843162,0.0,0.0018008954249691058,0.0026081755845566287,0.1470538693998732,0.0065185415871809515,0.0
s12T3622,0.2056081652471607,0.0,0.0007324422398557433,0.0,0.011354700813539682,0.0,0.5768430175455047,0.0,0.01998797136019936,0.0,0.04430139182757098,0.0,0.0013639503167376308,0.0,0.13559795443714764,0.004210406212283525,0.0
s13T3622,0.1555618854318211,0.0,0.0,0.009734421096028163,0.06124437772222994,0.003788648055278473,0.38150833313325583,0.00020071830169004663,0.032796256687930035,0.0,0.09847884036414953,0.0,0.002506406182961514,0.0,0.25142425286242787,0.0027558601622276447,0.0
s14T3622,0.15029522479009524,0.0,0.0,0.0017855900702545293,0.02155722255397252,0.00016620252794210426,0.4963036887712405,0.0,0.03782217035766923,0.0,0.05618375507197314,0.0,0.0010897266805607348,0.003466384114322407,0.22559523130402104,0.005734803757948518,0.0
s15T3622,0.6569761656485756,0.00044180042961658754,0.027160617527937025,0.001524014228055644,0.016465535505795593,0.0,0.19615714429113704,0.0,0.028424931445432317,0.0,0.012408807733129511,8.902805218540993e-06,0.0,0.004083376606384106,0.052872805541681736,0.003475898237036285,0.0
s02M3722,0.13187933465068738,0.0760091374585513,0.10502593221716745,0.0,0.16075171989679732,0.02828586628862839,0.22413623595655705,0.0,0.014813539561730293,0.0,0.007341752154845621,0.0,0.0,0.10566130090479832,0.09507133352459123,0.009016222763653886,0.042007624621991764
s03M3722,0.06395861383802497,0.0035541854276954434,0.1833839812894489,0.0,0.17963289872252688,0.011238452699042552,0.4358821319010619,0.0,0.012088716140720683,0.0,0.002170765702808895,0.0,0.0,0.0176395973615743,0.08761228226656617,0.0,0.002838374650529393
s04M3722,0.23495725918869145,0.031704717065584274,0.01220340823678982,0.0,0.17274703300367075,0.07524224517729544,0.13889742868536076,0.0,0.06209908951283678,0.0,0.013392690317710336,0.0,0.0,0.13219789733065923,0.12655823148140113,0.0,0.0
s05M3722,0.02223088322517522,0.011289225920862008,0.10058549517931258,0.0,0.22150145407312904,0.03287331209837531,0.21575556612574684,0.0,0.08598611058032085,0.0,0.024448725625209396,0.0,0.0,0.0529988541516454,0.21915756295874483,0.0,0.013172810061478595
s06M3722,0.03581011506541888,0.05253284641763053,0.03278530470357743,0.0,0.30132101221274993,0.03153806582840795,0.06734253159541102,0.0,0.1301073498238331,0.0,0.018516523728868212,0.0,0.0,0.15780805451825133,0.17223819610585167,0.0,0.0
s07M3722,0.23838603398566116,0.009918994137520775,0.19141680430103578,0.0,0.16525343476823282,0.008415978485009683,0.2158635364500666,0.0,0.023149296044111024,0.0,0.003358168124036374,0.0,0.0,0.048863432097745504,0.09537432160658044,0.0,0.0
s08M3722,0.0,0.3813577952333336,0.0,0.018503422192847105,0.0,0.0,0.0,0.0,0.0,0.024868275187684554,0.0,0.0,0.0,0.00401937365394233,0.4570802338427982,0.0,0.11417089988939429
s09M3722,0.016914417020505296,0.003404201245375377,0.0,0.0449218910428338,0.08649201179268397,0.0,0.38938695461925954,0.06969453882670384,0.0,0.003160421888817808,0.03276569830039694,0.0004505674544363559,0.0,0.0,0.3363679951626946,0.0007992732850741062,0.015642029361218446
s10M3722,0.003573168446688306,0.009409594249265482,0.0,0.04360513045153126,0.059948107167493735,0.0,0.43349287401697384,0.07219719599491198,0.002092867104667532,0.02019057999700555,0.06375154465446671,0.00022137899389628455,0.0,0.0,0.2796934823733034,0.0,0.011824076549795944
s11M3722,0.03265535493636006,0.0,0.0,0.02481761518686318,0.06297825688860119,0.0,0.5241728811342377,0.027827644675552578,0.0020543925731039275,0.006485310570875353,0.10736529538907442,0.0,0.00020481544097564937,0.0,0.21143843320435599,0.0,0.0
s12M3722,0.015864696132805455,0.007236479318332942,0.0,0.048510098147768,0.09572566892278253,0.0,0.45739644199067686,0.06614313132502303,0.0009585607306442669,0.018574571252607936,0.09832360786655868,0.0,0.0,0.0,0.1859195464105861,0.0,0.005347197902214184
s13M3722,0.02317928923053211,0.0003983458491898232,0.003532482241721086,0.04106363487834331,0.12256001532942498,0.0015544449793312978,0.4142769725898791,0.07959857019954435,0.022028035288569347,0.008523457714125868,0.06516299893202258,0.0,0.0,0.0,0.2123594425941611,0.0,0.005762310173155177
s14M3722,0.29066852837173746,0.0011027483632059115,0.1349791238828362,0.0,0.09877207640015068,0.0,0.2591938253812559,0.0,0.0408626543855958,0.0,0.039570544521389604,0.0,0.0,0.015090350273959418,0.11725248489679937,0.002507663523069647,0.0
s15M3722,0.17072262618100484,0.015058488103323109,0.20099088255141837,0.0,0.1397489743429854,0.0,0.38553046697172083,0.0,0.0,0.0,0.0,0.0,0.0022406514729489866,0.01261746134894593,0.0647215188838822,0.006623657336508114,0.0017452728072621573
s01X3722,0.19782090808639421,0.013069739583154709,0.130301969938687,0.0,0.15797865978098505,0.015624910480605984,0.3399348108322035,0.0,0.0037097311157400373,0.0,0.0014183792303002942,0.0,0.0,0.06679674739336446,0.0733441435585648,0.0,0.0
s02T3722,0.045525926080421004,0.048962071194236574,0.14403043923057118,0.0,0.11636926168931433,0.09254336935625526,0.12528473392099115,0.0,0.07335125343728119,0.0,0.021374220578799237,0.0,0.0,0.228638163733403,0.10392056077872706,0.0,0.0
s03T3722,0.0,0.04531773466435125,0.1633283637220371,0.0,0.12458337610849371,0.09910508384870419,0.12203153203410264,0.0,0.051748524128876434,0.0,0.01863329210461199,0.0,0.0,0.28689767600313576,0.08835441738568708,0.0,0.0
s04T3722,0.0,0.0696163208110676,0.0971930927788099,0.0,0.11923882176348825,0.20929403863777343,0.10814718824572993,0.0,0.08323508968219837,0.0,0.04736464087830651,0.0,0.0,0.1701374959423986,0.09577331126022735,0.0,0.0
s05T3722,0.0,0.060283244930220664,0.0639839092072216,0.0,0.05791118610713051,0.34698316653658545,0.06895727031432763,0.0,0.10521049183116184,0.0,0.04502012268139782,0.0,0.0,0.15832478126588548,0.09332582712606893,0.0,0.0
s06T3722,0.02622368852926378,0.06316290650343998,0.08534160197188252,0.0,0.12091855751971878,0.21151714890304077,0.08030878422613694,0.0,0.08612507887129942,0.0,0.048301373942648454,0.0,0.0,0.17470344146064473,0.10339741807192472,0.0,0.0
s07T3722,0.051296725092181125,0.03903593918822908,0.07516787802363575,0.0,0.04939233048575086,0.3657815513277364,0.11831189558701431,0.0,0.09571654513706676,0.0,0.01713350275057784,0.0,0.0,0.11534863265115278,0.07281499975665512,0.0,0.0
s08T3722,0.0,0.7441989892803444,0.0,0.012537218026321757,0.0,0.0,0.0,0.0023703820004226306,0.0,0.025376259929342126,0.0,0.003454695867859401,0.0,0.002174074272809508,0.16310741576950313,0.0,0.04678096485339696
s09T3722,0.0,0.0,0.0,0.07390356705777237,0.19851493122824299,0.0002079331233625932,0.27926324568444694,0.1173955588733446,0.0,0.01100834471154437,0.03963265463799465,0.0,0.0,0.0,0.2800737646832914,0.0,0.0
s10T3722,0.012995601911996328,0.0,0.0,0.006922015765971912,0.09048439339687962,0.00015370965880348635,0.3953005749183962,0.0371635856381201,0.057744513497458454,0.0,0.09523420745014767,0.0,0.0,0.0,0.3040013977622262,0.0,0.0
s11T3722,0.05902858588678941,0.0,0.09491303057482306,0.009606229550213924,0.08607105422742109,0.0,0.4069905341245746,0.006987861039817716,0.010215730844065582,0.0,0.08290968429402047,0.0,0.0,0.0,0.24130633128045118,0.001970958177823051,0.0
s12T3722,0.1670702339946349,0.011649716449809668,0.09718397289451178,0.0006377883562494548,0.08239810934167606,0.01878934202930556,0.2010193986837566,0.0,0.0941043513943178,0.0,0.05948668450565633,0.0,0.0,0.083199411704835,0.18446099064524696,0.0,0.0
s13T3722,0.07924904950198125,0.0,0.13390393131267053,0.0030276266525910123,0.09317032370141608,0.001290404855929125,0.35682918910462785,0.0,0.05785564564280419,0.0,0.06417228106424665,0.0,0.0,0.024306207400041458,0.1861953407636919,0.0,0.0
s14T3722,0.26808025174217986,0.007672066229483655,0.07376168429871582,8.894694795532325e-05,0.0823220283147822,0.023240897449368643,0.19642275043873852,0.0,0.13579907334235805,0.0,0.03370322789388704,0.0,0.0,0.09931119492467765,0.07959787841785312,0.0,0.0
s15T3722,0.17195753196378735,0.01639752803585972,0.12857908119729608,0.0,0.08073119465457013,0.06304987113414157,0.2288429785803491,0.0,0.08364082028165626,0.0,0.017307250535973553,0.0,0.0,0.10797669492685472,0.10151704868951157,0.0,0.0
s02M3822,0.05172070590838949,0.03324038860594664,0.12082213715211136,0.0,0.12320937191206642,0.050429878540617326,0.14979185653393567,0.0,0.1254907054482828,0.0,0.024302822125947164,0.0,0.0,0.17055863344822064,0.15043350032448238,0.0,0.0
s03M3822,0.008273122267758948,0.03462965099079305,0.11857128209162997,0.0,0.1421793389879126,0.04551056532133656,0.13736307200289666,0.0,0.09001407972450227,0.0,0.023208128170278758,0.0,0.0,0.2045440968245902,0.19570666361830089,0.0,0.0
s04M3822,0.0,0.04606646382167262,0.10254410348704861,0.0,0.16673347225370697,0.08154003130610572,0.13974190994856703,0.0,0.07211566285663588,0.0,0.027354627644288122,0.0,0.0,0.19847143289377753,0.16543229578819738,0.0,0.0
s05M3822,0.0,0.05072284749388854,0.1020898260818562,0.0,0.148330044268306,0.07779393628703078,0.11216629501208797,0.0,0.12994658745596993,0.0,0.022001932028547715,0.0,0.0,0.24051820286986028,0.11643032850245258,0.0,0.0
s06M3822,0.0,0.0525056158863303,0.10666569097175596,0.0,0.1195361242869722,0.07364841200919457,0.09740275596627489,0.0,0.07473795788973986,0.0,0.015769448715465942,0.0,0.0,0.3204896257184988,0.13924436855576747,0.0,0.0
s07M3822,0.0,0.0393414447907446,0.2617905964861753,0.0,0.12824255457947367,0.022466231780959387,0.15608451594955333,0.0,0.018237279006013327,0.0,0.0017939309996811287,0.0,0.0,0.2580306221124775,0.11401282429492177,0.0,0.0
s08M3822,0.0,0.7990645176772704,0.0,0.0,0.01041455241975246,0.0,0.0,0.0,0.0,0.0033537433647344897,0.0,0.04270777810888397,0.0,0.0,0.14445940842935875,0.0,0.0
s09M3822,0.0,0.04578217943146042,0.0,0.032872689409939086,0.08985834139248655,0.00011254379058372775,0.02676953204917458,0.2704523623962772,0.0,0.05044222345377343,0.026103597419715838,0.0,0.0,0.0,0.42327000750501165,0.0,0.034336523151577474
s10M3822,0.0,0.0,0.0,0.00895456908278222,0.18138612184542066,0.005617097972385008,0.04113156816351549,0.21057652274763555,0.03953327605772387,0.017662933616288765,0.08426285663881124,0.0,0.0,0.0,0.4108750538754372,0.0,0.0
s11M3822,0.0,0.0,0.00564684411338486,0.009482005264998643,0.19100484911492516,0.004844650484911004,0.06773991601056988,0.16685620616508973,0.05771161558274843,0.005490833532600963,0.06747405953156406,0.0,0.0,0.0,0.42374902019920735,0.0,0.0
s12M3822,0.02494859308777031,0.030404191841753136,0.08521879627233407,0.0,0.14026944316914336,0.021559265137344078,0.13157693455303948,0.0,0.12086579395533595,0.0,0.03669700887304873,0.0,0.0,0.15156955164730215,0.2568904214629288,0.0,0.0
s13M3822,0.0,0.04426842251972526,0.10945307500383442,0.0,0.14785540816203038,0.030659880255873947,0.15602732765026558,0.0,0.1218327719125887,0.0,0.03318722935613279,0.0,0.0,0.14572014059532756,0.2109957445442214,0.0,0.0
s14M3822,0.0,0.03385566980843175,0.14120711183047446,0.0,0.14201322100705183,0.021036163316699205,0.16579820493462927,0.0,0.06693752462922595,0.0,0.03145570703998936,0.0,0.0,0.14838815844118633,0.24930823899231194,0.0,0.0
s15M3822,0.0,0.03600579200181277,0.20988765822440789,0.0,0.15198705133977702,0.02115475322639304,0.15683152633561384,0.0,0.04560142208079144,0.0,0.013108041282986217,0.0,0.0,0.1917824430881854,0.17364131242003236,0.0,0.0
s01X3822,0.01598379602302123,0.03879300647050598,0.11071347711328529,0.0,0.10022466660352114,0.0899983391578253,0.18600273541815313,0.0,0.13034865815525795,0.0,0.01556513959646469,0.0,0.0,0.16456015746633618,0.1478100239956291,0.0,0.0
s02T3822,0.2576107406491745,0.017141715438308593,0.08030959951370889,0.0,0.17940073297179684,0.028569885321655546,0.15967358231951542,0.0,0.03780884050051564,0.0,0.0058825358014350185,0.0,0.0008783330655838612,0.12251039975626575,0.10813455828624016,0.0,0.0020790763757998036
s03T3822,0.1992765020831026,0.011336225770813686,0.12404061459497563,0.0,0.14792451842762977,0.005411962179486782,0.27281522750945625,0.0,0.011568469017364337,0.0,0.003080853795141537,0.0,0.0,0.0604097169025011,0.16403202165412192,0.0,0.00010388806540651063
s04T3822,0.09076318920515873,0.029378735713243148,0.09806809924018774,0.0,0.13107142312224404,0.021166434258702457,0.19062378545395117,0.0,0.027247054864837705,0.0,0.004425933834189466,0.0,0.0,0.1826860000951233,0.22456934421236235,0.0,0.0
s05T3822,0.0,0.03841483888411166,0.11740377874448282,0.0,0.1883805321598728,0.023936117161592302,0.18120600214733218,0.0,0.010335907818182263,0.0,0.0054661846653896295,0.0,0.0,0.148695308939027,0.2861613294800095,0.0,0.0
s06T3822,0.008210809733397637,0.04630281133954302,0.046351828100403884,0.0,0.14186071728424804,0.036997110229666494,0.06818812692310527,0.0,0.1045737151324009,0.0,0.014787520340383897,0.0,0.0,0.3257269627056738,0.20700039821117708,0.0,0.0
s07T3822,0.0,0.037958732111416,0.05665519563084933,0.0,0.23108767782139855,0.02143645696559163,0.00349117287174015,0.0,0.04339968568993679,0.0,0.027952533977723893,0.0,0.0,0.18561621131733924,0.39240233361400445,0.0,0.0
s08T3822,0.0,0.7649059068609261,0.0,0.0029343127792755912,0.0553274549676065,0.0,0.0,0.0,0.0,0.015903020540701102,0.0,0.023547233290765635,0.0,0.0,0.08396905743918681,0.0,0.05341301412153824
s09T3822,0.0,0.023514969170948287,0.0,0.059934794205447464,0.043568225633786255,0.0,0.01175708723522305,0.10382899954472417,0.0,0.037525063454409154,0.008062261662664176,0.004020975183914765,0.0,0.0,0.673517898703354,0.0,0.03426972520552864
s10T3822,0.0,0.0,0.00030643589332020695,0.047816852400769626,0.09848647504944165,0.0,0.0200971117779022,0.10625539409840092,0.0,0.031787011107318776,0.029998836508071107,0.0,0.0,0.0,0.6652518831647755,0.0,0.0
s11T3822,0.0,0.014110027351485527,0.0,0.053721934986897944,0.1304207073320119,0.0,0.008125865772140755,0.16582291967085588,0.0,0.04417471026480144,0.017015497275171557,0.00043147300538724304,0.0,0.0,0.5427853718552688,0.0,0.023391492485979083
s12T3822,0.0,0.012777500227518862,0.0,0.02024431040535934,0.14117574665606142,0.0,0.015237637287471545,0.18920038832913438,0.0,0.051799172909742126,0.031465222757590616,0.0005580613672290105,0.0,0.0,0.5375419600598926,0.0,0.0
s13T3822,0.0,0.008209099462857063,0.0,0.03323375063520544,0.09736036570338157,0.0,0.026772902154199467,0.14005371893453103,0.0,0.04217034151318775,0.006889085409564873,0.0006746302346592442,0.0,0.0,0.6324202656429919,0.0,0.01221584030942159
s14T3822,0.0,0.025989262603761165,0.025253579217801473,0.0017648207325294252,0.062110539133485146,0.0005917191368442849,0.04569177288710706,0.07778530926699248,0.03991368956637439,0.019882759444077924,0.0609999268107329,0.000570536143168567,0.0,0.004768806695120432,0.6346772783620049,0.0,0.0
s15T3822,0.0,0.009286204303990213,0.08878755220588869,0.00777827508803106,0.10619155129188355,0.007036669123964331,0.15308512705868116,0.029557604122884405,0.06195479672942372,0.0018506989688439554,0.08144320036732902,0.0,0.0,0.033452052995600515,0.4195762677434794,0.0,0.0
s02M3922,0.0517427754334408,0.05492839046040373,0.10561385543284188,0.0,0.1293093955746876,0.02955015984508623,0.16471423723338638,0.0,0.02595167291889555,0.0,0.005834650699285217,0.0,0.0,0.2634258800533965,0.16459410680902284,0.0,0.004334875539553188
s03M3922,0.04051831511543888,0.03340785271647148,0.1861396632539938,0.0,0.14843662441707164,0.011500118889455187,0.23769812640461024,0.0,0.008119369516460855,0.0,0.0005274704467936563,0.0,0.0,0.21422138812913283,0.11841010396309855,0.0,0.0010209671474730399
s04M3922,0.003637775251697668,0.05126884538938742,0.10276767759915191,0.0,0.1386327886471003,0.01990211755940996,0.22584978936627326,0.0,0.02255910206833276,0.0,0.0019877850136666778,0.0,0.0,0.2687481065987459,0.16464601250623434,0.0,0.0
s05M3922,0.025584681693217873,0.04024937247199992,0.12859923944887336,0.0,0.11737988079546235,0.015836132566941927,0.19256616733285187,0.0,0.006989938257043547,0.0,0.0007182258811978878,0.0,0.0,0.24857067787825762,0.22350568367415363,0.0,0.0
s06M3922,0.10662795632110944,0.032026678841340674,0.01788985035478795,0.0,0.06355944926321194,0.11776079065447635,0.046918699803538945,0.0,0.16824107026246343,0.0,0.015830088707328223,0.0,0.0,0.2777474059091093,0.15339800988263383,0.0,0.0
s07M3922,0.1338410665637232,0.03190457196545374,0.1400926836369075,0.0,0.10620674839792951,0.04770381376773097,0.19453890601750864,0.0,0.05917973163729849,0.0,0.013789568459435216,0.0,0.0,0.09540803935207602,0.17733487020193683,0.0,0.0
s08M3922,0.0,0.8669140176563386,0.0,0.0,0.043831422289112784,0.0,0.0,0.0,0.0,0.00860349854151913,0.0,0.008693459516159916,0.0,0.0,0.05668169803569463,0.0,0.01527590396117496
s09M3922,0.0,0.0,0.010206547076621116,0.12463228743122243,0.18548965547914145,0.0011585237970767822,0.033785311177884324,0.12160509017829,0.018817549057095664,0.011223866132303107,0.04476304818425303,0.0006242262931437507,0.0,0.0016094771893843997,0.44608441800358406,0.0,0.0
s10M3922,0.0,0.0,0.011245357887939065,0.035370341871611914,0.15264072581090798,0.0,0.03218990393151389,0.10865919339463835,0.00874615576541905,0.010089700923936613,0.067333167284936,0.0,0.0,0.002798340180527575,0.5704362704622841,0.0004908424862853217,0.0
s11M3922,0.0,0.000943431264561923,0.006908864437637531,0.11421266664140803,0.14483685126039722,0.0,0.027568637755323623,0.15494291225682916,0.03747792940937322,0.019103759203183496,0.02919469136242405,0.0014657534426302952,0.0,0.0,0.4633445029662315,0.0,0.0
s12M3922,0.0,0.024944941930776884,0.0,0.01080674112176401,0.14547974032466887,0.005265535522148492,0.021020713015281536,0.24421257868276625,0.1325742727521746,0.002879588560187768,0.026543857663139308,0.0005941503466151712,0.0,0.00704629379699742,0.3786315862834798,0.0,0.0
s13M3922,0.0,0.0,0.0,0.01443060152499347,0.15279090671894677,0.0037496309996677534,0.02196276893427912,0.1894756953346247,0.08084823103164708,0.008849439165828596,0.03693566934623054,0.0005415198213504493,0.0,0.004760492747410466,0.4856550443750211,0.0,0.0
s14M3922,0.021118063122464413,0.01352034785316385,0.0,0.0,0.10795132299781407,0.003453475935582181,0.017506640357102577,0.14319001176552232,0.2497073458949008,0.0,0.03430651576321526,0.0007267131401598317,0.0,0.009301560018857272,0.3992180031512173,0.0,0.0
s15M3922,0.03375558302000182,0.005554416349777355,0.013131305871707657,0.01459989815833784,0.1503228917805501,0.00500466279183408,0.03661304421816048,0.12017585143413326,0.1068793834946147,0.004102446349515598,0.041277844650358976,0.0005960274132638021,0.0,0.018711489228303516,0.4492751552394407,0.0,0.0
s01X3922,0.06731616616071395,0.0297105202667333,0.20208306290630226,0.0,0.09865738137557578,0.014220428344371011,0.2275979097400628,0.0,0.005686534662143795,0.0,0.000443232619392801,0.0,0.0,0.16193300829360002,0.19116354448924103,0.0,0.0011882111418633156
s02T3922,0.13418110456783683,0.03446022193911313,0.12213565264963376,0.0,0.14304764786346796,0.028400737957796934,0.17541929461478023,0.0,0.016023603460738115,0.0,0.007360329899760535,0.0,0.0,0.1680496099639993,0.17092179708287314,0.0,0.0
s03T3922,0.16007549414320155,0.04394691118149235,0.08368858299270215,0.0,0.13528139172361395,0.02988307358709141,0.12930800438709508,0.0,0.02378910444572639,0.0,0.01197446135788929,0.0,0.0,0.18906305678063054,0.1929899194005574,0.0,0.0
s04T3922,0.07346305814792435,0.05705350607938878,0.06501915046496273,0.0,0.16356902574953983,0.051703980646373264,0.12464693179262686,0.0,0.017913663599015504,0.0,0.014188545453841914,0.0,0.0,0.20930428495285944,0.22313785311346732,0.0,0.0
s05T3922,0.05612438319702608,0.04815368518545762,0.07328307729921042,0.0,0.1586459485667668,0.05404835777129112,0.12326293608661969,0.0,0.01909459051974921,0.0,0.007061332538718977,0.0,0.0,0.2637937759254138,0.19653191290974634,0.0,0.0
s06T3922,0.0,0.07345815545572876,0.05257965253469602,0.0,0.1516855154465791,0.06342231683952214,0.05982054215997653,0.0,0.04035505945854515,0.0,0.018565730630654594,0.0,0.0,0.2642680193374682,0.27584500813682944,0.0,0.0
s07T3922,0.11289781113645482,0.03274693496692338,0.11924789777373812,0.0,0.1265529986800874,0.062252794536155225,0.15139282419063368,0.0,0.022472708858358097,0.0,0.010215452881598268,0.0,0.0,0.18139551353157238,0.18082506344447863,0.0,0.0
s08T3922,0.0,0.635599838000883,0.0,0.0,0.020269639802265246,0.0,0.0,0.0,0.0,0.0025204228596219114,0.0,0.24318299609405314,0.0,0.0,0.08067141408392182,0.0,0.017755689159254923
s09T3922,0.0,0.007639560069411349,0.00824362341722447,0.11628890322828402,0.09974987846134903,0.0011957968386621246,0.016634206325276953,0.16629632752744522,0.0,0.0027168953400186057,0.010767918374742612,0.008230520491476729,0.0,0.0008797801038651794,0.5374070075373141,0.002485341546702191,0.021464240738227516
s10T3922,0.0,0.0,0.00816026274696947,0.07599886946589597,0.1067856616099722,0.00012573548105933996,0.0289361719792504,0.1666788936880034,0.0026938794605351197,0.003273139967396487,0.029702195092898665,0.0,0.0,6.140505257830019e-05,0.5734970417181525,0.004086743737288108,0.0
s11T3922,0.0,0.06465889049641246,0.005698106674975432,0.10463363414878743,0.07047500117549924,0.0037417021367435934,0.014954738880701741,0.16431826993235357,0.024093641670411402,0.016530896867187804,0.03445829335095375,0.012288153068536449,0.0,0.0,0.47495261527735955,0.0,0.00919605632007739
s12T3922,0.0,0.03435317346592646,0.0,0.004160644076727635,0.10753511833093875,0.010435416397484337,0.011577759890295622,0.19966987851249937,0.15911300383384291,0.002736087322993719,0.05821576449035206,0.001230044782372747,0.0,0.0,0.4109731088965666,0.0,0.0
s13T3922,0.0,0.011094993221829956,0.006370031775151515,0.02027800495385563,0.09350376586460148,0.0031168261619872162,0.022154304872890454,0.10351119194850178,0.03902203481658149,0.0033337350272832082,0.03764946924542099,0.0009977831972979223,0.0,0.01583244575911268,0.6427116187952355,0.00042379436025016457,0.0
s14T3922,0.00149819024982434,0.03152456574575733,0.0,0.0,0.1260922483126779,0.02061474649575415,0.009885218339731891,0.16093528464979648,0.265375388783393,0.0,0.04298656904165621,0.0007443721479339223,0.0,0.004848702048705515,0.33549471418476917,0.0,0.0
s15T3922,0.06811201233871905,0.03868012158630544,0.03240366988107909,0.0,0.14482689857301514,0.01970500200981956,0.06517191218096137,0.07290887046286217,0.14055026390544575,0.0,0.02933452747764601,0.0,0.0,0.059405106898410616,0.32890161468573575,0.0,0.0
s02M4022,0.17352085944941031,0.01994587475175189,0.029651580458575327,0.0,0.1329550066190197,0.04337827071232344,0.054799349268094266,0.0,0.19619335610882432,0.0,0.06732498178761313,0.0,0.008605109376219352,0.11304079734035988,0.1605848141278085,0.0,0.0
s03M4022,0.12674089207633366,0.02703992215325391,0.030928036523413305,0.0,0.15157622532528814,0.06071599674633501,0.06287602069986607,0.0,0.14298966518649328,0.0,0.07799348837791009,0.0,0.018045132660306103,0.11708722086613246,0.184007399384668,0.0,0.0
s04M4022,0.17735941499307195,0.03557629104848816,0.053050909495479824,0.0,0.08739625759354419,0.08014626323048168,0.07040328474883768,0.0,0.051539575923788494,0.0,0.03427489043032748,0.0,0.0,0.22342725514746106,0.18682585738851953,0.0,0.0
s05M4022,0.2147571335906126,0.03530698074712748,0.0797451283956589,0.0,0.12547161266785475,0.061453913345847766,0.11943570409131526,0.0,0.020698977887091435,0.0,0.022302936465898506,0.0,0.0,0.17523264704436708,0.14559496576422615,0.0,0.0
s06M4022,0.20161617471806195,0.038728493709022864,0.06429285411471279,0.0,0.11913101696480365,0.07167335914615369,0.08675393667864646,0.0,0.008521976508027936,0.0,0.016885196911802625,0.0,0.0,0.24310784177715597,0.14928914947161204,0.0,0.0
s07M4022,0.0,0.040126350713747844,0.08403428942311937,0.0,0.11389187880997484,0.14516118493539104,0.14603887251850958,0.0,0.02618643165146186,0.0,0.0,0.0,0.0,0.28337590975051524,0.16118508219728037,0.0,0.0
s08M4022,0.0,0.3266200613235945,0.0,0.002360275119642298,0.0070912202294975395,0.0,0.0,0.0,0.0,0.010910991162172775,0.0,0.5723125510412276,1.1422474571132292e-06,0.0005439577075790885,0.04628701646311963,0.0,0.03387278470570942
s09M4022,0.0,0.0,0.005180839937359895,0.028995004404725057,0.004072017723175494,0.00030802737957892244,0.010486862261488164,0.0546179826800983,0.025395516109302692,0.00068271256142579,0.0503742670687099,0.008314489980269889,0.0,0.004131935281545298,0.8039083670464702,0.0035319775658504667,0.0
s10M4022,0.05390883461985148,0.010336826549678695,0.0,0.0016421061423103306,0.033877838851595087,0.018466105051617616,0.012597429621530607,0.07284560988798228,0.12415913868387861,0.0,0.06551221788112353,0.0007541878688497153,0.0,0.02587762425695028,0.5784590507513335,0.001563029833298395,0.0
s11M4022,0.03180960535562521,0.0,0.0,0.0,0.031144548006319227,0.007955118024609546,0.008391171358405683,0.08339914731630597,0.18256701558893906,0.0,0.059835082431467505,0.0007640481905153818,0.0,0.009728587523396077,0.5842071379342416,0.0001985382701747315,0.0
s12M4022,0.0,0.016954034499966162,0.0,0.0,0.051385588913717244,0.01690510046892761,0.014985270285054506,0.09115151634155258,0.23497405010742292,0.0,0.005405718441031571,0.0004431711637182423,0.0,0.018129481449264403,0.5496660683293447,0.0,0.0
s13M4022,0.04689059039582005,0.015955965270897602,0.0,0.0,0.04931033407602533,0.012937273939445817,0.01281869734580782,0.06808967452721346,0.19606381256692124,0.0,0.04684943007690067,0.00034736737046738264,0.0,0.022207298088136814,0.5285295563423638,0.0,0.0
s14M4022,0.0831852946048466,0.022605335593055765,0.0,0.005936965123898267,0.0570924947240213,0.004225663060493407,0.017334107516780817,0.057382423421446734,0.2517514494472656,0.0,0.03859986302725577,2.2058249067288506e-05,0.0,0.027664447835891722,0.43419989739597675,0.0,0.0
s15M4022,0.2072044505759201,0.025088419011708975,0.03788840736313353,0.0,0.06593515368123881,0.07667732542079682,0.06017303463756341,0.0,0.07294931086289819,0.0,0.03635342971775504,0.0,0.0,0.21040005321173064,0.20733041551725448,0.0,0.0
s01X4022,0.17942969398993433,0.021875952550295112,0.03850118803614417,0.0,0.07490977739707474,0.0615306422992699,0.060043209888393165,0.0,0.1007786890470683,0.0,0.023541121024169102,0.0,0.0,0.3052732985347954,0.13411642723285583,0.0,0.0
s02T4022,0.16795464805907204,0.033324110001491214,0.08042919260535628,0.0,0.172750969397564,0.05358211632658445,0.09303479300968827,0.0,0.032760039220651224,0.0,0.02656166202049904,0.0,0.0,0.19302854257455443,0.146573926784539,0.0,0.0
s03T4022,0.12681917333753065,0.03436157634441084,0.106624272871849,0.0,0.16935920776844904,0.019761070166719276,0.1418018633356983,0.0,0.008289382237372755,0.0,0.012297011438459635,0.0,0.0,0.22698298167548195,0.15370346082402853,0.0,0.0
s04T4022,0.11946192403544083,0.044476765204865924,0.049625562442873715,0.0,0.21114529553446434,0.02843500404556168,0.07093088698552491,0.0,0.049648273005116615,0.0,0.037756057685247,0.0,0.0,0.18662929118858684,0.2018909398723181,0.0,0.0
s05T4022,0.1315252208741948,0.03344468827871909,0.03809401586626541,0.0,0.1797260836210278,0.052286524913210494,0.06070127342766303,0.0,0.07783893274034859,0.0,0.04282031633085536,0.0,0.0,0.19869532312699711,0.1848676208207183,0.0,0.0
s06T4022,0.09880416832091465,0.039856151008457165,0.0493580920486239,0.0,0.1722379484208448,0.026737816221509877,0.06525165235935208,0.0,0.06179344275459124,0.0,0.026817904315443536,0.0,0.0,0.2492728125279875,0.20987001202227532,0.0,0.0
s07T4022,0.17195209469077458,0.033684455805261325,0.03764053341877603,0.0,0.12703643714466129,0.06625210741779883,0.058146624627443556,0.0,0.0946804692213677,0.0,0.03175297190371302,0.0,0.0,0.2213320891900777,0.15752221658012594,0.0,0.0
s08T4022,0.0,0.42342016286301926,0.0,0.00033261031153600137,0.01104823109754993,0.0,0.0,0.0,0.0,0.00038579880655146876,0.0,0.5361660758877806,0.0,0.0,0.0,0.0,0.028647121033562845
s09T4022,0.0,0.016128992788692703,0.004522273309568893,0.03684053432779831,0.048424340595037974,0.0010505365536220997,0.010130308916481713,0.09916461983299531,0.007066698510570486,0.01462623163864617,0.026676062802668654,0.023182952352136462,0.0,0.01973485676562487,0.6851500141978725,0.0007198868896024055,0.006581690518681347
s10T4022,0.018236806748300825,0.011042632288427083,0.005133754094507579,0.008401804364590317,0.03752204803067068,0.0036159000786843195,0.01290573920198491,0.06623948341737666,0.07603463298184784,0.0,0.04918640655121812,0.0012747500996032005,0.0,0.03457013970452497,0.6758359024382634,0.0,0.0
s11T4022,0.01600312536680462,0.019089216881952652,0.0030813321776159996,0.010235305273578417,0.034277424081402975,0.004736554712920687,0.010421483962856014,0.08282643064878081,0.0738076557064964,0.0032464032466373734,0.03581293035541102,0.008409683921271232,0.0,0.039860577994647824,0.658191875669624,0.0,0.0
s12T4022,0.0030368857116534393,0.10134090518267015,0.0,0.007808379239433217,0.11707105926800979,0.01395857079467029,0.012376756425423047,0.11571383427279971,0.07751227091924362,0.004193464039115997,0.0307355726284762,0.0074474306523999965,0.0,0.08994609711980671,0.41885877374629776,0.0,0.0
s13T4022,0.04969329843302183,0.03541745529718358,0.0034732935291409603,0.0,0.05136026829809463,0.006815800657695782,0.014180822818893449,0.07111297343362351,0.1142522801586564,0.0,0.03685629380581218,0.0018635079819452481,0.0,0.058322966187543214,0.5566510393983892,0.0,0.0
s14T4022,0.06276669829504863,0.04239894561485638,0.0024025855138959653,0.0,0.07755005425912341,0.01722224926867973,0.01793333948147935,0.05602496170239548,0.09686314910263477,0.0,0.0249488580403587,0.00045779792960896486,0.0,0.21402592755749922,0.38740543323441934,0.0,0.0
s15T4022,0.12567207338951555,0.03891818129779062,0.035825548378107426,0.007592123785657622,0.08154311457499816,0.01689068968642438,0.04329994165821163,0.02135928889048586,0.0846069504497097,0.0,0.03458658253075625,0.0,0.0,0.134545390180284,0.3751601151780589,0.0,0.0
s02M4122,0.3439483429839568,0.01659777536731658,0.061841649000232084,0.0,0.11447817038900944,0.013866249865737736,0.03480005495812267,0.0,0.0,0.0,0.007532711072556234,0.0,0.0,0.31243713988509686,0.09442811029011634,0.0,6.979618785501497e-05
s03M4122,0.1701710015993721,0.02801394508803964,0.10244738046887733,0.0,0.14003765253085906,0.017957529177625938,0.08078875455828008,0.0,0.006786537356121944,0.0,0.02558591778754807,0.0,0.0,0.1708930791309626,0.2573182023023132,0.0,0.0
s04M4122,0.33089798700169065,0.026639732707645924,0.016158172903496647,0.0,0.06346162935034581,0.10871258574240097,0.017531906887941488,0.0,0.0753686169561495,0.0,0.032339397501975904,0.0,0.0,0.20150087149017976,0.12738909945817342,0.0,0.0
s05M4122,0.355788531433944,0.02229339171513523,0.004169246310991557,0.0,0.04852078230947224,0.11262975734139323,0.009978253554657167,0.0,0.09195729009583611,0.0,0.038785971060106936,0.0,0.0,0.17933358469582095,0.13654319148264252,0.0,0.0
s06M4122,0.3593752050620643,0.018537358240295836,0.0032378279499370908,0.0,0.019136417207139145,0.14416461828180824,0.01060379558281189,0.0,0.094715910815806,0.0,0.031761756811513886,0.0,0.0,0.19491024140415267,0.12355686864447102,0.0,0.0
s07M4122,0.3620274946220048,0.014725569304127188,0.028390929967198757,0.0,0.04743252976032584,0.07123480467698984,0.029137327646883572,0.0,0.059910709004299276,0.0,0.030662271971231114,0.0,0.0,0.1848054081549791,0.17167295489196058,0.0,0.0
s08M4122,0.0,0.35185187413040103,0.0,0.0016709178529221442,0.003300185309508214,0.0,0.0,0.0012312142526757876,0.0,0.0,0.0,0.5194390991557646,0.0,0.0,0.0,0.0,0.12250670929872824
s09M4122,0.007708932169428006,0.01271740465643329,0.01440285191399073,0.03398106001011049,0.04013073399626305,0.0022208098428965735,0.01331912646925901,0.07386555746424253,0.017617359272875634,0.0,0.04183793316264513,0.00865374385524109,0.0,0.03901121643060052,0.6913130509189082,0.0,0.0032202198371057444
s10M4122,0.0,0.013026360809107919,0.008807146677199163,0.00211528393793167,0.011148583692904977,0.0014513339456727332,0.008744332406527519,0.06060670506743296,0.005486794396345381,0.0011452531981468858,0.027381000562716196,0.00730622195104189,0.0,0.02437096102474952,0.8213390664761846,0.0,0.007070955854038503
s11M4122,0.0,0.010042502822305238,0.009981237707949437,0.0178693110026098,0.006764770651013778,0.0,0.009819998512948104,0.0532130647240684,0.004089215585601917,0.0046207764230935,0.02788859321037851,0.038556965866281344,0.0,0.0150812451506758,0.7779682735353927,0.0,0.024104044807681427
s12M4122,0.0,0.05945888610459296,0.005179011030962508,0.0,0.02863125181750681,0.0029079254987546947,0.008241681954976448,0.09373156138592388,0.07183155855308185,0.0,0.030743867625862724,0.006920543255462571,0.0,0.026446926725332044,0.6659067860475436,0.0,0.0
s13M4122,0.0,0.06435975889000499,0.005843265238221772,0.0,0.030515601573663724,0.00475784448987035,0.006404437258268084,0.07859793891960433,0.07096157710074705,0.0,0.03411892808090977,0.0033747342060906848,0.0,0.03701021348393962,0.6640557007586796,0.0,0.0
s14M4122,0.02666466791534784,0.07653102839696213,0.0029227111204040415,0.0,0.05970316260934171,0.009398973510232814,0.007146862561319804,0.06722355084286671,0.09998187922361797,0.0,0.03447246745100473,0.00029071696984864773,0.0,0.0957689417658971,0.5198950376331566,0.0,0.0
s15M4122,0.08527853988160464,0.05136045414855677,0.02918450360229405,0.0035193146037048755,0.08231265207561021,0.016230571664273493,0.018225308355256736,0.038913727899447165,0.06931035971084594,0.0,0.026928866202751294,0.00028465870037095787,0.0,0.1547155328183621,0.42373551033692175,0.0,0.0
s01X4122,0.2619036362591897,0.030909913137790013,0.12502974631042885,0.0009978669981124352,0.08899512590802124,0.015686455307640814,0.05880604789823077,0.0,0.02856924881939208,0.0,0.021754838584962494,0.0,0.0,0.1290601632395699,0.23828695753666163,0.0,0.0
s02T4122,0.6575594592543257,0.007516461085525418,0.030036441184764562,0.0022546897514342202,0.06972002934510305,0.03744135905404008,0.02417489875142395,0.0,0.0,0.0,0.01493716143353248,0.0,0.0,0.08292224573030132,0.07343725440954928,0.0,0.0
s03T4122,0.7082603973292443,0.005585828366937403,0.016350759080986033,0.0,0.05059163538978828,0.02754577450863697,0.02280381008008976,0.0,0.0,0.0,0.012800414259698122,0.0,0.0,0.10678243573295274,0.049278945251666345,0.0,0.0
s04T4122,0.6754716734018112,0.007631205516377631,0.008079831299873934,0.0,0.05564409178899251,0.0220924528463372,0.014384249734113045,0.0,0.0,0.0,0.016628176502533492,0.0,0.0,0.13943834586543516,0.060629973044525935,0.0,0.0
s05T4122,0.6765613862681864,0.006196352313759612,0.0135982353711712,0.0,0.0643394585645939,0.025038778521715682,0.01939999854652141,0.0,0.0007515697033565414,0.0,0.025615643199450734,0.0,0.0,0.10213955348629851,0.06635902402494606,0.0,0.0
s06T4122,0.682687288706861,0.0039002436337882695,0.0355233888297567,0.0007029095485619544,0.0780297556738307,0.009540581912700482,0.0276115740815627,0.0,0.0007945075159624241,0.0,0.019132661600958254,0.0,0.0013020604317485838,0.06366865494985503,0.07710637311441394,0.0,0.0
s07T4122,0.39930580986523895,0.0018655109808662974,0.19459419855229257,0.02193601059174447,0.1438328751213267,0.0,0.06442915012384721,0.0,0.0,0.0,0.016785484011310626,0.0,0.0,0.014833663048310181,0.13266677144505265,0.0,0.009750526260010467
s08T4122,0.0,0.10065401642444453,0.0,0.014600995258585813,0.0,0.0,0.0,0.006346475495793808,0.0,0.023372319291874458,0.0,0.5796902919841966,0.0015960553048514293,0.0,0.031332709461493365,0.0,0.24240713677876008
s09T4122,0.0,0.002373755344167305,0.01725616080833645,0.06370243559485358,0.0,0.0,0.006567136350775149,0.04247607211009231,0.0,0.0,0.008013070170411422,0.03212355343563493,0.00016570213057881097,0.011379296518432572,0.7877780454553744,0.0,0.028164772081343152
s10T4122,0.0,0.004354280394979337,0.01563476091439699,0.040524574239326976,0.035124655707543924,0.0,0.010070182752165376,0.04418724694354819,0.0,0.0,0.031072198390377826,0.007130686573569231,0.0004343196860516655,0.019155058995218657,0.7800164688915843,0.0,0.012295566511237581
s11T4122,0.0,0.00634555829175256,0.009030849770504798,0.02339281574957132,0.01710301060057008,0.0,0.001169132281826809,0.06908941887347719,0.0013503100099229858,0.003916242330107612,0.029354050740196484,0.027502737227536753,0.0,0.017849310795761006,0.7718570732153891,0.0,0.022039490113383284
s12T4122,0.0,0.04535503603519354,0.00917572710496503,0.0,0.0,0.0022610022284855606,0.005440496462585597,0.07188139147596329,0.047423060400569636,0.0,0.04574993197492204,0.0061765031931777835,0.0,0.020714187168481564,0.7421608170590274,0.0004675862353247367,0.003194260661303841
s13T4122,0.0,0.008743174154252551,0.017375164844664674,0.01665280094828471,0.0008574327973555262,0.0005576497562112208,0.010421998320416305,0.03227387413937715,0.0036181136342829795,0.0,0.04758124084177877,0.010205741339391713,0.0,0.018882954347173634,0.8242376661769482,0.00026613390615149926,0.00832605479371102
s14T4122,0.024503494345304865,0.04567371799838456,0.009365083846978118,0.0,0.02583346374225334,0.005428295209877456,0.009422171808152201,0.052108717812657336,0.06765904940704075,0.0,0.07065641451145281,0.0014848390285964338,0.0,0.03499977327529055,0.6528649790140116,0.0,0.0
s15T4122,0.23754941613784444,0.035687131397616485,0.022449150002495744,0.007193947986090089,0.0711588869072542,0.011002428999966443,0.017829347155976498,0.031635102053863495,0.06665051983294168,0.0,0.10202912144657812,9.707448060010598e-05,0.0,0.05939784451658561,0.33732002908218717,0.0,0.0
s02M4222,0.6944201854834922,0.006748216011762511,0.0062530261919426,0.00040993873076185873,0.06450499045441384,0.03399055720772125,0.0031851230930414276,0.0,0.009819164820528312,0.0,0.0144441949241217,0.0,0.0,0.08881772537626997,0.07740687770594457,0.0,0.0
s03M4222,0.8042918110317944,0.0016285068208003507,0.03077984402652085,0.0,0.03209188649071028,0.0003243160633042672,0.029099233086983096,0.0,0.01591977850474049,0.0,0.018000170537352672,0.0,0.0,0.014889936608955826,0.05297451682883784,0.0,0.0
s04M4222,0.6473374189664635,0.005187768818592014,0.0,0.0,0.0,0.16280965912141035,0.0021074632927035575,0.0,0.07934721373458284,0.0,0.032376439844057324,0.0,0.0,0.02741937450948011,0.043414661712710516,0.0,0.0
s05M4222,0.6404516327806589,0.006411164615543029,0.0,0.0,0.00490236348596253,0.10745220736620396,0.009101244317938477,0.0,0.041642078920584864,0.0,0.013141545807827294,0.0,0.0,0.12339128350576017,0.05350647919952074,0.0,0.0
s06M4222,0.5357927838259378,0.006394689242383004,0.0,0.0,0.024214196697704096,0.07582401302033974,0.0025020829317508562,0.0,0.160760862105546,0.0,0.044312921722858105,0.0,0.0,0.06611115034624296,0.08408730010723742,0.0,0.0
s07M4222,0.6427927191467417,0.0,0.07616786468497572,0.014004109791868639,0.01992187069974655,0.0,0.034401329762536556,0.0,0.0023383289777858147,0.0,0.047039546377338544,0.0,0.0,0.0,0.1633342305590063,0.0,0.0
s08M4222,0.0,0.0853941183084934,0.00024189827796766906,0.0,0.0,0.0,5.2384927048606065e-05,0.0,5.474953930552289e-05,0.0,0.0,0.9142568489471848,0.0,0.0,0.0,0.0,0.0
s09M4222,0.014534513808815873,0.0,0.0006589802802644172,0.018218795238137596,0.013979617511886614,0.0034107006347916147,0.0048165977352816166,0.13951724437391136,0.008718937794579171,0.025004037992370814,0.11517610219765723,0.15418490214372424,0.0,0.0,0.49390624857806326,0.0,0.007873321710516098
s10M4222,0.0,0.0,0.0026946270140335276,0.006899238350909246,0.022341806733294663,0.0,0.006734850684701095,0.08850158290775277,0.0,0.0,0.2737836036014451,0.006595217154042948,0.0,0.0,0.5924490735538206,0.0,0.0
s11M4222,0.0,0.0,0.008523219688107039,0.021459644965828084,0.0,0.0,0.007587229858213474,0.07492163473488683,0.0,0.0011401556400536192,0.11616902589346068,0.009444093128234908,0.0,0.0,0.7599619941216031,0.0,0.0007930019696119775
s12M4222,0.0,0.0,0.0005751939952091356,0.0,0.0,0.0,0.0,0.051335220222152415,0.044625958453582436,0.0,0.1957088015634069,0.007968518100626824,0.0,0.0,0.6997863076650224,0.0,0.0
s13M4222,0.0,0.0,0.0,0.0,0.0,0.00040877120331640955,0.0,0.07968211751387416,0.0490724740327479,0.0015214758448474821,0.3665815238583191,0.0024011787074786823,0.0,0.0,0.5003324588394162,0.0,0.0
s14M4222,0.22243281674918908,0.0,0.0,0.0,0.013797913107456298,0.0,0.0023308236327403004,0.06798553426716669,0.08451064255480202,0.0,0.20363739127156574,0.00017343348869837264,0.0,0.0,0.40513144492838155,0.0,0.0
s15M4222,0.14584941628006426,0.0,0.04145711537216753,0.008605366584944296,0.0985939931728047,0.005145755870287737,0.02726842737581646,0.04791658419633472,0.008071746055991433,0.0,0.12629454897563083,0.0,0.00695257213534967,0.037901287287844566,0.4337251211515131,0.012218065541250624,0.0
s01X4222,0.7037330552198814,4.79116675363794e-05,0.028778246808866845,0.0008297839582016775,0.05615606499905541,0.037011918244093986,0.01416024921015683,0.0,0.0,0.0,0.07575757726222447,0.00013731702067009134,0.01871143665961718,0.0,0.05477749527434937,0.009898943675346392,0.0
s02T4222,0.9209623666631196,0.0031160910680071282,0.0,0.0,0.0008602445892160756,0.0001762938499589983,0.004813167695345372,0.0,0.0020102495447845946,0.0,0.004925843746470531,0.0,0.0,0.04907821493359102,0.013242502346868761,0.0,0.0008150255626379263
s03T4222,0.9520328117993263,0.0011807684729462672,0.0,0.0,0.004776306046892405,0.0,0.005016046196453976,0.0,0.008123959523596659,0.0,0.009649828850056814,0.0,0.0,0.0,0.019220279110727597,0.0,0.0
s04T4222,0.7349794065951097,0.004246220052776627,0.0,0.0,0.026786456548795124,0.08269304621077238,0.00215843309473589,0.0,0.012378794242988425,0.0,0.02414591348788435,0.0,0.00025846470532631225,0.05918944412392786,0.053163820937683494,0.0,0.0
s05T4222,0.8335094972327397,0.0019507504037449162,0.0,0.0,0.0,0.10435096291031755,0.0,0.0,0.0,0.0,0.01194493025822238,0.0,0.0,0.031164179461098042,0.017079679733877404,0.0,0.0
s06T4222,0.6185992411727415,0.0046245867803564565,0.0011462103217742968,0.0,0.05492250580112134,0.11717729026300185,0.005261818645386173,0.0,0.03387391867077127,0.0,0.04923391768466194,0.0027873619642623713,0.03671039412576628,0.039229175962636934,0.035158822804465785,0.0,0.0012747558030537906
s07T4222,0.4449861821630681,0.009461778850117964,0.14127873730488774,0.002497683175240928,0.14644909466622932,0.005032018478562611,0.05657363055926727,0.0,0.00729130957422386,0.0,0.012982034598835806,0.0004174902998259999,0.021695019364438548,0.004534569290925004,0.1351715894176004,0.005868174273963534,0.005760687982813001
s08T4222,0.0,0.03721314732354427,0.00017757145252873555,0.0,0.0,0.0,0.0,0.0,0.0,0.0,0.0,0.9613122724062984,0.0,0.001096664771363953,0.0,0.000200344046264845,0.0
s09T4222,0.0,0.0,0.0,0.009933544964156615,0.008922165266086784,0.0009638378105329941,0.0024889650212488687,0.1892887797643578,0.0,0.030291490136230257,0.0510983524790374,0.30632962130135716,0.0,0.0,0.328498247184646,0.0,0.07218499607234607
s10T4222,0.028967226604014937,0.0,0.0,0.006027497486744473,0.03606687076330424,0.003397542418788848,0.00380221546120825,0.16144642397539188,0.029353585493381105,0.003972870031163625,0.14928463116004115,0.008676985776637646,0.0,0.0,0.569004150829324,0.0,0.0
s11T4222,0.0,0.0,0.0049665431435100965,0.05217338030067675,0.0024970719017549025,0.0,0.0038941026682440677,0.07420550220506691,0.0,0.0,0.14211762692595703,0.013908395048928353,0.0,0.0,0.7041757202462692,0.0,0.002061657559592545
s12T4222,0.0,0.0,0.002327959305853883,0.028921794217446832,0.009825026447759223,0.000277487367474765,0.0033918639596859338,0.08938920580014123,0.0,0.0,0.11245020289666119,0.01892763005873028,0.0,0.0,0.7288523232014176,0.0,0.005636506744828997
s13T4222,0.021760025222845373,0.0,0.0,0.0,0.004813209401688505,0.0008861321551419045,0.002808669614510259,0.0725678196009203,0.024025922681170268,0.0,0.18572214632414472,0.008627360135879215,0.0,0.0,0.6787887148636995,0.0,0.0
s14T4222,0.14494037178020358,0.007428294181984323,0.0,0.0,0.018730519671967344,0.00286983811268107,0.0006750230795742335,0.09151774355217301,0.013622501732488839,0.0,0.13622772190262564,0.0014035902872580012,0.0,0.0,0.582584395699044,0.0,0.0
s15T4222,0.27856450516396614,0.0,0.0,0.0,0.0,0.0,0.0040693905791630075,0.0013676556759637751,0.04049352631175468,0.0,0.17818172900304088,0.0,0.0,0.011626931799860272,0.48569626146625117,0.0,0.0
s02M4322,0.9166790664951797,0.0,0.0,0.0,0.0,0.04698514975246527,0.0,0.0,0.0,0.0,0.03232445008063894,0.0,0.0,0.0040113336717162084,0.0,0.0,0.0
s03M4322,0.9267467011559954,0.0009788589418297507,0.0,0.0,0.0,0.024723388066184505,0.0009869981201088525,0.0,0.0,0.0,0.02969336413081404,9.830528552099354e-05,0.0005742034703646753,0.008394310604910353,0.007803870224271403,0.0,0.0
s04M4322,0.8211124077315942,0.0044686420125954265,0.00030461225606892464,0.00018771136633456592,0.008568210504833541,0.015411196799293637,0.003223942382767896,0.0,0.007401899092300786,0.0,0.03874420484676915,0.0,0.0,0.04559366944630522,0.054983503561136515,0.0,0.0
s05M4322,0.7338094413424449,0.0035817527550104783,0.0,0.0,0.01966998367058899,0.01580272733306948,0.0015332047828474091,0.0,0.0033028630771331203,0.0,0.043240142710278665,0.0003616027044466759,0.0,0.12389403585730285,0.05480424576687766,0.0,0.0
s06M4322,0.7681224006124928,0.0012541824760068845,0.0,0.0,0.0,0.011863264108272053,0.0005604085641936495,0.0,0.024739844155211514,0.0,0.06075483751040289,0.0,0.0,0.05332837544821778,0.07937668712520222,0.0,0.0
s07M4322,0.5769162719619054,0.0,0.047874215206068035,0.036489651706196634,0.05395061506959611,0.0,0.013216135900304894,0.01093564872215251,0.0,0.0,0.09000487769459842,0.0,0.0,0.0,0.16164251509872515,0.008970068640452817,0.0
s08M4322,0.0,0.010563056876842421,0.0,0.000912029384310332,0.0,0.0,0.0,0.0003834999604537859,0.0,0.0,0.0,0.8907991932209461,0.0,0.0013596299750469167,0.0,0.0,0.09598259058240037
s09M4322,0.0932005866556321,0.003693378798622988,0.003327220639977708,0.0758554076418959,0.0,0.0,0.0009024818016039938,0.02920109296743403,0.009423524115990943,0.0,0.047649874582887636,0.0074885172137280145,0.00040536122785654437,0.0,0.7161685108376187,0.004339671909275002,0.00834437160747638
s10M4322,0.12038496751036265,0.0059050353405999045,0.0,0.03197255925652848,0.0,0.0006342474139498615,0.002909748917317358,0.018072528128957994,0.039088913172677583,0.0,0.12682408510205295,0.003712986261148271,0.001365873233108593,0.01213084968553969,0.6183246573493607,0.018673548628395965,0.0
s11M4322,0.11053092174591919,0.001748633692343775,0.0,0.019874002564093118,0.0,0.0,0.0,0.014681010024670768,0.09638208254878843,0.0,0.09696703139884436,0.005207312532250733,0.0004951196789341505,0.003824204982392027,0.6434968257886323,0.0024953698960154614,0.004297485147115791
s12M4322,0.24998780062386552,0.012508499463966852,0.0,0.0,0.0014207877695066038,0.0011529349215704358,0.0,0.033136415097136176,0.11124604646629581,0.0,0.07698098135008713,7.824242808726345e-06,0.0,0.0,0.5129168507274339,0.0006418593373289673,0.0
s13M4322,0.12174949889507872,0.0038654607364460828,0.0,0.0,0.008183004666816448,0.0014246912736047218,0.00059295973056817,0.05306038470188381,0.05171280874191254,0.0,0.11387008629563518,0.000650626611504794,0.0,0.011011373865472317,0.6199218582505241,0.013957246230553052,0.0
s14M4322,0.1234229851824733,0.011251980334243246,0.0,0.0,0.022877662908293902,0.008333013759052247,0.001772686925237622,0.07598513034350032,0.17488256095472707,0.0,0.02668678139198546,0.0005614866868485045,0.0,0.03354360545146099,0.5138206173470453,0.006861488715131826,0.0
s15M4322,0.3886735056130831,0.00413263882441277,0.0,0.004135665968981347,0.0009758530019389988,0.0014666544557275167,0.0020547077730295126,0.012353813431956445,0.07587689632940389,0.0,0.08152135509636883,0.0003308956825286003,0.0,0.05592550506262735,0.3725525087599417,0.0,0.0
s01X4322,0.8510636044326352,0.0,0.055831841883293376,0.0629616705455987,0.0,0.0,0.007274518941432584,0.0,0.0006700375604690323,0.0,0.0035783751035653945,0.0,0.0,0.009789538958636202,0.008830412574369475,0.0,0.0
s02T4322,0.40231634350686113,0.005309678454778696,0.39050291490936884,0.007494685755827165,0.0,0.0,0.03152603360982042,0.0,0.007301827619547627,0.0,0.004260438091437019,0.0,0.0,0.09457953807197729,0.05670853998038187,0.0,0.0
s03T4322,0.458679778329192,0.011454659398697666,0.3367473625858757,3.285328647365394e-05,0.014376342789067471,0.0,0.02716021617493193,0.0,0.010297098751987973,0.0,0.004854791878340261,0.0,0.0,0.08834542438144175,0.048051472423991715,0.0,0.0
s04T4322,0.0,0.013805312596456235,0.8188159103810293,0.0,0.0,0.0,0.04247465790225692,0.0,0.009462408813653468,0.0,0.0,0.0,0.0,0.05722096885822993,0.05822074144837416,0.0,0.0
s05T4322,0.0,0.0,0.716950556155233,0.0,0.0,0.0,0.060250086772091156,0.0,0.004755277283564234,0.0,0.001560641374919626,0.0,0.0,0.07557069327134738,0.14091274514284466,0.0,0.0
s06T4322,0.0,0.0032269590479848814,0.7957435156847917,0.0,0.0,0.0,0.03705247025159594,0.0,0.012972979389966575,0.0,0.0004522924114510348,0.0,0.0,0.05966700127816735,0.09088478193604248,0.0,0.0
s07T4322,0.006685524940322397,0.0,0.9364032369286289,0.0,0.0,0.0,0.04337965685897233,0.0,0.00400467453792983,0.0,0.0,0.0,0.0,0.0,0.009526906734146386,0.0,0.0
s08T4322,0.0,0.03743452902431652,0.0,0.0,0.0,0.0,0.0,0.0,0.0,0.0,0.0005741252027255386,0.8283608457440184,0.0,0.0,0.0,0.0,0.1336305000289397
s09T4322,0.10272020535185838,0.012727087446490754,0.0,0.03787914759166536,0.04894721940969923,0.004646218701837786,0.004212947445546005,0.1889035949811625,0.011200058934226906,0.0017929535268513875,0.13085901508453573,0.016514633165594608,0.0,0.0,0.3958263012326374,0.004674935043829884,0.03909568208406408
s10T4322,0.040987890436795564,0.0,0.0,0.015805353952330993,0.013011565299624562,0.0016808234289551669,0.0006471679383101406,0.08034947888046634,0.002318156096631774,0.0,0.2057424938502384,0.004508756873713613,0.0,0.0,0.6231090435464747,0.011839269696458835,0.0
s11T4322,0.017545145254103004,0.004080032809163746,0.0,0.0346929111571738,0.054538934704596684,0.006412460146600862,0.003329428491842744,0.17891933820079023,0.0058215676795270845,0.02891856510245798,0.15881303238501832,0.050385907757002836,0.0,0.0,0.3696846329833071,0.0,0.08685804332841557
s12T4322,0.17461270752772595,0.004691291106836779,0.0,0.0,0.0322737508906616,0.0,0.000941219686133488,0.12545572760181892,0.1773122980051597,0.0,0.17784192005900035,0.004573209562938067,0.0,0.0,0.2970454841168381,0.0,0.00525239144288715
s13T4322,0.07245324552538751,0.0,0.0,0.00045179444591397295,0.03654120991516962,0.00036056327860743394,0.0008028007808892024,0.09723843691873264,0.055655328164907036,0.0,0.21854799431868005,0.0021262134577661974,0.0,0.0,0.4969996919566788,0.0188227212372674,0.0
s14T4322,0.3533141645594378,0.001693505184648989,0.0,0.0,0.03567080732002583,0.0,0.0020036983755628156,0.05811213933749728,0.10127621287974362,0.0,0.10437018124397067,0.00030963176761193874,0.0,0.0,0.3323428293311968,0.010906830000304304,0.0
s15T4322,0.022786450473322718,0.0,0.8682192843708347,0.0,0.0,0.0,0.035464335798201005,0.0,0.003897354375266793,0.0,0.007794337063032457,0.0,0.0,0.0,0.06183823791934224,0.0,0.0
s02M4422,0.07951729297535341,0.019560028137882924,0.5657722018060853,0.0,0.008629587529125906,0.003573194674926841,0.03088845256391747,0.0,0.03677211968123469,0.0,0.006447404116524062,0.0,0.0,0.12548870743747326,0.12335101107747624,0.0,0.0
s03M4422,0.09319922007725652,0.004334757159615677,0.7058643374974629,0.0,0.0,0.0,0.032933807256396434,0.0,0.015216718557925897,0.0,0.00463404156640467,0.0,0.0,0.05426855729363506,0.0895485605913029,0.0,0.0
s04M4422,0.026527751801708698,0.036172402552575464,0.5129260715303166,0.0,0.050700685750617785,0.0014951473581263153,0.030934593618436302,0.0,0.015358473853109424,0.0,0.009079493871986725,0.0,0.0,0.18405622504198124,0.13274915462114167,0.0,0.0
s05M4422,0.0676953903594263,0.02476803424328835,0.47461965000112366,0.0,0.03346562024298311,1.602921743171085e-05,0.026272930478177272,0.0,0.028389043822270532,0.0,0.012627058464478738,0.0,0.0,0.16808687267272737,0.16405937049809294,0.0,0.0
s07M4422,0.028183410283904427,0.0,0.8693064337060195,0.0,0.0,0.0,0.04394575980188007,0.0,0.01107149194197873,0.0,0.001471171932742606,0.0,0.0,0.0,0.04602173233347476,0.0,0.0
s08M4422,0.0,0.0,0.0,0.0,0.0,0.0,0.0,0.0,0.0,0.0,0.0,0.9283796063887362,0.0,0.0001282300942376139,0.0,0.0,0.0714921635170261
s09M4422,0.0,0.0,0.0,0.02555938330371082,0.0,0.0,0.0,0.16048489888628475,0.0,0.01679988747963998,0.11784689823298464,0.06986694311628468,0.0,0.0,0.5736212592111805,0.0,0.03582072976991461
s10M4422,0.05575007641634903,0.0,0.04621730417186433,0.003292268793831332,0.031193112661046,0.0010449699117499652,0.004583414988081302,0.14830034368583905,0.06911054375332065,0.0,0.18085583951648532,0.0,0.0,0.0014425205219065797,0.4582096055795264,0.0,0.0
s11M4422,0.0,0.0,0.0017900880350207016,0.0,0.03471504695377063,0.0020905040184379313,0.0027072919985067956,0.1977093974571892,0.07183067735362313,0.0,0.2957526613284394,0.019894159800640552,0.0,0.0,0.3735101730543716,0.0,0.0
s12M4422,0.07897429663741735,0.0,0.017125457438073935,0.0,0.013300418383664832,0.0,0.002350233684003049,0.12492079010697107,0.11783097189305707,0.0,0.2272721107739586,0.0043004354096653815,0.0,0.0,0.40468216634231424,0.009243119330874397,0.0
s13M4422,0.032218656052782714,0.0,0.05598477318558087,0.0004305127440199632,0.0,0.0,0.002694518770218463,0.0550278676177808,0.051731784940446855,0.0,0.23141418338424075,0.0006965595381897146,0.0,0.0,0.5608644698394293,0.00893667392731051,0.0
s14M4422,0.16469599272368923,0.0,0.1769535720647664,0.0,0.0,0.0,0.009346127596885117,0.014949412951085313,0.05026949466484429,0.0,0.08939726039934585,0.0,0.0,0.050986036249271637,0.43601143248135105,0.007390670868761052,0.0
s15M4422,0.005169812001579252,0.0,0.789213841740079,0.0,0.0,0.0,0.030658092723849242,0.0,0.010006325297901401,0.0,0.011207957233477846,0.0,0.0,0.01214661624899109,0.14159735475412202,0.0,0.0
s01X4422,0.9546810065803941,0.00023421480850004873,0.0028767505861547796,0.0,0.0,0.021138258040340807,0.0011339764030094779,0.0,0.0009562926211840081,0.0,0.013604546789471449,0.0,0.0018042410723167705,0.0,0.0022449768156219676,0.0013257362830065818,0.0
s02T4422,0.6377602442663274,0.005471816535727827,0.17368253053410018,0.0,0.0,0.0008348348353013622,0.006251155555970513,0.0,0.013361340719116335,0.0,0.013155385350087392,0.0,0.0,0.07629422175434485,0.07318847044902409,0.0,0.0
s03T4422,0.673129174059685,0.007493258171239791,0.17893990933918666,0.0,0.0,0.0,0.0078100538726228325,0.0,0.009289224191938998,0.0,0.017276064538075883,0.0,0.0,0.0369013678216156,0.06916094800563513,0.0,0.0
s04T4422,0.525899181098197,0.011615165208046504,0.16260735188870323,0.0,0.01131933262566522,0.0014153028214725157,0.01025132704053863,0.0,0.019331286394059094,0.0,0.017883871097766978,0.0,0.0,0.12510034849209747,0.11457683333345324,0.0,0.0
s05T4422,0.518265095042622,0.015586902915139504,0.06108630641163044,0.0,0.028480668298652777,0.006532769487576539,0.003645947883863869,0.0,0.0239149880301315,0.0,0.01895432426442492,0.0,0.0,0.24220227603865194,0.08133072162730658,0.0,0.0
s06T4422,0.5754661948897726,0.018947507827290773,0.03468816749805028,0.0,0.020176893743160534,0.01378111295024538,0.0015227217004394867,0.0,0.0703820028690674,0.0,0.03811337908114607,0.0,0.0,0.12896077389845712,0.09796124554237044,0.0,0.0
s07T4422,0.2817686840832574,0.01440025029514553,0.4264308582123671,0.006649112876447528,0.040997660703810404,0.003611268177235734,0.01570568910892908,0.0,0.012475260789013324,0.0,0.023430385115624383,0.0,0.0,0.06976111099698136,0.10476971964118817,0.0,0.0
s08T4422,0.0,0.9291154266946555,0.0,0.0,0.0006231433531932,0.0,8.034313657863203e-05,0.0,0.00016295984808070322,0.0,0.00024023785281371559,0.06563813371649951,0.0,0.0,0.0,0.0,0.004139755398178716
s09T4422,0.005259050203175777,0.04286323376428744,0.0,0.1148455733576439,0.016865826250798716,0.0017885848995322442,0.0011346365308128488,0.1318178127877943,0.0,0.03460498127988378,0.04056356516251212,0.04090635640001438,0.0,0.0,0.4346698739142812,0.0,0.13468050544926335
s10T4422,0.10875901048912348,0.0,0.008467310436765931,0.053869423627496235,0.041683812137043634,0.0016289305152507208,0.002150987166215674,0.11299234793000339,0.025146417647103257,0.0,0.10748337934583094,0.003136649209575847,1.8318472776020064e-05,0.014284904043785976,0.5174746083813921,0.002903900597636776,0.0
s11T4422,0.05724503034360487,0.003271977045901768,0.003993490414441546,0.07558706548498803,0.0636944433528642,0.0032690225588189303,0.0025060702016899404,0.1494889774211646,0.0148773315036061,0.01025771556557277,0.11305798728337008,0.007660209282326032,0.0,0.0025952335995391112,0.4772003148778492,0.0,0.015295131064262779
s12T4422,0.15488361667245387,0.011438351334320735,0.005882955237773761,0.009416350971977006,0.03734938882510698,0.0,0.00109870488580317,0.09756743056601345,0.05812591884809728,0.0,0.09399168843634204,0.0017352695735416976,0.00018008661802135678,0.0015449092538218755,0.5222651792116613,0.004520149565065623,0.0
s13T4422,0.2191415362416763,0.0041093434710718435,0.005221021163577143,0.022158786239253485,0.01174678108888454,0.0,0.0006921245604437389,0.05623387208825752,0.0644573080579776,0.0,0.09028206139597988,0.001482624254825363,0.00014086489506096335,0.0006769211636310627,0.5209740049198723,0.0026827504594879492,0.0
s14T4422,0.2524468536782731,0.003481165501195232,0.014775304214459516,0.0,0.00489190071009444,0.0,0.0005115260294438424,0.032529231218876166,0.04878709034713626,0.0,0.09662436995460863,0.0003901030130030306,0.0,0.0144805090542539,0.5310819462786559,0.0,0.0
s15T4422,0.43923262205483427,0.001521612676989345,0.30968846362738706,0.002412165260028165,0.0,0.0,0.013196786412051777,0.0,0.03542980391641619,0.0,0.034864827802053626,0.0,0.0,0.036042859535074995,0.12761085871516448,0.0,0.0
s02M4522,0.7011051382717673,0.0011842922682921391,0.07843574024719215,0.0,0.012600115428991893,0.010268743315251246,0.005581579038902635,0.0,0.002571534124907557,0.0,0.00938481617321481,0.0,0.0,0.14390904154995038,0.03495899958152977,0.0,0.0
s03M4522,0.7854157580568895,0.0016981307365568415,0.019541203238935264,0.0,0.0020088176855270552,0.01823448135707007,0.0012465429486508673,0.0,0.010356841956248995,0.0,0.01581309679272406,0.0,0.0,0.12183733974732588,0.02384778748007159,0.0,0.0
s04M4522,0.38797635979224865,0.021173292977665785,0.18017705028175152,0.0,0.08637342025790623,0.0,0.0017811851920681674,0.0,0.006452412563681849,0.0,0.015117539278403336,0.0,0.0,0.17561598336733458,0.12533275628893983,0.0,0.0
s05M4522,0.33613873337266004,0.014452011114494632,0.2931854064336925,0.0015797854502798163,0.021701202095786753,0.0023786850703598345,0.007098420148139843,0.0,0.009881635835335073,0.0,0.00993597544517978,0.0,0.0,0.1895732777019613,0.11407486733211036,0.0,0.0
s06M4522,0.2508414095919897,0.015010481295888292,0.33264972715071733,0.0030374641922975686,0.06635460255400757,0.0,0.009155509585590365,0.0,0.004825176457882719,0.0,0.006566652844295365,0.0,0.0,0.17785442234345247,0.13370455398387845,0.0,0.0
s07M4522,0.5443258370866594,0.002949437915444849,0.31507848023542506,0.0,0.0,0.0,0.0048189161997234655,0.0,0.01437323638899191,0.0,0.025701761334640815,0.0,0.0,0.01722167272943544,0.0755306581096791,0.0,0.0
s08M4522,0.0,0.9495454726646329,0.0,0.0,0.0021143584958539813,0.0,0.0,0.0,7.606459952498694e-05,0.0,0.0,0.04826410423998814,0.0,0.0,0.0,0.0,0.0
s09M4522,0.2960158351212199,0.0024323811271314655,0.012928256393799787,0.008853028775614964,0.028984033561609036,0.0,0.003200821919073946,0.06775579866320805,0.03233773982481206,0.0,0.12575042358325816,0.0006734148513146252,0.0,0.03322937952165858,0.38783888665729943,0.0,0.0
s10M4522,0.26221797864384816,0.014887904347322036,0.013522933667273102,0.0034395963012724914,0.0,0.002772047148908092,0.0009206466759605147,0.020087648985168675,0.07195233561552802,0.0,0.09310544416925558,0.0007391775577758415,0.0,0.050887336581527255,0.46546695030616025,0.0,0.0
s11M4522,0.22858816479424623,0.0434856089822487,0.00010378248055227433,0.006335254465736939,0.0246897514197228,0.0009455087979041753,0.0013608578146888167,0.06310286121632916,0.06847821141280076,0.0217254358802732,0.13425331580233338,0.0027856943480467256,0.0,0.02046288774712327,0.3772566253286559,0.0,0.006426039509337464
s12M4522,0.27564058799076835,0.1397752920643225,0.0,0.0008949780959258955,0.04630323680984669,0.006387913998008893,0.0012967848771694157,0.07623944848971696,0.10091429239034551,0.0,0.07609277128958944,0.0007767886203930807,0.00562215975938801,0.06818666552213339,0.20186908009239177,0.0,0.0
s13M4522,0.3239177601689393,0.04032173722611956,0.0,0.0,0.032329940698165624,0.004137616714945241,0.0019310225632632088,0.06353729424777377,0.0906229457880224,0.0,0.06379650388814474,0.0005512871362778474,0.0,0.07860722997011596,0.3002466615982323,0.0,0.0
s14M4522,0.3572298340911857,0.014781332442905427,0.0,0.0,0.026187793010839462,0.007767343197336753,0.0026654807141227956,0.04391795891673947,0.07874267158932802,0.0,0.038890158910875744,0.0005907588979818831,0.0,0.24413445600637448,0.18509221222231034,0.0,0.0
s15M4522,0.16841170818219264,0.0,0.5841387432949822,0.0,0.0,0.0,0.00764504629176648,0.0,0.006649407466844035,0.0,0.011665480685197942,3.600868140070391e-05,0.0,0.09787949463562332,0.12357411076199266,0.0,0.0
s01X4522,0.1956544435950867,0.0014372672430343924,0.7054719388075292,0.0,0.0,0.0,0.010329851841951032,0.0,0.00486898269642361,0.0,0.002621716289322581,0.0,0.01307871364911196,0.024450428549110673,0.040625114098383264,0.0,0.0014615432300464453
s02T4522,0.35139622093240813,0.013762726659699218,0.33713431648681186,0.0034495206081106866,0.05463133193723654,0.01574220566150371,0.00763016304119582,0.0,0.004009324895821531,0.0,0.011447062616917183,0.0,0.0,0.14210333277321666,0.05869379438707864,0.0,0.0
s03T4522,0.20875985302491545,0.03291797408696185,0.13344890130861362,0.0,0.1736023591889229,0.034810141421853874,0.0018197312949549023,0.0,0.0028266829148411994,0.0,0.028160799796723205,0.0,0.0,0.25760917727485483,0.12604437968735802,0.0,0.0
s04T4522,0.3154483924244184,0.017990081879563986,0.2749389236551437,0.0,0.061312532485048005,0.02775133431334506,0.01108041785790949,0.0,0.0023505276585373317,0.0,0.014176021903485062,0.0,0.0,0.17770015705217004,0.09725161077037893,0.0,0.0
s05T4522,0.2562659825595901,0.025600901237567596,0.21193268006325827,0.0,0.09439537012579838,0.033678501044183747,0.0051432549898454815,0.0,0.0,0.0,0.01974990146007985,0.0,0.0,0.21395495652348953,0.13927845199618719,0.0,0.0
s06T4522,0.18293282301594707,0.036973334779657537,0.12440951562408929,0.0,0.0884304067933972,0.019268299439538696,0.0017067026376183967,0.0,0.0,0.0,0.021433943812676798,0.0,0.0,0.31794962867748994,0.20689534521958503,0.0,0.0
s07T4522,0.2008810566261599,0.0015711211390233805,0.6656624878564319,0.0,0.0,0.0,0.00840548273130823,0.0,0.01626313010575181,0.0,0.009940046508577289,0.0,0.0,0.048512505573871226,0.048669132792036204,0.0,9.503666683991475e-05
s08T4522,0.0,0.9361040144504874,0.0,0.0,0.0039616388929598545,0.0,0.0,0.0,0.0,0.0,0.00011884419925815586,0.047869669534127905,0.0,0.0,0.0,0.0,0.011945832923166614
s09T4522,0.0,0.0251007728298943,0.00815360917761796,0.0,0.0,0.0009593486837961682,0.0,0.22155036040950482,0.0,0.0,0.13548764017948284,0.007610112788019647,0.0,0.0,0.5286336361574101,0.0,0.07250451977427416
s10T4522,0.25387929549896443,0.015661856521425196,0.018350661892384483,0.0,0.003347260236142505,0.0028202699612127507,0.0015131840908521404,0.026697214677860574,0.11234841451120922,0.0,0.0789729083341016,0.0001852767617603928,0.00030400707537335027,0.03694276207186401,0.4489768883668495,0.0,0.0
s11T4522,0.15196272956308976,0.024544839209286465,0.0037542850883030684,0.0,0.009100878465191331,0.0008399376963717227,0.00041673671714533396,0.046460127661830115,0.0935587132933276,0.0,0.14166058203205092,0.000896141208702558,0.0,0.016765915393244683,0.5100391136714565,0.0,0.0
s12T4522,0.27165858214574873,0.03491607018367983,0.0,0.0,0.023389111288159837,0.0068752525687384245,0.0005016995850866694,0.053198867845452594,0.15296113850275966,0.0,0.12754358112896053,0.0001240874742919796,0.0,0.032236908964311826,0.29659470031281004,0.0,0.0
s13T4522,0.3409083299903423,0.01420958632426685,0.0,0.0,0.025092806822861396,0.0035684891997091904,0.0017015805287394967,0.0436382514077716,0.1168541634553078,0.0,0.05763085581889803,0.00010443402018152694,0.0,0.10413990189271649,0.29215160053920536,0.0,0.0
s14T4522,0.29391772892827656,0.01012261127660591,0.014165997942590644,0.0,0.021354789410508775,0.002801223019185715,0.0010752148728707222,0.040265055280699985,0.13233132195403427,0.0,0.06769114203990441,0.0,0.0,0.04788475463513004,0.36839016064019287,0.0,0.0
s15T4522,0.25030674976165773,0.0118172973447076,0.26615439774627286,0.0,0.0,0.00028770712362786093,0.002023732706512325,0.0,0.09497173593310525,0.0,0.03728199923239597,0.0,0.0,0.07327503489981112,0.2638813452519093,0.0,0.0
s02M4622,0.81460110243849,0.0013347913912590437,0.013929229494707623,0.0,0.005542763502856117,0.0037915516849416618,0.0005718826242951848,0.0,0.0,0.001646073909064501,0.01445615145443482,0.0,0.0033880755910144604,0.12429548929780766,0.015064328853521994,0.0,0.0013785597576070055
s03M4622,0.7433234864079434,0.0,0.019393965259819342,0.0,0.03291176113504169,0.010825192024456946,0.0,0.0,0.0,0.002550005361275847,0.01180225257305587,0.0,0.004845879370197261,0.1609076780259889,0.01343977984222075,0.0,0.0
s04M4622,0.6718224049354522,0.0,0.032349210089096817,0.0013054348295745153,0.08538523601376301,0.013808076549868792,0.00017844856361117674,0.0,0.0,0.0008549022780682388,0.015388451478861288,0.0,0.014465818206213418,0.14190349025866067,0.02212472387189697,0.00041380292493293125,0.0
s05M4622,0.6545230193126205,0.0,0.03716973868663968,9.40147756877034e-05,0.1482072433649034,0.005844801575074361,0.0,0.0,0.0,0.004458109564555973,0.016271626218365826,0.0,0.01228902664727203,0.10578629183239517,0.002500950770488594,0.012855177251996757,0.0
s06M4622,0.5069805285646676,0.0,0.06865127580428593,0.0029435889431584567,0.1985760998365496,0.0015786500070478014,0.0014599918356916514,0.0,0.0,0.0009394525695376611,0.017451228012377598,0.0,0.07240157754411856,0.1005535470329511,0.02237444151521232,0.006089618334401665,0.0
s07M4622,0.7510569386786385,0.0,0.08959645886823663,0.006590423742233448,0.05618334437140688,0.0007422478306215933,0.0027193165517621688,0.0,0.0,0.0,0.009915811270080704,0.0,0.001414651133025479,0.047744437079969636,0.019292093927571693,0.014744276546453128,0.0
s08M4622,0.0,0.9249364159177401,0.0,0.0,0.0,0.0,0.0001633370181026547,0.0,0.0,0.0018348326868691703,0.000565014451972781,0.01676519535065956,0.0,0.0,0.015627162107572406,0.0,0.040108042467083514
s09M4622,0.0,0.021886154488372226,0.017633986199408487,0.0,0.0,0.0,0.0,0.012034701598901871,0.0,0.0,0.04158280347845573,0.0009128521708141175,0.0007337687802266745,0.0013968745825663944,0.8730653911212457,0.0,0.03075346758000888
s10M4622,0.10777443161274035,0.025663159167163038,0.005939841253198801,0.0,0.027346106188716003,0.0,0.0007394229394417271,0.05154204156156238,0.08842626200198662,0.0017186531882379297,0.16915582546450206,0.00040641603459035575,7.973284855433304e-05,0.012988164127814615,0.5078535853126448,0.0,0.00036635829884696237
s11M4622,0.11077647286031797,0.024586999583035254,0.011132662709573346,0.0,0.0,0.0,0.0,0.012846058963752566,0.11286983726135938,0.0,0.11245992775396298,0.0,0.0011786740383532763,0.023746960476504996,0.59021442973705,0.0,0.00018797661609024516
s13M4622,0.16242462381994416,0.018789275755885283,0.0,0.0,0.01750276185661567,0.0,0.0004870267483363956,0.03841464894190311,0.12815230451432283,0.0,0.10460381487583881,0.00020865552166139382,0.0,0.017746251391177848,0.5116706365743144,0.0,0.0
s14M4622,0.18048088744538632,0.03219503278948529,0.0,0.0,0.01913496083932183,0.0036140531722570718,0.0,0.03724728114863113,0.16721706840094167,0.0,0.06498876203673788,0.0,0.0,0.06001301155851569,0.43454922209501434,0.0,0.0005597205137086434
s15M4622,0.3706905458285077,0.010951128164417631,0.02647425440459837,0.0,0.0,0.009630342968731366,0.0,0.0028535756012966463,0.14024521631018866,0.0,0.047765758697123385,0.0,0.0,0.08206738678475349,0.3093217912403828,0.0,0.0
s01X4622,0.8478003375298362,0.0,0.01670588467615414,0.0023313328227865197,0.014320987225530588,0.009562910311659484,9.255894251910437e-05,0.0,0.0,0.0,0.040290936892794574,0.0,0.012133622654293387,0.031189896912862877,0.0,0.025571532031563135,0.0
s02T4622,0.3197300457945842,0.0,0.04776040646907023,0.006665998666025174,0.4646266675582183,0.0,0.0,0.0,0.0,0.004723055093738294,0.0022006081900357386,0.0,0.037510989966007116,0.04899488823089958,0.0,0.06690676981080845,0.0008805702206129948
s03T4622,0.06327457524985312,0.0,0.06779967197616574,0.007769784027108126,0.6653308843216434,0.0,0.0006000078807004564,0.0,0.0,0.004313510454380988,0.0,0.0,0.04368625039921175,0.07191414312830202,0.0,0.07531117256263442,0.0
s04T4622,0.22050292843604075,0.0,0.03920036305954737,0.014444040135248797,0.5097005693080625,0.0,8.105842857299116e-05,0.0,0.0,0.004064148944952667,0.019843404167774057,0.0,0.04428220176427897,0.0884560900558984,0.0,0.059425195699623595,0.0
s05T4622,0.41497032173441917,0.0,0.027737551809524162,0.005739881139599233,0.3138690184480409,0.0,0.004024313216930669,0.0,0.0,0.00454062280769461,0.03559372510687,0.0,0.054150675045443124,0.08428255716126803,0.0,0.05509133353021013,0.0
s06T4622,0.5545845518536685,0.0,0.030242742886516825,0.006600686211598898,0.2585996164173211,0.0,0.004691596172421146,0.0,0.0,0.0012855912043219782,0.02258349960094718,0.0,0.02813369738007929,0.0471535750669173,0.0,0.046124443206207864,0.0
s07T4622,0.4762809106439247,0.0,0.029028307285513873,0.0,0.31529253505991406,0.0,0.0,0.0,0.0,0.01418417755407293,0.00221777442111597,0.0,0.02785002691288475,0.07624329170175342,0.0,0.058902976420820284,0.0
s08T4622,0.0,0.8689023146779465,0.0,0.002650006277041296,0.0,0.0,0.0,0.002455153825376422,0.0,0.003437608446240333,0.00022741051558827045,0.03040093660557652,0.0,0.0,0.0,0.0,0.09192656965223062
s09T4622,0.2454384923210059,0.1472426592522755,0.013323410191564125,0.007677154108298073,0.025654761540473796,0.0,0.0,0.003158144275661092,0.005143377865799343,0.006810844194094864,0.11880706482760575,0.012078703010968537,0.013871266604266082,0.03974570361067216,0.25703563892073117,0.0024406902543615923,0.10157208902222196
s10T4622,0.3869214210732889,0.011944801906528506,0.01292544012457911,0.0,0.0065491452029980265,0.0,0.0,0.0,0.013489728050542583,0.0,0.1731475563976959,0.0,0.002248226471598875,0.018332258688598873,0.36915666835705047,0.0052847537271187555,0.0
s11T4622,0.4430264558478294,0.01163666052791058,0.006913613737689975,0.0,0.0,0.0,0.0,0.0,0.0709924651712771,0.0,0.11694782678861412,0.0,0.001030905003221711,0.030126168706394018,0.31932590421706325,0.0,0.0
s12T4622,0.4112910222901961,0.012432345907524919,0.0046662163862552794,0.0,0.003623665347338856,0.0,0.0,0.011976706988139697,0.04703362178151436,0.0,0.12729415293833637,0.0,0.0013011515489336897,0.02139173073509344,0.35742186422625427,0.0015675218504130714,0.0
s13T4622,0.32753032332517545,0.012533290154649742,0.0065329180351712535,0.0,0.02035246778562447,0.002878232036997903,0.00040298799790406076,0.02111033882859098,0.05331529867243002,0.0,0.1415021249241555,0.0,0.0022884106472322537,0.04781885275388007,0.36373475483818835,0.0,0.0
s14T4622,0.2751743648678742,0.012697800412530115,0.0005927671352253309,0.0,0.0009560210643640358,0.0,0.0,0.012413701888341414,0.10366023092274629,0.0,0.10163116593477795,0.0,0.00039478734119785064,0.023515100973572806,0.46800965075194856,0.0009544087074213887,0.0
s15T4622,0.611843000510632,0.014077287233006271,0.004818508692253618,0.000500369029838027,0.018587584516916198,0.013373818446305093,0.0006406015321891689,0.011872248554109247,0.0509709021423939,0.0,0.09761584967875685,0.0,0.018117995070654796,0.04489279658065825,0.09948052950338403,0.013208508508902502,0.0
s02M4722,0.302889902926114,0.02153584149630474,0.10132760766700093,0.0013365080948162503,0.1034235479011569,0.012351006153470904,0.0,0.0,0.031928002934735,0.0,0.02709267492945866,0.0,0.021360287250298073,0.2941466634602651,0.08260795718637952,0.0,0.0
s03M4722,0.349071279318036,0.013098044892781002,0.12247976233984906,0.0,0.0793539508745237,0.004354158847429874,0.0,0.0,0.0294161707260155,0.0,0.02573359395826989,0.0,0.0,0.27056171122321415,0.10593132781988095,0.0,0.0
s04M4722,0.0,0.048077218240696794,0.3018845999109508,0.0,0.06767037601854828,0.007006664037377999,0.0,0.0,0.025342953829833797,0.0,0.009203905655867407,0.0,0.0,0.40950436879230395,0.1313099135144211,0.0,0.0
s05M4722,0.0,0.022750076827065688,0.4930594381709408,0.0,0.01363255847841843,0.0,0.0,0.0,0.009194977930936165,0.0,0.002672724506444116,0.0,0.0,0.3402821617684723,0.11840806231772255,0.0,0.0
s06M4722,0.00353876872669592,0.048814110946948604,0.3052759869500947,0.005932093588300204,0.1312654790917027,0.005515830340077888,0.00012524769916341324,0.0,0.010305157520997074,0.0,0.010206614237171934,0.0,0.0,0.35888181538985237,0.12013889550899517,0.0,0.0
s07M4722,0.25730169034202954,0.015662752698249703,0.10787703097134815,0.0003897517820855835,0.08330725312968938,0.01378000533210144,0.0,0.0,0.028552691041063755,0.0,0.012860757964421538,0.0,0.0,0.3961586110216233,0.08410945571738755,0.0,0.0
s08M4722,0.0,0.40605316384846624,0.0,0.0,0.0,0.0,0.0,0.0,0.0,0.0,0.0016133698438052595,0.09546317635391387,0.0,0.0,0.0,0.0,0.49687028995381455
s09M4722,0.03836381174121554,0.28604129299900455,0.0,0.01058806390427113,0.04124081841081097,0.009472289135270928,0.0,0.04003979382568024,0.0033061332082383876,0.036119858021769036,0.16056392829766145,0.028930150192780533,0.0016028191590363528,0.00508733675577999,0.0,0.0,0.3386437043484808
s10M4722,0.260742789438987,0.021704647119116405,0.0451779762048419,0.0,0.05139238056539372,0.0,0.0,0.009048777834340565,0.0,0.004224184906821133,0.30030331457610215,0.001849955422534818,0.0046074169246590226,0.015219327648680902,0.26406536852080253,0.003524712331311212,0.01813914850640859
s11M4722,0.008270546983274382,0.09594635321175962,0.010664937420005037,0.007001059439985606,0.031157943628493445,0.0,0.0,0.03516740401340751,0.0,0.022001818492789264,0.07944530378891765,0.06380755575822247,0.0020827093229306487,0.004560743553920282,0.19740779979557874,0.0,0.4424858245907153
s12M4722,0.31711368014733593,0.24260483230518828,0.0,0.0,0.0,0.008352561387177064,0.0,0.0,0.03160174647028442,0.010559566569546472,0.24108296520869685,0.010293317492207691,0.0004914679748643736,0.03919898845259818,0.02553776567838253,0.0,0.07316310831371815
s13M4722,0.3879060202035905,0.11990228434488269,0.004889640202710766,0.0,0.0,0.029054902892092727,0.0,0.0,0.07414833826120477,0.012634124957481754,0.1816944497322108,0.0052862372910570336,0.005816921654178904,0.09059493750412446,0.04795918715599257,0.0,0.0401129558004732
s14M4722,0.5877839241588075,0.050941916634680146,0.012252635460480854,0.0,0.0,0.02716515493243315,0.0,0.0,0.07608918579910319,0.0,0.10610831786327553,0.0,0.003774519300822655,0.08995828384592228,0.04590279506604404,0.0,2.3266938430556052e-05
s15M4722,0.4544498822375214,0.011116313426674813,0.0834556725806078,0.001952382507421621,0.08950003296370874,0.011449794043187115,0.0,0.0006609331656915576,0.03409809086771548,0.0,0.03448076306487797,0.0,0.03340419764779355,0.19804926624436245,0.04613433093355213,0.0012483403168855262,0.0
s01X4722,0.7841062324976233,0.002238283886399334,0.038452919660864844,0.00020807111448641042,0.0015701416605872977,0.006546279695992084,0.0,9.995511619401823e-05,0.006293305583173516,0.0,0.020101124710745377,0.0,0.013430461074376338,0.10250179257612235,0.024451432423435063,0.0,0.0
s02T4722,0.8381389635568189,0.0,0.0,0.0,0.0,0.006198445033951646,0.0,0.0,0.0,0.0018021046957025692,0.008612843071976725,1.2942572861489903e-05,0.006870287815221024,0.13787594621341526,0.000488467040052494,0.0,0.0
s03T4722,0.8235868800080315,0.0,0.0034294099179513673,0.0,0.0,0.01063715314081728,0.0,0.0,0.0030632883966392617,0.005830436383021599,0.01236736131492298,0.0,0.00923893513591608,0.12451129949409197,0.007335236208608007,0.0,0.0
s04T4722,0.7702225658569487,0.001932755114040528,0.05661795285113972,0.0024978821316779323,0.008766195651053901,0.003078841778014793,0.0,0.0,0.013175968888754384,0.0,0.01172426917680921,0.0,0.006406895857648367,0.0948797552178087,0.022074749928495764,0.008622167547608094,0.0
s05T4722,0.7675252729182577,0.00010671922769926121,0.008028320561419238,0.00011755636911964591,0.0,0.017052468119328007,0.0,1.6165383709871424e-05,0.003486867240000228,0.0037704847140323725,0.009880336676243924,0.0001527653624761334,0.006470577134506285,0.17457224296620907,0.008820223326998437,0.0,0.0
s06T4722,0.8103753943502904,0.0,0.0,0.0,0.0,0.03663774234658752,0.0,0.0,0.01074496448574445,0.0,0.020013916607102184,0.0,0.0014753803075226383,0.12075260190275294,0.0,0.0,0.0
s07T4722,0.7784405928279153,0.002046295622012376,0.025735811739372266,0.002700937601280311,0.0,0.03178479080592621,0.0003032363768463985,0.0,0.004925533682488612,0.0,0.03068147751446312,0.0,0.006735494835478126,0.07077001763141974,0.021392428896539018,0.0244833824662583,0.0
s08T4722,0.0,0.27367756332992765,0.0,0.0,0.0,0.0,0.0,0.0,0.0,0.0,0.0025196613648203153,0.08681996187022778,0.0,0.0,0.0,0.0,0.6369828134350243
s09T4722,0.009773039558386272,0.04279452700739543,0.005959978561281906,0.01499369441051138,0.0694801414859428,0.0,0.0,0.04700641968774631,0.0,0.018472121481554804,0.035512097813473344,0.07424803307811899,0.003314479383722774,0.009926268476092124,0.08661356689605973,0.0,0.5819056321597141
s10T4722,0.3611980675727374,0.0569712324862299,0.0034133427616698624,0.0,0.029501789611848673,0.0,0.0,0.0038447940239873628,0.0041145748074119205,0.00914071697106259,0.37630953529657757,0.0062876317626396625,0.00320013202430134,0.01994342429074431,0.0688781854494006,0.0029683828497329137,0.05422819009165572
s11T4722,0.5292947891416168,0.0915706012178714,0.0,0.0,0.0,0.0038849030325616997,0.0,0.0,0.08667264968296387,0.0,0.20333613064006018,0.006592905583848118,0.00102663112467829,0.02815978356433187,0.00808819096907533,0.0,0.041373415042992634
s12T4722,0.4815598611227736,0.07927463154480244,0.0,0.0,0.0,0.013870267731939683,0.0,0.0003755708045460535,0.14200903749689628,0.0,0.1888672411013329,0.0018524690729820963,0.0016952293687293976,0.05096222875089161,0.03028434983495493,0.002751040792877259,0.006498072377273737
s13T4722,0.5080194659250908,0.10480096513370038,0.0,0.0,0.0,0.020954154897477956,0.0,0.000459424720392462,0.13186665669623104,0.0,0.13944772740900216,0.0005865004396141261,0.0,0.09081742239060846,0.0030476823878824357,0.0,0.0
s14T4722,0.7331107819917994,0.008201032586753294,0.0,0.0,0.00292861994664631,0.021644760947479313,0.0,0.0008087777454404713,0.06267852721738947,0.0,0.09217323570488063,0.0,0.010523895093964506,0.030204438823728134,0.019395210313118298,0.018330719628800105,0.0
s15T4722,0.5386560190431551,0.04027046318179674,0.0,0.0,0.0,0.011929009722364919,0.0,0.0,0.17584576315292771,0.0,0.14475867266147788,0.0,0.0023318298242330825,0.05749021229037893,0.028718030123665757,0.0,0.0
s02M4822,0.6795869916401597,0.0,0.0057758202375043565,0.00016155838243695498,0.0,0.0059480232735133745,0.00017840719655626841,0.0,0.0,0.002811054726522652,0.0044887450846034,8.304931903698798e-06,0.004475868781833266,0.2965652257449663,0.0,0.0,0.0
s03M4822,0.6797869806985326,0.0,0.017620050739951716,0.0036189813423207363,0.0,0.007660753225553994,0.0008773934186159337,0.0003957674066859379,0.0,0.0007318482424161607,0.004398672981923957,0.0,0.0,0.2685327005021143,0.005048756474031013,0.0,0.011328094967853725
s04M4822,0.7058117483835635,0.0,0.003798877177050015,0.0,0.008952857122245644,0.02652057305517155,0.0,0.0,0.0,0.0009499487055530722,0.016995415090071016,0.0,0.0006147273966977954,0.23150209341630418,0.0048537596533433135,0.0,0.0
s05M4822,0.6270001642317324,0.0,0.013943142117106566,0.0,0.03725203371173488,0.016698747086900362,0.0,0.0,0.0,0.002309395287530857,0.01291288590904322,3.473045761890921e-05,0.004388875945998558,0.27423116554391147,0.011228859708422797,0.0,0.0
s06M4822,0.46256275941834185,0.0,0.06864366464230637,0.0015195561525771877,0.24159902553153603,0.0004886368114822266,0.0,0.0,0.0059826054941415395,0.0014525336520033608,0.025644367889160646,0.0,0.016096760773487345,0.13609566381053081,0.0013747798170321967,0.038539646007400424,0.0
s07M4822,0.6900990431803102,0.007815428650477175,0.0,0.0,0.010521845624305826,0.012602827578705941,0.0,0.0,0.011145219755318648,0.0018424944039307886,0.05088182162271297,0.0,0.0035129692560210437,0.18432078471146607,0.027257565216751316,0.0,0.0
s08M4822,0.0,0.006018733930466179,0.0,0.0,0.0,0.0,0.0,0.0,0.0,0.0,0.0030931468949387973,0.07292097020445798,0.0,0.0,0.0,0.0,0.9179671489701371
s09M4822,0.19299144722565062,0.03358106055529237,0.008688173361287733,0.0,0.005405301593040199,0.02075393359821063,0.0012895447582345156,0.012222802976788984,0.02457044855703329,0.019894071508711742,0.25593996952134984,0.021733627095232202,0.005225972580878308,0.040250741301847734,0.0615729733986541,0.0031465402075283124,0.29273339176025953
s10M4822,0.07204351558707432,0.02949580040958243,0.002255825700430923,0.0,0.0,0.0,0.0,0.0,0.0013501934527579158,0.002587907079359793,0.8142133143195852,0.0031387863635257513,0.0,0.02070276179929206,0.0,0.0,0.054211895288391806
s11M4822,0.19928004862381027,0.02396518266658927,0.0,0.0,0.0,0.0,0.0,0.0,0.03486604810801185,0.0,0.7405940686926276,0.0008854004700309424,0.0,0.0,0.0,0.0,0.00040925143893012783
s12M4822,0.31853528756567856,0.04628974887551426,0.0,0.0,0.0,0.0006860205361592042,0.0,0.0,0.06429660528807743,0.0,0.5544838650235441,0.0014947484344952947,0.0,0.014213724276531304,0.0,0.0,0.0
s13M4822,0.44500096641587583,0.04408012458183386,0.0,0.0,0.0,0.002474210824138174,0.0,0.0,0.23745527498796534,0.0,0.24856054969298993,0.0,0.0,0.022428873497196883,0.0,0.0,0.0
s14M4822,0.4525419760133502,0.049272332975721166,0.0,0.0,0.0,0.01755017373117985,0.0,0.0,0.19891201687150015,0.0,0.1864670533575421,0.0,0.0,0.0952564470507064,0.0,0.0,0.0
s15M4822,0.603992990105943,0.01191648923590485,0.12425514718024658,0.0,0.0,0.009101479921080907,0.0,0.0,0.02053881641371826,0.0,0.08743965418228067,0.0,0.0,0.09480174868842801,0.04053522615814407,0.007418448114253744,0.0
s01X4822,0.8205320133974927,0.0,0.001104289637756709,0.0027187777287412786,0.0,0.0018862077886266455,0.00019925907207499557,0.0018615870837244148,0.0,0.004695778976016348,0.010106729559533763,0.00025363151437721236,0.022678556564304373,0.13396316867735153,0.0,0.0,0.0
s02T4822,0.7692370773460651,0.0,0.0,0.0,0.0,0.0016209094208473134,0.0,0.0,0.0,0.004112006257284646,0.006085446928221959,0.0,0.0032555192548891308,0.21256165546549868,0.0031273853271930737,0.0,0.0
s03T4822,0.8386585488723196,0.0,0.0,0.0017122892821168072,0.0,0.0,0.0,0.00022940649988921003,0.0,0.0006395600239031677,0.009498329732597111,0.0,0.0,0.13733008361066565,0.0,0.0,0.01193178197850842
s04T4822,0.7292316538784114,0.004156633383367872,0.006546887623442183,0.0,0.010481754234633574,0.008991627695708987,0.0,0.0,0.0006239971451328495,0.0030806831529422963,0.024084168434410542,0.0,0.00536349253125265,0.19220508820278392,0.01523401371791385,0.0,0.0
s05T4822,0.7224638373390806,0.0,0.04045437169310401,0.0013013893437328493,0.06851028234126794,0.001003980914633457,0.0,0.0,0.006104455454370802,0.0027383375806672213,0.0343649304767366,0.0,0.015547460155259755,0.06968111497801603,0.008012141811124897,0.029817697912005812,0.0
s06T4822,0.323390137040987,0.0,0.09655326812289404,0.0,0.03893711942184102,0.0,0.0,0.0,0.0,0.0,0.21439219011303115,0.0,0.02055799893676939,0.11046071984240621,0.15321240381293116,0.04249616270914,0.0
s07T4822,0.6805318425191024,0.006960749891147277,0.02818866813162443,0.0,0.0,0.017428886512584164,0.0,0.0,0.04226454369935527,0.0,0.07224131936336141,0.0,0.004592068309581491,0.11009250395770642,0.030459003909980808,0.00724041370555648,0.0
s08T4822,0.0,0.12340535710003785,0.0,0.0,0.0,0.0,0.0,0.0,0.0,0.0,0.0,0.03712116203355578,0.0,0.0,0.0,0.0,0.8394734808664064
s09T4822,0.01783180420884535,0.0,0.010423358843613072,0.0,0.03146966776589443,0.0,0.0,0.03333413291683297,0.0,0.0,0.01618655688512429,0.02951459421836507,0.0017513081308403254,0.01489791605570003,0.05858756191677109,0.0,0.7860030990580134
s10T4822,0.0,0.0,0.012974916443434126,0.0,0.0,0.0,0.0,0.005104968142963404,0.0,0.0,0.6028308922105805,0.005928159872007789,0.0,0.0,0.020630872751545418,0.0,0.3525301905794687
s11T4822,0.0,0.008496920167124004,0.0010404257410335978,0.0,0.0,0.0,0.0,0.0,0.0,0.0,0.7865944168533658,0.010948934587946576,0.0,0.0,0.0,0.0,0.19291930265052998
s12T4822,0.0,0.0,0.0,0.0,0.0,0.0,0.0,0.0,0.006183357021968311,0.0,0.8445335441991902,0.011690418015656312,0.0,0.0,0.0,0.0,0.13759268076318526
s13T4822,0.240771116649505,0.026146196507185426,0.0,0.0,0.0,0.0,0.0,0.0,0.05846361089567958,0.0,0.6036996689088542,0.0032971915771516274,0.008553241583298425,0.0,0.0,0.0048091243354182545,0.054259849542907426
s14T4822,0.2890061178378961,0.014152899547055293,0.0,0.0,0.0,0.0,0.0,0.0,0.1323748923303615,0.0,0.560413418577395,0.0015225862153667202,3.032870004183349e-05,0.0,0.0,0.0,0.002499756791883433
s15T4822,0.6388205095617726,0.014316376283898155,0.0,0.0,0.0,0.03134641402644875,0.0,0.0,0.08407975327894145,0.0,0.14760406784120308,0.0,0.010825010568024622,0.045713268558612824,0.0,0.027294599881098683,0.0
s02M4922,0.7214179684195224,0.0011389441202399404,0.0379377952288532,0.0026263539968619104,0.04384106734164695,0.0,0.0,0.0,0.0078051579420837435,0.0,0.032830736165296484,0.0,0.026289418052666262,0.08901643765524926,0.016210562682897462,0.02088555839468227,0.0
s03M4922,0.721971091031188,0.000727375646561219,0.027647883211224883,0.003875147089773591,0.06475125051538608,0.0,0.0,0.0,0.007711675259933248,0.0,0.02922074768586923,0.0,0.021332823001431488,0.091866805466039,0.012454064562610443,0.01844113652998291,0.0
s04M4922,0.16719478241646327,0.0,0.1529112190518039,0.017805072321294878,0.38396555407017113,0.0,0.0,0.0,0.0,0.005036732501221515,0.0334339625493612,0.0,0.05217695199102656,0.1512824689896514,0.005746044054859906,0.02957411867887861,0.0008730933752676749
s05M4922,0.5127906078796223,0.0022350947532806397,0.049680696028904174,0.005152101036565515,0.14473155109926722,0.011133428449906722,0.0,0.0,0.006546007833016638,0.0,0.0432369216614283,0.0,0.037302298812362446,0.132123588926315,0.024044013258238284,0.031023690261092883,0.0
s06M4922,0.4794250817329333,0.0,0.02940764030730165,0.005035486477025873,0.1327006071340664,0.006483077808115867,0.0,0.0,0.0,0.010716627556677766,0.054327397546597746,0.0,0.0701601325941822,0.2117439488430992,0.0,0.0,0.0
s07M4922,0.7913136706583193,0.0,0.009670210863110377,0.002595016131095309,0.008180761342466121,0.007993046222607198,0.0009953370781274858,0.0,0.0,0.0027988322372160374,0.02965703536248639,9.86118479981045e-06,0.01798744209604758,0.12259524107858337,0.0,0.006203545745140934,0.0
s08M4922,0.0,0.4736538618623011,0.0,0.0,0.0,0.0,9.560633020621204e-05,0.0,0.0,0.0,0.0004421723583696051,0.01865551279380231,0.0,0.0,0.001278064397827146,0.0,0.5058747822574937
s09M4922,0.0,0.04122903876769686,0.008920762621217522,0.0,0.0,0.0,0.0,0.01576400064714102,0.0,0.0,0.43695737970485005,0.007416937044074146,0.0,0.0010311312786445025,0.10844312215977069,0.0,0.38023762777660514
s10M4922,0.0,0.0,0.009484916291941276,0.0,0.0,0.0,0.0,0.015990474963458224,0.0,0.01576885288392904,0.8745287366304366,0.0008765194544567398,0.008627466948330536,0.0,0.0,0.0027442689089948688,0.07197876391845276
s11M4922,0.20287959127607338,0.012557798405846924,0.0,0.0,0.0,0.00816514199043653,0.0,0.0,0.06635463566997983,0.0031275612926087047,0.6248437629557778,0.0013031954677137118,0.007592736650075467,0.00867911896713153,0.0,0.03934117526654101,0.02515528205781508
s12M4922,0.0,0.002481640253977618,0.0,0.0,0.0,0.0,0.0,0.0,0.11932160454451314,0.01294814431506888,0.7525392456273691,0.00042868767031461856,0.019537123307956955,0.024510842788592287,0.0,0.020213715540383436,0.04801899595182399
s13M4922,0.29598876282426023,0.006910608663832455,0.0,0.0,0.0,0.005409298473793128,0.0,0.0,0.25640312799370885,0.0,0.38966096300125275,0.00010485556085952232,0.003752327826643727,0.0,0.0,0.03280746114891159,0.00896259450673771
s14M4922,0.22662600633747526,0.07814218315301003,0.0,0.0,0.0,0.10264190599005255,0.0,0.006060924768992906,0.1461354827430934,0.0011096210380305243,0.10017290814356322,0.000718272897511379,0.016965731507896396,0.24525586098880206,0.025743146619212506,0.05042795581235972,0.0
s15M4922,0.6515372221425174,0.004092966726732137,0.0,0.0,0.0,0.0194887385111614,0.0,0.0,0.07676477096888783,0.0,0.12410321383588963,0.0,0.014719063392869615,0.1077586143000778,0.0,0.0015354101218641848,0.0
s01X4922,0.0,0.022325416356762655,0.4677416698616465,7.544171052522508e-05,0.0,0.0,0.0,0.0,0.0,0.0,0.0031320188899923596,0.0,0.00805579404878195,0.37955053103876757,0.11911912809352376,0.0,0.0
s02T4922,0.0,0.054189883947132894,0.30925420437699025,0.0006107340590325361,0.11793012763465045,0.00331185595462763,0.0,0.0,0.0,0.0,0.0074711776816377634,0.0,0.003990520800906167,0.39406230843060264,0.10917918711441982,0.0,0.0
s03T4922,0.0,0.03557005769595891,0.4119188391199456,0.0,0.04106922133451519,0.0,0.0,0.0,0.0,0.0,0.0033151082401754383,0.0,0.0,0.3842609048290084,0.12386586878039646,0.0,0.0
s04T4922,0.0,0.0416495103006498,0.287036870683914,0.0,0.13842684500682234,0.0010205760769328653,0.0,0.0,0.0,0.0,0.006695919689158488,0.0,0.0,0.38809923075488445,0.1370710474876382,0.0,0.0
s05T4922,0.0,0.05528620498136968,0.2333943201791562,0.0,0.20695160434040788,0.0,0.0,0.0,0.0,0.0,0.005155590719099315,0.0,0.00011432493514572466,0.30697338892092335,0.19212456592389782,0.0,0.0
s06T4922,0.0,0.05198729676719847,0.18972486986540854,0.0006844112692668385,0.11314949337983132,0.0038537684415985486,0.0,0.0,0.008994848577325083,0.0,0.0108209164507698,0.0,0.0024642987052044,0.4883454200209933,0.1068637742668139,0.023110902255589785,0.0
s07T4922,0.0,0.05482603433453738,0.271925747952803,0.003239197605453546,0.20105238659032237,0.0,0.006453788969231064,0.0,0.0,0.0,0.004976632035068063,0.0,0.0,0.3010639210640263,0.1564622914485582,0.0,0.0
s08T4922,0.0,0.5084276368136748,0.0,0.0,0.0,0.0,0.0,0.0,0.0,0.0,0.0013452117417979035,0.0,0.0,0.0,0.11509129007984661,0.0,0.3751358613646807
s09T4922,0.0,0.04902880947668706,0.004784328784271999,0.0,0.0,0.0,0.0,0.0,0.000824686887489196,0.03899474798693571,0.7731128282496302,0.0,0.0,0.0,0.0,0.02917221932784599,0.10408237928713994
s10T4922,0.0,0.06816169933657074,0.0,0.0002495303239880112,0.0,0.0,0.0,0.003376660895129156,0.0,0.037355175191547685,0.18457056518701104,0.0,0.0,0.0,0.16165613676867174,0.0,0.5446302322970816
s11T4922,0.0,0.06878326245093616,0.010785486867396726,0.0,0.0,0.0,0.0,0.0,0.004365313673778668,0.01765540935641692,0.28547205538109327,0.004801489859379307,0.0,0.005796658718737785,0.1422645293784882,0.006417430543201757,0.45365836377057117
s12T4922,0.0,0.04249082347453636,0.0,0.0,0.0,0.0,0.0,0.0012014611566422198,0.0,0.02294782989918396,0.2961017430205207,0.0,0.0,0.0,0.1909088574632714,0.0011101052237034899,0.44523917976214195
s13T4922,0.0,0.04588308419973252,0.2927998272588969,0.0,0.05045738054957993,0.0021144104201976915,0.0,0.0,0.0,0.0,0.0015490572795803167,0.0,0.0,0.4927203463409301,0.11447589395108246,0.0,0.0
s14T4922,0.03123518090220335,0.06060604765098086,0.004830919694727619,0.0,0.0,0.0,0.0,0.0,0.1105679788776034,0.04571081420140781,0.5318226546190357,0.0,0.0,0.006914474085965173,0.01689395246593848,0.05528290912350386,0.13613506837863373
s15T4922,0.0,0.027569054398674218,0.39678468655268057,0.0,0.0435698976945505,0.0004904924920521242,0.0,0.0,0.018330644331039817,0.0,0.0325736270528738,0.0,0.010889750758370802,0.3286036341714326,0.1328661527916221,0.008322059756703536,0.0
s02M5022,0.0,0.018184659296514954,0.4760844680774081,0.0,0.01611957401042216,0.0,0.0,0.0,0.011201665176271927,0.0,0.020825420021222913,0.0,0.0,0.3050808637334864,0.15250334968467344,0.0,0.0
s03M5022,0.0,0.031185004643488,0.36683320299383015,0.0,0.07316564104457808,0.0,0.0,0.0,0.0,0.0,0.00971442639752879,0.0,0.0,0.3701332878856957,0.1489684370348792,0.0,0.0
s04M5022,0.0,0.059061482116262325,0.2849938885604937,0.002322213322515894,0.106534448922012,0.007023967865575962,0.0,0.0,0.0,0.0,0.009172611516050118,0.0,0.0,0.4421621513181157,0.08872923637897438,0.0,0.0
s05M5022,0.0,0.04372874083474599,0.2931399239097957,0.0,0.07801252166298726,0.0016921931746497426,0.0,0.0,0.0,0.0,0.00991068736337857,0.0,0.0,0.4477279528127475,0.12578798024169535,0.0,0.0
s06M5022,0.0,0.04684218184731011,0.36682951555462645,0.0,0.08264052996391431,0.0,0.0,0.0,0.0,0.0,0.010463999727812222,0.0,0.0,0.39576894196902623,0.09341237935742817,0.004042451579882623,0.0
s07M5022,0.0,0.03802992692705474,0.48857879922614084,0.0,0.011356957239517634,0.00848033371577518,0.0,0.0,0.0027177172900662017,0.0,0.01720584114021378,0.0,0.0,0.30632852747418765,0.09893458551214962,0.0283673114748943,0.0
s08M5022,0.0,0.6028650397473284,0.0,0.0,0.0,0.0,0.0,0.0,0.0,0.0,0.0,0.0007804106627592457,0.0,0.0026050410798497394,0.03302224087688983,0.0,0.36072726763317264
s09M5022,0.0,0.10582664973427862,0.019265614646291424,0.0,0.0,0.0,0.0,0.005291669833294419,0.00834578127880356,0.010585972263420961,0.06455278388137661,0.0017788006457825738,0.011506616624361234,0.0145539669444525,0.1824384956620693,0.0,0.5758536484858687
s10M5022,0.0,0.012104682829077272,0.07960279499992427,0.0,0.0,0.0,0.0,0.0,0.29371390534710323,0.023576524259060656,0.3939905915044808,0.0,0.0023033465958954614,0.04519702922245755,0.0075956690964421305,0.07945282683302042,0.0624626293125381
s11M5022,0.0,0.039143709602117334,0.0715932268853556,0.0,0.0,0.0,0.0,0.0,0.2638044075991256,0.027205020877464566,0.33935263411502514,0.0,0.0,0.08790214295164621,0.07209971856619611,0.035897118839213954,0.06300202056385544
s12M5022,0.24220516034351294,0.01567668063009349,0.17007350613495661,0.0,0.0,0.0,0.0,0.0,0.15648670334200443,0.0,0.14652696417161748,0.0,0.002701602390292301,0.1555470753638059,0.05745306860630315,0.05332923901741356,0.0
s13M5022,0.2720743460989403,0.012550473418700702,0.21709158999514294,0.0,0.0,0.00031638242736602753,0.0,0.0,0.12475695051036441,0.0,0.11202221920308146,0.0,0.0003346534905680492,0.15307509269830152,0.0631096937375101,0.04466859842002452,0.0
s14M5022,0.2739820637570205,0.015275613049526841,0.09329679749045859,0.0,0.0,0.0024912624951630483,0.0,0.0,0.15976685659169074,0.0,0.0953195253341093,0.0,0.009337017662419705,0.26181927544064604,0.059653677967124896,0.029057910211840288,0.0
s15M5022,0.011372172991020306,0.023811749248498743,0.31552646639739396,0.0,0.006609393413362389,0.00816468862356329,0.0,0.0,0.027059888985918736,0.0,0.037890773588323094,0.0,0.006560257612725459,0.44349016154740206,0.11951444759179196,0.0,0.0
s01X5022,0.0,0.03873950000631131,0.36501612289788726,0.0027968808397208517,0.05116917166320733,0.008947330127279779,0.0,0.0,0.01646351836907755,0.0,0.010866609050517832,0.0,0.0,0.4126061790048819,0.055449865994755876,0.0379448220463603,0.0
s02T5022,0.0,0.0259523121549808,0.4042721548997384,0.0,0.03188090773329455,0.005304054792743222,0.0,0.0,0.011443036400010285,0.0,0.01877344687365454,0.0,0.0,0.40259385060867137,0.09978023653690674,0.0,0.0
s03T5022,0.0,0.02378718783356728,0.4715051693576598,0.0,0.011737180279037453,0.004289234121248391,0.0,0.0,0.003299283444400753,0.0,0.017109970600500797,0.0,0.0010457997932976314,0.31309153539698786,0.13330614228772095,0.020828496885579268,0.0
s04T5022,0.0,0.02153926846312972,0.40241001007373123,0.0,0.057491351499309555,0.0,0.0,0.0,0.0,0.0,0.01387953923963036,0.0,0.00824157640653586,0.378626653565413,0.11781160075225024,0.0,0.0
s05T5022,0.0,0.021996153962423808,0.4664094819714822,0.00017786249376253407,0.052070076314090045,0.0022403142632620118,0.0,0.0,0.00045840721934423405,0.0,0.0137244754729597,0.0,0.029621056883703964,0.29695815374345086,0.10669735206807025,0.00964666560745052,0.0
s06T5022,0.0,0.03020276746887439,0.390478413772123,0.007063552210551788,0.1369266555145202,0.00071598858260864,0.0,0.0,0.009786850779721551,0.0,0.016885003172496492,0.0,0.030201059753165067,0.2552420260916088,0.08143334508752244,0.0410643375668076,0.0
s07T5022,0.0,0.015433287338366866,0.586574517476641,0.0,0.0,0.002997910226407801,0.0,0.0,0.001025945377579692,0.0,0.013204038028475291,0.0,0.0001564139408099651,0.2654486446570983,0.10418103770258803,0.01097820525203302,0.0
s08T5022,0.0,0.5059040389963236,0.0,0.0,0.0,0.0,0.0,0.0,0.0,0.0,0.0,0.0,0.0,0.0017533306708183826,0.026024902845789087,0.0,0.46631772748706884
s09T5022,0.0,0.04451562898394223,0.034918042974775895,0.0,0.011058545797167021,0.0,0.0,0.011164120790135647,0.0015445142164213215,0.0,0.026901626207068575,0.0,0.0,0.025384548033758798,0.2360995732525125,0.0,0.608413399744218
s10T5022,0.10918593039064735,0.01185589992639396,0.08934131981433172,0.0,0.008330277880966254,0.0,0.0,0.0,0.23582359558057625,0.0,0.28153164778960627,0.0,0.0,0.16170999907535608,0.04818520493219765,0.04439059336863102,0.00964553124129331
s11T5022,0.08094497114682232,0.11801667717843745,0.08452637136058437,0.0,0.0037114565959507125,0.0,0.0,0.0,0.09313491083036843,0.0002815121352482206,0.18524463219017984,0.0,0.0,0.08839088259738169,0.11487521336901269,0.06448300075579345,0.16639037184022096
s12T5022,0.05834326538723335,0.07472287138350824,0.06072053859914912,0.0,0.0,0.0,0.0,0.0,0.30326930741743613,0.0,0.2237048773955858,0.0,0.0,0.12257383448310363,0.08361789538797558,0.04647129156188104,0.02657611838412722
s13T5022,0.060961779280335006,0.07801716754732012,0.05438842689581054,0.0,0.0,0.0,0.0,0.004144627978737476,0.2952724508000389,0.0,0.15159231317546976,0.0,0.0,0.22217416245158403,0.07020258032350316,0.03764262875006871,0.025603862797132285
s14T5022,0.14401991887297577,0.059280571347560304,0.04353910152543749,0.0,0.0,0.0,0.0,0.0,0.3197269415830483,0.0,0.11894670575280791,0.0,0.0,0.2041604470002168,0.056159359625482755,0.04890698112898601,0.005259973163484684
s15T5022,0.0,0.03362260733026182,0.3922426630435219,0.0,0.00603944662087556,0.004435657166581181,0.0,0.0,0.03526614051115588,0.0,0.019951191646179468,0.0,0.01627017567710955,0.40399686650056527,0.08817525150374933,0.0,0.0
s02M5122,0.4278487242376742,0.00891668187886814,0.17550345985668098,0.0,0.0035930127377217873,0.012535473777872492,0.0,0.0,0.015419023124508461,0.0,0.06573473095280159,0.0,0.004638937943491507,0.21517955169867908,0.027911295246426174,0.042719108545275684,0.0
s03M5122,0.3396143911327629,0.009668461373527152,0.1994407871516802,0.0,0.0197637575716479,0.007902939068574052,0.0,0.0,0.03751969637280471,0.0,0.0663240226728686,0.0,0.00316397549445316,0.21263778830901955,0.04796610786378173,0.05599807298888009,0.0
s04M5122,0.0,0.030558857684812903,0.18721188517552084,0.0,0.040567374013638115,0.0046266020565482015,0.0,0.0,0.0402310831151286,0.0,0.0486495735398373,0.0,0.0,0.5508664484526596,0.09728817596185434,0.0,0.0
s05M5122,0.0,0.031964919104248916,0.23496276279283182,0.0,0.17161961588795913,0.0035599123645625244,0.0,0.0,0.002973968051110734,0.0,0.03210235670566237,0.0,0.002545940314012054,0.34570089414219135,0.13595554546339517,0.03861408517402592,0.0
s06M5122,0.018692075273367335,0.020570358086303503,0.3399191825273887,0.0,0.09420719920057871,0.0012516712558888218,0.0,0.0,0.018966212817455138,0.0,0.053109145868086745,0.0,0.0,0.3074097571242563,0.09857407268069299,0.047300325165981795,0.0
s07M5122,0.061417430402362194,0.030592296578618103,0.2722527308101918,0.0,0.008704325628641053,0.005284956758584654,0.0,0.0,0.029771451818660304,0.0,0.04398547437635203,0.0,0.0,0.39947761578151125,0.1022389393605594,0.04627477848451919,0.0
s08M5122,0.0,0.4891656108473149,0.0001659744790110099,0.0,0.0,0.0,0.0,0.0,0.0,0.0,0.0008703615407401461,0.0,0.00442283287877069,0.002796515297192474,0.20060795223737998,0.0,0.30197075271959084
s09M5122,0.0,0.16997628703757095,0.012796830443097259,0.0,0.0026615255641171533,0.0,0.0,0.0039449430785484865,0.0,0.0,0.01915890190903237,0.0,0.009684514516212822,0.009322351569403935,0.16211987659045904,0.0009178981157583021,0.6094168711757998
s10M5122,0.0,0.09227266790166928,0.020150788515592318,0.0,0.0025789691681267347,0.0,0.0,0.006464116444040674,0.0,0.008213421317753055,0.031666264074671505,0.0,0.010914015366385556,0.0007617211944318975,0.25899843642528086,0.021947471162405738,0.5460321284296423
s11M5122,0.0,0.09535402550803689,0.027123180782188144,0.0,0.0,0.0,0.0,0.001340166900824397,0.0,0.0,0.03331278860810131,0.0,0.016477471012805486,0.004679028299318049,0.21051697747558384,0.022342240985148764,0.5888541204279931
s12M5122,0.0,0.1834323499595723,0.02938474131914843,0.0,0.0,0.0,0.0,0.002464608512906097,0.018268990738556232,0.010099671094354098,0.06702569462407906,0.0,0.08280849851898474,0.0,0.14262979323504538,0.10602020838116222,0.3578654436161914
s13M5122,0.10458527592369742,0.049264528422223786,0.028554988985512883,0.0,0.0,0.0,0.0,0.0,0.16650820740817313,0.0,0.10660979206317917,0.0,0.29571478554114566,0.07554149590929664,0.03502032877665554,0.11159196432225196,0.026608632647863912
s14M5122,0.22533615446406643,0.03201266548041246,0.011797714416701218,0.0,0.0,0.0,0.0,0.0,0.2225253788674303,0.0,0.16456495722058692,0.0,0.1191177907731092,0.07524268863277356,0.005592724924112033,0.14210089700871162,0.0017090282120961191
s15M5122,0.20306098027336458,0.010147474839287789,0.07415341864250549,0.0,0.0,0.0,0.0,0.0,0.1459729973184712,0.0,0.12522836453075267,0.0,0.20101122051199888,0.04517297782238318,0.032675099669976664,0.16257746639125956,0.0
s01X5122,0.0,0.01385077761251867,0.5756472231703947,0.0,0.0,0.0009871182444114793,0.0,0.0,0.008793889596154708,0.0,0.027513878286473854,0.0,0.017354067550073963,0.24975622100229797,0.08799956236364917,0.018097262174025415,0.0
s02T5122,0.0,0.020923333343352495,0.3626484248691412,0.0,0.004749843565452045,1.470704760506992e-05,0.0,0.0,0.007643222512672053,0.0,0.019752036144167356,0.0,0.0,0.44601458617619794,0.13825384634141188,0.0,0.0
s03T5122,0.0,0.024889606047687345,0.37003937131952147,0.0,0.028349362920245397,0.00035357305648965186,0.0,0.0,0.006140859838165379,0.0,0.024524058938833703,0.0,0.04700799878995521,0.34959132637499823,0.13959000733457927,0.00951383537952426,0.0
s04T5122,0.0,0.025579155832314276,0.24459879393723935,0.0,0.01574651559996239,0.0035475619899562544,0.0,0.0,0.014720425287542983,0.0,0.04200116564562733,0.0,0.07631082021955392,0.4685148990629126,0.10898066242489081,0.0,0.0
s05T5122,0.011709163028651047,0.009080660679465273,0.6130339196495741,0.0,0.0,0.0,0.0,0.0,0.0038320868010219343,0.0,0.030789662212316635,0.0,0.07124215677935875,0.14345667494703246,0.08181001967781837,0.03504565622476142,0.0
s06T5122,0.0,0.029651238408089274,0.2311954435486055,0.0,0.059622336765143065,0.0,0.0,0.0,0.007364900399273744,0.0,0.05917846683954143,0.0,0.24074676845924634,0.24813930247182742,0.11558748734572431,0.00851405576254896,0.0
s07T5122,0.0,0.03915112811884739,0.10792847508161661,0.0,0.024924955172607583,0.005084048268132353,0.0,0.0,0.00036442852891762484,0.0,0.023020606081709583,0.0,0.11360761772284536,0.5988276119274961,0.08709112909782747,0.0,0.0
s08T5122,0.0,0.8280715188044824,0.0011903032824141378,0.0,0.0,0.0,0.0,0.0,0.0,0.0,0.0005824567127924478,0.0,0.0,0.007009217013879713,0.015134559116064887,0.023629133037065028,0.12438281203330134
s09T5122,0.020187886520450046,0.4851920597221133,0.008265187452177409,0.0,0.0,0.0019556950295575278,0.0,0.005625178214874596,0.016657928287605827,0.0,0.03354675059477693,0.0,0.0,0.03409772403935141,0.046341668383234405,0.07809881094296531,0.27003111081289327
s10T5122,0.0,0.0,0.0,0.0,0.0,0.0,0.0,0.0,0.13984830952171087,0.012634777380522228,0.4150537090618008,0.0,0.0,0.0,0.0,0.4324632040359662,0.0
s11T5122,0.0,0.2170210502543639,0.018928836650411594,0.0023185515490318953,0.0553614158012044,0.0,0.014016675711769686,0.013479618689380243,0.009426352224517128,0.01145915567441156,0.06970819823786954,0.0,0.046371537215379566,0.0031249513993694684,0.10096031606541761,0.14551796632307634,0.2923053742037971
s12T5122,0.0,0.08459963049823463,0.04445141117016775,0.0,5.575585535520636e-05,0.0,0.0,0.0,0.010899647198383764,0.036245281975312946,0.21941349785397438,0.0,0.04799445878590696,0.0,0.016548411341129363,0.40669422753366535,0.1330976777878696
s13T5122,0.01428633761992652,0.11522632882408383,0.0,0.0,0.0,0.0,0.0,0.0,0.07657922568356484,0.01715996839378676,0.260080046064652,0.0,0.027847318907768984,0.0,0.0,0.42074205360010725,0.06807872090610971
s14T5122,0.1397954347554084,0.044868154359671904,0.013219161686150047,0.0,0.0,0.0,0.0,0.0,0.1371055359960552,0.005548887396169963,0.21829708171652137,0.0,0.04910445542177247,0.0,0.01119409326948284,0.3599390160210081,0.020928179377759714
s15T5122,0.23428263465095653,0.009047706807521823,0.05087200336681627,0.0,0.0,0.0,0.0,0.0,0.14627177963752847,0.0,0.1519273869979962,0.0,0.13962904290642184,0.0,0.0,0.267969445632759,0.0
s02M5222,0.11986210122491342,0.0225962647516373,0.23992601921746232,0.0,0.025517251804199125,0.0035294700254865008,0.0,0.0,0.01703560307102675,0.0,0.0289266862147953,0.0,0.018068314231853257,0.42220001698496173,0.083004904529536,0.019333367944128224,0.0
s03M5222,0.020519293023646742,0.010033927086490334,0.3877476793666569,0.0,0.13953046495449203,0.0,0.0,0.0,0.0,0.0,0.02500978164200793,0.0,0.04730177510473755,0.15402855323935682,0.1534805134908233,0.055830654395082994,0.006517357696705242
s04M5222,0.3062397702662379,0.01103140614274674,0.07742820737058556,0.0,0.043863656359946705,0.002866268878728949,0.0,0.0,0.0,0.0,0.03603638875910186,0.0,0.03867186789124963,0.4091150260375103,0.07078954138388445,0.0039578669100078685,0.0
s05M5222,0.26775674998310334,0.007065707968558943,0.11786820598724715,0.0,0.08895468231927141,0.005139318682204014,0.0,0.0,0.007548147227075081,0.0,0.03319302862165843,0.0,0.049065893668171594,0.3476538814594997,0.06196912314925433,0.013785260933955901,0.0
s06M5222,0.30626175712856674,0.018010069892979763,0.09051420539621838,0.0,0.04375192328517493,0.0007198748882615532,0.0,0.0,0.058917735214284575,0.0,0.04173809336015324,0.0,0.04723518265328884,0.2666250331773864,0.06158173064252055,0.06464439436116502,0.0
s07M5222,0.3781183647316185,0.007220997232850614,0.08476198306812464,0.0,0.0,0.0,0.0,0.0,0.06382082334638012,0.0,0.040419232686401456,0.0,0.11486006180984729,0.2138654295119828,0.035806250164939234,0.061126857447855315,0.0
s08M5222,0.0,0.7631847854396302,0.0009796656337245347,0.0,0.0,0.0,0.0,0.0,0.0,0.0,0.0,0.0,0.0,0.0056796410547201035,0.017248770283236518,0.04270599382286143,0.1702011437658272
s09M5222,0.06803756881971602,0.22390370712729418,0.0008718261047725012,0.0,0.0,0.0,0.0,0.016596045592032406,0.10262111358163298,0.0,0.0962419884559508,0.0,0.0,0.0,0.05322460577336061,0.3004760101578662,0.13802713438737435
s10M5222,0.14414237988221537,0.00830313643574777,0.004682913042914346,0.0,0.00358980876648261,0.0,0.0,0.005221588930648365,0.10525168774048013,0.007060917404790937,0.26553167876897216,0.0,0.0,0.0,0.0,0.45621588902774834,0.0
s11M5222,0.16545826639499647,0.0596404584305209,0.0,0.0,0.0,0.0,0.0,0.001074049919641416,0.17222926288984813,0.0,0.1666328435773767,0.0,0.0,0.0,0.016383251365986833,0.3800144627388385,0.03856740468279104
s12M5222,0.17378302287622302,0.03910387510809417,0.0,0.0,0.0,0.0,0.0,0.0,0.2216881795512858,0.0,0.15510267408124048,0.0,0.0,0.0,0.0,0.3980925273232477,0.0122297210599088
s13M5222,0.2533193517847535,0.01658692444906784,0.0,0.0,0.0,0.0,0.0,0.0,0.23343586276624495,0.0,0.14589213664422526,0.0,0.0,0.005505360459847141,0.0,0.3452603638958613,0.0
s14M5222,0.2643209152540075,0.02479102652632665,0.0,0.0,0.0,0.0,0.0,0.0,0.22956561093206346,0.0,0.08240793518131738,0.0,0.0,0.16687050132238784,0.0,0.23204401078389705,0.0
s15M5222,0.31843015305926425,0.015118399726734613,0.0,0.0,0.0,0.0,0.0,0.0,0.1871235481813341,0.0,0.08505010340064359,0.0,0.0,0.18323763901693332,0.0,0.21104015661509012,0.0
s02T5222,0.27832199771919114,0.01779368245518102,0.09602491795065342,0.0,0.0,0.0015580179480110346,0.0,0.0,0.03148410765098878,0.0,0.034205322801628336,0.0,0.028534668274620142,0.38282432315741743,0.10312421699524635,0.026128745047062384,0.0
s03T5222,0.20519393732861207,0.016045197832546845,0.09425190898071223,0.0,0.0010936334812987171,0.0048510323870399885,0.0,0.0,0.046215513154229844,0.0,0.03348846574878501,0.0,0.008615860509195019,0.5162453193907358,0.07399913118684456,0.0,0.0
s04T5222,0.11922086332434391,0.03468391591775362,0.13468490546630515,0.0,0.10480624404225161,0.006753380397754331,0.0,0.0,0.027813892828680364,0.0,0.05377090782169276,0.0,0.017121873221591154,0.3644389383491849,0.10918072581267396,0.027524352817768178,0.0
s05T5222,0.0,0.01448252380537539,0.19505979458441197,0.0,0.22869799325346896,0.027153562364637528,0.0,0.0,0.0,0.0,0.04029020951835932,0.0,0.037264860379774736,0.3298716209449948,0.07263789645033693,0.054541538698640445,0.0
s06T5222,0.0,0.017346825970345876,0.1450841185764502,0.0,0.2654365254436518,0.018446036330754725,0.0,0.0,0.0,0.0,0.044300965750802876,0.0,0.03511285632170942,0.3253974855419427,0.10149815225295544,0.04737703381138686,0.0
s07T5222,0.13384306616614008,0.012846332346391655,0.1079031327097393,0.0,0.0,0.004731547356843004,0.0,0.0,0.0290378604481484,0.0,0.028300811608795367,0.0,0.0,0.614646116711999,0.06869113265194335,0.0,0.0
s08T5222,0.0,0.6775658997288869,0.006590461226918024,0.0,0.0,0.0,0.0,0.0,0.0,0.0,0.00015000597956493637,0.0,0.0010396388730557439,0.039019302509089096,0.08354460434847737,0.00038744693015219523,0.1917026404038556
s09T5222,0.08306685124301331,0.14958115201186994,0.02578016339010038,0.0,0.010267621068586641,0.0,0.0,0.0077199853127455096,0.0002998572587740228,0.00862338397459983,0.0995105191903414,0.0,0.006954869922588009,0.0,0.1492249684762225,0.2032718342611937,0.2556987938899647
s10T5222,0.2546727540562085,0.04059736545449742,0.0,0.0,0.0,0.007479214090737675,0.0,0.0,0.1272332063496784,0.0,0.07286746371103037,0.0,0.0,0.23605684434821442,0.0,0.25691196565856034,0.004181186331072804
s11T5222,0.22575472614055858,0.1672232929705967,0.0,0.0,0.0,0.0,0.0,0.00014003709610235811,0.09796637192938751,0.0,0.07777010329978469,0.0,0.0033235670065624584,0.0754118004089816,0.022629024861827832,0.25940742133985206,0.07037365494634609
s12T5222,0.21645619313798678,0.0964323930971279,0.0,0.0,0.0,0.0,0.0,0.0,0.19906188935681957,0.0,0.09173391289213949,0.0,0.0,0.08220069358939279,0.007824399942491001,0.28842062009167724,0.017869897892365337
s13T5222,0.27452765062649276,0.012782841206812702,0.00738423367502683,0.0,0.009433192190925248,0.0,0.0,0.0,0.14992432990501325,0.0,0.08962389778404815,0.0,0.017181853285725496,0.08626970101893498,0.01503303780048968,0.33783926250653085,0.0
s14T5222,0.24725658919067567,0.02933457102502035,0.0,0.0,0.0,0.0,0.0,0.0,0.26156296997448647,0.0,0.07403901469079519,0.0,0.0,0.15335555107285623,0.004839764788042949,0.2296115392581232,0.0
s15T5222,0.31191474615409825,0.0017994620764586458,0.02357378235068597,0.0,0.0,0.0,0.0,0.0,0.21010910375443664,0.0,0.10654218357864957,0.0,0.022794978113738637,0.039974456598068364,0.013960047732906242,0.2693312396409576,0.0
s02M0123,0.3976478400639149,0.0012158015062192669,0.005830502674752661,0.0,0.0,0.0018161310158337732,0.0,0.0,0.07679962597744472,0.004267100407143333,0.03598330835024704,0.0,0.01505897648546953,0.42819484023224114,0.028075816568247078,0.005110056718486527,0.0
s03M0123,0.35057363783987616,0.004653074071030929,0.01652593146479768,0.0,0.0,0.0004737038873212478,0.0,0.0,0.09016621689058342,0.0,0.03641914513315235,0.0,0.01665583697830333,0.40490449066728773,0.03726049197196984,0.04236747109567733,0.0
s04M0123,0.14094530363170266,0.013722892702865837,0.11319880109030864,0.0,0.21587160906903335,0.00026620666137384404,0.0,0.0,0.0,0.0036506256658211953,0.019840036911788036,0.0,0.06318285746024303,0.2663194255851113,0.07304407952176646,0.08995816169998562,0.0
s05M0123,0.06888192462894178,0.0018531302581535592,0.04441748995591839,0.0,0.06587942162869515,0.0,0.0,0.0,0.0,0.027753126529487585,0.021262448741880775,0.0,0.03347198279366429,0.7004362443146197,0.03604423114863872,0.0,0.0
s06M0123,0.10269021105999174,0.002618581031403465,0.07758281941153779,0.0,0.14858858339327768,0.014516085949813186,0.0,0.0,0.0,0.008850258119700872,0.053844257698522295,0.0,0.022250830841624658,0.49056222187593546,0.07504219490595046,0.0034539557122424663,0.0
s07M0123,0.18952003803871975,0.00932952650776711,0.04028639568468175,0.0,0.036494454291871245,0.009165940644218587,0.0,0.0,0.0019413888677875014,0.016498801308582816,0.0218085421577472,0.0,0.047573119037778895,0.5575815851639553,0.0672023056444671,0.002597902652422699,0.0
s08M0123,0.0,0.7181541266296116,0.0,0.0,0.0,0.0,0.0,0.0,0.0,0.0,5.148229130359625e-05,0.0,0.0,0.0017395246921697279,0.07660707012233517,0.034582986853338715,0.16886480941124124
s09M0123,0.22087094910466334,0.047828798299030216,0.0,0.0,0.0,0.0030872535927352206,0.0,0.0,0.12021288519914836,0.0,0.04507358594281426,0.0,0.0,0.2980913694368972,0.0025447069883431876,0.2297851983189228,0.032505253117445364
s10M0123,0.27851432011766203,0.016697672878789545,0.0,0.0,0.0,0.0,0.0,3.638156464359544e-05,0.1531087762247134,0.0,0.05755251902077282,0.0,0.0,0.2862433099961728,0.003941182225442881,0.2039058379718029,0.0
s11M0123,0.20800890128648103,0.24364025600191425,0.0,0.0,0.0,0.0,0.0,0.0,0.11058026243465913,0.0,0.053161256471500176,0.0,0.0,0.11078693588661263,0.018228567523522435,0.21326758220237582,0.04232623819293466
s12M0123,0.20771830199675434,0.17059535556807734,0.0,0.0,0.0,0.0,0.0,0.0005838866316456583,0.1356939672416279,0.0,0.07165958358472967,0.0,0.0,0.06948292233105213,0.018840726347451348,0.28650345251536713,0.038921803783294476
s13M0123,0.18734348117791752,0.13855305224538028,0.0,0.0,0.0,0.0,0.0,0.0,0.19297760883257997,0.0,0.051835528972544856,0.0,0.0,0.1808987428921067,0.0,0.22717746750777407,0.021214118371696573
s14M0123,0.27230183353516246,0.055115525647033606,0.0,0.0,0.0,0.0,0.0,0.0,0.21039043855565576,0.0,0.060729997055636434,0.0,0.0,0.14778031169953923,0.024593353127174106,0.22428925893775928,0.004799281442039247
s15M0123,0.3011555155576389,0.018973133110404047,0.0,0.0,0.0,0.0,0.0,0.0,0.18860757777824727,0.0,0.053934572449108334,0.0,0.0,0.25569024482887975,0.003912896265972397,0.17772606000974922,0.0
s01X0123,0.41301323989408545,0.0020004919269327446,6.969018613529548e-05,0.0,0.0,0.006163509874521876,0.0,0.0,0.0657769937256389,0.0007740869780776658,0.026000083367889722,5.758525308509113e-05,0.0033667708988829913,0.46580664269655364,0.016970905198196575,0.0,0.0
s02T0123,0.3022683366127941,0.0,0.013474399092043945,0.0005059155317505843,0.07738411987331757,0.0,0.0,0.0,0.06239635688941903,0.01133130601621711,0.05045742732836543,0.0,0.08510695810440931,0.3379481987731765,0.0073118514041457675,0.051815130374360696,0.0
s03T0123,0.268042806676824,0.0,0.022391046250798446,0.0,0.05551235259007881,3.005885479362539e-05,0.0,0.0,0.04072252055950707,0.019044914879003675,0.04229030900998574,0.0,0.14425343978692698,0.38850831408056596,0.013548781680362701,0.005655455631153083,0.0
s05T0123,0.33248539277735767,0.0,0.016168776564717137,0.0033383562259310024,0.03381821074216899,0.02078134850245249,0.007500476198846107,0.0011352719163081207,0.021331221966010585,0.011612765692480891,0.016489337133967823,0.0,0.08917987355924267,0.3993345704058863,0.03156461308444541,0.015259785230184888,0.0
s06T0123,0.30112675212714723,0.0,0.014171518522454933,9.711520764967613e-05,0.040626179587992105,0.01905624696240238,8.786770189344504e-05,0.0,0.029879776006297286,0.010007201377717233,0.028742540632966485,0.00042694611956738186,0.11064710797518469,0.42920874528215364,0.009729605036666653,0.0,0.006192397459906803
s07T0123,0.39536621904214575,0.0037988897699789475,0.043329036182517995,0.0,0.029214222940517908,0.0,0.0005403966042779065,0.0,0.016164758546847156,0.0035139328415286896,0.026019421858054958,0.00046465192829116763,0.1353719680585579,0.30599495921711994,0.015849966835991935,0.024371576174169733,0.0
s08T0123,0.0010646496297961902,0.7704642177353833,0.0,0.0,0.0,0.0,0.0,0.0003746040480485421,0.0,0.0,0.0007165875577814181,0.0,0.0,0.0,0.029661635446293782,0.037129779346371995,0.16058852623632483
s09T0123,0.10891485358677501,0.347673826376994,0.0,0.0,0.0,0.0,0.0,0.011054342215658514,0.024724384356207718,0.0,0.04242287229879397,0.0,0.0,0.0030566241875036827,0.05267912916613364,0.22861705277786987,0.1808569150340636
s10T0123,0.2925097190609645,0.005702577726780815,0.0,0.0,0.0,0.0,0.0,0.005068532854816568,0.09267526434836892,0.0,0.09759999615237262,0.0,0.14707374271073573,0.05604288662638314,0.03834094522390634,0.26498633529567145,0.0
s11T0123,0.3438620278340445,0.024064634205762457,0.0,0.0,0.0,0.0,0.0,0.0,0.14802501814345206,0.0,0.06409164170737411,0.0,0.019695920836040194,0.16099858047892623,0.021514554098832354,0.2158764943201704,0.0018711283753977176
s12T0123,0.3640627018479374,0.031615553174294174,0.0,0.0,0.0,0.0008295252777676913,0.0,0.0,0.12005970698150517,0.0,0.038760020143761134,0.0,0.08078111532051656,0.2574165965041395,0.0069260146880441706,0.09954876606203426,0.0
s13T0123,0.09569569654515728,0.014839692243612783,0.0,0.0,0.0,0.0,0.0,0.0,0.08948879195347989,0.0,0.03685255941668656,0.0,0.7054198697817339,0.0,0.004235555255017243,0.053467834804312525,0.0
s14T0123,0.06018097715072244,0.01085223192349486,0.0,0.0,0.0,0.0062058282902678836,0.0,0.0,0.07276877733630172,0.0,0.022560142802900942,0.0,0.6195757909840812,0.2066661705251351,0.0,0.0,0.0011900809870959894
s15T0123,0.11663909366231662,0.005434115368991949,0.0009480104151890417,0.0,0.0,0.004074153920033652,0.0,0.0,0.05595388616965832,0.0,0.018908216082047333,0.0,0.5699608649014821,0.2194197367550689,0.008661922725212138,0.0,0.0
s02M0223,0.5770345918706357,0.010575955062431029,0.0,0.0,0.0,0.0,0.0,0.0002946459537576311,0.033361730564356075,0.002551290657989437,0.02002524642734084,0.0,0.01933228689786339,0.3112896564361414,0.0,0.01942477458869287,0.006109821540791593
s03M0223,0.5564785984876819,0.0,0.0,0.0,0.0,0.0,0.0,0.0,0.02662698296896876,0.0,0.015541487722458693,0.0,0.08870815015815464,0.31264478066273593,0.0,0.0,0.0
s04M0223,0.5278643696394261,0.0,0.0,0.0,0.0,0.0029742959498528843,0.0,0.0,0.05678062217236424,0.0,0.025494347567353463,0.0,0.020194919432604628,0.3411360609995157,0.005352132462608399,0.020203251776274654,0.0
s05M0223,0.3918314071934945,0.0,0.0,0.0,0.0,0.0,0.0,0.0,0.04865555377190319,0.0,0.0221942419889586,0.0,0.2937245747869302,0.24359422225871344,0.0,0.0,0.0
s06M0223,0.4974523326565837,0.0,0.0,0.0,0.0,0.004334183928460188,0.0,0.00017395628859106068,0.05819095272397824,0.0,0.02885874066242639,0.0,0.01772504281746072,0.3542841679155882,0.00746055121465128,0.03152007179226031,0.0
s07M0223,0.4414826129822641,0.0,0.0,0.0,0.0,0.0,0.0,0.0,0.048230742029881285,0.0,0.026201314210436158,0.0,0.31513737963036564,0.11819753565209899,0.01157000340148835,0.03918041209346562,0.0
s08M0223,6.772139652988848e-05,0.8469155760142822,0.0,0.0,0.0,0.0,0.0,0.0,0.0,0.0,0.0,0.0,0.0,0.0,0.03574510709601457,0.03748003950432748,0.07979155598884574
s09M0223,0.10800199648282574,0.40522917185436136,0.0,0.0,0.0,0.0001610607971747424,0.0,0.00854109574566533,0.01476688160729117,0.0,0.02900006890875513,0.0,0.006326395197318268,0.021176908396573227,0.12530868581617552,0.14614388977098303,0.1353438454228764
s10M0223,0.3178985698182584,0.08232661737637373,0.0,0.0,0.0,0.0,0.0,0.00011554456552869868,0.12406792947270094,0.0,0.08025803426622019,0.0,0.006409190549192577,0.114787679161087,0.03426734709407087,0.2127880016742691,0.027081086022298483
s11M0223,0.20208753971467153,0.31688025005029236,0.0,0.0,0.0,0.0,0.0,0.0016184089460922872,0.0638181923980767,0.0,0.034209587722031795,0.0,0.00228429093501129,0.10911326875784659,0.07280023540298014,0.12654306401827903,0.07064516205471831
s12M0223,0.2694325920255181,0.15713443779205133,0.0,0.0,0.0,0.0,0.0,0.0,0.14247077068930827,0.0,0.05149396104842028,0.0,0.0194730533110047,0.11604554393509355,0.019417596633996722,0.19176315975275784,0.03276888481184915
s13M0223,0.3987899593464174,0.07532879108798224,0.0,0.0,0.0,0.0,0.0,0.0,0.11710119959465023,0.0,0.07254345770033091,0.0,0.022518347008617563,0.07187917838385416,0.02785992471420731,0.18846345058526115,0.025515691578678994
s14M0223,0.3554182935824924,0.0354454661029133,0.0,0.0,0.0,0.0,0.0,0.0008064169407505464,0.12594477481833113,0.0,0.06141896953371414,0.0,0.08041301124546357,0.08049162837554824,0.04355806129074884,0.19964423732283215,0.01685914078720574
s15M0223,0.2863192166386854,0.011149792551655574,0.0,0.0,0.0,0.0,0.0,0.0,0.09371965032752487,0.0,0.03469264193980835,0.0,0.39874512562091674,0.09931654392947308,0.005262059454103806,0.07067128776890862,0.00012368176892353094
s01X0223,0.47670618829814687,0.0,0.0,0.0,0.0,0.0,0.0,0.002013929348192174,0.06524245607769888,0.0,0.027943165231074048,0.0,0.09317618989750762,0.29536218128968283,0.0,0.03955588985769765,0.0
s02T0223,0.537366074026382,0.07139957351610901,0.0,0.0,0.0,0.0,0.0,0.004079880986099868,0.040787851822050324,0.0,0.018691636190196856,0.0,0.029245745240323348,0.19529272305478115,0.0,0.048485132281621206,0.05465138288243612
s03T0223,0.5339344445267951,0.0,0.0,0.0,0.0,0.0002476465832697914,0.0,0.0,0.05982833322513492,0.0,0.025460340053327177,0.0,0.04382680019691653,0.30508675396941615,0.004231947348348473,0.02738373409679184,0.0
s04T0223,0.0641418438398584,0.0,0.034651646398368666,0.0,0.30371107626509225,0.018257941713599176,0.0,0.0,0.014759506701503285,0.0,0.04333564313797057,0.0,0.2111981220312041,0.244577907355851,0.0,0.06536631255655262,0.0
s05T0223,0.16118038946509747,0.0,0.001064238319118676,0.0,0.041711112745343046,0.00529102406719846,0.0,0.0,0.022243507029054123,0.0,0.03384961568661897,0.0,0.6087246701677769,0.1259354425197924,0.0,0.0,0.0
s06T0223,0.17486635808496487,0.0,0.0007397842187734111,0.0,0.04562307498995375,0.0038112468869012186,0.0,0.0,0.03346624483094482,0.0,0.04521321677005324,0.0,0.6211451340445733,0.05537855140952822,0.008830397861396944,0.010925990902910292,0.0
s07T0223,0.49839900013294075,0.0,0.0,0.0,0.0,0.0,0.0,0.0,0.0469898986439647,0.0,0.01843938307339192,0.0,0.09282419698498907,0.3433475211647135,0.0,0.0,0.0
s08T0223,0.0,0.7798101338411915,0.0007333034471210679,0.0,0.0,0.0,0.0,0.0,0.0,0.0,0.0,0.0,0.0,0.0025130211619258493,0.1027173775710069,0.03029677558289399,0.08392938839586092
s09T0223,0.09366201103813568,0.3443933500255214,0.0017338312065488476,0.0,0.0,0.0,0.0,0.0,0.01032719942793305,0.0,0.02511628906690347,0.0,0.0,0.014737520270550888,0.23552744018724933,0.10839199958092682,0.16611035919623057
s10T0223,0.5485915411734351,0.013779757204605054,0.0,0.0,0.0,0.0,0.0,0.0,0.08761156676743671,0.0,0.04375103822213849,0.0,0.006328179478618424,0.21465690977386934,0.0036052985883838224,0.08090470582370557,0.0007710029678074319
s11T0223,0.4026163989648452,0.20332258115846222,0.0,0.0,0.0,0.0,0.0,0.0,0.05452513728415023,0.0,0.04124328318683307,0.0,0.008784836531909992,0.10697812029150802,0.036362747580798487,0.09010333118972245,0.056063563811770245
s12T0223,0.3117565426312412,0.19041867920454314,0.0,0.00483186425611714,0.034436862423800264,0.0,0.0,0.00652021516422827,0.03787789440771042,0.00918899605020314,0.040140489065524386,0.0,0.018466288922775905,0.15570556638709782,0.026603890742382452,0.10935106154416868,0.05470164920020715
s13T0223,0.4917076281468944,0.06520409892626451,0.0,0.0,0.0,0.0,0.0,0.0,0.07993674998022854,0.0,0.04728349442085103,0.0,0.00860555007245323,0.22757700983399828,0.0013589996889958984,0.07252189245827058,0.005804576472043471
s14T0223,0.4172253908774787,0.05382460991383783,0.0,0.0,0.0,0.0,0.0,0.0,0.10165316769648042,0.0,0.04458245201863401,0.0,0.039299220331249454,0.2467499034356227,0.00036761582162640874,0.08725481546139507,0.009042824443675549
s15T0223,0.4125160318300156,0.018780581934438254,0.0,0.0,0.0,0.0,0.0,0.0,0.06963335596073361,0.0011820225445119217,0.028822388707605576,0.0,0.05193450161298712,0.4009829216977758,0.0,0.012307858394108315,0.0038403373178238272
s02M0323,0.5979673181484018,0.0,0.0,0.0,0.0,0.00281647484777405,0.0,0.0,0.08786842254292274,0.0,0.02437460415943089,0.0,0.00977468735133473,0.27659201690577645,0.0,0.0006064760443593015,0.0
s03M0323,0.5933964056112053,0.0,0.0,0.0,0.0,0.0,0.0,0.0,0.09066886543903098,0.0,0.019902320138930448,0.0,0.016404824860159876,0.27962758395067344,0.0,0.0,0.0
s04M0323,0.49098397389481546,0.0,0.0,0.0007459629252132665,0.13342213998803487,0.0,0.0,0.0,0.06216045346501677,0.0019256081684426718,0.02819841105297049,0.0,0.0629120404392013,0.17320417309003844,0.0,0.046447236976266626,0.0
s05M0323,0.46791746437165954,0.0,0.0,0.0,0.08266266040652517,0.0038604495461440234,0.0,0.0,0.06096294225524503,0.000520275836229095,0.026923270783436613,0.0,0.05089949427783574,0.2832477294681927,0.0,0.023005713054731935,0.0
s06M0323,0.568783890307011,0.0,0.0,0.0,0.0,0.0020480738416034706,0.0,0.0002869526718736272,0.06924117896904046,0.0,0.02167230552838315,0.0,0.11468618779045439,0.22328141089163392,0.0,0.0,0.0
s07M0323,0.4736480191970788,0.0,0.0,0.0,0.0,0.004356514604909453,0.0,0.0,0.054888286978359985,0.0,0.01779542028419189,0.0,0.2302126223927849,0.21909913654267496,0.0,0.0,0.0
s08M0323,0.0,0.773948414827445,3.3341968292783104e-05,0.0,0.0,0.0,0.0,0.0,0.0,0.0,0.0,0.0,0.0,0.0,0.0861487827117206,0.02677235123425317,0.11309710925828843
s09M0323,0.007600674841100717,0.7275521539733371,0.001441288920108654,0.0,0.0,0.0,0.0,0.0,0.0,0.0,0.0,0.0,0.0,0.0025119631480937207,0.15119900096656524,0.03277262639329159,0.07692229175750302
s10M0323,0.4872032322509441,0.1227749241497616,0.0,0.0,0.0,0.0,0.0,0.0,0.05129891204354868,0.0,0.03001724923579374,0.0,0.0033623325417055793,0.21412578816552505,0.015592649865939952,0.057438379682979775,0.018186532063801435
s11M0323,0.3140064337864223,0.31781177925066356,0.0,0.0,0.0,0.0,0.0,0.0,0.02780570836905788,0.0,0.02452410957034095,0.0,0.002624620693993719,0.14871162207877542,0.07198276678755784,0.04825617243361629,0.044276787029572044
s12M0323,0.3433961197746314,0.27858735148545966,0.0,0.0,0.0,0.0,0.0,0.0,0.03971853221742821,0.0,0.022488651982819945,0.0,0.009287557148139901,0.14696050910120304,0.05737889793144168,0.06596551342348304,0.036216866935393055
s13M0323,0.31261609956175784,0.22758882395666144,0.0,0.0,0.0,0.0,0.0,0.0,0.030252553543384693,0.0,0.025027732859355587,0.0,0.1558992814201873,0.09992108118800509,0.06240379414818946,0.05284159218672687,0.033449041135731584
s14M0323,0.5090374084420582,0.12056885494283691,0.0,0.0,0.0,0.0,0.0,0.0,0.04673242753253461,0.0,0.030568876591877923,0.0,0.06598384734279063,0.13266193890902883,0.026106531395722495,0.05500368187445742,0.013336432968692887
s15M0323,0.5223015032090792,0.030743991482748124,0.0,0.0,0.0,0.0,0.0,0.0,0.07206173685413905,0.0,0.02609356064340093,0.0,0.08365755127069671,0.21287446973450352,0.0008365618861668312,0.048747303641241475,0.002683321278024155
s01X0323,0.6296314742526457,0.0,0.0,0.0,0.0,0.0,0.0,0.0009103106184584004,0.0393325159664033,0.0016965571217780141,0.01630158875019365,0.0,0.0189249835661278,0.29320256972439307,0.0,0.0,0.0
s02T0323,0.5680390525717701,0.0,0.0,0.0,0.0,0.0,0.0,0.0,0.029499376213318388,0.0,0.012850466242924337,0.0,0.006778380906103727,0.3828327240658834,0.0,0.0,0.0
s03T0323,0.6044107536017344,0.0,0.0,0.0,0.0,0.0,0.0,0.0,0.04248810853297531,0.0,0.015487377331599115,0.0,0.047543026971666916,0.29007073356202423,0.0,0.0,0.0
s04T0323,0.3370609701298868,0.0,0.0,0.0,0.0,0.0,0.0,0.0,0.03313685635879577,0.0,0.011802110851425632,0.0,0.29313603617882383,0.32486402648106805,0.0,0.0,0.0
s05T0323,0.3324991594862118,0.0,0.0,0.0,0.0,0.007174558043807936,0.0,2.2939011919674197e-05,0.037265658304832645,0.0,0.01701017342154933,0.0,0.3110318855077508,0.2949956262239279,0.0,0.0,0.0
s06T0323,0.3601929731316479,0.0,0.0,0.0,0.07169183904130418,0.00342334274264308,0.0,0.0,0.03832169153036669,8.598291356827796e-05,0.019885898359989797,0.0,0.20048097249382849,0.3059172997866515,0.0,0.0,0.0
s07T0323,0.34182769698814514,0.0,0.0,0.0,0.0,0.002267070890586018,0.0,0.0,0.034492032105432065,0.0,0.014209967709533405,0.0,0.3858283863270342,0.22137484597926926,0.0,0.0,0.0
s08T0323,0.0,0.6976082810246163,0.0007486685902657434,0.0,0.0,0.0,0.0,0.0,0.0,0.0,0.0,0.0,0.0,0.002145671298960183,0.21467204781069676,0.02111180271287978,0.06371352856258111
s09T0323,0.07132065633169747,0.6128084003836036,0.0,0.0,0.0,0.001645760552481227,0.0,0.00196350240793501,0.0034412890283685126,0.0,0.0042241065137097215,0.0,0.0,0.03321326091679162,0.1177283690745385,0.055910901586506946,0.09774375320436737
s10T0323,0.45151084015818055,0.12459485820715654,0.0,0.0,0.0,0.0,0.0,0.0004488904718280127,0.03079021824442799,0.000369370180269702,0.021696044743777676,0.0,0.004101340849262346,0.2979152749031218,0.02931231472505126,0.020891072461739324,0.018369775055184744
s11T0323,0.32562677023417236,0.29312352871276154,0.0,0.0,0.0,0.0,0.0,0.0,0.023406570361260884,0.0,0.01536989119542271,0.0,0.00323834532721103,0.1849217111369482,0.06917281598396954,0.0398611785066956,0.04527918854155814
s12T0323,0.4159990907360466,0.1765589015616943,0.0,0.0,0.0,0.0,0.0,0.000499508963829887,0.032881285973811375,0.0022855139542861174,0.018064385099865264,0.0,0.013754955088598142,0.25812034386400384,0.044043990943671424,0.018295190344501853,0.01949683346969116
s13T0323,0.5113552857173284,0.09519418589125103,0.0,0.0,0.0,0.0,0.0,0.0,0.04570349564755959,0.0,0.021561726940134893,0.0,0.018417543809909898,0.2537866303197025,0.018972083393873223,0.021365305149668307,0.013643743130572072
s14T0323,0.48424010238493786,0.09696960701721044,0.0,0.0,0.0,0.0,0.0,0.0006744144678535361,0.0638183514438824,0.0,0.025429065656519347,0.0,0.1091285702979111,0.14431413527521825,0.013566352300405786,0.05296385499422364,0.008895546161837686
s15T0323,0.5048352342962499,0.03981804099027757,0.0,0.0,0.0,0.0,0.0,0.0002740649232188474,0.05435427642708755,0.0005709923559515503,0.017516847989629363,0.0,0.01928855375750069,0.33723858065516943,0.004223676169938921,0.0184454289859772,0.0034343034489989588
s02M0423,0.37367398621649534,0.0,0.0,5.644430791452603e-05,0.032100790165243996,0.0,0.0,0.0005892965426347548,0.016880377452388746,0.00657449413248199,0.014519846584208311,0.0005496890607853298,0.015304972124359696,0.5397501034134874,0.0,0.0,0.0
s03M0423,0.3832089163667149,0.0,0.0,0.0006916932334368386,0.0004149996043051234,0.0,0.001070475269078228,0.0,0.03664399091100392,0.0033028737932154282,0.01862298750111949,5.2031260431273955e-05,0.03365108829462008,0.5223409437660748,0.0,0.0,0.0
s04M0423,0.0,0.0,0.08005259708454848,0.0055679647983136885,0.589697494844969,0.0,0.002529129215223813,0.0,0.0,0.0003804051066328015,0.0035317881449977023,0.0,0.06904017929510034,0.15566427947812095,0.0,0.0935361620320932,0.0
s05M0423,0.24064806427582766,0.0,0.0409061395656854,0.0012022551573209286,0.18437816198708867,0.0,0.0,0.0,0.029836319403879954,0.0,0.024540219746533844,0.0,0.18168067658954493,0.2249960891708068,0.0,0.07181207410331175,0.0
s06M0423,0.3148572036184078,0.003996871548853114,0.0,0.00029678253422715816,0.0,0.0,0.00015057545783023318,0.0,0.03707488530807005,0.0028025767536294676,0.014967290883520059,0.0004610560425605688,0.26573521970196096,0.35965753815094065,0.0,0.0,0.0
s07M0423,0.0,0.0,0.0,0.00020065251543364726,0.0,0.010045758957587934,0.0016079664765554194,0.003459882293535842,0.05735125839719943,0.00791979397327294,0.0,0.0017050335070550012,0.09840473470158881,0.8193049191777708,0.0,0.0,0.0
s08M0423,0.0,0.7364184029748719,4.321622843429158e-05,0.0,0.0,0.0,0.0,0.0,0.0,0.0,0.0,0.0,0.0,0.0,0.1435444928667251,0.02337087904676251,0.09662300888320613
s09M0423,0.014796398017068607,0.5544261427714745,0.0,0.0,0.0,0.0,0.0,0.0,0.0,0.0,0.0006343754305169557,0.0,0.0,0.007391915160765359,0.2706791130308745,0.03078457526085214,0.12128748032844791
s10M0423,0.014713471122246207,0.5772803126384789,0.0,0.0,0.0,0.0,0.0,0.0,0.0009824032228256297,0.0,0.0021210104152832735,0.0,0.00038870676567719396,0.010598516229915964,0.25207111957078493,0.03955259476305049,0.10229186527173738
s11M0423,0.007987601151020332,0.601131071357378,0.0007700772897773101,0.0,0.0,0.0,0.0,0.0,0.0,0.0,0.0025428937217459096,0.0,0.003975586063631285,0.007598422972879529,0.24145038290182905,0.03435999555337821,0.10018396898836027
s12M0423,0.0,0.561093513583102,0.000786371392933131,0.0,0.0,0.0,0.0,0.0,0.0,0.0,0.0,0.0,0.013452059417779398,0.0011741943727051221,0.2983808061193726,0.032883388202516343,0.09222966691159139
s13M0423,0.055626360675536383,0.3749651140628192,0.0,0.0,0.0,0.0,0.0,0.0,0.003097565457889782,0.0,0.006599878093426006,0.0,0.03456657735225039,0.0012724570683636353,0.2962890412668346,0.08196373191188293,0.1456192741109971
s14M0423,0.2467648573030257,0.32301345475302173,0.0,0.0,0.0,0.0,0.0,0.0,0.030040201574686096,0.0,0.009970044478708152,0.0,0.03275099868355142,0.13414452071071484,0.11349510055646803,0.06958917303716013,0.04023164890266399
s15M0423,0.015540073729888193,0.6439268583574009,0.00015250488913553077,0.0,0.0,0.0,0.0,0.0,0.0009548996318408466,0.0,0.004871518156822676,0.0,0.002741871648043459,0.017952975141724153,0.16639741985106882,0.04791594455933669,0.0995459340347387
s01X0423,0.25243533417382796,0.0012037136431763361,0.02971984429718824,0.0,0.023202154742206042,0.0016937698244765748,0.0,0.0,0.03723497081538134,0.0063219702065954305,0.014362881237170602,8.602322831830092e-05,0.020887682126321788,0.6020833880406848,0.010768267664652673,0.0,0.0
s02T0423,0.0,0.030845217947951767,0.3260335534261686,0.0,0.0484299306160058,0.0,0.0,0.0,0.0066373415522544285,0.0,0.0,0.0,0.013810076518541624,0.5009914642283846,0.0402428866514149,0.0330095290592782,0.0
s03T0423,0.0,0.01157556202141645,0.5174816998235808,0.0,0.04061638276324892,0.0,0.0,0.0,0.0,0.0,0.0,0.0,0.023628224689805515,0.3514690222891589,0.027357541261709337,0.027871567151080204,0.0
s04T0423,0.0,0.030053553395629984,0.25517402040094606,0.0029175367043358254,0.15694115442626957,0.0,0.0,0.0,0.0,0.0,0.0,0.0,0.06769168449018531,0.4015316623141549,0.037812573551160515,0.04787781471731777,0.0
s05T0423,0.0,0.009602098179504822,0.2556508103511299,0.00410807408564871,0.28579438476058233,0.0,0.0,0.0,0.0,0.0,0.0,0.0,0.0715621491645396,0.2806502503944381,0.023413921193137704,0.06921831187101876,0.0
s06T0423,0.0,0.016878962244421536,0.2600074677024729,0.0,0.22787501194053503,0.0,0.0,0.0,0.0,0.0,0.0,0.0,0.04118038104227588,0.3776650558272611,0.03287327820783438,0.04351984303519915,0.0
s07T0423,0.0,0.01685757461102227,0.39118081751257683,0.0005646362381348682,0.020527004659165782,0.0,0.0,0.0,0.0005538757266755978,0.0,0.0,0.0,0.18092310308050538,0.34451739098042083,0.03374350197149005,0.011132095220008392,0.0
s08T0423,0.0,0.7633634007450599,0.0012138448332126676,0.0,0.0,0.0,0.0,0.0,0.0,0.0,0.0,0.0,0.0,0.003410859699218883,0.17559205789174734,0.012675212924264346,0.04374462390649686
s09T0423,0.0,0.544223714068396,0.00016526328122442392,0.0,0.0,0.0,0.0,0.0,0.0,0.0,0.0,0.0,0.0,0.0,0.30209591369866,0.02053506327674499,0.13298004567497468
s10T0423,0.07954352028972121,0.2249103554793742,0.0,0.0,0.0,0.0,0.0,0.0,0.00439352306634767,0.015876225200086174,0.013122776113143601,0.0,0.005186933316042268,0.0014677576945324438,0.37299305756443946,0.09175951735270775,0.19074633392360515
s11T0423,0.0,0.6507717743506594,0.001181675817290063,0.0,0.0,0.0,0.0,0.0,0.0,0.0,0.0,0.0,0.0,0.00319052842658612,0.2423062333999605,0.02272208312033465,0.07982770488516931
s12T0423,0.008990567933929106,0.630488381458242,0.0006603739334692576,0.0,0.0,0.0,0.0,0.0,0.0,0.0,0.0,0.0,0.0026200397064513013,0.013176929575856915,0.22105367830999792,0.036582904845212975,0.08642712423684044
s13T0423,0.04592632786061837,0.6355821338157055,0.0,0.0,0.0,0.0,0.0,0.0,0.004428752814330743,0.0,0.0032794903923426153,0.0,0.03885092869680054,0.03642117745092115,0.11317881472564789,0.05409059459229675,0.0682417796513366
s14T0423,0.030687407072036595,0.06646410602520898,0.1588611519860045,0.0,0.0,0.00391718716024911,0.0,1.533542175053966e-05,0.024719565667344196,0.0,0.008902985117257792,0.0,0.2650986677184669,0.3754995132389431,0.038567608969597794,0.019384198402966717,0.007882273220173824
s15T0423,0.0,0.01927970146235634,0.3649775432809262,0.0,0.0,0.0,0.0,0.0,0.013149854076148387,0.0,0.0015682446212389818,0.0,0.06936152562726101,0.4865296296958723,0.0313561629844783,0.013777338251718394,0.0
s02M0523,0.0,0.008948354424807356,0.31509234102723804,0.0,0.09021605109642906,0.00011732530663015694,0.0,0.0,0.0,0.0,0.0,0.0,0.01060734992687241,0.4895422161124256,0.05025578087107726,0.03522058123452005,0.0
s03M0523,0.0,0.016139763488310213,0.26492201945287086,0.002451839791311603,0.2734669203880445,0.0,0.0,0.0,0.0,0.0,0.0001229079334271344,0.0,0.026570451751983262,0.3195238937453345,0.00607743673726023,0.09072476671145759,0.0
s04M0523,0.0,0.01870571706700587,0.2520746863869531,0.0004954090202073087,0.23021840684034656,0.0,0.0,0.0,0.0,0.0,0.0018387537311806452,0.0,0.018834088523518176,0.3924327840023735,0.022886393432958615,0.06251376099545605,0.0
s05M0523,0.0,0.01663985780061333,0.2185397924577887,0.0,0.19456089365616064,0.0,0.0,0.0,0.0,0.0,0.0,0.0,0.10642551004613139,0.38114919000009523,0.030495465164813627,0.0521892908743971,0.0
s06M0523,0.0,0.016431469283766896,0.22961854346626856,0.0027045165632433948,0.19416622760996494,0.0,0.0,0.0,0.0,0.0,0.0019831262258563965,0.0,0.0590083431148305,0.3987441912790985,0.037773288470686193,0.05957029398628473,0.0
s07M0523,0.0,0.019733503327853005,0.1524783192471388,0.0,0.036938334840486774,0.007086899098196269,0.0,0.0,0.0,0.0,0.000729734129199684,0.0,0.021411726162203343,0.7005305973173579,0.06109088587756427,0.0,0.0
s08M0523,0.0,0.7046473209001533,0.0006367867575757385,0.0,0.0,0.0,0.0,0.0,0.0,0.0,0.0,0.0,0.00020407252993329917,0.0037277279201960267,0.22162007039379777,0.008523576817949692,0.06064044468039419
s09M0523,0.001856672402309867,0.6777720240688611,0.0012148947590040675,0.0,0.0,0.0,0.0,0.0,0.0,0.0,4.2988724572821355e-05,0.0,0.0009893083113534323,0.0020236265719146165,0.19340951821596009,0.032632487798768185,0.09005847914725591
s10M0523,0.06497607236373983,0.0394927965238515,0.1529600008327739,0.0007362294933371434,0.020689047104870798,0.0,0.0,0.001120707185746677,0.0,0.02539365623287231,0.06430235730718627,0.0,0.023753511846123055,0.041953527697481396,0.19461177720072853,0.31259719254751916,0.05741312366376954
s11M0523,0.22652136148649027,0.20876464231864544,0.026019517920650742,0.0,0.0,0.0,0.0,0.0,0.03892971161051048,0.0,0.019188690153099833,0.0,0.0025750247977959725,0.19857377986269675,0.0976741927103677,0.15163355162283382,0.03011952751690906
s12M0523,0.10944409815447738,0.2628679290989186,0.030451072242256332,0.0017431904192312725,0.0032767602375641646,0.00179254369792498,0.0,0.0016237567985391795,0.03218941016062927,0.0,0.014376292990001698,0.0,0.018674004880523704,0.20830556850870088,0.07250650596173544,0.1796075688823306,0.06314129796716662
s13M0523,0.2987515913277445,0.16813553898193223,0.01603794070938478,0.0,0.0,0.0,0.0,0.0,0.054147715914959114,0.0,0.01868976712966509,0.0,0.0,0.20198440606150922,0.06080594234125441,0.1699602660571862,0.0114868314763646
s14M0523,0.1225057790940989,0.07046738961403326,0.10897853346466403,0.0,0.000651964705329575,0.0027969572951633726,0.0,0.0,0.06733290011356662,0.0,0.01733094191758667,0.0,0.006542045170874052,0.4195477327359385,0.04176235859389027,0.14208339729485484,0.0
s15M0523,0.020376727139045665,0.049829292164441756,0.16328300419501443,0.0,0.016847038477204083,0.0003977484901951457,0.0,0.0,0.03789678504521239,0.0,0.010560607753494048,0.0,0.02265959663856106,0.5197491446421725,0.0578861310382641,0.10051392441639477,0.0
s01X0523,0.05295520835711271,0.010793665216091264,0.27105842735441066,0.0,0.04025754363712695,0.0,0.0,0.0,0.008833626942805104,0.0,0.008192187508929475,0.0,0.05518438539186431,0.4707737891093292,0.02076885907515136,0.06118230740717904,0.0
s02T0523,0.2065005268618114,0.01185382590541422,0.09941482178825324,0.0005454699212455585,0.027015138883991804,0.0,0.0,0.0017226749257997934,0.05356042032415133,0.0,0.012769278040889152,0.0,0.0038049463412981334,0.5351067971232469,0.006186959320189592,0.03535171160730356,0.00616742895640541
s03T0523,0.31319297451639894,0.005257876690059121,0.07690740964370754,0.00011641880961520652,0.029574984972195916,0.0,0.0,6.0129622896938e-05,0.05006398109698234,0.0038585121994186484,0.017729834450426862,0.0,0.004777966111032431,0.47367953977082783,0.003983511491565894,0.020176512698812172,0.0006203479260600598
s04T0523,0.07615656616698696,0.017184019906861157,0.14517118425713021,0.00236692883596593,0.07812511858002708,0.002949350856318738,0.0,0.0007164196447591143,0.01918692334803383,0.0022492051831974973,0.01050607061670811,0.0,0.012019008795537075,0.5651399005974332,0.03377132250666152,0.034457980704379595,0.0
s05T0523,0.03732797560051652,0.013635150272568316,0.14473360563641116,0.0,0.07034749304981845,0.001960563834208071,0.0,0.0,0.008588476147969345,0.0,0.007450479783593852,0.0,0.010910978831802975,0.6284546776123899,0.037071960529142994,0.0395186387015784,0.0
s06T0523,0.05099885446616058,0.013123853527676609,0.14404061519071457,0.0,0.040632736705144196,0.0072331227121948,0.0,0.0,0.01760008425157201,0.0009172304658936986,0.012188339639059357,0.0,0.05348324780083,0.6332412395739779,0.025403343405601693,0.001137332261174567,0.0
s07T0523,0.0,0.008063362579947489,0.20570894788555133,0.0,0.0,0.0,0.0,0.0,0.01997235041744481,0.0,0.007595729577491544,0.0,0.28969694248702044,0.4167284794301638,0.026696063748829213,0.02553812387355141,0.0
s08T0523,0.0,0.7303657129658767,0.0008352615186117787,0.0,0.0,0.0,0.0,0.0,0.0,0.0,0.0,0.0,0.0,0.0016103355923815005,0.18094012437440518,0.015463267716494627,0.07078529783223016
s09T0523,0.0,0.6867598920175183,0.0,0.0,0.0,0.0,0.0,0.0,0.0,0.0,0.0,0.0,0.0,0.0,0.2014012038041435,0.025846190669474887,0.08599271350886324
s10T0523,0.14272389306239638,0.21778967357021287,0.0,0.0,0.0,0.0,0.0,0.0,0.029093764628900527,0.004564549066317301,0.04331754543997827,0.0,0.0,0.0,0.11177082489781241,0.3847653177284923,0.06597443160589012
s11T0523,0.19068105227230725,0.23228849707457097,0.0,0.0,0.0,0.0,0.0,0.0,0.0489911496632101,0.0,0.03236388158208295,0.0,0.0,0.018389567064552238,0.0860065315994985,0.3442288601305323,0.04705046061324567
s12T0523,0.22925207506019657,0.07022441630541369,0.0,0.0,0.0,0.0,0.0,0.0,0.1260691119731616,0.0,0.0191491428471198,0.0,0.0,0.3195990567533672,0.002032597927267966,0.23367359913347302,0.0
s13T0523,0.2321585122621881,0.05342075514118715,0.0,0.0,0.0,0.0,0.0,0.0,0.11465367812030504,0.0,0.022026966561925546,0.0,0.021963244735130016,0.3064637515092883,0.006239806585725024,0.2430732850842509,0.0
s14T0523,0.22560112874508367,0.03325882132185191,0.042663476094906776,0.0,0.0,0.0,0.0,0.0,0.09170181121674925,0.0,0.024819369533768076,0.0,0.030273352442836392,0.29243934824890105,0.02163533260081835,0.23760735979508463,0.0
s15T0523,0.0,0.013082009786643287,0.2712720395672137,0.0,0.0,0.0,0.0,0.0,0.03919388217100155,0.0,0.003512474750463074,0.0,0.11095916759881509,0.4518643574960029,0.015960587658024123,0.09415548097183617,0.0
s02M0623,0.0,0.007593344162650914,0.08684973715119589,0.0,0.0,0.0011059695617659173,0.0,0.0,0.024125408189350696,0.0,0.002764458917630251,0.0010380248406628581,0.0,0.8372923273303876,0.0,0.039230729846355755,0.0
s03M0623,0.0,0.00859412719446642,0.10991530439471062,0.0,0.0,0.00024462185004393746,0.0,0.0,0.057592761136307034,0.0,0.009451671541675956,0.00020587023827955126,0.14111325537784744,0.5344792972691725,0.010721576637284,0.12768151436021272,0.0
s04M0623,0.0,0.005177777035491158,0.13713330308757293,0.0027413480956237765,0.1006345106681014,0.0,0.00828898096390508,0.0,0.005723746254018642,0.0,0.0023723656321029034,0.0,0.5087496817182561,0.17713833002961868,0.0009504368564746455,0.051089519658834744,0.0
s05M0623,0.0,0.013751389864644904,0.16602282331349683,0.0,0.11079651519647508,0.0007634089318681522,0.0,0.0,0.0038673772010525916,0.0,0.007144057004507825,0.0,0.3381829756228707,0.2921694976616884,0.0037081183762262514,0.06359383682716928,0.0
s06M0623,0.0,0.005310672754937024,0.10913114699672583,0.0,0.08531339968020069,0.0,0.0,0.0,0.015195636782249979,0.0,0.0018316003816552017,0.0008343126810977505,0.4036860381366537,0.31361854753507734,0.0005990527878143514,0.064479592263588,0.0
s07M0623,0.0,0.006433490857369781,0.09271627425042996,0.0,0.0,0.003134942722191203,0.0,0.0,0.02592019853563726,0.0,0.0018670845355791847,0.0,0.44611215069995724,0.41639021423541933,0.0,0.007425644163416012,0.0
s08M0623,0.0,0.7928964214725264,0.0,0.0,0.0,0.0,0.0,0.0,0.0,0.0,0.0,0.0,0.0,0.0,0.08358023460009274,0.037058633481224006,0.08646471044615693
s09M0623,0.008136432751572187,0.8306228259997975,0.0,0.0,0.0,0.0003824969235511915,0.0,0.0,0.0006186746458393104,0.0,0.0,0.0,0.0,0.0,0.032304760728437354,0.0606434887925631,0.06729132015823926
s10M0623,0.010320281832215143,0.7604109606665125,0.0,0.0,0.0,0.0,0.0,0.0,0.007439931568055046,0.0,0.0026361229951549032,0.0,9.554781587961028e-05,0.0,0.07273542132714837,0.08666137092651358,0.0597003628685206
s11M0623,0.0,0.7245175416312166,0.0,0.0,0.0,0.0,0.0,0.0,0.0020492626165204714,0.0,0.0,0.0,0.0622832214031716,0.0,0.07280381304309594,0.06668497120784947,0.0716611900981458
s12M0623,0.08492946797736829,0.12370944012196561,0.0,0.0,0.0,0.0,0.0,0.0,0.15696801194199902,0.0,0.021258682487443045,0.0,0.13881787521344774,0.06816147223781176,0.0,0.4044798416588806,0.001675208361084004
s13M0623,0.046692233493029874,0.13737542200531422,0.0,0.0,0.0,0.0,0.0,0.0,0.1707065818720846,0.0,0.015046140717455782,0.0,0.16277936368659893,0.11102462156066209,0.0,0.3563756366648546,0.0
s14M0623,0.04450767622275027,0.05587779640113058,0.0,0.0,0.0,0.0,0.0,0.0,0.11855242820618857,0.0,0.022023734478851517,0.0,0.40929095835428114,0.03726431285323485,0.027271301985273614,0.28127526924191776,0.003936522256371655
s15M0623,0.2636651901155444,0.04257005380094396,0.01954398380853364,0.0,0.0,0.0,0.0,0.0,0.11959469650716109,0.0,0.025872164173838395,0.0,0.0,0.13373770359326081,0.020881352240533547,0.3741348557601842,0.0
s01X0623,0.0,0.009539999270204257,0.17028920804127662,0.0010499042683069417,0.0,0.0,0.0,0.0,0.04512297048349216,0.0,0.005453187641993439,0.0008652717649220801,0.01679433238260004,0.574488983112313,0.0,0.17639614303489146,0.0
s02T0623,0.0,0.010631615340347416,0.16652525941273558,0.0,0.1155604993730634,0.0,0.0,0.0,0.03597603321744542,0.0,0.010876360982422688,0.0005889499037126824,0.0005574738750177721,0.4725141237455572,0.0,0.18676968414969797,0.0
s03T0623,0.0,0.007603851562366277,0.0614665042071435,0.0,0.0,0.0,0.0,0.0,0.10535789898899674,0.0,0.008588479260970826,0.0012504374752642135,0.0,0.6827063648268699,0.0,0.13302646367838866,0.0
s04T0623,0.0,0.016916389968961526,0.15237531739145344,0.0,0.24039625472066392,0.0,0.0,0.0,0.011205100966094415,0.0,0.00926361009700994,0.0,0.034109982791692764,0.37816841851873656,0.004900912665271632,0.15266401288011558,0.0
s05T0623,0.0,0.00906628375372851,0.25068421067228486,0.0,0.17793510123169143,0.0,0.0,0.0,0.029104305925255917,0.0,0.008363499932012984,0.00040592908187950385,0.012777595024810639,0.31314488502912174,0.0,0.19851818934921436,0.0
s06T0623,0.0,0.0161676601619273,0.14100436930312685,0.0,0.2808956521976799,0.0,0.0,0.0,0.0222541290969214,0.0,0.008814799467954312,0.0,0.01311959872245216,0.3606965706962526,0.00042901341371753214,0.156618206939968,0.0
s07T0623,0.03237164308519728,0.02561959143485936,0.10127531466278406,0.0,0.0,0.0,0.0,0.0,0.07170250114396853,0.0,0.00890830862520167,0.0,0.0,0.5884396859267678,0.015895706919628393,0.1557872482015929,0.0
s08T0623,0.0,0.8735586095959917,0.0,0.0,0.0,0.0,0.0,0.0,0.0,0.0,0.0,0.0,0.0,0.0,0.043786479115847654,0.03194189286687739,0.05071301842128329
s09T0623,0.015492964485112124,0.6278493045642898,0.003839659607286595,0.0,0.0,0.0,0.0,0.0,0.00016288282066586338,0.0,0.0008812125403639785,0.0,0.0,0.016990210632305065,0.16846331683195864,0.07691980034687455,0.08940064817114328
s10T0623,0.1277397433896391,0.10772651256936737,0.0,0.0,0.0,0.0061163083519200885,0.0,0.0,0.07958316868950004,0.0,0.015175224316613792,0.0,0.0,0.40220194089477074,0.01422549935332304,0.24043318951849743,0.0067984129163684666
s11T0623,0.11689690953268086,0.41114088580424374,0.0,0.0,0.0,0.0,0.0,0.0,0.03911856481800495,0.0,0.01053388217929098,0.0,0.0,0.12648661514712606,0.06141963875336311,0.17881839843979147,0.055585105325498936
s12T0623,0.06741554768547599,0.2358366175685071,0.0,0.0030871798422255426,0.00372504917666843,0.0,0.0003638208254243283,0.0,0.09451302952717927,0.0,0.01664460072969125,0.0,0.004636187853125462,0.24508298631012518,0.0019602590406298105,0.2979453178370377,0.02878940360390991
s13T0623,0.08341902455871751,0.16848809127695438,0.0,0.0,0.0,0.0,0.0,0.0,0.11267248119161016,0.0,0.01240316979698377,0.0,0.0,0.3006552016088739,0.030639794205716803,0.2911350304156079,0.0005872069455356
s14T0623,0.23111120401250457,0.07487092313305994,0.0,0.0,0.0,0.0,0.0,0.0,0.1114069345047794,0.0,0.029000918484385362,0.0,0.002995669663071121,0.048514636594399696,0.07558365682379307,0.42179072435184817,0.004725332432158599
s15T0623,0.2592736750851669,0.05223141644144069,0.0,0.0,0.0,0.0,0.0,0.0,0.10426850927159109,0.0,0.028591501592102938,0.0,0.060748394460447504,0.12711152906718245,0.029498232061131544,0.33533497115908584,0.0029417708618509754
s02M0723,0.21128466029936546,0.0,0.11976782884100098,0.0,0.006635672608866283,0.0,0.0,0.0,0.0351863578313739,0.0,0.02017814739405876,0.000862949143591762,0.042441974951133145,0.44494023273089733,0.0,0.11870217619971236,0.0
s03M0723,0.15071508213579837,0.0031538391574281043,0.09260164149751762,0.0004538697790273899,0.02990045153030397,0.0,0.0,0.0,0.04730357362551799,0.0,0.012744681492536415,0.0009584359373137319,0.010786812776487192,0.5452667883033767,0.0,0.10611482376469247,0.0
s04M0723,0.11976271826445747,0.014811731362963898,0.04304446830754912,0.0,0.02141117486577749,0.0002867419421342621,0.0,0.0,0.02392649011227095,0.0,0.013519446384535085,0.0,0.0057954908559952455,0.6809675861695419,0.018749648979758282,0.05772450275501624,0.0
s05M0723,0.09128470739282495,0.006291149224547753,0.13521940646423075,0.0,0.07453346295794576,0.00039221389559530943,0.0,0.0,0.03487745901650316,0.0,0.009989507244887258,0.0005107695287501176,0.009917350348272421,0.5037198123943805,0.007370225265121727,0.12589393626694032,0.0
s06M0723,0.0,0.012906593840603523,0.10806127525807856,0.0,0.10844669781783575,0.003826083300455156,0.0,0.0,0.024476457892735216,0.0,0.01363631721627418,0.0,0.008442907292397606,0.5805120879106721,0.029672382356664796,0.11001919711428328,0.0
s07M0723,0.004355742478762881,0.0032672619385014975,0.04480427478845691,0.0,0.0,0.0011148846028519335,0.0,0.0,0.05683218847067166,0.0,0.008820105897208406,0.001240279010011992,0.0,0.7814765866952739,0.019128489405075257,0.07896018671318558,0.0
s08M0723,0.0,0.6864781998767558,2.0451154510317614e-05,0.0,0.0,0.0,0.0,0.0,0.0,0.0,0.0,0.0,0.0,0.0,0.17280147489062744,0.01405166977524595,0.1266482043028604
s09M0723,0.0,0.8374771048542055,0.0,0.0,0.0,0.0,0.0,0.0,0.0,0.0,0.0,0.0,0.0,0.0,0.08306330458645299,0.02048198415892715,0.05897760640041425
s10M0723,0.0,0.5493386714818376,0.0,0.0,0.0,0.0,0.0,0.0,0.0,0.0,0.0008000620665684142,0.0,0.0,0.0,0.2506254633069132,0.055910545435459424,0.14332525770922133
s11M0723,0.0,0.7537174778248905,0.0,0.0,0.0,0.00030240564903206806,0.0,0.0,0.0,0.0,0.0,0.0,0.0,0.0,0.05794361444961305,0.051790985363931626,0.13624551671253277
s12M0723,0.0,0.5284717443672412,0.0,0.0,0.0,0.0,0.0,0.0,0.0,0.0,0.0,0.0,0.0,0.0,0.1629452450924911,0.10566305685858765,0.2029199536816801
s13M0723,0.032562712577220335,0.4109680432244673,0.0,0.0,0.0,0.0,0.0,0.0,0.0329626652501979,0.0,0.005015230734038476,0.0,0.0,0.0,0.024336050038593456,0.38386556668696253,0.11028973148852005
s14M0723,0.22215619342618467,0.11232760642559504,0.0,0.0,0.0,0.0,0.0,0.0,0.1252634397832961,0.0,0.030241734239032286,0.0,0.0,0.05762241114532827,0.004767130124286506,0.4253312483308553,0.02229023652542176
s15M0723,0.0,0.03443782570739451,0.02090648585342154,0.0,0.0,0.002974043154933257,0.0,0.0,0.2746739890860187,0.0,0.0,0.0,0.0707871238208125,0.5112411423403461,0.006387009075807239,0.0785923809612661,0.0
s01X0723,0.3167394685836162,0.0,0.02652985458923847,0.0,0.0,0.0,0.0,0.0,0.055859315000609554,0.0,0.01752511638223865,0.0003131837628092048,0.06481302886712044,0.37941231090636524,0.017909330137010133,0.12089839177099217,0.0
s02T0723,0.17982900389245643,0.0,0.0,0.0,0.0,0.0,0.0,0.0,0.050595124186719964,0.0027607023355891913,0.002606515881602931,0.0,0.0,0.7642086537036314,0.0,0.0,0.0
s03T0723,0.20729412258839655,0.0,0.0,0.0,0.0,0.0,0.0,0.0,0.03370088131742087,0.0022955910158235495,0.003910308315617782,0.0001734368835579124,0.029219621424773756,0.7234060384544095,0.0,0.0,0.0
s04T0723,0.16300987336663028,0.0012054158462992905,0.06251264858274146,0.0007748868758904826,0.09722663056245373,0.0,0.0,0.0,0.026086552501587118,0.0,0.006676780997851444,0.00030320755077177866,0.163058305257027,0.4159075498222822,0.0019170840511262748,0.061321064585338994,0.0
s05T0723,0.0757789289400519,0.004916574553078997,0.052185611221170575,0.0,0.08997182651609299,0.0,0.0,0.0,0.03893851625794442,0.0,0.005849207313543788,0.0006216679673335099,0.23053318223632063,0.4046540670376519,0.0,0.09655041795681123,0.0
s06T0723,0.06264198417595324,0.0011409549588805392,0.058641139454437226,0.0,0.14659230989907948,0.0,0.0,0.0,0.019053772976545105,0.0,0.007374231293649513,0.0005871670514942532,0.20042787250157182,0.4188797388751032,0.0,0.08466082881328563,0.0
s07T0723,0.2082886777077774,0.006652134039964485,0.04374117916441952,9.156663767375497e-05,0.022204831072908462,0.0,0.0,0.0,0.051913860659728,0.0,0.010166085584836526,0.0,0.3381918235810978,0.19311679283170102,0.005050575254808612,0.12058247346508448,0.0
s08T0723,0.0,0.8674662457956195,0.0,0.0,0.0,0.0,0.0,0.0,0.0,0.0,0.0,0.0,0.0,0.0,0.030817009988719772,0.017515701282856466,0.08420104293280427
s09T0723,0.0,0.40129702966296404,0.0,0.0,0.0,0.0,0.0,0.0,0.0015382227000322701,0.010730525709719324,0.010670407398140557,0.0,0.0,0.0,0.20064723806839244,0.2088732057046935,0.16624337075605805
s10T0723,0.17558447649705217,0.03723029546035284,0.0,0.0,0.0,0.0,0.0,0.0,0.06385747201029919,0.0,0.054374962549725445,7.090873340465887e-05,0.0,0.0,0.0,0.649577271642602,0.019304613106563694
s11T0723,0.051407984531618316,0.4761535492912323,0.0,0.0,0.0,0.0,0.0,0.0,0.039805921607910535,0.0,0.017032958122701634,0.0,0.0,0.0,0.07028437959204968,0.24793164182964234,0.09738356502484513
s12T0723,0.09565372898833135,0.24405598343673998,0.0,0.0,0.0,0.0,0.0,0.0,0.08431788013203345,0.0,0.022512220408276763,0.0,0.0,0.0,0.0,0.4997849392921139,0.05367524774250452
s13T0723,0.1709836386454871,0.1590933544036863,0.0,0.0,0.0,0.0,0.0,0.0,0.07221902843363853,0.0,0.024019587299339347,0.0,0.0034149083414455345,0.0,0.004119486295394449,0.5118013367180169,0.0543486598629918
s14T0723,0.11304886806900714,0.1120008924451423,0.0,0.0,0.0,0.0,0.0,0.0,0.2265368485051277,0.0,0.010512983803300608,0.0,0.0,0.14110459103495093,0.0,0.3967958161424713,0.0
s15T0723,0.14410170174327286,0.03026692393518415,0.0,0.0,0.0,0.0,0.0,0.0,0.12532993503367065,0.0,0.02145395221341923,0.0,0.22283549518252688,0.09838084461630599,0.0037901365100790232,0.3504193354981238,0.0034216752674172796
s02M0823,0.3170834885169477,0.0,0.0,0.0,0.0,0.0,0.0,0.0,0.2001704904715464,0.0008666328169136614,0.01280086651611087,0.0,0.0025105111540227347,0.46615831486460496,0.0,0.0,0.00040969565985381835
s03M0823,0.3728621962068519,0.0,0.009414035201910916,0.0,0.03065635310533766,0.001444116000170291,0.0,0.005792936372012135,0.10717404011858947,0.0033255089846210657,0.023777143712617823,0.0,0.020567907467716102,0.312402220270352,0.0,0.11258354255982071,0.0
s04M0823,0.3570334764887444,0.0,0.0,0.0,0.0,0.0,0.0,0.0014323142326850581,0.18615071186896937,0.002843278922908552,0.02392362600036048,0.0,0.004032242852318814,0.37884519008485107,0.0,0.04573915954916234,0.0
s05M0823,0.2632106083958711,0.0,0.0,0.0,0.017789443927705706,0.0,0.0,0.005114966287669583,0.1539794366769455,0.011826732569706537,0.02046340773451623,0.0,0.06539663157335282,0.41850554553794345,0.0034683849961244114,0.04024484230016481,0.0
s06M0823,0.30587550136316216,0.0,0.0,0.0,0.0,0.002080065760113106,0.0,0.005510257326524453,0.18886566653642442,0.003178841158020814,0.02721598652209776,0.0,0.053154660036315776,0.34803188119052225,0.0,0.06608714010681926,0.0
s07M0823,0.2771241481451891,0.0,0.0,0.0,0.0,0.0,0.0,0.0,0.29850839848409116,0.0,0.01472713867686089,0.0,0.004771796761544508,0.40486851793231426,0.0,0.0,0.0
s08M0823,0.0,0.8753025026229874,0.0,0.0,0.0,0.0,0.0,0.0,0.0,0.0,0.0,0.0,0.0,0.0,0.01389958242693204,0.028289655274229455,0.08250825967585115
s09M0823,0.0,0.8324651934782175,0.0,0.0,0.0,0.0004541688018408218,0.0,0.0,0.0,0.0,0.0,0.0,0.0,0.0,0.019150643675848844,0.03599902442021365,0.11193096962387926
s10M0823,0.11701047123420451,0.0,0.0,0.0,0.0,0.0,0.0,0.0,0.2158286429639147,0.0,0.011804500762127485,0.0020601106793667464,0.0,0.3803922515982514,0.0,0.2729040227621351,0.0
s11M0823,0.058325097898783915,0.2545431438196258,0.0,0.0,0.0,0.0,0.0,0.0,0.17513402463671907,0.0,0.014209766292910778,0.0,0.005447492384813191,0.12757621350996248,0.0,0.3193513446974195,0.04541291675976553
s12M0823,0.003040069485112516,0.6952754133985177,0.0,0.0,0.0,0.0032131676928442827,0.0,0.0,0.021118780223103182,0.0,0.003618243290458684,0.0,0.009951836312015957,0.011605145972543732,0.0,0.14836935305150298,0.10380799057390107
s13M0823,0.10601480110031919,0.024992547859608402,0.0,0.0,0.0,0.0,0.0,0.0,0.1660119160038427,0.0,0.01462878298585297,0.0007071875803865971,0.10802062708697913,0.23979592609336814,0.0,0.3398282112896429,0.0
s14M0823,0.15142837502466697,0.04641798636590718,0.0,0.0,0.0,0.0,0.0,0.0,0.21892453908370366,0.0,0.016637155428672477,0.0,0.006418205767769032,0.16964570967810874,0.0,0.39052802865117187,0.0
s15M0823,0.054089107073072434,0.019282034237347537,0.0,0.0,0.0,0.0,0.0,0.0,0.19294046576193724,0.0,0.00671898143813072,0.0012475790778440961,0.12095067691168641,0.3058696453254435,0.0,0.29890151017453814,0.0
s01X0823,0.42570982971778565,0.0,0.0,0.0,0.0,0.0,0.0,0.0015024010520580655,0.3101254753756904,0.0,0.017216461249863556,0.0,0.0016457762614121815,0.22434787517256222,0.0,0.01945218117062792,0.0
s02T0823,0.3441366645990728,0.0,0.0,0.0,0.0,0.0,0.0,0.0020888338953894657,0.1551102367799791,0.0,0.00871677803266651,0.0,0.011742852783795667,0.4366651740610669,0.0,0.04153945984802948,0.0
s03T0823,0.23342234101219275,0.0,0.0,0.0,0.0,0.0,0.0,0.0023727470650700775,0.1378910183837635,0.0,0.006669200695303856,0.0,0.014633887016287513,0.6050108058273823,0.0,0.0,0.0
s04T0823,0.1883060274429102,0.0,0.0,0.0,0.005223410359296738,0.0015614661129030414,0.0003273965115265328,0.0026114665933102137,0.09764893126719808,0.0038615142799284805,0.01165384878798341,0.0,0.10429608225943512,0.5622734630984335,0.0,0.022236393287074663,0.0
s05T0823,0.24090299150615554,0.0,0.0,0.0,0.0,0.0018294657827244605,0.0,0.0,0.13485551886813643,0.0,0.014293474804769859,0.0,0.14165183148937552,0.39938202453142624,0.0,0.0670846930174119,0.0
s06T0823,0.23142093710167236,0.0,0.0,0.0,0.0,0.0009758099340811874,0.0,0.0,0.21653444816282427,0.0,0.018259331244624706,0.0,0.19299381509092606,0.33965967630172444,0.0,0.0,0.00015598216414721496
s07T0823,0.1333358910981924,0.0,0.0,0.0,0.0,0.0,0.0,0.0,0.13184598199382697,0.0,0.01020167295018101,0.0,0.18843152434501323,0.5292355489587663,0.0,0.0069493806540200055,0.0
s08T0823,0.0,0.5552354117091823,0.0,0.0,0.0,0.0,0.0,0.0,0.0,0.0016533349901484238,0.0012795792601974915,0.0,0.017223528269898952,0.0,0.10738711857048704,0.08049581386622782,0.23672521333385785
s09T0823,0.0,0.8029402692002211,0.0,0.0,0.0,0.0,0.0,0.0,0.0,0.0,0.0,0.0,0.0007785360849520505,0.0,0.06429713343230434,0.01647265142453622,0.11551140985798629
s10T0823,0.019351904577208975,0.09202912418971557,0.0,0.0,0.0,0.0,0.0,0.0,0.033905247269949805,0.02059739158857244,0.027279997138616188,0.0,0.18604872928453528,0.0,0.016541902663774526,0.525809620056486,0.07843608323114117
s11T0823,0.0,0.3612448238572665,0.0,0.0014805830301611294,0.0,0.0,0.0,0.0010461276738911523,0.0,0.010944902773712939,0.00687086014279137,0.0,0.2696871953263879,0.0,0.03500003425975817,0.15366190330277488,0.16006356963325588
s12T0823,0.008885020108335228,0.10046682870223411,0.0,0.0,0.0,0.0,0.0,0.0,0.13940963880554974,0.0,0.010073550659501706,0.0,0.2777167081215874,0.0,0.0,0.43882929234808293,0.02461896125470889
s13T0823,0.0,0.0842291852106371,0.0,0.0,0.0,0.0,0.0,0.0,0.0630243493371454,0.0,0.011797312390826986,0.0,0.4625756526531883,0.0,0.0,0.3447983174223099,0.033575182985892335
s14T0823,0.02618003704589356,0.09731838353997985,0.0,0.0,0.0,0.0,0.0,0.0,0.2537365021869391,0.0,0.008682936714583395,0.0,0.17915760053824747,0.06334344901067512,0.0,0.36723029245664035,0.004350798507041234
s15T0823,0.217780664751414,0.008343328919623296,0.0,0.0,0.0,0.0,0.0,0.0,0.22442418019437163,0.0,0.015210923943405128,0.0010851714052295316,0.06942400654241597,0.1506336476059279,0.0,0.3130980766376127,0.0
s02M0923,0.26592084765679835,0.0,0.0,0.0,0.0,0.00037303761596019187,0.0,0.0,0.10281780134370785,0.0,0.013010269285244408,0.0014078900128461013,0.006588337880922067,0.5445120724776298,0.0,0.06536974372689126,0.0
s03M0923,0.2520454344133155,0.0,0.0,0.0,0.0,0.0031768597937710265,0.0,0.0,0.11323845487831104,0.0,0.01716540291349389,0.001389301303630863,0.005925686149107629,0.5108351200010078,0.0,0.09622374054736212,0.0
s04M0923,0.2396192723903514,0.0,0.0,0.0,0.0,0.0,0.0,0.0,0.12854656926324637,0.004275859098265895,0.02306099263047141,0.0009870710374615206,0.005108632629708419,0.5020093793615794,0.0,0.09639222358891561,0.0
s05M0923,0.2876850249717369,0.0,0.0,0.0,0.05005044974789357,0.002825900089130929,0.0,0.006247176660035315,0.11661239402002518,0.0,0.03547670581882958,0.0007288507158446167,0.036602091853129744,0.19527267681989993,0.0026459950436966972,0.2658527342597775,0.0
s06M0923,0.2594991972907941,0.0,0.0,0.0,0.0,0.0,0.0,0.0,0.14127045560799587,0.0,0.014873739715088081,0.00018802677030250076,0.012803831668398104,0.48205693895168805,0.0,0.08930780999573323,0.0
s07M0923,0.15543589956013537,0.0,0.0,0.0,0.0,0.0,0.0,0.0,0.1545865239232546,0.0,0.00548042137023449,0.0,0.0,0.6841852250951107,0.0,0.0,0.0003119300512649327
s08M0923,0.0,0.8178628858433495,0.0,0.0,0.0,0.0,0.0,0.0,0.0,0.0,0.0,0.0,0.0,0.0,0.0,0.017390391787947303,0.16474672236870327
s09M0923,0.0,0.7694953021036385,0.0,0.0,0.0,0.0,0.0,0.0,0.0,0.0,0.0,0.0,0.0,0.0,0.04658227895838291,0.02112451161893293,0.16279790731904564
s10M0923,0.0,0.7613517018431257,0.0,0.0,0.0,0.0,0.0,0.0,0.0,0.0,0.0,0.0,0.0,0.0,0.06640491336433521,0.03925935442323042,0.13298403036930867
s11M0923,0.0,0.5770520210868408,0.0,0.0,0.0,0.0,0.0,0.0,0.0,0.0,0.0,0.0,0.0,0.0,0.11873440406363377,0.06156412208312451,0.24264945276640082
s12M0923,0.0,0.6049270122454111,0.0,0.0,0.0,0.0019485707936795491,0.0,0.0,0.0032075664564725956,0.0,0.0008592682986613229,0.0,0.0,0.0,0.007841932932691302,0.18978829454811355,0.19142735472497066
s13M0923,0.0,0.5328549416179749,0.0,0.0,0.0,0.0008352176608415015,0.0,0.0,0.0,0.0,5.349106220490021e-05,0.0,0.0,0.0,0.04703539974304765,0.1415217018563389,0.27769924805959223
s14M0923,0.07490800410229448,0.12685982813359753,0.0,0.0,0.0,0.0,0.0,0.0,0.08089006907762761,0.0,0.012209845927197338,0.0,0.20341902029131348,0.0,0.003342889267610119,0.4290529888145688,0.0693173543857907
s15M0923,0.19225483229951681,0.0,0.0,0.0,0.0,0.0,0.0,0.0,0.20627500471831786,0.0,0.009596568282327515,0.0001635339709738228,0.2013345858510966,0.1965300679790742,0.0,0.1938454068986933,0.0
s01X0923,0.2005656831402124,0.0,0.0,0.0,0.0,0.0,0.0,0.0,0.12077890702775765,0.0,0.0054148265107971435,0.0,0.00638055504777388,0.666860028273459,0.0,0.0,0.0
s02T0923,0.0,0.005032464685009089,0.1883009456240513,0.0,0.0,0.0,0.0,0.0,0.041947791770384824,0.0,0.0008622126178556948,0.001176106086823736,0.0009599499996235313,0.614002258049627,0.0,0.14771827116662467,0.0
s03T0923,0.0,0.003619958882083937,0.23860105761396833,0.0,0.0,0.0,0.0,0.0,0.03468043400071686,0.0,0.0009945162308172934,0.0008504182519911685,0.002117761976262054,0.5334022372649818,0.012857889995099073,0.1728757257840796,0.0
s04T0923,0.0,0.0019406468029860733,0.16349277833446602,0.0,0.0,0.0,0.0,0.0,0.02881485164847328,0.0,0.0013035229706114143,0.0016596921046913445,0.004332246633798089,0.6650727497929028,0.009789302930346607,0.12359420878172432,0.0
s05T0923,0.002183301082145497,0.011565862998783184,0.2921975492422559,0.0,0.0,0.0,0.0,0.0,0.029197217885809996,0.0,0.005521651295084292,0.0,0.012217698900230554,0.4360337849795223,0.033327410222892616,0.17775552339327585,0.0
s06T0923,0.04015223588404626,0.004422175093316004,0.21947686331667435,0.0,0.0,0.0,0.0,0.0,0.03622452711837238,0.0,0.011354915542639179,0.0007911988525300851,0.013879726848089757,0.39804001241122045,0.04096575394472701,0.2346925909883846,0.0
s07T0923,0.0,0.011427460506465198,0.28551171050225593,0.0,0.0,0.0,0.0,0.0,0.03530411971905286,0.0,0.009932830088037387,0.0007357152054481121,0.0070167312038659085,0.4947856901674143,0.029681419419971523,0.12560432318748865,0.0
s08T0923,0.0,0.8644371075914858,0.0,0.0,0.0,0.0,0.0,0.0,0.0,0.0,0.0,0.0,0.0,0.0,0.0,0.010766700608024028,0.12479619180049013
s09T0923,0.0,0.8272285460457195,0.0,0.0,0.0,0.0,0.0,0.0,0.0,0.0,0.0,0.0,0.0,0.0,0.01609457894854181,0.02011121989645026,0.13656565510928834
s10T0923,0.0,0.7609913158490003,0.0,0.0,0.0,0.00022065359049378293,0.0,0.0,0.0,0.0,0.0,0.0,0.0,0.0,0.03719503840994164,0.023031467243479254,0.17856152490708513
s11T0923,0.0,0.6455196497838714,0.0,0.0,0.0,0.00030177644496082157,0.0,0.0,0.0,0.0,0.0,0.0,0.0,0.0,0.06840874256064403,0.029618011914519397,0.2561518192960044
s12T0923,0.0,0.5553513515686785,0.0,0.0,0.0,0.0009664349291713838,0.0,0.0,0.0,0.0,0.0,0.0,0.0,0.0,0.07777653163268185,0.04481550250167224,0.32109017936779594
s13T0923,0.0,0.38715129169841334,0.0,0.0,0.0,0.0018865404554245676,0.0,0.0,0.0,0.0,0.0,0.0,0.0,0.0,0.05852931384795564,0.06870869947967025,0.48372415451853623
s14T0923,0.0,0.29394050642956937,0.0,0.0,0.0,0.004114581096561153,0.0,0.005593765130166005,0.0,0.012137275007367741,0.0017648515992036672,0.0,0.0,0.0,0.10021811372229418,0.2556147675693666,0.3266161394454713
s15T0923,0.12280358583758355,0.08298488225157565,0.0,0.0,0.0,0.0,0.0,0.00032246836586592167,0.14949953238103783,0.0017295217749459307,0.007214659919805653,0.0,0.007965756516782635,0.4433486608938389,0.0,0.16482152986484566,0.01930940219371805
s02M1023,0.0,0.004241657274982254,0.3106664031366162,0.0,0.0,0.0,0.0,0.0,0.014355302285004421,0.0,0.0013534539570873698,9.51032347841123e-05,0.0027907700567334215,0.566877415138328,0.001370305813492821,0.09824958910297134,0.0
s03M1023,0.0,0.00854048931279758,0.26736313150941526,0.0,0.0,0.0,0.0,0.0,0.030987211945610837,0.0,0.002134334786027168,0.0006884860115013371,0.010024165921204661,0.5783413554158462,0.0014488069470485491,0.10047201815054839,0.0
s04M1023,0.0,0.011647328366907298,0.1912457479171529,0.0,0.0101742977365206,0.0018436691760560036,0.0,0.0004826950756851532,0.02095199084135894,0.0,0.0007779624753292583,0.00032045127301276054,0.03375622257447731,0.6541523726969496,0.028916498195786792,0.04573076367076331,0.0
s05M1023,0.0,0.006826923197225686,0.17509418728683518,0.0,0.0,0.0,0.0,0.0,0.027039959098972426,0.0,0.0005747448363304031,0.0005410177916716436,0.19353116122048838,0.4712466352586742,0.028065273190901713,0.09708009811890055,0.0
s06M1023,0.0,0.017934617567749004,0.18510763537402652,0.0,0.03496000707485321,0.0,0.0,0.0,0.02944094573798659,0.0,0.003217370801711697,0.0002446446885260503,0.0372601117607833,0.5732922997854684,0.015359017536689114,0.10318334967220608,0.0
s07M1023,0.0,0.011030603467288246,0.13679449927500414,0.0,0.0,0.0,0.0,0.0,0.029109777656802917,0.0,0.0020133849184429003,0.0,0.005287025922634764,0.7735006328922164,0.0,0.04226407586761063,0.0
s08M1023,0.0,0.8625776844208582,0.0,0.0,0.0,0.0,0.0,0.0,0.0,0.0,0.0,0.0,0.0,0.0,0.0,0.01299211897919711,0.12443019659994453
s09M1023,0.0,0.6478697929543159,0.0,0.0,0.0,0.0,0.0,0.0,0.0,0.0,0.0,0.0,0.0,0.0,0.08912856094733984,0.01210384653932409,0.2508977995590202
s10M1023,0.0,0.05124444761825868,0.0,0.0,0.0,0.0,0.0,0.0,0.0,0.05889526253909377,0.002802787523991862,0.0,0.0,0.0,0.15559803152736051,0.4909130353930608,0.24054643539823445
s11M1023,0.0,0.6496783703475612,0.0,0.0,0.0,0.0,0.0,0.0016594245440944126,0.0,0.0,0.0,0.0,0.0,0.0,0.0444492702940283,0.0620905454289499,0.24212238938536615
s12M1023,0.0,0.6021693791906424,0.0,0.0,0.0,0.0,0.0,0.0,0.0,0.0,0.0,0.0,0.0,0.0,0.10566027122779635,0.024329346880080965,0.2678410027014803
s13M1023,0.0,0.3836103917693768,0.011233579610906512,0.00017097080818642926,0.0,0.00536610226662464,0.0,0.016369303559956794,0.002156915502571145,0.0,0.0,0.0,0.011066152055031822,0.0,0.15909289617389472,0.11774179552109225,0.29319189273235896
s14M1023,0.02991692877047226,0.1548968855790321,0.050423228145735015,0.0,0.0,0.0,0.0,0.0,0.04696976468855186,0.0,0.008819590846532794,0.0,0.015393631099706099,0.267600252160594,0.06192088766216072,0.29009217346791544,0.0739666575792998
s15M1023,0.016945364888081647,0.048742601488240556,0.13249456709795934,0.0,0.0,0.0,0.0,0.0,0.06380636294550529,0.0,0.0014757415492601313,0.0,0.10221665241877467,0.2610266522595863,0.03923452781747395,0.3236213956489145,0.010436133886203494
s01X1023,0.02202822683003811,0.000835587208377965,0.19732776420354,0.0,0.0,0.0,0.0,0.0,0.058875693060264286,0.0,0.004379413045669789,0.001227385404867654,0.030784345940131488,0.5409173794790203,0.0,0.14362420482809038,0.0
s02T1023,0.06857383634428921,0.0019865505031504754,0.17126019484858568,0.0,0.0,0.0,0.0,0.0,0.07351578094692882,0.0,0.0035257834293457883,0.0007054713740993895,0.00837761474021145,0.5989454623277423,0.0,0.07310930548564688,0.0
s03T1023,0.033440508793129604,0.0,0.09408667509689116,0.0,0.0,0.001173152133639751,0.0,0.0011974990153654642,0.09340556800196306,0.0013820335223599105,0.0017274628294811232,0.0011514943095086816,0.01825291916088005,0.7541826871367812,0.0,0.0,0.0
s04T1023,0.033033698135400975,0.0037349813232344146,0.18067702399112842,0.0,0.0,0.0,0.0,2.0933707272643225e-06,0.057299275293728386,0.0,0.006138496075736215,0.0010282911717683372,0.009375357743927946,0.5955376466112134,0.0022070519718081012,0.11096608431132643,0.0
s05T1023,0.0,0.0,0.03726930202235663,0.0,0.0,0.0,0.0,0.0,0.08945262647808656,0.0,0.0027943295289319116,0.0010805648122586926,0.0,0.8127038967808754,0.006436952195251005,0.05026232818223988,0.0
s06T1023,0.0,0.004809867553009334,0.14418251068825766,0.0,0.0,0.0,0.0,0.0,0.051390470205979144,0.0,0.002696249355091817,0.0012356345092994047,0.0,0.6938547102140762,0.016714796944114565,0.085115760530172,0.0
s07T1023,0.0,0.008644117849627486,0.24995952491272333,0.0,0.0,0.0,0.0,0.0,0.07853149822446477,0.0,0.0024513889415866226,0.0006281033358761311,0.0021927629750140474,0.45842908944411864,0.0164051701996242,0.18275834411696484,0.0
s08T1023,0.0,0.6138215973504636,0.0,0.0,0.0,0.0,0.0,0.0,0.0,0.0,0.0,0.0,0.0,0.0,0.07638478591727309,0.003424696910246117,0.30636891982201714
s09T1023,0.0,0.3834379101626231,0.0038628673003027547,0.0,0.0,0.000202252750883282,0.0,0.0045023605838359375,0.0,0.0,0.0,0.0,0.0,0.0,0.15591058887551953,0.059439502440960364,0.3926445178858749
s10T1023,0.0,0.33419068046029154,0.0,0.0,0.0,0.0,0.0,0.0,0.0,0.0,0.0,0.0,0.0,0.0,0.11630127137196275,0.11688499787811592,0.43262305028962994
s11T1023,0.0,0.29136145403525243,0.0,0.0,0.0,0.0,0.0,0.0018304848934453419,0.0,0.029781197162993017,0.0029453673911804274,0.0,0.020954240255244876,0.0,0.10002402772188371,0.24787470965519967,0.3052285188848005
s12T1023,0.0,0.5321152188786504,0.0,0.0,0.0,0.0,0.0,0.0,0.0,0.0,0.0,0.0,0.04846888966812622,0.0,0.03191767624523739,0.030652964771433446,0.35684525043655246
s13T1023,0.0,0.6077198542722382,0.0,0.0,0.0,0.0,0.0,0.0,0.0,0.0,0.0,0.0,0.09761923451789374,0.0,0.0,0.0,0.2946609112098681
s14T1023,0.0,0.6057367891281924,0.0,0.0,0.0,0.0,0.0,0.0,0.004968202223391705,0.0,0.0,0.0,0.10960425811822107,0.0,0.0,0.07933756736201357,0.20035318316818126
s15T1023,0.0,0.04927206352015457,0.1821275168062417,0.0,0.0,0.0,0.0,0.0,0.07391053176030377,0.0,0.0009523971512832538,0.000154328946674214,0.022100191352638555,0.22202262396717803,0.021516144322638063,0.40646157006463796,0.021482632108249786
s02M1123,0.0,0.008053773037367396,0.1633928209859179,0.0,0.0,0.0009975988379303227,0.0,0.0,0.10455066321926675,0.0,0.0015557709747935806,0.00018363498475883961,0.0026552717084820394,0.5790699243812166,0.003133155432791794,0.13640738643747474,0.0
s03M1123,0.0,0.0,0.15425514231587212,0.0,0.0,0.0,0.0,0.0,0.1073005806095697,0.0,0.001126350912796921,0.001040900891666384,0.0,0.6642905675461421,0.0,0.07198645772395278,0.0
s04M1123,0.0,0.004948093251904084,0.1669179957336443,0.0,0.0,0.0,0.0,0.0,0.06965749595998058,0.0,0.0,0.0006860967897256082,0.0,0.7029327840403318,0.009666405170556973,0.04519112905385676,0.0
s05M1123,0.0,0.00368144363917224,0.28782245559594927,0.0,0.0,0.0,0.0,0.0,0.04167962967406274,0.0,0.0,0.0009001007817550424,0.016825540088869637,0.5551284757493586,0.014559974848880958,0.07940237962195157,0.0
s06M1123,0.0,0.010541490256682905,0.09057937466936598,0.0,0.0,0.0,0.0,0.0,0.08872819368365827,0.0,0.0005277674985445645,0.00010495858315082783,0.0657513821390315,0.6514738680854025,0.022791839781201462,0.06950112530296207,0.0
s07M1123,0.0,0.000700200082025089,0.20568307080306006,0.0,0.0,0.0,0.0,0.0,0.07987084823105693,0.0,0.0,0.0008703264927804948,0.01874467514542607,0.6333456309308272,0.0,0.060785248314824215,0.0
s08M1123,0.0,0.7091431309485308,0.0,0.0,0.0,0.0,0.0,0.0,0.0,0.0,0.0,0.0,0.0,0.0,0.04284993911940606,0.0020953363700441665,0.24591159356201897
s09M1123,0.0,0.5667241527810964,0.0,0.0,0.0,0.0,0.0,0.007518335784404962,0.001430230335017972,0.0,0.0,0.0,0.0,0.0,0.02858473441813447,0.17069036347198147,0.22505218320936468
s10M1123,0.016862797237053653,0.07723362035428814,0.0,0.0015492741293432757,0.0,0.0,0.0006370496300402961,0.0,0.10000293761099528,0.041594965733519534,0.009768048525476518,0.0,0.0,0.0,0.006045746790508882,0.681776985187717,0.06452857480105724
s11M1123,0.01579082644346945,0.35762331655792834,0.0,0.0,0.0,0.0,0.0,0.0009942695389029506,0.01685778282109145,0.013559164033450595,0.0,0.0,0.0,0.0,0.043169682715418885,0.36524010924432243,0.18676484864541593
s12M1123,0.0,0.3371474159903505,0.0,0.0007258336756654232,0.0,0.0,0.0004933302941094548,0.0,0.06972116837631613,0.0,0.0,0.0,0.0950638736603422,0.023175124891722115,0.0,0.36467794746658255,0.10899530564491157
s13M1123,0.0,0.18893149594623387,0.0,0.0,0.0,0.0,0.0,0.0,0.15493675619704828,0.0026023267746272116,0.0,0.0,0.009945326368444495,0.015003402025874985,0.016466430581444584,0.5264919395987657,0.08562232250756098
s14M1123,0.0,0.1553365668655687,0.0,0.0,0.0,0.0,0.0,0.0,0.2206811955330698,0.0,0.0,0.0,0.0786893554059925,0.011417263434176194,0.0,0.4862738527833754,0.04760176597781741
s15M1123,0.0,0.05321405117420331,0.0298088028736764,0.0,0.0,0.0,0.0,0.0,0.21621274801920873,0.0,0.0,0.0,0.18891508247648386,0.20907469439028334,0.0,0.29436158909513294,0.008413031971011347
s01X1123,0.0,0.0,0.4291992323727433,0.0,0.0,0.0,0.0,0.0,0.04255938507701008,0.0,0.0,0.0007461472340054051,0.03085337358673893,0.3964705437692546,0.0,0.10017131796024759,0.0
s02T1123,0.0,0.0,0.11049925097287414,0.0,0.0,0.0,0.0,0.0,0.07230666379356096,0.0,0.0,0.0010543051877866725,0.0,0.8013080301931482,0.00044200511872611415,0.014389744733903887,0.0
s03T1123,0.0,0.0,0.12747951107796787,0.0,0.0,0.0,0.0,0.0,0.045741018604425296,0.0011477595501211914,0.0,0.0003380090299553051,0.0,0.8252937017375304,0.0,0.0,0.0
s04T1123,0.0,0.0,0.27601600041877034,0.0,0.0,0.0,0.0,0.0,0.038598565710247286,0.0,0.0,0.0008083084677935468,0.0,0.6404260967401469,0.0,0.044151028663041894,0.0
s05T1123,0.0,0.0051859105174882104,0.32429371569782756,0.0,0.0,0.0,0.0,0.0,0.047576112096490646,0.0,0.0,0.0008377380827287616,0.0004093648321334842,0.5143777830467642,0.0037377805809641514,0.10358159514560297,0.0
s06T1123,0.0,0.0011319432570997224,0.22807427284487172,0.0,0.0,0.0,0.0,0.0,0.03574775921237744,0.0,0.0,0.0017875074098342761,0.0,0.6414595047615974,0.012739889125793635,0.07905912338842572,0.0
s07T1123,0.0,0.0,0.33675279190581775,0.0,0.0,0.0,0.0,0.0,0.049028897633514396,0.0,0.0,0.0012467461815512653,0.0,0.5118712985484237,0.004892586907284382,0.09620767882340842,0.0
s08T1123,0.0,0.7526436679693884,0.0,0.0,0.0,0.0,0.0,0.0,0.0,0.0,0.0,0.0,0.0,0.0,0.0,0.009624336729020515,0.23773199530159111
s09T1123,0.0,0.6895860514016917,0.0,0.0,0.0,0.0,0.0,0.0,0.00043131196082191317,0.0,0.0,0.0,0.0,0.0013009825207020806,0.0,0.0023320793576466106,0.3063495747591377
s10T1123,0.0,0.5198539773265234,0.0,0.0,0.0,0.0,0.0,0.0,0.002361475595644261,0.0,0.0,0.0,0.0,0.0,0.0,0.06714577811772462,0.41063876896010776
s11T1123,0.0,0.49413930224821767,0.0,0.0,0.0,0.0,0.0,0.0,0.039470660600638544,0.0,0.0,0.0,0.0,0.00775174093015873,0.0,0.19616167256587352,0.2624766236551115
s12T1123,0.0,0.4911196331547572,0.0,0.0,0.0,0.0,0.0,0.0,0.004691478560073115,0.0,0.0,0.0,0.0,0.0,0.0,0.0795869688092787,0.4246019194758911
s13T1123,0.0,0.5501330543730891,0.0,0.0,0.0,0.0,0.0,0.0,0.01600970252924439,0.0,0.0,0.0,0.0,0.0027159458552840944,0.0,0.11104665486314112,0.32009464237924123
s14T1123,0.0,0.37702699384137417,0.0,0.0,0.0,0.0,0.0,0.0,0.1122108704869087,0.0,0.0,0.0,0.0,0.07641041345613343,0.0,0.3129888380012641,0.12136288421431968
s15T1123,0.0,0.042997828618256,0.03926124870537611,0.0,0.0,0.0,0.0,0.0003515469758220592,0.26509742172414225,0.0,0.0,0.0003774918937422037,0.0,0.2955998781954719,0.0007622067645778379,0.3518428810931812,0.0037094960294305635
s02M1223,0.0,0.0,0.12057010563296248,0.0,0.0,0.0,0.0,0.0,0.14214804339868328,0.0,0.0,0.0011656136224208373,0.004267886820423706,0.5849103945236336,0.0,0.14693795600187615,0.0
s03M1223,0.0,0.015245738178060792,0.00652081495419857,0.0,0.050346445147035006,0.0006321817944192167,0.0,0.00021805528130546724,0.10127519746132903,0.0,0.0,0.000533859156274035,0.02559230376035745,0.6559937133874203,0.008778709418936494,0.13486298146066378,0.0
s04M1223,0.0,0.0049681472979670885,0.22935037702031305,0.0,0.011204177772285854,0.0007578717408633922,0.0,0.0,0.07335320159242174,0.0,0.0010292577817498354,0.0014864863345983737,0.04036057703279611,0.4378165880156558,0.01034891517283965,0.1893244002385091,0.0
s05M1223,0.0,0.0034733109279042667,0.12185890942233106,0.0,0.0,0.0,0.0,0.0,0.12444359157324147,0.0,0.0,0.001650692199020504,0.017290664974074815,0.557554437090173,0.019594048806451783,0.15413434500680315,0.0
s06M1223,0.0,0.00025075692842633,0.09206158954875339,0.0,0.0,0.0,0.0,0.0,0.13453452401219104,0.0,0.0,0.0017466069867272305,0.00640661798346795,0.6038990282792571,0.015338817863008829,0.14576205839816805,0.0
s07M1223,0.0,0.004317976965180752,0.048674606511920814,0.0,0.0,0.0,0.0,0.0,0.25165539504080897,0.0,0.0,0.001699797492409098,0.0,0.5311765788110745,0.0,0.1624756451786059,0.0
s08M1223,0.0,0.5229384124193276,0.0,0.0,0.0,0.0,0.0,0.0,0.0,0.0,0.0,0.0,0.0,0.0,0.0,0.0,0.4770615875806724
s09M1223,0.0,0.13736577862056298,0.0,0.0,0.0,0.0,0.0,0.0,0.0037841542729914147,0.0,0.0,0.007995638728827196,0.0,0.003338310566516539,0.0,0.018395432418097945,0.829120685393004
s10M1223,0.0,0.06296640175426699,0.0,0.0,0.0,0.0,0.0,0.0,0.1620279137555562,0.018726142459378908,0.002252423634423275,0.0,0.0,0.0,0.0,0.6655794799436711,0.08844763845270363
s11M1223,0.0,0.17021623319202406,0.0,0.0,0.0,0.0,0.0,0.005322603654282883,0.04964400928739725,0.0,0.0,0.0,0.0,0.0,0.0,0.2780446003605128,0.4967725535057831
s12M1223,0.0,0.3202847825961044,0.0,0.0,0.0,0.0,0.0,0.0,0.14305004676160943,0.0,0.0,0.0,0.0,0.0,0.0,0.3918554608552214,0.14480970978706476
s13M1223,0.0,0.10639412782293259,0.0,0.0,0.0,0.0,0.0,0.0,0.46688535347468363,0.0,0.0,0.0,0.0,0.04232970643377325,0.0,0.35667431654973364,0.027716495718877073
s14M1223,0.0,0.05583026139170914,0.0,0.0,0.0,0.0,0.0,0.0,0.3698447555792327,0.0,0.0,0.0,0.0,0.24293889983648698,0.0,0.3193591776425303,0.012026905550040726
s15M1223,0.0,0.04690541323341077,0.0,0.0,0.0,0.0,0.0,0.0,0.3088313791958502,0.0,0.0,0.0008018642301901749,0.0,0.49606633044723814,0.0,0.14630383375756356,0.001091179135747188
s01X1223,0.0,0.0013005653207045123,0.2871950572115911,0.0,0.0,0.0,0.0,0.0,0.07959756131781592,0.0,0.006507341795007499,0.001814541637578464,0.020833461587143196,0.2742101369954502,0.037003161763529045,0.29153817237117996,0.0
s02T1223,0.0,0.01050651167625051,0.255622091556164,0.0,0.0,0.0,0.0,0.0,0.10003112810681909,0.0,0.0,0.0,0.005797787737724437,0.38943347012167917,0.016349262209219232,0.22225974859214354,0.0
s03T1223,0.0,0.0,0.22938741869130985,0.0,0.0,0.0,0.0,0.0,0.14201543215836748,0.0,0.0,0.0007568237448399113,0.01254649621780861,0.43454836949503056,0.0,0.18074545969264347,0.0
s04T1223,0.0,0.0035875426623539902,0.15649146584811588,0.0,0.0,0.0,0.0,0.0,0.09454466886180503,0.0,0.0007601254697117964,0.00138006839231745,0.08582425619957433,0.44698991632123647,0.02137821475357827,0.18904374149130676,0.0
s05T1223,0.0,0.0038775902347075683,0.15067971019846851,0.0,0.0013047108178320483,0.0,0.0,0.0,0.1387952342595895,0.0,0.0,0.0013032550650907604,0.0,0.4900993542278954,0.0030867605341757844,0.21085338466224054,0.0
s06T1223,0.0,0.00047341054879921225,0.17860684330182655,0.0,0.0,0.0,0.0,0.0,0.18092987685653153,0.0,0.0036760434267303025,0.0008653092981149629,0.12924288290646102,0.2960477426065183,0.006300689107936226,0.20385720194708182,0.0
s07T1223,0.0,0.0,0.2208006862898025,0.0,0.0,0.0,0.0,0.0,0.11360199255052662,0.0,0.00888864665438071,0.0,0.2152594061777699,0.14251180031141375,0.0372642126837478,0.2616732553323587,0.0
s08T1223,0.0,0.37836837551352287,0.0,0.0,0.0,0.0,0.0,0.0,0.0,0.0,0.0,0.0032991710548971936,0.0,0.00029949782345759104,0.0,0.0,0.6180329556081224
s09T1223,0.0,0.2415432758301134,0.005429724918440563,0.0,0.007754035167584131,0.0,0.00015440820090255891,0.0,0.011654839031536341,0.0,0.0,0.0,0.0029933341583227467,0.018502611542748217,0.0,0.07700094766955809,0.6349668234807939
s10T1223,0.0,0.024151647746852297,0.01795005927206685,0.0,0.0,0.0,0.0,0.006331033245569296,0.2385222395075368,0.007839544009539214,0.001481609749781759,0.0009375698137832407,0.004441972483480208,0.16747731881351838,0.011992425221598903,0.5038111815166838,0.015063398619589396
s11T1223,0.0,0.32756037425487367,0.0017600221909670724,0.0,0.0,0.0,0.0,0.0,0.03425270897303401,0.0,0.0,0.0,0.02980314175411437,0.029198701381851853,0.0,0.1237274090726335,0.45369764237252547
s12T1223,0.0,0.38140319510177906,0.0,0.0,0.0,0.0,0.0,0.0034236873843413195,0.14774621232252197,0.0,0.0,0.0,0.01419257370243373,0.0827809313527633,0.0,0.25773308891861735,0.11272031121754328
s13T1223,0.0,0.13680149704817057,0.0,0.0,0.0,0.0,0.0,0.0034301385450263627,0.2675490929153086,0.0,0.0,0.0,0.042954488543340226,0.1026187474242056,0.019242066116542087,0.35086670896743044,0.07653726043997608
s14T1223,0.0,0.07861568361573373,0.0,0.0,0.0,0.0,0.0,0.0,0.31011528149174783,0.0,0.0,0.0,0.015432609083050329,0.23674663821250563,0.0,0.3268899323945187,0.0321998552024438
s15T1223,0.0,0.015426151481933624,0.1500218780745545,0.0,0.0,0.0,0.0,0.008106412450925131,0.22479237343161831,8.9288774835549e-05,0.0009627797933187745,0.0008629772247702916,0.14281611204411104,0.017372766791850076,0.03457403327070221,0.39276116092098845,0.012214065740391912
s02M1323,0.0,0.02181290377360952,0.3050713764080654,0.0,0.078297060551183,0.0,0.0,0.0,0.12742810147582317,0.0,0.0048698095424268934,0.0,0.013837463392590298,0.11840347765297224,0.0,0.33027980720332933,0.0
s03M1323,0.0,0.0039746451245763394,0.1138199898662634,0.0,0.06782672780114282,0.0,0.0,0.0,0.2543489520699495,0.0,0.0,0.0012844929890973654,0.0033497466030165523,0.3346343938774914,0.0,0.22076105166846255,0.0
s04M1323,0.0,0.0014936268473715244,0.11219653134988385,0.0,0.03647032686600773,0.012762023006630803,0.0,0.0,0.20245132173793934,0.0,0.001022175176898763,0.0014530874587756802,0.025629710448182477,0.40521929082164215,0.0018352868775977345,0.19946661940906993,0.0
s05M1323,0.0,0.009248380390293128,0.09308123461050063,0.0,0.03331881600718402,0.018600032973086853,0.0,0.0,0.2341450380908179,0.0,0.002288333027293425,0.001088861750729382,0.0,0.42097313517269414,0.0009285713937393372,0.18632759658366121,0.0
s06M1323,0.0,0.004481661980202679,0.11770187001216684,0.0,0.005003241333808427,0.0045478069518915904,0.0,0.0,0.20951179787311736,0.0,0.0,0.0014760991427362924,0.0,0.4634436836754052,0.0018269031400286516,0.19200693589064294,0.0
s07M1323,0.0,0.0,0.12884755211854187,0.0,0.0,0.0,0.0,0.0,0.2853413572513084,0.0,0.0,0.0015263675727319632,5.709939677980603e-05,0.313367525872996,0.0018339635924755774,0.2690261341951665,0.0
s08M1323,0.0,0.4831103318651596,0.0,0.0,0.002781459894580923,0.0,0.0,0.0,0.0,0.0,0.0,0.0,0.0,0.005252078967663285,0.0,0.0,0.508856129272596
s09M1323,0.0,0.594338886026666,0.0,0.0,0.00023384849490492028,0.0,0.0,0.0,0.00011438746963630627,0.0,0.0,0.0,0.0,0.0,0.0,0.0,0.4053128780087929
s10M1323,0.0,0.29712613224212864,0.0,0.0,0.0,0.001286341944278467,0.00028840743342749097,0.0,0.04543739631590222,0.0,0.0,0.0,0.0,0.0,0.0,0.24704098209775455,0.40882073996650875
s11M1323,0.0,0.2861551896058721,0.0,0.0,0.0,0.0014938089026874442,0.00023010723153954257,0.0,0.007872368672386366,0.0,0.0,0.0,0.0,0.0,0.0,0.09557451887515638,0.6086740067123582
s12M1323,0.0,0.04300277738621165,0.0,0.0,0.0,0.0033827202892150318,0.0,0.007322099198402878,0.29987999903809565,0.008399132973533981,0.0017317811843075039,0.0002342184638551369,0.0,0.1905914464233038,0.01591400523970102,0.4085119034632133,0.021029916340159986
s13M1323,0.0,0.020265260120054973,0.0,0.0,0.0,0.0,0.0,0.0,0.39887920726466336,0.0,0.0,0.0014583459688954849,0.0,0.20556681208567384,0.0,0.37046964609921457,0.0033607284614978923
s14M1323,0.0,0.02357127531797455,0.0,0.0,0.0,0.0,0.0,0.011125873717597694,0.3995740458247373,0.0029543565633092035,0.0,0.00029296229405624617,0.07185512727680299,0.21156893412872294,0.0,0.27684934271245804,0.0022080821643411836
s15M1323,0.0,0.013002381650655351,0.0595481508819156,0.0,0.0,0.0037957350984148238,0.0,0.004601946943260043,0.2139503602114141,0.0,0.0,0.00048775922985081014,0.3618048093182129,0.05471908336678179,0.01112049189677137,0.2758719572437413,0.0010973241589818919
s01X1323,0.0,0.0,0.21624470865073095,0.0,0.0,0.0,0.0,0.0,0.21798190893056307,0.0,0.00047222795692639704,0.0,0.04115824058007555,0.22784247875026561,0.0,0.29630043513143844,0.0
s02T1323,0.0,0.0,0.09109424883176656,0.0,0.0,0.0,0.0,0.0,0.3489926312536951,0.0,0.0,0.0,0.011752495120334272,0.2945677676092272,0.0,0.2535928571849769,0.0
s03T1323,0.0,0.0,0.03332418119855423,0.0,0.0,0.0,0.0,0.0,0.4830263273395381,0.0,0.0,0.0,0.016461286955556945,0.1985275058676298,0.0,0.26866069863872094,0.0
s04T1323,0.0,0.0,0.011172864980848712,0.0,0.0,0.0,0.0,0.0,0.42168200313744053,0.0,0.0,0.0,0.08089895818269933,0.2650260451241124,0.0,0.2212201285748991,0.0
s05T1323,0.0,0.0,0.013776084847158077,0.0,0.0,0.0,0.0,0.0,0.4275421464012473,0.0,0.0,0.0,0.03426621488368434,0.36774908232006415,0.0,0.15666647154784613,0.0
s06T1323,0.0,0.0,0.007921306483136195,0.0,0.0,0.0,0.0,0.0,0.34335774315524087,0.0,0.0,0.0,0.06173602915644868,0.5869849212051742,0.0,0.0,0.0
s07T1323,0.07619156714985488,0.0,0.07223490960881826,0.0,0.0,0.0,0.0,0.0,0.12062355458929573,0.0,0.005020982859303638,0.0,0.05870747036601122,0.2360968106162747,0.02594803460049525,0.4051766702099463,0.0
s08T1323,0.0,0.48780368039028543,0.0,0.0,0.0,0.0,0.0,0.0,0.0,0.0,0.0,0.0,0.0,0.0,0.0,0.0,0.5121963196097147
s09T1323,0.0,0.1915507613095589,0.010674473184509595,0.0,0.0,0.00021829373305769565,0.0,0.004512681300709619,0.0058527784051273955,0.0,0.0,0.0,0.0,0.0,0.08973153136506089,0.09750199611012232,0.5999574845918536
s10T1323,0.0,0.19111718429378535,0.0,0.0,0.0,0.0037622790105755876,0.0,0.013318552617005402,0.13543844477282121,0.019956337532567817,0.0022906239701498826,0.0,0.0,0.05185668290264629,0.03073601336551088,0.3716893052185574,0.17983457631638025
s11T1323,0.0,0.3158590803488878,0.0011930970052787266,0.0,0.0,0.006419845273318813,0.0,0.020278537952011618,0.1174634491585109,0.0,0.0,0.0,0.0,0.04525349390925885,0.03563673537735483,0.13306078825468928,0.3248349727206892
s12T1323,0.0,0.1372574482468127,0.0,0.0,0.0,0.004088543960196883,0.0007594431769782106,0.013828938584990066,0.035959186134244786,0.03420992676968185,0.0020318346175398293,0.0,0.0,0.0,0.0545291985103751,0.40726287215237544,0.3100726078468052
s13T1323,0.0,0.08836991820189753,0.0,0.0,0.0,0.0012287008911495041,0.0006782394315533493,0.00856878068159613,0.044201580243303326,0.005585811940855702,0.0037189894044887648,0.0,0.0,0.0,0.0471694536718877,0.4080072064409855,0.3924713190922826
s14T1323,0.0,0.11165940350767938,0.00675476661689863,0.0,0.0,0.0021207399412371195,6.668052399462635e-05,0.007311441123093823,0.11125137797398828,0.017789948096357873,0.0031665832908655423,0.0,0.0,0.0,0.06853667542777529,0.457761480992661,0.21358090250544837
s15T1323,0.04393433787965419,0.035826419555850045,0.06965605874516867,0.0,0.0,0.005250485477710661,0.0,0.022534254887439327,0.08821774306783928,0.029007326976562203,0.01851161463485934,0.0,0.012350265115901081,0.11294256140060323,0.06368852032296779,0.43657421258331863,0.061506199352125604
s02M1423,0.1858391501267282,0.00262406916687441,0.1463719677980195,0.0,0.05519054750759689,0.0,0.0,0.007738305307185963,0.058157408937462525,0.0013520593612044753,0.0047445538861256836,0.0019775446790427525,0.0559167374938376,0.13640962328676817,0.0007439831075148205,0.34293404934163907,0.0
s03M1423,0.12626835591377195,0.0,0.20997790352169304,0.001284813283931757,0.12747933130816275,0.0,0.0,0.00264704915544986,0.013746117031320055,0.0,0.005922085114543151,0.0006663920571250519,0.06915351252724072,0.11215018025935285,0.0,0.33070425982740886,0.0
s04M1423,0.14337110367417474,0.0038647039281487464,0.032986225097979424,0.0,0.021859136686139813,0.007407649429869808,0.0,0.011480231945721155,0.1101564513912714,0.012389893744158232,0.0036227881729027035,0.0011969261546425224,0.038163711566856155,0.34860015587178717,0.009417653967524987,0.2554833683688231,0.0
s06M1423,0.187615187728585,0.002736220954799819,0.0830728690401361,0.0,0.009553061384903349,0.006881034632469051,0.0,0.007700444108733256,0.13002200556205862,0.0003936594293539907,0.003879055883809875,0.0016007874509690932,0.019759877890061988,0.30184872679028185,0.0,0.244937069143838,0.0
s07M1423,0.20231233338656637,0.0,0.07992751581727023,0.0,0.0,0.0,0.0,0.0037971109860809307,0.16410723862544738,0.0,0.0,0.0,0.033614369377482335,0.20918680339193096,0.0,0.30705462841522185,0.0
s08M1423,0.0,0.4830162813912829,0.0,0.0,0.0,0.0,0.0,0.0,0.0,0.0,0.0,0.0,0.0,0.0,0.0,0.0,0.5169837186087173
s09M1423,0.0,0.23677284605686263,0.00360543101858122,0.0,0.0,0.0,0.0,0.0,0.0,0.0,0.0,0.002290434765714953,0.0,0.0,0.041416175076548094,0.0,0.7159151130822932
s10M1423,0.0,0.3484135171103177,0.0008314754696282099,0.0,7.641183004845102e-05,0.0,0.0,0.00022311301100734105,0.0,0.0,0.0,0.0,0.0,0.0016711626613567212,0.04925760478741435,0.0,0.5995267151302272
s11M1423,0.0,0.08580457097844149,0.006076615547858803,0.0,0.0,2.798240998531292e-05,0.0,0.013902747795458322,0.0,0.0,0.0,0.0,0.0,0.0,0.09687942429148501,0.05548935527361035,0.7418193037031606
s12M1423,0.0,0.08539686174654762,0.002729340371843427,0.0,0.0,0.0029758089839674326,0.0,0.04844771558723704,0.013299099991397346,0.08343369051157846,0.0,0.0,0.0,0.0,0.11907190901497376,0.30286228295398393,0.34178329083847103
s13M1423,0.0,0.14402180599156444,0.0008704763598705675,0.0,0.0,0.0029518574718506835,0.0,0.027863615852384335,0.0037602591075957537,0.02882802086880991,0.0,0.0,0.0,0.0,0.057112708172315854,0.17945649272344613,0.5551347634521624
s14M1423,0.0,0.1287552575947387,0.0,0.0,0.0,0.006600856640407385,0.0006693261077393895,0.036637689351783305,0.20255039431715288,0.053207712116764214,0.00222086685892681,0.0,0.0,0.0,0.03174044910020607,0.40442009510192733,0.13319735281035397
s15M1423,0.10372909612306165,0.028032570821953522,0.04702402145676179,0.0,0.0,0.0,0.0,0.02100049062628655,0.1983025507293835,0.02222156935749779,0.001652815376510609,0.0005125055668929416,0.020690578632264735,0.12706916510899055,0.05836956091577319,0.3626220473118584,0.008773027972764778
s01X1423,0.0,0.0,0.15719266102017648,0.0,0.0,0.0019262721322096752,0.0,0.0,0.30228781026953977,0.0,0.0,0.0,0.002499925176548071,0.2199133884293924,0.0,0.3161799429721336,0.0
s02T1423,0.0,0.0,0.22733255238474318,0.0,0.0,0.004463241498324309,0.0,0.0,0.18473060846305345,0.0,0.0,0.00154089194564226,0.00782237611859225,0.18531803062413532,0.0,0.3887922989655093,0.0
s03T1423,0.0,0.0,0.25928990449148165,0.0,0.0,0.0,0.0,0.0,0.23356433229231927,0.0,0.001342326293636877,0.0006308752612881433,0.006999229841988244,0.11433869878135716,0.0,0.3838346330379287,0.0
s04T1423,0.0,0.03087330678238096,0.16093434317152833,0.00029145842066860116,0.0,0.01413344904731552,0.0,0.003726859996391021,0.239509426054312,0.0,0.004860797213918895,0.0019481471388091507,0.0,0.2091728973056556,0.0,0.3345493148690199,0.0
s05T1423,0.0,0.02662935899029502,0.0895959071183971,0.0,0.0,0.019446388010929145,0.0,0.003309971802678974,0.2784210960779417,0.0,0.00039011404537728987,0.0019401106641308997,0.0,0.29126365009706257,0.0,0.28900340319318724,0.0
s06T1423,0.0,0.025421614138004017,0.13348314569141193,0.0011564007569504556,0.0,0.009425362550993303,0.0,0.0018886399190600023,0.27335379776054924,0.0,0.00010291245335493559,0.0017746054648296716,0.004630933904586437,0.20572497598381645,0.0011747880217474907,0.341862823354696,0.0
s07T1423,0.0,0.013894130535139382,0.1346927316297195,0.0,0.0,0.009280263836414433,0.0,0.0,0.22059881288094646,0.0,0.0,0.002558204394328331,0.0,0.2535960786421851,0.0,0.36537977808126665,0.0
s08T1423,0.0,0.4709320548866687,0.004981560903581437,0.0,0.0,0.0,0.0,0.0,0.0,0.0,0.0,0.0,0.0,0.0,0.05356741042980655,0.0,0.4705189737799433
s09T1423,0.0,0.26433918306938353,0.004303225992410302,0.0,0.0,0.0,0.0,0.0,0.0,0.0,0.0,0.005395814216820078,0.0,0.0,0.019972927884272337,0.0,0.7059888488371138
s10T1423,0.0,0.03505735951864094,0.005002331924320259,0.0,0.0,0.0003022010557348144,0.0,0.007653742862202145,0.00037038497932722746,0.0,0.0,0.0,0.0,0.0,0.055684514835854244,0.02703694663066641,0.868892518193254
s11T1423,0.0,0.17133070861225216,0.009834967865618839,0.0,0.0,0.0,0.0,0.0,0.000512622494853336,0.0,0.0,0.0,0.0,0.0,0.11723485090082933,0.0032795827831597767,0.6978072673432865
s12T1423,0.0,0.2743930800523199,0.006303429149615713,0.0,0.0,0.0001449708250181726,0.0,0.0,0.0006772105380540479,0.0,0.0,0.0,0.0,0.0,0.06404350099014337,0.007256501114301518,0.6471813073305474
s14T1423,0.0,0.1155514699164767,0.003161334035348698,0.0,0.0,0.0,0.0,0.0,0.0010807255256490742,0.0,0.0,0.003711920931899212,0.0,0.0009630667148891977,0.07041284594548748,0.0,0.8051186369302497
s15T1423,0.0,0.2322921018117571,0.003834847071663808,0.0,0.0,0.002564657768934915,0.0,0.014260252920544253,0.0011671636655593365,0.0,0.0,0.0,0.0,0.0,0.10099370003511085,0.09678270907850851,0.5481045676479211
s02M1523,0.3688976644268261,0.0,0.06493802467269372,0.0009860922718917008,0.0030556547088649326,0.0,0.0,0.0063924629165454105,0.019230975791574824,0.0026737455469697797,0.003827850526747079,0.0007678881672790735,0.15035447621379905,0.17115031051882065,0.0,0.20772485423798778,0.0
s03M1523,0.13296678070323634,0.0,0.036693430280610076,0.00022074821245830536,0.0,0.0,0.0,0.004657810131708713,0.045518001112576305,0.0,0.0,0.0004862386889550267,0.548871140048668,0.08666801626633834,0.0,0.1439178345554489,0.0
s04M1523,0.0,0.0,0.013701761067863425,0.0,0.0,0.0,0.0,0.0024651202054587545,0.0822108390347254,0.002003260912750953,0.0,0.0,0.7978711755348652,0.05583772274153939,0.0,0.04591012050279671,0.0
s05M1523,0.0,0.0,0.011074796484854247,0.0,0.0,0.0,0.0,0.0016896168659981425,0.06630045494387002,0.0,0.000988920761652967,6.562605807240912e-05,0.8841649289374999,0.0,0.0,0.03571565594805242,0.0
s06M1523,0.0,0.0010587993586162407,0.018944851051106514,0.0,0.0,4.1199174107586777e-05,0.0,0.0023636369657281065,0.02456311073872448,0.001017586032086603,0.0,0.00013610018654590747,0.9031076493434486,0.017415500142780413,0.0,0.031351567006855714,0.0
s07M1523,0.0,0.0,0.10714254254141,0.0025674953196606655,0.003109410811634767,0.0,0.0,0.012083958586691906,0.0,0.008158183780725987,0.0,0.0,0.601590095692998,0.03831638696574215,0.0010307711758244197,0.22600115512531213,0.0
s08M1523,0.0,0.21189407198016263,0.00991205461239316,0.0,0.0,0.0,0.0,0.0,0.0,0.0,0.0,0.0,0.1087381496212355,0.0,0.1168937849279503,0.0,0.5525619388582584
s09M1523,0.0,0.037297959855449266,0.018908537757719064,0.0,0.0,0.0,0.0,0.0,0.0,0.0,0.0,0.003159983717856692,0.06027014749871902,0.0,0.10624062987881286,0.0,0.7741227412914431
s10M1523,0.0,0.05318674782503365,0.005357751912328164,0.0,0.0,0.0009327732778167383,0.0,0.0,0.0,0.12767842469383422,0.0,0.0,0.0,0.0,0.08456459478196905,0.10341344220047471,0.6248662653085434
s11M1523,0.0,0.0024690197682909368,0.014972629955660694,0.0,0.0,0.0,0.0,0.011647206117846165,0.0,0.105649807852948,0.0,0.0,0.1586825675451375,0.0,0.1790896369600091,0.11117372607639259,0.4163154057237151
s12M1523,0.0,0.037618036511649355,0.0035865229853222717,0.0,0.0,0.0,0.0,0.00426233565975858,0.0,0.09089193264837649,0.0,0.0,0.053428701175870445,0.0,0.12206828780434487,0.1159252905241628,0.5722188926905153
s13M1523,0.0,0.047687627577327786,0.0,0.0,0.0,0.0,0.00025073330709139864,0.002368558314625282,0.0,0.12163156788497655,0.0,0.0,0.06744331410117743,0.0,0.08656176302724926,0.10877179451426433,0.5652846412732879
s14M1523,0.0,0.19629050086012154,0.0,0.0,0.0,0.0038158760964599613,0.00016917815318744076,0.011475039584643488,0.14293392316027415,0.09438990370522013,0.0,0.0,0.0,0.0,0.03669184457692155,0.25924582454911893,0.2549879093140528
s15M1523,0.12373718070648422,0.041480020487699,0.019611439730343593,0.0,0.007752141020369488,0.0,0.0,0.021451809712847242,0.0669444228479435,0.12520165628864546,0.002775374173211252,0.0,0.1393709935555338,0.0,0.06433804949682746,0.29479358824948554,0.09254332373060939
s01X1523,0.01977041884414006,0.010654891455290038,0.19657390449875733,0.000657289619124759,0.04405587362271457,0.0027829853030063053,0.0,0.006021417895040931,0.06554889883642384,0.0,0.0,0.0027378083631762404,0.05308185392777478,0.262506138123556,0.0,0.33560851951099524,0.0
s02T1523,0.0,0.009274567322261272,0.30935306551681396,0.0,0.027590448090395573,0.0015981373492219043,0.0,0.0,0.050692436588178624,0.0,0.0,0.0014437044145342599,0.005088960579288163,0.11887797396808654,0.0,0.4760807061712196,0.0
s03T1523,0.0,0.0,0.34029387477067274,0.0,0.08240077779109514,0.001858891921620563,0.0,0.0,0.05449380516367016,0.0,0.0014885039055739307,0.002278350953471631,0.016595069697021715,0.08263340278024549,0.0,0.41795732301662863,0.0
s04T1523,0.0,0.0,0.13477384384625526,0.0,0.0,0.0,0.0,0.0,0.1360590960745901,0.0,0.0,0.0026054912211062584,0.0,0.23236830586746537,0.0,0.49419326299058286,0.0
s05T1523,0.0,0.008596430297427552,0.19598183055072976,0.0,0.12595391212512505,0.0047705575532079525,0.0,0.001688404223496708,0.07209517244055752,0.0,0.00720108353262233,0.002762547944319949,0.019769809517214527,0.08821132181228762,0.0,0.472968930003011,0.0
s06T1523,0.0,0.0,0.26613891378948956,0.0,0.0788210136779127,0.0031571781698955053,0.0,0.0009145113930502933,0.07852657913515272,0.0,0.01309114223477717,0.0024434195207107177,0.01659773625003029,0.09607297338863721,0.0,0.4442365324403437,0.0
s07T1523,0.03189732368570365,0.0,0.23587348863474963,0.0002668372690806611,0.017161215669081978,0.0,0.0,0.0005517284224805492,0.15362929223773833,0.0,0.0009657943314612122,0.002088321518317538,0.012468249967265789,0.12114881991442493,0.0,0.4239489283496958,0.0
s08T1523,0.0,0.33424714633189156,0.013595015257739054,0.0,0.0,0.0,0.0,0.0,0.0,0.0,0.0,0.0,0.0,0.0,0.05118028840451307,0.0,0.6009775500058563
s09T1523,0.0,0.025559413504569896,0.03188359097800547,0.0,0.0,0.0,0.0,0.0,0.0002433261052038662,0.0,0.0,0.0068957787862369705,0.0,0.0,0.16738113522894563,0.008426633466581391,0.7596101219304568
s10T1523,0.0,0.02913150439118706,0.0,0.0,0.0,0.0,0.0,0.0,0.0,0.14240093936084158,0.005284517748570704,0.0,0.0,0.0,0.12308755106530536,0.37847158995556385,0.3216238974785313
s11T1523,0.0,0.11686166556475677,0.0,0.0,0.0,0.008741953485426281,0.00231660168265495,0.00885235996914194,0.08689523216897284,0.08510681414342798,0.0058366813952179806,0.0,0.0,0.0,0.029286099379318118,0.4723087926147662,0.18379379959631703
s12T1523,0.0,0.16803765752133107,0.0,0.0,0.0,0.0015246173078736274,0.0,0.0,0.00888387989863217,0.0500139653682549,0.0,0.0,0.0,0.0,0.09514052686993235,0.1528827255122921,0.5235166275216838
s13T1523,0.0,0.021734647125184265,0.0,0.0,0.0,0.0,0.00019799364047805055,0.0,0.019407784100407187,0.13015651781527707,0.014183936119386105,0.0,0.0,0.0,0.08814322964490465,0.5230742584044134,0.2031016331499492
s14T1523,0.0853714751878407,0.020636307453550856,0.0,0.0,0.0,0.0,0.0006764162772379161,0.008829428960600528,0.16832943611363976,0.09748145377882333,0.021112052619426756,0.0,0.0,0.0,0.04559647270883089,0.480350547784629,0.07161640911542023
s15T1523,0.18169399556340804,0.0032795064390474154,0.0350291510782328,0.0,0.0,0.0,0.0,0.01141101458746489,0.24715728498460052,0.058151385265183875,0.012252797835851422,0.0005238457737807706,0.004590807961558091,0.06992496929267605,0.013414863904398874,0.3625703773137973,0.0
s02M1623,0.13704045021177322,0.03845636637807031,0.17901444587079676,0.0,0.11267118964537624,0.0,0.0,0.005190865804407227,0.08411768454247437,0.021118128776310707,0.0,0.0,0.01426430116159929,0.1446999813525679,0.0,0.26342658625662396,0.0
s03M1623,0.22785340926554037,0.005570792640356735,0.07346696079270121,0.0,0.011422040739530175,0.0013749875482771043,0.0,0.016611694627216872,0.19083142202116596,0.02913049793443227,0.007042750898873242,0.001206104966607893,0.0,0.1215799185875144,0.002072154823435792,0.3118372651543479,0.0
s04M1623,0.052923062056384404,0.019893692663827702,0.47876563500988334,0.0,0.06544563313418195,0.0,0.0,0.01314916407152076,0.02438385350702608,0.012159938326191878,0.002668298789303791,0.0017960210594830997,0.02060855647047183,0.03825294555803065,0.0070063870176666826,0.2629468123360279,0.0
s05M1623,0.03903511479841301,0.030101554965865997,0.22171095936209215,0.0,0.179666070282953,0.002453509694603962,0.0,0.013049591269547084,0.033170630446044465,0.037158414570982505,0.008347993984193553,0.0008176586795779532,0.032377619525050805,0.08455256223346046,0.035785537462931165,0.2817727827242839,0.0
s06M1623,0.12654833185464248,0.01558828819266979,0.054892284194395874,0.0,0.05737344017520364,0.005047355022748745,0.0,0.0069833460941106686,0.200996058056952,0.02581777077523216,0.007322283328076119,0.0008685100010210213,0.010241756893418153,0.2396246991758212,0.00875193200359036,0.23994394423211782,0.0
s07M1623,0.20347151388782908,0.00730688237829047,0.07456619646147597,0.0,0.0626464569265754,0.0002966986864296674,0.0,0.010721275558637439,0.16456066264404945,0.02820375290915347,0.008513723071692214,0.0013365180995401319,0.0056999503980634325,0.0956776138323015,0.0,0.3369987551459618,0.0
s08M1623,0.007625098987966128,0.13268534238462035,0.051806488312034674,0.0,0.0,0.0006728269827722782,0.028744261177523715,0.0,0.0,0.018211456577972032,0.0,0.0,0.0,0.0,0.14494763444988912,0.0,0.6153068911272217
s09M1623,0.0,0.3429463066479874,0.027764710176149163,0.0,0.0,0.0,0.0,0.0,0.0,0.0,0.0,0.001155840939304231,0.0,0.0,0.056402166805345974,0.0,0.5717309754312133
s10M1623,0.0,0.1151906337105465,0.02793899777983003,0.0,0.0,0.0,0.0,0.0,0.0,0.0,0.0,0.0,0.0,0.0,0.11814814583865861,0.0023135106768414297,0.7364087119941234
s11M1623,0.0,0.05170002314648197,0.022440784324225548,0.0,0.0,0.0,0.0,0.0,0.0,0.0,0.0,0.002382105290799301,0.0,0.0,0.1311348983604785,0.0164418806927068,0.7759003081853079
s12M1623,0.0,0.0,0.024739609247000638,0.0,0.0,0.0,0.0,0.0003153144118222756,0.0,0.041898106926092825,0.0,0.0,0.0,0.0,0.09671717610520784,0.06098058876767658,0.7753492045421998
s13M1623,0.0,0.0,0.003885424652322198,0.0,0.0,0.0,0.0,0.0,0.0,0.10640885879490948,0.0,0.0,0.0,0.0,0.07523290617092358,0.30794113746755986,0.5065316729142849
s14M1623,0.0,0.013982236075286198,0.0,0.0,0.0,0.0,0.0004310709786899493,0.01830565043915813,0.03770641101602674,0.2016626438261335,0.007202812557896079,0.0,0.0,0.0,0.008787648418166557,0.5351044230437118,0.17681710364493108
s15M1623,0.14408119511278336,0.0,0.042985731790541194,0.0,0.0,0.0,0.0,0.027050017426711224,0.12488251393060366,0.12600065961787318,0.03488066193787627,0.0,0.0,0.0,0.028141162868946842,0.47197805731466425,0.0
s01X1623,0.2079081099059674,0.006677718735606191,0.1933825548809792,0.0004859975786479085,0.09546647655536496,0.0,0.0,0.010760257037229999,0.06669493500325138,0.029272224380822894,0.008586328732005443,0.0007972990127897884,0.03944533909312092,0.06373277673169774,0.007268374222239321,0.2695216081302769,0.0
s02T1623,0.16303508430722774,0.005823176353739484,0.11172679238759017,0.0,0.2713904374605867,0.0003848626156232092,0.0,0.001964929268933009,0.03691789787391265,0.0392543669612638,0.0,0.0005102306684736806,0.04021789283861711,0.08041548304423664,0.0,0.24835884621979581,0.0
s03T1623,0.1269393797251673,0.0,0.15282414224141566,0.012913274440120989,0.2780956313122111,0.0,0.0,0.0,0.011795586358899633,0.023714517583912013,0.0,0.0,0.07601500301833532,0.06205703437293761,0.0,0.2556454309470003,0.0
s04T1623,0.0,0.0,0.12662713411741885,0.006355598085764399,0.44596048972898494,0.007459142719456122,0.0,0.0,0.0019218231048258201,0.05422245056133404,0.0,0.0,0.07223636366627266,0.05342574099363375,0.0,0.2317912570223094,0.0
s05T1623,0.23310893266390642,0.0,0.08798949471148473,0.004581445021654086,0.10528388355075004,0.0006173358755823958,0.0,0.004851210994988395,0.10060038918243075,0.029240263191390524,0.0028480998199689454,0.001316176688770464,0.0898012715939555,0.07583884782515085,0.0,0.2639226488799669,0.0
s06T1623,0.25455355795934886,0.0,0.045538951010898,0.0,0.05136660829098306,0.0,0.0,0.010350542088844113,0.11426044685581677,0.0472815082591877,0.012001637607083176,0.0,0.17397254075167437,0.005921162673399581,0.0,0.28475304450276434,0.0
s07T1623,0.27340096286795185,0.0,0.08539482112872353,0.003518684577705019,0.06534235330676562,0.0,0.0,0.008505520442039187,0.11882504076068584,0.03562657239207656,0.0,0.0,0.06781829267514958,0.12306354819434656,0.0,0.2185042036545562,0.0
s08T1623,0.0,0.45166583745178135,0.025065952975616496,0.0,0.0,0.0,0.0,0.0,0.0,0.0,0.0,0.0,0.0,0.0,0.08225344164196685,0.0,0.4410147679306353
s09T1623,0.0,0.4428866144604167,0.010420639231549842,0.0,0.0,0.0,0.0,0.0,0.0006717498799926455,0.05675097109393679,0.0,0.0,0.0019320734480876745,0.0,0.025997344060986888,0.0033361299731337305,0.4580044778518956
s10T1623,0.0,0.13148026210224284,0.027860903124600562,0.0,0.0,0.0,0.0,0.0,0.005010987388978838,0.19223799068599925,0.0,0.0,0.0,0.0,0.039339805513732846,0.037434158555394316,0.5666358926290513
s11T1623,0.0,0.028749622617256776,0.03997947608048435,0.0,0.0,0.0,0.0,0.0,0.00066877406423261,0.16396353288857152,0.0,0.0002041044693103925,0.005606811138285481,0.0,0.07841255918058182,0.02272300488738105,0.6596921146738961
s12T1623,0.0,0.04512890307399818,0.00035169035777424034,0.0,0.0,0.0,6.205379532949308e-05,0.0,0.007046744548547712,0.17170675233714333,0.0,0.0,0.027881854543788432,0.0,0.044205419927589376,0.04698117143918383,0.6566354099766454
s13T1623,0.0,0.0399432477766265,0.036343631293488395,0.0,0.0,0.0,0.0,0.0,0.004034432385032741,0.12251805965040927,0.0,0.006094357491809749,0.003654702161463003,0.0,0.03769614737119745,0.03795144545979336,0.7117639764101795
s14T1623,0.0,0.036028472956418325,0.011078831643918947,0.0,0.0,0.0,0.0,0.0,0.0286092933438916,0.23216235082527595,0.0,0.0,0.0301790035944083,0.0,0.05096589168985491,0.1657830866482939,0.4451930692979381
s15T1623,0.16222115887546287,0.0059809219145229905,0.0020404888022101057,0.0,0.0,0.003923295678513102,0.0,0.024853131973909162,0.2134904296887211,0.09715057794276137,0.023545207120098173,0.0,0.1012151170335966,0.03603507653677364,0.030645672862693766,0.2988989215707372,0.0
s02M1723,0.0,0.012242112308262894,0.3621946894854447,0.0,0.0601419614265375,0.00184030050006517,0.0,0.006496718735809211,0.018341050475889645,0.022130463584664143,0.0,0.00012385165541867795,0.38130000339541525,0.0,0.0,0.13518884843249282,0.0
s03M1723,0.20536278042501177,0.007619511415877548,0.09067559676896289,0.0,0.04292251687422304,0.007067874550362553,0.0,0.00394989495263818,0.14558266911076795,0.018464193364707622,9.098712148905941e-05,0.0013701789125829757,0.026622225105308497,0.2533712269623639,0.012851216055152043,0.184049128380552,0.0
s04M1723,0.004474649552175156,0.03966625592318199,0.16975730838730055,0.0,0.04965614849590339,0.00870687128044325,0.0,0.005751066226914439,0.14051895864960823,0.014416243667507057,0.0,0.0015986953175480116,0.03863005060363156,0.18476583758221232,0.018184068199845176,0.323873846113729,0.0
s05M1723,0.07175531199890857,0.021360106601109895,0.15971938897153615,0.0001574735038887697,0.046602859363746016,0.018185007239569617,0.0,0.006000321236097597,0.10368968388863174,0.016597678880558936,0.0,0.0013619206052235006,0.05161142432340408,0.27029104634641166,0.006976604846461441,0.22569117219445206,0.0
s06M1723,0.0,0.04152454038664131,0.12632839668121043,0.0,0.11380354267926587,0.017072221655772594,0.0,0.006176653964166582,0.09730027843102444,0.023131494735954945,0.0,0.000874111120924359,0.14660840650243065,0.16386172125411572,0.0,0.2633186325884931,0.0
s07M1723,0.0,0.004749453429567085,0.3160839136313809,0.0,0.1297319353626156,0.0007696664404319127,0.0,0.017432615608487963,0.05270517693716604,0.0249805047691963,0.0,0.0,0.317701051179247,0.0,0.02147510985953857,0.11437057278236869,0.0
s08M1723,0.0,0.21862693178244816,0.05480775880277984,0.002735047111591368,0.0,0.0,0.0,0.0,0.0,0.05232464807190179,0.0,0.02323687483757515,0.0,0.0,0.12232386903469601,0.0,0.5259448703590076
s09M1723,0.0,0.032455081500482166,0.027043121346746902,0.006400070943654158,0.0,0.0,0.0,0.006186926607772049,0.0,0.18469908639991367,0.0,0.024759237051569745,0.0,0.0,0.13920052986060272,0.06603120556886398,0.5132247407203945
s10M1723,0.0,0.0,0.0,0.0,0.0,0.0,0.0,0.014020469547150615,0.0,0.31518817543394084,0.0,0.0,0.0,0.0,0.0740401828093816,0.36551824866002736,0.23123292354949956
s11M1723,0.0,0.040350466664232774,0.0,0.0,0.0,0.0,0.0,0.0,0.0009382353674582726,0.473489861584715,0.004385225617028961,0.0,0.024557436291345318,0.0,0.059461441178943086,0.20933783593750765,0.18747949735876904
s12M1723,0.0,0.031466989806386785,0.0,0.0,0.0,0.0,0.0,0.016340219244525413,0.028246795610148034,0.40417249102597086,0.019553760936951776,0.0,0.03492086537282529,0.0,0.047729250882888555,0.39378131024242535,0.023788316877878
s13M1723,0.0,0.0,0.0,0.0,0.0,0.0,0.0,0.031990137680480805,0.0,0.28010472690432064,0.010012804937159293,0.0,0.0,0.0,0.08538357257969428,0.3820345192608999,0.210474238637445
s14M1723,0.0,0.023822386079508213,0.0,0.0,0.0,0.0,0.0,0.03643257042999568,0.26937058784673557,0.26467709556286806,0.021836867856981586,0.0,0.052820912010181784,0.0,0.05615241493494264,0.27488716527878637,0.0
s15M1723,0.08420616556275354,0.0035374405599107217,0.10808068778655151,0.0,0.037022783520887906,0.0,0.0,0.021734166949225826,0.17265793652926537,0.07063073256114098,0.005866711919270174,0.0,0.2561269820554309,0.0,0.017105761651126778,0.22303063090443617,0.0
s01X1723,0.0,0.0,0.3619522482744764,0.0,0.21165580504875256,0.0023417892489192684,0.0,0.004613563490641126,0.03335899845793888,0.04290138808316456,0.0014465561576206428,0.0,0.08742483041092079,0.01174742337543603,0.006821330313270431,0.23573606713885933,0.0
s02T1723,0.009671999542579256,0.008546562462977754,0.4787775751041596,0.0,0.12069114549963192,0.004934314566531823,0.0,0.004723999465727646,0.12335526915303928,0.016580371179996063,0.040337859744404465,0.00115107114533516,0.03617944055786782,0.0,0.0,0.15505039157774933,0.0
s03T1723,0.012400528983683058,0.02028647065699982,0.3540308244098923,0.0,0.11588996258811056,0.013816449622654797,0.0,0.005801126843122911,0.13461152892619874,0.019833550187899812,0.04754818958455356,0.00026311152483974454,0.09105182188703208,0.026309107874408703,0.0,0.15815732691060394,0.0
s04T1723,0.0,0.010106317579789284,0.16317763261772167,0.0,0.15454231109146946,0.011918768245636683,0.0,0.00033807170969241926,0.060397857384306454,0.0163399772171424,0.024684858569290147,0.0,0.4161269417614038,0.0,0.0,0.1423672638235477,0.0
s05T1723,0.08365248533174591,0.03651482319199849,0.134027820399426,0.0,0.07704925002776206,0.030829377746713536,0.0,0.0,0.21439698253859968,0.02241965845852616,0.014552758335040121,0.00025115281297222425,0.021445823014168686,0.04242836831188202,0.0,0.32243149983116515,0.0
s06T1723,0.014259400286564795,0.03640615304803167,0.13057599929319455,0.0,0.11403631405453522,0.027304441333952927,0.0,0.0,0.16433046925927958,0.021920973199459657,0.005127500877099841,0.00032002616530612903,0.1710157426376153,0.03114432072446874,0.0,0.28355865912049166,0.0
s08T1723,0.0,0.035957427355610035,0.0979652346382241,0.004099520361167257,0.0,0.0,0.0,0.0,0.0,0.10306481788070469,0.0,0.03364445037394746,0.021703846635634842,0.0,0.11892739556349151,0.0,0.5846373071912201
s10T1723,0.0,0.009944955402791042,0.06437043173452468,0.0,0.0,0.0,0.0,0.0,0.0,0.12171626471739742,0.0,0.03661875331908122,0.004922996467414624,0.0,0.1258380560083016,0.0,0.6365885423504895
s11T1723,0.0,0.014629363801010695,0.039304332634887876,0.0028704675638670375,0.0,0.0,0.0,0.0,0.0,0.1354766592857662,0.0,0.030659529148851672,0.051970258487700476,0.0,0.15028130761308095,0.0,0.5748080814648351
s12T1723,0.0,0.023430009992028614,0.05649198671722485,0.004977244807999926,0.0,0.0,0.0,0.010497514236493522,0.0,0.19530032334212807,0.0,0.03716429939248455,0.005898440788265221,0.0,0.1548798950997061,0.009146047525034404,0.5022142380986346
s13T1723,0.0,0.0,0.037516347304762325,0.0,0.0,0.0,0.0,0.0,0.0,0.4021118065866048,0.016605881230131056,0.0,0.033587013481509484,0.0,0.03672874990867527,0.23434214162044703,0.23910805986787015
s14T1723,0.0,0.014228603704721345,0.09760526758778444,0.0,0.0,0.0,0.0,0.004977389790517904,0.03714785331221308,0.23479450485860145,0.03576778595061726,0.0,0.34173899173478456,0.0,0.03901352418950816,0.17690183026056752,0.01782424861068428
s15T1723,0.12170640276129428,0.005260313078690411,0.135873334142126,0.0,0.0,0.011566944688628058,0.0,0.008415113441805275,0.24232013595289106,0.05313577237226316,0.01374226456253149,0.0,0.11304405098947766,0.041209961893342785,0.0,0.25372570611694983,0.0
s02M1823,0.030214173547064915,0.020512335832180914,0.43826305909525615,0.0,0.05219795737163393,0.008789377657215663,0.0,0.002406842549522343,0.06556076100705441,0.037993842445657934,0.017211096363177653,0.0,0.06856831877753006,0.040536387614441116,0.02947318596195978,0.18827266177730514,0.0
s03M1823,0.058008565273733305,0.016334891620632196,0.46846415004107395,0.0,0.0894274570498517,0.009936707003069055,0.0,0.002153382949756188,0.09445776629522916,0.037952143628379044,0.008565650713005519,0.0,0.02842511418360842,0.04948976396949811,0.0,0.13678440727216337,0.0
s04M1823,0.05179696192578329,0.022080160385376864,0.3952577797468654,0.0014226464708356518,0.09196660042630346,0.014531866653332514,0.0,0.0,0.14898435370327653,0.04024473793045289,0.016772705129446393,0.0,0.037441069457259696,0.014640339737653883,0.0,0.1648607784334134,0.0
s05M1823,0.0,0.03107121339576981,0.37513032171802796,0.0,0.14919549759477058,0.013613539955127435,0.0,0.0,0.11106812507072139,0.04684486058809725,0.013461609943056023,0.0,0.05235138171889765,0.0,0.0,0.20726345001553192,0.0
s06M1823,0.017084541220176285,0.029897780053587078,0.1755761992525296,0.0,0.13662566658126185,0.01991599546861151,0.0,0.0,0.22555586185959342,0.05168511161298244,0.01537986712689088,0.0,0.016597169322317334,0.0,0.0,0.3116818075020496,0.0
s07M1823,0.14534032786340134,0.0024820840960377445,0.16511253303688245,0.0,0.04401986729713579,0.03247313571970567,0.0,0.0,0.2684875552076327,0.033292862073022636,0.018670683211920627,0.00042270529433508484,0.0,0.0,0.0,0.28969824619992596,0.0
s08M1823,0.0,0.10977833150755699,0.06983665396182794,0.012066636201854386,0.0,0.0,0.0,0.0032908245557166918,0.0,0.07069204217210773,0.0,0.03360124907534031,0.0,0.0,0.01451321143284023,0.0,0.6862210510927558
s09M1823,0.0,0.0,0.053323115635260765,0.0,0.0,0.0,0.0,0.020446865578657752,0.003986430033466002,0.2573177302313303,0.0,0.07382379984908047,0.0,0.0,0.09109701479099187,0.0,0.5000050438812128
s10M1823,0.0,0.0257694931319201,0.010140989390549844,0.0066004502045835765,0.05452420450809773,0.0,0.0,0.05437769413090728,0.0,0.5510300964513285,0.014844927838111416,0.0,0.0,0.0,0.03702766983500137,0.15204969973181212,0.09363477477768808
s11M1823,0.0,0.0,0.03725384357602401,0.0,0.0,0.0,0.0,0.047309215886484395,0.006326881316307418,0.4029009821031739,0.0,0.050477825792477525,0.0,0.0,0.10574112829214243,0.0438951129737691,0.30609501005962125
s12M1823,0.0,0.012068280382680157,0.0,0.0,0.0,0.0,0.0,0.0,0.02908803993045845,0.8959386190857013,0.02712375249332663,0.013674465266637478,0.0,0.0,0.016682139203440312,0.0,0.0054247036377557435
s13M1823,0.0,0.02606849120115626,0.0,0.0,0.0,0.0,0.0,0.02014297153441933,0.07669214086973523,0.7836789363479183,0.008887582811099635,0.017343781554404882,0.0,0.0,0.06596358999088492,0.00122250569038159,0.0
s14M1823,0.0,0.0040018944977790695,0.0,0.0,0.0,0.0,0.0,0.0,0.05847916286382171,0.7695192384951095,0.07529803335650312,0.0,0.0,0.0,0.0,0.09270167078678655,0.0
s15M1823,0.02366215798660915,0.028001656045628216,0.16030425996919254,0.0,0.0,0.006465471315228309,0.0,0.03751832849404571,0.1351180752031593,0.39493043352490914,0.041174091618748444,0.0,0.0,0.026652097412002865,0.023167026866359314,0.12300640156411687,0.0
s01X1823,0.006286384068233172,0.02313929389733675,0.4384121528398085,0.0,0.09095192850390733,0.022613919971929564,0.0,0.0,0.0681552931812172,0.02118272551168056,0.03516818891973643,0.0001629342375106144,0.049475369531247655,0.16861315466642787,0.0,0.0758386546709643,0.0
s02T1823,0.11354239305565535,0.018935264638764555,0.220618566976859,0.0,0.0,0.05026452988223443,0.0,0.0,0.20227151154297313,0.028838141463688505,0.008812699286895683,0.0002554623964016884,0.004502299182282297,0.3311050534585006,0.0046703693454326406,0.016183708770312277,0.0
s03T1823,0.049181637916412856,0.023687770437030294,0.2969705582097003,0.0,0.0,0.04735527098098272,0.0,0.0,0.15387466624990398,0.02342818423054907,0.015098000873684177,0.0004991051460700774,0.015339091194842194,0.32164870951715413,0.00880860459667329,0.044108400646997024,0.0
s04T1823,0.05827342765316468,0.020279467809181377,0.08430510610685187,0.0,0.0,0.09015261052988341,0.0,0.0,0.3154964473662024,0.021889631364466918,0.029294699835221205,0.0003260077839374682,0.008927656461859333,0.3689403213335495,0.0,0.0021146237556817805,0.0
s05T1823,0.0,0.024080485960353823,0.16924424951584977,0.0,0.0,0.08731917691036692,0.0,0.0,0.31321670525561096,0.026326068289259954,0.032559066234810106,0.0,0.039512511655917175,0.2617033920037502,0.0,0.04603834417408122,0.0
s06T1823,0.04312631745749805,0.02164801929008331,0.10144274545080435,0.0,0.0013984212078984122,0.100670367102135,0.0,0.0,0.368207991089976,0.03105680388577498,0.01542008537550986,0.0,0.029503069761122793,0.2352919578735171,0.0,0.05223422150568008,0.0
s07T1823,0.06887980486625742,0.009565729298118738,0.09189630279185737,0.0,0.0,0.12303785815706576,0.0,0.0,0.3657642991947788,0.020905401459515405,0.004038505465262968,0.00019133157487581483,0.028388099746726025,0.2829487769150345,0.0,0.004383890530507148,0.0
s08T1823,0.0,0.05135774426394208,0.11699887114014788,0.0,0.0,0.0,0.0,0.0,0.0,0.09543244246526168,0.0,0.050012104843479496,0.0,0.0,0.06272986018255194,0.0,0.623468977104617
s09T1823,0.0,0.023658125218463236,0.07220020848833783,0.0013207169543274712,0.0,0.0,0.0,0.0,0.0,0.12140906822206397,0.0,0.0348163223505043,0.0,0.0,0.0,0.0,0.7465955587663031
s10T1823,0.0,0.029127319833777966,0.0980298584224261,0.0,0.0,0.0,0.0,0.00994694864455409,0.0020794032904653463,0.4236855901093234,0.0,0.040471070793694705,0.0,0.0,0.046670440157637105,0.0,0.3499893687481214
s11T1823,0.0,0.0,0.06501395949717065,0.0,0.0,0.0,0.0,0.0,0.001018278010465515,0.3087650141929078,0.0,0.06024167999322571,0.0,0.0,0.0133262448533921,0.0,0.5516348234528382
s12T1823,0.0,0.0,0.06278690492733477,0.0,0.021676808588959602,0.0,0.0,0.023551945220150923,0.006665689764050239,0.37879139329016015,0.0,0.03172531969680064,0.00871796598469447,0.0,0.09962282014252422,0.0,0.36646115238532495
s14T1823,0.0,0.015359522663842908,0.1469058838388457,0.0,0.006469065352566242,0.0,0.0,0.055055453723018635,0.01716568971616546,0.2848289591414246,0.0,0.024245737016966806,0.03036326925565099,0.0,0.11652913512746985,0.004475018568889315,0.2986022655951595
s15T1823,0.0916500940611634,0.0,0.1293245937177183,0.0,0.0,0.01808035862683032,0.0,0.032423743903360135,0.24108509834230948,0.23504306174668396,0.06749952860517025,0.0,0.008857680685701292,0.06183801980685548,0.031153433423922367,0.08304438708028504,0.0
s04M1923,0.0011266828310067738,0.0,0.891655775547261,0.00727872911782795,0.0,0.0,0.0,0.004643717882736372,0.012984992917808132,0.005127430990718725,0.0,0.0,0.04611898127450261,0.0,0.0,0.031063689438138378,0.0
s05M1923,0.06178223520009573,0.005255934424355243,0.7234558147441383,0.0015657768725789666,0.0179770241471708,0.0004217122993034466,0.0,0.0064295860637528105,0.010586653600154216,0.014511786020033118,0.0,0.0008407507102306982,0.10367116545324717,0.0,0.0042156306073637285,0.049285929857575704,0.0
s06M1923,0.12394319557660655,0.0,0.5233045700810574,0.005422724185388734,0.0,0.0010764934492480834,0.0,0.005000803437115344,0.02145634590701996,0.012548830883302694,0.002571748874901922,0.00027003659591124784,0.2809129789567525,0.0,0.0,0.02349227205269562,0.0
s07M1923,0.35903031986590445,0.0,0.22367030231602897,0.0014045715812093667,0.024921492983369067,0.011216772103184688,0.0,0.0068020689321820465,0.06627516424673459,0.04097367931192634,0.0015675709281000826,0.0,0.08398981700272501,0.13709288665698316,0.0,0.04305535407165212,0.0
s08M1923,0.0,0.026126889691650647,0.0554126701776116,0.0,0.0,0.0,0.0,0.0,0.0,0.1122187469815615,0.0,0.023399289810490234,0.0,0.0,0.0,0.0,0.782842403338686
s09M1923,0.0,0.02380733281814591,0.03923093214288953,0.0,0.011323682465198576,0.0,0.0,0.04653646496963369,0.0,0.49882902913637156,0.0,0.008159935360604071,0.0,0.0,0.055317171658446976,0.0,0.3167954514487096
s10M1923,0.0,0.0,0.0010016927921917627,0.0,0.0,0.0,0.0009929425954563786,0.0,0.0012572410207777663,0.8614970773145466,0.030869801292886048,0.0029026206279226126,0.0,0.0,0.014738554175147814,0.0,0.08674007018107106
s11M1923,0.0,0.0,0.0,0.0,0.0,0.0,0.0,0.0,0.0018439051734186194,0.9616676520516805,0.03385615882326579,0.0,0.0,0.0,0.002632283951635169,0.0,0.0
s12M1923,0.0,0.00039183588609586253,0.0,0.0,1.8558210455626363e-05,0.0,0.0,0.10604276192342728,0.006096285744538518,0.7657886966950365,0.018612691701080455,0.0,0.012262235832928412,0.012973738308106556,0.046975484768918246,0.0,0.0308377109294126
s13M1923,0.0,0.008361725297514644,0.017453885909950638,0.0,0.012863944274194319,0.0,0.0,0.07862138006203732,0.013938898565218264,0.753590378654838,0.008035298300215037,0.0,0.038081110783787606,0.0019295020920191833,0.06712387606022502,0.0,0.0
s14M1923,0.0,0.0,0.0,0.0,0.0,0.004300930520715331,0.0,0.10761805303443088,0.0443137463008273,0.6934404495703835,0.056078913782625466,0.0,0.0,0.025030368000242942,0.04355443576424584,0.025663103026528664,0.0
s15M1923,0.0,0.0,0.0891150116680474,0.0,0.0,0.00558065942750455,0.0,0.0,0.05317963934709225,0.6459912474958964,0.10530576155968588,0.0,0.06429584988510777,0.032044461526484644,0.0,0.004487369090181095,0.0
s02T1923,0.24512841406469824,0.009573037907745946,0.6052448736252041,0.006312621404448945,0.01724988689934958,0.0,0.0,0.0040363424966627925,0.026772926550664974,0.023854717784172683,0.0012192907204438505,0.0,0.012421844082772984,0.008482971408955873,0.0,0.039703073054879946,0.0
s03T1923,0.08741327253742706,0.03693296734436331,0.6993614209278737,0.007495672642181765,0.0004854618944099767,0.000287542344774416,0.0,0.01071720015175496,0.02388740060462676,0.018266142052947947,0.001414088701228621,0.0,0.007769460864327317,0.0,0.0,0.05949203791718071,0.046477332016903385
s04T1923,0.13735950257262824,0.004992810188425303,0.7746082886061355,0.006414492867408244,0.0,0.0,0.0,0.005500680703444225,0.02709238665019169,0.01692641859866064,0.0,0.0009235635743135897,0.006025509984843699,0.0,0.0,0.020156346253948854,0.0
s05T1923,0.32250675475767815,0.010359421554354932,0.46080905564099545,0.003407015232886732,0.039097238283808976,0.0,0.0,0.0044990989238785925,0.03278696831020706,0.026231812228283805,0.005109209347021733,0.0003087561065967161,0.015534959455623235,0.003631351708595422,0.007926037395541135,0.0677923210545281,0.0
s06T1923,0.1885524962248466,0.00454831562684645,0.5014581636483052,0.0,0.09265021150283537,0.007589960622976702,0.0,0.0051389149534966806,0.02078936239321779,0.029063005040913126,0.0012477563895099278,0.0003209384426060067,0.016915887698047038,0.08855242622748137,0.0,0.043172561228917744,0.0
s07T1923,0.25690862123833336,0.0,0.5445816873276736,0.010562297087708752,0.0,0.0,0.0,0.005830182701886623,0.04082302106780261,0.06394860270910274,0.023458948154496697,0.0,0.009306771744657577,0.0,0.0,0.04457986796833812,0.0
s08T1923,0.0,0.028860675684445766,0.07934456311350235,0.002411152362233518,0.0,0.0,0.0,0.0,0.0,0.1327163329639668,0.0,0.04264405873762045,0.0,0.0,0.0,0.0,0.7140232171382311
s09T1923,0.0,0.0010693629555790787,0.06596317138666916,0.0,0.0,0.0,0.0,0.02773929541190495,0.0,0.27213878205246955,0.0,0.029815898835842337,0.0,0.0,0.0,0.0,0.6032734893575349
s10T1923,0.0,0.003607579620436359,0.02501501378886346,0.0,0.0,0.0,0.0,0.02136449513287992,0.00031608371610032996,0.6750874093614065,0.02660120158510438,0.0063817010670370496,0.0,0.0,0.026436593858016437,0.005290994252904382,0.20989892761725104
s11T1923,0.0,0.015371903035522936,0.09645420188413867,0.0,0.0019299353087039643,0.0,0.0,0.0242815415389375,0.0013700931431816275,0.46324038532424033,0.011136323059871021,0.003995644852651828,0.0,0.0,0.028962818557798357,0.08694234954958387,0.26631480374536987
s12T1923,0.0,0.0,0.0,0.0,0.0,0.0,0.0,0.0,0.0072006896460263346,0.9384078510537143,0.054391459300259355,0.0,0.0,0.0,0.0,0.0,0.0
s13T1923,0.0,0.0,0.0,0.0,0.0,0.0,0.0,0.0,0.011279883619537778,0.9139226037919203,0.07479751258854203,0.0,0.0,0.0,0.0,0.0,0.0
s14T1923,0.02416965824095375,0.0,0.0873610735284819,0.0,0.03906692674439069,0.01134719229682368,0.0,0.06506489454394707,0.08379359361146341,0.4917381720654417,0.14278306060949714,0.0,0.016260902155631463,0.0,0.0,0.03841452620336923,0.0
s15T1923,0.212489803052658,0.0,0.2182957095001939,0.0,0.011247155037532493,0.011706103119976509,0.0,0.036454322735429805,0.1401484506713777,0.1959888539538345,0.06907301769116594,0.0,0.014203338507777549,0.03055973221790413,0.0,0.05983351351214964,0.0
s05M2023,0.14088834266801945,0.016694585893868474,0.14335850606314265,0.0,0.11201478198850133,0.050191468389478244,0.0,0.003934017252229168,0.04465293398574117,0.041773320756325324,0.003832264201820183,0.0004629915100106119,0.01714430008717613,0.42360607808469,0.0014464091189972893,0.0,0.0
s06M2023,0.202366288230883,0.015134583025228054,0.3961428103124742,0.0,0.05102894033535282,0.03759989789699277,0.0,0.00924846787892857,0.0863850496802238,0.038426426247479745,0.016974092569836122,0.0,0.007819834290415205,0.11952790155969419,0.0,0.01934570797249141,0.0
s07M2023,0.21769377455743932,0.007435604918405624,0.5292361108600451,0.0017130667130068177,0.005858191236257064,0.017652208072243276,0.0,0.005052694814477573,0.036781279609838465,0.047380867731304135,0.014879114911584288,0.0,0.003189323501372819,0.10789230099951985,0.0,0.005235462074505544,0.0
s08M2023,0.0,0.0,0.0351935652317633,0.003926430097268557,0.0,0.0,0.0,0.0,0.0,0.11146982139569073,0.0,0.3370253546215599,0.0,0.0,0.09617671234939794,0.0,0.41620811630431964
s09M2023,0.0,0.0,0.005344704174854713,0.0,0.0,0.0,0.0,0.010998493796875689,0.0007038963858436447,0.46985324487571806,0.0,0.21723883505475283,0.0,0.0,0.045618594772303435,0.0,0.25024223093965164
s10M2023,0.0,0.0,0.0,0.01198609986129292,0.0,0.0,0.0,0.01268705667180221,0.005392679530132825,0.9478777199200966,0.022056444016675305,0.0,0.0,0.0,0.0,0.0,0.0
s11M2023,0.0,0.004796327787589326,0.0,0.0,0.020007876256828896,0.0,0.0,0.0930824152034853,0.008294870624142189,0.8490178970661194,0.007259867701541067,0.0,0.0,0.0,0.017540745360293795,0.0,0.0
s12M2023,0.0,0.0,0.01948175596058446,0.0,0.05817449721091954,0.0,0.0,0.12046461838728624,0.05088244248987504,0.6604850010967679,0.04041356838968215,0.0,0.0,0.0,0.05009811646488479,0.0,0.0
s13M2023,0.0,0.0,0.0203748999807227,0.0,0.07675189575065862,0.0,0.0,0.1674196012939344,0.07820507151382251,0.60836677618036,0.03217345892164396,0.0,0.0,0.0,0.016708296358857923,0.0,0.0
s14M2023,0.022733983799666416,0.22626898178311278,0.01903080540371778,0.0,0.0,0.013315832380787101,0.0,0.07379578044486004,0.06488893571426758,0.31743186472461726,0.09556636802814134,0.132325328102308,0.0,0.017716084002627894,0.0,0.0,0.016926035615893845
s15M2023,0.416765781229902,0.0,0.24306250293884182,0.0,0.0,0.022529524157647307,0.0,0.01477792170664012,0.08933260117760879,0.10034139647882234,0.06049480926593019,0.0,0.0033742983416683177,0.015588332847084772,0.0,0.03373283185585448,0.0
s01X2023,0.4673401226697806,0.0,0.3655019119456586,0.000920527620091072,0.0,0.019003964353129853,0.0,0.0,0.03452489608761358,0.011222795472214686,0.004630625078277965,3.655210405995484e-05,0.0011190143056582452,0.0956995903635154,0.0,0.0,0.0
