,0,1,2,3,4,5,6,7,8,9,10,11,12,13,14,15,16,17,18,19,20,21,22,23
s02T1622,0.0,0.0,0.0,0.0,0.0,0.016326532865090185,0.0,0.0,0.0,0.18925854718129376,0.0,0.0,0.03034395231756254,0.0,0.0,0.3332830943739318,0.0,0.12650292500437593,0.0,0.0,0.2547903776983239,0.0,0.045865913337641714,0.0036286572217802656
s03T1622,0.0,0.0,0.0,0.0,0.0,0.013695353638739364,0.0,9.387060419058764e-05,0.00431253089122296,0.1286200700965182,0.0022861589677185693,0.0,0.055838259197017584,0.0,0.004163546190255301,0.2173517536149732,0.0,0.17989238238305463,0.0009727075028838088,0.0,0.31866091415707104,0.0,0.06329572103154692,0.010816731724807755
s04T1622,0.0,0.0,0.0,0.0,0.0,0.00912660914259327,0.0,0.003272315018703017,0.0,0.1015024296850184,0.0,0.0,0.03935251864613649,0.0,0.0,0.2947445841047034,0.0,0.052540178903334546,0.0,0.0,0.41795473251170695,0.0,0.06740581840228539,0.014100813585518585
s05T1622,0.0,0.0,0.0,0.0,0.0,0.012349039997160739,0.0,0.003103886273354652,0.0,0.1195153945026679,0.005352490932105128,0.0,0.0301260471156378,0.0,0.0,0.23898042009273288,0.0,0.11913479881290831,0.0,0.0,0.3423387833176934,0.0,0.11365693689371721,0.015442202062021959
s06T1622,0.0,0.0,0.0,0.0,0.0,0.002881142684596151,0.0,0.0022543404895399933,0.013284398484621485,0.049017133360730936,0.009685803389422511,0.0,0.06948241032384123,0.024235183287452194,0.0,0.1309971883110525,0.0,0.20533994004561631,0.010161103592225254,0.0,0.3649715922590686,0.0,0.09998099499562596,0.01770876877620693
s07T1622,0.0,0.0,0.0,0.0,0.0,0.0,0.0,0.003893512302102278,0.0,0.024548729120527062,0.005522988718113236,0.0,0.10498399989478999,0.0033696989621022876,0.010778325750502854,0.04175386421029645,0.0,0.1940110984751805,0.012045300570756408,0.0,0.5314875584498917,0.0,0.03180488115882321,0.035800042386914005
s08T1622,0.04915456723487964,0.5435049969079645,0.0,0.010248306373439039,0.0,0.0,0.0,0.0,0.0,0.0,0.0,0.1754066559872446,0.0,0.010856906773920602,0.010733523961446523,0.0,0.16911528740995735,0.0,0.0,0.0,0.0,0.0,0.030979755351147727,0.0
s09T1622,0.0,0.43783361259732423,0.0077098374776245985,0.0018804217630233634,0.0,0.0,0.0,0.004399967326425868,0.0,0.000938564394483294,0.0,0.15068077180770237,0.0,0.012671011652058223,0.06050098432989236,0.0,0.19189289830669365,0.0,0.0,0.0,0.03485757120918159,0.0,0.06674507907851329,0.029889280057077177
s10T1622,0.0,0.10080634874689444,0.004134251919623595,0.0048802449023100485,0.0,0.0012406320168710941,0.000711653341573676,0.01812960506399765,0.0,0.0054324097298529845,0.0,0.15422006201741129,0.0,0.006517308439500577,0.0,0.0,0.16170822473077986,0.0,0.0,0.0,0.09252490219307322,0.0,0.2132058558418118,0.23648850105629965
s11T1622,0.0,0.0,0.008292201218518322,0.017261643192710854,0.0,0.0,0.0,0.026301642134817418,0.0,0.0025200862620261572,0.0,0.262610573685681,0.0,0.013100640002003935,0.03318611408185744,0.0,0.12910697643141816,0.0,0.0,0.0,0.15037268196539724,0.0,0.25371879974363515,0.10352864128193433
s12T1622,0.0,0.0027194437177110067,0.0,0.0,0.0,0.0,0.0,0.05382673129409948,0.0,0.007435423159581175,0.0,0.035108021152508086,0.0,0.0,0.059194981322393564,0.0,0.011043569693235448,0.0,0.0,0.0,0.27232622374565746,0.0,0.37295306812676154,0.18539253778805218
s13T1622,0.0,0.04544914489588953,0.0,0.0,0.0,0.00329582635963922,0.00037238565977057355,0.05390504184471994,0.0,0.01951186008139201,0.001008440616539798,0.02519158785619059,0.0,0.0,0.02546072650634778,0.0,0.01992602365613654,0.0,0.0,0.0,0.26496435134890683,0.0,0.3248529532881451,0.216061657886322
s14T1622,0.0,0.013041296486764768,0.0,0.0,0.0,0.003505710173444124,0.0,0.04750176368506277,0.0,0.0379182920557547,0.011829755111214537,0.0,0.0,0.0,0.02056482146530562,0.0,0.005943167070354546,0.0,0.0,0.0,0.31848755266585,0.0,0.376514912188438,0.164692729097811
s15T1622,0.0,0.0008460746810496642,0.0002970805423875229,0.0,0.0,0.0017859347726782806,0.0,0.0284654789925042,0.0,0.07239928557474042,0.021233434111852984,0.0,0.021002968153715128,0.0,0.0,0.046750867369792344,0.0,0.04267197039185752,0.0,0.0,0.39051490406169226,0.0,0.29496752084484734,0.07906448050288224
s02M1722,0.0,0.0,0.0,0.0,0.0,0.031632432011391376,0.0,0.0,0.0,0.1590139349557391,0.002016842075801894,0.0012067103392028626,0.06556836997099783,0.0,0.0,0.2788573557749888,0.001428828570705126,0.07492552400480337,0.015233152806424871,0.0,0.3065077741109685,0.0,0.05203473111219079,0.011574344266785412
s03M1722,0.0,0.0,0.0,0.0,0.0,0.02618271724726139,0.0,0.0004812737195322035,0.00598614992477799,0.16061194104780635,0.0030820703635524526,0.0,0.04085619540355493,0.001473561657389559,0.0,0.2672629730310193,0.0,0.09889982416604966,0.03871661939844488,0.0,0.2859964391389869,0.0,0.06015952646373402,0.010290708437890506
s04M1722,0.0,0.0,0.0,0.0,0.0,0.01927519195212943,0.0,0.005825481337860144,0.00484801173965285,0.09944178960340092,0.005109648932431109,0.0,0.023043989872263238,0.0,0.0,0.22095899209632527,0.0,0.08979540423157929,0.03753394898511276,0.0,0.39426254871144667,0.0,0.0835682144359771,0.016336778101821343
s05M1722,0.0,0.0,0.0,0.0,0.0,0.015818307556022374,0.0,0.0041233201696553,0.008965045006364582,0.05870870261065699,0.0013533665649557492,0.0,0.041968520307681244,0.0,0.0,0.1818006588572321,0.0,0.0676053179503647,0.2035505327595583,0.0,0.33358090776448523,0.0,0.059878474233727906,0.02264684621929566
s06M1722,0.0,0.0,0.0,0.0,0.0,0.004928916846888025,0.0,0.004684527784086092,0.027517163422454315,0.04242747977766127,0.003449704795000377,0.0009491421372795927,0.04195026148834452,0.0023582008845303105,0.0,0.11918312828284111,0.0,0.12284175959047793,0.23927323774225848,0.0,0.330372873112669,0.0,0.03955845485565575,0.020505149279853054
s07M1722,0.0,0.0,0.0,0.0,0.0,0.01122433665593594,0.0,0.009638709194583404,0.009445509529703173,0.03235613422118806,0.008886762224377984,0.0,0.08258780789208055,0.03312747085656698,0.0040441748670992485,0.03930763927127561,0.0,0.12745300099253634,0.13014098263226972,0.0,0.4144219680874753,0.0,0.05764098484014426,0.03972451873476349
s08M1722,0.0,0.361938332249288,0.022405042251763655,0.06475466737242032,0.0,0.0,0.0,0.0,6.963356688952821e-05,0.0,0.0,0.31441770661929846,0.0,0.022195259381758054,0.0011583321501814087,0.0,0.17472598905110753,0.0,0.006893059739998729,0.0,0.0,0.0,0.0314419776172943,0.0
s09M1722,0.0,0.0,0.0019774366854980506,0.013193978103911593,0.0,0.0,0.0,0.03609486597917353,0.0008912905962245964,0.0020319975067162347,0.0,0.25159652261527554,0.0,0.005069057111748616,0.023768170381830715,0.0,0.0532696853656546,0.0,0.06950063361908948,0.0,0.17629716886123595,0.0,0.243230594710264,0.12307859846337715
s10M1722,0.0,0.01756295786671957,0.00403121908045939,0.0,0.0,0.0018693898681145908,0.0,0.05469107153099615,0.0,0.0091530913711766,0.0,0.1803037434912506,0.0,0.0,0.045005204104785305,0.0,0.0313187378595485,0.0,0.0,0.0,0.2604041238936391,0.0,0.24537434676068526,0.15028611417262486
s11M1722,0.0,0.0,0.0,0.002074029575001097,0.0,0.0,0.0,0.027729592511969527,0.0015659221119842205,0.0008847437898474856,0.0,0.3144626772122047,0.0,0.005448364166962701,0.05610439148749443,0.0,0.03662828214615006,0.0,0.06878553757910319,0.0,0.18673066619049514,0.0,0.20940301963696561,0.0901827735918218
s12M1722,0.0,0.0,0.0,0.0,0.0,0.0,0.0,0.031954282669722986,0.0,0.002575495414563122,0.0,0.15980044612999125,0.0,0.002692426212277731,0.1737075413768251,0.0,0.022384373160087137,0.0,0.0157974051874023,0.0,0.2414270068420618,0.0,0.1988600087916585,0.15080101421541003
s13M1722,0.0,0.0,0.0,0.0,0.0,0.0,0.0,0.02818797329952912,0.0,0.002001514161622941,0.0,0.208972250518922,0.0,0.00875792919964616,0.14138959200319337,0.0,0.028636145832303336,0.0,0.0,0.0,0.22135066375982973,0.0,0.19653594202360655,0.16416798920134673
s14M1722,0.0,0.0,0.0,0.0,0.0,0.0,0.0,0.0379000238271117,0.0,0.008675268723127193,0.00580548362488006,0.05536981848384182,0.0,0.0,0.11156683647874209,0.0,0.003003251398026182,0.0,0.018235341978510126,0.0,0.34382276934132205,0.0,0.23197332751706218,0.18364787862737655
s15M1722,0.0,0.0,0.0,0.0,0.0,0.00705090666258384,0.0,0.025920548231271854,0.0,0.02719083974976056,0.028146521063412894,0.0,0.03451808183512911,0.0,0.0329359314582281,0.00548122538515317,0.0,0.04122429149952789,0.0063806744261947,0.0,0.4148293016797077,0.0,0.23197635665324917,0.14434532135578104
s01X1722,0.0,0.00020232761840671958,9.450404288956312e-05,0.0,0.0,0.0,0.0,0.009510179345294866,0.0,0.009105818845225907,0.001294954052681097,0.0,0.09902703629795899,0.1222583406866246,0.043943196418877936,0.0,0.0,0.11287454695714585,0.015191199436294388,0.0,0.5438490867525538,0.0,0.005049879177301025,0.03759893036874496
s02T1722,0.0,0.017414659889454343,0.0,0.0,0.0,0.0036195575860176617,0.0,0.00572591173355924,0.0,0.04353417351774478,0.001151527878011552,0.0,0.07209972528741833,0.09705027446174305,0.019373420159104336,0.10176459726516826,0.0028999962357777274,0.08286390648674932,0.0,0.0,0.46638787263625403,0.0,0.06760777102328404,0.018506605839713308
s03T1722,0.0,0.0067185056717387216,0.00011628396275414927,0.0,0.0,0.0022743332551789673,0.0,0.004853933659463067,0.001999947837970509,0.018737304953048935,0.0020257815754285216,0.0,0.08635071012830155,0.13246842645564857,0.02400493008950904,0.05244303280724773,0.0,0.07522453184932539,0.0,0.0,0.5226791726498562,0.0,0.05525585814206398,0.014847246962464707
s04T1722,0.0,0.006173829971023286,0.00029826049366270144,0.0,0.0,0.006978758996832446,0.0,0.0024308762400729487,0.0,0.08909101128819033,0.0018970174598648814,0.0,0.03211057434548996,0.012862759276066045,0.0048095620764694175,0.17527219649281617,0.0,0.024265165616255188,0.05496041966011058,0.0,0.4873448502954865,0.0,0.09318252142397034,0.008322196363689086
s05T1722,0.0,0.0025837314135269793,0.00025105410113147625,0.001964909154129715,0.0,0.0019158108041236245,0.0,0.00275791509171763,0.0,0.05123452992930394,0.000696397989346492,0.0,0.03886474504664056,0.029215234147142898,0.0011314481040819659,0.18413814844017984,0.0,0.01579512071229176,0.04914267130895261,0.0,0.5495210089596739,0.0,0.06475349182253054,0.006033782975226125
s06T1722,0.0,0.004318080578995026,0.0002706608228421446,0.0,0.0,0.0032821233666159235,0.0,0.003653362135109419,0.014240434757883303,0.08903130420520201,0.0010161137237429882,0.0,0.01107408614674027,0.0,0.0,0.1222086978370485,0.0,0.004902883697025605,0.1710779131936078,0.0,0.5057604457887189,0.0,0.06535519569341693,0.0038086980530510008
s07T1722,0.0,0.0,0.0,0.0,0.0,0.0,0.0,0.010534935636651917,0.0,0.00035914353968473784,0.003504963162189407,0.0,0.0384449595633071,0.12786670206788595,0.046449928507518265,0.0,0.0,0.030586110943852256,0.09963628000535557,0.0,0.5630387629958438,0.0,0.04163485528175186,0.03794335829595932
s08T1722,0.0,0.0984928107708907,0.07987613727103472,0.11942220975882614,0.0,0.0,0.0,0.0,0.0,0.0,0.0,0.5565690019538228,0.0,0.029715213039753732,0.0,0.0,0.1024564358220687,0.0,0.0,0.00015306425758169673,0.0,0.0,0.013315127126021564,0.0
s09T1722,0.0,0.09834810982721497,0.04898653878999866,0.08644443890385357,0.0,0.0,0.0,0.0,0.0,0.0,0.0,0.5116822975528486,0.0,0.011645126743860014,0.0,0.0,0.09495186253654517,0.0,0.06901123054873891,0.0,0.014507737972381212,0.0,0.05632971326992615,0.008092943854632823
s10T1722,0.0,0.0,0.015898593357100203,0.0,0.0,0.0,0.0,0.0061124327824432995,0.0,0.002415108408473081,0.0,0.33488447977869173,0.0,0.02517775018302216,0.06284023680345821,0.0,0.049550539956913504,0.0,0.07105367878543231,0.0,0.07544753250632331,0.0,0.15643333760355263,0.20018630983458954
s11T1722,0.0,0.0,0.023218905846130247,0.003101245917322591,0.0,0.0,0.0,0.002996153286983125,0.0,0.00032779543682548326,0.0,0.3350125640700642,0.0,0.02367986289164183,0.0889806434555441,0.0,0.048834534684053736,0.0,0.0717104690058943,0.0,0.06437970911554747,0.0,0.16036287658496848,0.1773952397050243
s12T1722,0.0,0.0,0.0,0.0,0.0,0.0,0.0,0.015940816214923024,0.0,0.002969219982379435,0.0,0.1574203686509564,0.0,0.0,0.15100916340227943,0.0,0.006401857506580574,0.0,0.07308262552833658,0.0,0.15260016691411363,0.0,0.1791591918631614,0.26141658993726946
s13T1722,0.0,0.0026498375462330553,0.0,0.0,0.0,0.003286092718851874,0.0,0.04168464382937558,0.0,0.035380530927529893,0.0,0.11505619527905027,0.0,0.01025475062335113,0.16401498092466768,0.0,0.0011853405682780253,0.0,0.11761112186979374,0.0,0.2516586318723329,0.0,0.09187458720868708,0.16534328663184872
s14T1722,0.0,0.0,0.0,0.0,0.0,0.0,0.0,0.012368943889090423,0.0,0.0036187385316830767,0.012112066555659702,0.013659980643640556,0.00930109163674805,0.0,0.10104409036176201,0.0,0.0,0.0,0.15413780403898988,0.0,0.28088465585515826,0.0,0.14912818268692543,0.2637444458003425
s15T1722,0.0,0.0,0.0,0.0,0.0,0.0,0.0,0.02156182755332183,0.0,0.021971438139620506,0.02546422281941746,0.0,0.04788409967665249,0.061441010821970746,0.03350467239938448,0.0,0.0,0.046653624152537966,0.010421108566525067,0.0,0.48234605856668716,0.0,0.12988087268457296,0.11887106461930935
s02M1822,0.0,0.016756338657564502,0.0,0.008431363786325904,0.0,0.0,0.0,0.006809222206758841,0.0,0.00232582604304337,0.0,0.0,0.024472801894996562,0.26927613118696286,0.025456773930995793,0.0,0.0,0.0,0.0,0.0005796214015627649,0.5899991310112288,0.0,0.031236168410981847,0.024656621469578578
s03M1822,0.0,0.028931272139675963,0.0,0.0037206269737021427,0.0,0.0007871804997594741,0.0,0.005350990113201151,0.0004178934726455217,0.06235904837227447,0.0007107096970751786,0.0,0.032589628217674305,0.12955199824424962,0.023680662127037917,0.02477071257490783,0.0,0.0,0.0,0.0,0.590551598408109,0.0,0.07313418175605325,0.02344349740363421
s04M1822,0.0,0.02079415499780117,0.0,0.0030209066893232086,0.0,0.0024055827750678236,0.0,0.006932430230868735,0.0012819633746457627,0.04702412651802482,0.0,0.0,0.0046751760739712316,0.2293208452476539,0.00781567763895128,0.03663855627433759,0.0,0.0,0.12643479327587698,0.0,0.49854967665184274,0.0,0.01376456042360318,0.0013415498280316149
s05M1822,0.0,0.02581263972312212,0.0,0.009412780054524906,0.0,0.015027826150036831,0.0,0.0004847749284322396,0.0,0.1613449679736099,0.0,0.0,0.05134129456450916,0.023584534279996773,0.0,0.16171438165651877,0.0,0.0,0.016080638236407385,0.0,0.4734016715789583,0.0,0.06060865776635999,0.0011858330875236692
s06M1822,0.0,0.012739914983068933,0.0,0.0,0.0,0.0027139433069783055,0.0,0.0,0.008142640252099351,0.32945395206083306,0.0,0.0,0.029298171454303107,0.04620169250455312,0.00453839841798283,0.08660709904614404,0.0,0.0,0.11870027229912324,0.0,0.27487632014255675,0.0,0.08128222874389446,0.005445366788462841
s07M1822,0.0,0.019620055829145326,0.0,0.0007801569403293035,0.0,0.012157681862381253,0.0,0.00387444606115187,0.0,0.2513281882944273,0.0,0.0,0.04469223434220167,0.13805138075000087,0.022753829115905337,0.026293367092806753,0.0,0.0,0.023849247256697074,0.0,0.37715678827041016,0.0,0.05561042246775851,0.023832201716784435
s08M1822,0.0,0.16688664430538466,0.09422792502844658,0.09980771427706639,0.0,0.0,0.0,0.0,0.00380669873618712,0.0,0.0,0.4465806239683656,0.0,0.023173083475305327,0.0,0.0,0.04956127491451999,0.0,0.1135700556844149,0.0,0.0,0.0,0.0023859796103093086,0.0
s09M1822,0.0,0.0712856873617915,0.053431551168515924,0.06720882402699735,0.0,0.0,0.0,0.0,0.0031188046260218613,0.0,0.0,0.5193744021532101,0.0,0.024957403461870243,0.009986524821108855,0.0,0.06745594125484315,0.0,0.11502239775415136,0.0,0.0,0.0,0.059861516899138774,0.008296946472350812
s10M1822,0.0,0.0,0.060495740651208225,0.03840195539841627,0.0,0.0,0.0,0.0,0.007990848307570039,0.0,0.0,0.35920519065987094,0.0,0.0382670162214843,0.0647370660536725,0.0,0.04103249357200026,0.0,0.2711998648755719,0.0,0.009223224081642804,0.0,0.0471223690535479,0.06232423112501482
s11M1822,0.0,0.05805516669337916,0.051422388445877446,0.016753753596957358,0.0,0.0004435234732090406,0.0,0.0047984732563476976,0.004729562139359227,0.007210918390545827,0.0,0.3865754907968466,0.0,0.021360380616030305,0.059305460979138726,0.0,0.049265493285470245,0.0,0.08789619023443021,0.0,0.0,0.0,0.07153703222673345,0.18064616586567472
s12M1822,0.0,0.0,0.01516839817869289,0.004454006915040582,0.0,0.0,0.0,0.003460899036129894,0.0,0.0,0.0,0.4443952327013961,0.0006967493207934726,0.040883903085973165,0.15848015031845933,0.0,0.027144323112814082,0.0,0.015817507315722703,0.0,0.05885801668537899,0.0,0.08722557347743215,0.1434152398521666
s13M1822,0.0,0.0,0.02885375497019959,0.0,0.0,0.0,0.0,0.011093673441764764,0.0,0.0023039658517336192,0.0,0.3600565234590692,0.002416585702576468,0.04318409003397664,0.16320542215258652,0.0,0.027949617495163004,0.0,0.018652485855958172,0.0,0.062457585683212614,0.0,0.0931902776655971,0.18663601768816232
s14M1822,0.0,0.0,0.0,0.0,0.0,0.0,0.0,0.0029148871452217614,0.0,0.0,0.005819170848263989,0.102477183679899,0.011313140399316753,0.01320270631560246,0.17362684576146264,0.0,0.0021726716177878536,0.00014532711650507813,0.017411136319839367,0.0,0.23352054061819819,0.0,0.07581348799264194,0.3615829021852609
s15M1822,0.0,0.0,0.0,0.0,0.0,0.0012986198924564622,0.0,0.03280690354932993,0.0,0.06197411080045114,0.03580526296830225,0.0,0.017114252215632786,0.046145682281038436,0.09328385618195029,0.0,0.0,0.005511590421346286,0.025964008510724317,0.0,0.3676042879705081,0.0,0.06668579284510895,0.2458056323631511
s01X1822,0.0,0.02437433247012708,0.0,0.0,0.0,9.231120086843087e-05,0.0,0.006930396468312507,0.0,0.03931248529741667,6.8223097162723e-05,0.0,0.029464877414313105,0.22630320019860262,0.041025413677055714,0.0014836321235721349,0.0,0.0,0.027401406986866474,0.0,0.5249696469961979,0.0,0.040019310528863025,0.03855476354064173
s02T1822,0.0,0.01193190940873988,0.0,0.0,0.0,0.0006286103229946974,0.0,0.003312725672957619,0.0,0.07826614551838662,5.623526737786175e-05,0.0,0.028543806248162773,0.27667035847362803,0.004684225961076907,0.0672900724292537,0.0,0.01024454875428114,0.0,0.0,0.45342806012972803,0.0,0.05054399490357034,0.014399306909842426
s03T1822,0.0,0.0216336874477294,0.0,0.0,0.0,0.0038087363392082492,0.0,0.0004656909548791101,0.05309450581933627,0.07086060918072774,0.0,0.0,0.013679276524299362,0.19678350583546833,0.0,0.13259296118665442,0.003501176838022849,0.0,0.0,0.0,0.4470652712421824,0.0,0.054649125697438995,0.0018654529340528258
s04T1822,0.0,0.013420224014279815,0.0,0.000800962395337042,0.0,0.0022111743619451056,0.0,0.0016263567816071625,0.018526854025219208,0.08435374692218249,0.0,0.0,0.00894941558110142,0.13954043608815714,0.0,0.07182042703377642,0.0,0.0,0.03138388417064538,0.0,0.5909765332507062,0.0,0.036389985375042476,0.0
s05T1822,0.0023718586512769036,0.014059012651015477,0.0001122393592019195,0.00045291201210456835,0.0,0.00645145129068957,0.0,0.0010199263979792364,0.03886082603484549,0.11951530630652789,0.0,0.0,0.02312792472614838,0.09034206383382391,0.0034093973764431954,0.00833834662347095,0.0,0.0,0.0605970108654312,0.0,0.5885054148242905,0.0,0.04283630904675091,0.0
s06T1822,0.009865583738988638,0.01236148547393902,0.0,0.0038695301860137274,0.0,0.007761543041033808,0.0,0.0,0.07488793878857665,0.13809082382128718,0.0,0.0005677046006189235,0.0012559916944908495,0.03235926367619143,0.0,0.01981173894179256,0.0,0.0,0.20317051922372226,0.0,0.45367385789855363,0.0,0.04232401891479127,0.0
s07T1822,0.0,0.015228509633394952,0.0,0.000791318789009132,0.0,0.008902834089165815,0.0,0.002161990928312317,0.0495592079975562,0.10338288505403051,0.0,0.0,0.017481869373851426,0.1981068281697436,0.00844081596548657,0.023898127615871154,0.0,0.0,0.23367280733555712,0.0,0.3008015648631842,0.0,0.027380815987978608,0.01019042419685843
s08T1822,0.0,0.13523564740492228,0.056567486623580694,0.11667480396224356,0.0,0.0,0.0,0.0,0.0,0.0,0.0,0.6605856068855626,0.00019821865751409588,0.02409672605271714,0.0,0.0,0.001900105309081655,0.0,0.0,0.00041485440163662655,0.0,0.0,0.004326550702741441,0.0
s09T1822,0.0,0.011579233457744887,0.05909696129082022,0.04800711726221953,0.0,0.0,0.0,0.0012439477877673258,0.010301426938590175,0.0,0.0,0.5979846895216637,0.0,0.03670943961492346,0.0631610667553112,0.0,0.013217491754987312,0.0,0.0710584543650699,0.0,0.006418632627694064,0.0,0.01421896806408491,0.06700257055912318
s10T1822,0.0,0.0,0.004154454943933243,0.0,0.0,0.0,0.0,0.013059773727779625,0.0038566870551802147,1.2916481137953153e-05,0.0,0.39689623167210936,0.0,0.03283426095203296,0.19909422777688618,0.0,0.0,0.0,0.05456199580809363,0.0,0.0979834254106593,0.0,0.0,0.1975460261721874
s11T1822,0.0,0.0,0.019313091861813826,0.0037548061784375775,0.0,0.0,0.0,0.006976377166779872,0.0034701386561719577,0.0007891634938014887,0.0,0.44646042164617417,5.1875965482300615e-05,0.05817567294485712,0.14458846805762726,0.0,0.0,0.0,0.04755294080937963,0.0,0.03521318173861791,0.0,0.0,0.23365386148085693
s12T1822,0.0,0.0,0.01299289581317616,0.0,0.0,0.0,0.0,0.016523255300318066,0.006553203328965805,0.0025085311035237035,0.0,0.3260441484703339,0.0004650468926954259,0.036631411548505625,0.1513215681958943,0.0,0.0,0.0,0.054081486010332934,0.0,0.06722277500292027,0.0,0.0,0.3256556783333338
s13T1822,0.0,0.0,0.0,0.0,0.0,0.0,0.0,0.03689823142293307,0.006209919186336485,0.0,0.0,0.21785988367048506,0.000803374541025958,0.022406451683623173,0.20146633179508885,0.0,0.0,0.0,0.10329630124244384,0.0,0.15412803647212292,0.0,0.0,0.2569314699859406
s14T1822,0.0,0.013622595686055408,0.0,0.0,0.0,0.003518246948837852,0.0,0.028752214025461492,0.011908106172448925,0.0165834975200735,0.027652392633414184,0.0,0.006748982176031514,0.014172299166677406,0.1465682319085715,0.0,0.0,0.0,0.13683959018894024,0.0,0.2390013042067235,0.0,0.0,0.3546325393667644
s15T1822,0.0,0.018074196576848556,0.0,0.0,0.0,0.02332713174737189,0.0,0.04089842873820501,0.0,0.08662412547825823,0.019849460969946324,0.0,0.02404931083765767,0.1254072179110257,0.047750904513402616,0.0042612310823546854,0.0,0.014459721951025191,0.010897789969948906,0.0,0.40524332318144984,0.0,0.04596850600538157,0.13318865103712382
s02M1922,0.0,0.023003918342185122,0.0,0.0,0.0,0.0018723320339643545,0.0,0.0011748898659108666,0.0,0.09783602040531535,0.0,0.0,0.005702437186604724,0.3984961956143305,0.0,0.06375311240263762,0.0,0.0,0.0,0.0,0.3771823580219451,0.0,0.02531925041322109,0.0056594857138852865
s03M1922,0.0,0.01053680963746604,0.0,0.0,0.0,0.004624975827413372,0.0,0.0,0.002942923647539346,0.21387505845599572,0.0,0.0,0.0,0.28938803925417034,0.0,0.08920555166122816,0.0,0.0,0.03001233695584213,0.0,0.29580192098792846,0.0,0.06361238357241647,0.0
s04M1922,0.0,0.0,0.0,0.0,0.0,0.04731728280049234,0.0,0.0,0.017111115548015577,0.6054313316828429,0.0,0.0,0.003935982395810789,0.05230909663271245,0.0,0.005696341288029359,0.00046527743888626506,0.0,0.04829395144605857,0.0,0.13137051866706198,0.0,0.08806910210008986,0.0
s05M1922,0.0,0.0,0.0,0.0,0.0,0.04239811589227222,0.0,0.0,0.004290416455382204,0.834512251268985,0.0,0.0,0.0,0.04881520023060222,0.0,0.009436453126610348,0.0002367133264284289,0.0,0.004422066898850797,0.0008094189831731027,0.03367310478283725,0.0,0.021406259034858422,0.0
s06M1922,0.0,0.006687084974731087,0.0,0.0,0.0,0.04929750594146043,0.0,0.0,0.07793545435561916,0.21146075898360306,0.0010725363470321634,0.0,0.013836345368021476,0.2514302807331841,0.0,0.0,0.0,0.0,0.0212577660870479,0.0,0.3239706905371764,0.0,0.03586486242475024,0.007186714247373884
s07M1922,0.0,0.0021685522097687174,0.0,0.0,0.0,0.06443148198378816,0.0,0.0,0.01196894481859672,0.573345863688703,0.0,0.0,0.004755093836928207,0.07272195311161643,0.0,0.0,0.0,0.0,0.0035821014966771463,6.754640030796402e-05,0.19612731815483772,0.0,0.07083114429877595,0.0
s08M1922,0.0,0.4656489543137992,0.10165736634976678,0.021323243552274256,0.0,0.0,0.0,0.0,0.0,0.0,0.0,0.3931145793068648,0.0,0.012155941371571227,0.006099915105723592,0.0,0.0,0.0,0.0,0.0,0.0,0.0,0.0,0.0
s09M1922,0.0,0.07943111255492637,0.00985663212455566,0.0,0.0,0.0,0.0,0.09472779258947243,0.010017708392763251,0.0205370844511552,0.0,0.29047752752432116,0.0,0.016493549514381825,0.1710814537358133,0.0,0.0,0.0,0.09154540494483655,0.0,0.05720845333329871,0.0,0.0,0.15862328083447572
s10M1922,0.0,0.027843242337221196,0.02481703568230476,0.0,0.0,0.0,0.0,0.08436201215366362,0.007662455789921759,0.003098614322744603,0.0,0.4346617002656194,0.0,0.021797451504871487,0.18918749096506937,0.0,0.0,0.0,0.030757591661552345,0.0,0.04584746120965054,0.0,0.0,0.129964944107381
s11M1922,0.0,0.010242450067934247,0.01145955575508142,0.0,0.0,0.0,0.0,0.13177329445499478,0.011513767509589023,0.0011957649380322296,0.0,0.31009326296659445,0.0,0.009459244422963583,0.24590997596913802,0.0,0.0,0.0,0.07536970990424637,0.0,0.03588842699256335,0.0,0.0,0.15709454701886247
s12M1922,0.0,0.022297952533931614,0.0016702753369357598,0.0,0.0,0.0,0.0,0.12682867452092303,0.016238498484133338,0.0009735646226184773,0.0,0.29556083957039025,0.0,0.012872125898722477,0.22554614746415902,0.0,0.0,0.0,0.08600594467683811,0.0,0.039906366458843136,0.0,0.0,0.1720996104325049
s13M1922,0.0,0.13522219816323175,0.0101486909617856,0.0,0.0,0.0,0.0,0.13922261833013436,0.002918658953241426,0.03264911953203865,0.0,0.2176081802706212,0.0,0.011978767115058549,0.1787834180293372,0.0005896378625602957,0.0,0.0,0.019993498210103763,0.0,0.06380411277500747,0.0,0.0,0.18708109979687984
s14M1922,0.017811123719223148,0.08703102517934375,0.0,0.0,0.0,0.0,0.0,0.16043334466395812,0.0020934830935520655,0.056648429115164246,0.002668657603139715,0.08025014904866895,0.0,0.009453775521958656,0.14221374874090226,0.0,0.0,0.0,0.02014754841968536,0.0012285399910919024,0.14340107194375457,0.0,0.0,0.2766191029595574
s15M1922,0.0,0.011403352795275774,0.0,0.0,0.0,0.005129059620935308,0.0,0.05894714233807551,0.0,0.14995271642520663,0.02301363505283624,0.0,0.0079641261423697,0.20108627836268944,0.08994296130108907,0.02586409941892118,0.0,0.0,0.0,0.0,0.24635873562331953,0.0,0.0,0.18033789291928162
s01X1922,0.0,0.0,0.0,0.0,0.0,0.0,0.0,0.005374292167223123,0.003320213874524318,0.01173800048584741,0.0011796586383188905,0.0,0.005843054656216477,0.5950744414921095,0.0,0.016232400325983845,0.0,0.07094925870955629,0.018817236940823455,0.0,0.25985770101950456,0.001075874841805815,0.0052761843740124995,0.005261682474073776
s02T1922,0.0,0.0,0.0,0.0,0.0,0.0028855208347151706,0.0,0.0047602130357874825,0.1313144131610971,0.024522347299128628,0.0036333478189767604,0.0,0.0,0.43528195416895693,0.0,0.0,0.0,0.011081830496016338,0.03945852799228206,0.0,0.28827571551521924,0.0,0.029321735002012576,0.029464394675807703
s03T1922,0.0,0.0016958650436209328,0.0,0.0,0.0,0.0034501585214543056,0.0,0.009845496325684837,0.006023546198356868,0.05010676782518391,0.004029819738982089,0.0,0.00472081957958172,0.3832903169794343,0.00524375720534115,0.00932871468900542,0.0,0.028030731490883767,0.005667031665827016,0.0,0.42461866614076627,0.0,0.03110041100241359,0.03284789759346381
s04T1922,0.0,0.008480619843589535,0.0,0.0,0.0,0.02455869134250681,0.0,0.02545744716477015,0.0439028351290699,0.12911779003493307,0.006120366470667793,0.0,0.0005785031677737155,0.02383994107009918,0.0052977119839470775,0.029767971609765066,0.0,0.0,0.06630178242221754,0.0,0.5641153123115186,0.0,0.04466115916336225,0.02779986828577948
s05T1922,0.0,0.0065181655045362715,0.0,0.0,0.0,0.02161399654890858,0.0,0.016192072050870993,0.027710685930452467,0.08771960959082971,0.006218673837462983,0.0,0.007545920606002152,0.3443953836679208,0.0,0.027233142600676354,0.0,0.0,0.01890811161727562,0.0,0.38265725727453376,0.0,0.016807667081079797,0.0364793136894506
s06T1922,0.0,0.006210426729081903,0.0,0.0,0.0,0.02825273636921441,0.0,0.021999313370034114,0.051338214067769415,0.08076930195488898,0.007717225152124277,0.0,0.002365281190002974,0.22143318047219232,0.0,0.04413682783508249,0.0,0.0,0.040034602006196185,0.0,0.43763496613347974,0.0,0.027846045836008332,0.03026187888392484
s07T1922,0.0,0.011036049538665578,0.0,0.0,0.0,0.1001770940282762,0.0,0.03100587947199544,0.0351194264262872,0.15364977301636687,0.016003819572023258,0.0,0.013534958333755811,0.17772812234565225,0.001092750245074138,0.029895111927082385,0.0,0.0,0.03096800641000931,0.0,0.2936164198492824,0.0,0.03229472050976023,0.0738778683257689
s08T1922,0.0,0.1533815309408725,0.04900156220433286,0.08211552902660009,0.0,0.0,0.0,0.0,0.034122636164312777,0.0,0.0,0.6065658046102285,0.0,0.009988100137405299,0.05659290893059815,0.0,0.0,0.0,0.005922732571455631,0.0008098181699923746,0.0,0.0,0.001499377244201892,0.0
s09T1922,0.0,0.0,0.0,0.0,0.0,0.0,0.0,0.08027854636418744,0.030223678657531568,0.0,0.005109394223713265,0.021465576248265106,0.0062714317526962856,0.0,0.21319425266183656,0.0,0.0,8.662710704124784e-06,0.049376866736273735,0.0,0.3411035211036377,0.0,0.0,0.25296806954115425
s10T1922,0.0,0.0009570800147366252,0.002262862169389616,0.0,0.0,0.0,0.0,0.1170313569706153,0.0009132371288352081,0.0,0.0,0.1767437172081528,0.003776996766304733,0.04482078334766065,0.20245820079624754,0.0,0.0,0.0009016985766838674,0.007302003905975661,0.0,0.24281839468522695,0.0,0.0,0.20001366843017107
s11T1922,0.0,0.002146512003056864,0.0,0.0,0.0,0.0,0.0,0.0967827993646366,0.07193003893177324,0.0,0.002431829496225479,0.07688061777117347,0.0001741199194943909,0.019352282892400267,0.16989087857228402,0.0,0.0,0.0,0.0764745507068363,0.0,0.15501603597694777,0.0,0.0,0.32892033436517165
s12T1922,0.0,0.002776701385310076,0.0,0.0,0.0,0.0,0.0,0.10544780155666245,0.0174276893034221,0.001135702682655168,0.016412648720929474,0.005074188031538507,0.005736711560221862,0.03800952240187323,0.16711763109547573,0.0,0.0,0.0,0.022786259798623098,0.0,0.24299036448617753,0.0,0.0,0.3750847789771108
s13T1922,0.0,0.0,0.0,0.0,0.0,0.0,0.0,0.06518686921864508,0.03757335998423036,0.0008116030251004248,0.009230764221243611,0.0,0.016396474687547163,0.10427958168736837,0.17996441978345676,0.0,0.0,0.0,0.050670919543183104,0.0,0.2723892035288021,0.0,0.0,0.26349680432042305
s14T1922,0.0,0.0026908864953718798,0.0,0.0,0.0,0.0020158227749148957,0.0,0.11394899617936032,0.03516420576974129,0.015043190934086131,0.03843395949675727,0.0,0.0016563033960292908,0.11430676536934264,0.09586128535031556,0.0,0.0,0.0,0.031793869348140436,0.0,0.25721834473140665,0.0,0.0,0.2918663701545337
s15T1922,0.0,0.01280831868446005,0.0,0.0,0.0,0.018733021216758475,0.0,0.05582721273692032,0.0,0.052786767190793296,0.019893130595426887,0.0,0.009894741431873206,0.2718611881109924,0.02929321610866442,0.0,0.0,0.012887950452092338,0.0,0.0,0.3870014768540418,0.0,0.02148664773639751,0.10752632888157947
s02M2022,0.0,0.0,0.0,0.0,0.0,0.02169628555087914,0.0,0.04113726810451732,0.0,0.16062339557026262,0.0396630074159654,0.0,0.0,0.3624293250172113,0.05002482963768156,0.0,0.0,0.0,0.0010264606759423764,0.0,0.24636232128707716,0.0,0.06684371889654113,0.010193387843922081
s03M2022,0.0,0.0,0.0,0.0,0.0,0.025371546621796352,0.0,0.04884620798237453,0.0,0.11536194698001757,0.06743850426752411,0.0,0.0,0.31129782415197715,0.07112014951628064,0.0,0.0,0.0,0.0,0.0,0.2521765114816363,0.0,0.08953757043478969,0.018849738563603585
s04M2022,0.0,0.0,0.0,0.0,0.0,0.08641098200985846,0.0,0.006514241576656477,0.0,0.15612510530320178,0.004953011362600316,0.0,0.0,0.244320183090854,0.0,0.19768302603721408,0.0,0.0,0.0,0.0,0.27191271600831174,0.0,0.03208073461130331,0.0
s05M2022,0.0,0.00435842043838222,0.0,0.0,0.0,0.06764724403897666,0.0,0.02655140818411127,0.0,0.30959976156973973,0.02807172027111468,0.0,0.0,0.07329204479631408,0.02660437469382135,0.013139259261259905,0.0,0.07504277530920661,0.0,0.0,0.25727259084068443,0.0,0.10440047907110447,0.01401992152528474
s06M2022,0.0,0.0021857288953768947,0.0,0.0,0.0,0.06466562087547603,0.0,0.016383306466520156,0.0007968128693944281,0.2542243467549964,0.02116842071279749,0.0,0.0,0.24157391691279045,0.012937216272354104,0.015775981426480432,0.0,0.07508185744309,0.0063888506258401615,0.0,0.20019350495760863,0.0,0.07597983865652111,0.01264459713075381
s07M2022,0.0,0.0,0.0,0.0,0.0,0.09241600990503662,0.0,0.010207265312923175,0.0,0.2310906869994488,0.01419984705728639,0.0,0.002823518315971667,0.33170738983581455,0.005119403546969188,0.01729860418602229,0.0,0.049860577170836945,0.0,0.0,0.19254561174590148,0.0,0.041797874671364,0.010933211252424838
s08M2022,0.029265460726961384,0.5173945231977903,0.07994373320001565,0.07915290753734816,0.0,0.0,0.0,0.0,0.0007442946248172237,0.0,0.0,0.27125985438394506,0.0,0.01596644303957703,0.0040529276694855,0.0,0.0,0.0,0.002219855620059724,0.0,0.0,0.0,0.0,0.0
s09M2022,0.0,0.10372149943343638,0.2673577154685377,0.15058708669183438,0.0,0.0,0.0,0.022418918946078486,0.002916304529599763,0.0,0.0,0.2787144925273721,0.0,0.046262690614895616,0.07354010322678851,0.0,0.0,0.0,0.008890706747886026,0.00041460957297157836,0.0,0.0,0.032221439742038845,0.012954432498560589
s10M2022,0.0,0.00021978197760892868,0.10943530687375863,0.04711045711184492,0.0,0.0,0.0,0.19664464722648067,0.0015393434355241162,0.0,0.0,0.27105081236361567,0.001523360684249677,0.05139159055726326,0.1488254744974413,0.0,0.0,0.0,0.01784821596465134,0.0,0.13070507314195273,0.0,0.0,0.023705936165608694
s11M2022,0.0,0.013853739029970143,0.023062436571369884,0.0093829689763172,0.0,0.0,0.0,0.32645040597036923,0.003578474113170056,0.002434276657349673,0.0029844022423730168,0.16255188010241453,0.0016081141986378329,0.04212262051458382,0.17559472249959437,0.0,0.0,0.0,0.020520839683622342,0.0,0.129703965147732,0.0,0.0,0.08615115429249598
s12M2022,0.0015811511954705237,0.018758632268274036,0.05907276934446017,0.014250811200835758,0.0,0.0,0.0,0.24226993495284993,0.016415409985260622,0.0008851952796774402,0.0,0.23024009873724713,0.0,0.02573692957944208,0.16284937697900873,0.0,0.0,0.0,0.06882478437006688,0.0,0.06126495548446014,0.0,0.0,0.09784995062294649
s13M2022,0.0,0.050900611150766155,0.19547030868652024,0.04132654146415179,0.0,0.0,0.0,0.12519552116515129,0.003053594259146782,0.001726869894615748,0.0,0.2918508726188226,0.0,0.0464385324646265,0.11912232119522982,0.0,0.0,0.0,0.012860009632861744,0.0,0.029031604030153518,0.0,0.0,0.08302321343795377
s14M2022,0.0,0.023978745131467406,0.010424145506429661,0.0,0.0,0.0,0.0,0.2173362295698508,0.008555168458862863,0.001676631141494757,0.00675539001775532,0.12688919216895647,0.000753207059695002,0.061040153989221704,0.18189387572287496,0.0,0.0,0.0,0.04631038666100488,0.0,0.17687827300950215,0.0,0.0,0.13750860156288405
s15M2022,0.0,0.02230480795476074,0.0,0.0,0.0,0.02744002794140051,0.0,0.06969952392214766,0.0,0.11590574475708179,0.02052284564411722,0.0,0.010308384813635715,0.28292793734377797,0.029451152309960593,0.07413962791334384,0.0,0.009538775153615191,0.015102441587205806,0.0,0.269283245604882,0.0,0.0,0.05337548505407102
s02T2022,0.0,0.0,0.0,0.0,0.0,0.0,0.0,0.0,0.0,0.017059413828471863,0.0,0.0,0.0,0.2937712105002568,0.0,0.16423875229429116,0.0,0.1387408447901428,0.0,0.0,0.3829288371283368,0.0,0.0032609414585005204,0.0
s03T2022,0.0,0.0,0.0,0.0,0.0,0.008865464709743809,0.0,0.000595710193203318,0.0,0.06118811542480189,0.0011636374065580465,0.0,0.0,0.25402537156562033,0.0,0.13024411907876862,0.0,0.1848742981137387,0.0,0.0,0.3469175984763424,0.0,0.008227813273603385,0.003897871757619435
s04T2022,0.0,0.0,0.0,0.0,0.0,0.002215325515402242,0.0,0.0050513900583869405,0.0,0.03514718123617416,0.0022513969489127384,0.0,0.0,0.3210722752806237,0.0,0.07380432051197447,0.0,0.11776981389049412,0.0,0.0,0.4233948038399335,0.0,0.01037217375093323,0.008921318967164875
s05T2022,0.0,0.00146376917529533,9.418513376147101e-07,0.0,0.0,0.0025802873666631375,0.0,0.007632216614413077,0.0,0.038153061147363825,0.0016873814033656384,0.0,0.00037402307639750905,0.5305473923768173,0.0,0.03758976272504752,0.0,0.09084033039958483,0.0,0.0,0.2683889151468141,0.0,0.008771905950001461,0.011970012766898701
s06T2022,0.0,0.0034084087275720277,0.0,0.0,0.0,0.006479107740632036,0.0,0.009930509954833982,0.0,0.046420870030162376,0.0009400782735495335,0.0,0.0039001425656706753,0.5358820866944001,0.006236238219928809,0.02379593892296978,0.0,0.090262791015506,0.0020390800367300573,0.0,0.24903855833309047,0.0,0.006510589563813577,0.015155599921140541
s07T2022,0.0,0.0,0.0,0.0,0.0,0.0,0.0,0.005873618113843741,0.0,0.011728380615203543,0.0,0.0030284551475105287,0.0,0.42444407745698404,1.9360990381017682e-05,0.0,0.0,0.18075310426174354,0.008142223640734999,0.0,0.3629337647751532,0.0,0.0,0.003077014998445359
s08T2022,0.0,0.41094694304649554,0.09647533564482477,0.11687643518830844,0.0,0.0,0.0,0.0,0.0,0.0,0.0,0.34136187709749877,0.0,0.03401755374395476,0.0,0.0,0.0,0.0,0.0,0.00032185527891775425,0.0,0.0,0.0,0.0
s09T2022,0.0,0.011803174546621754,0.006786658353161862,0.0,0.0,0.0,0.0,0.3499716240954573,0.0,0.0,0.002591134710311424,0.11859982312668643,0.0,0.05158517868108726,0.13707516076757886,0.0,0.0,0.0,0.046210985923952945,0.0,0.20917973361272554,0.0,0.0,0.06619652618241678
s10T2022,0.0,0.0,0.0,0.0020606780359789453,0.0,0.0,0.0006342453247237976,0.2682289964138925,0.0015796139747640812,0.0,0.03349314902541713,0.0076337660266871,0.0030539155701891623,0.143573776322135,0.10947518791337695,0.0,0.0,0.0,0.05059229101812716,0.0,0.19640898862095804,0.0,0.0,0.1832653917537502
s11T2022,0.0,0.0,0.0018202445970003653,0.005174229655792635,0.0,0.0,0.0,0.30404720297239773,0.0,0.005078154621263489,0.032989488641806355,0.03177290704075968,0.005343848704206856,0.10916413261841965,0.1252534500517701,0.0,0.0,0.0,0.025121580749464544,9.669025720841398e-05,0.1924383543605814,0.0,0.0,0.16169971572932873
s12T2022,0.0,0.0,0.0,0.010848014913617572,0.0,0.0,0.0,0.48895132548215525,0.0,0.036982174349355454,0.0513854188772966,0.0,0.003632646440708749,0.03766522288595631,0.08347491339505227,0.0,0.0,0.0,0.009889622091873274,0.0001462605187524329,0.1811448737689345,0.0,0.0,0.09587952727629759
s13T2022,0.028452348376558845,0.012296275999106857,0.0,0.010728321996869562,0.0,0.0064102273622008285,0.00025402875412723115,0.2201509314224377,0.0037598834895191287,0.07499018873413744,0.07426388591020143,0.0,0.0,0.059965429497183614,0.0753172041062209,0.0,0.0,0.0,0.07131939533412412,0.0009798709028067951,0.18471454201874105,0.0,0.0,0.17639746609576454
s14T2022,0.0,0.0,0.0,0.0,0.0,0.0,2.2957531487318312e-05,0.34678086801432506,0.0,0.007194329367898979,0.048842847517379974,0.0,0.002843188933728223,0.06579012589869022,0.12805904784981534,0.0,0.0,0.0,0.020243558537812265,0.0,0.24895216181423924,0.0,0.0,0.13127091453462325
s15T2022,0.0,0.02526955123241985,0.0,0.0,0.0,0.00015426009885242468,0.0,0.1857913036578329,0.0,0.04030844242749533,0.04306767319653537,0.0,0.0033452608541262715,0.1710535403484414,0.08037047940358362,0.0,0.0,0.020580521588764843,0.027280269387107876,0.0,0.2645342324139327,0.0,0.0,0.13824446539090743
s02M2122,0.0,0.0,0.0,0.0,0.0030449162737663416,0.013572073414356676,0.0,0.0002574882694289163,0.0,0.11274020832915899,0.003078201483884558,0.0005997188068268856,0.0050712184478179725,0.46764370758929874,0.01955094885981611,0.005887393603702057,0.0,0.07970330792342042,0.0,0.0,0.25838284916812415,0.0,0.0,0.030467967830398013
s03M2122,0.0,0.0,0.0,0.0,0.0,0.052859687819795845,0.0,0.007169189626447123,0.01763099405189412,0.3328931116726445,0.027611475505435103,0.0,0.0,0.10307527707814644,0.034750341852966354,0.0,0.0,0.043447306667562836,0.0,0.0,0.3340502518639061,0.0,0.02291420461425559,0.023598159246945957
s04M2122,0.0,0.0,0.0,0.0,0.0,0.04971155647500663,0.0,0.0034582189916059374,0.0,0.5468596267825059,0.028299306518218676,0.0,0.0,0.06115650558286856,0.015202341214067015,0.06910788475175657,0.0,0.05627328454456384,0.0,0.0,0.14794165451068897,0.0,0.013154824507114379,0.008834796121603535
s05M2122,0.0,0.0,0.0,0.0,0.0,0.1106791102211252,0.0,0.011559297448033117,0.0,0.5305611125672742,0.0095596416935956,0.0,0.0,0.011757561487237644,0.016176695315682086,0.0551242194493043,0.0,0.08790780267133287,0.0,0.0,0.1342150930785761,0.0,0.02672247703390188,0.005736989033936882
s06M2122,0.0,0.0,0.0,0.0,0.0,0.16963518140447695,0.0,0.009190868855398864,0.0,0.7592008932155772,0.004411942298132534,0.0,0.0,0.0030489448296350725,0.00977378885241332,0.003003960462629811,0.0,0.03165706238231196,0.0,0.0,0.0,0.0,0.003784388304101646,0.00629296939532281
s07M2122,0.0,0.0,0.0,0.0,0.0,0.179797809188155,0.0,0.008141991970357169,0.0,0.4517556687393329,0.0,0.0,0.0,0.20135563288886588,0.00555157952589643,0.01378013510497605,0.0,0.005078407610814327,0.0,0.0,0.12739995202564863,0.0,0.003336727919685125,0.003802095026268403
s08M2122,0.004571777792296775,0.5500840130367228,0.044905267421362756,0.10686323059835061,0.0,0.0,0.0,0.0,0.0003690848013789643,0.0,0.0,0.2747408727335233,0.0,0.0,0.0006815488510492681,0.0,0.0,0.0,0.01666987771807223,0.0011143270472433017,0.0,0.0,0.0,0.0
s09M2122,0.0,0.07430201974720338,0.02343973103147164,0.07700316162467964,0.0,0.0,0.0,0.3183525395063073,0.0008949723183845999,0.0,0.0,0.3109945700151545,0.0,0.032811834146843306,0.050740622610313736,0.0,0.0,0.0,0.03306128522010741,0.0006778444858482206,0.07378371832063092,0.003937700973055295,0.0,0.0
s10M2122,0.0,0.0,6.004347645216282e-05,0.021114893332034017,0.0,0.0,0.001962907162030779,0.38353443445090557,0.0013495736418984551,0.0,0.01810683538524112,0.04718213414387146,0.00034709696956534264,0.10480688978757798,0.11588500853802701,0.0,0.0,0.0,0.04328522393411785,0.0,0.1690156446104399,0.007321130241324286,0.0,0.08602818432651411
s11M2122,0.0,0.11422128577548561,0.0,0.0,0.0,0.027391242540963746,0.003187059683461039,0.14482571907089348,0.0,0.09787835620247722,0.061585467231150166,0.0,0.0,0.052665440087112825,0.04406556234645216,0.06026685882997081,0.0,0.0,0.06419228096981773,0.0,0.12712801345387792,0.00536103633724083,0.0,0.19723167747109646
s12M2122,0.0,0.02084711080948014,0.0,0.014711400164186931,0.0,0.0,0.004881478798138616,0.47765207412796973,0.0,0.0077206721572192355,0.0,0.0423135359766947,0.0,0.16372027524886182,0.0,0.0,0.0,0.005416072802880324,0.027146186480462256,0.0,0.23559119343410628,0.0,0.0,0.0
s13M2122,0.0,0.0032654014282017217,0.00017229022268067874,0.017454533029040643,0.0,0.0,0.0038864449750464145,0.29192757401576475,0.0003090415280853399,0.0013069850024105937,0.04165227178053962,0.025134800567688454,0.0,0.15513641006030532,0.06371686413993338,0.0,0.0,0.0,0.09047517632934182,0.0,0.1502892402483191,0.010476914316891536,0.0,0.1447960523557507
s14M2122,0.0,0.014587236492430471,0.0,0.00017793445467872697,0.0,0.004555143612262684,0.0016332958167599423,0.23786746480810064,0.0,0.017533330982659873,0.05367881806167014,0.0,0.0,0.18879363053465054,0.06851891190825475,0.0,0.0,0.002747856439106528,0.04967967664615403,0.0,0.2338450420386336,0.0,0.0,0.1263816582046382
s15M2122,0.0,0.00839827507590536,0.0,0.0,0.0,0.019971749754932357,0.0,0.023934760536919855,0.0,0.07529351904762345,0.006852260690727019,0.0,0.001502981854652537,0.4758332212902711,0.027821258410612608,0.02528559447349577,0.0,0.09607025227688508,0.028955897164978928,0.0,0.1803694576916322,0.0006341155673847724,0.0,0.029076656163978934
s02T2122,0.0,0.0,0.0,0.0,0.011299953583901672,0.01007149504634029,0.0,0.0,0.0,0.07772392430375465,0.0,0.0014032233810524351,0.007494502614688681,0.4500195647065381,0.014098251684038594,0.01670595039365678,0.0,0.0991076410510071,0.0,0.0,0.28442064838776454,0.0,0.0,0.027654844847257325
s03T2122,0.0,0.0,0.0,0.0,0.010971441071361094,0.012663566489312857,0.0,0.0,0.029874061292488565,0.07475897482886128,0.0,0.0033550932024192675,0.004900150463129074,0.38892450504073883,0.008863410921831854,0.016342563389391333,0.0,0.08120115340614398,0.0,0.0,0.3475766598681629,0.0,0.0,0.02056842002615907
s04T2122,0.0,0.0,0.0,0.0,0.01653585758905413,0.019090627376208057,0.0,0.004276198106360617,0.012800706276476689,0.08692175300159956,0.00039627506202197916,0.0,0.0027191715893153463,0.15716895523995023,0.015145848668540263,0.013807018605566535,0.0,0.042125935356581025,0.0,0.0,0.6130030976083147,0.0,0.0160085555200109,0.0
s05T2122,0.0,0.0,0.0,0.0,0.016110340909791212,0.021755019914897585,0.0,0.0022614006073376314,0.0004931339137254605,0.09383614847245847,0.0007382197523526305,0.0,0.005388359150507463,0.25704657119511115,0.015493016361945562,0.0,0.0,0.0635171732750715,0.0,0.0,0.49944335484330227,0.0,0.013513811521199293,0.010403450082299795
s06T2122,0.0,0.0010483273060887378,5.421101658264526e-05,0.0,0.0,0.03806021738054657,0.0,0.007184413723160006,0.04376046057677865,0.11659434009151161,0.0015587914957958093,0.0,0.0,0.08623198308137454,0.0,0.027395403131448184,0.0,0.010605422843374955,0.0,0.0,0.6563577977541253,0.0,0.011148631599213052,0.0
s07T2122,0.0,0.0,0.0,0.0,0.0,0.1774824346777605,0.0,0.006968610907189444,0.0038549800321100126,0.2688380000268948,0.0013017976313278528,0.0,0.004196916206023979,0.16060389858431107,0.022638201655603093,0.0012997629257795252,0.0,0.0313505464894175,0.0,0.0,0.3025553650260826,0.0,0.002464863114292452,0.016444622723207167
s08T2122,0.027045058619025484,0.7722809742916085,0.0,0.03331157640669777,0.009203730092918389,0.0,0.0,0.0037948742217837747,0.0,0.0,0.0,0.13604808079416264,0.0,0.0,0.01723264842628533,0.0,0.0,0.0,0.0,0.0,0.0,0.001083057147518215,0.0,0.0
s09T2122,0.0,0.005517650744922502,0.0,0.0,0.0,0.0,0.0028669401460457043,0.5724307667166308,0.0,0.0,0.007842047038948793,0.02767195138898086,0.0006506506724872932,0.07139450838326836,0.0488703786094637,0.0,0.0,0.0054984514315443486,0.0,0.0,0.18949128222264236,0.06776537264506517,0.0,0.0
s11T2122,0.0,0.002699921857953987,0.0,0.0,0.0,0.008491543154766634,0.0037443150239484285,0.37601538847816235,0.0,0.07768330117391317,0.0799337369164566,0.0,0.0,0.09425894747873018,0.06753543928104837,0.0,0.0,0.0,0.0,0.0,0.14747138710307583,0.03819412873966724,0.0,0.10397189079227723
s12T2122,0.0,0.0,0.0,0.013981772532061074,0.0,0.0020998087218879287,0.005247916607030735,0.4853340425929032,0.0,0.014236461798344244,0.08790088445886596,0.0,0.0,0.112513329677216,0.058256819781596914,0.0,0.0003953314828998961,0.0,0.0,0.0,0.15380141606281236,0.019421937328914108,0.0,0.046810278955467605
s13T2122,0.0,0.008108612760795287,0.0,0.007338472485990372,0.0,0.004112797520290214,0.006511198552934671,0.2964419558615936,0.0,0.0919226803561106,0.09859945859130967,0.0,0.0,0.1860301105249534,0.05790937791900431,0.0,0.0,0.0,0.0,0.0,0.177442819116509,0.009937008996697892,0.0,0.05564550731381107
s14T2122,0.0,0.00432472334700413,0.0,0.0,0.0,0.005992838679017294,0.005460251028912669,0.2970465793994854,0.0,0.11938625353025689,0.09910424324417932,0.0,0.0,0.11299523989278547,0.08104026675619291,0.0,0.0,0.0,0.0,0.0,0.24194020999959273,0.0,0.0,0.032709394122573246
s15T2122,0.0,0.005918479929268846,0.0,0.0,0.012721186870431186,0.002728546476840627,0.004469990042741966,0.07810656304645103,0.0,0.08010321666371126,0.03836571447218224,0.0,0.0,0.4486569874534805,0.03177000952139383,0.000375235093488547,0.0,0.06323884324512515,0.0,0.0,0.18274488912229217,0.01224594771949281,0.0,0.03855439034309991
s02M2222,0.0,0.0,0.0,0.0,0.01967554385700078,0.02242605488641848,0.0,0.0027835058752310364,0.0,0.06561371238891435,0.002975459405078336,0.0,0.0,0.40903190758165037,0.01083859533388902,0.04433775746977626,0.0,0.15624721285157062,0.0,0.0,0.24448744316189905,0.0,0.005853936906269341,0.015728870282302295
s03M2222,0.0,0.0,0.0,0.0,0.026795136514593167,0.015483815383013678,0.0,0.0034551543449572357,0.0,0.08107734310934597,0.0001243968956444396,0.0008467571328104588,0.0,0.35072752732220236,0.003082363828846861,0.09193516330474542,0.0,0.14411979088982213,0.0,0.0,0.2679844609820551,0.0,0.008126139421898443,0.006241950870064725
s04M2222,0.0,0.006700843004741114,1.5991912232432706e-05,0.0,0.0803891989873713,0.02507544222710594,0.0,0.0373996779723674,0.007651635751161899,0.10826055723419475,0.02466839254146466,0.0,0.0,0.1571378576776128,0.037206829395921216,0.01043811580161409,0.0,0.15061312107193273,0.04242726385505854,0.0,0.2445008654667891,0.0,0.06372811625523517,0.0037860908451969014
s05M2222,0.0,0.0038408495493983934,3.450350829149866e-05,0.0,0.10805728483139458,0.023351314072108192,0.0,0.04270776895568383,0.0007256997980540466,0.13595932917259557,0.027077194368836155,0.0,0.0,0.12512755826548702,0.039323088561739716,0.016843479717281454,0.0,0.23761226821432205,0.024353672460435485,0.0,0.16856636113097986,0.0,0.03943804681994337,0.006981580573448798
s06M2222,0.0,0.013591894675498309,0.0005053640107013524,0.0,0.07735583413224081,0.04075267317832393,0.0,0.07738866606680087,0.000468065792272174,0.24284218430636836,0.016524653479466307,0.0,0.0,0.030607964159687254,0.04068398743832101,0.21353125849773094,0.0,0.02823054143118832,0.0,0.0,0.1959877312875856,0.0,0.02152918154381482,0.0
s07M2222,0.0,0.0017944355836255856,0.0,0.0,0.05343926640259044,0.03376242683583172,0.0,0.018768189100822345,0.0,0.21346588584619727,0.026435404178662445,0.0,0.0,0.20740920138968097,0.0342346276002416,0.11295421104250007,0.0,0.16380159698614394,0.0,0.0,0.11775207766270017,0.0,0.008313032817411088,0.007869644553592299
s08M2222,0.061536177182063535,0.5971125730046125,0.0,0.11379798767713373,0.0,0.0,0.0,0.0,0.0,0.0,0.0,0.17546756310267894,0.0,0.0,0.027598115799576172,0.0,0.0,0.0,0.023506916668063888,0.00022983152432622944,0.0,0.0007508350415449419,0.0,0.0
s09M2222,0.03511451496526151,0.19369441275945773,0.0,0.13337734008428995,0.0,0.0,0.0,0.5120317591506384,0.0,0.01859886331499571,0.007107704160441782,0.0958373690723781,0.0,0.0013417451313747885,0.0,0.001738136899170178,0.0,0.0,0.0,0.0011581544619917652,0.0,0.0,0.0,0.0
s10M2222,0.0,0.012492967361957015,0.0,0.08766427585160962,0.0,0.0,0.0,0.30535001931200606,0.0,0.0,0.0,0.07523243216517375,0.003423248235871017,0.026627166219537264,0.3089422010949573,0.0,0.0,0.0,0.05650012806364269,0.001698499054835617,0.09543369517525414,0.026635367465155477,0.0,0.0
s11M2222,0.01856218094654352,0.04803134966475658,0.0,0.10721278734582673,0.0,0.0,0.0,0.5617280709309058,0.0,0.004877519197020431,0.015216730743484808,0.15969972389013495,0.0,0.004177803933050157,0.07919080626219469,0.0,0.0,0.0,0.0,0.0013030270860824311,0.0,0.0,0.0,0.0
s12M2222,0.011119072497317663,0.07522928179202751,0.0,0.11431156270660049,0.0,0.0,0.0,0.49932877732016223,0.0,0.012461627679690238,0.01880372551427802,0.14574634557156818,0.0,0.007553799304626501,0.0856133121234012,0.0,0.0,0.0,0.023152224324198434,0.0011245177734767679,0.0,0.005555753392652779,0.0,0.0
s13M2222,0.0,0.008638399921349462,0.0,0.029123285550727622,0.0,0.0,0.0017922544989504873,0.27035314960484697,0.0,0.0,0.0,0.0732680284361979,0.0013878808196197117,0.03358393464395129,0.36550548174549896,0.0,0.0,0.0,0.07387314760948915,0.0010466013781298108,0.1121635338236463,0.029264301967592242,0.0,0.0
s15M2222,0.0,0.04975147388191936,0.001170954818819848,0.009947774721443576,0.0,0.00557592025505811,0.01508738745679885,0.20980792831229655,0.0,0.12041060632959853,0.05252096031838417,0.0,0.0,0.16488490389112542,0.07625393418022125,0.07926490964312463,0.0,0.0,0.0,0.0,0.1987315635627589,0.0165916826284509,0.0,0.0
s01X2222,0.0,0.0,0.0,0.0,0.025022661624120614,0.04716411134807012,0.0,0.01060713641444906,0.0,0.04082804410552447,0.02288498753729417,0.0,0.0,0.3272586457354574,0.040408967443930646,0.004455504292054396,0.0,0.09820867752987739,0.0,0.0,0.32736394670616453,0.0,0.03801002383030329,0.017787293432754002
s02T2222,0.0,0.0,0.0,0.0,0.042812604960091226,0.01715465117963701,0.0,0.005069232739256888,0.0015601482193593357,0.04545560095565307,0.0009066359547908713,0.00318343042142071,0.00045427260878557293,0.33487133812156084,0.0,0.05564975596239474,0.0,0.127640356060654,0.0018443470549419732,0.0,0.35586443041261623,0.0,0.007533195348837485,0.0
s03T2222,0.0,0.0014770540683634954,0.0,0.0,0.02800857797797385,0.008838707427733636,0.0,0.005069719707311844,0.0,0.022934878579529645,0.0,0.004120375825858256,0.0,0.3144873495679135,0.0009238500419347907,0.032725497704445626,0.0006659100572470588,0.11037205095573956,0.06808314238763982,0.0,0.4022928856983089,0.0,0.0,0.0
s04T2222,0.0,0.0037933297733973607,0.0,0.0,0.03642396499892184,0.03587998656999509,0.0,0.007947025972076653,0.007171702569248343,0.06906336093081403,0.0,0.0,0.0,0.14082635458063977,0.0,0.09827317271902002,0.0,0.0825114245532593,0.017551223062740342,0.0,0.4847561530467928,0.0,0.015802301223094402,0.0
s05T2222,0.0,0.0,0.0,0.0,0.02825761186584096,0.05335787289885876,0.0,0.0045163401720896565,0.0,0.07847231687560555,0.0024657775809149435,0.0,0.0,0.11921122764856674,0.0,0.17215202734858592,0.00032818275491681596,0.08379173268320016,0.0,0.0,0.4362006568340571,0.0,0.021246253337363543,0.0
s06T2222,0.0,0.004610830956934078,0.0001370004139704646,0.0009015499654700738,0.03457173650736926,0.0480325430225171,0.0,0.007802391397718613,0.011277454534433323,0.06950187734962453,0.0015957569983444924,0.0,0.0,0.080474637810973,0.0,0.14705631905373542,0.0,0.06432283782367058,0.005093498181274886,0.0,0.5151791229258612,0.0,0.009442443058102786,0.0
s07T2222,0.0,0.0021464871871992247,0.00013366347135171768,0.0,0.019936067390295988,0.07565153966124574,0.0,0.0032390546083243986,0.0,0.10186611139011931,0.0013246878779924261,0.0,0.0,0.16721798668253976,0.007694962136635303,0.11843523413094306,0.0,0.14348569919359017,0.002645721182291281,0.0,0.3260392933710142,0.0,0.02968006342096465,0.0005034282954927777
s08T2222,0.04398747086126688,0.7545509064743182,0.0,0.06375785962439298,0.0,0.0,0.0,0.0,0.0,0.0,0.0,0.11415797698349957,0.0,0.0,0.02340782829221927,0.0,0.0,0.0,0.00013795776430297634,0.0,0.0,0.0,0.0,0.0
s09T2222,0.0,0.02589385605410923,0.0,0.10283871909654457,0.0,0.0,0.0,0.24306482011340325,0.0,0.0,0.0,0.150971607591727,0.0,0.005779582964144443,0.26139083759387033,0.0,0.0,0.0,0.05793109941008516,0.0009249331885862823,0.11980431458600548,0.031400229401524156,0.0,0.0
s10T2222,0.0,0.044626848207471335,0.0,0.10761051736873704,0.0,0.0,0.0,0.2916614577956872,0.0,0.0,0.02144969919141483,0.048882356926053444,0.001763695677790255,0.029469137848181615,0.20196879565124468,0.0,0.0,0.0,0.0023730454210933016,0.0012098928432721558,0.1723535598002493,0.07663099326880483,0.0,0.0
s11T2222,0.0,0.02572837353217283,0.0,0.0961511743471469,0.0,0.0,0.0,0.07894427721097924,0.0,0.0,0.0,0.10847309046647792,0.0006116435787885251,0.00041877282437137654,0.5132983055900158,0.0,0.0,0.0,0.009027994800327784,0.0007687972535089273,0.1581052419577717,0.0084723284384391,0.0,0.0
s12T2222,0.01186355490686824,0.024412136287812226,0.0,0.01025653445257717,0.0,0.0,0.0,0.21328568743295062,0.0,0.004535052035501101,0.0,0.07114520647017733,0.0,0.0,0.5355430951363811,0.0,0.0,0.0,0.012710979964612531,0.0,0.11624775331311975,0.0,0.0,0.0
s13T2222,0.0007718109443109215,0.022510606389773462,0.0,0.039782979555670006,0.0,0.0,0.0,0.16766621024506964,0.0,0.0045373243585623965,0.0,0.07815518293627169,0.0002796140477144826,0.0,0.5036522138493408,0.0,0.0,0.0,0.016252509971467505,0.0001670656044369516,0.1559866724901955,0.010237809607186807,0.0,0.0
s14T2222,0.0,0.005868528203275852,7.4609422456543e-05,0.026272369419825303,0.003761276754273858,0.0014081657365439407,0.01123915363630442,0.11058711547219979,0.0,0.025284780467509708,0.013573352654087784,0.0,0.0,0.19954057233807274,0.07294090977280596,0.029186764767602704,0.0,0.0,0.3160949497906444,0.0,0.17352573666882123,0.010641714895575725,0.0,0.0
s15T2222,0.008949855187254703,0.09624896997413816,0.0012160772123780334,0.04947725329991577,0.0,0.0,0.0013756148775919733,0.5177521032398626,0.0,0.11552909266348013,0.02858596690494989,0.0,0.0,0.006903422501272954,0.1181117619149178,0.0,0.0,0.0,0.0,0.0,0.05584988222423793,0.0,0.0,0.0
s02M2322,0.0,0.0,0.0,0.0,0.0,0.0,0.0,0.0018333831103276546,0.0,0.0491080141643718,0.0,0.0,0.0,0.43214584870286765,0.003435266868715174,0.00032673655868200577,0.0,0.34979083815303463,0.0,0.0,0.14827078933856933,0.0,0.013744363735399657,0.0013447593680321098
s03M2322,0.0,0.0,0.0,0.0,0.0045923420706024546,0.02409626440433307,0.0,0.007527479303929496,0.0,0.03402352982774249,0.0,0.0,0.0,0.16989272175773307,0.014457084314772817,0.019743590656666764,0.0,0.24744572039419135,0.0015333238141672226,0.0,0.440781305751972,0.0,0.035906637703889376,0.0
s04M2322,0.0,0.0,0.0,0.0,0.002199361413203069,0.0,0.0,0.0011681484855834525,0.0,0.03595744956807841,0.0,0.0026835274947540513,0.0,0.4453915155811944,0.003676309992959863,0.0,0.0,0.3589763530608351,0.0,0.0,0.14370244505230986,0.0,0.004843597213953391,0.00140129213712846
s05M2322,0.0,0.0,0.0,0.0,0.009690278250114152,0.026780739272916645,0.0,0.006027447306612683,0.0,0.05937379861672912,0.000743174502160441,0.0,0.0,0.19876022154464376,0.0,0.08996530522608784,0.0,0.23197313452880874,0.0,0.0,0.365260258611799,0.0,0.011425642140127687,0.0
s06M2322,0.0,0.002654223321538209,0.00019690009204258125,0.0,0.020424447679124314,0.004073834371453651,0.0,0.006771319695033438,0.049176454203787516,0.0141846036312694,0.0011512614070751865,0.0,0.0,0.22079980948335534,0.0,0.010532260806018488,0.0,0.16194505655219066,0.0,0.0,0.5080898287571112,0.0,0.0,0.0
s07M2322,0.0,0.0,0.0,0.0,0.0,0.0,0.0,0.005657280342506155,0.0,0.0,0.0,0.004484791858878268,0.0,0.698442479817536,0.002038969753365005,0.0,0.0,0.08486059824757486,0.0,0.0,0.20107741901979037,0.0,0.0034384609603491947,0.0
s08M2322,0.0,0.4109506263147257,0.0,0.013276982042412462,0.0,0.0,0.0,0.01662641471452845,0.0,0.0,0.0,0.40868603816863186,0.0,0.0,0.14152798661825508,0.0,0.0,0.0,0.0,0.0,0.0,0.008931952141446412,0.0,0.0
s09M2322,0.0,0.0011543580076217863,0.0,0.02920664213357776,0.0,0.0,0.0,0.10735219451189237,0.0,0.0,0.03198699611514314,0.0,0.0,0.0,0.3751297458585124,0.0,0.0,0.0,0.0,0.0,0.0,0.011585649461795588,0.35012169590364367,0.09346271800781329
s10M2322,0.0,0.007811060707345227,0.0,0.06387082576184808,0.0,0.0,0.0,0.11110725954682171,0.0,0.0006199172631426513,0.02569697181121481,0.02705560763352054,0.0,0.0012523939214443515,0.4608565220978574,0.0,0.0,0.0,0.09992419352198048,0.0,0.007883129266405595,0.008089972666764991,0.13819781701257025,0.04763432878908384
s11M2322,0.0,0.0,0.0,0.05836903263263852,0.0,0.0,0.0,0.11755486111288707,0.0,0.0040560687705881076,0.09109186002570217,0.0,0.0,0.0,0.5447345347890237,0.0,0.0,0.0,0.006971507118069966,0.0,0.0,0.006339935428360429,0.12339320841956868,0.04748899170316143
s12M2322,0.0,0.006198298416688446,0.0,0.047267798149853824,0.0,0.0,0.0,0.11691119214962649,0.0,0.0,0.04380215772559561,0.0064886089036805625,0.0,0.0,0.6427553382777468,0.0,0.0,0.0,0.0,0.0,0.004158263792346696,0.00517454926965381,0.10818507415398555,0.01905871916082231
s13M2322,0.0,0.006715605658397114,0.0,0.04805107792880218,0.0,0.0,0.0,0.07969347279288197,0.0,4.270717699705231e-05,0.03771688439570218,0.01847805241640198,0.0,0.0,0.6419903213158024,0.0,0.0,0.0,0.0,0.0,0.031240825724279234,0.007172320051548336,0.10737519361414234,0.021523538925045375
s14M2322,0.0,0.015153851179743195,0.0,0.08028565816050785,0.0,0.001482330176672165,0.0,0.301976006890192,0.0,0.009039853029554066,0.08609472805389645,0.0,0.0,0.0031720292417663143,0.4462544367882598,0.0,0.0,0.0,0.0,0.0,0.03191461076698635,0.0,0.02462649571242168,0.0
s15M2322,0.0,0.012895800162453643,0.0,0.029581440845690993,0.010840031000292273,0.0033140027830271916,0.0,0.1971679732484341,0.0,0.03480077512713913,0.11589078160374583,0.0,0.0,0.0055476707880860315,0.30449714136560513,0.0,0.0,0.0,0.18927045400987966,0.0,0.09619392906564612,0.0,0.0,0.0
s02T2322,0.0,0.017953057193390357,0.0,0.0,0.03635580290717002,0.0026326270405171155,0.0,0.0,0.0,0.0,0.0,0.0,0.0002172414246985346,0.3097997377409319,0.0,0.008404029518953965,0.019097197340864073,0.14951451595669335,0.0,0.0,0.41821854415024046,0.0,0.03780724672654029,0.0
s03T2322,0.0,0.0,0.0,0.0,0.060933003955516686,0.010527603308710541,0.0,0.0,0.0,0.006046090542041449,0.0,0.0,0.0029749840070226142,0.09480170977366793,0.001359375454704048,0.0055472899441486815,0.0,0.15283538254296705,0.007523268515904178,0.0,0.6574512919553168,0.0,0.0,0.0
s04T2322,0.0,0.0,0.0,0.0,0.0,0.01663365175185231,0.0,0.013930927029308534,0.0,0.0,0.0,0.0,0.0,0.07245030568093234,0.058121269244385154,0.09166512917263113,0.0,0.09692525569861755,0.009333693476984267,0.0,0.6409397679452887,0.0,0.0,0.0
s05T2322,0.0,0.0,0.0,0.0,0.039712139570090496,0.03179028600179272,0.0,0.0,0.0,0.014662948809586305,0.0,0.0,0.0,0.0806709138677117,0.0,0.038216619493806295,0.0,0.1643844248053912,0.0034092874576361564,0.0,0.6271533799939851,0.0,0.0,0.0
s06T2322,0.0,0.0,0.0,0.0,0.03771188971875231,0.029202276286422253,0.0,0.015961475724304237,0.0073824619396251154,0.012867814064462075,0.0024421179054943277,0.0,0.0,0.1085451125200926,0.0,0.02710870611467927,0.0,0.10262203881128684,0.039691618042270525,0.0,0.6164644888726105,0.0,0.0,0.0
s07T2322,0.0,0.0,0.0,0.0,0.009200874159812519,0.000860905523942314,0.0,0.0051624278339420845,0.0,0.0003447211236866305,0.000658690830470132,0.002531118232158197,3.2626604065352688e-06,0.40866730758150993,0.013592104406232052,0.0,0.0,0.10782806086594332,0.0014853690324706506,0.0,0.4496651577494258,0.0,0.0,0.0
s08T2322,0.0,0.827065506325463,0.0013911049232673018,0.0,0.005379561657588976,0.0,0.0,0.006247605087210103,0.0,0.0,0.0,0.1514944135874013,0.0,0.0,0.005779837167685812,0.0,0.0,0.00031166060600812384,0.0,0.0,0.0,0.0023303106453754874,0.0,0.0
s09T2322,0.0,0.0,0.0,0.05839631470319262,0.0037425458999625944,0.0,0.0,0.41464764194880194,0.0,0.0015963176868711675,0.006086060168205527,0.0,0.0,0.0,0.4428171380029178,0.0,0.0,0.0,0.0,0.0,0.0,0.0,0.045341967880677805,0.027372013709370417
s10T2322,0.0,0.0,0.0001241718385090628,0.090726523535242,0.0,0.0,0.0,0.3597117063283428,0.0,0.0030820395269749094,0.024714030096251362,0.0,0.0,0.0,0.475146859525679,0.0,0.0,0.0,0.0,0.0,0.0,0.0,0.04649466914900082,0.0
s11T2322,0.0,0.016794921886015668,0.0,0.09067886933948838,0.0,0.0,0.0,0.29358736924835527,0.0,0.0026780304686426517,0.007397401283461831,0.03453494576304301,0.0,0.0,0.5400052448768914,0.0,0.0,0.0,0.0,0.0,0.0,0.0,0.013935309293420923,0.00038790784068090005
s12T2322,0.0,0.008904315050990128,0.0015252879676980172,0.11751275513927367,0.0,0.0,0.0,0.5311598597331693,0.0,0.03623382897304087,0.01062772670008795,0.0,0.0,0.0,0.2571579844706402,0.0,0.0,0.0,0.0,0.0,0.0,0.0,0.03687824196509994,0.0
s13T2322,0.0,0.000758554193640026,0.0,0.14012679426464128,0.0,0.0,0.0,0.1112157789950871,0.0,0.001529318846572623,0.03089936673110205,0.0,0.0,0.0,0.629295629427609,0.0,0.0,0.0,0.0,0.0,0.0,0.0,0.04619464379126166,0.039979913750086214
s14T2322,0.0,0.0,0.0,0.017002606266180303,0.045450811667140927,0.0,0.0,0.24980176197157095,0.0,0.010653447088570168,0.05435329576356764,0.0,0.0,0.0007551948178408286,0.5980024944012486,0.0,0.0,0.0,0.0,0.0,0.0,0.0,0.02398038802388053,0.0
s15T2322,0.0,0.028640293015445843,0.0006531642568108318,0.002117876279320297,0.011484613326226934,0.00886952927995281,0.0,0.10551541129327396,0.0,0.038813958364475036,0.014317687604535832,0.0,0.0,0.1276209516394441,0.08666436838121788,0.013561130382348859,0.0,0.08701553443543857,0.19882738605958866,0.0,0.2758980956819204,0.0,0.0,0.0
s02M2422,0.0,0.0,0.0,0.0,0.0,0.5070434753095318,0.0,0.0,0.0,0.024872999198659117,0.011376550340749428,0.0,0.007952725882093855,0.06619135215546974,0.0,0.0,0.0007845489319837199,0.0,0.0,0.0,0.3766837417774903,0.0,0.005094606404022035,0.0
s03M2422,0.0,0.0,0.0,0.0,0.0,0.3954669148236848,0.0,0.0,0.00959371165300471,0.04127025744773527,0.008384821162834016,0.0,0.0,0.04869900300912309,0.033933890473024184,0.0,0.003795267155082363,0.0,0.0206742890563167,0.0,0.4200730053529793,0.0,0.018108839866215615,0.0
s04M2422,0.0,0.0,0.0,0.0,0.0,0.8551560909013546,0.0,0.0,0.0,0.1345899764146541,0.0,0.0,0.00941932075342544,0.0,0.0,0.0,0.0008346119305658944,0.0,0.0,0.0,0.0,0.0,0.0,0.0
s05M2422,0.0,0.0,0.0,0.0,0.010569500650232409,0.19339045763207688,0.0,0.0,0.0016162963233569228,0.22043092635992345,0.0,0.0,0.0,0.043469184803893224,0.0,0.03357543063393569,0.0,0.01884873298386212,0.006880196234859534,0.0,0.4712192743778598,0.0,0.0,0.0
s06M2422,0.0,0.0,0.0,0.0,0.0,0.5926760326591964,0.0,0.0,0.009640061121369583,0.11141079948821843,0.0,0.0,2.3944854526626044e-05,0.014302462077147202,0.0,0.024176030171396082,9.322880979276908e-05,0.0,0.0,0.0,0.24767744081835288,0.0,0.0,0.0
s07M2422,0.0,0.0,0.0,0.0,0.0,0.256889292386149,0.0,0.0,0.012758411435702211,0.07955413470540659,0.0,0.0,0.0,0.10468534112081615,0.0032979642854708757,0.05480989615542237,0.0,0.01438759410926841,0.0,0.0,0.4726186256210845,0.0009987401806799392,0.0,0.0
s08M2422,0.0,0.663957811924259,0.0,0.02043384064448103,0.0,0.0,0.0,0.008005567020281918,0.0,0.0,0.0,0.22231912774490353,0.0,0.0,0.08058474301501503,0.0,0.0,0.0,0.0,0.0,0.0,0.004698909651059652,0.0,0.0
s09M2422,0.0,0.012808837870181033,0.0,0.0,0.0,0.0,0.0,0.09915294896932564,0.0,0.0,0.0,0.05706137584527711,0.0,0.0,0.7577496676166914,0.0,0.0,0.00041071876211334115,0.0,0.0,0.0,0.028300287266333424,0.003548844422550025,0.04096731924752802
s10M2422,0.0,0.0,0.0,0.14011675487679198,0.0,0.0,0.0,0.08412578748896278,0.0,0.0012694460641280042,0.04046808216737487,0.0,0.0,0.0018761811907509907,0.6417963342081576,0.0,0.0,0.0,0.0,0.0,0.014868486561439999,0.024007722422414286,0.0,0.05147120501997947
s11M2422,0.0,0.0006448050503269769,0.0,0.014045391082683501,0.03187357096126196,0.00010584222972068501,0.0,0.09050389483593627,0.0,0.0032774873949664397,0.014060466650494317,0.0,0.0,0.006264725065174769,0.7476059047104234,0.00035274773295416897,0.0,0.0,0.005762295088398027,0.0,0.013008528862732557,0.018014756041869202,0.00025428958437518425,0.05422529470868261
s12M2422,0.0,0.0119532354679868,0.0,0.024649494336013423,0.02750730777333555,0.0056806992515285315,0.0,0.09370128444530253,0.0,0.013801284896575932,0.02234120718087015,0.0,0.0,0.003730790788990267,0.6596727194909491,0.0,0.0,0.0,0.02503897790335066,0.0,0.0568359318000958,0.0038464741865219835,0.0,0.05124059247847937
s13M2422,0.01300653801256667,0.005390471930934981,0.0,0.0676269353671879,0.020028627310919932,0.011286724234126369,0.0,0.09931233029577964,0.0,0.026159035901698765,0.04552551448864255,0.0,0.0,0.0,0.5893567389908643,0.0,0.0,0.0,0.0,0.0,0.06079561937316775,0.0036020566515924802,0.0,0.05790940744251869
s14M2422,0.0,0.00534930449431633,0.0001945808138774545,0.14285378215171846,0.0,0.0070117282986494,0.0,0.14731628261459428,0.0,0.06966198385043844,0.06863967704906604,0.0,0.0,0.0011516890616846878,0.4937013598243343,0.0,0.0,0.0,0.0,0.0,0.05540605253178324,0.0,0.0,0.008713559309537383
s15M2422,0.0,0.035420608875380906,0.0005305992936616213,0.014027946541068353,0.022222486906777132,0.13214850372338627,0.0,0.032706184642264956,0.0,0.12528343409398232,0.009723714861163484,0.0,0.0,0.09091423871670139,0.08066679248255043,0.04152298701517739,0.0,0.04399023178886035,0.005111189530530553,0.0,0.3657310815284948,0.0,0.0,0.0
s01X2422,0.0,0.0,4.5727022578182926e-05,0.0,0.0,0.504962752978576,0.0,0.03718487298535238,0.0,0.31493849126803114,0.008918506141906608,0.0,0.0,0.0,0.054633394675342,0.0,0.0,0.02169914378664673,0.0,0.0,0.05761711114156693,0.0,0.0,0.0
s02T2422,0.0,0.0,0.0,0.0,0.0,0.4578258961851058,0.0,0.04185567335816849,0.0,0.44741548694748184,0.0,0.0,0.0,0.006455688003696139,0.04603892398416243,0.0,0.0004083315213853205,0.0,0.0,0.0,0.0,0.0,0.0,0.0
s03T2422,0.0,0.0,0.0,0.0,0.14500922833059104,0.19197366199371382,0.0,0.04674850669536743,0.0,0.3612924938419663,0.017764966622197946,0.0,0.0,0.0,0.11309350362254357,0.0,0.0,0.0,0.0,0.0,0.12411763889361993,0.0,0.0,0.0
s04T2422,0.0,0.001334747895928164,6.073205961487526e-05,0.0,0.062079025648298314,0.2226215336338115,0.0,0.0046566089151462145,0.0,0.41850570613940746,0.028050099362062736,0.0,0.0,0.014745115237649509,0.02767487857709115,0.016774619504835605,0.0,0.021797182740680356,0.00011254007348921309,0.00023233131194457584,0.1813548789000403,0.0,0.0,0.0
s05T2422,0.0,0.0,0.0,0.0,0.0,0.4534740734869984,0.0,0.0027703466689531406,0.0,0.5149476156071231,0.014252438844238649,0.0,0.0,0.0,0.008344511662240768,0.0,0.0,0.0,0.006211013730445746,0.0,0.0,0.0,0.0,0.0
s06T2422,0.0,0.002933927388731844,0.00011573214714662925,0.0014596677713443126,0.04260079572899914,0.19872529196385752,0.0,0.008546692775845787,0.002032735119311223,0.19066876889856632,0.018314101230621375,0.0,0.0,0.015021329632520657,0.0,0.04018001012829615,0.0,0.0,0.013011835712426208,0.0,0.4655514936941477,0.0008376178081851522,0.0,0.0
s07T2422,0.0,0.01236970045315194,0.00028299253103106247,0.003974334249791061,0.021109747854961045,0.1721913793714264,0.0,0.010589359270663116,0.006579717453459613,0.043154676629437026,0.0066632263841598025,0.0,0.003740140112807396,0.10960622966634408,0.052129279704251255,0.06374037295059926,0.0,0.0,0.00761621919935435,0.0,0.48386050766293714,0.0023921165056254297,0.0,0.0
s08T2422,0.0,0.7295928361078206,0.0,0.09265410016744911,0.0,0.0,0.0,0.0,0.0,0.0,0.0,0.1334824740887529,0.0,0.0,0.044253644466714676,0.0,0.0,0.0,0.0,0.0,0.0,1.6945169262710894e-05,0.0,0.0
s09T2422,0.0,0.022049592163945635,0.0,0.0,0.0,0.0,0.0,0.053438742990577145,0.0,0.0,0.0,0.09825007202120951,0.0,0.0,0.7596721733635244,0.0,0.0,0.0,0.0,0.0,0.0,0.036601266414177845,0.0,0.029988153046565578
s10T2422,0.0,0.004459137387577183,0.0,0.0,0.0,0.0028117698100123406,0.0,0.045139463621675785,0.0,0.0010963497625040982,0.019307910234383857,0.0,0.0,0.000688925081774542,0.7847911611475713,0.0,0.0,0.0,0.0,0.0,0.012037953648061928,0.056995950368397955,0.0,0.07267137893804097
s11T2422,0.0,0.0005751605062784653,0.0,0.0004884739426286147,0.01298993015428485,0.0,0.0,0.05321866238324005,0.0,0.0,0.0188225807226033,0.0,0.0,0.0009996293839171816,0.7791159879033777,0.0,0.0,0.0,0.0,0.0,0.0,0.06625370144217278,0.0,0.06753587356149698
s12T2422,0.0,0.00866052513796973,0.0,0.07154643549292898,0.018147423546260557,0.005695823297038967,0.00347923361250566,0.05068458601486661,0.0,0.006289582531933925,0.035119592402624786,0.0,0.0,0.014680601815726925,0.6454087964495916,0.0,0.0,0.0,0.004273214253103902,0.0,0.05224593816516376,0.0360662705036164,0.0,0.047701976776668174
s13T2422,0.0,0.0,0.0,0.018783437880390764,0.024590085653668232,0.0032437503802097384,0.0,0.05173281161610028,0.0,0.0030136002425820364,0.035151407647152785,0.0,0.0,0.005427213716815005,0.7226153828691453,0.0,0.0,0.0,0.0,0.0,0.0004966658012306151,0.058509082567695714,0.0,0.07643656162500949
s14T2422,0.004053599315690643,0.03745921584823872,0.0006112745733201214,0.0901892724344868,0.04999412039731643,0.02990544156301387,0.0030192919381774362,0.09057882057686244,0.0,0.07211666725683787,0.08320863676971314,0.0,0.0,0.012464811962013902,0.36676784293215453,0.0,0.0,0.0,0.0,0.0,0.1454397731756929,0.0,0.0,0.01419123125648119
s15T2422,0.052388548369994306,0.04496538612215528,0.0009548149428956492,0.04669373566760719,0.0495854429825604,0.09116090283327516,0.006946181505378064,0.06599000873220821,0.0,0.13453772469421302,0.05381251674394884,0.0,0.0,0.0392417127761464,0.2232031131936963,0.0,0.0,0.06251760621934017,0.014722056133321696,0.0,0.09499693263067076,0.006726986686613547,0.0,0.01155632976597518
s02M2522,0.0,0.030570317717792356,0.0,0.0,0.08069630329068729,0.14582051771216534,0.0,0.01535584865675639,0.0,0.11017602060113256,0.006859538092298031,0.0,0.0,0.13242992020848818,0.03062113182020827,0.0,0.017637110881197734,0.16278379923123729,0.0,0.0,0.19732985080962315,0.0,0.06637141060601078,0.003348230372402631
s03M2522,0.0,0.016890548833785175,0.0007884310791084367,0.0,0.07294216766958397,0.2439750680109262,0.0,0.02290944849216532,0.0,0.04640550696946886,0.004946280279347106,0.0,0.0,0.10016809807978333,0.03446866016846618,0.0,0.0,0.16298626957394996,0.0,0.0,0.2683083491854797,0.0,0.02187216257914861,0.0033390090787871435
s04M2522,0.0,0.00466714367007428,0.0007510098328756564,0.01566632138519081,0.14877684017657877,0.15723352145826608,0.0,0.01394401839065877,0.0,0.08718553843916169,0.004298707391488637,0.0,0.0,0.07487319689597609,0.0,0.11396415187169469,0.0,0.014382639408075739,0.0,0.0,0.35479407351327263,0.0,0.009462837566686238,0.0
s05M2522,0.0,0.01393078882065583,0.0005611791106855472,0.007758983919703136,0.12276651340071905,0.09115984780453056,0.0,0.0184472170895634,0.0,0.0389114714867515,0.004951910335063097,0.0,0.0,0.07459036374804347,0.001971188566063492,0.022194937215107985,0.0,0.09070451295776451,0.041971799973860635,0.0,0.46447794353762833,0.0,0.005601342033859383,0.0
s06M2522,0.0,0.010863621557577297,0.0004678956304426959,0.011905563506534742,0.12031833759853887,0.09326848226467176,0.0,0.016135470799196326,0.0,0.0758902341828043,0.014451237772123851,0.0,0.0,0.0733611753378177,0.023238945605608307,0.02879357958308599,0.0,0.1611094760668929,0.022995861403854408,0.0,0.341503510644382,0.0,0.005696608046468851,0.0
s07M2522,0.0,0.013074136039906283,0.00034689546292526144,0.031572437557087496,0.07439128225762814,0.03172281052017414,0.003554888549686478,0.0192167404361998,0.018031923453489505,0.03344620095386685,0.017207636934786684,0.0014896629748821835,0.0,0.22540799027552003,0.048532082163377545,0.019766922131419774,0.0,0.12034235772985807,0.0,0.0,0.33087612849217046,0.011019904067021207,0.0,0.0
s08M2522,0.1027399662061347,0.4034397661312678,0.0,0.0676627355546865,0.0,0.0,0.0,0.0,0.0,0.0,0.0,0.3279048689854119,0.0,0.0,0.08489711282243197,0.0,0.0,0.0,0.010989351385862952,0.0,0.0,0.002366198914204173,0.0,0.0
s09M2522,0.0,0.014657898048296971,0.001029842012878234,0.0,0.0,0.0,0.0,0.05983749292450011,0.0,0.0038781807621292973,0.0005915334546588614,0.0,0.0,0.0,0.877773597929381,0.0014071626499470127,0.0,0.002288880601487814,0.0,0.0,0.0,0.03221344807095511,0.006321963545765474,0.0
s10M2522,0.008077988461615993,0.0,0.0,0.02931720397778816,0.0,0.0,0.0027597924632939493,0.04784356509272157,0.0,0.0017998133334725481,0.0031625994368067885,0.007738554118895063,0.0,0.0022235889102042695,0.8603126784215915,0.0,0.0,0.0027554590343519653,0.0,0.0,0.00013616662515280546,0.02640331743578322,0.0074692726883221925,0.0
s12M2522,0.0,0.0,0.0,0.1581131602962435,0.0,0.0,0.0,0.035682267295225466,0.0,0.001954200212395027,0.0,0.0,0.0,0.0,0.7796529239491227,0.0,0.0,0.0,0.0,0.0,0.0,0.009169822960557364,0.015133932038948304,0.00029369324750773716
s13M2522,0.0,0.0,0.0,0.00308084678082754,0.0,0.0,0.0,0.044506148824331876,0.0,0.006878144876101534,0.0,0.0,0.0,0.0,0.9313731407793727,0.00028635389980194014,0.0,0.0006994125563100355,0.0,0.0,0.0,0.0036682380329060263,0.009507714250348286,0.0
s14M2522,0.0,0.0,0.0,0.043355631980688286,0.071276514541229,0.0,0.0020528950036919273,0.040774883125857635,0.0,0.015195201483547659,0.0393119900694358,0.0,0.0,0.002490719462180788,0.7855421643333689,0.0,0.0,0.0,0.0,0.0,0.0,0.0,0.0,0.0
s15M2522,0.0,0.0,0.0,0.13241475056003174,0.10244845046085953,0.011917852024814374,0.03255229554371234,0.053593380018767706,0.0,0.059612190638759006,0.04804808593166981,0.0,0.0,0.08994369745039069,0.3464730706249863,0.0,0.0,0.020699640499736025,0.0,0.0,0.09283703914435842,0.006047594552816136,0.0,0.003411952549097885
s01X2522,0.0,0.0006734891414510296,0.00025988860503157665,0.0,0.06016917136743835,0.20322256199367425,0.0,0.00985839272368752,0.0,0.03364367771074156,0.001045911154520464,0.006049000618417676,0.0,0.13327040403403567,0.028785959553073528,0.08963094414874259,0.0,0.15024178082363995,0.0,0.0,0.2831488181255459,0.0,0.0,0.0
s02T2522,0.0,0.0,0.0,0.0012455206545257406,0.14576665776609413,0.11980550778269447,0.0,0.01875838863151229,0.0,0.2332224250923441,0.010577746802282418,0.009951509990977754,0.0,0.1006171584819848,0.0,0.02146349633963386,0.0,0.12705188477294335,6.017435247448932e-05,0.0,0.20975584972190822,0.0,0.0,0.0017236796106243435
s03T2522,0.0,0.0,0.0,0.0,0.11649268960230263,0.17634679108470838,0.0,0.0241245780992058,0.0,0.36907942444253755,0.034851090382664894,0.0,0.0,0.0,0.019917518806618777,0.0,0.0,0.24473078151575306,0.0,0.0,0.0,0.0,0.0,0.014457126066208803
s04T2522,0.0,0.0013238470932917766,0.0007084000169220684,0.007034350805860473,0.12988205156340693,0.18360034561441807,0.0,0.027857298967467352,0.0,0.39431407447674083,0.0032776486038934025,0.0,0.0,0.0,0.0,0.08728517177133496,0.0,0.030709205490076615,0.0,0.0,0.13400760559658748,0.0,0.0,0.0
s05T2522,0.0,0.006268398099908596,0.0007852326013303004,0.013270467172488474,0.17662556646859542,0.13437865538577026,0.0,0.03797969385278466,0.0,0.32338907722834564,0.007942767525917622,0.0,0.0,0.0,0.0,0.0721750142500183,0.0,0.1406139853740288,0.0,0.0,0.08042464884025534,0.0,0.0061464932005565985,0.0
s06T2522,0.0,0.02680860421744469,0.0012067789707658077,0.01589096657619993,0.17439734959719358,0.11980316739743362,0.0,0.02485599211931726,0.0,0.18489582380554692,0.004792752377658272,0.0,0.0,0.0,0.0,0.1224000604038457,0.0,0.020987613110883114,0.0,0.0,0.2925629191197971,0.0,0.011397972303913975,0.0
s07T2522,0.0,0.012678704955683944,0.0006281863431573919,0.008727801357948001,0.13010319609291016,0.13498324593014224,0.001551537744195553,0.01832207514879218,0.0,0.11159741101023826,0.007663719918045628,0.0,0.0,0.05151795521924991,0.01217647741050158,0.08830769011412998,0.0,0.18292595051311336,0.0,0.0,0.23158877515796236,0.0,0.007227273083929485,0.0
s08T2522,0.12578692005045922,0.7264220520948684,0.0,0.05786428769959591,0.0,0.0,0.0,0.0,0.0,0.0,0.0,0.06267032740765868,0.0,0.0,0.027256412747417653,0.0,0.0,0.0,0.0,0.0,0.0,0.0,0.0,0.0
s09T2522,0.0,0.03281720442741257,0.013009795086848873,0.0,0.0,0.0,0.0,0.02688153732263076,0.0,0.0,0.0,0.1105491404961921,0.0,0.0,0.7650984756028957,0.0,0.0,0.0,0.0,0.0,0.0,0.051643847064020046,0.0,0.0
s10T2522,0.0,0.0,0.00938545920999502,0.0,0.0,0.0,0.0,0.030569333921536743,0.0,0.0,0.0,0.04275090287058423,0.0,0.0,0.830836126780004,0.0,0.0,0.0,0.0,0.0,0.02014168654818774,0.06631649066969232,0.0,0.0
s11T2522,0.0,0.0,0.004059940049274605,0.0,0.0,0.0,0.0,0.029954513898309807,0.0,0.0,0.0,0.01798606915887171,0.0,0.0,0.849550401853911,0.0,0.0,8.475779617895126e-05,0.0,0.0,0.02806778984654635,0.06614714431155248,0.004149383085354988,0.0
s12T2522,0.0,0.0,0.002448934063918261,0.08454801580906564,0.0,0.0,0.007151474587392589,0.021710796298153055,0.0,0.00026680333815042473,0.0,0.000760530705933384,0.0,0.004137049193352677,0.7624634421440791,0.0,0.0,0.0011887487062429219,0.0067277577797298475,0.0,0.0465567099855309,0.062039737388451276,0.0,0.0
s13T2522,0.0,0.0,0.002087587062554617,0.09649530886435044,0.0,0.0,0.01568569695185053,0.020860955077340433,0.0,0.0003248270881370866,0.0,0.0,0.0,0.008272105498355432,0.7793620096415537,0.0,0.00012267068611557358,0.0,0.00594476900402769,0.0,0.014919584533413471,0.05489697421836544,0.0010275113739357177,0.0
s14T2522,0.0,0.0,0.0,0.21079012592960808,0.01988035852084288,0.0,0.03363892928748089,0.021299335234327706,0.0,0.008164893179904186,0.02085703684386503,0.0,0.0,0.013569638293636303,0.6601133026955244,0.0,0.0,0.0,0.0007896871894263864,0.0,0.010896692825384259,0.0,0.0,0.0
s15T2522,0.036024327444360134,0.014360382510507596,0.0005670134239547553,0.06138826748349983,0.13472847555858633,0.02673977724185887,0.02950450853843669,0.038457266767327504,0.0,0.13488284966209219,0.03195214691815962,0.0,0.0,0.04533990035620343,0.21195451447062694,0.03980560975121586,0.0,0.10300493617931362,0.0,0.0,0.09129002369385673,0.0,0.0,0.0
s02M2622,0.0,0.004335109550081719,0.0,0.008680786665151279,0.21355703059380396,0.0771791527444592,0.0,0.008352068935534031,0.0,0.0031044051758924,0.0027083561645971136,0.005442661355392834,0.0,0.0,0.0,0.08671005968991163,0.0,0.18029496778958445,0.0,0.0,0.40772054117312095,0.0,0.0,0.0019148601624704024
s03M2622,0.0,0.0033645611078998096,0.00021903406581654474,0.0009430157789629221,0.14645838105389578,0.29859829254483294,0.0,0.013260177187286866,0.0,0.03273492381371085,0.019697042355667257,6.128096194498775e-05,0.0,0.10138980355167437,0.04789020031594921,0.0,0.0,0.2251289691000431,0.0,0.0,0.09943334742933028,0.0,0.0,0.0108209707329851
s04M2622,0.0,0.010599456018122844,0.000699448430252236,0.016808378055931827,0.17759898119046463,0.15008543080368097,0.0,0.019937351104200442,0.002869122120826865,0.05060564239427812,0.003856017959408138,0.0,0.0,0.02769852830506606,0.0,0.07439715438432526,0.0,0.09596945900960167,0.0,0.0,0.36887503022384105,0.0,0.0,0.0
s05M2622,0.0,0.020764844745186344,0.0007849784978322044,0.020097919986860877,0.19494976386366414,0.1159035629465213,0.004466951157221619,0.021319071202843716,0.004401381815909831,0.046351541526328484,0.004410041964652205,0.0,0.0,0.03357007576992119,0.007772742956580982,0.02098718235720783,0.0,0.13635928859429663,0.003696468730857549,0.0,0.36416418388411514,0.0,0.0,0.0
s06M2622,0.0,0.02856940905361791,0.0011634579316236568,0.02295752612963414,0.23248331622772467,0.158541419153063,0.0005456246610129379,0.030148182693743458,0.0,0.07484784941915495,0.004409684520013324,0.0,0.0,0.0,0.024310483055428597,0.06051659635807088,0.0,0.09350369040010657,0.0,0.0,0.2680027603968059,0.0,0.0,0.0
s07M2622,0.0,0.000459650170891764,0.0,0.02725115252321004,0.1721838230382297,0.021061001088471344,0.028808830302096793,0.010626746168477936,0.02293522845661543,0.0032566591106898382,0.007739991992231049,0.012763814917570105,0.0,0.1795810058493619,0.057944468763204096,0.007457381725004774,0.0,0.06521755229167485,0.0027801544650450276,0.0,0.37653198648146413,0.0034005526557612216,0.0,0.0
s08M2622,0.18309053543695222,0.5533840661056569,0.0,0.09270798810864092,0.0,0.0,0.0,0.0,0.0,0.0,0.0,0.1368579221715505,0.0,0.0,0.030161478273183644,0.0,0.0,0.0,0.0,0.0,0.0,0.003798009904015669,0.0,0.0
s09M2622,0.0,0.022752301678517894,0.0032062626130371736,0.1830482664839822,0.0,0.0,0.007184622725238687,0.02366553972950579,0.0,0.004410086778637482,0.0,0.02116345823806995,0.0,0.0,0.60811625585126,0.0,0.0,0.0,0.003176912382987756,0.0017178140326618763,0.0,0.07196832422222665,0.0,0.04959015526387466
s10M2622,0.0,0.08783450745605893,0.005344899227553885,0.13267170995752037,0.007694822263904201,0.00027290363779963007,0.030822332757953447,0.025967671224228706,0.0,0.01291134652326988,0.0,0.0,0.0,0.00528526492773617,0.6208323476322043,0.002156064448078522,0.0,0.00010052093466701107,0.00042398577050872555,0.0015514142838110136,0.018674113479613168,0.03753233347577478,0.0,0.009923761999317144
s11M2622,0.0,0.010695030016941835,0.0028040560884321736,0.2900181618385682,0.0,0.0,0.027307875890259146,0.009536086317037385,0.0,0.005151768852069187,0.0,0.0,0.00023927574670859052,0.007423136938044017,0.5888112885232704,0.0,0.0013899853059553416,0.0,0.00019748504183377956,0.002121781712190326,0.0,0.05038040692056305,0.0,0.003923660808126516
s12M2622,0.0,0.002018866391225192,0.0,0.3980165528972862,0.0,0.0,0.04178901856263816,0.0,0.0,0.0034188644400574954,0.0,0.0,0.00027791359754371445,0.007069942523051028,0.5390727763182958,0.0,0.0018620065916008293,0.0,0.0,0.0007959974827658716,0.0,0.005678061195535694,0.0,0.0
s13M2622,0.0,0.0,0.0011322008204776195,0.45548268586349727,0.0,0.0,0.032725220939166105,0.0,0.0,0.005917679067587975,0.000534891862737388,0.0,3.441521789569178e-05,0.009197205591235042,0.4632760282475535,0.0,0.001860665544065121,0.0,0.0,0.0025985287816519967,0.0,0.027240478064132198,0.0,0.0
s14M2622,0.0,0.001100276205192483,0.00021084541046205576,0.3487055927445216,0.0,0.0,0.06694867932045723,0.0,0.0,0.006063753214146904,0.014473852189720866,0.0,0.0,0.011083787969861949,0.5501478369456344,0.0,0.0007672084715446775,0.0,0.0,0.0004981675284578699,0.0,0.0,0.0,0.0
s15M2622,0.0,0.022610645397287535,0.00035983856961533696,0.11320728416936117,0.1293323512119286,0.002615497665801042,0.18175580203531658,0.014251188272664719,0.0,0.04295657661927263,0.01993246659309584,0.0,0.0,0.12319754296562513,0.2117027028223185,0.0,0.0,0.10528658738166971,0.0,0.0,0.03279151629604315,0.0,0.0,0.0
s01X2622,0.0,0.004313780981672744,0.0,0.0,0.204864348086294,0.0201082183584286,0.0,0.0008887881475360094,0.0,0.0,0.0,0.02943847189778155,0.0,0.26446236069587087,0.0,0.04200012397075647,0.0,0.05989455928613294,0.0,0.0,0.37402934857552694,0.0,0.0,0.0
s02T2622,0.0,0.0,0.0,0.0,0.1020663323323558,0.06525775869810514,0.002631448463323796,0.0012517315620707908,0.0,0.0,0.0,0.01980781596250579,0.0,0.3204137669149658,0.0,0.0452191343884284,0.0,0.2840746957877951,0.0,0.0,0.1592773158904494,0.0,0.0,0.0
s03T2622,0.0,0.009374943846283141,0.00015837462946625652,0.00885941577563776,0.16122274036704268,0.13949034162171545,0.0,0.011586677304839664,0.0,0.0009521401093171944,0.00020398941664767756,0.0025982763470064115,0.0,0.09337194334075212,0.0,0.0,0.0,0.3005967590816395,0.0,0.0,0.27023018754712935,0.0,0.0013542106125227476,0.0
s04T2622,0.0,0.006418517341065233,0.0002989204826367279,0.009670895925696539,0.14460091088858185,0.012519980140035875,0.01444679345837782,0.0026093275142096773,0.0,0.0,0.0,0.0036320560414802913,0.0,0.21983135244720498,0.0,0.0,0.0,0.2056939938871186,0.0,0.0,0.38027725187359257,0.0,0.0,0.0
s05T2622,0.0,0.0054518457563253195,0.0005648434011259504,0.01943730806613047,0.1946796695705092,0.09803249485698139,0.0009806281636723171,0.01097290418251041,0.011956846980769778,0.015762821167620168,0.0020549055158009776,0.0,0.0,0.027385161843931024,0.0,0.021502040938191663,0.0,0.2921233245010654,0.0,0.0,0.29310558493197164,0.0,0.00598962012339437,0.0
s06T2622,0.0,0.03097819669226794,0.0009301631797437047,0.04265914135416034,0.20101225827184205,0.12747291649278025,0.010025447848367113,0.012623133955755346,0.0033682843731634346,0.009464867432130812,0.004445779526702753,0.0,0.0,0.014441259537656686,0.018311658970899803,0.024331639678840975,0.0,0.10192646863398354,0.0,0.0,0.39800878405170526,0.0,0.0,0.0
s07T2622,0.0,0.0,0.0,0.05801404636026428,0.13629071563034084,0.0,0.10172850681557896,0.002874697515629477,0.0,0.0059127542041831705,0.0069452401590176386,0.02809501031343549,0.0,0.3785073710419763,0.050800691359994404,0.0,0.0,0.11224335165023432,0.0,0.0,0.11858761494934511,0.0,0.0,0.0
s08T2622,0.2054541875517994,0.6188520072742588,0.0,0.10561931640682681,0.0,0.0,0.0,0.0,7.963400069358311e-05,0.0,0.0,0.028616248866021633,0.0,0.0,0.041378605900399844,0.0,0.0,0.0,0.0,0.0,0.0,0.0,0.0,0.0
s09T2622,0.0,0.02043226969245832,0.002617500807298316,0.3847514710833386,0.0,0.0,0.0,0.0,0.0,0.00022010544362228675,0.0,0.010441065215980027,8.812924858832134e-06,0.0,0.31880126057031144,0.0,0.0,0.0,0.0,0.0004971240492014687,0.0,0.26223039021293065,0.0,0.0
s10T2622,0.0,0.0,0.005624084262262319,0.24661682989444467,0.0,0.0,0.0,0.0,0.0,0.0,0.004854635722091312,0.0,0.0,0.0,0.48394131547698344,0.0,0.0010182291575658615,0.0,0.0,0.0,0.0,0.2579449054866524,0.0,0.0
s11T2622,0.0,0.0038923304501756063,0.004469942731866878,0.21206405544522383,0.0,0.0,0.0,0.0,0.0,0.0006060224010708371,0.0,0.0,0.0,0.0,0.45233344580277185,0.0,0.0019576946894595292,0.0,0.0,0.0,0.0,0.32467650847943147,0.0,0.0
s12T2622,0.0,0.0,0.006837840231406019,0.2334559390985198,0.0,0.0,0.0,0.0,0.0,0.0,0.00026814282947268566,0.0,0.0,0.0,0.5154015627825659,0.0,0.001202998374175947,0.0,0.0,0.00028532632687345216,0.0,0.24254819035698616,0.0,0.0
s13T2622,0.0,0.0,0.0064778767846731785,0.22589546119704357,0.0,0.0,0.0,0.0,0.0,0.00039777651470819964,0.0,0.0,0.0,0.0,0.4591665614462978,0.0,0.0018709277973670382,0.0,0.0,0.00033460119194927664,0.0,0.305856795067961,0.0,0.0
s14T2622,0.0,0.0,0.005632481629363609,0.2742698162406747,0.0,0.0,0.01723054092913922,0.0,0.0,0.002623645440007491,0.006196323244500362,0.0,0.0,0.005206974685320166,0.52277050629086,0.0,0.0007404203494227022,0.0,0.0016188785683421973,0.0009889650833893495,0.0,0.16272144753898032,0.0,0.0
s15T2622,0.0,0.0,0.0,0.30156080251392414,0.058562516780984425,0.0,0.09435570525866567,0.0,0.0,0.017973965273191766,0.024371316120442427,0.0,0.0,0.057119531058601326,0.3161049345966537,0.0,0.0,0.028218653044011385,0.0,0.0,0.08175398519371321,0.019978590159811835,0.0,0.0
s02M2722,0.0,0.013684240533091347,0.0,0.006548397513655899,0.22619315077122967,0.017453619012653087,0.0,0.0011598138458724237,0.0,0.0,0.0,0.017737646086740874,0.0,0.1744105304981355,0.0,0.09524928784105141,0.0,0.03141049555193347,0.0,0.0,0.41615281834563617,0.0,0.0,0.0
s03M2722,0.0,0.013700537231405694,0.0,0.0,0.24709126004109924,0.010513994760864306,0.0,0.0,0.0,0.0,0.0,0.02377582255253505,0.0,0.13477106124607707,0.0,0.023341024150784994,0.0,0.07515817077002734,0.0,0.002401372394180432,0.46924675685302575,0.0,0.0,0.0
s04M2722,0.0,0.0059676911091715015,0.0,0.0005959734349032505,0.20169288271914027,0.007235343939495093,0.0,0.0,0.0,0.0,0.0,0.012925270285816828,0.0,0.10770377265586653,0.0,0.0,0.0,0.008172722357655577,0.0,0.0028059555655288657,0.6529003879324222,0.0,0.0,0.0
s05M2722,0.010364890994809015,0.007302982227197912,0.0,0.0,0.15529894913276668,0.004992127701739987,0.0,0.0,0.0,0.0008527962516354111,0.0,0.008479790187427503,0.0,0.13106254408966686,0.0,0.002898993534514497,0.0,0.007895305775217088,0.0,0.0015914611445133021,0.6692601589605116,0.0,0.0,0.0
s06M2722,0.07567369728806791,0.011811402262936128,0.000561138910816592,0.0,0.12388882132413755,0.005179741867084295,0.0,0.0,0.01609792777260767,8.875135775317254e-05,0.0,0.0,0.0,0.03229914113604757,0.0,0.014769356956931025,0.0,0.0,0.0,0.0,0.7195786846484515,5.133647516650465e-05,0.0,0.0
s07M2722,0.0,0.002397536822146375,0.0,0.0,0.16978936288792404,0.014917410469698614,0.0,0.0,0.025569952410098,0.0014916088193343017,0.0,0.02005980621048869,0.0,0.2126518229649691,0.0,0.016183073806998828,0.0,0.034774428602857475,0.0,0.00042078106656334713,0.5017442159389212,0.0,0.0,0.0
s08M2722,0.07662670298937964,0.8247694064793103,0.01604677150435885,0.07111823812957865,0.0,0.0,0.0,0.0,0.00010596401866297105,0.0,0.0,0.0,0.0,0.0,0.011332916878709782,0.0,0.0,0.0,0.0,0.0,0.0,0.0,0.0,0.0
s09M2722,0.0,0.052962097913794366,0.00257158599139823,0.23160461865198329,0.0003146995286373905,0.002422686265046496,0.013177057963310514,0.0,0.0,0.002550137633120471,0.02968037754655431,0.0,0.0,0.0009155139053688973,0.35402280961111204,0.0,0.0,0.0,0.0,0.0,0.07272780396776221,0.23705061102191177,0.0,0.0
s10M2722,0.0,0.018920306447408265,0.0011713161429345355,0.1854788905420533,0.0,0.00233070759969566,0.012906244803786424,0.0,0.0,0.0,0.0710100747175377,0.0,0.0,0.0012046689152437633,0.4972585973498644,0.0,0.0,0.0,0.0,0.0,0.010854995743138102,0.19886419773833786,0.0,0.0
s11M2722,0.0,0.021210790406867755,0.0006744146331476678,0.23595927141962764,0.023676370682457763,1.6949137795324467e-05,0.011546802049000923,0.0,0.0,0.005649991344288817,0.032901490599877466,0.0,0.0,0.0,0.26706575915789227,0.0008382274459412748,0.0,0.0,0.0,0.0,0.13773461395298636,0.26272531917011677,0.0,0.0
s12M2722,0.003903910195352005,0.003595128820145127,0.0003566084496501288,0.3653493838373038,0.004632383399987165,0.0,0.012896883087893328,0.0,0.0,0.007838124401029092,0.040999803136911296,0.0,0.0,0.0,0.2647341605906576,0.0006885029168309324,0.0,0.0,0.0,0.0,0.11160047110202871,0.18340464006221074,0.0,0.0
s13M2722,0.0,0.0,0.0,0.34885629004813745,0.014407952061720268,0.00010820888415089757,0.0145310803782837,0.0,0.0,0.021893712668957087,0.08454330003962163,0.0,0.0,0.003517566467424312,0.2506373060653623,0.0,0.0,0.0,0.0,0.0,0.08047937803699567,0.18102520534934666,0.0,0.0
s14M2722,0.040488567191517465,0.0,0.0,0.2850870891116318,0.09966563781041819,0.004347845545120976,0.024936852433265187,0.0,0.0,0.025196029647934742,0.0863094657083061,0.0,0.0,0.004569751480613234,0.30316975660796047,0.04040228986990849,0.0,0.004932522919758607,0.0,0.0,0.0670409921084712,0.013853199565093538,0.0,0.0
s15M2722,0.0,0.0,0.0,0.03717369135462403,0.20670947498066367,0.002022268258598569,0.047427098685165515,0.003467336590995824,0.0,0.007367447394555576,0.007606161453017971,0.030429772377214857,0.0,0.2766539000753543,0.010276763008755711,0.0,0.0,0.04998047211118817,0.0,0.0,0.3164214420458054,0.004464171664060356,0.0,0.0
s01X2722,0.0,0.0,0.0,0.0,0.18672443049097823,0.0033294819072796416,0.0,0.0,0.0,0.0,0.0,0.025709801762396338,0.0,0.06799325460353114,0.0,0.0,0.0,0.0,0.0,0.02207536524884349,0.694167665986971,0.0,0.0,0.0
s02T2722,0.0,0.00849776255238131,0.0,0.0,0.22223265040217885,0.0632066091771781,0.0,0.0,0.0,0.062038443014830066,0.0002072086033590913,0.018702217514614726,0.0031390562344003367,0.07804326762680944,0.0,0.018034475665250557,0.0,0.014565765478822833,0.0,0.006107843039934164,0.5052247006902406,0.0,0.0,0.0
s03T2722,0.0,0.005045378215639219,0.0,0.00013257879104062984,0.18908334300968935,0.14493222133358497,0.0,0.0,0.0,0.0948448251228336,0.0004301381605534685,0.017822918067422342,0.0005760407518533779,0.07749672898036666,0.0,0.018737577490143327,0.0,0.01094811350407568,0.0,0.005461616532188361,0.43448852004060895,0.0,0.0,0.0
s04T2722,0.02238710379280349,0.02038691052705885,0.00034781713159880276,0.004188974302165112,0.1103826760550159,0.2343181078959786,0.0,0.002229509899826774,0.0,0.13224504532527925,0.0,0.0,0.0,0.0,0.0,0.025110695360923696,0.0,0.004912911371490689,0.0,0.0,0.44349024833785894,0.0,0.0,0.0
s05T2722,0.045644704352968905,0.028042830303701187,0.0004912868199599973,0.007118156112811134,0.08237053111670851,0.33785390344434024,0.0,0.01109584353736127,0.0,0.13967760663188347,0.0,0.0,0.0,0.007972833857589501,0.0,0.02301121371030482,0.0,0.0,0.0,0.0,0.3167210901123709,0.0,0.0,0.0
s06T2722,0.11470445176523167,0.04766253536366614,0.0009679315231591024,0.011119633211971446,0.1588115658265471,0.1321699683805809,0.0,0.002805371914466164,0.0,0.09454113912553568,6.410299673616701e-05,0.0,0.0,0.0,0.0,0.05335961365437202,0.0,0.0,0.0,0.0,0.3837936862377336,0.0,0.0,0.0
s07T2722,0.03511792524247828,0.017214756486599512,0.00040137501983384885,0.004321602850448003,0.1505261064832145,0.21125261194338976,0.0,0.003403262588953175,0.0,0.24734155038454173,0.0,0.0,0.0,0.024436291080216308,0.0,0.04333917296921203,0.0,0.04464179125859465,0.0,0.0,0.21800355369251814,0.0,0.0,0.0
s08T2722,0.099872294159508,0.6408970598466768,0.009552960709395002,0.2495524242395808,0.0,0.0,0.0,0.0,0.00012526104483940781,0.0,0.0,0.0,0.0,0.0,0.0,0.0,0.0,0.0,0.0,0.0,0.0,0.0,0.0,0.0
s09T2722,0.0007465597374883932,0.06399217362213214,0.05294248245256694,0.13082072809406214,0.01664409401828889,0.007056940480560866,0.013252094890499404,0.0,0.0,0.005019986219956746,0.012823088991123742,0.005149756181081586,0.0,0.0,0.37965209630548885,0.005250496052016502,0.0,0.0,0.0,0.0008377031485297375,0.06114805319645544,0.2392489681282878,0.0,0.005414778481460731
s10T2722,0.0,0.018241343914505808,0.011321472187705203,0.15565204193398247,0.08422565733987884,0.0006880403792254693,0.04135889527149543,0.006763114215367796,0.0,0.0,0.06422575011899694,0.0,0.0,0.0,0.35568419663080025,0.0,0.0,0.0,0.0,0.0,0.15080672356048272,0.11103276444755895,0.0,0.0
s11T2722,0.002858437551644048,0.017763168914596193,0.05179081299776134,0.19536401454027735,0.06523807370719949,0.0035766389917297322,0.05059860196059287,0.0,0.0,0.011565926756127484,0.050041981770098075,0.0,0.0,0.005331856767068405,0.2567072461831626,0.00032920779613397866,0.0,0.0,0.0,0.0003211465036792036,0.11622104772731831,0.15812773802189958,0.0,0.014164099810711206
s12T2722,0.0,0.0,0.004044962161122409,0.17965905506174126,0.05624844475789093,0.0,0.04335672976142247,0.0060689985242130835,0.0,0.0,0.16108635932697823,0.0,0.0,0.0,0.3485348434219664,0.0,0.0,0.0,0.0,0.0,0.13367307639774603,0.06732753058691929,0.0,0.0
s13T2722,0.0,0.0233518976041887,0.0,0.2579429964653093,0.09604176631563163,0.02036789415735875,0.1038647483463737,0.0,0.0,0.03812127048013588,0.1640232237745574,0.0,0.0,0.017316366246904084,0.17767601824894097,0.0,0.0,0.0,0.0,0.0,0.09858514887864549,0.0027086694819541276,0.0,0.0
s14T2722,0.05218443718740298,0.022642342672226305,0.00048143590167793105,0.10606307275421131,0.15929234167840728,0.048811613198262015,0.0826828707046717,0.0009187862276156016,0.0,0.13420765629930984,0.05798397037796259,0.0,0.0,0.018458766940942943,0.05773173987230614,0.0,0.0,0.11768726558036062,0.0,0.0,0.1408537006046427,0.0,0.0,0.0
s15T2722,0.1090315886567836,0.01707350166123667,0.0007645982500034668,0.03584126326565556,0.10356696526542086,0.14635765942250803,0.021400451626261113,0.0010275713741907792,0.0,0.10678157232366045,0.012967476986903384,0.0,0.0,0.04553910709566541,0.009668191139747016,0.0069748281529184945,0.0,0.0596675161448846,0.0,0.0,0.3230900033330969,0.00024770530106368356,0.0,0.0
s02M2822,0.0,0.005617097357953267,0.00029272096379979724,0.007303519894357116,0.3571944932795857,0.029123414907303257,0.07182248637753988,0.007447053999067446,0.0,0.03405412233706689,0.0002978188428321989,0.004814491894373674,0.0,0.05781085000325505,0.0,0.0784874023803464,0.0,0.09136939858994782,0.0,0.0003508645762070472,0.2540142645963645,0.0,0.0,0.0
s03M2822,0.0,0.004647098131933743,0.00014906215773737537,0.009101633179854116,0.33640878534899155,0.03189640817729046,0.06894792073148762,0.007621433695420598,0.0,0.020643071522237762,0.002513040005477428,0.006091996093071378,0.0,0.10471597742738953,0.0,0.05219500992227055,0.0,0.07695744207143101,0.0,0.0,0.27811112153540696,0.0,0.0,0.0
s04M2822,0.023727891773031813,0.001982406950994573,0.00037998993483811876,0.006217197391539298,0.2085819287878903,0.10821795841058436,0.02351848388157264,0.004272018257447441,0.0,0.08999074137421127,0.0015881985515316238,0.0,0.0,0.018604391808502034,0.0,0.0,0.0,0.11266426689918085,0.0,0.0,0.40025452597867556,0.0,0.0,0.0
s05M2822,0.0653039257291644,0.021624104899520807,0.000651507392425531,0.01719921340073078,0.2530113870856277,0.06817634270517006,0.03168919212102587,0.012608756966844218,0.0,0.06152140332372012,0.006041656822569896,0.0,0.0,0.055833352841392056,0.0,0.018949874008894318,0.0,0.05473372295315759,0.0,0.0,0.33265555974975664,0.0,0.0,0.0
s06M2822,0.08050107868139156,0.01955623395511409,0.0005589826864696739,0.017681458418391575,0.24287744937715408,0.12015836597895142,0.010519146264112622,0.012198388456539134,0.0,0.13669714174165556,0.0025796572274611003,0.0,0.0,0.0058924342081015536,0.0,0.10070055324789083,0.0,0.0013139151832028588,0.0,0.0,0.24876519457356402,0.0,0.0,0.0
s07M2822,0.049918703309803365,0.01331257449193107,0.0005623202190918361,0.009177933793143639,0.18948109029202465,0.17527613222636668,0.018512452835566153,0.009629940808547907,0.0,0.17225229037777887,0.002731365953995815,0.0,0.0,0.06338388334395131,0.0,0.06426093676009362,0.0,0.04029560047311326,0.0,0.0,0.19120477511459183,0.0,0.0,0.0
s08M2822,0.12326422898017222,0.6045991658526202,0.0,0.2699094219210355,0.0,0.0,0.0,0.0,0.00011305897347780985,0.0,0.0,0.0021141242726942923,0.0,0.0,0.0,0.0,0.0,0.0,0.0,0.0,0.0,0.0,0.0,0.0
s09M2822,0.0,0.1242733964489368,0.049121660850546665,0.18762678395324475,0.0,0.0,0.0,0.0017528755009424228,0.0,0.002088711414774759,0.0,0.0479380399836098,0.0,0.0,0.2366176354575,0.0,0.0,0.0,0.0,0.0,0.04011637374525414,0.3080053068852182,0.0,0.0024592157599724065
s10M2822,0.0,0.0,0.0,0.5685124251629116,0.001796679195378211,0.0,0.0,0.04237008385439751,0.0,0.0,0.06596224971210969,0.0,0.0,0.0,0.2532782318995045,0.0,0.0,0.0,0.0,0.0,0.0,0.023888345169499312,0.0,0.044191985006199315
s11M2822,0.0,0.01047433615421891,0.0010924199099736152,0.310679740609653,0.08121598535232659,0.0,0.008201855259404799,0.06419112650294465,0.0,0.00449877839949803,0.07868490980602891,0.0,0.0,0.0,0.33927016742529653,0.0,0.0,0.0,0.0,0.0,0.0,0.03823537567211776,0.0,0.06345530490853715
s12M2822,0.0021896388958959996,0.006174029222375866,0.0,0.1656213769888118,0.10314048994201482,0.006820897451524339,0.2373519078651544,0.0,0.0,0.08940062616525687,0.1661879190723858,0.0,0.0,0.012678600390498812,0.15320159213350754,0.0,0.0,0.003937901109074082,0.0,0.0,0.053295020763499734,0.0,0.0,0.0
s13M2822,0.0,0.005635268013743181,0.0,0.2149239027724903,0.06235928735541231,0.008137744205382687,0.37228938628363784,0.0,0.0,0.06900747207477353,0.11020742432440878,0.0,0.0,0.01917666154641772,0.09108287220102095,0.0,0.0,0.0,0.0,0.0,0.04717998122271281,0.0,0.0,0.0
s14M2822,0.0592449550580091,0.015753314397614147,0.0,0.1788295338317078,0.09471842995170891,0.007362423105475095,0.24710934282733393,0.0,0.0,0.08930677070403914,0.08902484451265358,0.0,0.0,0.016959099905690327,0.058630614857458956,0.0004898536332585484,0.0,0.042217101418606295,0.0,0.0,0.10035371579644416,0.0,0.0,0.0
s15M2822,0.08791628533615702,0.01637396584288005,0.00047066497442874324,0.14572194300965882,0.1267374921454658,0.016716112460287796,0.2368461887651706,0.0,0.0,0.1086044465727964,0.03359860959017224,0.0,0.0,0.02389439594700057,0.010721615255473178,0.04820217720127575,0.0,0.057977125233188036,0.0,0.0,0.08621897766604497,0.0,0.0,0.0
s01X2822,0.0,0.0,0.0,0.0,0.3645717759878769,0.004025195468470379,0.029566206771692444,0.0,0.0,0.0,0.0,0.01775449930656748,0.0,0.18236550454337577,0.0,0.012243479863676802,0.0,0.0722050523263174,0.0,0.004304523636109385,0.3129637620959136,0.0,0.0,0.0
s02T2822,0.0,0.0027257407211864803,0.00044339519455317437,0.008331383254133795,0.33325617960133036,0.07044338867636964,0.11686591354723415,0.006805335723548972,0.0,0.12677726389840974,0.007923317764393277,0.0,0.0,0.015075218342692976,0.0,0.05736848712912717,0.0,0.19804300062373986,0.0,0.0,0.055941375523280455,0.0,0.0,0.0
s03T2822,0.0,0.0011096333007041632,0.00012136763365558408,0.005541522836022619,0.2570521604005171,0.0608962929891974,0.1392852121312059,0.004015136993510862,0.0,0.09839281186536841,0.003029336283238343,0.001123692114311584,0.0,0.023048462183443724,0.0,0.04912183321517765,0.0,0.1457749559511047,0.0,0.0,0.21148758210254198,0.0,0.0,0.0
s04T2822,0.0,0.0028538228897726716,0.00016386364795038707,0.0026937614479189778,0.22208017497601396,0.06469221985277197,0.10600519320938279,0.0,0.0,0.046875847004639266,0.00015904808165807718,0.0011770062933196376,0.0,0.08562022271008835,0.0,0.09081138462890645,0.0,0.09501119094208187,0.0,0.0,0.28185626431549565,0.0,0.0,0.0
s05T2822,0.046818088951880076,0.017797518774572797,0.0006293283170883497,0.0084751042281474,0.2670878159892146,0.10019146152217208,0.023979588443023944,0.006732772340155302,0.0,0.07251402214231385,0.0,0.0,0.0,0.04666356405072591,0.0,0.04922232323768922,0.0,0.07352661067601687,0.0,0.0,0.28636180132699984,0.0,0.0,0.0
s06T2822,0.032036863767502505,0.013444611406634232,0.0005858933611529876,0.0214895624528338,0.2709043716498476,0.06403970885656904,0.06457098538405759,0.003526199150943714,0.0,0.03903897517770785,0.00047477776126074494,0.0,0.0,0.05527362569922593,0.0,0.13372138049819024,0.0,0.004558552265941709,0.0,0.0,0.296334492568132,0.0,0.0,0.0
s07T2822,0.004814868410808242,0.01305979725228167,3.762331598946833e-05,0.012948608894615906,0.258057692514156,0.04074126703694188,0.1183172368964105,0.0014930474857399927,0.0,0.025665045340083188,0.001672797395659369,0.0,0.0,0.160622994229765,0.0,0.05742440240548555,0.0,0.05297375420850913,0.0,0.0028716967531134067,0.2492991678604407,0.0,0.0,0.0
s08T2822,0.11190317424991379,0.7493345175438015,0.0,0.13866388845303748,0.0,0.0,0.0,0.0,9.841975324706748e-05,0.0,0.0,0.0,0.0,0.0,0.0,0.0,0.0,0.0,0.0,0.0,0.0,0.0,0.0,0.0
s09T2822,0.0,0.0,0.0,0.32444764871321274,0.052092598793772246,0.0,0.0,0.26387596166357985,0.0,0.003128787137107525,0.0,0.0,0.0,0.0,0.09143149192001698,0.0,0.0,0.0,0.0,0.0,0.0,0.12375935491964687,0.07803090739996961,0.06323324945269417
s10T2822,0.0,0.016103149146607817,0.0021031905302297464,0.30496480647030294,0.09970508254066801,0.0,0.0027078131955105187,0.23005748204257123,0.0,0.07546461535306019,0.008371065372567755,0.0,0.0,0.0,0.17201577058585216,0.0,0.0,0.0,0.0,0.0,0.0,0.0011573983480202912,0.041615191462616025,0.04573443495199331
s11T2822,0.0,0.0,0.0,0.33824812848099434,0.10056434732421202,0.0,0.0071114099096920465,0.20409978968349754,0.0,0.027979508679406618,0.019781639036978643,0.0,0.0,0.0,0.20373504046005814,0.0,0.0,0.0,0.0,0.0,0.0,0.008985895741539952,0.04483076366692925,0.04466347701669129
s12T2822,0.0,0.0,0.0,0.34532983036550075,0.10899190397675586,0.0,0.02291151279159406,0.17287021910806705,0.0,0.018412259303862626,0.01565472195921656,0.0,0.0,0.0,0.24283930657947728,0.0,0.0,0.0,0.0,0.0,0.0,0.01906342064352431,0.034228646533470866,0.019698178738530706
s13T2822,0.0,0.0,5.6139437848364484e-05,0.3655094996604124,0.10148437963833815,0.0,0.06832900077515723,0.11847721584183395,0.0,0.0765325099381365,0.04249918735049349,0.0,0.0,0.0,0.21235736678359352,0.0,0.0,0.0,0.0,0.0,0.0,0.0,0.007426584338679683,0.007328116235506735
s14T2822,0.0,0.0,0.0,0.26871606221906924,0.09655206820671346,0.0003168178173465832,0.4058997578917316,0.04531789572560682,0.0,0.0357513878941922,0.036757561711340786,0.0,0.0,0.012090979017514504,0.08097015636496947,0.0,0.0,0.0,0.0,0.0,0.015652605399128165,0.0,0.001974707752387115,0.0
s15T2822,0.04719180581729137,0.02614320108809855,0.000765385805920865,0.06103690672513202,0.16403521314477143,0.006954959076501047,0.3488774727696623,0.011398415326303027,0.0,0.07471014097140434,0.012493564831470898,0.0,0.0,0.07372235238705666,0.0061403131444820605,0.012827474749872454,0.0,0.03911524363784865,0.0,0.0,0.11458755052418432,0.0,0.0,0.0
s02M2922,0.0,0.0,0.0,0.0,0.22777596085745086,0.007891677728726442,0.4303240799226268,0.0,0.001525695434893037,0.014831248005172236,0.0,0.008348364874979844,0.0,0.08852717804194697,0.0,0.033979439675268716,0.0,0.0864119127325181,0.0,0.0037341681002577773,0.09665027462615912,0.0,0.0,0.0
s03M2922,0.0,0.0,0.0,0.0,0.2101930947217753,0.008010102395617906,0.4779388775096463,0.0,0.0,0.03862155522456103,0.0,0.006992652113379162,0.0,0.08764482595411013,0.0,0.02260782463969913,0.0,0.0699658424585128,0.0,0.0010906841247096393,0.07693454085798855,0.0,0.0,0.0
s04M2922,0.0,0.0,0.0,0.01861992973553225,0.24546998493473166,0.018641123058314696,0.2828099157327046,0.017274154987966972,0.0,0.34377390115200246,0.01460742994151113,0.0,0.0,0.0,0.0,0.05880356045723615,0.0,0.0,0.0,0.0,0.0,0.0,0.0,0.0
s05M2922,0.0,0.006520003670019247,0.001327839317245556,0.041394357702837926,0.42791138786134536,0.046318652921402595,0.0,0.024857022953193735,0.0,0.3588107860769871,0.020740562200423227,0.0,0.0,0.0,0.0,0.0721193872965453,0.0,0.0,0.0,0.0,0.0,0.0,0.0,0.0
s06M2922,0.03097750209636124,0.008025344766802832,0.0006522070021147661,0.019998134507352352,0.20935047292904402,0.0538482277125032,0.26770125934652905,0.007605171222349837,0.0,0.2884827342793006,0.013673357589892292,0.0,0.0,0.0,0.0,0.060685115100483376,0.0,0.03900047344726652,0.0,0.0,0.0,0.0,0.0,0.0
s07M2922,0.0,0.0,0.0,0.0,0.05737602525548552,0.026984865043215327,0.6420742530902767,0.0,0.0,0.15831238565998632,0.0018290376211212947,0.0,0.0,0.0012390288283763687,0.0,0.0565051350489609,0.0,0.055679269452577576,0.0,0.0,0.0,0.0,0.0,0.0
s08M2922,0.12183873004098615,0.43004636187172135,0.0,0.25107650452521973,0.0,0.0,0.0,0.0,0.0,0.0,0.0,0.1437513976942399,0.0,0.0,0.05252848172280446,0.0,0.0,0.0,0.0,0.0007585241450283627,0.0,0.0,0.0,0.0
s09M2922,0.0,0.0,0.20542110910103908,0.08834929238896005,0.0,0.0,0.0,0.12994340785321765,0.0,0.0,0.0,0.005745871830090647,0.0,0.0,0.2919986245702846,0.0,0.0,0.0,0.0,0.0,0.0,0.236456031472191,0.014589535984232623,0.027496126799984293
s10M2922,0.0,0.004643724525440039,0.04374319755148489,0.26183396273396087,0.026813862904920056,0.0,0.010530896667100532,0.1558045588979307,0.0,0.0,0.0019992249939708886,0.0,0.0,0.0,0.3305399156752574,0.0,0.0,0.0,0.0,0.0,0.09143460423726181,0.03322369284833236,0.02602292707379846,0.013409431890541937
s11M2922,0.0,0.0,0.3204372536591643,0.12208811062215855,0.0,0.0,0.008764081609603161,0.113040931146592,0.0,0.0,0.0,0.028022621780757158,0.0,0.0,0.2239253249508169,0.0,0.0,0.0,0.0,0.0,0.05373800469455785,0.1109587923032516,0.012010911156388426,0.007013968076709917
s12M2922,0.0,0.0,0.23900061623341784,0.14235565606243625,0.0,0.0,0.024382836003649017,0.12679646553336782,0.0,0.0,0.0,0.021287612696038,0.0,0.0,0.26804316057023525,0.0,0.0,0.0,0.0,0.0,0.09073601777212548,0.05916022569901701,0.014875829584479711,0.013361579845233569
s13M2922,0.0,0.0,0.09113113015067643,0.2434103998647529,0.022267467444296613,0.0,0.04097106153212533,0.12134256884260795,0.0,0.001053323464758271,0.0013440592901595287,0.0,0.0,0.0,0.29593963814755014,0.0,0.0,0.0,0.0,0.0,0.11375788754762776,0.04809033470665682,0.013236761872986152,0.007455367135801997
s14M2922,0.0,0.021156629727403033,0.021895904679750996,0.27151322936490496,0.04505463261884691,0.0,0.1456157987947573,0.11934700705400315,0.0,0.010205828604998267,0.0061003393486077,0.0,0.0,0.0,0.22219612113342424,0.00017630360797505677,0.0,0.0,0.0,0.0,0.10473617995470698,0.012401967615732644,0.017020924005397297,0.002579133489491376
s15M2922,0.018696554100958777,0.03006654438516301,0.0004681122968828559,0.16419815362728155,0.027307662611459217,0.0008777282976159333,0.5375661263792122,0.0,0.0,0.09771945635864077,0.037775748078747326,0.0,0.0,0.007952194235933732,0.024622357172020548,0.00889471279694133,0.0,0.028505179344545568,0.0,0.0,0.015349470314597245,0.0,0.0,0.0
s01X2922,0.0,0.0,0.0,0.0,0.1394043877936014,0.00367522242996268,0.5712898150009811,0.0,0.0,0.007607876436627402,0.0,0.0006605720361325816,0.0,0.04079759648152376,0.0,0.05684445526394922,0.0,0.0,0.0,0.0031119882178112183,0.17660808633941075,0.0,0.0,0.0
s02T2922,0.0,0.0,5.813365022363957e-05,0.0017630499561867925,0.28171019377353396,0.0,0.16333398854260373,0.0,0.0,0.0,0.0,0.0017729384630942556,0.0,0.014215331730232662,0.0,0.011373631715137191,0.0,0.0,0.0,0.0027617888093140006,0.5230109433596738,0.0,0.0,0.0
s03T2922,0.0,0.0,0.00045609996582854964,0.005652565664319992,0.2996139680411521,0.0,0.28010788282656696,0.0,0.0,0.0,0.0,0.002038390911714235,0.0,0.019625923149518863,0.0,0.016772102847667406,0.0,0.0005500697256588732,0.0,0.00025413770817483505,0.37492885915939816,0.0,0.0,0.0
s04T2922,0.044616522292656315,0.005755369621002445,0.0005137903080815389,0.0031041792813336906,0.2151345659233784,0.0,0.1511862942204591,0.0,0.0,0.0,0.0,0.0,0.0,0.0,0.0,0.0276958029195526,0.0,0.0,0.0,0.0,0.5519934754335359,0.0,0.0,0.0
s05T2922,0.05533707295670411,0.0,0.0,0.00941028777894262,0.21910217067252266,0.002587659282043855,0.13781176211301235,0.0,0.016817609113882182,0.0,0.0,0.0003200900131046847,0.0,0.007030289613210588,0.0,0.0,0.0,0.0236889722174538,0.004785481228912906,0.0021329963652470464,0.5209756086449632,0.0,0.0,0.0
s06T2922,0.06785013609202196,0.0,0.0,0.008634319766413804,0.21959040441406844,0.018268210387291567,0.06639923895144455,0.0,0.0,0.011834922495419151,0.00012383455515678891,0.0,0.0,0.0,0.0,0.021266628769374275,0.0,0.0,0.0,0.0,0.5860323045688094,0.0,0.0,0.0
s07T2922,0.0,0.02076478502415017,0.0019186776601453077,0.03873748388835485,0.2209545762644288,0.004131279563673896,0.3098404138435547,0.016418782553674034,0.0,0.008789032948019993,0.004556851080396741,0.0011270886511728234,0.0,0.09452158819950365,0.0,0.00646813817511216,0.0,0.04376528545937375,0.0,0.0005463328218404748,0.22745968386659868,0.0,0.0,0.0
s08T2922,0.009888521888079836,0.7910025237471046,0.0,0.09927223794437673,0.0,0.0,0.0,0.0,0.0,0.0,0.0,0.04250820565616222,0.0,0.0,0.0551841820487152,0.0,0.0,0.0,0.0,0.0,0.0,0.0021443287155614513,0.0,0.0
s09T2922,0.0,0.0021922314794009406,0.022577609572018823,0.43807244416090113,0.0,0.0,0.26725277921687757,0.08529086169959754,0.0,0.0011094710650378847,0.025652417220832363,0.0,0.0,0.002272223135819078,0.10977749067489229,0.0,0.0,0.0,0.0,0.0,0.013607435076998391,0.032195036697624003,0.0,0.0
s10T2922,0.0,0.0012069213943410929,0.010371788957145961,0.40923367401286087,0.0,0.0,0.2971296697852694,0.049084978375787514,0.0,0.0,0.04610920173247753,0.0,0.0,0.002714519047754033,0.12792553222721773,0.0,0.0,0.0,0.0,0.0,0.022976729371929006,0.03324698509521686,0.0,0.0
s11T2922,0.0,0.0,0.019648135453462584,0.3717474529624525,0.0,0.0,0.34004409534228214,0.03648294324698075,0.0,0.00292609302709908,0.028337173217363155,0.0,0.0,0.0014299286515548305,0.15273719014210027,0.0,0.0,0.0,0.0,0.0003474466656623303,0.029202109386880577,0.017097431904161724,0.0,0.0
s12T2922,0.0,0.0,0.021419639046322724,0.30648398205940847,0.0,0.0,0.39419245820141063,0.0703203539896112,0.0,0.0003117595608689536,0.014884521079892113,0.0,0.0,0.0,0.14860488164652857,0.0,0.0,0.0,0.0,0.0,0.03239002791187036,0.011392376504087044,0.0,0.0
s13T2922,0.0,0.0,0.015764529983689834,0.4319707351216786,0.0,0.0,0.23289660128247863,0.07545075659983798,0.0,0.0,0.021482456585123114,0.0,0.0,0.0,0.16205838619321064,0.0,0.0,0.0,0.0,9.159084984700555e-05,0.03686174018460816,0.023423203199525837,0.0,0.0
s14T2922,0.0,0.008021743643003646,0.0061440194199598955,0.29518346933771156,0.0,0.0,0.536320474208167,0.0465950240545246,0.0,0.002740506776539475,0.018306072229428566,0.0,0.0,0.0032670941429094377,0.08342159618775592,0.0,0.0,0.0,0.0,0.0,0.0,0.0,0.0,0.0
s15T2922,0.0,0.007129777818353121,0.0003799136455357686,0.1622366935465741,0.0,0.0,0.7060810516687583,0.0019627669790796207,0.0,0.006861966800557346,0.027423311520965186,0.0,0.0,0.009126945211371135,0.03795220161269152,0.0,0.0,0.019817412425217503,0.0,0.0,0.02102795877089627,0.0,0.0,0.0
s02M3022,0.0,0.0034336525588010915,0.0,0.007133125784469613,0.2799842252897352,0.013793930590455116,0.3689114828909234,0.0,0.0,0.03216894627506996,0.002828191684432006,0.007018491214175396,0.0,0.14308030819922632,0.0,0.021088905483483727,0.0,0.028391104037829403,0.0,0.001696104223707569,0.09047153176769107,0.0,0.0,0.0
s03M3022,0.0,0.012794118692005767,0.000862016620588597,0.031049671692652006,0.4863167404099012,0.020749652027744488,0.21677329861739603,0.014610698151926602,0.0,0.12914514419485326,0.021579025146528045,0.0,0.0,0.06380094476316414,0.0,0.0023186896832398814,0.0,0.0,0.0,0.0,0.0,0.0,0.0,0.0
s04M3022,0.21996543226978252,0.050711177396515005,0.0016822871975660835,0.016600037403234163,0.251386265485247,0.10005905428041344,0.04829799441366895,0.0052250778632899125,0.0,0.008406674142628122,0.0003024026862143198,0.0,0.0,0.011936680327973926,0.0,0.19370041585572287,0.0,0.0,0.0,0.0,0.09172650067774367,0.0,0.0,0.0
s05M3022,0.07532735549643398,0.04537553805701274,0.0013841035193956203,0.008195918125525862,0.06019286118482222,0.514746170234004,0.023056531850842145,0.0035356452810613066,0.0,0.11692834366841112,0.003244838713930954,0.0,0.0,0.0,0.0,0.069603630635348,0.0,0.06877614554684254,0.0,0.009632917686369506,0.0,0.0,0.0,0.0
s06M3022,0.12070507978408476,0.05103932278943413,0.0014020963459321825,0.019194336652918618,0.14849707424945344,0.2603225409669098,0.054024796830315115,0.011194779983396071,0.0,0.12463810511843419,0.0027687973960214083,0.0,0.0,0.0027269025871850118,0.0,0.1670740836017096,0.0,0.03641208369420554,0.0,0.0,0.0,0.0,0.0,0.0
s07M3022,0.07033340902955094,0.03209551573023333,0.00051589289374595,0.0003531425931556378,0.1910801422395808,0.05403652213085882,0.2478730417767853,0.0,0.0,0.011643324539940879,0.0,0.0,0.00023621254581367623,0.16309737478936456,0.0,0.05151568796715347,0.0,0.0876411008007545,0.0,0.0015874658340421536,0.08799116712902001,0.0,0.0,0.0
s08M3022,0.06371539998106844,0.6748531012773562,0.0,0.06085430619218919,0.0,0.0,0.0,0.0,0.0,0.0,0.0,0.08864915753183299,0.0,0.0,0.08699686616897127,0.0,0.0,0.0,0.0,0.020859925848301226,0.0,0.004071243000280703,0.0,0.0
s09M3022,0.0,0.03312563962537228,0.007886259289927075,0.4044578915278692,0.006441870692541607,0.0,0.2505525773820884,0.025331209470467967,0.0,0.00424081709282325,0.03669057008062631,0.0003164408818130999,0.0,0.0,0.16249255500171902,0.0,0.0,0.0,0.0,0.0027509699628556843,0.05387845107785165,0.011834747914044428,0.0,0.0
s10M3022,0.0,0.013356309092828538,0.0030448927337064276,0.31037438438207526,0.06030908862267295,0.0,0.22576051890376841,0.1468976493750685,0.0,0.0014069381362543213,0.02731834071693462,0.0,0.0,0.0,0.21153187803669102,0.0,0.0,0.0,0.0,0.0,0.0,0.0,0.0,0.0
s11M3022,0.0,0.01942252536898394,0.006995215022567329,0.4009899744340011,0.0,0.0,0.38034067485429457,0.023415774541538405,0.0,0.00824401401487658,0.022476898350251233,0.0,0.0,0.0,0.11571352433730997,0.0,0.0,0.0,0.0,0.0009097047810873505,0.02149169429508946,0.0,0.0,0.0
s12M3022,0.010396505702499313,0.09223921806090483,0.007448489912104369,0.29816375219681146,0.027201203899216313,0.003905584212758114,0.18049217459389885,0.10618180338861666,0.0,0.028038065619844454,0.0359953683267664,0.0,0.0,0.0,0.1379120687282842,0.0005957616360115241,0.0,0.0,0.0,0.0,0.07075776162239998,0.0006722420998835308,0.0,0.0
s13M3022,0.0,0.07767129299105172,0.004150595130022771,0.37046391735262557,0.027846016514091347,0.00289795155484241,0.16781915735068897,0.09513611396808636,0.0,0.030693471950121377,0.05148365327924405,0.0,0.0,0.0,0.13244117386864857,0.0032095415692334145,0.0,0.0,0.0,0.0,0.03618711447134354,0.0,0.0,0.0
s14M3022,0.015439575255193617,0.06934332990340765,0.0024236326230663518,0.30808761183395156,0.03268381884199096,0.006832716551564127,0.23069253399863276,0.09806319727119972,0.0,0.1028319448056645,0.057980843797975065,0.0,0.0,0.004466644870407151,0.055247155067806045,0.015906995179140546,0.0,0.0,0.0,0.0,0.0,0.0,0.0,0.0
s15M3022,0.05988926158499679,0.04912552935442078,0.001579054482717733,0.04191697755078158,0.13289326135872762,0.0113254147679046,0.45605353484550165,0.012520785389249396,0.0,0.01805060480794317,0.008469269652894655,0.0,0.0,0.03873938864830336,0.0,0.039202002222928814,0.0,0.020938671512832376,0.0,0.0,0.10929624382079757,0.0,0.0,0.0
s01X3022,0.016413559230652863,0.019400010629026652,0.00011889537810806459,0.0,0.19905152405189347,0.06817902731580944,0.3982533139292927,0.0,0.0,0.056216401472638795,0.000662776456021648,0.001659314334269117,0.0,0.12143362248401834,0.0,0.04741368221499428,0.0,0.06332348541296007,0.0,0.0013914664080822007,0.006482920682232483,0.0,0.0,0.0
s02T3022,0.11433702028661465,0.02007606432520833,0.000932063047730913,0.010830560181754401,0.2183370170622363,0.07059142683106834,0.21843543139400357,0.0007564270401766311,0.0,0.13345719720848281,0.008788366445096943,0.0,0.0,0.034500160826312146,0.0,0.11779743594606272,0.0,0.051160829405252246,0.0,0.0,0.0,0.0,0.0,0.0
s03T3022,0.17940086569852678,0.04460680843928083,0.0012654261524357854,0.03125280182799511,0.24247144386648858,0.07608934205696925,0.08154787487473032,0.007765757493542409,0.0,0.09329218500519845,0.01774080040692254,0.0,0.0,0.004575673103931873,0.0,0.09776073688742457,0.0,0.04263905380442473,0.0,0.0,0.07959123038212866,0.0,0.0,0.0
s04T3022,0.15602588107819074,0.0366896772901958,0.0006534723063302928,0.020178461590948514,0.2432871592787474,0.07596516170357316,0.10298102494089506,0.004697772796829155,0.0,0.12187840191885276,0.027476885789391472,0.0,0.0,0.007414548041064343,0.0,0.06480615132030698,0.0,0.08477620285431209,0.0,0.0,0.05316919909036223,0.0,0.0,0.0
s05T3022,0.17089743190595363,0.031744791016508137,0.0007456767879824239,0.022338315571753357,0.2152664597517262,0.11625159856763308,0.12621069955356606,0.005019503086688588,0.0,0.130787467784107,0.029031597604670174,0.0,0.0,0.0014170791979688424,0.0,0.06012171729689507,0.0,0.09016766187454732,0.0,0.0,0.0,0.0,0.0,0.0
s06T3022,0.1908583082981391,0.04496602255552908,0.001121844297500821,0.02353496606345343,0.28261570490408855,0.07775426826118646,0.11048784714995086,0.012754366684648542,0.0,0.08424384367104541,0.020825414597648872,0.0,0.0,0.0,0.0,0.09758273823297747,0.0,0.011842790237021708,0.0,0.0,0.041411885046809656,0.0,0.0,0.0
s07T3022,0.1465182634102943,0.020456672921628765,0.0010696447118902401,0.010073724977389965,0.15828465368280803,0.14799521378388775,0.18153108033797455,0.004026834707211964,0.0,0.17403365680863145,0.0,0.0,0.0,0.020082967939058904,0.0,0.13592728671922413,0.0,0.0,0.0,0.0,0.0,0.0,0.0,0.0
s08T3022,0.05609052225500681,0.6161082580863887,0.0,0.07384795096132048,0.0,0.0,0.0,3.838069839255606e-05,0.0,0.0,0.0,0.1829934384240964,0.0,0.0,0.04643795482540714,0.0,0.0,0.0,0.0,0.017511935620249837,0.0,0.006971559129137936,0.0,0.0
s09T3022,0.0,0.05712315639302644,0.005268617446381012,0.3053741133952485,0.08711226561285929,0.002093039940175173,0.07987880411956044,0.0978620375143194,0.0,0.03580051888094683,0.035177423741532717,0.0,0.0,0.0,0.2461595099076244,0.004423116048190059,0.0,0.0,0.0,0.0025873046338396742,0.0,0.041140092366296156,0.0,0.0
s10T3022,0.0,0.03471045784461381,0.000336855533914365,0.37697515629957473,0.08367643480083559,0.0039029871861026443,0.14025731044344278,0.04781905693929091,0.0,0.06962646182392157,0.11991023943550029,0.0,0.0,0.0,0.11933334557461438,0.0005077456813040674,0.0,0.0,0.0,0.002943948436884754,0.0,0.0,0.0,0.0
s11T3022,0.0,0.024878414586315997,0.000737973270806382,0.38571850662710194,0.09330799277475503,0.0016758401939089666,0.11569342352327334,0.11166189767621429,0.0,0.11564316222450856,0.07000400391210948,0.0,0.0,0.0,0.07297514332680567,0.007612461682417743,0.0,0.0,0.0,9.118020178259064e-05,0.0,0.0,0.0,0.0
s12T3022,0.022163047068455177,0.04124461184208353,0.001059947203039618,0.33473983529012963,0.04823805408198873,0.001764881211667798,0.3019207836563555,0.061040769415661555,0.0,0.15033276718151353,0.011668873367371276,0.0,0.0,0.0,0.009842188509518525,0.015984241172215103,0.0,0.0,0.0,0.0,0.0,0.0,0.0,0.0
s13T3022,0.04350075796167648,0.01791966097543668,7.07496576775111e-05,0.34338156990821644,0.029076743081158426,0.0031789909729325874,0.21263363164458313,0.016223751565219918,0.0,0.1613701014731598,0.062435794703558256,0.0,0.0,0.0,0.10075010034733332,0.009394419595003001,0.0,0.0,0.0,6.372811404442398e-05,0.0,0.0,0.0,0.0
s14T3022,0.07894411760623124,0.03192044758074271,0.0008060592055125884,0.14843378366597285,0.10900619994036385,0.009444340012781108,0.35842989834235106,0.006942973753726491,0.0,0.09387667536121402,0.02589367025968128,0.0,0.0,0.010557570077555365,0.009246658020644859,0.10749182422028294,0.0,0.009005781952939525,0.0,0.0,0.0,0.0,0.0,0.0
s15T3022,0.07780293449987379,0.01659835234241741,0.0005075894631569414,0.009118516935525251,0.16971464398267194,0.03706146004320856,0.36067921038023576,0.0,0.0,0.05291134800360262,0.008769193496648384,0.0,0.0,0.05001972642445027,0.0,0.04343402969731873,0.0,0.08292188985793393,0.0,0.0,0.09046110487295651,0.0,0.0,0.0
s02M3122,0.05971534071676404,0.0018741781760173747,5.317099552743429e-05,0.0,0.1782279667828043,0.0005658543611271013,0.3471102181994107,0.0,0.0019436946043708968,0.0,0.0,0.0011572927100147847,0.0,0.07181971302128395,0.0,0.005942010267228904,0.0,0.0,0.0,0.003101870761271427,0.32848868940417897,0.0,0.0,0.0
s03M3122,0.2547321905159932,0.022448174943701073,0.0010677117227215727,0.005841425691739085,0.19413930643775673,0.011362147161155706,0.1448950146357032,0.0,0.0,0.0032685504884161953,0.0,0.0,0.0,0.0,0.0,0.026410371795497205,0.0,0.0,0.0,0.0,0.33583510660731614,0.0,0.0,0.0
s04M3122,0.1728872253853424,0.008555543247572324,0.0006598887149660679,0.0,0.14721293214435024,0.005732758631075475,0.23748648307927964,0.0,0.0,0.004403578132621179,0.0001194033992898466,0.0,0.0,0.014255078102109775,0.0,0.0,0.0,0.002694677408805035,0.0,0.0,0.405992431754588,0.0,0.0,0.0
s05M3122,0.16187801493351994,0.01224466703517702,0.0007847456978737316,0.007664176867042978,0.17102541474229613,0.01529482960916887,0.08417173635765406,0.0,0.032705400023658626,0.009796133731491057,0.003931929859130748,0.0,0.0,0.0,0.0,0.0,0.0,0.0,0.0,0.0,0.5005029511429868,0.0,0.0,0.0
s06M3122,0.11941917423846646,0.011313763808434333,0.0003726597050918475,0.0,0.15471249363924153,0.002974303957307536,0.35264801966729264,0.0,0.0,0.0011479172579184622,0.0,0.0,0.0,0.05459317374508153,0.0,0.014512563955931673,0.0,0.00020871071085510433,0.0,0.0,0.2880972193143788,0.0,0.0,0.0
s07M3122,0.012631538468257016,0.006758277661788915,0.0,0.0,0.3123200444799912,0.002927684525432649,0.22244329070270263,0.0,0.0,0.0,0.0,0.007470003714664154,0.0,0.10377018047005564,0.0,0.04151315489447234,0.0,0.011918774060044764,0.0,0.06429686758596956,0.21395018343662123,0.0,0.0,0.0
s08M3122,0.0,0.8167966203115363,0.002810843047632568,0.113698018814149,0.0,0.0,0.0,0.0,0.0,0.0,0.0,0.042550137699691015,0.0,0.0,0.022415027460924067,0.0,0.0,0.0,0.0,0.0,0.0,0.0017293526660669691,0.0,0.0
s09M3122,0.0,0.005757801073369126,0.0,0.14578364135058391,0.0,0.0,0.7314431290389651,0.021306117584500787,0.0,0.0,0.022203130283914692,0.0,0.0,0.0,0.07179186837257405,0.0,0.0,0.0,0.0,0.0,5.048993011554091e-05,0.0016638223659767536,0.0,0.0
s10M3122,0.0,0.03984952610212859,0.00010774649367264213,0.13247199911971352,0.032754229250973495,0.004194660312601004,0.5300651657368504,0.08680736555968836,0.0,0.00694334615471842,0.02101131566222351,0.0,0.0,0.0,0.1040949150763844,0.0020001420177709326,0.0009677467577802304,0.0,0.0,0.0,0.022454952268129262,0.004750753105604997,0.011526136381760302,0.0
s11M3122,0.0,0.02187993985932683,0.0006479665586972979,0.08543235876253542,0.001598101531054731,0.00035683184318800233,0.7518670964392916,0.04603952260779214,0.0,0.0021531929178504436,0.008189586543368182,0.0,0.0,0.0,0.07562694678136042,0.0005302016648903563,0.0,0.0,0.0,0.0,0.005678254490644501,0.0,0.0,0.0
s12M3122,0.0,0.0026550713720603705,9.197800009770684e-05,0.09234480745257653,0.0,0.0,0.777222875288194,0.04110649492035457,0.0,0.0008095378969520226,0.008549638354137327,0.0,0.0,0.0,0.06973102378104684,0.0005126705818549645,0.0,0.0,0.0,0.0,0.006127511806865817,0.0,0.000848390545859875,0.0
s13M3122,0.0,0.005561601805724211,0.0,0.05887979608002346,0.0,7.528184002568504e-05,0.8248675830932969,0.008494585653644878,0.0,0.001647071926204265,0.02162608752177459,0.0,0.0,0.012436713370314233,0.04450180546604582,0.0008423642928884395,0.0,0.0,0.0,0.0,0.02106710895005749,0.0,0.0,0.0
s14M3122,0.07850085368640763,0.01760502509354665,0.00038899511847195696,0.003948658925995733,0.08739403721776355,0.004057437324491008,0.5725926635181838,0.0,0.0,0.011197940518527546,0.008320315866006374,0.0,0.0,0.044303512426759964,0.0,0.006325439059250625,0.0,0.034805516292908865,0.0,0.0,0.13055960495168614,0.0,0.0,0.0
s15M3122,0.0,0.01833734501245525,0.0006662752674136357,0.11895638365981787,0.008487452775802559,0.0002947663285055332,0.6201797265024501,0.04673450432169555,0.0,0.0006744002871706611,0.0154545096123293,0.0,0.0,0.0,0.1123859403939094,0.0,0.0,0.0,0.0,0.0,0.03422647387671553,0.023602221961734556,0.0,0.0
s01X3122,0.0,0.013654262465858042,0.0,0.0,0.24934813290090382,0.005078578045727501,0.17853364651473871,0.0,0.0,0.0,0.00019219098634820175,0.00859327231787827,0.0,0.1009658598298222,0.0,0.0,0.0,0.015106120324908634,0.004493597161748529,0.1780500720523211,0.24598426739974494,0.0,0.0,0.0
s02T3122,0.0,0.003366552191818517,0.0,0.0,0.24560747399180208,0.01594843843712978,0.46605476202898555,0.0,0.0,0.006761894693474249,0.0,0.0014384241602090864,0.0,0.10140572922367388,0.0,0.01996896137853223,0.0025989984363812566,0.07313842929935863,0.0,0.00440957207767956,0.05930076408095511,0.0,0.0,0.0
s03T3122,0.006843750441601405,0.004924188769287937,6.365847996944172e-05,0.0,0.2250479504549922,0.06588311796275083,0.5414892083849586,0.0,0.0,0.048917102902163015,0.005511731058763025,0.0,0.0,0.03450785123491553,0.0,0.0039414965488735925,0.0,0.022731380443880168,0.00045041488783678895,0.0,0.03968814843000766,0.0,0.0,0.0
s04T3122,0.16572159417816226,0.01892553746170068,0.0008309837261867653,0.01089800181893658,0.23525015778171945,0.1848949340362577,0.2025944059002748,0.0,0.0,0.02246074224259558,0.00395128774478964,0.0,0.0,0.007158406480485359,0.0,0.09679203116128841,0.0,0.050521917467602866,0.0,0.0,0.0,0.0,0.0,0.0
s05T3122,0.029107829563475178,0.020852485882529515,0.0004802177664449919,0.007009133963578333,0.2484446261781855,0.2113618899256162,0.24001313511422268,0.0,0.0,0.1150272689642108,0.004795179033414766,0.0,0.0,0.0,0.0,0.0,0.0,0.12290823360832213,0.0,0.0,0.0,0.0,0.0,0.0
s06T3122,0.02833393397846482,0.009507235036393266,0.0002770627533309106,0.009105693056697997,0.2664480583971719,0.1568550009041477,0.3089509097638095,0.0013523859440880356,0.0,0.17146620195029919,0.005102162027539711,0.0,0.0,0.0018604981051653288,0.0,0.0032157739871061606,0.0,0.03752508409578548,0.0,0.0,0.0,0.0,0.0,0.0
s07T3122,0.0,0.0,0.0,0.0,0.19030019535750328,0.00937626600600866,0.6411226859986062,0.0,0.0,0.007083834555555951,0.03668272534522427,0.0,0.0,0.04613644821674977,0.0,0.0,0.0,0.06929784452035177,0.0,0.0,0.0,0.0,0.0,0.0
s08T3122,0.08940009857131707,0.2869014275438832,0.007004444455080864,0.10454533193184525,0.0,0.0,0.0,0.0012653217754207689,0.0,0.0,0.0,0.33940215473210295,0.0,0.0,0.1532747176963913,0.0,0.0,0.0,0.0,0.007623172291448764,0.0,0.010583331002509723,0.0,0.0
s09T3122,0.015379234539337816,0.05113717715555459,0.0010027689667741861,0.06919899005836266,0.0,0.0006225331433677244,0.5860089868290363,0.07461795712221574,0.0,0.005509627131499028,0.0,0.0,0.0,0.0,0.14249712925549807,0.0,0.0,0.0,0.0,0.0,0.0,0.054025595798353934,0.0,0.0
s10T3122,0.0,0.0,0.0,0.020387392189146248,0.0,0.0,0.869277049926011,0.019840127714103678,0.0,0.0,0.0003373658054014435,0.0,0.0,0.0016789714304536155,0.0690548746800428,0.0,0.0,0.0,0.0,0.0,0.0,0.01811620653100609,0.0012036898457837171,0.0001043218780517144
s11T3122,0.0,0.0,0.0,0.055112668241222365,0.0,0.0,0.8156797976234774,0.010355934297692599,0.0,0.0,0.0,0.0,0.0,0.0008362513246692434,0.08597868808038008,0.0,0.0,0.0,0.0,0.0,4.2456457676620535e-05,0.031994203974881535,0.0,0.0
s12T3122,0.0,0.0,0.0,0.04723973634375825,0.0,0.0,0.8898114962235727,0.0065497861233166045,0.0,7.406920194117086e-05,0.0,0.000520105775255216,0.0,0.0,0.034167889071483305,0.0,0.0,0.0,0.0,0.0,0.00792790676019903,0.013709010500473608,0.0,0.0
s13T3122,0.0,0.0,0.0,0.049451912042678736,0.0,0.0,0.8655062869212471,0.021149857919087446,0.0,0.0006215054930383017,0.0,0.0,0.0,0.0,0.05461938868578789,0.0,0.0,0.0,0.0,0.0,0.0011778064991760228,0.007473242438984657,0.0,0.0
s14T3122,0.0,0.0,0.0,0.050383767665171594,0.02297162266877887,0.0,0.8163235340552951,0.038658911068584004,0.0,0.0008158357236583828,0.005797888676619837,0.0,0.0,0.0,0.06238180304242375,0.0010585020547227418,4.669821828235357e-05,0.0,0.0,0.0,0.0,0.0,0.0015614368264634429,0.0
s15T3122,0.0,0.011872114919219651,0.0001241908788503618,0.013758771952098825,0.05807254411879688,0.0008291113204214757,0.828079841163383,0.0,0.0,0.002288453571692046,0.005864996033100249,0.0,0.0,0.026115438409928422,0.009824212693837578,0.002299042052291996,0.0,0.00222291771230013,0.0,0.0,0.0386483651740793,0.0,0.0,0.0
s03M3222,0.0,0.0,0.0,0.0,0.22164928404224904,0.3126100506694283,0.24728316855228974,0.0,0.0,0.16896580365800115,0.0,0.0,0.0,0.011724902982873032,0.03776679009515865,0.0,0.0,0.0,0.0,0.0,0.0,0.0,0.0,0.0
s04M3222,0.0988750328317028,0.01707842675219157,0.00031971960229322814,0.0,0.2575613188487456,0.11794816814340545,0.2747894118004195,0.0,0.0,0.11756725462201328,0.0,0.0,0.0,0.013917841469661461,0.0,0.05145748054147837,0.0,0.05048534538808877,0.0,0.0,0.0,0.0,0.0,0.0
s05M3222,0.04289443830183033,0.017787314272626784,0.0004517366571842028,0.019320532972241466,0.4689514145121293,0.10363318997252491,0.09920456554125262,0.005566106098978764,0.0,0.23968342277282598,0.001957350963670932,0.0,0.0,0.0,0.0,0.000549927934734567,0.0,0.0,0.0,0.0,0.0,0.0,0.0,0.0
s06M3222,0.06528563058586742,0.02904112186020215,0.0001480059961063462,0.0060952756529358155,0.34218079884713937,0.09784849889887488,0.15951153771564175,0.0026388105427129576,0.0,0.2700314889387366,0.007779315160879244,0.0,0.0,0.0,0.0,0.016380797285851345,0.0,0.0030587185150521673,0.0,0.0,0.0,0.0,0.0,0.0
s07M3222,0.03850494560973348,0.0025293443381622033,0.0,0.0,0.061929932322094816,0.060004769551181704,0.6720764408157032,0.0,0.0022350409091699227,0.041101820321576936,0.0,0.0,0.0,0.029416449910853862,0.0,0.01218013357144775,0.0,0.046707197972321375,0.0,0.004046079561623868,0.029267845116131,0.0,0.0,0.0
s08M3222,0.022870944927997034,0.7182044185025439,0.01732262483884871,0.1641905173149233,0.0,0.0,0.002857369911957688,0.0,0.0,0.0,0.0,0.04548574423645652,0.0,0.0,0.0287904962563537,0.0,0.0,0.0,0.0,0.00027788401091932203,0.0,0.0,0.0,0.0
s09M3222,0.0,0.030319612599531476,0.0009405006503811326,0.35485120537760506,0.007633733871766283,5.889943587095748e-05,0.1574970869747921,0.06387412087172001,0.0,0.011796533259120855,0.005279816253542486,0.0,0.0,0.0,0.21581655852332796,0.0,0.0,0.0,0.0,0.0,0.0,0.15193193218234166,0.0,0.0
s10M3222,0.0,0.008004024986352944,0.0006481787059384178,0.3332735232111596,0.0288300067642421,0.0,0.270640687410214,0.040186679435662426,0.0,0.0038864415073903763,0.012690605422629326,0.0,0.0,0.00020696098811879383,0.15945469808898827,0.0,0.0,0.0,0.0,0.0,0.0,0.1421781934793037,0.0,0.0
s11M3222,0.0,0.013737508475785547,0.0006045793945044396,0.28666902471393657,0.01936026183846814,0.0,0.39183302615120585,0.006785485724639858,0.0,4.865281817891477e-05,0.011814168753913355,0.0,0.0,0.0019489737113382725,0.16792436535063993,0.0,0.0,0.0,0.0,0.0,0.004221583991824424,0.09505236907556484,0.0,0.0
s12M3222,0.0,0.004060089446691924,0.0,0.24491476715887506,0.0042433845750383305,0.0,0.6329416160291389,0.002018117447901602,0.0,0.00413338766719629,0.012795478529323445,0.0,0.0,0.0,0.07005209610650216,0.0,0.0,0.0,0.0,0.0,0.01561605808246534,0.009225004956866983,0.0,0.0
s13M3222,0.0,0.000602057271061224,0.00015289018319601444,0.1370484481164134,0.01697804438576162,0.0,0.7284879335034445,0.030576203237619018,0.0,0.007068496843540237,0.0204735954464358,0.0,0.0,0.0,0.05069387734527139,0.0,0.0,0.0,0.0,0.0,0.004525595130436672,0.003392858536820115,0.0,0.0
s14M3222,0.008143129708248082,0.023412559798875857,0.0005052548148230635,0.14904832166044207,0.1766720425335266,0.007009143803373019,0.5186232359280026,0.014648458627763455,0.0,0.00307972033570696,0.022296413176055876,0.0,0.0,0.0009423858914511731,0.024070697931454853,0.007720888143573532,0.0,0.0,0.0,0.0,0.04382774764670272,0.0,0.0,0.0
s15M3222,0.0066358176996236294,0.002917860858354396,0.0,0.0,0.11214324570309486,0.017266750598019062,0.7099072142288118,0.0,0.0,0.013007643344449761,0.0,0.0,0.0,0.04630780969429689,0.0,0.012235444956125427,0.0,0.06975581813981677,0.0,0.00516045623362556,0.0046619385437818945,0.0,0.0,0.0
s01X3222,0.049743981781289616,0.027362616264673824,0.0,0.0,0.21174505064498206,0.021178457126655264,0.4127047992728162,0.0,0.0,0.01702141078570128,0.0,0.0,0.0,0.09168769700099169,0.0,0.005883045434154194,0.0,0.028176809607085636,0.0,0.07815461978735012,0.05416724586982091,0.0,0.0,0.0021742664244790524
s02T3222,0.0,0.0,0.0,0.0,0.23272267113632186,0.07930044285354992,0.10309287781602572,0.0,0.0,0.09044455674133697,0.0,0.0,0.0,0.006360571462354807,0.0024770071963002684,0.0,0.002849165377575864,0.481403639220643,0.0,0.0,0.0,0.0,0.0,0.0013490681958916696
s03T3222,0.0,0.0,0.0,0.0,0.22932620546938445,0.05689778752039327,0.11987221435261089,0.0,0.0,0.14181567041427665,0.0,0.0,0.0,0.009065871344858985,0.0,0.0,0.0,0.4430222508984758,0.0,0.0,0.0,0.0,0.0,0.0
s04T3222,0.12767827656214234,0.022568156039370204,0.00010390706295194237,0.0043595333015209485,0.22362191916869836,0.03617189841789377,0.3964541940942994,0.0,0.0,0.03454919899395465,0.0007492062680566182,0.0,0.0,0.009384601369562038,0.0,0.04067805296601168,0.0,0.03559515098358361,0.006992256515091259,0.0,0.06109364825686327,0.0,0.0,0.0
s05T3222,0.0,0.0,0.0,0.0,0.28622267102678633,0.04499153696777714,0.09958275017512357,0.0,0.0,0.05287626317588341,0.003862542181267223,0.0,0.0,0.0,0.0,0.0,0.0,0.308243028886604,0.0,0.0,0.20422120758655835,0.0,0.0,0.0
s06T3222,0.0,0.0,0.0,0.0,0.14134025498935257,0.13227701299214578,0.04933661379526556,0.0,0.0,0.1377931269163577,0.001519974361873264,0.0,0.0,0.0,0.002107372112254576,0.0,0.0,0.5356256448327505,0.0,0.0,0.0,0.0,0.0,0.0
s07T3222,0.0,0.0,0.0,0.0,0.2996460218686088,0.08563494157146952,0.11075279244418156,0.0,0.0,0.08674807985052996,0.0,0.0,0.0,0.006884835535393327,0.008156430437922324,0.0013383588423011613,0.0,0.4008385394495934,0.0,0.0,0.0,0.0,0.0,0.0
s08T3222,0.03495310214594402,0.6333714269245976,0.006496799087400356,0.11500641419404471,0.0,0.0,0.0,0.0,0.0,0.0,0.0,0.16338597920331574,0.0,0.0,0.035798093248115975,0.0,0.0,0.0,0.0,0.007124754484703494,0.0,0.003863430711878153,0.0,0.0
s09T3222,0.0,0.010355072054464362,0.001032026551420473,0.2468454194884303,0.15219057108167452,0.0,0.16688546820576008,0.0447464638400098,0.0,0.0,0.018152933030534963,0.0,0.0,0.0,0.2208324354818915,0.0,0.0,0.0,0.0,0.0,0.0,0.13895961026581397,0.0,0.0
s10T3222,0.0,0.0,0.0,0.24165115040968524,0.05577444764914529,0.0,0.22882941706801788,0.0005361827623150447,0.0,0.0,0.0064711267420824534,0.0,0.0,0.0,0.19222179379743554,0.0,0.0,0.0,0.0,0.0,0.06710714297119542,0.20034658220569146,0.0,0.007062156394431528
s11T3222,0.0,0.0,0.0,0.1227801113213269,0.08427501183418606,0.0,0.20269913959567498,0.03971879668805871,0.0,0.0,0.004080759188346854,0.0,0.0,0.0,0.25722377336455204,0.0,0.0,0.0,0.0,0.0,0.048541753347185884,0.24068065466066865,0.0,0.0
s12T3222,0.004720925205975642,0.0,0.0,0.17272654767011866,0.10176574574730264,0.0,0.41637106401381535,0.025475293804275722,0.0,0.0,0.0008288004775440454,0.0,0.0,0.0,0.18254499011419423,0.0,0.0,0.0,0.0,0.0,0.04454680723476459,0.051019825732009125,0.0,0.0
s13T3222,0.0,0.024963338099845238,0.0016605357006100148,0.2620596952365817,0.10654288928833862,0.0,0.26862410965225325,0.02242456849807962,0.0,0.0,0.009880052895520984,0.0,0.0,0.0,0.14799685629292067,0.0,0.0,0.0,0.0,0.0,0.10098144655425603,0.054866507781594,0.0,0.0
s14T3222,0.0,0.004691668456465547,0.0,0.028949699574911607,0.0317538882049195,0.0010246209611164002,0.899277330477066,0.0,0.0,0.006407572143273476,0.0006875582963618608,0.0,0.0,0.007047321867559542,0.0065107103431263445,0.0,0.0,0.009655103944338697,4.2328512487727316e-05,0.00030873735836721265,0.0036434598600061287,0.0,0.0,0.0
s15T3222,0.0,0.003944573521522047,0.0,0.17457586265311706,0.02352825208023796,0.0015702094218968264,0.6937636122703175,0.007000203792682022,0.0,0.01975205463045646,0.023201552104710563,0.0,0.0,0.0,0.04922742906992301,0.0,0.0,0.0,0.0,0.0,0.003436250455136735,0.0,0.0,0.0
s02M3322,0.0,0.002018330855576368,0.0,0.0,0.34644391833736987,0.02825341039225554,0.4472199193077471,0.0,0.0,0.06180999251143779,0.0,0.0,0.0,0.019183571672467727,0.0056340173073501495,0.025772840084363445,0.0,0.06366399953143198,0.0,0.0,0.0,0.0,0.0,0.0
s03M3322,0.0,0.0,0.0,0.0,0.4078370694977701,0.1022717291932749,0.2881855559704259,0.0,0.0,0.1227918233283708,0.0004313336773886495,0.0,0.0,0.0,0.05252344281972578,0.0,0.0,0.02595904551304396,0.0,0.0,0.0,0.0,0.0,0.0
s04M3322,0.0,0.0021537888256552393,0.0,0.0,0.24611594753684582,0.002721998045019378,0.6386699109053674,0.0,0.0016565531822314951,0.0008271980498658628,0.0009566840538173135,0.0,0.0,0.0343979529155064,0.0,0.005415247957706281,0.0,0.010038316187058057,0.0,0.004509073447313196,0.05237434602834453,0.0,0.0,0.0001629828652688757
s05M3322,0.028927108250905983,0.01005105455529302,3.504567389564061e-06,0.006222960697854378,0.45146283715864594,0.03134089766482703,0.36127260581345144,0.0003620010783332932,0.0,0.059056159448799724,0.002382659900896459,0.0,0.0,0.0,0.025988061786971453,0.022930149076631722,0.0,0.0,0.0,0.0,0.0,0.0,0.0,0.0
s06M3322,0.0,0.002429846658636135,0.0003280960916625386,0.012177898081630703,0.5614643184975833,0.07052777314981117,0.07343167401601465,0.015403095905189509,0.0,0.22359972326017055,0.004251442786313161,0.0,0.0,0.0,0.03638613155298835,0.0,0.0,0.0,0.0,0.0,0.0,0.0,0.0,0.0
s07M3322,0.06064670889084748,0.02353507086080083,0.00021698465103276614,0.012445901412314355,0.4889600658241502,0.04535835202296315,0.25033414446045765,0.0,0.0,0.036340540801225764,0.0021419235616969403,0.0,0.0,0.0,0.026713403475433255,0.05330690403907767,0.0,0.0,0.0,0.0,0.0,0.0,0.0,0.0
s08M3322,0.0,0.5832388708036823,0.012791898387705876,0.2686920504738012,0.0,0.0,0.0,0.0,0.0,0.0,0.0,0.0951246989428113,0.0,0.0,0.03679929973457712,0.0,0.0,0.0,0.0,0.003353181657422262,0.0,0.0,0.0,0.0
s09M3322,0.0,0.0,0.0011603696489479373,0.16633313225731358,0.05845450325146375,0.0012715511179584083,0.12015326961566876,0.02210160420419939,0.0,0.0,0.017003871864950396,0.0,0.0,0.0,0.28137960521303984,0.0,0.0,0.0,0.0,0.0,0.0,0.3156717609768773,0.0,0.016470331849580605
s10M3322,0.0,0.03969705207157532,0.0016435895582113484,0.3112294934748423,0.13684206629595402,0.0016198857956631586,0.2605690313787892,0.0123105681517537,0.0,0.00209364733748074,0.00913541027386274,0.0,0.0,0.0,0.15192474017862714,0.0,0.0,0.0,0.0,0.0003970142390244893,0.0,0.07253750124421579,0.0,0.0
s11M3322,0.0,0.01940159073434641,0.0008688624501310637,0.3344361623805499,0.1492423436738543,0.0,0.27888291089648654,0.01753325166349338,0.0,0.002976051711444386,0.0053951694300467075,0.0,0.0,0.0,0.09692708917931146,0.0,0.0,0.0,0.0,0.0006114833573477112,0.015468427206876707,0.07825665731611141,0.0,0.0
s12M3322,0.0,0.0786476312421297,0.002687685777773095,0.23931203083392574,0.18513907270898505,0.004755913962993214,0.2725393023582718,0.02917701009473647,0.0,0.0109079460322162,0.012396288810179788,0.0,0.0,0.0,0.07052002804958994,0.0,0.0,0.0,0.0,0.0,0.042250385479823654,0.05166670464937535,0.0,0.0
s13M3322,0.003310475372008475,0.05175375780670415,0.002319896967779955,0.14430472740088213,0.2347758318968772,0.0013753925028463943,0.2571857821059859,0.07753857844576886,0.0,0.002980094451713434,0.004310611302276974,0.0,0.0,0.0,0.14086994405351477,0.0,0.0,0.0,0.0,0.0,0.02421464835416363,0.055060259339478126,0.0,0.0
s14M3322,0.0,0.030458442529029496,0.0010202215366222176,0.16666123174234096,0.20614028441794402,0.0014602647963501557,0.4527727222295164,0.04723422834727857,0.0,0.01570982179421871,0.006158161047370558,0.0,0.0,0.0,0.05490026102259396,0.0,0.0,0.0,0.0,0.0002315775516809867,0.0,0.01725278298505393,0.0,0.0
s15M3322,0.0,0.043646592706944674,0.0012272666347948613,0.09719555624625012,0.20132881329166935,0.001970802065639758,0.47744751382311207,0.014567608725097912,0.0,0.005469664485999148,0.007666915302510708,0.0,0.0,0.0036948461618329354,0.025990034373540135,0.0,0.0,0.06720887922381515,0.0,0.002204871598613955,0.030555687859533165,0.018652307817077583,0.0,0.001172639683568444
s01X3322,0.0,0.0,0.0,0.0,0.415442003169355,0.03561901831403853,0.11113856009737852,0.0,0.0,0.027249582147020356,0.0,0.0,0.0,0.012928859610465193,0.01943941092116703,0.0,0.0,0.1949461700706879,0.0,0.008808719425147464,0.17442767624473995,0.0,0.0,0.0
s02T3322,0.0,0.005293160394980958,0.0,0.0,0.6207204001242268,0.016002828662336665,0.07762950104692033,0.0,0.0,0.0,0.0,0.0005434600243442316,0.0,0.04455287189866079,0.011075568988730631,0.002146083044417898,0.00025251519524330165,0.1562001507357847,0.0,0.055691195054545374,0.009892264829808237,0.0,0.0,0.0
s03T3322,0.0,0.006098770054024001,0.00020124102057177674,0.0,0.5362458897383287,0.014539358046280648,0.02811059030188473,0.0,0.0,0.001766526868757026,0.0,0.0,0.0,0.004353237848503317,0.05572996006580598,0.0,0.0,0.02434332484445666,0.0,0.0007037389458998465,0.3279073622654873,0.0,0.0,0.0
s04T3322,0.1379926894371249,0.01692319652716045,0.0,0.0,0.35111650202372424,0.028303341381990733,0.049893412811882046,0.0,0.0,0.020238117554336552,0.0,0.0,0.0,0.0355587208670841,0.0,0.0,0.0,0.055259711416197434,0.003573889454815995,0.0023224971506987406,0.29832902949890444,0.000488891876080427,0.0,0.0
s05T3322,0.10705173402766434,0.01713754360237543,0.0,0.0,0.4321890280611619,0.02333325076747553,0.05270983807834519,0.0,0.0,0.02437102103899267,0.0,0.0,0.0028067316287312375,0.03331417082711765,0.04926920843509809,0.0,0.0,0.0561449026314539,0.0009850339335943147,0.0,0.20068753696798977,0.0,0.0,0.0
s06T3322,0.01937116775673914,0.019382936388623453,0.0,0.0,0.5309943328446063,0.041582351205700516,0.03883740100164117,0.0,0.006524836617558229,0.03146594423699142,0.0,0.0,0.004033515766337453,0.05233262245799047,0.1011358749326396,0.010133980512089049,0.0,0.08641872879857417,0.004503033075739214,0.013409686701782662,0.03987358770298734,0.0,0.0,0.0
s07T3322,0.007759445986788005,0.014625530215195076,0.0,0.0074839316692770054,0.3990980669140219,0.0024058917922533864,0.09364323461815328,0.0,0.0,0.0,0.0,0.0,0.004072878130059279,0.12615795067598903,0.0,0.0,0.0,0.10705552062462861,0.0,0.034621447009136136,0.20295778855166632,0.00011831381283209295,0.0,0.0
s08T3322,0.0038999811168913593,0.7610677652713166,0.0,0.09114067845526592,0.0,0.0,0.0,0.0,0.0,0.0,0.0,0.12071148762484757,0.0,0.0,0.01864642400169252,0.0,0.0,0.0,0.0,0.0,0.0,0.004533663529986035,0.0,0.0
s09T3322,0.028479126354687894,0.0030164465360192714,0.0,0.1190582266243921,0.056950697528996834,0.0,0.3077355473380782,0.01592353518204702,0.0,0.0,0.0038699848243379277,0.009930019344495172,0.0,0.0,0.05739552164191279,0.0,0.0,0.0,0.0,0.0,0.09078074729749692,0.3068601473275358,0.0,0.0
s10T3322,0.0,0.0,0.0,0.1432818029149297,0.09652606666377958,0.0,0.5539928709086979,0.006971123046406762,0.0,0.0,0.0005899121082983558,0.0,0.0,0.00018329853239754798,0.07851546943676686,0.0,0.0,0.0,0.0023473698150650838,0.0,0.03289300712321015,0.08469907945044804,0.0,0.0
s11T3322,0.018041090922946472,0.0,0.00017880115056727685,0.15654672119049065,0.105658588834046,0.0,0.3296717759361316,0.013460826988726924,0.0,0.0012978764582722894,0.0074964433156586895,0.0,0.0,0.0,0.08515424888236252,0.0,0.0,0.0,0.0012325217407492535,0.0,0.046962077693455256,0.23429902688659307,0.0,0.0
s12T3322,0.0,0.0,0.0,0.14372281281256763,0.0884978549109819,0.0,0.6495191704988043,0.0,0.0,0.010227303793250627,0.011903113105412762,0.0,1.5971311342519637e-05,0.0033623632736356664,0.03894854845364396,0.0,0.0,0.0017100623815578494,0.0018779676374961146,0.0,0.004258459919980648,0.04595637190132604,0.0,0.0
s13T3322,0.0,0.0,0.0,0.07290548471297291,0.22732307876490793,0.00024319945473851875,0.5468136441338655,0.013640784312423899,0.0,0.033372124295977655,0.01733443311134243,0.0,0.0,0.008843759675250765,0.03206058691476745,0.0,0.0,0.039158294537893504,3.077042504361393e-05,0.0,0.0,0.004592382013896729,0.003681457646919101,0.0
s14T3322,0.0,0.009182851614350113,0.0002562646916363007,0.015156931774130758,0.33554929059053984,0.0,0.42002146871735235,0.008856971654632818,0.0,0.005346205485878722,0.0038822356724564915,0.0,0.0,0.040775903086396344,0.05078618342996778,0.0,0.0,0.11010404325890205,0.0,0.0,0.0,8.165002375629391e-05,0.0,0.0
s15T3322,0.0,0.013287928400848614,0.00011707617731117958,0.027758421977204725,0.29607984774904744,0.0,0.3977541046635731,0.0032084705004589557,0.0,0.006048661749317924,0.0030429720254398288,0.0,0.0,0.0420202983903514,0.026411305440301697,0.0,0.0,0.18250918434802055,0.00036467657945902626,0.0010651612405964957,0.0,0.000331890758068965,0.0,0.0
s02M3422,0.0,0.006884655382042464,0.0,0.0,0.6339570959314549,0.026453068964392493,0.05611999835231896,0.0,0.0,0.018778281602112,0.0,0.0034612734933319907,0.0028107325059866226,0.03595051013536542,0.013257026868779961,0.0,0.000635826062112504,0.0,0.0,0.04838428093211873,0.15330724976998392,0.0,0.0,0.0
s03M3422,0.0,0.0090658573602772,0.0,0.003944090120658388,0.702844651861345,0.008069479787687874,0.0669596838921733,0.0,0.004298499839406533,0.01865377369486799,9.768139315641957e-05,0.001017473088108244,0.0036644948279243132,0.06566927316118484,0.0,0.0,0.00032343218716822587,0.0015270879155578683,0.0,0.04536914902460381,0.0684953718458799,0.0,0.0,0.0
s04M3422,0.11665312946136734,0.02311924618829801,0.0,0.003794159023039819,0.5253117788285154,0.042505044211319246,0.04509758257758505,0.0,0.003685563986083315,0.014018336567366802,0.0,1.4533089154067978e-05,0.0019077889273922022,0.04836427921424975,0.0,0.010179882042020437,0.00011338628920645328,0.0003634825446306272,0.0,0.037444677936408696,0.12453472094611619,0.001913085223637753,0.0009793229436088325,0.0
s05M3422,0.16105030743006432,0.01282722028274625,0.0,0.001862369625792886,0.4554418268326033,0.002160168717728143,0.0632444830859195,0.0,0.0,0.0,0.0,0.0,0.0,0.020376850557337182,0.019583738452956176,0.002096582315670739,0.0,0.0,0.0,0.003132540803277359,0.25822391189590427,0.0,0.0,0.0
s06M3422,0.0,0.012655641608227826,0.0,0.0,0.6283801764688304,0.17234886017120413,0.021847203810123693,0.003434451781558644,0.0,0.060667478967363304,0.0,0.0,0.00029312303534807175,0.0010932905291815161,0.09927977362816243,0.0,0.0,0.0,0.0,0.0,0.0,0.0,0.0,0.0
s07M3422,0.0,0.005073115602066464,0.0,0.0,0.5066715037428382,0.0,0.09508479585004881,0.0,0.0002458614680967266,0.0,0.0,0.0031396884964351233,0.0,0.1310107732234212,0.0,0.0,0.0,0.0,0.0,0.12689224665260648,0.13157001588882208,0.00031199907566488807,0.0,0.0
s08M3422,0.02144902535226594,0.9217714718686982,0.013161182880627781,0.02334785628720435,0.0,0.0,0.0,0.0,1.4684154240289308e-05,0.0,0.0,0.0,0.0,0.0,0.017539206638847834,0.0,0.0,0.0,0.0,0.0003431524437405647,0.0,0.002373420374375004,0.0,0.0
s09M3422,0.0,0.03497273871853536,0.0,0.01899332535474145,0.0,0.0,0.015576935488647588,0.021136599271206955,0.0,0.0006615812120556381,0.0,0.07462940261060548,0.0,0.0,0.11631045786232795,0.0009414194330059474,0.0,0.0,0.0,0.0,0.0,0.7167775400488736,0.0,0.0
s10M3422,0.0,0.0,0.00028902052229312224,0.0,0.0,0.0,0.08951440050479749,0.03368915566378002,0.0,0.0,0.007490534654769005,0.0,0.0,0.005283436884589903,0.0,0.0,0.0012454403669758132,0.009170432789836248,0.0,0.0,0.0,0.8533175786129584,0.0,0.0
s11M3422,0.0,0.0,0.0,0.04664719804315508,0.11134478175752802,0.0,0.07762260957730495,0.024067376154157143,0.0,0.0,0.002406298931420086,0.0,0.0,0.0,0.061831557200581096,0.0,0.0,0.0,0.0,0.0,0.0,0.6760801783358537,0.0,0.0
s12M3422,0.0,0.0,0.0,0.04781133672113786,0.21633914675173735,0.0,0.6325793767141424,0.0,0.0,0.0,0.00565467373206121,0.0,0.0,0.041401893084105024,0.03700185651018912,0.0,0.0,0.0,0.0,0.0,0.0,0.017968423149491305,0.0,0.0012432933371357819
s13M3422,0.0,0.0,0.0,0.033807428638745855,0.47341925552815173,0.0013028395782886287,0.33526884105384513,0.0200296017326313,0.0,0.025548161366409795,0.00803125451703101,0.0,0.0,0.042248548887654384,0.05574663016455221,0.0,0.0,0.0,0.0023555325794194035,0.0,0.0,0.0022419059532705608,0.0,0.0
s14M3422,0.0,0.0,0.0,0.01715937814636734,0.4469866715253812,0.0,0.4118481041059187,0.004505842534749757,0.0,0.008871893908147448,0.0035661421002803196,0.0,0.00011625811174557185,0.0775673789104765,0.02042926270261742,0.0,0.0,0.0,0.0013308772982431776,0.0048026218715317755,0.0,0.0005033558117869912,0.0,0.0023122129727537384
s15M3422,0.0,0.0,0.0,0.006065373752281878,0.4754777427728783,0.0,0.3948956111927113,0.0,0.0,0.0009101667158188032,0.0,0.0013860500516569953,0.0,0.09689027850977631,0.0,0.0,0.0,0.0,0.011093700841369064,0.011706833527300958,0.0,0.0,0.0,0.0015742426362064313
s01X3422,0.0,0.0,0.0,0.0,0.7047225900359491,0.02289301771989263,0.0917751914933814,0.0,0.0,0.005138136849155227,0.0,0.0,0.00011378719219669477,0.06234891211421014,0.0,0.0,0.0,0.06811830673839413,0.0014149102960613925,0.04347514756075939,0.0,0.0,0.0,0.0
s02T3422,0.0,0.0,0.0,0.0,0.31620508702417466,0.0,0.26851406441433007,0.0,0.0,0.021457163595089708,0.0,0.0,0.0,0.05638482207241578,0.0,0.0,0.00022492442588363732,0.336108422529059,0.0,0.0011055159390471992,0.0,0.0,0.0,0.0
s03T3422,0.0,0.0,0.0,0.0,0.333523147610545,0.007325869809039631,0.16642958490708246,0.0,9.175677389019885e-05,0.07569367116680309,0.0011882013522752526,0.0,0.0,0.020144534056208963,0.013183919906462909,0.0,0.0,0.3824193144176925,0.0,0.0,0.0,0.0,0.0,0.0
s04T3422,0.018115490114616266,0.003659279897973152,0.0,0.011432245140263947,0.3127127536123019,0.010742668596785116,0.211490038115549,0.0,0.0,0.028229833345617576,0.0027030145498718045,0.0,0.0,0.023677969797101312,0.001377277440784816,0.0008044572558723148,0.0,0.2650008296509567,0.0,0.00242462763406059,0.10712355958295683,0.0005059552652886399,0.0,0.0
s05T3422,0.0,0.0031492200512691997,0.0,0.02710346488388369,0.3871236445840483,0.0029596865587647276,0.19292896156998848,0.0,0.0012636942214157279,0.029854967902070602,0.002164821821976838,0.0,0.0,0.015558079842814435,0.025750591495936156,0.012567704694943125,0.0,0.2173679360209106,0.0,0.0,0.08220722635197819,0.0,0.0,0.0
s06T3422,0.027074096300761515,0.015200918918783685,0.0,0.019874423729971738,0.32813799255890647,0.008348777696032171,0.2730653696374263,0.000836901158660446,0.0,0.04002510633364981,0.0037179863566638403,0.0,0.0,0.03573802058060698,0.0007508153900588102,0.020739116131590702,0.0,0.2264904752068875,0.0,0.0,0.0,0.0,0.0,0.0
s07T3422,0.0,0.0,0.0,0.00967759419555728,0.1605779233442265,0.0,0.6332845032047917,0.0,0.0,0.004128216585574181,0.0,0.0,0.0006598534120144762,0.0494691436384528,0.004520149322379229,0.0,0.0,0.13768261629700396,0.0,0.0,0.0,0.0,0.0,0.0
s08T3422,0.0005660658644096985,0.9160085363809349,0.0,0.031441927325799125,0.0,0.0,0.0,0.0,0.0,0.0,0.0,0.024455333572369148,0.0,0.0,0.021080359897852168,0.0,0.0,0.0,0.0,0.0020069880781214463,0.0,0.004440788880513456,0.0,0.0
s09T3422,0.007155276614672735,0.0,0.0,0.3306693157127054,0.09768087726194753,0.0,0.34643620357827787,0.0,0.0,0.007526829450545647,0.01677517107454671,0.0,0.0,0.0,0.061423494821960904,0.0,0.0,0.0,0.0,0.0,0.0,0.132332831485343,0.0,0.0
s10T3422,0.0,0.0,0.0,0.38268939229427434,0.08011324962008758,0.0,0.4062823635688151,0.0,0.0,0.0013971077819900284,0.0027797558646358205,0.0,0.0,0.0,0.06359905979326332,0.0,0.0,0.0,0.0,0.0,0.0,0.06313907107693385,0.0,0.0
s11T3422,0.0,0.0,0.0,0.21165672075711275,0.09333855100076899,0.0,0.5505598741322147,0.0,0.0,0.0010382833334421542,0.0044903654910323255,0.0,0.0,0.0007809918529869959,0.07784964426443486,0.0,0.0,0.0,0.0,0.0,0.0,0.06028556916800709,0.0,0.0
s12T3422,0.0,0.0,0.0,0.142884844952118,0.17006130519638046,0.0,0.5133977587307453,0.005707182183195246,0.0,0.005200105428915365,0.011287646483143912,0.0,0.0,0.0,0.06866657711481734,0.0,0.0,0.0,0.0,0.0,0.0,0.08279457991068437,0.0,0.0
s13T3422,0.0,0.0,0.0,0.18165760967801006,0.08503438481669372,0.0,0.6274058443476995,0.0,0.0,0.0016797421541163346,0.0005248174772945255,0.0,0.0,0.0020825852760645767,0.04085169689204079,0.0,0.0,0.0,0.0,0.0,0.0,0.06076331935808031,0.0,0.0
s14T3422,0.0,0.0,0.0,0.14815864889702943,0.09619369161069842,0.0,0.660120050209739,0.0,0.0,0.007274102451169767,0.00523705139280698,0.0,0.0,0.0019674512386579704,0.05711069825870888,0.0,0.0,0.0,0.0,0.0,0.0,0.023938305941189758,0.0,0.0
s15T3422,0.09070813852521005,0.025470256234022066,0.0009741649889059743,0.08982678897863942,0.16245869066208293,0.03715128136936897,0.3031557149506849,0.00835963993216559,0.0,0.041448997920534046,0.01745998980682405,0.0,0.0,0.0,0.0,0.04832205937748916,0.0,0.16069811781998625,0.0,0.0,0.0,0.013966159434086682,0.0,0.0
s02M3522,0.18372463736424488,0.010152904063279296,3.6313966099376215e-05,0.0068869164660818145,0.4956777881540215,0.048792445156711425,0.07589869448629642,0.0009885340067617052,0.00361426702860757,0.0425590263416149,0.004506304859744514,0.0,0.0,0.038981044153418624,0.0,0.0006476331383708189,0.0,0.05746192220398701,0.004042686746332912,0.013044374491538665,0.011453720803680421,0.0,0.0015307865692081371,0.0
s03M3522,0.24571942851299686,0.026175706537933708,0.0,0.016368154212552687,0.45738848680571703,0.009346305820993732,0.049742062879061785,0.0,0.0005094310043902065,0.0014502527063920713,0.0006973393784528434,0.0,0.0,0.032639867712312684,0.0,0.0,0.0,0.0,0.009802273129509967,0.010039831620342035,0.14012085967934448,0.0,0.0,0.0
s04M3522,0.20257640949103334,0.023572725439315708,0.0,0.030043034586553916,0.4205564369013096,0.0756443456785014,0.027630628077566593,0.0,0.004523226046930282,0.053415793333597604,0.0,0.0,0.0,0.03509333669987907,9.850482657179224e-05,0.05195377424468088,0.0,0.008380397407785777,0.017275589780479654,0.003594785072083839,0.0326431739002986,0.0,0.012997838513411894,0.0
s05M3522,0.29968529532424676,0.029520608271979547,0.0,0.017779817762143504,0.4238843241380622,0.031967722886468215,0.049335238382136506,0.0,0.001504932086957596,0.012619725911088208,0.00048747448927201673,0.0,0.003503673099375005,0.04211826616104914,0.0,0.0045428825693929874,0.0,0.0,0.0022914285771626496,0.0003822392975666651,0.08014808523161732,0.0,0.00022828581148168878,0.0
s06M3522,0.2813164287746333,0.034143820460507714,0.0,0.022641602879589717,0.4214719233647482,0.035406748124897795,0.05575249474081203,0.0,0.0038079001347906608,0.0058457288246282985,0.0,0.0,7.475963839124333e-05,0.03271600914822984,0.0012799063752444893,0.016533823090860898,0.0,0.0,0.010306238938057979,0.00013299320805889455,0.07568507712566612,0.0,0.0028845451708826787,0.0
s07M3522,0.30588177899518965,0.03166710054420009,0.0,0.005160170393678067,0.4341829819978867,0.06891293157494847,0.0522585115620502,0.001131547615126855,0.0,0.023575383239465366,0.0,0.0,0.002265852132138597,0.04388118956218682,0.014180443675331502,0.010547819428862579,0.0,0.0,0.0063542892789351475,0.0,0.0,0.0,0.0,0.0
s08M3522,0.06289655167920512,0.9145015664895282,0.005778639628615625,0.016769206075570347,0.0,0.0,0.0,0.0,5.4036127080769074e-05,0.0,0.0,0.0,0.0,0.0,0.0,0.0,0.0,0.0,0.0,0.0,0.0,0.0,0.0,0.0
s09M3522,0.051977189752712,0.0,0.001112358017861336,0.14792993402905474,0.11756033190397511,0.0,0.28762291868916817,0.0036426332956945944,0.0,0.0,0.0,0.021870049815204354,0.0003623597637150519,0.0,0.1184192896801182,0.0,0.0,0.0,0.001745123893849557,0.0,0.007939761133012832,0.23981805002563406,0.0,0.0
s10M3522,0.0,0.0,0.0,0.17050900964176938,0.12171508886291878,0.0,0.4810780681477846,0.0012616264359636548,0.0,0.0,0.0,0.002649645470011621,0.0,0.0,0.1280389173820123,0.0,0.0,0.0,0.014551573976334551,0.0,0.05392260874989747,0.026273461333307692,0.0,0.0
s11M3522,0.0,0.0,0.0,0.21777940679096378,0.05426942044672743,0.0,0.6435290593453932,0.0,0.0,0.0,0.0034397842070336615,0.0,0.0,0.0,0.05904410937808246,0.0,0.0,0.0,4.2778252987261344e-05,0.0,0.0,0.021895441578812447,0.0,0.0
s12M3522,0.0,0.0,0.0,0.13477364363121083,0.27994002028767107,0.0,0.44969464088635824,0.0,0.0,0.0,0.030706393958197555,0.0,0.0010869054545610175,0.06574917832656284,0.030028373218925878,0.0,0.0,0.0,0.0004320401767613121,0.0006478261493091206,0.0,0.006940977910442115,0.0,0.0
s13M3522,0.0,0.0,0.0,0.067960857958993,0.36421733542998325,0.0,0.4267649029513025,0.004074558574789644,0.0,0.0,0.016709557044699733,0.0002058010146314414,0.0003395306568695807,0.1059022689088918,0.007097041679456042,0.0,0.0,0.0,0.0003391544680114554,0.004195523734227862,0.0,0.0,0.0012414115708057397,0.0009520560073378053
s14M3522,0.03855867934335242,0.0,0.0,0.07661418041236905,0.255468799210301,0.0,0.29521392583942496,0.0,0.0,0.0,0.01626503571358193,0.0013329059106561127,0.0014255662299894572,0.11499679089527615,0.0,0.0,6.807131028145136e-05,0.0,0.0,0.002436608469028051,0.1912445596004166,0.006374877065322747,0.0,0.0
s15M3522,0.10422301150446954,0.012438533632556103,0.0,0.014961251714662671,0.4224095345231776,0.018888787930636197,0.18859245398151123,0.0,0.0,0.0031141558907810574,0.0016913492178590474,0.0,0.004102615549351799,0.14378334499308593,0.0,0.0,0.0,0.029168495398767293,0.0006930285424997216,0.0030921561246117016,0.051623841786426726,0.0,0.0012174392096033688,0.0
s01X3522,0.4283561258941988,0.017495171624300712,0.0,0.0162847058301814,0.37096099917282366,0.07231195685644509,0.013828173193885204,0.0,0.0,0.030787777940645265,0.0009759253367885038,0.0,0.0,0.0019038821198720038,0.0,0.004370889235863539,0.0,0.028972328579421565,0.0008297188966882017,0.010541014858849755,0.0,0.0,0.002199472728582059,0.00018185773145418366
s02T3522,0.15497042020841936,0.007964382663455267,0.0,0.010112481348324046,0.3214963011439799,0.012000051879051718,0.23626937068493528,0.0,0.0,0.0069330976499860485,0.0,0.0,0.0,0.12430705373903085,0.0,0.00977092875421128,0.0,0.11298329845668313,0.0,0.003192613471923129,0.0,0.0,0.0,0.0
s03T3522,0.12880924168560962,0.003532005643757769,0.0,0.003941168320839547,0.2887870502126851,0.017078573746768223,0.322979180619133,0.0,0.0,0.008491092152738754,0.0,0.0,0.0,0.10295779297909419,0.0,0.0025581118028979995,1.1746642083156872e-05,0.11977264756407496,0.0,0.0010813886303176247,0.0,0.0,0.0,0.0
s04T3522,0.3103558705290114,0.01575430405634864,0.0,0.02228838293224337,0.32152503470000815,0.034310456517279146,0.13327692893887913,0.0,0.0,0.011664740132508773,0.001032699689650329,0.0,0.0,0.04428325995238215,0.0,0.020363029865894652,0.0,0.0840638653553626,0.0,0.001081427330431511,0.0,0.0,0.0,0.0
s05T3522,0.19397414062073423,0.013475443465257609,0.0,0.028549256441360516,0.5126307013960387,0.01181628205745663,0.1004000237271191,0.0030279385862376305,0.01353901552364257,0.013925106933019307,0.008878046718581143,0.0,0.0,0.0029523710987498833,0.0,0.007826608176690055,0.0,0.03588821809401921,0.000800649585297083,0.0,0.05100785979078524,0.0013083377850112183,0.0,0.0
s06T3522,0.33555227734183746,0.019575782324214672,0.0,0.015722491784916418,0.3086856444997104,0.0482449590599446,0.08836313807447382,0.0,0.003041426682677838,0.022453080904732376,0.004288062139782561,0.0,0.0,0.0,0.0,0.005966439923594287,0.0,0.0533220363299703,0.0,0.0,0.09478466093414532,0.0,0.0,0.0
s07T3522,0.1658426082583078,0.010939089332354473,0.0,0.02169898044968224,0.2657724579104843,0.011248546731595576,0.33688614426329216,0.0,0.0,0.005776772154530107,0.00428707020083998,0.0,0.0,0.07540675372449358,0.0,0.028900881277276087,0.0,0.0660248222041028,0.0,0.006662104178236668,0.0,0.0,0.0005537693148041947,0.0
s08T3522,0.06494668140547773,0.8567947239488508,0.022963948147448728,0.033715647327488454,0.0,0.0,0.0,0.0,8.873121629953151e-05,0.0,0.0,0.0,0.0,0.0,0.017627511526858004,0.0,0.0,0.0,0.0,0.002950822867699577,0.0,0.0009119335598771789,0.0,0.0
s09T3522,0.03517067371331796,0.06487396388577045,0.0018107016113552493,0.1411636905021723,0.08842860211141938,0.0008017799631096926,0.3036596530428794,0.002443132838296297,0.0,0.0011997615470670765,0.012064268015188152,0.029914815912451504,0.0,0.0,0.12751640899480296,0.0,0.0,0.0,0.0,0.0,0.0,0.19095254786216967,0.0,0.0
s10T3522,0.03835168735045397,0.000610622949079115,0.00041334916324714234,0.17139357277016296,0.10076960446863609,3.5169749284122806e-05,0.4088563043972174,0.0,0.0,0.001076567921494617,0.017684402140033452,0.0,0.0,0.0070644520648557325,0.13307289710169648,0.0006735104960767975,0.0,0.0,0.0,0.0,0.0,0.11999785942776202,0.0,0.0
s11T3522,0.03496461298980334,0.0,0.0,0.15885652943050915,0.12723382006142783,0.0008819724888242435,0.5040566741071031,0.0,0.0,0.0018573642124636016,0.02363872215351075,0.0,0.0,0.008431213995099687,0.08691667714444722,0.0,0.0,0.0,0.0,0.0,0.0,0.053162413416810966,0.0,0.0
s12T3522,0.05476316073593659,0.0011144757163088423,0.0,0.17095096329621987,0.14993030876898383,0.0018989843411896987,0.47324793984648816,0.0,0.0,0.01879468026663536,0.03134397092354202,0.0,0.0,0.004195650553590642,0.054415599309762926,0.010658846728313492,0.0,0.0,0.0,0.0,0.0,0.028685419513028602,0.0,0.0
s13T3522,0.0006429614500567103,0.0,0.0,0.16455433596462984,0.15973024232937433,0.0,0.5040409271281383,0.0010241790000809188,0.0,0.009755723759543283,0.02150704653421229,0.0,0.0,0.007297281306530568,0.09956254433032852,0.0,0.0,0.0,0.0,0.0,0.0,0.03188475819710528,0.0,0.0
s14T3522,0.05285040343403559,0.003296142819338323,0.0,0.15177386637025864,0.17395205118486087,0.011798822205472946,0.4645291521902567,0.0,0.0,0.02916140458197086,0.058816003051830386,0.0,0.0,0.009586817180813589,0.0,0.01902104857121662,0.0,0.007643271761920154,0.0,0.0,0.0,0.002827165949826181,0.014743850698199047,0.0
s15T3522,0.14980398446627907,0.006484670994821933,0.0,0.08379836054192165,0.2268151974736044,0.0123708682056312,0.3179359980565196,0.0,0.0,0.027142164222029596,0.01924981536180532,0.0,0.0,0.04525329417918651,0.0,0.04666186652442206,0.0,0.05857002067727315,0.0,0.0,0.0,0.0,0.005913759296505511,0.0
s02M3622,0.0,0.0,0.0,0.0,0.005637059609444973,0.0,0.07486748657168456,0.0,0.0,0.0,0.0,0.0,0.04112676097640426,0.04536545457195975,0.0,0.0,0.0002969066519423476,0.8309367749552816,0.0,0.0,0.0,0.0017695566632824735,0.0,0.0
s03M3622,0.0,0.0,0.0,0.0,0.019759573862934195,0.0,0.08319151328888315,0.0,0.0,0.0027125236707956643,0.0,0.0,0.0363911871433601,0.038550510959768844,0.0,0.0,0.0,0.8188364757247161,0.0,0.0,0.0,0.0005582153495421314,0.0,0.0
s04M3622,0.02070904128582631,0.0010735588542755542,0.00039655924374790613,0.00862560028477412,0.10298105885757751,0.01269177579609502,0.08615185907990823,0.0,0.00015782720083489793,0.0021500863395608953,0.0013196756359851196,0.0,0.0523870829416288,0.011253073673520237,0.0,0.0,0.0,0.58250506872026,0.0,0.0,0.11458656309042936,0.003011168995576203,0.0,0.0
s05M3622,0.008041596792027518,5.444828110705692e-06,0.00036436718276313393,0.009934575568922634,0.07059708016451044,0.011366615571058239,0.09323559837712864,0.0,0.0,0.019708393379947873,0.001994774585423546,0.0,0.04401443938313137,0.0,0.0,0.013174202900782559,0.0,0.6844412661929936,0.005827136177087767,0.0,0.03729450889611191,0.0,0.0,0.0
s06M3622,0.0,0.0,0.0,0.0,0.032939952557846604,0.025764100745856694,0.03293421247315586,0.0,0.0028499964585206954,0.016613959085216855,0.00561169542148376,0.0,0.050174218184718636,0.0,0.0,0.0,0.0,0.7663218661999454,0.016036189536286504,0.0,0.050322036398537086,0.00043177293843188133,0.0,0.0
s07M3622,0.0,0.0,0.0003571812130977598,0.00929117707248551,0.0,0.0,0.07384843402974037,0.0,0.0,0.0,0.002711364009552111,0.0,0.07780423975682324,0.006265375952984639,0.006730258916631429,0.0,0.0,0.8045591472297168,0.0166081304714656,0.00016270946711502906,0.0,0.0016619818803875436,0.0,0.0
s08M3622,0.08441951598341445,0.8356053523697421,0.0,0.07894397952067356,0.0,0.0,0.0,0.0,8.558641547256747e-05,0.0,0.0,0.0,0.0,0.0,0.0009455657106972894,0.0,0.0,0.0,0.0,0.0,0.0,0.0,0.0,0.0
s09M3622,0.03424019299654313,0.007705098685647587,0.0,0.19499105402517283,0.20837228882206224,0.005383664029568801,0.3419178952334776,0.014535798851289227,0.0,0.030523426345386902,0.0660353990453316,0.0018878062529024844,0.0026241395483738977,0.0,0.02174112500383596,0.014143438354154209,0.0,0.02149604019312233,0.002415661415294227,0.0,0.0,0.028312565623053298,0.0,0.0036744055747837444
s10M3622,0.0,0.0,0.0,0.22485101588278558,0.15048113507883074,0.0019814232667710006,0.4654936558294595,0.0,0.0,0.00683311579452266,0.05189076272501218,0.0021219335396896904,0.002803706101363309,0.0,0.056163705166450396,0.004686906096992029,0.0,0.0029105315962545024,0.0018469519695265802,0.0,0.005864522790269581,0.022070634162072347,0.0,0.0
s11M3622,0.0,0.0,0.0,0.1703807184526721,0.130341721541982,0.0001840428342451794,0.5329611965338285,0.0,0.0,0.006113941235672119,0.027692798926973645,0.0,0.003182701215747397,0.002481875351222511,0.07993232062240586,0.0003138669856048413,0.0,0.0063790133700718605,0.0010863863458548681,0.0,0.011492032987868233,0.027457383595850857,0.0,0.0
s12M3622,0.0,0.0,0.0,0.18657924653469032,0.14585769682175376,0.0006533439581158002,0.5332570257340731,0.0,0.0,0.004403853558405916,0.04071770426177117,0.0,0.0015718195784659868,0.0008464937009020884,0.06850462500675025,0.0009440657555921711,0.0,0.0,0.0,0.0,0.0,0.01666412508947952,0.0,0.0
s13M3622,0.0,0.0,0.0,0.24798492488023527,0.2020091065145231,0.0012811019523022893,0.35193771907781146,0.00537277883807403,0.0,0.0033962989971787643,0.05390647909033072,0.0,0.0009801817413844615,0.0,0.11550492163919546,0.001972710908113966,0.0,0.0,0.0,0.0,0.0,0.0156537763608505,0.0,0.0
s14M3622,0.027121872752505126,0.0,0.0,0.21319188839051773,0.1985885187942016,0.0074481950526817985,0.32347568397768434,0.009357536570597506,0.0,0.03543637007820842,0.06488172396862488,0.0,0.0,0.0,0.10189353994587556,0.006511846863627944,0.0,0.0,0.0,0.0,0.0,0.012092823605475034,0.0,0.0
s15M3622,0.011737442458417917,0.0,0.0,0.09688976157241039,0.05972591741008848,0.0,0.4911383127806663,0.0,0.0,0.023339579548102736,0.03085981527817146,0.0,0.01585777260295809,8.923421023587816e-05,0.01785384301739103,0.0,0.0,0.24746565913139257,0.0006058159575732235,0.0,0.0,0.004436846032591957,0.0,0.0
s01X3622,0.0,0.002266460746182803,0.0,0.004316581022682852,0.07707107041546943,0.01887324939747572,0.16659024974939632,0.0,0.0,0.011611152549626242,0.0,0.0,0.014445249465161217,0.053849303682030156,0.0,0.0,0.0,0.6496962053598876,0.0,0.0,0.0,0.0012804776120877662,0.0,0.0
s02T3622,0.42553851851075275,0.019734993891449455,0.0,0.011263918144553393,0.13250491621115743,0.00021890201610317615,0.12742524448527337,0.0,0.0,0.0,0.0,0.0,0.0009827566391888527,0.1518146616345798,0.0,0.024241799147207664,0.004320638557791131,0.07298044025342135,0.0,0.0,0.021583672372012027,0.0,0.007031428532837177,0.0003581096036723419
s03T3622,0.4269834525203642,0.01593110954134501,0.0002891656716651336,0.012630625658863068,0.13366563883059762,0.001973383254671729,0.11226913968403278,0.0,0.0,0.0012118225986507798,0.0,0.0,0.0007009181086307135,0.1386450359423236,0.0,0.029672419071867163,0.0,0.09598482861848993,0.0,0.00044058678425768085,0.029601873714240508,0.0,0.0,0.0
s04T3622,0.3712240795229166,0.009813475610326888,0.0001619098641663095,0.018060816655058206,0.12995922266816207,0.00909247033352184,0.11290644484222893,0.0,0.0,0.003982286100765941,0.0,0.0,0.0007688457399340208,0.06220601958735503,0.0,0.055487373093578866,0.0,0.16208029416003586,0.0,0.0,0.06425676182194952,0.0,0.0,0.0
s05T3622,0.4943143770282822,0.018879571558531164,0.0007625450210805953,0.016063775177690275,0.14438518155388302,0.0033441906893132037,0.08757119369513752,0.0,0.0,0.0023123762524636608,0.0008924506986032264,0.0,0.0,0.023942046962784527,0.0,0.03618322986881489,0.0,0.08709502616608467,0.0,0.0,0.08425403532733104,0.0,0.0,0.0
s06T3622,0.2700917650067243,0.008573032619629436,0.0,0.010052425095051238,0.1336206157531913,0.0,0.1475971637489293,0.0,0.004471465836654949,0.0006770781509665302,0.0,0.0,0.007425340363016521,0.06817472181745499,0.0,0.0,0.0,0.23073784904574096,0.0,0.0,0.11790097308293573,0.0006775694797048193,0.0,0.0
s07T3622,0.018007686494291446,0.001705656950426603,0.0,0.006001176935602085,0.10269089178624835,0.0,0.22252200666721692,0.0,0.0,0.0076032015491928825,0.0,0.0,0.003160044845141074,0.1380405123463718,0.0,0.0,0.0,0.4998744903898563,0.0,0.0,0.0,0.0003943320356525402,0.0,0.0
s08T3622,0.06003901010484053,0.8490759039860333,0.0,0.09073402078922126,0.0,0.0,0.0,0.0,0.00015106511990484875,0.0,0.0,0.0,0.0,0.0,0.0,0.0,0.0,0.0,0.0,0.0,0.0,0.0,0.0,0.0
s09T3622,0.0,0.011587002637845486,0.0,0.10630781738984128,0.062199851522972326,0.0008513912324961842,0.45475233985830676,0.0022889367276858518,0.0,0.029668983172310873,0.06568719691287904,0.0,0.012581096477934007,0.0,0.005000439283776938,0.0,0.0,0.21163931477884604,0.0030142826679891133,0.0,0.0224387402783729,0.007539708691401185,0.0,0.0044428983673420784
s10T3622,0.011645077599705834,0.006700500095992803,0.0,0.0848213722134666,0.1002069972260766,0.007782919903582144,0.38812298228857856,0.006904218244865076,0.0,0.07820749680995749,0.08515762088530256,0.0,0.002259140251923609,0.0,0.0,0.011917429647337722,0.0,0.20123853311931128,0.0025369036913714046,0.0,0.0,0.006881493649214081,0.0,0.005617314373314183
s11T3622,0.0,0.0,0.0,0.08581677432508619,0.06365408292601842,0.0,0.5879472534294461,0.0,0.0,0.027191568631666625,0.047410550479507436,0.0,0.006840754235585212,0.0015204791337820934,0.012034421208133876,0.0010304487129247596,0.0,0.12785332663699972,0.0011280409470396037,0.0,0.029465493708069578,0.004498810483603322,0.0,0.0036079951421370453
s12T3622,0.0,0.0,0.0,0.07345958000559362,0.034205195733974784,0.0,0.6932600897051665,0.0,0.0,0.020466030200253588,0.040283435295654764,0.0,0.004267050885693557,0.0022566330800360703,0.01834732406531467,0.0,0.0,0.09701295327190727,0.0002954297510581841,0.0,0.016146278005347046,0.0,0.0,0.0
s13T3622,0.0,0.0,0.0,0.14359285381910625,0.11980567719981879,0.0037675176479456873,0.48271348695451616,0.0,0.0,0.03489772592751558,0.09466657447489327,0.0,0.004603844495878157,0.0,0.023497927843256272,0.0013276753167472464,0.0,0.06910683405406948,0.0045187716371186265,0.0,0.010749137760256065,0.006751972868878406,0.0,0.0
s14T3622,0.0,0.0,0.0,0.1246420874901737,0.06087117311565809,0.0,0.6172118548776201,0.0,0.0,0.03999621871867354,0.05296470959769495,0.0,0.005234532555409181,0.0,0.021438418515607422,0.004926451267453993,0.0,0.06756498030469213,0.0011886449025077773,0.0,0.0,0.0013942262116521593,0.002566702442856971,0.0
s15T3622,0.04508669405737096,0.0002656417327206083,8.079395261246516e-05,0.04115682965386766,0.04864753255728343,0.0,0.3213432298797086,0.0,0.0,0.03960664365358048,0.015313108797259733,0.0,0.005459289690370613,0.04358621414298509,0.0,0.007372539759012455,0.0,0.4304015459766741,0.0,0.0,0.0,0.0016799361465537643,0.0,0.0
s02M3722,0.36609416652709426,0.0468219532360144,0.0,0.02331416520817652,0.1425231593325898,0.016777757033700054,0.16050907922250357,0.0,0.0,0.009341619073870872,0.0029454777344186203,0.0,0.0,0.05906767015783511,0.0,0.03352949996457669,0.029948725791704257,0.021218502188348,0.0,0.0060861775516549916,0.0,0.0,0.08182204697751287,0.0
s03M3722,0.21570132023037086,0.0008962454132105717,0.0,0.02917697686894015,0.1648571182330514,0.007547115611289166,0.35034224920191287,0.0,0.00986806894466837,0.006634574434973933,0.001073134000670699,0.002431310245871417,0.001095723720297902,0.12710727805849886,0.0,0.0,0.0005398129112401561,0.014871340752939208,0.0,0.015441666552035082,0.052416064820029425,0.0,0.0,0.0
s04M3722,0.5047299148839266,0.018818236916697515,0.0003672252958365361,0.03310100447879207,0.14835842578684022,0.04843972570531556,0.10269002818249788,0.0,0.0,0.04308856791295581,0.006780514815770771,0.0,0.0,0.0,0.0,0.035386208937258135,0.0,0.05824014708410866,0.0,0.0,0.0,0.0,0.0,0.0
s05M3722,0.34518971383446667,0.004072987582704802,4.9241289761771873e-05,0.06340420763149703,0.1757021069818794,0.01960821146902093,0.1521640470228611,0.0,0.0,0.052448129894264596,0.01233806780481383,0.009482538289657994,0.0037035120215723367,0.04331121162845076,0.0,0.0,0.002140459756130447,0.0015178095815908705,0.0,0.0771704048472948,0.037697350364032746,0.0,0.0,0.0
s06M3722,0.5688087765864308,0.021908586265242124,0.0,0.029411014133998627,0.1322678099505889,0.013200651597253555,0.034975499213842784,0.0,0.015767653414945577,0.06200667400293688,0.006171987877283444,0.0,0.0,0.0,0.0,0.005489973150549854,0.0,0.011478907974047424,0.0,0.0,0.09851246583288002,0.0,0.0,0.0
s07M3722,0.3456086800588613,0.005675180827549642,0.00041353638946935964,0.030147252139526293,0.1665923757059645,0.0058092744916554044,0.18304749385898184,0.0,0.0,0.015364824605789815,0.0017399897621224378,0.0007083228077299431,0.0043103152315782595,0.13992068750444003,0.0,0.006684842665178697,0.0,0.07615110780204659,0.0,0.0,0.017826116149105946,0.0,0.0,0.0
s08M3722,0.10958590757697204,0.36078161516571033,0.0,0.17668779704586574,0.0,0.0,0.0,0.0,0.0,0.0,0.0,0.24837262018309467,0.0,0.0,0.09959957453811748,0.0,0.0,0.0,0.0,0.0,0.0,0.004972485490239658,0.0,0.0
s09M3722,0.0,0.0,0.0,0.16170288806110752,0.14726481283155424,0.0,0.44224098245561266,0.060704807754767824,0.0,0.0,0.028485064599782773,0.04599249666737395,0.00332519139410419,0.0,0.08313826327752999,0.0,0.0,0.0,0.0,0.0,0.0,0.027145492958166817,0.0,0.0
s10M3722,0.0,0.005333923990354191,0.0,0.13156952341900333,0.11427278382855459,0.0,0.4703900677650715,0.062125117450132834,0.0,0.00046837400072982513,0.05308985347372684,0.04746657884219587,0.001049866511496025,0.0,0.0685843430232862,0.0,0.0,0.0,0.0,0.0,0.0,0.025179675928576457,0.0,0.020469891766872417
s11M3722,0.0,0.0,0.0,0.10196673536252625,0.11245393024219395,0.0,0.5766582488321641,0.02345242220524731,0.0,0.00025677468700405415,0.08994426639553192,0.010873530834393927,0.0036897478140265217,0.0,0.05481905168784162,0.0,0.0,0.006069654271101063,0.0,0.0,0.0,0.013971515870929343,0.0,0.005844121797039988
s12M3722,0.0,0.003105304139801108,0.0,0.08819701809215834,0.15563535674325352,0.0,0.47908512334246633,0.056513735422703285,0.0,0.0,0.07903928787069851,0.03714002578376378,0.0002268573664610087,0.0047861674669629735,0.050094754355512756,0.0,0.0,0.0,0.0,0.0,0.0,0.02700002993468184,0.0,0.019176339481536502
s13M3722,0.0,0.0,0.0,0.1047441395666586,0.19818983789197134,0.0012346525683139865,0.4444239867769726,0.07009639517368024,0.0,0.017515660073354315,0.05393731517430994,0.029055603850255258,0.0031368871871020935,0.008176483625611922,0.0354071540071162,0.0,0.0,0.0,0.0,0.0,0.0,0.024176845975509082,0.0,0.009905038129144431
s14M3722,0.1948796285598098,0.0,0.0,0.05370718927619462,0.12158015449688025,0.0,0.267054020338655,0.0,0.0,0.03505878811531387,0.03068485460338378,0.0,0.003873927918563226,0.12199356648503618,0.0,0.0007450487588409354,0.0,0.11539104270005504,0.0,0.0,0.05503177874726734,0.0,0.0,0.0
s15M3722,0.274083139898672,0.009108507422606285,0.0,0.01900844849464749,0.10378942598251645,0.0,0.30625388265391745,0.0,0.0,0.0,0.0,0.002930067675083638,0.0,0.13188556582147326,0.0,0.0,0.0,0.05590700802125367,0.0005792618386736301,0.0,0.09645469219115618,0.0,0.0,0.0
s01X3722,0.4109101462651938,0.006088220179137206,0.0,0.01760306246112903,0.14167243316438088,0.010231844194763431,0.26346344392413384,0.0,0.0,0.002408931890066682,0.0004425276720328878,0.0010992376584531836,0.0,0.07918463074111658,0.0,0.010758443751863665,0.0,0.05613707809772888,0.0,0.0,0.0,0.0,0.0,0.0
s02T3722,0.7049811830541929,0.018123648795176747,0.0004838691017217934,0.006519763792772878,0.05035036747010322,0.039852781406806655,0.06211595277909205,0.0,0.0,0.03589105324098068,0.007315491897358864,0.0,0.0018238134659284294,0.03749231140190485,0.0,0.022897255236497827,0.0,0.012152508357463046,0.0,0.0,0.0,0.0,0.0,0.0
s03T3722,0.6845678298680201,0.017300532857245532,0.0005572327033235682,0.004323011810968364,0.05921367656265285,0.043987562984716,0.061518775030705734,0.0,0.0,0.026197845686587597,0.006429412578116799,0.0,0.005696369583433188,0.04984157732239986,0.0,0.03953424625008547,0.0,0.0,0.0,0.0,0.0,0.0,0.0008319267617450271,0.0
s04T3722,0.6450974188081056,0.030305139870027267,0.0,0.007304651116650714,0.05505705549307653,0.09452818752165279,0.05554530640390431,0.0,0.0,0.04238626390917936,0.018137321716778697,0.0,0.00368880337241378,0.018190582938171353,0.0,0.010809181248618896,0.0,0.0029248851725278808,0.0,0.0,0.0,0.0,0.016025202428892982,0.0
s05T3722,0.665347546435098,0.025392077813750486,0.0,0.005848440723900606,0.021685211203412054,0.15771158177431996,0.03456088361249794,0.0,0.0,0.05441699330922992,0.01732194496767019,0.0,0.005317177663131166,0.00012296835789990176,0.0,0.007638503843170032,0.0,0.004636670295919918,0.0,0.0,0.0,0.0,0.0,0.0
s06T3722,0.6772123644915674,0.026531773406031352,0.0,0.008508106794946232,0.053404371301655096,0.09480872503487577,0.04040459372421538,0.0,0.0,0.043461407703988104,0.018346802522245097,0.0,0.004212411886693225,0.009909485747890976,0.0,0.008972414486912947,0.0,0.013304324667644599,0.0,0.0,0.0,0.0,0.000923218231333888,0.0
s07T3722,0.5848242579391771,0.01754618553280672,4.590919917347404e-05,0.00480035862656197,0.027227408169144398,0.1870448715278641,0.06859698591579023,0.0,0.0,0.05615935309166181,0.007032541464544899,0.0,0.003691874453916669,0.015867028486391245,0.0,0.009038955468106591,0.0,0.01812427012486088,0.0,0.0,0.0,0.0,0.0,0.0
s08T3722,0.0606551294029372,0.6762592428679296,0.0,0.05378202680466326,0.0,0.0,0.0,0.0,0.0,0.0,0.0,0.16048701566983306,0.0,0.0,0.04528241385372772,0.0,0.0,0.0,0.0,0.0,0.0,0.0035341714009090065,0.0,0.0
s09T3722,0.0,0.0,0.0,0.12657438607716456,0.2835064541582189,0.0,0.29422193264834334,0.1012323098656173,0.0,0.0,0.03237737034373322,0.01437824446654386,0.0,0.0,0.08706219607614296,0.0,0.0,0.0,0.0,0.0,0.0,0.04294039115748275,0.0,0.017706715206752856
s10T3722,0.0,0.0,0.0,0.16642117159520264,0.17152033690040674,0.0,0.4646281950464894,0.037134391927857245,0.0,0.057637654944639,0.08561567429929046,0.0,0.0,0.0006942504631351873,0.0016765836201846234,0.005371084302612212,0.0,0.0,0.0,0.0,0.0,0.005863337379926308,0.0,0.003437319520256073
s11T3722,0.09989051341104212,0.0,0.0,0.11273774777283325,0.131413411773969,0.0,0.42966479117744955,0.006671447644333412,0.0,0.007022417562680842,0.06674114052898246,0.0,0.0036150920288050338,0.09073609433941476,0.014036875894027835,0.0,0.0,0.016044416254737414,0.0,0.0,0.0154045647171844,0.006021486894539931,0.0,0.0
s12T3722,0.38024542307998993,0.006987742631170476,0.0006636957752810508,0.06640174224479213,0.09384624129464109,0.013152845758680577,0.1760827610105379,0.0005437177546075312,0.0,0.07391824525710065,0.03921628206612444,0.0,0.0,0.0679997635324806,0.0,0.029963013666837436,0.0,0.04565820142320325,0.00014600189686105988,0.0,0.0019774372991555743,0.0013889781469199568,0.0018079071616162443,0.0
s13T3722,0.23207930376726912,0.0,0.0,0.07387343850870333,0.11533483760982652,0.0006779569648386066,0.32778710608844336,0.002103380467753709,0.0,0.04476336310796123,0.04450372005624993,0.0,0.004512798219393815,0.10642105942860561,0.0,0.0021280963698966935,0.0,0.0220148111371967,0.0,0.0,0.02146493156939904,0.002335196704462381,0.0,0.0
s14T3722,0.35621643833850064,0.00424776237079876,0.0004663637863641486,0.026673753901698405,0.09412736940224761,0.018173665925063132,0.17937554916657514,0.002874557904783353,0.0,0.11045377488004175,0.02269676147713647,0.0,0.0,0.056363884396160406,0.0,0.0445102780166217,0.0,0.08326234608455774,0.0,0.0,0.0,0.0005574943494507978,0.0,0.0
s15T3722,0.47307775593067136,0.008396211263140496,6.026146929224029e-05,0.024048071506191256,0.06931874947686215,0.040349457302208555,0.17197361456056567,0.0,0.0,0.05722748408709928,0.009256765332246389,0.0,0.001730981530144858,0.07295587386094586,0.0,0.024457587723801844,0.0,0.047147185956829915,0.0,0.0,0.0,0.0,0.0,0.0
s02M3822,0.6393605460830396,0.013398804832494103,0.00018010251926832164,0.02295517715800719,0.06764198922747952,0.024815346278121462,0.0848701983480756,0.0,0.0,0.06553089081291699,0.009708427190092033,0.0,0.0010134143776542933,0.03868399922112741,0.0,0.018600805675186842,0.0,0.013240298276536654,0.0,0.0,0.0,0.0,0.0,0.0
s03M3822,0.7197826702985097,0.010832377486325593,0.0002593311843776829,0.026470475921497254,0.05549885373623837,0.01886267692127326,0.06857814951863526,0.0,0.0003692400890972858,0.042972960814831186,0.007828231649941859,0.0,0.0,0.022177238415907647,0.0,0.014705335315324482,0.0,0.006589416696276441,0.0,0.0,0.005073041951764022,0.0,0.0,0.0
s04M3822,0.7229782500773937,0.015718286076509325,0.0,0.019223717112248226,0.07036918887907648,0.03393872977901365,0.06739099234760096,0.0,0.0,0.03423695117120059,0.009203653036437956,0.0,0.0,0.013054567612320905,0.0,0.011157624196746235,0.0,0.002728039711452022,0.0,0.0,0.0,0.0,0.0,0.0
s05M3822,0.7576825504891563,0.0162308206390193,0.000465916644945179,0.005773539932316952,0.05037241183700114,0.030723804731503074,0.05064722370846548,0.0,0.0,0.055951664610927015,0.006665267965147943,0.0,0.00045010802401572144,0.009324708845394445,0.0,0.015711982572107416,0.0,0.0,0.0,0.0,0.0,0.0,0.0,0.0
s06M3822,0.754018917495277,0.018791875900577036,0.0,0.012200699756144667,0.042244838001212426,0.030692423610311118,0.04608067825144836,0.0,0.0,0.03529064207141146,0.0047573721525003025,0.0,0.004281868553700758,0.014453716242923305,0.0,0.03718696796449354,0.0,0.0,0.0,0.0,0.0,0.0,0.0,0.0
s07M3822,0.7333339545210132,0.0119133143275015,0.0,0.005870746414801695,0.048963972837419524,0.008973902871580225,0.07231717186386127,0.0,0.0,0.009963550877387041,0.0,0.0,0.002200817259169798,0.08128614566824337,0.0,0.021826609779214183,0.0,0.0,0.0,0.003349813579808143,0.0,0.0,0.0,0.0
s08M3822,0.0,0.8346091411674191,0.04820022485233253,0.0650705840086447,0.017196572323862985,0.0,0.0,0.0,0.0,0.0,0.0,0.0336772563345587,0.0,0.0,2.1715489591157903e-05,0.0,0.0,0.0,0.0,0.0012245058235909195,0.0,0.0,0.0,0.0
s09M3822,0.0,0.037288922865777854,0.0,0.18524865191398687,0.14603815505378462,0.0,0.0237373787174129,0.22916758664310766,0.0,0.0,0.021821808433259184,0.11726337376369034,0.0,0.0,0.15863381145213956,0.0,0.0,0.0,0.0,0.0,0.0,0.018580933584214126,0.0107524204764061,0.05146695709622085
s10M3822,0.0,0.0,0.0,0.23036789492779858,0.31792488795116575,0.00409730350245815,0.040032857352468705,0.20418192119368367,0.0,0.03574319874142653,0.07606109037984489,0.0,0.0,0.0,0.0,0.0,0.0,0.0,0.0,0.0,0.0,0.01095864141116339,0.020285092344069274,0.06034711219592105
s11M3822,0.11010317452375018,0.0,0.0,0.2100042186527757,0.2865348030759521,0.003147047735682932,0.0670852866622759,0.14948337071339868,0.0,0.05031553482439453,0.05603960912107902,0.0,0.0,0.00559152835677871,0.01219688820366419,0.0,0.0,0.0,0.0,0.0,0.0,0.00948561988758522,0.007953381833687717,0.03205953640897528
s12M3822,0.6108369152330224,0.01358945403340725,7.855668772058737e-05,0.05732380273765989,0.08941160899879631,0.010778223910063037,0.08115775011884716,0.0029669199512358424,0.0,0.06872879499692845,0.016438014854676337,0.0,4.454840671131603e-05,0.024066785427211367,0.0,0.020267710642036984,0.0,0.003907038084405368,0.0,0.0,0.0,0.00038577806825735,1.8097849020259065e-05,0.0
s13M3822,0.6507599932334808,0.019028555768963822,4.067615544353108e-05,0.036973529400984056,0.07764589992843601,0.014425380615668037,0.0868971692274778,0.0,0.0,0.06169986912264774,0.013261578029601744,0.0,0.0023903107906499254,0.027601806627249474,0.0,0.006522642240003487,0.0,6.801854625983753e-05,0.0,0.0,0.0009019339874585612,0.0003993312626832861,0.0013833050629918546,0.0
s14M3822,0.6677189874875468,0.012014843871307622,0.0004795475003128868,0.04414937636072743,0.06843768020038289,0.008800640063052822,0.08910726252154093,0.0,0.0,0.03377120425554867,0.011978643965188902,0.0,0.0012667092576507898,0.03807912503368038,0.0,0.0038048920645898186,0.0,0.004441186462516958,0.0,0.0,0.01594990095595305,0.0,0.0,0.0
s15M3822,0.7042304585712921,0.011096041826528057,0.0,0.02054446646417078,0.06011382806983247,0.008394909958792374,0.07603874487791656,0.0,0.0,0.02131070437660478,0.003973316874033197,0.0,0.003031780247922937,0.06026860573578072,0.0,0.0069140040868293,0.0,0.0,0.0,0.00033050203470768295,0.0237526368755891,0.0,0.0,0.0
s01X3822,0.6543069973156345,0.015046094179206316,0.00031880044131420105,0.019635379083805818,0.04894155098781474,0.04197018851722954,0.10029128295922567,0.0,0.0,0.06498827907494559,0.005454365702652641,0.0,0.0018759183522284585,0.028019277360991565,0.0,0.0115682315156709,0.0,0.007583634509280058,0.0,0.0,0.0,0.0,0.0,0.0
s02T3822,0.46502366644771215,0.0069526615078077895,0.0,0.025361437491392316,0.09584249859933933,0.015353668078496524,0.11203894205039241,0.0,0.0,0.024656763782814183,0.001979757860587253,0.0006007548295583379,0.0033651293044814276,0.023453918688582993,0.0,0.01331014202817013,0.0010432397331653046,0.07600959334191527,0.0,0.0,0.13500782625558458,0.0,0.0,0.0
s03T3822,0.41581250881949816,0.004072461434752734,0.00015759282524684592,0.04486054835827702,0.0890507242104193,0.002162796285391646,0.20121411811310438,0.0,0.003993035452591633,0.007703657029932307,0.000918208828572743,0.0006318239037907776,0.0015672978840135226,0.058649674975589754,0.0,0.0,0.0,0.0641921449036677,0.0,0.0007790648668359022,0.10423434210831563,0.0,0.0,0.0
s04T3822,0.6626672629764432,0.01094208723366946,2.270847380144819e-05,0.043169496122448796,0.0656393630666309,0.009762574403054456,0.11138843860091933,0.0,0.0,0.016774317216301002,0.001029255045598835,0.0,0.0,0.02223255746073056,0.0,0.020384785168832603,0.0,0.023782851384100537,0.0,0.0,0.01220430284746895,0.0,0.0,0.0
s05T3822,0.5898217418138644,0.012644576019648761,0.0,0.04885587161659131,0.05019446686330839,0.0086615935588829,0.09023707369530477,0.0,0.04637418634026688,0.00678077142790411,0.0008693195170040775,0.0,0.0,0.017554242925733158,0.0,0.0,0.0,0.005791892553345883,0.0,0.0008745354289050585,0.1199298798023483,0.0014098484368920338,0.0,0.0
s06T3822,0.7542325741234839,0.01572617763553922,0.0,0.027756955752401002,0.05477842370934481,0.01423071026911787,0.031844702403881174,0.0,0.0,0.049014418566456525,0.004097691728712842,0.0,0.0,0.0,0.0,0.04831834581106258,0.0,0.0,0.0,0.0,0.0,0.0,0.0,0.0
s07T3822,0.7161203435274874,0.00988743729514115,0.00043903372717425193,0.06340510537686313,0.07227411383787702,0.006712887819821713,0.0010771814553602963,0.0,0.0,0.02030537729280135,0.0084630237057086,0.0,0.0,0.0,0.0,0.0,0.0,0.004054770250396056,0.0,7.016761796466263e-05,0.09719055809340442,0.0,0.0,0.0
s08T3822,0.01861918448197735,0.7228927477148483,0.02071105063224223,0.03326869460584032,0.06289269390055337,0.0,0.0,0.0,0.0,0.0,0.0,0.13749929319620258,0.0,0.0,0.0,0.0,0.0,0.0,0.0,0.003522813637337373,0.0,0.0005935218309984205,0.0,0.0
s09T3822,0.0,0.01950233295914048,0.0020376071043644063,0.298690004204719,0.040368581850531375,0.0,0.014287125113367187,0.0878317054416427,0.0,0.0,0.006751929391855564,0.10957077455059733,0.0,0.0,0.3570922933782872,0.0,0.0,0.0,0.0,0.00010225942997241372,0.0,0.032962811351176104,0.015788321009317704,0.015014254215028673
s10T3822,0.009055532043206908,0.0,0.0,0.2908925811019585,0.11251919976334444,0.0,0.02315541442812698,0.08946773967080072,0.0,0.0,0.025934239827020446,0.01597432610731622,0.0,0.007210895355914597,0.34690770455627046,0.0,0.0,0.0,0.0,0.00010901239921378355,0.0,0.026165836725814066,0.021272133053394263,0.031335384967618604
s11T3822,0.0,0.0084810341470077,0.0,0.17843631373124128,0.11950494753194622,0.0,0.007678142760350899,0.12355228858596551,0.0,0.0,0.012180371007896517,0.07178953745780484,0.0,0.0,0.4139398977254775,0.0,0.0,0.0,0.0,0.0,0.0,0.02220926799241957,0.021983104834009524,0.02024509422588035
s12T3822,0.0,0.011980708557881931,0.0,0.20752832652728415,0.16947397252832086,0.0,0.013394772883134906,0.15263168928668977,0.0,0.0,0.024452133429295492,0.02070416167688395,0.0,0.0,0.28313408219334313,0.0,0.0,0.0,0.0,0.0,0.0,0.008865339733356742,0.04805166112276649,0.05978315206104243
s13T3822,0.0020880616385648525,0.004560434240361966,0.0,0.2544455647660343,0.1067716846428713,0.0,0.02907991988837056,0.11422051113854602,0.0,0.0,0.004898505747674845,0.05271854682856208,0.0,0.002746390943509356,0.34320429680737524,0.0,0.0,0.0,0.0,0.0,0.0,0.01521469075954262,0.03820860649901691,0.03184278609956986
s14T3822,0.2347460555717524,0.023943596227000513,0.0011223006286212116,0.2549410738700357,0.06890067506056971,0.0002729771546729704,0.04552192821309895,0.05887508282285427,0.0,0.03470215767631942,0.04613350127295989,0.0,0.0,0.015886578329993628,0.16407003855788174,0.0,0.0,0.0,0.0,0.001189951727585056,0.0,0.0004309243280500537,0.0215863498010647,0.027676808757539778
s15T3822,0.42512058905589933,0.0029757407255584403,0.0005251096137024815,0.1310399464889695,0.10045164691338043,0.004150679745579969,0.12027275573833512,0.019606305542188295,0.0,0.041814534648497145,0.04828316995031549,0.0,0.0028323325695598085,0.0452430520075235,0.04047751996928161,0.0,0.0,0.0,0.0,0.0012726190354447407,0.0,0.003926579112703587,0.00314892714371376,0.008858491739346826
s02M3922,0.741165189593655,0.01872422001891349,0.0,0.018439000075395236,0.05138319419365218,0.011548972856602962,0.07911057858529126,0.0,0.0,0.014215643483893757,0.0009865040124702712,0.0,0.0,0.01516915889128044,0.0,0.030042612767653815,0.003175485510262906,0.009838327443023232,0.0,0.0,0.0,0.0,0.00620111256790533,0.0
s03M3922,0.6666885913150769,0.010678040497605954,0.0,0.01247339316770228,0.07460896261958994,0.004377332250016063,0.12395216165943027,0.0,0.0,0.005965035984272762,0.0,0.004468404752496633,0.0,0.062675611087401,0.0,0.026514494591686893,0.0,0.006795114369203911,0.0,0.0008028577055174024,0.0,0.0,0.0,0.0
s04M3922,0.7592977113409346,0.01585601766752234,0.0,0.01589234887140196,0.05009834126951699,0.006889173155470529,0.10290134433127995,0.0,0.0,0.012059154182892492,0.0,0.0,0.0,0.009530982669344809,0.0,0.0262937983049973,0.0,0.0010968356069535176,0.0,8.429259968543488e-05,0.0,0.0,0.0,0.0
s05M3922,0.7513937634395936,0.012225907136253827,0.00016138307787800902,0.030655541711062936,0.04499276898321783,0.0057765907287196435,0.09342823666974998,0.0,0.0,0.0060112406789260804,0.0,0.0,0.0,0.024199586947656164,0.0,0.024552599100645413,0.0,0.006602381526296442,0.0,0.0,0.0,0.0,0.0,0.0
s06M3922,0.6752598444280572,0.012321368933688634,0.0,0.02432825323916142,0.03266768746016371,0.057877322551142474,0.02494837114436103,0.0,0.0,0.09133349772697333,0.005643526534992751,0.0,0.0,0.0,0.0,0.06565775847295517,0.0,0.009962369508504258,0.0,0.0,0.0,0.0,0.0,0.0
s07M3922,0.589019432550204,0.014733520214128963,0.0003365590327757752,0.037181701200586635,0.06811243716307991,0.02559873126959286,0.12428787915670342,0.0,0.0,0.03531838093731221,0.0059208324890599965,0.0005889153723516935,0.0,0.058462785939711846,0.0,0.003666355817238125,0.0,0.036772468857254666,0.0,0.0,0.0,0.0,0.0,0.0
s08M3922,0.018615320720539626,0.8323804819028764,0.005732494568668622,0.022116037235114325,0.049976911636600396,0.0,0.0,0.0,0.0,0.0,0.0,0.06976185384280999,0.0,0.0,0.0,0.0,0.0,0.0,0.0,0.001416900093390535,0.0,0.0,0.0,0.0
s09M3922,0.11610671937330518,0.0,0.0002311617718283842,0.22601777619239571,0.29455379880679144,0.0,0.030863841913322677,0.11680878798165348,0.0,0.013711468986054865,0.038830860563616745,0.0,0.0,0.0071920382482734,0.0,0.0,0.0,0.0,0.0,0.007488419465946658,0.0,0.08022257302608227,0.02806885633491314,0.039903697335816085
s10M3922,0.16715487979341426,0.0,0.0,0.2815604868051076,0.23935666550071943,0.0,0.03072335186540407,0.10106756939705688,0.0,0.004492548934547198,0.057887004790011,0.0,0.0,0.004724417318497941,0.017247963132310987,0.0,0.0,0.0,0.0,0.005612054148882195,0.0,0.0254805025962448,0.030083347216703707,0.034609208501099956
s11M3922,0.07975573709422935,0.0009368234332604039,0.0016494934425997088,0.2432849955003575,0.2515505741095053,0.0,0.02501988142631725,0.15105133922629416,0.0,0.03304583574705121,0.02624510765666775,0.0,0.0,0.007230608316183641,0.0,0.0,0.0,0.0,0.0,0.005283360747932822,0.0,0.07659636447979103,0.04143451741065924,0.05691536140915063
s12M3922,0.18839253833768468,0.02200303670383856,0.0007531324322062081,0.17050911375618322,0.19071399681484819,0.0029535283465750416,0.01472492732557544,0.19696158123638896,0.002135261259337183,0.10738872336623154,0.01914439009294831,0.0,0.0,0.0,0.0,0.0,0.0,0.0,0.0,0.0,0.0,0.011552589142370681,0.04425780324056895,0.02850937794524307
s13M3922,0.14924274025406117,0.0,0.0001899409582020007,0.23243381047843628,0.23685124616466688,0.0015558404977165103,0.016303984060239654,0.1666960950983658,0.0,0.07029625169278872,0.029484688472297228,0.0,0.0,0.0,0.0,0.0,0.0,0.0,0.0,0.0,0.0,0.01355081253496145,0.04581391459028865,0.03758067519797563
s14M3922,0.2296333690267907,0.012199936778428493,0.001173259312364908,0.18241527236208127,0.16217182288193654,0.002167170155435208,0.01237911761025097,0.12546637160107166,0.0,0.21845585086609684,0.025910904425918552,0.0,0.0,0.0,0.0,0.002189998831406736,0.0,0.0,0.0,0.0,0.0,0.0,0.015424504851692916,0.01041242129652514
s15M3922,0.2469903562415551,0.0033308678966141813,0.0008317955249273853,0.20186794051538862,0.212788966985305,0.00361882815919381,0.03169184656434956,0.10275582167266836,0.0,0.09223743172888205,0.0316837465579279,0.0,0.0,0.005586051937985991,0.0,0.0016188637544149005,0.0,0.0,0.0,0.0007928798830782464,0.0,0.011809961386047342,0.027992717390702925,0.024401923800958573
s01X3922,0.6552343228377003,0.009891002449353332,0.00012333120206903153,0.0316984463721756,0.05027210610073843,0.00621150667399005,0.12652602246104358,0.0,0.0,0.005209995557843842,0.0,0.004644912204672474,0.0,0.07551682502412578,0.0,0.01154945994143792,0.0,0.01891568925671169,0.0,0.00420637991813789,0.0,0.0,0.0,0.0
s02T3922,0.6245125035807662,0.010268690480215914,0.0004469534853541305,0.02176058024736252,0.04885687257459877,0.010266383708942133,0.08485639121501515,0.0,0.11260464864376082,0.009677443296963201,0.001405628759544158,0.0,0.0,0.022760584529707126,0.0,0.0,0.0,0.031334279608896606,0.0,0.0,0.021249039868873523,0.0,0.0,0.0
s03T3922,0.7621346260723625,0.014349127495874641,0.00033739286870731956,0.025509361477874234,0.053118702785852415,0.012273923851793371,0.06455867776350403,0.0,0.0014830059636434662,0.013412321282485786,0.0035203304038234763,0.0,0.0,0.0028641499763016032,0.0,0.007618213580499574,0.0,0.0388201664772775,0.0,0.0,0.0,0.0,0.0,0.0
s04T3922,0.7774561148344973,0.018224640163577034,6.505470624288608e-05,0.027613880607238,0.05639085209833862,0.019652333704133752,0.05628320121209262,0.0,0.003939603721662127,0.01038249993722362,0.003818932153950965,0.0,0.0,0.0,0.0,0.005238602754905218,0.0,0.020934284106137773,0.0,0.0,0.0,0.0,0.0,0.0
s05T3922,0.7556209579109989,0.012788962756361823,0.00024339689430489202,0.01951516085378085,0.048614774463614535,0.019044749719646526,0.0517335034878878,0.0,0.05257897088216846,0.010721267038078441,0.0009699840221048738,0.0,0.0,0.0,0.0,0.012839546733699145,0.0,0.014779707888233783,0.0005490173491199354,0.0,0.0,0.0,0.0,0.0
s06T3922,0.8127797925897985,0.02105817202488515,0.0,0.029757343417546704,0.03928973628122854,0.021071401684733263,0.022632287112012775,0.0,0.021423647397700796,0.01788949614746905,0.004468500949515471,0.0,0.0,0.0,0.0,0.008480161706399729,0.0,0.0011494606887099967,0.0,0.0,0.0,0.0,0.0,0.0
s07T3922,0.703287009444405,0.010621758019478487,4.528605326103933e-06,0.026838748311188158,0.05919240160889078,0.027971879657220592,0.08073395469437733,0.0,0.0036656868236234074,0.013747865464052688,0.0032012618727236507,0.0008145479207482448,0.0,0.027663608658904555,0.0,0.01510921975747815,0.0,0.027147529161582754,0.0,0.0,0.0,0.0,0.0,0.0
s08T3922,0.0,0.6097834812820402,0.26739602560908654,0.03241144726900434,0.02473877832494448,0.0,0.0,0.0,0.0,0.0,0.0,0.06538652060712952,0.0,0.0,0.0,0.0,0.0,0.0,0.0,0.00028374690779497117,0.0,0.0,0.0,0.0
s09T3922,0.13606040183038554,0.003722073333163225,0.009322985877355413,0.2741749865117016,0.17187617608897346,0.0,0.014695132565993009,0.16101344368095535,0.003728696055995744,0.0,0.0105306460731274,0.05087798473226026,0.0,0.0015468952926351628,0.050416972083554105,0.0,0.0,0.0,0.0,0.0019473964279941836,0.0,0.07730049811461873,0.02416057547626555,0.008625135855021405
s10T3922,0.11452331677961892,0.0,0.0,0.3139629618135341,0.2052858111432626,0.0,0.029377446943403624,0.16853871994820288,0.0,0.0,0.0284815062687417,0.0,0.0,0.00411818550244305,0.0,0.0,0.0,0.0,0.0,0.003319166351675569,0.0,0.05610797433384763,0.043305896352172524,0.03297901456309732
s11T3922,0.11102969435725564,0.0713039380744304,0.015002501797989117,0.25070176456046733,0.14639582105644966,0.0021030692062396867,0.012181197663635348,0.15961852304967314,0.0,0.021432929451211356,0.03135778276789242,0.030321909789335355,0.0,0.0025102546575365274,0.0,0.0,0.0,0.0,0.0,0.0014923804540600556,0.0,0.0703695870718455,0.03295896077066112,0.04121968527131737
s12T3922,0.18130417422833678,0.03224300269499343,0.0015256536070303555,0.1887369420203734,0.1663842074424388,0.007080334974106279,0.005543542604115328,0.16671830890329833,0.0,0.1350520306002335,0.04350316756807252,0.0,0.0,0.0,0.0,0.0,0.0,0.0,0.0,0.0,0.0,0.007222093576647529,0.03487350659216928,0.02981303518818455
s13T3922,0.2096997603642701,0.01100922317786563,0.0012470662112689776,0.32796587155036977,0.15717481150107854,0.0015861851433566483,0.022216139162265447,0.09878116768836752,0.0,0.03865297014339008,0.033756855976799095,0.0,0.0,0.0,0.02830865883045344,0.0,0.0,0.0,0.0,0.0018085856445823234,0.0,0.01703907962655429,0.028254794542314776,0.022498830437063532
s14T3922,0.2718043607499145,0.026054688733052497,0.0015235866045479514,0.13670596043388328,0.15914451380929004,0.01430329253825254,0.0035389098080586376,0.1272317047521039,0.0,0.20652359699784864,0.028779835553175242,0.0,0.0,0.0,0.0,0.0,0.0,0.0,0.0,0.0,0.0,0.0,0.022902010362627685,0.0014875396572450194
s15T3922,0.46192136366629866,0.025676943255703053,0.0,0.10702536186555404,0.1423066055856679,0.012678591942383315,0.04723340395706259,0.0524805341445724,0.0,0.09629814200168997,0.016759349067035363,0.0,0.0,0.007498241265390167,0.0,0.004625321291521447,0.0,0.013094564380102916,0.0,0.0,0.0,0.0007582698986119495,0.00671874206222352,0.004924565616182583
s02M4022,0.5015499925538971,0.007706386101397109,9.479841941549479e-05,0.03270376459501947,0.08192989555476968,0.02256057146778984,0.03262328333436831,0.001320388622442293,0.11681078050481261,0.109359661505592,0.03051657130773998,0.0,0.0,0.0,0.0,0.009525044168531591,0.0,0.03909265428874451,0.011824931640935368,0.0,0.0,0.0,0.0023812759345446526,0.0
s03M4022,0.4865973856347611,0.01162520454615888,1.4888581984404208e-05,0.038308427411610696,0.08686497049001635,0.03018314537306278,0.036762276167103064,0.00033505811974759086,0.1277981651097584,0.07821512750944228,0.03433774202826396,0.0,0.0,0.0,0.0,0.0070996240721496505,0.0,0.02838222492452631,0.018834582683874196,0.0,0.0,0.0,0.014641177347540333,0.0
s04M4022,0.6422816353452836,0.016769041319915943,0.00014050672385121905,0.03907017671234587,0.05032238577580495,0.042863789082151826,0.04347868710103449,0.0,0.0260452700203476,0.03326970320898475,0.01562564418178397,0.0,0.0,0.004645037390607178,0.0,0.047141935863527676,0.0,0.03834618727436094,0.0,0.0,0.0,0.0,0.0,0.0
s05M4022,0.6578288460980631,0.014653978618138006,0.0,0.023855435855058667,0.06272910873329605,0.031007299664469995,0.07029694938160849,0.0,0.02302682303012124,0.014215369140353125,0.009177378671368357,0.0,0.0,0.014642589713480389,0.0,0.017371926703640954,0.0,0.055045669895315424,0.00614862449508609,0.0,0.0,0.0,0.0,0.0
s06M4022,0.7263092092362141,0.013905461433417416,0.0003114766182021959,0.01991095386191068,0.055267958104875975,0.03278932435071104,0.0460934535847582,0.0,0.014522031240887738,0.00793560579421726,0.005936839774642339,0.0,0.0,0.00032544785411492,0.0,0.03567516695037109,0.0,0.041017071195677164,0.0,0.0,0.0,0.0,0.0,0.0
s07M4022,0.6916358695660515,0.013717474564548929,0.0,0.021587580279580618,0.048043452856182355,0.06259716107886815,0.07300981093896323,0.0,0.019557215241271766,0.016693297438980924,0.0,0.0,0.0,0.01085254809918536,0.0,0.04175347257443955,0.0,0.0,0.0005521173619276047,0.0,0.0,0.0,0.0,0.0
s08M4022,0.005770071479374053,0.28725544294200095,0.5852098951365792,0.015714871812271047,0.008980250685294247,0.0,0.0,0.0,0.008255203986536704,0.0,0.0,0.08519653815752797,0.0,0.0,0.0028265283606709055,0.0,0.0,0.0,0.0,0.0004525523151934974,0.0,0.0003386451245513363,0.0,0.0
s09M4022,0.1352871681100791,0.0,0.012843703380120726,0.5135049088934616,0.04587156705326252,0.0,0.012958179028636886,0.06179966692158587,0.0030054705368051,0.03171422790794285,0.05649122805652824,0.0005892872362887701,0.0028137599284785582,0.002516328554332998,0.05802057220092958,0.0,0.0,0.0,0.0,0.0026995388385628377,0.0,0.02758640540446348,0.01790380823411575,0.014394179714405255
s10M4022,0.2315427890887129,0.009582920728828343,0.0012964257696658093,0.3048362326760481,0.08511728246675568,0.017553906969005332,0.011141223282850396,0.07332139271866533,0.0011887257396701644,0.12969165753705703,0.05902691511511207,0.0,0.0012728845189440739,0.0,0.0,0.008258244825399684,0.0,0.01321801548926422,0.0,0.0,0.0,0.0050553382765889,0.04109188472901374,0.0068041600684181905
s11M4022,0.19419564036866374,0.0,0.0006597585689283154,0.31798011695481415,0.08748991879980973,0.007317178147950739,0.006366915740209352,0.08632761877159274,0.0,0.19471406259709842,0.055271929285764625,0.0,0.0,0.0,0.0,0.0032438758677241952,0.0,0.0011698174067555555,0.0,0.0,0.0,0.0,0.036237174433975096,0.009025993056713496
s12M4022,0.2639062888389543,0.016353144794239292,0.0010232118782717082,0.2652499382049241,0.0905104536457592,0.013779945364794618,0.012451483539476242,0.08736400740030206,0.0,0.2231710719846356,0.003533148391034836,0.0,0.0,0.0,0.0,0.0032064223365003666,0.0,0.0,0.0,0.0,0.0,0.0,0.01945088362110779,0.0
s13M4022,0.29652925079465065,0.015477839033442837,0.0009058372556344195,0.2572397230430085,0.0890093489523343,0.01124973510449876,0.010834810110121816,0.06619186417090392,0.0,0.19108616631225964,0.039362156296876255,0.0,0.0,0.0,0.0,0.004708567875774339,0.0,0.009870972146916044,0.0,0.0,0.0,0.0013194647900096953,0.006214264113568732,0.0
s14M4022,0.315726632547897,0.021696009559899216,0.0006785533434499049,0.1987479625916407,0.088206598835862,0.003352247064778035,0.014945080217531005,0.05484365623198191,0.0,0.2327948934744207,0.030458735141795187,0.0,0.0,0.0,0.0,0.008037519985851439,0.0,0.024224603924764138,0.0,0.0,0.0,0.006287507080128921,0.0,0.0
s15M4022,0.6264949706490811,0.011651124733162002,0.0,0.05117355213149104,0.04674484432181934,0.04574878512477105,0.04044166556267701,0.0036627610913858586,0.0,0.049590366384922265,0.018526807933937527,0.0,0.0,0.0014787848685944673,0.0,0.0561627647654345,0.0,0.04832357243272381,0.0,0.0,0.0,0.0,0.0,0.0
s01X4022,0.6717417958790064,0.007669010880990732,0.0005113406336736745,0.02321327882640966,0.046210742138824985,0.03248452175946566,0.036095245632764394,0.0,0.0,0.060728958217996086,0.010216841855919027,0.0,0.0,0.0,0.0,0.08530288387607873,0.0,0.025825380298870746,0.0,0.0,0.0,0.0,0.0,0.0
s02T4022,0.7092377937773847,0.009665458002375305,0.0002746650983999575,0.01745466592405586,0.05377876308871225,0.022253946715545623,0.04698339592747626,0.0,0.007154457005630837,0.01811326010248972,0.009000330165138772,0.0,0.0,0.0011494654123074869,0.0,0.006616407115522187,0.0,0.04442123222596966,0.0,0.0,0.05295652462978871,0.0009396348092026266,0.0,0.0
s03T4022,0.6995005948055286,0.010688683263364624,0.0,0.019909661240696062,0.05820033326718145,0.007885130009305222,0.07270743270302167,0.0,0.008776722954344226,0.007072153708274453,0.003684565975900398,0.00029453336036239914,0.0,0.01647154958207863,0.0,0.01792402490304317,0.0,0.0334919222237,0.0,0.0,0.04339269200319913,0.0,0.0,0.0
s04T4022,0.6912791631180883,0.014341038452427173,0.0,0.02881964205821705,0.06375977456985234,0.010645753489575395,0.03451100115232136,0.0,0.012302572178467397,0.02424276810573013,0.012677739316778845,0.0,0.0,0.0,0.0,0.0016263814009622418,0.0,0.03381930271204823,0.0,0.0,0.07197486344553145,0.0,0.0,0.0
s05T4022,0.6735861867078901,0.011450239656264053,0.00016071635095008235,0.030621317382366956,0.07194476473957744,0.02325582005729502,0.03227698017422285,0.0,0.012533481844443145,0.040405079269395544,0.01651889530048416,0.0,0.0,0.0,0.0,0.019368813339331267,0.0,0.031684179532059174,0.0,0.0,0.03619352564572037,0.0,0.0,0.0
s06T4022,0.7535543367258495,0.012499052615694974,0.0002756543491930618,0.030186143757541497,0.06427782724343192,0.01050641129357744,0.03159675134900048,0.0,0.005370420632887061,0.030361026121530375,0.008984188903209239,0.0,0.0,0.0,0.0,0.026052523375601894,0.0,0.021661477839445217,0.0,0.0,0.004674185793037381,0.0,0.0,0.0
s07T4022,0.6896009041333722,0.013180890581923253,0.00046505919765597116,0.026256183436440445,0.05841226792451819,0.03244932082585163,0.032858865193296616,0.0,0.006251255641737454,0.05260275063500208,0.013018253942420654,0.0,0.0,0.0,0.0,0.03667145431437437,0.0,0.03823279417340715,0.0,0.0,0.0,0.0,0.0,0.0
s08T4022,0.0,0.38645900402740063,0.5621381173269203,0.0,0.012078141919970229,0.0,0.0,0.0,0.0,0.0,0.0,0.03387670729279415,0.0,0.0,0.0,0.0,0.00544802943291459,0.0,0.0,0.0,0.0,0.0,0.0,0.0
s09T4022,0.20488825382300213,0.014758904117253313,0.03015715127133658,0.3377365705079878,0.07460361357000898,0.0,0.009958653851853,0.09156414815197454,0.0,0.007064591204021143,0.023737949458517153,0.02331491143573822,0.0,0.0,0.07768197597373587,0.0,0.0,0.0,0.0,0.0005415472622699287,0.03324707926675496,0.026192202903629967,0.020658747588773223,0.02389369961314341
s10T4022,0.2957498786001673,0.010261237840773775,0.0019681290244936162,0.3522624512279419,0.07867128146280782,0.0021321776395675156,0.012477775282552988,0.06605647261609332,0.0,0.08045628541359592,0.04491725317637125,0.0,0.0,0.0,0.018349070653716812,0.009770203046477376,0.0,0.0,0.0,0.0,0.0,0.009466024384396098,0.016128702196640508,0.0013330574344038327
s11T4022,0.2425833974084401,0.021027190834129156,0.011696318063263047,0.35625718302389014,0.0840627931640511,0.002741005712042342,0.009423220586164445,0.08317980650499063,0.0,0.07946094298098826,0.03317915654518741,0.0,0.0,0.0,0.0,0.019251873242100072,0.0,0.0,0.0,0.0,0.0,0.011712247866555232,0.024216612636827492,0.021208251431370548
s12T4022,0.3366220615969139,0.08027336903599641,0.007613186374974971,0.15314017167327623,0.09050229290613249,0.0077065006235509026,0.008929862188486782,0.08161205351094188,0.0047010864373292875,0.05766914437574159,0.018757794607022614,0.0,0.0,0.0,0.0,0.02033195910779719,0.0,0.0,0.0,0.0,0.0888829051407144,0.007164989194288008,0.027213372015426614,0.008879251211406832
s13T4022,0.3439242966011016,0.03560148619571031,0.0027764986855904916,0.26596362847692645,0.08865822929070738,0.004725995992013294,0.01196496212371662,0.06740379315237124,0.0,0.11000876739916142,0.030528925820018375,0.0,0.0,0.0,0.0,0.024150587585571773,0.0,0.006338991901279724,0.0,0.0,0.0,0.0035939351170301984,0.00435990165880114,0.0
s14T4022,0.4744629528668101,0.03322094908959831,0.0011221371344372357,0.1450048553212555,0.08898481469207863,0.009861247900301543,0.011900725405844536,0.04518144471820582,0.0,0.07754665959866254,0.015592726279955624,0.0,0.0,0.0,0.0,0.09559359818948797,0.0,0.0,0.0,0.0,0.0,0.001527888803362183,0.0,0.0
s15T4022,0.5252685937732642,0.0277225684093387,0.0009791143810204258,0.12932757958955615,0.07294561268201662,0.010637567181489182,0.03441843046491021,0.01853861318938072,0.0,0.06478347454746174,0.021289509664626508,0.0,0.0,0.007788852826424026,0.0,0.04021916983412387,0.0,0.032070374013456124,0.0,0.0,0.008636629755612356,0.005373909687319242,0.0,0.0
s02M4122,0.6492993358187202,0.004930755533160279,0.0,0.016514454185474023,0.06687996505466617,0.007183672513829675,0.02242652494301047,0.0,0.0,0.0,0.0027394114490542063,0.0024414421633353455,0.0,0.013303200938985541,0.0,0.10504700530513751,0.0,0.06683810565881947,0.0,0.0,0.041127842345149726,0.0012682840906573318,0.0,0.0
s03M4122,0.7299196586523252,0.00842187438145675,0.0,0.04853633617196501,0.06702516951762318,0.007635092726664082,0.04440669392066204,0.0,0.0016006562085879787,0.005991322572886328,0.009871356865645732,0.0006449738949680309,0.0,0.0179004749988793,0.0,0.010627102236532678,0.0,0.04302319011772238,0.0,0.0,0.004396097734081307,0.0,0.0,0.0
s04M4122,0.6667802499528227,0.011173839011988523,0.0,0.02319200812920099,0.03478170266156227,0.06192599607649161,0.009450006632726446,0.0,0.0,0.04920781750098534,0.015429536489790589,0.0,0.0,0.0,0.0,0.04590823600599777,0.0,0.0821506075384339,0.0,0.0,0.0,0.0,0.0,0.0
s05M4122,0.6123776905669607,0.010598823311120923,0.0,0.03212212837567761,0.03294018203366154,0.07155393596103994,0.004928375568833171,0.0,0.0,0.06553733819218296,0.02115277686366162,0.0,0.0,0.0,0.0,0.05398610456292871,0.0,0.09480264456393282,0.0,0.0,0.0,0.0,0.0,0.0
s06M4122,0.6004141241302391,0.00849154893521549,0.00023343483206490708,0.02881502079803011,0.010736107525882695,0.09513974819506874,0.005654542771512662,0.0,0.0,0.07045543535953873,0.01772552048852439,0.0,0.0,0.0,0.0,0.06175391317577171,0.0,0.10058060378815149,0.0,0.0,0.0,0.0,0.0,0.0
s07M4122,0.6620243765498557,0.0040563370895848804,0.0004453777528554844,0.040353192824939536,0.02766560307597743,0.0431599509577146,0.01935259923788918,0.0,0.0,0.042604336300727554,0.015954361751306857,0.0,0.0,0.0,0.0,0.04803522467602027,0.0,0.09634863978312856,0.0,0.0,0.0,0.0,0.0,0.0
s08M4122,0.0,0.319808677246464,0.550173610989374,0.0,0.004233389693859795,0.0,0.0,0.0013775130336589206,0.0,0.0,0.0,0.0318809116986505,0.0,0.0,0.0004620515849368613,0.0,0.09100968115361276,0.0,0.0,0.0,0.0,0.001054164599443058,0.0,0.0
s09M4122,0.3029023667326165,0.010665328323052016,0.011297858470068485,0.3444203831521338,0.06447072089983615,0.0002561745237983107,0.013524371959957081,0.06924725478097529,0.0,0.01885657355914531,0.0367756018109422,0.007158659377675227,0.0,0.0,0.028733563661262583,0.0060352019707965695,0.00039018619707505907,0.0,0.0,4.4216932284352444e-05,0.04762337679081525,0.02519031121576694,0.0069290810106522535,0.005478768631146548
s10M4122,0.22747753713537494,0.013895924126279822,0.010933913038104565,0.48124508573946306,0.04328340534042107,0.0,0.010047883689933979,0.0627969142511437,0.0,0.007459908368507838,0.028206044416699327,0.014272073089992801,0.0,0.0,0.04645604321462013,0.0054052855325894085,0.0,0.0,0.0,0.001170300664048579,0.013664943063635856,0.006152396953135844,0.017995545605929576,0.009536795770119596
s11M4122,0.1872379242676599,0.007710791706352411,0.05700398756190291,0.4334042432607761,0.016398851010845844,0.0,0.012349651423477792,0.0515331250341079,0.0,0.005125357545819723,0.02769891845910909,0.05262290560188308,0.0011637544437295964,0.0006411599665800627,0.08390721916736393,0.0,0.0,0.0,0.0,0.0019383810049747685,0.04272204368294015,0.015344058080835521,0.0,0.0031976277816413803
s12M4122,0.2812831506271537,0.0646286927442248,0.009308115512927007,0.3309409913860462,0.059835454120154404,0.0008306980507127631,0.007038991271048303,0.08854900418423257,0.0,0.07236142534552534,0.026486313675739188,0.0,0.0,0.0,0.02176962099917346,0.0022709655968415556,0.0,0.0,0.0,0.0,0.0011660284481257704,0.002405054799258585,0.02956684172180149,0.0015586515170349638
s13M4122,0.32680314376969327,0.06681566341260065,0.004646189973233084,0.32070729203503207,0.06404535209294723,0.002028396441371037,0.004134476520198994,0.07351267820616618,0.0,0.06901183679478838,0.027996597390473263,0.0,0.0,0.0,0.0,0.006420035642165112,0.0,0.0,0.0,0.0,0.0,0.0,0.03028621072828884,0.003592126993041866
s14M4122,0.42423608700816157,0.06732341420884191,0.0010382900818572444,0.20923026098384873,0.07098363325656455,0.005651145733225563,0.004153149690716431,0.05477658050805367,0.00016226310356516017,0.08363997185826559,0.02394558300700833,0.0,0.0,0.0,0.0,0.030539542769544313,0.0,0.0,0.0,0.0,0.00443565924151147,0.0006757168298603271,0.01741861583711084,0.0017900858818642846
s15M4122,0.5580943399552736,0.035845311291716926,0.001326796013560965,0.1415325474305284,0.07611172652696058,0.009528206483240532,0.01180536574461892,0.030204329764049617,0.0,0.051645182963798913,0.015519620432326322,0.0,0.0,0.0,0.0,0.043321340754232836,0.0,0.016107525905423508,0.0,0.0,0.0,0.003954326340310199,0.0050033803939587475,0.0
s01X4122,0.6561825407145316,0.013899709283216037,0.0,0.05695981821167518,0.05476853770366172,0.008123182771158055,0.03829511037366624,0.0,0.0,0.019455166170902427,0.01016919918342234,0.004118219259491207,0.0,0.04993726623916603,0.0,0.012419807004562715,0.0,0.07384784769858437,0.0,0.0,0.0,0.001823595385962116,0.0,0.0
s02T4122,0.4215805290869213,0.0034293644804526506,0.0,0.030277920628899852,0.06694509622404957,0.035645553596101685,0.026272733502351795,0.0,0.0,0.0,0.011959643935965068,0.0021771856062515853,0.0006606432861545629,0.008314810244522705,0.0,0.03527422043133509,0.0,0.28920302899991635,0.0009308976831343115,0.0,0.06478979046162964,0.002538581832313911,0.0,0.0
s03T4122,0.4135546722824338,0.002620694361904731,9.375242080913818e-05,0.021609734869406955,0.0653569749608029,0.02922382501590351,0.027075458683234403,0.0,0.0,0.0,0.011560249083582929,0.0,0.0,0.00196091344630466,0.0,0.07357159358028574,0.0,0.3349807530020619,0.0,0.0,0.018391378293269197,0.0,0.0,0.0
s04T4122,0.44448587692185365,0.0042078807192294865,0.0,0.025125017794855577,0.06527760502422535,0.02150378146369307,0.014914355221072342,0.0,0.004978919145664424,0.0,0.014053104987327513,0.0,0.0,0.0,0.0,0.08765978065872607,0.0,0.290758495889126,0.0,0.0,0.027035182174226534,0.0,0.0,0.0
s05T4122,0.4415923109431984,0.002038722459482069,0.0,0.026951032069487443,0.056551502612817245,0.02261035482718506,0.021053759736540303,0.0,0.0010203996884173199,0.004052289267497564,0.02095869946324647,0.0,0.0,0.0,0.0,0.044991958150193016,0.0,0.29628261547102114,0.0007166225898630464,0.0,0.06117973272105096,0.0,0.0,0.0
s06T4122,0.4118674110841431,0.0,0.0,0.03336075883917521,0.07730931788701706,0.007988226365287107,0.03104764172411763,0.0,0.003030518274136274,0.0027013614566768567,0.01577476014640684,0.0016382745094029364,0.0,0.01533022453376026,0.0,0.022116189966333136,0.0,0.3108197039192457,0.0026571347307218877,0.0,0.06260577492499407,0.0017527016385820748,0.0,0.0
s07T4122,0.2677990666513348,0.0,0.0,0.05337440706202769,0.12317855006141193,0.0,0.0611912971686077,0.0,0.008090243220181752,0.0,0.011106548931410297,0.021969773790102953,0.0,0.15567316768572814,0.0,0.0,0.0,0.15372986021603585,0.0,0.0,0.13093589741709463,0.012951187796064283,0.0,0.0
s08T4122,0.01286711756190945,0.07351498017091311,0.579757332997826,0.010605731515653949,0.0,0.0,0.0,0.0,0.0,0.0,0.00048694361980527486,0.3130662150416783,0.0,0.0,0.00626777345172384,0.0,0.0,0.0,0.0,0.0,0.0,0.0034339056404901116,0.0,0.0
s09T4122,0.23141910797532933,0.0,0.04677587650767375,0.4428893997440151,0.004053929916037123,0.0,0.008418200374324447,0.04192196385838915,0.0,0.0,0.008234212351592617,0.05815771030017594,0.0006662548128228505,0.004895796803472896,0.05740330649079254,0.0,0.0,0.0,0.0,0.003337684698952718,0.04288082605843784,0.0489457301079837,0.0,0.0
s10T4122,0.26601854254725027,0.00033892013864078634,0.009371943860636401,0.3893093959275477,0.03338622097488584,0.0,0.012101072339347941,0.038078344368122234,0.0,0.0,0.02787231871157868,0.023442436169891813,0.00012438020547565843,0.0,0.08890789428434046,0.0,0.0,0.0,0.0,0.002276704192338185,0.08011035124587562,0.02866147503406831,0.0,0.0
s11T4122,0.22986009101798607,0.0024735213299108133,0.0388684317786278,0.41749500564660086,0.03021433449664257,0.0,0.0006405428601913311,0.06756828995926234,0.0,0.0016604853451830095,0.028353413603040247,0.046491679678609496,0.0005929909194192691,0.0,0.05358020260745366,0.0,0.0,0.0,0.0,0.0015320990022752775,0.05517562693882404,0.019696648769525243,0.0006825535399795565,0.005114082506468355
s12T4122,0.25621351965196104,0.05357190033426839,0.008784424599505791,0.4166006876635974,0.023572502600215928,0.0003837392201532731,0.00528367334465074,0.07422959349227835,0.0,0.05399818540048865,0.04412005078339551,0.007961924832300016,0.0,0.0,0.0026111599749114684,0.0,0.0,0.0,0.0,0.0002841804676045202,0.02162290861140411,0.004159618499689681,0.019968630733429173,0.006633299790145828
s13T4122,0.2493991020981318,0.006908548718558397,0.015107683442073555,0.4719513556532299,0.010571989392211554,0.0,0.013301167974060064,0.03095697891997028,0.0,0.0050217132967388806,0.04800862586768001,0.01976029610199346,0.0017049088358987367,0.005957192074732486,0.05499369620864445,0.0,0.0,0.0,0.0,0.002198963271557623,0.0467356608364982,0.015788243531462753,0.0,0.0016338737765577962
s14T4122,0.33865072438590693,0.04719128945125566,0.002452774883693956,0.3229627294294355,0.054236746696009815,0.0034261151917569428,0.008355856675334523,0.05076785924424864,0.0,0.06804319880303596,0.060252607741168314,0.0,0.0,0.0,0.0,0.00449817651189067,0.0,0.005102560786281921,0.0,0.0,0.007184193776433746,0.0006269315856611586,0.02624823483788631,0.0
s15T4122,0.40622393051289485,0.031032284713685115,0.000963319913661456,0.14532752923923992,0.07728983678762126,0.007985803487286895,0.0159881484715924,0.030379293669294403,0.0,0.05990511990818817,0.07702764317535535,0.0,0.0003465600739484076,0.002404260857546869,0.0,0.011641235800130722,0.0,0.09084163702051144,0.0,0.0,0.033831301227815566,0.005947968098638345,0.0028641270425887864,0.0
s02M4222,0.45327641980793776,0.0028193250233069377,0.0,0.032161154567136085,0.06790427990666896,0.03237635521502747,0.002076967337063035,0.0,0.0,0.012854203078379537,0.011784371475783944,0.0,0.0,0.0,0.0,0.04356803639028171,0.0,0.31161570051268667,0.0005534427453745209,0.0,0.02764583690557861,0.001363907034774681,0.0,0.0
s03M4222,0.2813935609683661,0.0,0.0,0.03249058402867939,0.06249443713108308,0.0,0.04373221099963306,0.0,0.0,0.02109062475550645,0.02069003851180807,0.0,0.0,0.03221683101941974,0.0,0.01979461907618799,0.0,0.4860970935093162,0.0,0.0,0.0,0.0,0.0,0.0
s04M4222,0.30414960039307776,0.003122935173291431,0.0,0.020083928409671034,0.007861989046326729,0.18152774491490176,1.0588539215161876e-07,0.0,0.0,0.0957949854236073,0.03150443888957574,0.0,0.0,0.0,0.0,0.0317062059048603,0.0,0.3242480659592958,0.0,0.0,0.0,0.0,0.0,0.0
s05M4222,0.46606734603700756,0.001959244529540425,5.734851898605381e-05,0.016912832332545834,0.011599912811995128,0.10151197887754487,0.0072819058483841875,0.0,0.0,0.04570336997305564,0.010201121268048249,0.0,0.0,0.0,0.0,0.07525777687091569,0.0,0.26344716293197623,0.0,0.0,0.0,0.0,0.0,0.0
s06M4222,0.341065068187051,0.0040775754192797905,0.0,0.03938112030110864,0.04383139265683157,0.07528711220631525,0.0,0.0023108091775564496,0.002958512000817551,0.16878769406683475,0.03852170597473346,0.0,0.0,0.0,0.0,0.05777115300601659,0.0,0.22600785700345494,0.0,0.0,0.0,0.0,0.0,0.0
s07M4222,0.15602738160368015,0.0,0.0,0.11424502819079349,0.055142886572114615,0.0,0.05300930553710585,0.0,0.034433083805771515,0.003479643043745192,0.05641564847010693,0.004495956710738659,0.0,0.10686764206808867,0.0,0.0,0.0,0.40254065454836135,0.0,0.0,0.0,0.013342769449493667,0.0,0.0
s08M4222,0.0,0.08009960041150864,0.9194717807362773,0.0,0.0,0.0,6.378492560643363e-05,0.0,0.0,3.344664881808902e-05,0.0,0.0,0.0,0.00030647995856249556,0.0,0.0,0.0,2.490731922703602e-05,0.0,0.0,0.0,0.0,0.0,0.0
s09M4222,0.08312170065768293,0.0,0.2096414960101054,0.274154755517189,0.07245246593243888,0.0024412459083970133,0.001191279394047167,0.14055583394611193,0.0,0.007534852495103457,0.10421588909844726,0.0202491423356683,0.0,0.0,0.0,0.0,0.0015763884415252465,0.0,0.0,0.0,0.0,0.017592517460114226,0.0,0.06527243280316916
s10M4222,0.032676018097024834,0.0,0.010070568930013783,0.40239579005862774,0.09588068324400853,0.0,0.005535256866078156,0.11128591145824701,0.0,0.0,0.30341708253496985,0.0,0.0,0.004208626858091146,0.0,0.0,0.0,0.0,0.0,0.000241178188248033,0.0,0.01096619213430382,0.0,0.02332269163038712
s11M4222,0.08931509720868283,0.0,0.015295339581650361,0.5348645745003165,0.049170734896060546,0.0,0.009020821176747436,0.09666594155792249,0.0,0.0,0.13891902394229952,0.0055384657457499065,0.0,0.00845714008683124,0.0,0.0,0.00042427084791448974,0.0,0.0,0.0014694704116992314,0.0,0.025264963026487015,0.0,0.025594157017638453
s12M4222,0.07583725455215817,0.0,0.01380605278491811,0.5089153746632272,0.0,0.0,0.0,0.07189371308927106,0.00043100298173758504,0.0631635606836259,0.2363014510161318,0.0,0.0,0.004133998667279602,0.0,0.0,0.00026646761719476046,0.0,0.0,1.3675779484683285e-05,0.0,0.003341375538696992,0.0,0.021896072626274254
s13M4222,0.0023859123549733016,0.0,0.0035141669250789392,0.35547265587377236,0.025348799491356752,0.000689582083564551,0.0,0.1038998309926551,0.0,0.06431127355890483,0.40763771930074144,0.0,0.0,0.0,0.0,0.0,0.0,0.0,0.0,0.0,0.0,0.0,0.0,0.0367400594189528
s14M4222,0.089339443117221,0.0,6.761716543207193e-05,0.2842277237406279,0.07316758773486774,0.0,0.0,0.09273413661807092,0.0,0.11025738262492511,0.23171408775279367,0.0,0.0,0.0,0.0,0.0,0.0,0.11849202124606165,0.0,0.0,0.0,0.0,0.0,0.0
s15M4222,0.30887500573700905,0.0,0.0,0.19030824337350688,0.08955909898692131,0.0024153661558417743,0.02654045276940632,0.04223762511127325,0.0,0.0067698201786962385,0.09513353971578101,0.0,0.005636188291210794,0.014358746827683707,0.0,0.0,0.0,0.05768992968846675,0.007305602266148631,0.0,0.14355944964027126,0.0077168601256772645,0.0018940711321057367,0.0
s01X4222,0.1461405178223378,0.0,0.0,0.03291698283384445,0.010630707859503472,0.03829319130320164,0.02082908787029022,0.0,0.051063248799309936,0.0,0.07091312684836623,0.0008513076250961808,0.0,0.009118035788439314,0.0,0.0,0.0,0.3555260454543724,0.027416268660157683,0.0,0.23481448069443797,0.001486998440642771,0.0,0.0
s02T4222,0.09811285519367485,0.004379290088037665,0.0,0.013318841729917224,0.013636152485921585,0.0,0.009463917969398456,0.0,0.0020225508245127156,0.004114398577446711,0.007596181330095523,0.0,0.0,0.0,0.0,0.09457661583792684,0.0036101743542670955,0.7470553163880559,0.0,0.0,0.0,0.0,0.0021137052207454493,0.0
s03T4222,0.05598267769217123,0.000845978893968628,4.0911101017496555e-05,0.019686638633372902,0.02350064510723555,0.0,0.01069399956365704,0.0,0.006837254191583146,0.014867250916188133,0.016145645136899905,0.0,0.0,0.0,0.0,0.028127193284023515,0.0,0.8232718054798824,0.0,0.0,0.0,0.0,0.0,0.0
s04T4222,0.3124185904800401,0.0017751440876861626,0.00016682371443611175,0.028384006563015426,0.03586785549876116,0.09466567121771673,0.001148676864939929,0.0,0.010956453208269686,0.018909052826793508,0.02428656161348857,0.0,0.0,0.0,0.0,0.04850834211591564,0.0,0.3831538219271095,0.0,0.0,0.03975899988182747,0.0,0.0,0.0
s05T4222,0.08433566052218654,0.0026513651710164416,2.534129602585404e-05,0.016570796148894607,0.0,0.17644180702354184,0.0,0.0,0.0004024577849787072,0.0,0.01802731482306401,0.0,0.0,0.0,0.0,0.08246480851779266,0.0,0.6190804487124993,0.0,0.0,0.0,0.0,0.0,0.0
s06T4222,0.1421688730143748,0.0018300731403129741,0.003428650702846726,0.014436312151618658,0.026945611211986426,0.09251975854234797,0.005512836989468354,0.0,0.22927379788272625,0.03321665553847278,0.03438338454085439,0.0009837304540935145,0.0,0.0,0.0,0.00868408464547827,0.0,0.22833371636254046,0.04662191227703337,0.0,0.13166060254584505,0.0,0.0,0.0
s07T4222,0.26993856038105307,0.004249919190907331,0.0007582097484925917,0.05131769415110155,0.0885535716052261,0.0011792868391292959,0.05283298103744161,0.0,0.0,0.005278711975507366,0.007743942575970992,0.010536125672887498,0.0,0.09389023693862557,0.0,0.0,0.0,0.16902457758280204,0.02228452178665799,0.0,0.2197266253876272,0.002685035126569704,0.0,0.0
s08T4222,0.007985650195739814,0.03730678076358842,0.9507986969645249,0.0,0.0,0.0,0.0,0.0,0.0,0.0,0.0,0.0,0.0,0.0,0.0010218303194766448,0.0,0.0,7.973960713611835e-05,0.0,0.0,0.0,0.0,0.0028073021495340638,0.0
s09T4222,0.0,0.0,0.37427991885097744,0.17023223398574158,0.05666933290079515,0.0,0.0,0.16915979042434473,0.0,0.0,0.04254604302523633,0.11468213598260824,0.0,0.0,0.0,0.0,0.0,0.0,0.0,0.0,0.0,0.010060908469466027,0.015879356328835893,0.046490280031994596
s10T4222,0.008886685475606925,0.0,0.013067797025110428,0.3851129735099342,0.13501096117509842,0.0031760805930038634,0.0,0.19534236333883867,0.0,0.035015652058619395,0.16454500653184384,0.0,0.0,0.0,0.0,0.0012905227871995285,0.0005001017095260207,0.0,0.0,0.0,0.0,0.012286191064237787,0.006450272305102734,0.03931539242587827
s11T4222,0.0,0.0,0.02485425194731289,0.5314248996456671,0.06368234107501025,0.0,0.003230646494446881,0.10354756754165632,0.0,0.0,0.1810639760499659,0.009168330112382729,0.0,0.008728838343116328,0.0,0.0,0.0003819406085557131,0.0,0.0,0.0009529675785634526,0.0,0.05367335795226983,0.0,0.019290882651052506
s12T4222,0.0,0.0,0.03360708933156063,0.5385944674537834,0.08333148255723584,0.0,0.001256290327691684,0.12095023168694644,0.010096973324620014,0.0,0.14022667716224033,0.01403749379484966,0.0,0.005567589637650963,0.0,0.0,0.0010716608468908817,0.0,0.0,0.0,0.0,0.03277010645330946,0.0,0.018489937423220703
s13T4222,0.010732642958854349,0.0,0.015241753138792646,0.511792312139516,0.07702024096136857,0.0005947004788919063,0.0009724787077186143,0.10240043261187343,0.0,0.03466176750652295,0.23423070550830163,0.0,0.0,0.002088342468949185,0.0,0.0,0.0,0.0,0.0,0.0,0.0,0.0009165478332910129,0.0,0.00934807568591959
s14T4222,0.03933510450709001,0.01012977630160693,0.0022676400166008067,0.42825166762643674,0.10302853576072006,0.0029336984618494833,0.0,0.12629672055442823,0.0,0.018119094879735967,0.16678741113481985,0.0,0.0,0.0,0.0,0.0024065178910820917,0.0,0.0726886606161224,0.0,0.0,0.0,0.0,0.021932316290093623,0.00582285595941375
s15T4222,0.085590601940333,0.0,0.0,0.3836265243055139,0.013212373536522127,0.0,0.006827897753291231,0.007459723230436027,0.0,0.06273214235569222,0.23651699833242748,0.0,0.0009852283866022666,0.0,0.0,0.01864274172963893,0.0,0.18401220982582614,0.0,0.0,0.0,0.00039355860371678616,0.0,0.0
s02M4322,0.0,0.0,0.0,0.0010386232933772823,0.0,0.09045221568114102,0.0,0.0,0.0,0.0,0.0556530650652936,0.0,0.0,0.0,0.0,0.06171643874054914,0.0,0.791139657219639,0.0,0.0,0.0,0.0,0.0,0.0
s03M4322,0.008596950599165907,0.0013952599638367379,0.00046061547772794834,0.012720294067767526,0.0,0.04793426565379065,0.002771027549846547,0.0,0.00025049035554427184,0.0002808994944459835,0.051602033861306296,0.0,0.0,0.0,0.0,0.04845218090733038,0.0,0.8243827610279588,0.001153221041278801,0.0,0.0,0.0,0.0,0.0
s04M4322,0.12301171972777748,0.006839537802516313,0.0,0.04938458005365348,0.02386508240201494,0.023838236001222302,0.005452076460143019,0.0,0.0018800388441325545,0.014178442000307784,0.05636090119394354,0.0,0.0,0.0,0.0,0.07239497057423422,0.0,0.6060756048353957,0.0,0.0,0.0160465527447927,0.0006722573598658997,0.0,0.0
s05M4322,0.1104701737977012,0.00417315450221669,0.00040998684187916056,0.04482449232918443,0.02386375753142558,0.018096418594178876,0.0021901387984901463,0.0,0.012462751244892828,0.007830980774068255,0.05361743597348511,0.0,0.0,0.0,0.0,0.14888746885003246,0.0,0.43017490927391755,0.0,0.0,0.14299833148852778,0.0,0.0,0.0
s06M4322,0.08452973971858668,0.0010098003635694117,0.0,0.06907824165785839,0.0,0.015826149161860658,0.000991666577365287,0.0,0.050623672705786896,0.041328005030823775,0.0841947590648668,0.0,0.0,0.0,0.0,0.08671213179985231,0.0,0.5246770551386567,0.0,0.0,0.041028778780773136,0.0,0.0,0.0
s07M4322,0.03179229794789885,0.0,0.0,0.1197895210107672,0.07316948616944462,0.0,0.02072255596158679,0.017387014732149868,0.007231490224062902,0.0,0.10669704125973721,0.0,0.00011629058734419574,0.06030296037165694,0.0,0.0,0.0,0.36461323191597217,0.0,0.0,0.1659075599248845,0.03227054989449468,0.0,0.0
s08M4322,0.008713894893998438,0.00885677305204221,0.8824349200728979,0.0,0.0,0.0,0.0,0.0,0.0,0.0,1.313404553558614e-05,0.0685319452416307,0.0,0.0,0.0,0.0,0.031449332693895285,0.0,0.0,0.0,0.0,0.0,0.0,0.0
s09M4322,0.0542347969326676,0.003734850628278585,0.013469703168652696,0.5520577457989371,0.011048694891962132,0.0,0.0010493355778223253,0.04475559476352705,0.0,0.013398750108605811,0.06370940105883548,0.027157213265930444,0.004399002329880348,0.0,0.0,0.0,0.0,0.05952759901448215,0.0,0.0006134975527257512,0.07292199801218349,0.0779218168955091,0.0,0.0
s10M4322,0.12265882679517313,0.007515837756234981,0.005942227635350754,0.44778056325158144,0.01982060325399928,7.598095823512271e-05,0.0037303034286312407,0.02770397007135187,0.0004613541449458269,0.05113440834534415,0.1570962688110531,0.009359083856514315,0.023715334308416314,0.0,0.0,0.0,0.0,0.07514536141478402,0.001451552747252242,0.0,0.013776522752931898,0.03263180046820023,0.0,0.0
s11M4322,0.058280702236003346,0.002185923140473983,0.009450322922903018,0.49924304614028897,0.0047762644206515055,0.0,0.0,0.024396896266688565,0.00010087725495691275,0.14389274913025327,0.12799878674848808,0.01649089085737825,0.011991741074329147,0.0,0.0,0.0015748498182706328,0.0,0.07480733254449397,0.0,0.0004402501193470273,0.0,0.024369367325473297,0.0,0.0
s12M4322,0.07810793440388582,0.020053544647958232,0.0,0.38519785750940094,0.04432383943753018,0.0008979468765098781,0.0,0.049150927106867554,0.0,0.16128631856467576,0.09817461371082241,0.0,0.004866180059191361,0.0,0.0,0.0033829962632169713,0.0,0.15455784141994094,0.0,0.0,0.0,0.0,0.0,0.0
s13M4322,0.07838497900895128,0.0052625412708205465,0.0007933119566719841,0.458744311692459,0.07311301137120177,0.0005826475719945272,0.0,0.07612533068924146,0.00021157902786242468,0.07043554135550129,0.14281692371426202,0.0,0.014193353280544172,0.0,0.0,0.011545216311730923,0.0,0.06114580087217994,0.0,0.0,0.0,0.0,0.006645451876578625,0.0
s14M4322,0.18646265951692162,0.01415551621618082,0.0008895820240999361,0.3112460237308615,0.07597061423857111,0.00829073812855665,0.0,0.09026037328436169,0.001195469295846028,0.20260193224857612,0.027134621897333865,0.0,0.011968212548457218,0.0,0.0,0.020910967850892172,0.0,0.04838458825296828,0.0005287007663729147,0.0,0.0,0.0,0.0,0.0
s15M4322,0.14252332163224443,0.005728688540004089,0.0004993121598112682,0.2774758566430576,0.03175857496911392,0.0010077557838352744,0.0013004054404600759,0.019423483921461794,0.0,0.10973023984713753,0.10284381779157503,0.0,0.010177478320857112,0.0,0.0,0.05225864756809266,0.0,0.23868461803223215,6.230648972444823e-05,0.0,0.0,0.006525492860392567,0.0,0.0
s01X4322,0.05100772133699207,0.0,0.0,0.012429915785645963,0.0,0.0,0.014667754767949485,0.005190929082560954,0.0,0.0021531664805641082,0.0055471096192577386,0.0,0.0,0.11057163634485509,0.0,0.02183722592398059,0.0,0.7058505756347264,0.0,0.0,0.0,0.0707439650234677,0.0,0.0
s02T4322,0.4722906981783143,0.0017125892977787993,0.0,0.011279348206638142,0.012169166030924902,0.0,0.025402228373994116,0.0,0.0,0.006289177987308272,0.002460933484970744,0.0,0.0011966953416689126,0.298951021321041,0.0,0.030210978873718833,0.0006360847235367818,0.1335638869866408,0.0,0.0,0.0,0.0038371911934644803,0.0,0.0
s03T4322,0.5716171995625798,0.004334489292867668,0.0,0.0031401531867807113,0.01097324839377649,0.0,0.01960109892231189,0.0,0.003312463594203804,0.00829360820505611,0.0022775176142199034,0.0,0.0,0.21972265268917268,0.0,0.013670242459979472,0.0,0.14269231184474845,0.0,0.0,0.0,0.00036501423430293045,0.0,0.0
s04T4322,0.506924304120354,0.005496104020133979,0.0,0.0036641179004139207,0.011835983083352942,0.00030052245792925187,0.023154038795118213,0.0,0.0002526100754045756,0.00459377077714161,0.0,0.0,0.00013726467700708367,0.43070870561587415,0.0,0.0009137682387753641,0.0,0.0,0.0,0.01201881023849482,0.0,0.0,0.0,0.0
s05T4322,0.6629129918253016,0.0,0.0,0.011309417634120446,0.0,0.0,0.027592979969211597,0.0,0.0,0.0017214689116541119,0.0,0.0013299262565227568,0.0,0.28870038542502996,0.0,0.0,0.0,0.0,0.0,0.006432829978159648,0.0,0.0,0.0,0.0
s06T4322,0.576336696711,0.0,0.00019535521203581325,0.007009369504505121,0.0,0.0,0.01868346947901919,0.0,0.004405537869466287,0.005463347524044522,0.0,0.0,0.000786348437447247,0.37372017480857384,0.0,0.0,0.0,0.0,0.0,0.013399700453907952,0.0,0.0,0.0,0.0
s07T4322,0.32002159688148246,0.0,0.0,0.0,0.004164582640961964,0.0,0.03111832404063997,0.0,0.0,0.0014142842994900894,0.0,0.0,0.0,0.6391934585265366,0.0,0.0,0.0,0.004036422849085294,0.0,5.133076180348087e-05,0.0,0.0,0.0,0.0
s08T4322,0.0,0.031284704709770655,0.8292332430140869,0.0,0.0,0.0,0.0,0.0,0.0,0.0,0.00034386414722206374,0.11128171749556001,0.0,0.0,0.0,0.0,0.027856470633360483,0.0,0.0,0.0,0.0,0.0,0.0,0.0
s09T4322,0.0,0.013903555809140438,0.024033657349103035,0.26409994052686964,0.15823302527874664,0.004920249517109563,0.0,0.21822275176819708,0.0,0.00806687397509984,0.13602006057344687,0.051272166791585395,0.00922539767853191,0.0,0.0,0.0,0.013368503753332019,0.030745675989018638,0.0,0.0,0.0,0.03488632622920742,0.0,0.03300181476061142
s10T4322,0.0,0.0,0.007243265076958389,0.4731945968020076,0.09026306260574371,0.0014280682073395173,0.0,0.1155727167297038,0.0,0.0,0.2591362402403287,0.002417707849195156,0.014035339034665582,0.0,0.0,0.0,0.0,0.01143616543219001,0.0,0.0,0.0,0.02044094820703438,0.0,0.004831889814833267
s11T4322,0.0,0.0,0.06701626380441059,0.22031747608019006,0.1381187994425624,0.005707151507498189,0.0,0.18308932753871596,0.0,0.0015932592750110008,0.14574073537627535,0.13106455595005412,0.007892907353235395,0.0,0.0,0.0,0.012981662366097406,0.0,0.0,0.0,0.0,0.027617263573869465,0.0,0.0588605977320801
s12T4322,0.0,0.00621049630547265,0.0065904032290064795,0.20664369632426688,0.10917670525379491,0.0,0.0,0.15277957533627726,0.0,0.21484217551006654,0.19002639815191913,0.010140006123306379,0.004969832925060217,0.0,0.0,0.0,0.0019479672108322298,0.08198306222535867,0.0,0.0,0.0,0.0,0.0,0.014689681404638576
s13T4322,0.0,0.0,0.00290085363112322,0.35227782984435935,0.12937648358383697,0.0006337819707615528,0.0,0.12688874692757537,0.0002642948319072549,0.06698859834019953,0.2525707927939375,0.0,0.02062049498370665,0.0,0.0,0.0,0.0,0.026088780658519217,0.0,0.0,0.0,0.005489067070851236,0.0007273377543635882,0.015172937608858576
s14T4322,0.09794273495192006,0.0018711930572518623,0.0005004080354592901,0.23734819539114146,0.1076159371637038,0.0,0.0,0.08071944944246645,0.00039053708430868177,0.13256438014440125,0.12387091603186866,0.0,0.013459770328292472,0.0,0.0,0.0014029623646779907,0.0,0.20231351600450787,0.0,0.0,0.0,0.0,0.0,0.0
s15T4322,0.3314241923051661,0.0,0.0,0.015821272911627753,0.0,0.0,0.0263798212022314,0.0,0.0,0.0013882430727856737,0.005082806240942004,0.0,0.0,0.609240126045982,0.0,0.0,0.0,0.008772351362402092,0.0,0.0018450711825071834,0.0,4.6115676355751524e-05,0.0,0.0
s02M4422,0.7299783768619815,0.0027819794402615472,0.0003376563825869105,0.005905725820133426,0.0,0.001330841607278919,0.012667897360764761,0.0,0.0,0.015795638020774844,0.0013163254877652955,0.0,0.0,0.20852369867161755,0.0,0.0,0.0,0.02042829337234317,0.0,0.0009335669744921522,0.0,0.0,0.0,0.0
s03M4422,0.5999116614549751,0.0,0.00019977431219280633,0.006118130013403985,0.0,0.0,0.01656968707783094,0.0,0.013747055015117481,0.00663792507248718,0.0013635660367545814,0.0,0.0,0.3319585699748667,0.0,0.0,0.0,0.02201554977753825,0.0,0.0014780812648329538,0.0,0.0,0.0,0.0
s04M4422,0.8108273710376975,0.00618191318845114,0.0,0.001402073167062279,0.0,0.00034792329478389557,0.010727912230293495,0.0,0.00826094962073528,0.006493163380938516,0.001509671653607397,0.0,0.0,0.14111698549878948,0.0,0.0,0.0,0.013132036927641012,0.0,0.0,0.0,0.0,0.0,0.0
s05M4422,0.8203995979848954,0.001454503985128044,0.0007503182509292096,0.006178313278775047,0.0,0.0,0.008775573192479165,0.0,0.0027194712931523117,0.010501569156438198,0.0025240576931129352,0.0,0.0,0.12887149257843808,0.0,0.0,0.0,0.017825102586651567,0.0,0.0,0.0,0.0,0.0,0.0
s07M4422,0.39735329200390646,0.0,0.0,0.0057582768620045065,0.009269002107656143,0.0,0.028817109853754744,0.0,0.0003032613067970844,0.0049002532169598635,0.0010483080994372622,0.0,0.0,0.5459996334682121,0.0,0.0,0.0,0.0065508630812717095,0.0,0.0,0.0,0.0,0.0,0.0
s08M4422,0.000537940686285611,0.0,0.9355560395120212,0.0,0.0,0.0,0.0,0.0,0.0,0.0,0.0,0.005117207672939348,0.0,0.0,0.0002567230808327186,0.0,0.058532089047921024,0.0,0.0,0.0,0.0,0.0,0.0,0.0
s09M4422,0.0,0.0,0.110787694160065,0.3802297456505709,0.024591199430626633,0.0,0.0,0.19110856175547972,0.0,0.0,0.1266163130027911,0.06700582275868613,0.0,0.0,0.0,0.0,0.0020693651889719944,0.0,0.0,0.0,0.0,0.027980504056808426,0.01426304446586105,0.05534774953013903
s10M4422,0.04520124977414054,0.0,0.0,0.2957619162708836,0.12073146550625867,0.0011608268204832584,0.0,0.17443852150844583,0.0,0.07813807566888227,0.18766615785509533,0.0,0.005108390283081474,0.06416140902659707,0.0,0.004528524077304188,0.0,0.008300653100481708,0.0,0.0,0.0,0.008632641124464607,0.0,0.006170168983881405
s11M4422,0.0,0.0,0.02775486873002041,0.2373461275794975,0.11466837484732507,0.0013647727610124455,0.0,0.2135610527290219,0.0,0.07456828901343292,0.2835584102434406,0.002273328488592122,0.009248776166612039,0.008516008827414788,0.0,0.0,3.25460607411936e-05,0.0,0.0,0.0,0.0,0.004932326364373403,0.0,0.022175118188515665
s12M4422,0.003220422228733606,0.0,0.006521107530144942,0.2736562273483259,0.08800226697059121,0.0,0.0,0.15199803212878657,0.0007500451736156023,0.1382903769277574,0.2427814742659737,0.0,0.017496504993906408,0.03095739466258662,0.0,0.0,0.0,0.027522188420971348,0.0,0.0,0.0,0.0023025566211288505,0.0,0.016501402727477802
s13M4422,0.08592848196783129,0.0,0.0007300536413385116,0.37423124072390596,0.03874984957508818,0.0,0.0012663507975162148,0.07318380402326116,0.000365426284235405,0.061059428211526816,0.2562750438817474,0.0,0.016794478059656958,0.07684038903809481,0.0,0.0,0.0,0.009520939483386365,0.0,0.0,0.0,0.005054514312411087,0.0,0.0
s14M4422,0.4091614793856057,0.0,0.0,0.19544773732438558,0.010962999814888684,0.0,0.008108974336705937,0.017274760154425195,0.00017785138396368653,0.04345631654891015,0.0709516536864973,0.0,0.014223491570452522,0.15511721968083297,0.0,0.00865780380802248,0.0,0.06557211637991332,0.0,0.0008875959253963377,0.0,0.0,0.0,0.0
s15M4422,0.49794986840278826,0.0,0.0,0.027614135955065705,0.0,0.0,0.018244275481731846,0.0,0.0,0.003928386990342882,0.005200853233302635,0.0,0.0,0.4424789364195413,0.0,0.0,0.0,0.001720247182520136,0.000430840484003906,0.0024324558507033815,0.0,0.0,0.0,0.0
s01X4422,0.04589759013617134,0.0,0.0,0.005066338931003413,0.0,0.04059843581852637,0.0033753592773730925,0.0,0.0,0.0046052888806747665,0.02345720956658517,0.0,0.0,0.000316498687456596,0.0,0.009868339081705969,0.0,0.8591887550367475,0.00762618458375585,0.0,0.0,0.0,0.0,0.0
s02T4422,0.529155448827557,0.0008974400266872354,0.00030643342842252196,0.02070642530427945,0.0,0.00046129638154222965,0.005096113294052023,0.0,0.0,0.013594336258565933,0.009477956299800465,0.0,0.0007818137004323422,0.1400312243338431,0.0,0.020476216936290634,0.0,0.2585026993795477,0.0005125958289792878,0.0,0.0,0.0,0.0,0.0
s03T4422,0.5244001419899543,0.002709415900347436,2.803706863541972e-05,0.018889191587289408,0.0,0.0,0.006919267695145375,0.0,0.0,0.009370152262330162,0.012878644714571537,0.0,0.0,0.14565051673519278,0.0,0.0002633067937391587,0.0,0.2788913252527944,0.0,0.0,0.0,0.0,0.0,0.0
s04T4422,0.6693691726513272,0.0027520729107879784,0.0002489335861640394,0.023442840612232473,0.0,0.00026363070670889767,0.006719010699688345,0.0,0.0,0.01593501480990995,0.00963100606705778,0.0,0.0,0.08538733420667681,0.0,0.019546769112848448,0.0,0.16670421463659796,0.0,0.0,0.0,0.0,0.0,0.0
s05T4422,0.7181112626137761,0.004866902002350111,0.0,0.010992970163045712,0.006285696127685139,0.0028423867145136563,0.0012661776667556499,0.0,0.0,0.01971606179522128,0.009588246584081217,0.0,0.0,0.01097186856707772,0.0,0.071900554296679,0.0,0.1434578734688145,0.0,0.0,0.0,0.0,0.0,0.0
s06T4422,0.6980988256498017,0.0072455499635218365,0.0,0.016840850667015926,0.0,0.007972269397304659,0.0,2.8745057504246255e-05,0.0,0.050378460904214904,0.021008207841955506,0.0,0.0,0.0,0.0,0.021496392026394223,0.0,0.17693069849228688,0.0,0.0,0.0,0.0,0.0,0.0
s07T4422,0.5344598348826864,0.006202067127712126,0.0,0.021601634226786827,0.021841676626787907,0.0020932718578606543,0.010318678675346072,0.0,0.0014042586704126456,0.007908448240819328,0.012022788304548775,0.0012176479361285743,0.0034362640101857807,0.2572324864647914,0.0,0.0,0.0,0.08619297094301821,0.0,0.0,0.0308199598309204,0.003248012201994958,0.0,0.0
s08T4422,0.0,0.9033425834990074,0.07102031309862218,0.0,0.0029493196302543215,0.0,0.0,0.0,0.0,0.0,0.00020549628810684583,0.022482287484009263,0.0,0.0,0.0,0.0,0.0,0.0,0.0,0.0,0.0,0.0,0.0,0.0
s09T4422,0.0,0.04353636164824937,0.05641628387246684,0.2597856191137774,0.0776465973479502,0.0005142850699639069,0.0,0.14151875286713664,0.0,0.0,0.04063076203918423,0.24713099151780618,0.0,0.0,0.0,0.0,0.0006854982594688041,0.0,0.0,0.0,0.0,0.08266389242267462,0.0,0.04947095584132177
s10T4422,0.05519390876313773,0.0,0.003834867970360764,0.3520826163012426,0.12140137502155679,0.001034044497816483,0.0,0.14198684789750882,0.0,0.029273351582017906,0.12218943694126312,0.00356223092016504,0.007605564785989645,0.008771972350603306,0.0,0.008770421371534304,0.0005798209526220545,0.044687113840700794,0.0,0.0,0.039201585786197285,0.04911970099743711,0.0,0.010705140019846316
s11T4422,0.008636682587362296,0.0028033908363162725,0.010603211840631696,0.31658937474365234,0.16864262714091283,0.0035694842514913247,0.0,0.17826357810097374,0.0,0.013877144350258384,0.1231983615006104,0.03525502575641996,0.00652688879510903,0.005382080276702468,0.0,0.0012397766524882383,0.0015133472114674466,0.011002281340770335,0.0,0.0,0.0076054240913301695,0.06401810761611573,0.0,0.04127321290738735
s12T4422,0.07405709160757593,0.01658126445904036,0.00250628131277685,0.35985347893468783,0.11063341650202867,0.0,0.0,0.12524996935578273,0.0,0.07277364225512456,0.1092982432286265,0.0,0.00860524849970707,0.007212445777008139,0.0,0.0,0.0,0.07757872061141241,0.0,0.0,0.02088544348878142,0.013410294096238179,0.0,0.0013544598712092436
s13T4422,0.06492086406232767,0.006148958671551342,0.002420218228445757,0.3912175120537268,0.07264953498294142,0.0,0.0,0.08111070223787842,0.0,0.0903966759115531,0.11507826536454516,0.0,0.009141714414479836,0.00982678941433009,0.0,0.0003491794648600354,0.0,0.13150175175228068,0.00021332619221677305,0.0,0.0,0.02502450724886294,0.0,0.0
s14T4422,0.19087503618191032,0.0032342757392394713,0.0006652229161019422,0.3660691629422314,0.043722665799992226,0.0,0.0,0.04453498754142488,0.0,0.0649665752220162,0.11418003985320553,0.0,0.005197688347188081,0.014927090130351782,0.0,0.0062506599287619515,0.0,0.14514771333914264,0.0,0.00022888205843348824,0.0,0.0,0.0,0.0
s15T4422,0.4290471035593605,0.0,0.00012786319362517875,0.04720323895484173,0.0,0.0,0.012207662332836459,0.0,0.0,0.030703081269428535,0.02579912311928525,0.0,0.0014796925510230136,0.2688228638796844,0.0,0.007334174156994154,0.0,0.1731188713967303,0.002130867043062444,0.0,0.0,0.0020254585431279913,0.0,0.0
s02M4522,0.46279853541529886,0.0,0.0,0.009364418294139946,0.0035477658529101314,0.009535018938846925,0.005786862596740398,0.0,0.01820604814955475,0.0067292016589114495,0.007592635707449781,0.0,0.0,0.06689182084858661,0.0,0.07611080114147083,0.0,0.3186934852663344,0.0,0.0,0.014205567698006115,0.0005378384317498529,0.0,0.0
s03M4522,0.3916007543093235,0.0,0.0,0.008636119424649024,0.0,0.021859528924087695,0.0008368211599289144,0.0,0.0,0.016835784829408222,0.016822110720273963,0.0,0.0,0.0111960505055301,0.0,0.10027536782461946,0.0,0.43193746230217916,0.0,0.0,0.0,0.0,0.0,0.0
s04M4522,0.7939704629682407,0.002960523415060742,0.000165797643375012,0.009632871443868408,0.0036777414023962058,0.0,0.0010720540913118598,0.0,0.0,0.005933092511706836,0.00462877294559172,0.0,0.0,0.042004326824502614,0.0,0.0,0.0,0.09422244515307225,0.0,0.0,0.04128525048518232,0.00044666111569146454,0.0,0.0
s05M4522,0.7039470750897098,0.003391518140258007,0.0002783256217484585,0.01516433166063805,0.0,0.0008473288553957405,0.0033825272345741116,0.0,0.0,0.007733588135596999,0.0037934100005279385,0.0,0.004279472696171479,0.1398664242470351,0.0,0.023707640421264387,0.0,0.09163249636929259,0.0,0.0006853496015662458,0.0,0.001290511926221188,0.0,0.0
s06M4522,0.7369811707436621,0.0012067642907600741,0.0005133667405516196,0.01291527935749978,0.0033671255370872973,0.0,0.004539832598619015,0.0,0.0006101160392727699,0.0047597099868980424,0.0014814840101312354,8.643452392488284e-05,0.0019908453839622546,0.12153266010942165,0.0,0.0019170471597583978,0.0,0.06562599142099668,0.0,0.0005855027182031338,0.04000047631765136,0.0018861930615998084,0.0,0.0
s07M4522,0.4410547075486087,0.00011633170915215674,0.00011641535593098387,0.024027955943758277,0.0,0.0,0.004098774309646272,0.0,0.0,0.012484612986368849,0.01932374468344861,0.0,0.0002308163840055292,0.2768212812069771,0.0,0.0,0.0,0.22170069490604122,0.0,2.466496606214835e-05,0.0,0.0,0.0,0.0
s08M4522,0.0,0.9385271046403892,0.05313045754046306,0.0,0.004792367921624001,0.0,0.0,0.0,0.0,0.0,4.5269034179376956e-05,0.0035048008633442847,0.0,0.0,0.0,0.0,0.0,0.0,0.0,0.0,0.0,0.0,0.0,0.0
s09M4522,0.12171953502248933,0.0022240005735373316,0.0007187092360822215,0.2700610102450779,0.09136452943532576,0.0,0.0011937552536982535,0.08783440885797078,0.0,0.04180628134723073,0.14500980592231608,0.0,0.0017430239075653794,0.01567690668139729,0.0,0.03207455567297702,0.0,0.15529787961412087,0.0,0.0,0.01135780563516927,0.01150694333954759,0.0,0.010410849255494212
s10M4522,0.22134048311562066,0.019115532351976643,0.00094884563558026,0.3009021408872938,0.014956490504291332,0.0022789824714821486,2.733442359146864e-05,0.02641381592617758,0.0,0.09148757216123105,0.10291176562647573,0.004439449285181585,0.009139913541202858,0.011883797526812682,0.0,0.031132543266985842,0.0,0.14158140651528,0.0,0.0,0.015406791303929614,0.006033135456886889,0.0,0.0
s11M4522,0.09019292095743874,0.05855234791273143,0.00337007557702867,0.2445573861446024,0.0775392136214915,0.0006835789759871487,0.0,0.07612284867302951,0.0,0.08113176629043303,0.14273970700723085,0.024960763369506832,0.008768952927510655,0.0,0.0,0.01335204975118074,0.0002715552088417112,0.11329923225832356,0.0,0.0,0.0,0.008627608142652196,0.0,0.055829993182011074
s12M4522,0.1302978755370627,0.1628772153934685,7.487927541060704e-05,0.11383860349122367,0.06319045081280658,0.005030858914483421,0.0,0.07777481507540815,0.0,0.10506054740035121,0.06874903630646617,0.011454737427685806,0.0029446067369645695,0.0,0.0,0.04315727161938864,0.0,0.1124734595967735,0.010141884132870567,0.0,0.08970711464796838,0.0032266436316674787,0.0,0.0
s13M4522,0.16171861465554233,0.055481618500722675,0.0006157965151660348,0.1929491351611189,0.08002685607859282,0.003453794382124977,0.0,0.07738024006025754,0.0,0.11187621138971339,0.06847010062157305,0.0,0.0,0.0,0.0,0.07097429186389671,0.0,0.14955117036399537,0.0,0.0,0.027432204365376012,6.996604192023723e-05,0.0,0.0
s14M4522,0.20083707344280974,0.02082486531858472,0.0001860755126873172,0.1203759964124888,0.08342185681208222,0.0060950400695395,0.0,0.053659696771075,0.0,0.10030690762737167,0.04144898594699293,0.0,0.0,0.0003175250743098075,0.0,0.22933752755514633,0.0,0.11971263749012999,0.0,0.0,0.02347581196678183,0.0,0.0,0.0
s15M4522,0.5634945702260195,0.0,0.0,0.022712933059892637,0.0,0.0,0.0037060561444678818,0.0,0.0,0.004659592840974064,0.005409032346831197,0.0,0.0006254654768025075,0.3350071662148349,0.0,0.012669958189413159,0.0,0.046267171434322026,0.00038309804002363746,0.005064956026418525,0.0,0.0,0.0,0.0
s01X4522,0.5132442667410319,0.0,0.0,0.0,0.0,0.0,0.005487006433407801,0.0,0.0,0.0018701711049356306,0.0008487261161705085,0.0017876743396038305,0.0,0.40003464557546325,0.0,0.0,0.0,0.053335111512784125,0.021450819386763173,0.001838100750905159,0.0,0.0,0.0001034780389346571,0.0
s02T4522,0.6298205575714069,0.0035444977972749273,0.0,0.0028326628797664863,0.013749583598921197,0.008075422432493354,0.004354759961610797,0.0,0.002586436662739991,0.004565055195579084,0.004671584524353212,0.0003734254352865125,0.002068156548381919,0.16991517464418074,0.0,0.011879596401436756,0.0,0.0988294978822977,0.0,0.0,0.040817302317360714,0.0019162861469098013,0.0,0.0
s03T4522,0.7848744859896021,0.005229967051254223,0.0,0.005500152865578434,0.013776527881364381,0.010657949188234877,0.0017098235945199427,0.0,0.0007997285421129079,0.005295484297172237,0.007318455993616526,0.0,0.0,0.004038513284450666,0.0,0.002045825544538416,0.0,0.05087002729230938,0.0,0.0,0.10767060738387484,0.000212451091371153,0.0,0.0
s04T4522,0.6897346374315214,0.004464062751308298,0.0,0.009692863039426345,0.010586146986761637,0.013369407919061597,0.006125362375463549,0.0,0.003004350647450206,0.00476502685018039,0.00543706068627832,0.0009322057926461868,0.00013547116357118572,0.11727862181960072,0.0,0.016086184871695844,0.0,0.08387335487279333,0.0,0.0,0.03399719110683195,0.0005180516854089599,0.0,0.0
s05T4522,0.740171436157879,0.0060546964629476525,0.0,0.014678959873865971,0.011454281389983972,0.014411230904920575,0.002562858334184494,0.0,0.005376511636864409,0.0019341059184715176,0.006573987590141417,0.0,0.001994062132564537,0.06057320130192102,0.0,0.009999695675844444,0.0,0.06483561187529578,0.00137047845372865,0.0,0.05764853610882081,0.0003603461825658159,0.0,0.0
s06T4522,0.8827292718276004,0.006233067175676482,0.0,0.01535541879995133,0.0,0.005402267862119232,0.0002590428855490147,0.0,0.005887666656867739,0.004538077317584991,0.005227989365244115,0.0,0.0,0.0,0.0,0.013471829151922615,0.0,0.041720008245065145,0.0,0.0,0.019175360712418908,0.0,0.0,0.0
s07T4522,0.45483868582704035,0.0,0.0,0.006728555730033443,0.003755322719439456,0.00015069332810424996,0.004981786835082377,0.0,0.00053968682997649,0.010418324813102708,0.005485512203715845,0.0028423768008131543,0.0,0.44217191293873503,0.0,0.007115884385272528,0.0,0.060971257588684394,0.0,0.0,0.0,0.0,0.0,0.0
s08T4522,0.0,0.9048097657798095,0.0506688260159511,0.0,0.005765001930814191,0.0,0.0,0.0,0.0,0.0,2.2439043118720616e-05,0.03873396723030649,0.0,0.0,0.0,0.0,0.0,0.0,0.0,0.0,0.0,0.0,0.0,0.0
s09T4522,0.04380353207710936,0.014542666199726623,0.003284670069554647,0.3252902564337208,0.018183888419362117,0.0008940947488100229,0.0,0.22749005300522224,0.0,0.0,0.12862567397171024,0.22698108659094282,0.0,0.005043726216975989,0.0,0.0,0.0,0.0,0.0,0.004913561782866707,0.0,0.0009467904839983223,0.0,0.0
s10T4522,0.2620132779897662,0.01904681180323605,0.0005011727734593267,0.2697444374923477,0.02545344935629325,0.0026912229904772554,0.00025064009990314657,0.03321444767386275,0.0,0.13286665823733984,0.08151220395333086,0.0,0.008867965627240904,0.016335000718091505,0.0,0.014599128951543874,0.0,0.13133639725256713,0.0008655477977170968,0.0,0.0,0.0007016372828231387,0.0,0.0
s11T4522,0.18277166760261004,0.031157607319089405,0.0009775465134902984,0.3185225076154993,0.04820656052873766,0.0005800765865046546,0.0,0.056550596537201514,0.0,0.11227677272901188,0.14935051200303337,0.005319308143953988,0.0058090194789500275,0.0011708556979120246,0.0,0.00440568021227168,0.0,0.07520771347988302,0.0,0.00029924990420024817,0.0,0.0,0.0,0.0073943256476508125
s12T4522,0.16519244908882388,0.04522708830143569,0.0003258612532776991,0.18376700444186383,0.06697833223367275,0.007140563451637431,0.0,0.06500684075900151,0.0,0.17932577246374337,0.12981337313816774,0.0,0.0,0.0,0.0,0.03067509232166512,0.0,0.12421383929032956,0.0,0.0,0.0,0.0,0.0,0.002333783256381485
s13T4522,0.24582569833371265,0.017720098273814437,9.990933238515215e-05,0.17670314867096637,0.06905942618488876,0.0035522081238948226,0.0,0.05273064891492753,0.0,0.139607920827826,0.059095015256411115,0.0,0.0,0.00011675807482282342,0.0,0.08163400778589759,0.0,0.15385516022045262,0.0,0.0,0.0,0.0,0.0,0.0
s14T4522,0.32954208533230306,0.009612720290778459,0.00034922280693391595,0.19787507716237157,0.046062449386177165,0.0020333077317244478,0.0,0.04527949783032767,0.0,0.1426712078281638,0.06281169579855524,0.0,0.00047976129294280114,0.007230813000837634,0.0,0.02456611420702605,0.0,0.13148604733185823,0.0,0.0,0.0,0.0,0.0,0.0
s15T4522,0.5825612831660403,0.0041409957455015595,0.0008771124700842003,0.07493706580303533,0.0,2.0568904055894417e-06,7.908925660386031e-05,0.002412125950366262,0.0,0.06371657430847733,0.020653037958172114,0.0,0.0044451805697366936,0.16312639506384297,0.0,0.0,0.0,0.0810504441688658,0.0010872508011060245,0.0009113878477620825,0.0,0.0,0.0,0.0
s02M4622,0.1202666719269883,0.0,0.0,0.013072042239040058,0.0,0.004002791754243247,0.0013786784747319364,0.0,0.0,0.0,0.018002297862730186,0.0,0.0,0.011070646458808911,0.0,0.12699535753090813,0.003909632073866255,0.5100753976808694,0.0018575786086533345,0.0,0.18936890538916024,0.0,0.0,0.0
s03M4622,0.18893337646205083,0.0,0.0,0.009321383623912627,0.0,0.01125804525058208,0.0015141251641502258,0.0,0.003798396155234171,0.0,0.011527142574479475,0.0,0.0,0.006238783779218274,0.0,0.12092549972833987,0.0,0.37546661317501107,0.0,0.0,0.27043956709715516,0.0005770669898662373,0.0,0.0
s04M4622,0.2697990331031591,0.0,0.0,0.008660063194196928,0.0,0.009655120589038795,0.004034188046573959,0.0,0.030417138474933565,0.0,0.010329598919954696,0.0,0.0075540167692808285,0.0,0.0,0.04449310589124338,0.0,0.26800650579510693,0.005169240740154328,0.0,0.3399404566383398,0.0019415318380176423,0.0,0.0
s05M4622,0.23672806850763517,0.0,0.0,0.002574519329302582,0.008831276792182414,0.0020095529487626764,0.0034657736170559733,0.0,0.014923667474286697,0.0,0.009716303138344144,0.0,0.003463431312793524,0.0,0.0,0.016497202653374062,0.0,0.23761094012110148,0.0,0.0,0.46245963468399526,0.0017196294211659924,0.0,0.0
s06M4622,0.23573801468200237,0.0,0.0,0.005389729644011739,0.019596350552656384,0.0,0.005899572060566019,0.0,0.1522309545835939,0.0,0.006619179058425143,0.0,0.0,0.006965215406701161,0.0,0.0,0.0,0.13802155915145464,0.05211996833223829,0.0,0.37478607728682295,0.0026333792415273722,0.0,0.0
s07M4622,0.2148592191325283,0.0,0.0,0.011159384389404278,0.009975120751427693,0.0,0.006437700289302988,0.0,0.0017411007423706007,0.0,0.008860722525745242,0.0014433993432451501,0.015119869810827509,0.0811390734932321,0.0,0.0015758541455006105,0.0,0.39940851176677744,0.0,0.0,0.24293224855138004,0.005347795058258053,0.0,0.0
s08M4622,0.0,0.903697105039127,0.016423796096446387,0.006931610507010748,0.0,0.0,0.0,0.0,0.0,0.0,0.00032554606862411124,0.07262194228879175,0.0,0.0,0.0,0.0,0.0,0.0,0.0,0.0,0.0,0.0,0.0,0.0
s09M4622,0.1687292276964047,0.027008413066722532,0.0,0.6058522717801827,0.0,0.0,0.0,0.012720168543378565,0.0,0.0,0.05022696857163021,0.08357551881642238,0.0009838723384508119,0.015062781823210374,0.0,0.0,0.0,0.0,0.0,0.004398607754038207,0.029978379967007293,0.001463789642552101,0.0,0.0
s10M4622,0.18333838929478571,0.029065585022294883,0.0,0.2944822743978291,0.06270599423903765,0.0,0.0,0.05673270107562311,0.0,0.0984763579369729,0.16573041463768168,0.013712262448965411,0.004150179816229583,0.0,0.0,0.0,0.0,0.047359834334281224,0.0,0.0005354853187890942,0.03220743275409582,7.289237121782054e-05,0.0,0.011430196352196068
s11M4622,0.2567940287727106,0.028475138707579353,0.0,0.3438406333849357,0.00022527961657003501,0.0,0.0,0.016296813643261653,0.0,0.1306104490568541,0.11253068818730508,0.01119310596413733,0.005167993246921001,0.00504460085005094,0.0,0.0022749291764012657,0.0,0.05845764840327481,0.00014337656377483423,0.0005141598063765125,0.02777246285632947,0.0,0.0,0.0006586917635172032
s13M4622,0.23255406228828926,0.02175960806505715,8.858235649408851e-05,0.30228369343190725,0.052629698845447166,0.0,0.0,0.04608449873010952,0.0,0.1478244197210725,0.10552037086624037,0.0061923277766644455,0.004598618446789728,0.0,0.0,0.0037117572386253226,0.0,0.07675236223330309,0.0,0.0,0.0,0.0,0.0,0.0
s14M4622,0.29656626080769893,0.035103721044287946,0.0,0.22952374230189168,0.04084063993930935,0.002431213313575912,0.0,0.04034496153667529,0.0,0.17717672567364448,0.05887320721406164,0.009844248594438916,0.0005255069982058887,0.0,0.0,0.03375857538283312,0.0,0.0714393095680905,0.0,0.0,0.0035718876252863897,0.0,0.0,0.0
s15M4622,0.4148480351786453,0.009464119180459172,2.0433134108844075e-05,0.1519152560079001,0.0,0.008523020957195027,0.0,0.005960716088228356,0.0,0.14558733928355935,0.0413913826710504,0.0,0.0018977412162969976,0.015545938402716617,0.0,0.03963831308831077,0.0,0.16398759986386405,0.0012201049276649354,0.0,0.0,0.0,0.0,0.0
s01X4622,0.08184216906330699,0.0,0.0,0.0019044659748511902,0.0,0.009963079119640655,0.002352423316912613,0.0,0.0,0.0,0.04875361302218223,0.0,0.024140860450581312,0.00032262490022811626,0.0,0.005023066975221864,0.0,0.5533058927919661,0.015596484815417273,0.002500208114248349,0.2526577019450468,0.0016374095103965623,0.0,0.0
s02T4622,0.07955420645040369,0.0,0.0,0.0,0.03279413868195545,0.0,0.009376426371272055,0.0,0.0013275992991642232,0.0,0.0,0.0,0.0,0.0,0.0,0.0,0.0016282044383980302,0.08675597921067389,0.0,0.0,0.7831119682967232,0.005451477251409452,0.0,0.0
s03T4622,0.09695418157856568,0.0,0.0,0.0,0.0373155065712628,0.0,0.011824544167187792,0.0,0.008266285667880152,0.0,0.0,0.0,0.0,0.0,0.0,0.0,0.0,0.031868054266335995,0.0,0.0,0.8083915904814746,0.005379837267292907,0.0,0.0
s04T4622,0.11434960882683812,0.0,0.0,0.0,0.02433965223281528,0.0,0.010543598358551082,0.0,0.04208657515720206,0.0,0.0053640125136440835,0.0,0.0,0.0,0.0,0.0,0.0,0.058426871611829544,0.0,0.0,0.7380761242273396,0.006813557071780243,0.0,0.0
s05T4622,0.09289163309644625,0.0,0.0,0.0024538743063808413,0.0021440941221144436,0.0,0.011421182384727684,0.0,0.07335423315045336,0.0,0.014295256492996839,0.0,0.0005078375021339651,0.0,0.0,0.0,0.0,0.11107890491742076,0.011735127366668324,0.0,0.6757210605309099,0.004396796129747649,0.0,0.0
s06T4622,0.09547854402997664,0.0,0.0,0.0006089700474080136,0.01941677662993444,0.0,0.01279092622903424,0.0,0.0207421259353623,0.0,0.011859582240752774,0.0,0.0019840860583135323,0.0,0.0,0.0,0.0,0.18321739399796633,0.0,0.0,0.6484435955198915,0.0054579993113604095,0.0,0.0
s07T4622,0.033881139896497936,0.0,0.0,0.0006088893522456616,0.00222963278888261,0.0,0.002301630073893089,0.0,0.0,0.0,0.0007346995840151418,0.0,0.0,0.0,0.0,0.0,0.0,0.1387182200890986,0.0,0.0,0.8187912505141398,0.002734537701227077,0.0,0.0
s08T4622,0.0,0.8307647111506489,0.030659589136333196,0.0,0.000508011042661078,0.0,0.0,0.0,0.0,0.0,0.0002661481569777778,0.13780154051337898,0.0,0.0,0.0,0.0,0.0,0.0,0.0,0.0,0.0,0.0,0.0,0.0
s09T4622,0.16093691488924555,0.14652651350913715,0.0133982081967022,0.12428580354497337,0.0,0.0,0.0017377662595043325,0.0008399732530019313,0.0,0.004906712350760938,0.0966916148514776,0.1566604051648028,0.009415080021595997,0.0,0.0,0.0024318197410416608,0.0,0.11066853122920237,0.013396490727159155,0.0012031513839277411,0.1527611631687226,0.004139851708744572,0.0,0.0
s10T4622,0.15489422710022863,0.013098021016953931,0.0,0.240872280478877,0.0,0.0,0.0,0.0,0.0,0.017331377853379154,0.19126776352597394,0.008769270412822322,0.008582028555092098,0.0010441400736451438,0.0036286606185511627,0.0,0.0,0.22581253228074116,0.0,0.002439542095384496,0.13120352057698662,0.0010566354113643258,0.0,0.0
s11T4622,0.2337646770336,0.015568532484484966,0.0,0.21848928018556407,0.0,0.0,0.0,0.0,0.0,0.09504801111554269,0.13663422304540274,0.0015592345323235284,0.010056778319348637,0.0012522130523258113,0.0,0.015031776775479112,0.0,0.2698729505062315,0.0019687167156329953,0.0007536062340639986,0.0,0.0,0.0,0.0
s12T4622,0.20844919663425004,0.015873928195135667,0.0,0.23957259268206194,0.01534183448910741,0.0,0.0,0.01765487330230441,0.0,0.061784154490901265,0.14564658600731156,0.0,0.0055957492073184355,0.0,0.0,0.00994879309171199,0.0,0.2398406825021907,0.0009628428312112113,0.00034329944016591113,0.038985467126329394,0.0,0.0,0.0
s13T4622,0.22507282290214708,0.014073024326648245,0.0,0.21996164537404284,0.03776834095002376,0.002010701136426318,0.0,0.026220379942469427,0.0,0.0633992570624402,0.1453868312455421,0.0,0.005764192654942275,0.0,0.0,0.025733371068364735,0.0,0.164949599129531,0.0029732179344016015,0.0,0.06668661627302036,0.0,0.0,0.0
s14T4622,0.21679518382235946,0.016558233748265684,0.0,0.30537421101434303,0.02403591008279086,0.0,0.0,0.0184164416726985,0.0,0.13219248672761388,0.11382645073749059,0.0,0.009943548361379945,0.0,0.0,0.009037816169576104,0.0,0.15367730738861163,0.00014241027487045394,0.0,0.0,0.0,0.0,0.0
s15T4622,0.22171666393813022,0.01586358022774242,0.0,0.0605294342292174,0.0021217985331248336,0.014030094590455263,0.0016143147947004783,0.015367265255654138,0.0,0.059269805261516297,0.09831462995012775,0.0,0.013150810296271563,0.0,0.0,0.018760654612920976,0.0,0.32419392591760343,0.035894030860241885,0.0,0.11818132116755285,0.0009916703647404944,0.0,0.0
s02M4722,0.6364072420554797,0.005974992454837947,1.580841051954773e-05,0.006289130572666036,0.0,0.0044037962640784915,0.000832535845529188,0.0,0.0005923320773235484,0.017349511652205708,0.009825078998031426,0.0,0.016205502027581104,0.010587888659385989,0.0072650545275579825,0.030416284600489993,0.0,0.08228134041162448,0.015686916537277856,0.0016982113053681143,0.15294215284269394,0.001226220757348962,0.0,0.0
s03M4722,0.674793053088181,0.00139497720154539,0.00047560525484862965,0.012222123662145161,0.0,0.0008565555887169256,0.0,0.0,0.0030058939039228146,0.017501500305146165,0.010014063324288709,0.0,0.011105168965238714,0.026083204481221058,0.0034164076288016845,0.03125721001380507,0.0,0.09253651519005691,0.0,0.0008756451572191369,0.11355909283987142,0.000902983394991232,0.0,0.0
s04M4722,0.878972866945646,0.008583870749656778,0.0,0.0,0.0,0.001407321125864455,0.0,0.0008208094695746086,0.0,0.010506675299689553,0.0009942651406401478,0.0,0.007545246525422799,0.05183186463659768,0.0,0.015445092254642632,0.0,0.01044785169572431,0.0,0.006569832762245438,0.006623444706827449,0.00025085868746812373,0.0,0.0
s05M4722,0.8067581982705161,0.0024812722446820356,0.00030948462749026966,0.0006891902935585033,0.0,0.00013352001042142784,0.0,0.0,0.0,0.004537777787081748,0.0,0.0,0.009578590399217662,0.14980491481850072,0.0012301454779619578,0.02183255855334822,0.0,0.0,0.0,0.002644347517221384,0.0,0.0,0.0,0.0
s06M4722,0.8163509337443604,0.0096268589537795,0.0,0.0,0.0,0.0007618714874256344,0.00043245542631884973,8.84296715331043e-05,0.0,0.005392003017009522,0.0012613861418852507,0.0,0.009415723135032163,0.0528905087013994,0.000651570130073422,0.004182499500406048,0.0,0.01939918010912215,0.0,0.0018560033114087577,0.0755905067604193,0.0021000699098265357,0.0,0.0
s07M4722,0.6990519803939361,0.0030644996335602898,0.00017260788023991917,0.005892817633925841,0.0031831967430810066,0.005649681869101867,0.0,0.0,0.0,0.016582760935049075,0.0039462323184094065,0.0,0.01645428956391813,0.018830143854581108,0.004090968643455669,0.06546544781202449,0.0,0.06397777161750758,0.0,0.0,0.09258803117461172,0.0010495699265978885,0.0,0.0
s08M4722,0.0,0.3706302524850065,0.10365666960182295,0.0,0.0,0.0,0.0,0.0,0.0,0.0,0.0015174781285863161,0.30686053087799964,0.0,0.0,0.0,0.0,0.21733506890658455,0.0,0.0,0.0,0.0,0.0,0.0,0.0
s09M4722,0.0,0.24272969718749468,0.02677548969866752,0.010600672756717064,0.03406551644528639,0.0073332292068258465,0.0,0.02986350969234415,0.0,0.0021149958425341806,0.11325317940259122,0.40689829128017685,0.0038596455993915634,0.0,0.0,0.0,0.017882427642462714,0.010986135165583949,0.0,0.0,0.09145205181985798,0.0021851582600659674,0.0,0.0
s10M4722,0.24192460489520698,0.014123226184072272,0.0016083802469863463,0.11584344445448805,0.0035314800169167736,0.0,0.0008398339722566862,0.00993226184390466,0.0,0.0,0.22334292276047113,0.038990362569373126,0.0,0.014761410785832412,0.02087597132937337,0.0,0.0,0.10700492470605343,0.0,0.0033161927019677625,0.20390498353309686,0.0,0.0,0.0
s11M4722,0.06772813429996469,0.06527572162540585,0.06489054889672653,0.08750081063146724,0.02005935419306965,0.0,0.0,0.019115962978947527,0.0,0.0,0.056536749032714044,0.5083107860326864,0.0,0.0,0.0,0.0,0.022762660600619197,0.0015718179244635128,0.0,0.0009964480663447782,0.08525100571759059,0.0,0.0,0.0
s12M4722,0.05868748400157757,0.2831449376843457,0.013124758179598909,0.024082739147096653,0.0,0.008314712123481739,0.0,0.0,0.0,0.03387315106166681,0.22067816889306466,0.12130639632481338,0.007391020496353885,0.0,0.0,0.021026721270350632,0.0043674582622860595,0.1484014689829433,0.0,0.0015681488375369492,0.05039800482172293,0.0,0.0,0.003634829913160843
s13M4722,0.2220599563248664,0.13022545356227697,0.006553132941839216,0.027150732960136002,0.0,0.02735958528125528,0.0,0.0024472682686058956,0.0,0.07534352655238889,0.1564266491795607,0.06587013259546186,0.008633921442861781,0.0,0.0,0.04718663846677757,0.0022179719310969916,0.1661876809567277,0.009266228286165346,0.0002425485024531331,0.038570653223192405,0.0,0.0,0.014257919524333971
s14M4722,0.4243252896502485,0.051707871263775525,0.0,0.015081872518390875,0.0,0.025707305811063005,0.0,0.0024758930778878835,0.0,0.0741939233562271,0.0889915284323762,0.004166640776784422,0.015469356896601864,0.0,0.0017017762452710343,0.025127114877786783,0.0,0.26236429783805454,0.008687129255532172,0.0,0.0,0.0,0.0,0.0
s15M4722,0.5242916723855882,0.0023641687021411072,0.000421011440170544,0.003973701906120354,0.0027078653246536,0.005387121367866664,0.0,0.001718681944731625,0.0,0.022426095724188605,0.016787254165671315,0.0,0.014071386085179226,0.016575049212052228,0.006660843435024812,0.027828016302797392,4.3278567088409944e-05,0.14020263337694677,0.03306657380424263,0.0025300758741869604,0.17757926000324115,0.0013653103781082455,0.0,0.0
s01X4722,0.33716609674331355,0.0,0.0,0.007817227944306341,0.0,0.006376824781080193,0.0,0.0,0.0,0.008744668105214255,0.02008832319900363,0.0,0.011306171210330172,0.028177227010713346,0.005935842516447437,0.059741691081896045,0.00019453182352690881,0.4226153971919923,0.029616219336134182,0.0018109968201994752,0.0604087822358422,0.0,0.0,0.0
s02T4722,0.015004253175491799,0.0,0.0,0.005124542846502869,0.0,0.009000860846764687,0.0,0.0,0.004681406106024129,0.0024029371190534164,0.012635705508168315,0.0,0.0006190233409424805,0.0,0.0,0.17345163829213753,0.00024272835777732138,0.6009302744261948,0.01613941148316858,0.0,0.15976721849777406,0.0,0.0,0.0
s03T4722,0.09759777885012201,0.0,0.0,0.006234182738950585,0.0,0.010362399854953961,0.0,0.0,0.009461820793385712,0.00841823445136595,0.014460812553184325,0.0,0.0037018012578872114,0.0,0.0,0.11225366936586832,0.0,0.48859682391229836,0.011448622425059675,0.0,0.23746385379692392,0.0,0.0,0.0
s04T4722,0.39052516412863864,0.0,0.0,0.004459568864234828,0.0,0.0018381779500666504,0.0,0.0,0.0014223949339338166,0.013289146857025636,0.010154085980170868,0.0,0.019602903536103274,0.03640902657477162,0.0,0.03130004115804887,0.0,0.38241786353858226,0.0071611695989238335,0.0008872108417523416,0.09896975389525424,0.0015634921424930697,0.0,0.0
s05T4722,0.15379338433630627,0.0,0.0,0.0066530232964281556,0.0,0.01922278867216155,0.0,0.0,0.0009020472878052126,0.010399276341712609,0.011163152142962643,0.0,0.001771681022662258,0.0005264907726136172,0.0,0.15982491011194586,0.0,0.43450668057188735,0.009837340647830747,0.0,0.1913992247956838,0.0,0.0,0.0
s06T4722,0.03274834859269341,0.0,0.0,0.0044965089623475755,0.0,0.06721404050621747,0.0,0.0,0.0016514793221534946,0.02564481376673161,0.032722407683836954,0.0,0.0,0.0,0.0,0.18339676274275138,0.0,0.642988183762506,0.009137454660762157,0.0,0.0,0.0,0.0,0.0
s07T4722,0.22830240870646148,0.00027318472180953363,2.3599678532869888e-05,0.011846982114630757,0.0,0.03810454723191534,0.0005614676624781519,0.0,0.00037867464176102997,0.003218505727636173,0.03428481728287046,0.0,0.034942357548630426,0.010009893486274658,0.0,0.027348524148703673,0.0,0.4654634996491621,0.005049950962238913,0.0006862122394859999,0.13797459090529743,0.0015307832921110348,0.0,0.0
s08T4722,0.0,0.2354043037219477,0.09332636087824797,0.0,0.0,0.0,0.0,0.0,0.0,0.0,0.00206863570896085,0.4129366860396029,0.0,0.0,0.0,0.0,0.2562640136512406,0.0,0.0,0.0,0.0,0.0,0.0,0.0
s09T4722,0.0432875558599278,0.009750080471274819,0.0676225448404048,0.039774557070497395,0.03259426722956336,0.0,0.00048785639332977153,0.021812396090853066,0.0,0.0,0.022352039326528322,0.5666931765734284,0.0005336852866467928,0.0,0.0,0.0,0.039449283602763334,0.0018563421292940216,0.0,0.0,0.1511021556371425,0.0026840594883456655,0.0,0.0
s10T4722,0.03901462735275178,0.05990587726617648,0.007699351963454591,0.049314198947822054,0.0,0.0,0.0006066776011213466,0.008294253362461111,0.0,0.005506193130917618,0.340771054618219,0.09395066459697812,0.006179300339775601,0.0,0.019657066798150723,0.0032983531545421256,0.0035556815225821253,0.17444307419176583,0.0,0.0005194575133228572,0.18728416763995856,0.0,0.0,0.0
s11T4722,0.0,0.13846486616163886,0.011045653144350397,0.018638859864664886,0.0,0.005649540019895451,0.0,0.00021995539128017325,0.0,0.11800399742070262,0.24149546822966966,0.061474146817523015,0.007984720499213237,0.0,0.0008316760490233053,0.034585632586700096,0.020661817904095197,0.3201203541915924,0.0,0.0,0.020823311719650676,0.0,0.0,0.0
s12T4722,0.08037287274810803,0.11264593773641722,0.002664625285887839,0.027289972936723174,0.0,0.017276266384987825,0.0,0.005229226772139047,0.0,0.17834470138338834,0.2072759038096919,0.020569419210393767,0.015699168096102282,0.0,0.0011933063656515755,0.04084252234412819,0.0,0.2695508273093886,0.0003559125005322628,0.0,0.02068933711645988,0.0,0.0,0.0
s13T4722,0.017295701519902736,0.1700577705779791,0.0008184938781846509,0.011992243241274358,0.0,0.02878703226374697,0.0,0.005857167406029339,0.0,0.18844140978860752,0.17070665984500075,0.0,0.0,0.0,0.0,0.11567175062257137,0.0,0.29037177085670324,0.0,0.0,0.0,0.0,0.0,0.0
s14T4722,0.16788144911489325,0.009320894845153563,0.0,0.012749055102505666,0.0,0.026152645220896466,0.0,0.0025590922151681045,0.0,0.0807816323725046,0.10302408039795621,0.00059817971271169,0.013105584567501613,0.0,0.006201050325090477,0.019696782683226756,0.0,0.42835287623851626,0.020764764171464254,0.0,0.09311432689092064,0.0,0.015697586141490555,0.0
s15T4722,0.1177264914419072,0.06076500776236575,0.0,0.025256428199403224,0.0,0.01604648841511181,0.0,0.0027656071572822907,0.0,0.23295728478820582,0.1655284184850828,0.0,0.0040759324070989604,0.0,0.0,0.06000312309339116,0.0,0.3084976848187928,0.006377533431358365,0.0,0.0,0.0,0.0,0.0
s02M4822,0.1886889552866313,0.0,0.0,0.0011259012626479157,0.0,0.009158137574044191,0.0,0.0,0.0,0.0,0.004925340068047284,0.0,0.0,0.007177361231853073,0.0,0.26839571959394104,0.0006669400503057305,0.3463197855860435,0.014404428298657176,0.0009472497042139118,0.15783111475654682,0.00035906658706814595,0.0,0.0
s03M4822,0.1427917826969589,0.0,0.0,0.0059016421210055835,0.0,0.012299509388905608,0.0004952335727575438,0.0,0.0017749853333810534,0.0,0.004689797370409749,0.01710478662404294,0.002412451150889278,0.01668327126830272,0.0,0.23813615368687646,0.000415151263746937,0.34525849421386995,0.0,0.04551997482443235,0.16381878050778126,0.0026979859766396775,0.0,0.0
s04M4822,0.24524358750453817,0.0,0.0,0.0020351079538248012,0.0,0.03082108838920608,0.0,0.0,0.004557786323405684,0.0023488077580438014,0.01749297002561335,0.0,0.0,0.0,0.0,0.18811808945154104,0.0,0.3456393848019825,0.0,0.001581503706339547,0.16212707665067067,3.459743483443552e-05,0.0,0.0
s05M4822,0.2725470985562564,0.0,0.0,0.004908589356292141,0.0,0.013543385790981391,0.0,0.0,0.0008179032907720981,0.004848533565924965,0.01027812607049887,0.0,0.006344090390845963,0.0,0.0,0.16130773392639017,0.0,0.2584678279345724,0.0,0.0,0.26651272009931937,0.00042399101814620993,0.0,0.0
s06M4822,0.28113489833918265,0.0,0.0,0.0017171087296673306,0.013919392546434053,0.0,0.00021579295319356916,0.0,0.0,0.005506248843920956,0.011188878578620064,0.0,0.009360201198854466,0.0,0.0,0.0006826929095901556,0.0,0.14038266253965748,0.0,0.0002423339416515456,0.5332027775460233,0.002447011873204409,0.0,0.0
s07M4822,0.3465503719489284,0.006368027989784669,0.0,0.010748834284437719,0.0,0.01173611202636306,0.0,0.0,0.0,0.016002145953119155,0.048060816880293795,0.0,0.00892890537481293,0.0,0.0019434918838099218,0.11164458285399982,0.0,0.3250062146491246,0.005976428585803318,0.0,0.10173138251339112,0.0,0.005302685056131405,0.0
s08M4822,0.0,0.0,0.06523049162358051,0.0,0.0,0.0,0.0,0.0,0.0,0.0,0.0023094896228693707,0.5475246062602794,0.0,0.0,0.0,0.0,0.3849354124932707,0.0,0.0,0.0,0.0,0.0,0.0,0.0
s09M4822,0.03018970024304058,0.01944455273166142,0.025356532590812008,0.04378146431319196,0.0,0.019088718182545282,0.0021011304412254495,0.013245520413610577,0.0,0.02130002963453629,0.21280192552236876,0.3127956866134447,0.020496165232126513,0.0,0.0,0.006946197973126239,0.07703775381291905,0.08640891291698483,0.0,0.005485875857678338,0.10351983352072806,0.0,0.0,0.0
s10M4822,0.0,0.02818256531199008,0.002985379272776744,0.013524063765445418,0.0,0.0,0.0,0.0,0.0,0.004731020531702082,0.7218213198898382,0.06648247966513657,0.0,0.0051585787045367055,0.009706597832696015,0.01951376512602282,0.024210576976816812,0.028659905737069554,0.0,0.0011016996638049032,0.06850078080522566,0.0,0.0,0.0054212667169385
s11M4822,0.0,0.03070112659332549,0.0,0.0,0.0,0.0,0.0,0.0,0.0,0.04346040906188239,0.7582044083278381,0.021861129781704305,0.0,0.0009444838003456491,0.001992400900480445,0.015186764053926499,0.0013189314811239375,0.10253095981365941,0.0,0.0,0.020832094836906418,0.0,0.0,0.0029672913488073835
s12M4822,0.0,0.06719051913918705,0.0017298924996817023,0.0,0.0,0.0027226675108950487,0.0,0.0,0.0,0.08361567352327443,0.6135069507691119,0.009943466116506379,0.0,0.0,0.005682595659441022,0.0286700035746733,0.00030046835708579976,0.17599590604314988,0.0,0.0,0.0020860943415043475,0.0,0.0,0.008555762465489298
s13M4822,0.0,0.07121879150496126,0.0,0.0,0.0,0.005192743100450369,0.0,0.0,0.0,0.3222974937002437,0.2939047120250176,0.0,0.0,0.0,0.0,0.04907406285985324,0.0,0.2583121968094738,0.0,0.0,0.0,0.0,0.0,0.0
s14M4822,0.06844935867536667,0.07682596612159767,0.0,0.0,0.0,0.023795886604877775,0.0,0.0,0.0,0.2651274349913726,0.2145317892763171,0.0,0.0,0.0,0.0,0.1091133440019088,0.0,0.24189747032598263,0.0,0.0002587500025768872,0.0,0.0,0.0,0.0
s15M4822,0.45749780228808007,0.008529398333776823,0.0,0.010223541573750097,0.0,0.008488412384822324,0.0,0.00011909998024574104,0.0,0.0179293379101613,0.07017170267111757,0.0,0.01644999199762539,0.1010385743565581,0.0036207003514112084,0.027046380028101395,0.0,0.25627796134629466,0.0034662387397663536,0.0015306564639881478,0.0,0.0,0.017610201574300696,0.0
s01X4822,0.04150399044331354,0.0,0.0,0.002190563243527659,0.0,0.0019813182397444436,0.000548354976630061,0.0009344941500834133,0.0010905435861787499,0.0,0.013201901882001441,0.0,0.004538105915236193,0.0,0.0027719447053748286,0.14063608649857579,0.002138253319561008,0.526400085010852,0.0588576180882758,0.0035637564448061107,0.19728486694304675,0.0023581165527923327,0.0,0.0
s02T4822,0.0,0.0,0.0,0.009282074227086873,0.0,0.001775902497597237,0.0,0.0,0.0,0.0,0.008551402114695279,0.0,0.0,0.0,0.0,0.2568830177825406,0.0009568525234651229,0.48750118597195463,0.0027924327850541945,0.0,0.23225713209760615,0.0,0.0,0.0
s03T4822,0.0,0.0,0.0,0.0020218479751323904,0.0,0.0,0.0,0.0,0.0004082670290775941,0.0,0.01424758767764899,0.022959708287629905,0.0,0.0,0.0,0.18763600743371722,0.0006871166821196053,0.5844251798937977,0.0,0.06582368215070611,0.12028650594897426,0.0015040969211962579,0.0,0.0
s04T4822,0.26181131621542186,0.0030985036766929975,0.0,0.007135797799715018,0.0,0.008382959849155687,0.0,0.0,0.0009977010481162683,0.004100303459690309,0.024426015015687183,0.0,0.010691813334353298,0.0,0.0,0.13310773028282472,0.0,0.36940435693963186,0.006753712278237453,0.003049167594884143,0.16704062250558915,0.0,0.0,0.0
s05T4822,0.24483038143897334,0.0,0.0,0.003997122784576341,0.0,0.0,0.0022064870083530913,0.0,0.007807345086685693,0.0047265593440277325,0.028196013437962724,0.0,0.02131429312130087,0.00626751189266468,0.0,0.005511762471904795,0.0,0.330550379030342,0.008482627250940216,0.001605098602272985,0.33297318939241727,0.0015312291375783203,0.0,0.0
s06T4822,0.49934205335436677,0.0,0.0,0.0364384303439732,0.0,0.0,0.00044974437805624844,0.0,0.00703174254251913,0.0,0.11692911433163275,0.0,0.023347041282483934,0.024558894606188857,0.02597689017803636,0.0,0.0,0.10440773272729968,0.01771270196663325,0.005650223857997265,0.1381554304308126,0.0,0.0,0.0
s07T4822,0.33791738319925846,0.00714908208129499,0.00013404297577655506,0.015145822685052294,0.0,0.020514707147043353,0.0,9.944331420198202e-06,0.0,0.04953932811402041,0.07555645874830232,0.0,0.024357631036526883,0.020623420971774158,0.0,0.06285691585786228,0.0,0.36826903825864904,0.01126028710399753,0.0014207367733287412,0.0,0.0,0.005245200715692676,0.0
s08T4822,0.0,0.09352847058239312,0.04455367700572815,0.0,0.0018650298693210668,0.0,0.0,0.0,0.0,0.0,0.0,0.0,0.0,0.0,0.0,0.0,0.8600528225425577,0.0,0.0,0.0,0.0,0.0,0.0,0.0
s09T4822,0.06823144288741138,0.0,0.02064262169812146,0.0340400315215807,0.022568187863532825,0.0,0.0,0.02192933350893568,0.0,0.0,0.01114442790269132,0.41762145091792413,0.0049707534902090275,0.0,0.0,0.0,0.34678627080112046,0.00611012310585264,0.0,0.002712094768723613,0.04324326153389684,0.0,0.0,0.0
s10T4822,0.0,0.0,0.0011640289273828475,0.035049771086193574,0.0,0.0,0.00021800360088496102,0.013751974581338255,0.0,0.0,0.48992892380859066,0.13654708090224063,0.0,0.012183248000641656,0.009411786454677799,0.0,0.24527691982658528,0.0,0.0,0.0023108706720130516,0.05415739213945136,0.0,0.0,0.0
s11T4822,0.0,0.0,0.012629584666770124,0.009009252154051583,0.0,0.002449425228773295,0.0,0.006697802617174336,0.0,0.0,0.6866807477111466,0.0806380053462169,0.0018785612033555903,0.0048603493456755836,0.000979888372839173,0.0,0.15159954629602881,0.0,0.0,0.0016403099314379562,0.0178456525141157,0.0,0.0041893978555017876,0.018901476756912467
s12T4822,0.0,0.0,0.012483790474657424,0.0,0.0,0.00020082255801704273,0.0,0.0,0.0,0.010278828540954861,0.7784647519483465,0.044150252927235296,0.0,0.003585597174866287,0.0,0.0,0.13072717293396138,0.0,0.0,0.0,0.0,0.0,0.0,0.020108783441961226
s13T4822,0.0,0.0300750820426973,0.0042306850490452875,0.005771534236754482,0.0,0.00034541164960454903,0.0,0.001676884672964335,0.0,0.06736032135582903,0.6096527996340801,0.027982495595876726,0.012829478975732457,0.0,0.0186411632152684,0.0,0.05498842797901736,0.131432192419813,0.01767287926972859,0.0013292238066234805,0.0,0.0,0.0019884963565459275,0.014022923740418927
s14T4822,0.0,0.019290303973897634,0.0017623286717859833,0.002135285889871746,0.0,0.0,0.0,0.002579277058669536,0.0,0.16446640421062905,0.6021974515940248,0.0,0.0014115722640759046,0.0,0.014516461537114415,0.01851306913059802,0.015967185730287624,0.15623322486486615,0.000498532310610237,0.0004289027635689987,0.0,0.0,0.0,0.0
s15T4822,0.12145032586035472,0.02180881890146172,0.0002391347215727898,0.004802312536676591,0.0,0.04274929082760923,0.0,0.002676270582789421,0.0,0.11022478858451018,0.17532146158106998,0.0,0.03341820752468886,0.0,0.0,0.032964872373645294,0.0,0.39542067703149153,0.02736022135834517,0.0015331665126454952,0.0,0.0,0.02931672132647216,0.0007137302766670803
s02M4922,0.2556897340552364,0.0,0.0,0.003976803073273476,0.0,0.0,0.0012393727250186606,0.0,0.1531125413484855,0.006439361428714919,0.023870225622129346,0.0,0.018265516460317547,0.0076162334610941846,0.0,0.007888226251391794,0.0,0.2947223943597067,0.028327160598470676,0.002003097070419224,0.19509354798417736,0.0017557855615642818,0.0,0.0
s03M4922,0.2676230916498468,0.0,0.0,0.0034844951546905882,0.0,0.0,0.002137084739733883,0.0,0.09275099410846556,0.00718923542534853,0.02150301472505616,0.00023573889524695888,0.01555619013969252,0.0,0.0,0.012419563713702309,0.0,0.30124713683044807,0.019279990774931203,0.006107937770402414,0.24759780578401017,0.0028677202884247054,0.0,0.0
s04M4922,0.3307679862198094,0.0,0.0,0.0,0.03026286538536029,0.0,0.005633238663063935,0.0,0.08773530004038198,0.0,0.009214859732387396,9.144890036376791e-05,0.0005462033674966361,0.020012076459015593,0.0,0.0,0.0,0.04543964330460665,0.008379847730646836,0.0,0.45560494750898756,0.006311582687879924,0.0,0.0
s05M4922,0.36330572080382784,0.0,0.0,0.005386190790868632,0.004793701324380951,0.004197199694449962,0.0018850957408630016,0.0,0.004991467207214642,0.005736038864439063,0.0229294936332403,0.0,0.01516396157621269,0.0,0.0,0.006120775561804437,0.0,0.16930291990732357,0.026226235490050504,0.00025793495973792344,0.3662293592644933,0.003473905181093238,0.0,0.0
s06M4922,0.06238794937652435,0.0,0.0,0.0,0.0,6.0156537606048915e-06,0.001902465138363178,0.0,0.6013266324912343,1.472135618059821e-07,0.014824123798705041,0.0,0.0,0.0,0.0,0.0,0.0,0.07601850011255044,0.02004301719904035,0.0,0.22151870092509512,0.0019724480911648854,0.0,0.0
s07M4922,0.10821608013529176,0.0,0.0,0.0018911114272969517,0.0,0.009441223587816246,0.0025961053430529585,0.0,0.004326750786769669,0.0,0.03555283341795256,0.0,0.025156991890736273,0.0,0.0,0.09016100203750528,0.0,0.491331219062349,0.03505668040396631,0.002289405459576711,0.19181594971930593,0.002164646728380341,0.0,0.0
s08M4922,0.0,0.46220191604262456,0.020769365184865562,0.010569557961068352,0.0,0.0,0.0,0.0,0.0,0.0,0.0009918054618823456,0.1078057907113995,0.0,0.0,0.0,0.0,0.39766156463815966,0.0,0.0,0.0,0.0,0.0,0.0,0.0
s09M4922,0.011760123867445831,0.019801250189201338,0.0076544569425891175,0.06802577430396582,0.0,0.0,0.0,0.015578158040946356,0.0,0.0,0.34034177733474646,0.22124566073085242,0.0,0.0005777980805610003,0.003059201884329911,0.0,0.1994247054501613,0.0,0.0,0.010392638704905347,0.09165649831515918,0.0,0.010481956155136028,0.0
s10M4922,0.0,0.0,0.0,0.029910521152225162,0.0,0.0,0.0,0.028460219392585178,0.0,0.0,0.6752884432315952,0.052299442071820565,0.0,0.008666410472305548,0.0,0.0,0.035739689962580916,0.0,0.011925366878025418,0.002647129420164097,0.07588015767762414,0.0,0.062746031240243,0.016436588500830823
s11M4922,0.0,0.014487417177517543,0.0008141652749975119,0.0025201168519328864,0.0,0.01110321852729469,0.0,0.0003622777289034378,0.0008537895856415361,0.07076241545307146,0.6187175741399683,0.022709330731813814,0.029258994366503362,0.0,0.0,0.012584038295955917,0.02447819434067876,0.10399887698429436,0.01351910302658738,0.0,0.0,0.0,0.05032431989692095,0.02350616761791803
s12M4922,0.0,0.0,0.0,0.017044684719426995,0.0,0.0007859494506932127,0.0,0.014816960361194379,0.0,0.1104082084740013,0.613354793939229,0.03672486181269833,0.017227689061887607,0.0012132283597359053,0.0,0.011898528910718385,0.030394280847672525,0.0,0.030353561724099656,0.002521517327698542,0.04914410938328475,0.0,0.04313735009184529,0.020974275535813998
s13M4922,0.0,0.010728882793180189,0.0,0.0,0.0,0.00957373244101374,0.0,0.004477816435326448,0.0024760490671455145,0.3060071234359502,0.4165086724918956,0.007953306345513375,0.03890676921087555,0.0,0.0,0.0,0.016017094743741658,0.16945941420471153,0.007038060616236733,0.0,0.0,0.0,0.006897068382132848,0.0039560098322766555
s14M4922,0.09292057213137532,0.09848311007665513,0.0,0.021296328106724372,0.0,0.10968472527214929,0.0,0.00962953559589426,0.0016918904486104486,0.15206504749904187,0.09431517580477854,0.0,0.06813941815606397,0.0,0.0,0.15576993503960834,0.010140431901458621,0.08414313253716951,0.0396945091604919,0.0,0.0,0.0,0.04610047547649224,0.015925712793486212
s15M4922,0.053720662008694256,0.007747213304333797,0.0,0.0023511822213493415,0.0,0.028974995567082395,0.0,0.001261249464861716,0.0,0.11454803096383032,0.1600914038718341,0.0,0.014147723068726392,0.0,0.0,0.11875384859985878,0.0,0.4122163504664276,0.0448269285434126,0.001962465754774052,0.0,0.0,0.039397946164814526,0.0
s01X4922,0.8164904930129474,0.0011651863541861647,0.000642758164267395,0.0,0.0,0.0,0.0,0.00015359441064882195,0.0,0.0,0.0,0.0,0.014489768068732188,0.12811498731550386,0.0017768760169557657,0.01932705244696733,0.0002490143898991125,0.0,0.013685321299979106,0.0039049485199127948,0.0,0.0,0.0,0.0
s02T4922,0.7267342698308898,0.014882804658144276,0.0,0.002756761422438518,0.0,0.0005147700468961351,0.0,0.0,0.021044040615678564,0.0,0.0008070102205665408,0.0,0.018387565024453104,0.07077913946530917,0.0,0.017627500150893965,0.0006313736139989261,0.013491077255305005,0.00013420516787650646,0.0008558873297875503,0.11019804077876319,0.0011555544189984913,0.0,0.0
s03T4922,0.8260154038417106,0.006761417460404096,1.3599031076962775e-05,0.00043253868656651127,0.0,5.547568643834698e-05,0.0,0.0,0.003949441426792031,0.0,0.0,0.0,0.016135510467788924,0.10879186167884661,0.003389787943612179,0.018555150714999046,0.0,0.0,0.0,0.0015258994426956508,0.014094932772889486,0.000278980846179532,0.0,0.0
s04T4922,0.8244043715858181,0.006105785493539368,0.0004211275716922349,0.0007640493055632458,0.0,0.0003448539170030018,0.00015651471764166478,0.0,0.004218282862208747,0.00012524008788629933,0.0005048459725648358,0.0,0.014751308513198287,0.04088852937472754,0.0,0.0018211066773585268,0.0,0.0009902288930373983,0.0,0.001152979206905122,0.10263238878672039,0.0007183870341352271,0.0,0.0
s05T4922,0.827898618360057,0.00735650862437136,0.00043311460502404715,0.004872074989402033,0.0,0.0,0.0,0.0,0.004565404079488009,0.0,0.0,0.0,0.001727974497746856,0.010804068016115942,0.0,0.0,0.0,0.0,0.0,0.0007750882012101311,0.14115686928237334,0.0004102793442114918,0.0,0.0
s06T4922,0.8102241040626127,0.012897761297463313,0.0,0.0,0.0,0.0013929924248473147,0.0,0.0,0.008046324327776615,0.0009013829093763905,0.00182588936748107,0.0,0.03321570348964008,0.019497398047043972,0.0024582126551150616,0.02109422151761725,0.0002909256558333503,0.003178317734318156,0.0016241063237325782,0.0011206682310942744,0.08119860734179625,0.0010333846142516357,0.0,0.0
s07T4922,0.7944467794537355,0.009095121896611245,0.00023243866169128554,0.002881821108940131,0.0,0.0,0.0035509605371697476,0.0,0.016084016930115273,0.0,9.660337524946995e-06,0.0,0.0038856145879496663,0.030640617374090434,0.0,0.0,0.0,0.0,0.0,0.00018405071292961213,0.13700345974199074,0.001985458657251201,0.0,0.0
s08T4922,0.02121135285130535,0.4924430189493608,0.0,0.05408197892931738,0.0,0.0,0.0,0.0,0.0,0.0,0.0008348889134322838,0.2856741004116026,0.0,0.0,0.0,0.0,0.1413872758155028,0.0,0.0,0.004367384129478714,0.0,0.0,0.0,0.0
s09T4922,0.0,0.04292174291881699,0.0,0.02349610059419801,0.0,0.0,0.0,0.0,0.0,0.0012703858828106655,0.6075392419585396,0.0960694688222172,0.010041169029471378,0.008434482151593084,0.0,0.0,0.0387360007636164,0.0,0.0,0.00398264056818926,4.371032637994332e-05,0.0,0.11036023356104747,0.05710482342312005
s10T4922,0.02075801555745122,0.033669589381832475,0.0,0.07610881895165661,0.0,0.0,0.0,0.0012112750650549661,0.0,0.0,0.13059109148507628,0.4581384107109351,0.0,0.0,0.0,0.0,0.14023706304605327,0.0,0.0,0.008427398513493289,0.0314291468217632,0.0,0.09942919046668358,0.0
s11T4922,0.06299710114364296,0.04140887203027528,0.004987020943832521,0.07250074951409366,0.0,0.0,0.0,0.0,0.0,0.003061115975325811,0.2081500584884361,0.3059101104511738,0.005722467682547365,0.002435886955209413,0.0,0.0,0.177745960395895,0.0,0.0,0.007688862412159206,0.03096582834334501,0.0,0.07232722118326665,0.004098744480797214
s12T4922,0.007256225325741507,0.01753268227081243,0.0,0.10014931223186484,0.0,0.0,0.0,0.003184428871687261,0.0,0.0,0.22914043743787044,0.3429210514810447,0.0,0.0,0.0,0.0,0.16859398150150112,0.0,0.0,0.0061560081496064,0.022855952441022082,0.0,0.1022099202888492,0.0
s13T4922,0.8771202158298623,0.009485440261827358,0.0,0.0,0.0,0.0011865136102435143,0.0,0.00046633490460579657,0.0,0.0,0.0,0.0,0.015483752023295296,0.06016569455942495,0.0006932000941254625,0.035398848716615236,0.0,0.0,0.0,0.0,0.0,0.0,0.0,0.0
s14T4922,0.10964230807236655,0.04764677929005575,0.0,0.02355858276717343,0.0,0.0,0.0,0.0,0.0,0.08515119585643177,0.3753209998930659,0.11058282639754051,0.025002481096532837,0.0011009189728558432,0.0,0.0,0.044344517582382184,0.015236828773913727,0.0,0.004240095241796264,0.0,0.0,0.09704099224765074,0.06113147380823448
s15T4922,0.7783358981869986,0.004283846830842678,0.0001178349488575444,0.003924493629228963,0.0,0.0,0.0,0.0,0.0,0.005037905926823123,0.008740748389606538,0.0,0.02326093112708435,0.10570103965753792,0.0036978947596191885,0.004675443147642502,0.0006736246076460857,0.01578554987929294,0.00953859937710679,0.011528385871895043,0.02458608542296158,0.00011171823685618547,0.0,0.0
s02M5022,0.7845249623001582,0.000853157485603753,0.0003681629141707067,0.00773832386729821,0.0,0.0,0.0,0.0,0.0,0.0027203437943999,0.005461590909518814,0.0,0.020708350970805534,0.1427156751875065,0.0015460805328802985,0.005060468489772951,0.0,0.006325182602171095,0.00037460244748894616,0.004280660691404593,0.01710394271695841,0.00021849508986203315,0.0,0.0
s03M5022,0.8078862934311961,0.0037485235952344443,0.00040725582379222105,0.003592350903606819,0.0,0.0,0.0,0.0,0.022544006828735818,0.0,0.0014705753261733748,0.0,0.014855941723866744,0.07782273269910842,0.0005669778259245544,0.006389978939930211,0.0,0.00010527006845286717,0.00038553053077625317,0.002188208924068213,0.057779654246130414,0.00025669913300351905,0.0,0.0
s04M5022,0.8109613714644733,0.0139562183360348,0.0,0.0,0.0,0.0022937760929471404,0.0,0.0001918341601863612,0.012600699435202626,0.0,0.001187452558560661,0.0,0.02198807350691652,0.05102882926131135,0.0,0.01445630654396286,0.0,6.41687566807966e-05,0.000934543205322957,0.0004176239697098603,0.06886296881751792,0.0010561338911728364,0.0,0.0
s05M5022,0.8635750680112042,0.00793396895950368,0.00017982663792299647,0.0,0.0,0.0006768974470331186,0.0,0.0,0.0,0.0,0.001514475615510778,0.0,0.016462874671041572,0.05312886157206778,0.00040159544989905365,0.020632192907592776,0.0,0.0,0.0,8.98271543347783e-05,0.03517740318253375,0.00022700839135560253,0.0,0.0
s06M5022,0.839952658868723,0.009124090623780612,0.0,0.0,0.0,0.00019900367018115456,0.0,0.00018131052592857224,0.0022278715300482893,0.0,0.0016693876930673527,0.0,0.020364755711679526,0.07883206248922658,0.0,0.007031956784047843,0.0,0.0020371223028067885,0.0018717392415282458,2.716213481042089e-06,0.036320391007797,0.00018493333770410074,0.0,0.0
s07M5022,0.7435327792896219,0.012266907042537138,0.0,0.002474768564496938,0.0,0.002801090737268836,0.0,4.7198828468069407e-05,0.0013384063521155952,0.0,0.0051714647800734795,0.0,0.032760279741580786,0.1761449995146699,0.0012196833367681824,0.010304608951971413,0.0,0.008733458303614482,0.0016022788064302552,0.0016020757503829553,0.0,0.0,0.0,0.0
s08M5022,0.0377658396311331,0.5882096331643009,0.00036010491054723476,0.02129387219568759,0.0,0.0,0.0,0.0,0.0,0.0,0.00026584928578459317,0.0,0.0,0.0,0.0,0.0,0.34393325382578077,0.0,0.0001026512281776881,0.008068795758588173,0.0,0.0,0.0,0.0
s09M5022,0.11047355398911701,0.06874381221624332,0.0016734422825701483,0.07991683386600915,0.0,0.0,0.0,0.001876434579022805,0.0,0.0067149453437485625,0.04482994835672954,0.2812850966948481,0.0021729075120164383,0.0070800862799354075,0.0,0.0,0.28043719372857795,0.0,0.015078743917144968,0.01324714727808495,0.02288863059670857,0.0,0.054758803305553744,0.008822420053689307
s10M5022,0.31774862028749823,0.004147130870906353,0.0,0.004481710760175804,0.0,0.0,0.0,0.0,6.418652074847314e-05,0.18549362100579922,0.22309869543449476,0.0435370844649944,0.032229379585193126,0.045074658525806915,0.0,0.0,0.013381450602241704,0.0,0.002535722129484072,0.004982760030041153,0.0,0.0,0.09473686326353109,0.028488116519084863
s11M5022,0.32170331335314883,0.025952388683817877,0.0,0.026095455898978864,0.0,0.0,0.0,0.003012320092958914,0.0,0.1784766244836283,0.20239174480255956,0.03667046281006529,0.023084197723085703,0.0441671129361545,0.0,0.014016053920977068,0.0219465539059024,0.0,0.0,0.004142322520644118,0.0,0.0,0.06387058564819338,0.03447086321988524
s12M5022,0.6297332702105299,0.005197902807782094,5.4385154410352236e-05,0.0026777539960502602,0.0,0.0,0.0,0.0,0.0,0.08387435662161719,0.07213120058423976,0.0,0.037491276351053,0.06980217901307206,0.0027991047346863623,0.0,0.0,0.07547310879526643,0.004711481269512176,0.0028147081039400935,0.0,0.0,0.013239272357840262,0.0
s13M5022,0.6401574365081321,0.0031564127339387587,4.5622874328418765e-05,0.004002662257208434,0.0,0.0001975204204713993,0.0,0.0,0.0,0.06627047755429868,0.05510194100056281,0.0,0.034505337759752196,0.09895017118369437,0.0,0.0,0.0,0.08213050592037219,0.003467843097286333,0.0022012084889600323,0.0,0.0,0.00981286020099427,0.0
s14M5022,0.6094559484239037,0.005811271010335084,0.0,0.005026809380217976,0.0,0.001634746935408463,0.0,0.00031085725694580463,0.0,0.09386375146166075,0.04959939863959684,0.0,0.03671057966081509,0.03203602403616743,0.0,0.04453471668862143,0.0,0.07876206183748079,0.014971215826229536,0.002646395781845364,0.0,0.0,0.024636223060771813,0.0
s15M5022,0.7900411541804843,0.00346923091909822,0.00017344865494768805,0.0031156804280898223,0.0,0.002453210427308927,0.0,0.0,0.0,0.010519899785671197,0.01116290789142573,0.0,0.020113157522401545,0.08978458179105465,0.00233635761598786,0.04412709621610341,0.0,0.00529677521225971,0.012099412284056577,0.0018890448920464043,0.0,0.0,0.003418042179064014,0.0
s01X5022,0.7674138989907597,0.011266179158693983,0.0,0.0,0.0,0.004111369153882494,0.0,0.0,0.000376270138787498,0.0016374370535446239,0.002668719031294292,0.0,0.042083988588760925,0.11184134924477278,0.0,0.023398723778359137,0.0,0.003692212322092447,0.0013699121994174591,0.00040175369679330017,0.028875191489315517,0.0008629951535257268,0.0,0.0
s02T5022,0.7874758721589958,0.004200494329095981,0.0001740351711488545,0.0,0.0,0.0015659552484066188,0.0,0.0002663741771412368,0.004229225337796826,0.003108650168967017,0.004712913837727068,0.0,0.02379301176997434,0.11630930337996659,0.0,0.0254592403494517,0.0,0.0010431911243314349,0.0,0.002196307905933831,0.025447890098082165,1.7534942980566026e-05,0.0,0.0
s03T5022,0.7299777006943017,0.005225562332861659,0.00019822416034442653,0.009152000419221205,0.0,0.0008095426848206184,0.0,0.0,0.008476385581171931,0.0,0.004947168056509863,0.0,0.02979645433772362,0.16407965809264008,0.0009321330150748455,0.011885489545219115,0.0,0.008833474560482507,0.0035464197510398274,0.006830395205805541,0.015309391562783038,0.0,0.0,0.0
s04T5022,0.15629673557362272,0.0015755947596065192,0.0001991977027691825,0.0,0.0,0.0,0.0,0.00012245269669140072,0.0016006362589406512,0.004541143913327373,0.0020002281215703538,0.0,0.0,0.0,0.0,0.005333769310154556,0.0,0.0019485465877951285,0.0039274476736891285,0.822454247401833,0.0,0.0,0.0,0.0
s05T5022,0.7303052945563061,0.0026310426981863474,4.724841041031592e-05,0.0017298636529355235,0.0,0.0003552260111254003,0.0,0.0,0.0,0.0,0.0032640434839984484,0.0,0.02102632184731847,0.1368068525762272,0.00024853217475984975,0.0036375421339626957,0.0,0.003937833891635319,0.02336941266401722,0.013376527703682438,0.058700860637752046,0.0005633975576825069,0.0,0.0
s06T5022,0.6724267998822656,0.00600936170514524,0.0,0.0,0.0,0.0,0.0,0.0,0.0,0.001643752798969169,0.004207178774749694,0.0,0.021552531556527067,0.0999955384981472,0.0,0.0,0.0,0.007352100532634867,0.01639467610543218,0.006248067872365676,0.16154850824313396,0.002621484030629325,0.0,0.0
s07T5022,0.6725940021028167,0.002966791291216857,0.00019744622599299964,0.006879541128345215,0.0,0.0006874182856167566,0.0,0.0,0.0,0.0,0.004145128080938102,0.0,0.025595594710433933,0.24145600977728968,0.0003980307651740061,0.01619122218500735,0.0,0.002471768940600761,0.003668881538283253,0.010414967681263185,0.012333197287021083,0.0,0.0,0.0
s08T5022,0.02579886396609321,0.4809718784624495,0.0,0.01808033492314168,0.0,0.0,0.0,0.0,0.0,0.0,0.0001741910283989181,0.0,0.0,0.0,0.010138921226576343,0.0,0.45851005594633437,0.0,0.0,0.006325754447005871,0.0,0.0,0.0,0.0
s09T5022,0.1790662827196702,0.008042132596122306,0.0,0.09476731821548329,0.0,0.0,0.0,0.00550960805518616,0.0,0.0015802975744707134,0.01800052010835295,0.21588363184359538,0.000950311793897638,0.013558418906067234,0.010346789626267035,0.0,0.341697681768449,0.0,0.0,0.006893516555886282,0.07539788348375431,0.0,0.02830560675279752,0.0
s10T5022,0.449267013806696,0.004545192825855561,0.0,0.00971424355926539,0.0,0.0,0.0,0.002901701754838952,0.0,0.14743315996888806,0.15508880343988155,0.0050474514478603925,0.026600159074561883,0.04183171927509628,0.0041296948053968245,0.02905758606886951,0.0016190339106696558,0.033626561715411195,0.0,0.003818314478067619,0.019090497131049773,0.0,0.06608279141759506,0.00014607531999644594
s11T5022,0.3685992781523204,0.07687283831906408,0.0,0.03361790037060198,0.0,0.0,0.0,0.002471140822370145,0.0,0.05770797425955819,0.1040072667942779,0.017758273488651558,0.02244418654976043,0.03776078026316633,0.0,0.006350044566914934,0.09710620009582799,0.027694210405446174,0.0,0.011017595743358397,0.034308926958920634,0.0,0.09087137838151647,0.011412004828244414
s12T5022,0.37048646632226095,0.055688863371156506,0.0,0.02572096135473459,0.0,0.0,0.0,0.0005339314365805735,0.0,0.2069436823000524,0.13427527741609874,0.000797170837701109,0.0271787015121259,0.035774383149893625,0.0,0.02592702003163039,0.016371139214459686,0.018172255703529934,0.0,0.003801089526370996,0.0,0.0,0.07806072111733942,0.0002683367060650344
s13T5022,0.445069322383053,0.05362151032594624,0.0,0.0143799034262162,0.0,0.0,0.0,0.006323157285313705,0.0,0.18656333192525118,0.08361802552123195,0.0027566342757575236,0.033045425633398615,0.023665433704367463,0.0,0.05069216512532553,0.012320772782295873,0.014667017415779653,0.0,0.003521449967500372,0.0,0.0,0.06548847852971047,0.004267371698852157
s14T5022,0.47604444915894845,0.039456312954615894,0.0,0.007589365603766145,0.0,0.0,0.0,0.002816004348658646,0.0,0.19984803019714076,0.06457975264736586,0.0,0.03277937909110194,0.014992062901060907,0.0,0.043135619925595524,0.0014689292384187202,0.039096243769923836,0.0027838745491043627,0.0017599803915652199,0.0,0.0,0.07364999522273354,0.0
s15T5022,0.7900859238720747,0.006895217857634595,0.0,0.0,0.0,0.0016402170567189629,0.0,0.0004078008891257181,0.0,0.011519673137436084,0.004996483388665046,0.0,0.024355855762409045,0.11318394285409736,0.0,0.025860052234438442,0.0,0.0017605377444953694,0.01792621211144072,0.0006822691363902792,0.0,0.0,0.0006858139550737253,0.0
s02M5122,0.5791025486225915,0.0025370788658493925,8.318891981105911e-06,0.0,0.0,0.0076662238128857845,0.0,0.0,4.6262319673436375e-05,0.0055444211556258585,0.03883001272525914,0.0,0.04258251194655534,0.09394926057024412,0.0,0.0354290731097022,0.0,0.1404810101821189,0.006077283018356374,0.002183790651457342,0.03686304424259549,0.0,0.008699159885104025,0.0
s03M5122,0.6175282753880049,0.0021010622686770397,0.00032019186879339215,0.0014914981233408162,0.0,0.004074633426652944,0.0,0.0,0.004722612380522498,0.01643913188038705,0.03424276045125524,0.0,0.046587608629522326,0.08853173932244718,0.002202954799066968,0.012608053787044639,0.0,0.108970849350334,0.0010311689179958493,0.002395172182636335,0.056752287223318855,0.0,0.0,0.0
s04M5122,0.849762380715849,0.005327589969900004,0.0,0.0,0.0,0.0009398341662077921,0.0,3.478067203079414e-05,0.0,0.01500733191682487,0.013837453090140476,0.0,0.024094713770418285,0.029072684489833828,0.00033610290334390734,0.05435181594186746,0.0,0.004034523666944255,0.0012278980577631708,0.0007364338367056432,0.0007239562062398028,0.0,0.0005125005959307297,0.0
s05M5122,0.7618777341008166,0.00249810144594679,0.0005433748867780853,0.0016988555351500588,0.0,0.0,0.0,0.0,0.009433651350667129,0.0004223844890878509,0.006664052593704546,0.0,0.017584270347749033,0.016768060907283895,0.0,0.0,0.0,0.00805110075396395,0.0,0.002468734842239284,0.17177703558540985,0.00021264316120292093,0.0,0.0
s06M5122,0.7342755577600751,0.0020129382267247155,0.00043621496976087494,0.0013121675568968743,0.0,0.0,0.0,0.0,0.0,0.004368194708882986,0.015570180453959578,0.0,0.028247092643852792,0.08286719798403104,0.0010514853820095748,0.0,0.0,0.022098740028301242,0.0,0.002010518635757538,0.10574971164974763,0.0,0.0,0.0
s07M5122,0.7998567435003269,0.007207015640131268,0.0,3.115935715130308e-05,0.0,0.001645841830797433,0.0,4.386457788939353e-05,0.0002169349140303927,0.0071984456740716175,0.014008293194444136,0.0,0.04140793591810825,0.0704584815271787,0.0026375755677263985,0.02010985175235794,0.0,0.0246875334366564,0.003220622863809846,0.0016487531353764015,0.0,0.0,0.005620947109943653,0.0
s08M5122,0.06867843883172255,0.4702007458998566,0.0,0.08922888591125326,0.0,0.0,0.0,0.0,0.0,0.0,0.0005507084190653151,0.1558800207575069,0.0,0.0,0.0,0.0,0.16787826509209636,0.0,0.006991279053353494,0.009964135862754997,0.0,0.0,0.030627520172390628,0.0
s09M5122,0.10726641898456293,0.12355284092097747,0.0,0.0669677313761676,0.0,0.0,0.0,0.0027466313139570923,0.0,0.0,0.013008748650956171,0.13421749333546198,0.0,0.0027576297635277316,0.0210871554415503,0.0,0.41171760468888263,0.0,0.015356936703939847,0.012715877734469751,0.03432941559253989,0.0001250709987459036,0.05415044449426063,0.0
s10M5122,0.12086968580229736,0.05085587703761334,0.0,0.09579019759047647,0.0,0.0,0.0,0.0,0.0,0.0,0.01964024013837868,0.26119463917643415,0.0,0.0038359252469372194,0.013641551558861485,0.0,0.2283392534980022,0.0,0.011658556077084962,0.015019476640749693,0.05107210511641752,0.0,0.1280824921167469,0.0
s11M5122,0.1395119743808682,0.05355845221182436,0.0,0.08296950505897854,0.0,0.0,0.0,0.000519158219697209,0.0,0.0,0.02169191250442552,0.1500771045813973,0.0,0.012617594855812432,0.005556505569390381,0.0,0.3533720579999035,0.0,0.02612935211242494,0.014145472570169028,0.02868541185561573,0.0,0.1111654980794929,0.0
s12M5122,0.16056570566026937,0.10884199103463042,0.0,0.04233486868472063,0.0,0.0,0.0,0.0013469885615764654,0.0,0.012448179875084103,0.03403634564481984,0.04564786160371862,0.0013936860655237016,0.013774267180181852,0.0,0.0,0.17588227460927996,0.0,0.10942742884411238,0.018673770335087287,0.0,0.0,0.2545700668584375,0.021056565042557703
s13M5122,0.2591890149742302,0.025754678863372304,0.0,0.0050991679855646385,0.0,0.0,0.0,0.0,0.0,0.08799920717005594,0.04922958471648244,0.0,0.02233711452692018,0.008783692750887341,0.0,0.016752251092841564,0.010519264758828048,0.02730652422147015,0.3294102697719945,0.004924820676270525,0.0,0.0,0.15269440849108235,0.0
s14M5122,0.2685984692015616,0.019256840306035333,0.0,0.0,0.0,0.0,0.0,0.001575366141639347,0.0,0.13628950074599197,0.09056829844522105,0.0,0.036788378049686175,0.0012486298377429848,0.0,0.014600405170234606,0.0,0.06695989643106315,0.15985354197692633,0.0019653722364843525,0.0,0.0,0.20229530145741306,0.0
s15M5122,0.3165300259248818,0.0013410320447545814,0.00022842087954224664,0.0021735937350736917,0.0,0.0,0.0,0.0,0.0,0.07468455395098375,0.058248337339034256,0.0,0.03063459414491017,0.029221184610820246,0.0,0.0,0.0,0.055960284585461754,0.226315272980052,0.0041054000567751015,0.0,0.0,0.2005572997477105,0.0
s01X5122,0.6729533304268498,0.0014850096052821003,0.0003165187935435707,0.002381898893087005,0.0,0.0003602646130898929,0.0,0.0,0.0,0.00034333980414604843,0.009254369908169097,0.0,0.026956984929891493,0.22250026993554523,0.0005298633742330347,0.008533978967046121,1.6194527391367974e-05,0.00641363913122677,0.016285731135057935,0.0035700222146210305,0.02809858374081939,0.0,0.0,0.0
s02T5122,0.759494041960672,0.003221639136555216,0.0002322010054724436,0.008478070131890432,0.0,0.0,0.0,0.0,0.007803579580714657,0.0005221151679799406,0.005433157103350927,0.0,0.03135371228504265,0.1116386497799637,0.0011882633542842176,0.03923091325606666,1.5068038781594833e-05,0.001224851625525345,0.0007792846244670105,0.0035524073108001747,0.025832045638432968,0.0,0.0,0.0
s03T5122,0.7505151892752477,0.0028153629170337745,0.0005922708263982575,0.004491518393786725,0.0,0.0,0.0,0.0,0.014304380363843317,0.0007412857774808753,0.005979080417488755,0.0,0.023537129941517167,0.0893161909401911,0.0013486801864966188,0.00667856947994669,0.0,0.010566325441963136,0.032193331869636854,0.0044618671205517045,0.05245881704841725,0.0,0.0,0.0
s04T5122,0.8168563194738362,0.002126202595380379,0.00033708868256790425,0.0,0.0,0.00026224345843259414,0.0,0.0,0.0038260264776826336,0.004779205718207541,0.010835857664948153,0.0,0.023372250702114183,0.043369346866342376,0.0,0.02912264226466497,0.0,0.006196233315133177,0.05747948719114033,0.0014370955895496999,0.0,0.0,0.0,0.0
s05T5122,0.5819815012385416,0.0005808960727159993,0.0004460124315923067,0.0046040495007613836,0.0,0.0,0.0,0.0,0.0,0.0,0.011388608708194555,0.0,0.024594632149329623,0.2602798114113686,0.00035164830551343284,0.0,0.0,0.01144565483186108,0.06543026511855299,0.004677948356216867,0.0342189718753516,0.0,0.0,0.0
s06T5122,0.6980787568565674,0.0037263693913709493,0.00013073067717884175,0.0015897701372544414,0.0,0.0,0.0,0.0,0.004624208535262157,0.0030275719669638677,0.01576209221913035,0.0,0.013455240711378231,0.036812753750949063,0.0008649348117355755,0.0,0.0,0.001527096136031114,0.15993138364580606,0.001699793117508948,0.05876929804286311,0.0,0.0,0.0
s07T5122,0.7972935984390292,0.008611782605345982,0.0,0.0,0.0,0.00043205267459900984,0.0,0.0,0.0,0.003399475535080686,0.00561484663878257,0.0,0.015063474382092469,0.003031329330944586,0.0,0.07493808366916899,0.0,0.0,0.09150261445657602,0.0,0.0,0.0,0.0,0.00011274226838036093
s08T5122,0.15379044116914464,0.6405410338884079,0.0,0.0008192297950939998,0.0,0.0,0.0,0.0,4.954870053795764e-05,0.0,0.0,0.0,0.0,0.0,0.0,0.0,0.10430271486280178,0.0,0.0,0.011836791863978421,0.0,0.0,0.08866023972003516,0.0
s09T5122,0.19164705496262005,0.35019313416349934,0.0,0.012141933422864445,0.0,0.0010221872274958218,0.0,0.006717232438760156,0.0018262855789150329,0.009578035907829836,0.019263673813212107,0.0,0.012751411542879976,0.0,0.0047659636947307215,0.0014945523090778756,0.18749210088011406,0.0075469876548051994,0.000346135634881423,0.034518247015325264,0.0,0.0,0.1586950637529887,0.0
s10T5122,0.03901075675919722,0.0,0.0,0.0,0.0,0.0,0.0,0.0,0.0009780850465169009,0.06921690210915779,0.16698494578711953,0.0,0.007279741855907372,0.011743132236302628,0.0,0.0,0.0,0.0,0.0030697599301948305,6.324483939023332e-05,0.0,0.0,0.7016534314362135,0.0
s11T5122,0.16433294898409898,0.11438704141832484,0.0,0.023419133031655368,0.00028752028485058245,0.0,0.00986545722044835,0.005735924166865,0.0,0.005429012715298164,0.0313115991979022,0.08794173085354628,0.005153771200957246,0.0,0.01043982194737068,0.0,0.08573056630837181,0.0,0.04912005473623667,0.03500780463688573,0.1251695936027023,0.0009522591750771662,0.24571576051940858,0.0
s12T5122,0.11161603559169438,0.03554850381316849,0.0,0.0028928352034438215,0.0005943604292766071,0.0,0.0,0.0012645960664018068,0.00021888742599097065,0.004470900346357128,0.08353948094946857,0.02325792079604114,0.018854544819455806,0.020457843913381214,0.0,0.0,0.015338501941316045,0.0,0.059030351269777216,0.006332183553307033,0.05007319627447315,0.0,0.5665098576064467,0.0
s13T5122,0.08095179381447595,0.05846819556805573,0.0,0.0,0.0,0.0,0.0,0.0,0.0005155786487505804,0.035073190237866154,0.10727753866076727,0.0,0.025091232592358854,0.002223170392470185,0.0,0.0,0.0005839312056676865,0.0048940516084594226,0.04996769015898833,0.004236158864478791,0.0,0.0,0.6307174682476611,0.0
s14T5122,0.15737270453295601,0.018951577978751355,0.00028515295306727175,0.0,0.0,0.0,0.0,0.0,0.0,0.06490316117556187,0.0920643150197125,0.0,0.024159650635915422,0.008761857487399763,0.0,0.0,0.0,0.032855228635550675,0.0682008917738124,0.0015152664875223334,0.0,0.0,0.5309301933197503,0.0
s15T5122,0.19838462615883226,0.0,0.0002753088868243069,0.0,0.0,0.0,0.0,0.0,0.0,0.07361848616307458,0.06869519292888406,0.0,0.02589637280072202,0.025133371406932045,0.0,0.0,0.0,0.05802517461671161,0.16063600397644628,0.0013893215932934834,0.0,0.0,0.38794614146827927,0.0
s02M5222,0.7209531318899925,0.005749611933162188,0.0,0.0015239439385398349,0.0,0.0007002687984490232,0.0,0.00035042736457394243,0.004254700799882312,0.004166463034351543,0.009906509770065939,0.0,0.03939214871189243,0.07323162339026108,0.002743942763338003,0.04467199194947224,0.0003778874904353958,0.033691592110552344,0.015266071985910306,0.0021319141005756072,0.04088776996854519,0.0,0.0,0.0
s03M5222,0.5757703271906024,0.0,0.0,0.016064294232016305,0.0,0.0,0.0,0.0,0.0,0.0,0.0068342432669268845,0.0035129437554813287,0.012126391808164766,0.1030951441377601,0.0,0.0,0.0015754919880498458,0.016441741186430273,0.024144584771718137,0.005620693110058529,0.23432506137351738,0.0004890831792741555,0.0,0.0
s04M5222,0.510854896671595,0.001227160638218354,0.0,0.004715844958208251,0.0,0.0,0.0,0.0,0.21397585308355893,0.0,0.012337203439444762,0.0,0.027738348326788766,0.0029190538422848382,0.0,0.04576953893853149,0.0,0.06597269976228624,0.025655488358053438,0.001479005854203565,0.08735490612682643,0.0,0.0,0.0
s05M5222,0.5226578231439134,0.0,0.0,0.0036720405053689838,0.0,0.0,0.0,0.0,0.08456767600620861,0.004351801595526973,0.01150909266056326,0.0,0.021862457089737265,0.01575111986763797,0.0,0.03668067563513572,0.0,0.06189353389490334,0.033150802203096796,0.0012025433462868622,0.20270043405162075,0.0,0.0,0.0
s06M5222,0.5808568743615321,0.006009460105441218,0.0,0.00457968134838,0.0,0.0,0.0,0.0,0.02620157701762127,0.028135182553992735,0.018679403829100598,0.0,0.039306087716272003,0.014735750344043475,0.0,0.02758825943417906,0.0,0.0863880346901313,0.04807034448972338,0.00019433632012161683,0.08998844674371245,1.6038695372114e-05,0.02925052235037679,0.0
s07M5222,0.471448300605702,0.0017273328667661396,0.0,0.0018962888790672334,0.0,0.0,0.0,0.0,0.0033897783157843717,0.038277409392802185,0.02294076266572445,0.0,0.04120804858255807,0.037215338907406456,0.0,0.048157945514041456,0.0,0.11558859694514077,0.15995199425197956,0.0007482037524920458,0.0,0.0,0.05744999932053509,0.0
s08M5222,0.1878788969985075,0.5341752450005809,0.0,0.0,0.0,0.0,0.0,0.0,0.0005523318119718641,0.0,0.0,0.0,0.0,0.0,4.056050284394114e-05,0.0,0.12348166149245497,0.0,0.0025250146200150544,0.01995340798430722,0.0,0.0,0.13139288158931847,0.0
s09M5222,0.19876954783046308,0.13027076021826733,0.0,0.010072691311605408,0.0006365553707649471,0.0,0.0,0.010621994928342827,0.001789728373042964,0.04928857433045173,0.04586154395102103,0.002278069576428452,0.03615319688066026,0.0,0.0,0.0,0.05626431803096226,0.015993025530937493,0.004323648069932703,0.01468636396253159,0.0,0.0,0.4229899816345879,0.0
s10M5222,0.14150078844359787,0.0,0.0003033680125226843,0.0,0.006862473109110118,0.0,0.0,0.005038950194506824,0.0020125041945817123,0.04532401774807903,0.11752682814778526,0.0,0.049346835209649116,0.0,0.0,0.0,0.0,0.03536574944926229,0.003088036276875152,0.0,0.01332777158314501,0.0,0.5803026776308848,0.0
s11M5222,0.10703901453973529,0.037411237195506764,0.0,0.003002404231575813,0.0,0.0,0.0,0.002600859446934078,0.0008379238922901813,0.09274514973416957,0.08733564887713093,0.0,0.057889310855046006,0.0,0.0,0.0,0.0,0.04725050038785236,0.001665122504493143,0.004182040230112874,0.0,0.0,0.558040788105153,0.0
s12M5222,0.03495825725490951,0.026894111766850786,0.0,0.0,0.001986308257324442,0.0,0.0,0.0,3.1882187428635706e-05,0.13139654142792953,0.09143945170307755,0.0,0.08514870111246486,0.0,0.0,0.0,0.0,0.05546747769119042,0.0,3.6786688641141686e-05,0.0,0.0,0.5726404819101832,0.0
s13M5222,0.04716545179201454,0.010174956920405534,7.054006863058874e-06,0.0,0.0,0.0,0.0,0.0,0.0,0.15103952811671342,0.09192927959922004,0.0,0.08046398080800926,0.0,0.0,0.004064298232220505,0.0,0.08325542594941412,0.0,0.0,0.0,0.0,0.5319000245751397,0.0
s14M5222,0.1257212993772504,0.02133364760417997,0.0,0.0,0.0,0.0,0.0,0.0,0.0,0.17014156874398761,0.05840530215884824,0.0,0.08797762896582,0.0,0.0,0.06627720009294548,0.0,0.08890079889588548,0.0,0.0,0.0,0.0,0.3812425541610828,0.0
s15M5222,0.18323033345475714,0.011022086023672708,0.0,0.0,0.0,0.0,0.0,0.0,0.0,0.13489577879579698,0.05860867507856957,0.0,0.07743728320941927,0.0,0.0,0.07123467023875517,0.0,0.10505106251457416,0.0,0.00040566504348379836,0.0,0.0,0.35811444564097106,0.0
s02T5222,0.6750224558119903,0.00636238966438141,0.0,0.01292288684470913,0.0,0.0,0.0,0.0,0.018655337139186826,0.013687389678512695,0.015698416207839044,0.0,0.04633037500780018,0.01982583364219251,0.0038875310445580014,0.06596410538761607,0.0003348448791215206,0.07280034098572989,0.032928524441534684,0.002368980195703761,0.013210589069123941,0.0,0.0,0.0
s03T5222,0.6578456425805367,0.0053201744392582595,0.0,0.0058526889108796686,0.0,0.0008694472625340668,0.0,0.0,0.029429565011485415,0.023882591050443696,0.014488984530102176,0.0,0.041204647752163155,0.021676627987067945,0.0002914098701347034,0.11104077116782612,0.0,0.042249957437019724,0.00921596630763738,0.0007584415569727029,0.03587308413593836,0.0,0.0,0.0
s04T5222,0.6545610738657051,0.008377659167515155,0.0,0.005959586058682405,0.0,0.0002660024645482703,0.0,0.0,0.08655331720564498,0.010170435995233028,0.015833725875947367,0.0,0.025107652190340363,0.008499530500498313,0.0,0.011171374864483236,0.0,0.03560542417334467,0.004197361350055943,0.00034217593641382816,0.1333546803515873,0.0,0.0,0.0
s05T5222,0.3722447521676839,0.0,0.0,0.0011506963204778434,0.0,0.0017625267993195358,0.0,0.0,0.23902400448238675,0.0,0.006984414341156204,0.0,0.005667830645948563,0.004751473432282801,0.0,0.0,0.0,0.0007175407981770829,0.0,0.0,0.3676967610125675,0.0,0.0,0.0
s06T5222,0.4275448053078847,0.0,0.0,0.003594209569161133,0.0,0.0008598893515224704,0.0005329722957831512,0.0,0.21447850632334503,0.0,0.007810179491633987,0.0,0.004839858329465537,0.0,0.0,0.0,0.0,0.0,0.0,0.0,0.3401344683252929,0.00020511100591106516,0.0,0.0
s07T5222,0.7141979890366861,0.0035356554186464426,0.0,0.0035519951497402363,0.0,0.0017503732621799823,0.0,0.0,0.009793408285998324,0.014631626040027015,0.011904634647802203,0.0,0.04175173119371787,0.032565760747628354,0.0004919535106634197,0.14541306625279918,0.0,0.017285681454751425,0.0026016660611188386,0.0005244589382406954,0.0,0.0,0.0,0.0
s08T5222,0.30175549859477724,0.4673595716352377,0.0,0.017093729033316293,0.0,0.0,0.0,0.0,0.00010516847839448598,0.0,0.0,0.047202421496494985,0.0,0.0,0.0,0.0,0.092372412891832,0.0,0.0042079042181787886,0.00933605861923257,0.0,0.0,0.0605672350325358,0.0
s09T5222,0.16581067234107968,0.08628568996515067,0.0,0.039990388154478224,0.0,0.0,0.0,0.002745836520112968,5.501406962304957e-05,0.0,0.0504240436743099,0.09514173070492767,0.017838957626743597,0.004728388933009148,0.008136922243317872,0.0,0.07029636589542534,0.022242234264809098,0.013675055309988603,0.013160874218100764,0.058018358038369786,0.0,0.35144946804055355,0.0
s10T5222,0.16494845617602416,0.036946282908655426,0.0,0.0,0.0,0.0067891460646581255,0.0,0.0017735206741525652,0.0005212482092103242,0.08394259401500899,0.05267989376408364,0.0,0.11239835950281911,0.0,0.0,0.08785335900372034,0.0,0.08292559784839874,0.009921074665859463,0.0036902626447605246,0.0,0.0,0.35561020452264863,0.0
s11T5222,0.15113477221628926,0.12923445785340637,0.0,0.005466251622719588,0.0,0.0,0.0,0.001541768365360475,7.389429016809915e-05,0.05660757222577941,0.04815244025245644,0.009633226344874025,0.06786838547180062,0.0,0.0,0.016424167808538056,0.027746934590099463,0.07318657724341007,0.014197698485892765,0.011098067517389395,0.0,0.0,0.38763378571181595,0.0
s12T5222,0.0933974520892523,0.08592105411593508,0.0,0.0030995381649121883,0.0,0.0,0.0,0.0,0.0009580428307526183,0.13768848967303515,0.06421028360991976,0.0,0.1021374321051044,0.0,0.0,0.015355458424854787,0.003726093597602026,0.08244411959621721,0.00020257910875612069,0.0,0.0,0.0,0.41085945668365836,0.0
s13T5222,0.2534702498479947,0.009120705942541796,0.00022187907326906106,0.002426583479936816,0.010823853213427385,0.0,0.0,0.0,0.0028562105392627405,0.08452313948357681,0.05997382446768234,0.0,0.13157912470026972,0.0,0.0,0.0,0.0,0.10448832049733298,0.028928858040999927,0.0,0.006238824882255901,0.0,0.30534842583144994,0.0
s14T5222,0.13242049198835495,0.029385316622806672,0.0,0.0021103295318554882,0.0,0.0,0.0,0.0,0.0004237235734345143,0.20775737761830923,0.05704788261243595,0.0,0.10972809778361677,0.0,0.0,0.05401985153282661,0.0,0.09460558184437508,0.0,0.0,0.0,0.0,0.31250134689198467,0.0
s15T5222,0.24537889069066227,0.0,0.0,0.0,0.0,0.0,0.0,0.00223217857378973,0.0015238042294662927,0.13193890247783063,0.06600611951663639,0.0,0.08129037023499806,0.005833251262131841,0.0,0.0,0.0,0.10722559287447435,0.03677057818864595,0.0017836918462996489,0.0,0.0,0.3200166201050649,0.0
s02M0123,0.2579515286602486,0.0009422644948113423,0.0,0.004792706626892233,0.0,0.0,0.0,0.0,0.38996057932202427,0.05083372076063244,0.018884718249798812,0.0,0.04075954485852959,0.0,0.0010454917882240509,0.12271601249665179,0.0,0.09664244753189637,0.00971954854106594,0.0,0.0,0.0,0.0057514366692247324,0.0
s03M0123,0.39750541369171505,0.002459042049780447,2.205829868101785e-05,0.004171706975791199,0.0,0.0,0.0,0.00028297532157279853,0.23256754733962134,0.05462475261721737,0.019871803365371116,0.0,0.06491880719769783,0.0,0.004067333075796891,0.09469534222249382,0.0,0.10249580892448201,0.014345250806122534,1.6454407036034787e-06,0.0,0.0,0.007970512672953093,0.0
s04M0123,0.33845888681028485,0.0016376552982263729,0.0,0.007986355732792372,0.0,0.0,0.0006851218971097912,0.0,0.2427504697228006,0.0,0.004343421886253526,0.0,0.01869962065353368,0.00042600969792672675,0.0,0.0,0.0,0.03413312254721561,0.020212966822389416,0.0008140381918073938,0.328416362989677,0.0008898040542406564,0.0005461636957419633,0.0
s05M0123,0.07191108962287047,0.0009418388730060545,0.0,0.0,0.005509881582524995,0.0,0.0,0.0,0.9020951249659415,0.0,0.0,0.0,0.00477681636924951,0.0043524487403201586,0.0,0.009970303808747166,0.0,0.0,0.0,0.000442496037340159,0.0,0.0,0.0,0.0
s06M0123,0.2282628285486037,0.0,0.0,0.0030574871919279638,0.0,0.000693568686901828,3.9874764568580334e-05,0.0,0.5951856237430382,0.0008078957079491121,0.008005433159206515,0.0,0.007614072935067421,0.0,0.0,0.0008697966839094055,0.0,0.007687580700060521,0.0,0.0,0.14777583787876677,0.0,0.0,0.0
s07M0123,0.22013071807263274,0.002737592815274138,0.0,0.005174648526854202,0.0023404110081966887,0.0,0.0,0.000594057418754404,0.6461669165759044,0.002551700680364465,0.0031251123296483704,0.0001382697404882716,0.02346124803788715,0.0,0.0,0.035046737630321505,0.0,0.018434461759708424,0.011887198646620198,0.00011466359081840236,0.028001161265826788,9.510190069990035e-05,0.0,0.0
s08M0123,0.14871483167651198,0.5552640448822873,0.0,0.022066658389836208,0.0,0.0,0.0,0.0,0.0013415249567068535,0.0,0.0,0.036855311272307754,0.0,0.0,0.0,0.0,0.09361365191187032,0.0,0.0,0.011189196086765957,0.0,0.0,0.13095478082371367,0.0
s09M0123,0.08742744340994416,0.05190994321376842,0.0,0.00443715501199123,0.0038480823918249263,0.0037989298689091794,0.0,0.00041226122739207905,0.007325005761385805,0.08871533792770464,0.03748100511376315,0.010073682048159553,0.13349865861295795,0.0,0.0,0.13363348158009652,0.013057431623371233,0.07544066445706579,0.0,0.000774648095778724,0.0,0.0,0.34816626965588665,0.0
s10M0123,0.12457067363458867,0.017879317787083196,0.0,0.002073063737259688,0.0026862697298611505,0.0,0.0,0.001808873319050957,0.0,0.12271226388754512,0.046405024694807444,0.0,0.10782881952573317,0.0,0.0,0.1397673751736042,0.0,0.09057702913951082,0.0,0.0,0.0,0.0,0.3436912893709556,0.0
s11M0123,0.1325757946692482,0.2127303944683749,0.0,0.005198943805094019,0.0,1.5068992519634578e-05,0.0,0.0005617491756656048,0.0,0.07292216547994036,0.03647499202769748,0.0,0.07201905475821413,0.0,0.0,0.03431224836843305,0.022950895899039887,0.07147394761180123,0.0,0.002560970407899086,0.0,0.0,0.3362037743360725,0.0
s12M0123,0.10340940041710424,0.13402433218871493,0.0,0.004367103942570188,0.0,0.0,0.0,0.0016528440404515224,0.0009806517489121449,0.08323410349809529,0.04433808579691102,0.0,0.06673982690861621,0.0,0.0,0.025014739261339618,0.008761845012750217,0.06271920078460842,0.0,0.0020158934678595687,0.0,0.0,0.4627419729320666,0.0
s13M0123,0.11392218689698798,0.13125708258100818,0.0,0.0,0.0,0.0,0.0,0.0012554668531734854,0.0,0.14251864032037947,0.03808379576742982,0.0,0.09866295447191659,0.0,0.0,0.0680297351155667,0.007918337212388415,0.06219006630787732,0.0,0.0,0.0,0.0,0.3361617344732721,0.0
s14M0123,0.19637021751620806,0.050013487081134074,0.0,0.006621231253006112,0.0,0.0,0.0,0.0012460808518982142,0.0038767799047145037,0.15414509426799924,0.04349356181202879,0.0,0.09359021586112917,0.0,0.0,0.04552207934575553,0.0,0.0973449022836882,0.0,0.0,0.0,0.0,0.3077763498224382,0.0
s15M0123,0.17474237154436853,0.01981065571876142,0.0,0.00043887064422531096,0.0,0.0,0.0,0.0023916181618747383,0.0,0.15516607693891102,0.04284537539139356,0.0,0.09987146648152262,0.0,0.0,0.1153274645297321,0.0,0.10663786375929189,0.0,0.0,0.0,0.0,0.28276823682991886,0.0
s01X0123,0.388949208207322,0.0018662233335894523,0.0,0.004496084904402304,0.0,0.004056132360873101,0.0,0.0,0.008715099066971323,0.06722428192193525,0.021066470898482598,0.0,0.03742122523165058,0.0,0.0,0.26877614590336374,0.0,0.13114119992464365,0.0111095834363233,0.0,0.045441490384753515,0.0,0.009736854425689122,0.0
s02T0123,0.12002009462014902,0.0,0.0,0.000721228220519732,0.012247790165004619,0.0,0.00018026154150266636,4.90520487080594e-05,0.5433485065378916,0.027267521845357405,0.017245526466087607,8.52250564605242e-05,0.029732929985596568,0.0,0.0,0.02700124665795836,0.0,0.05815546119472287,0.05212820748469599,0.00018245847198077004,0.08460791259376566,0.0008731821780677957,0.02615339493153084,0.0
s03T0123,0.06465831468466252,0.0,0.0,0.0,0.008452307335150589,0.0,0.0004948165499860923,0.0005305146396898664,0.7177231967525526,0.01642406791385984,0.009011130486130873,0.0,0.012605632970504616,0.0014227600157925655,0.0014895852907094672,0.0142097903132709,0.0,0.030496567470472424,0.07133552103345878,0.0003506655608464731,0.03315066328086119,1.908556284451868e-05,0.017625380139206656,0.0
s05T0123,0.1498920445761242,0.0,0.0,0.007579360551858468,0.0,0.006116427773372146,0.005131626838489832,0.0,0.32027301946925263,0.0153592384393228,0.005765394946377446,0.0,0.01796798071570482,0.0,0.0,0.08884634235404061,0.0,0.06009997280523834,0.07742100621231739,0.0,0.21993583620243953,0.0015909160560946655,0.024020833059367197,0.0
s06T0123,0.11559986719476036,0.0,0.0,0.001548102544667868,0.004453418626888171,0.005198917297790519,0.00040541848360557404,0.00038584103489602617,0.5088014583229877,0.020445766757311894,0.009476525303116275,0.0,0.006380540608438809,0.0,0.0,0.08382009912498453,0.004093872302134775,0.039727448558295485,0.08754434044564222,0.0,0.1099318067504783,0.0006624748244650215,0.0015241018195364625,0.0
s07T0123,0.2598104779842599,0.0013439558847270804,0.00035195750611387414,0.0007659561523708888,0.002880464093407314,0.0,0.0007945288392511047,0.0006419991058596472,0.28711581946506204,0.007501818444982023,0.012022818124354741,0.0006223951499539446,0.03852460659945831,0.009675596316496058,0.0,0.05562801300370615,0.0005318388735848631,0.10659260480327964,0.1508858889021999,0.0010409467696528077,0.06305741786995905,0.00021089611132057463,0.0,0.0
s08T0123,0.1289717119200149,0.5848113508895242,0.0,0.005117716333949313,0.0,0.0,0.0,0.0,0.0,0.0,0.0,0.046288667563229635,0.0,0.0,0.002704262324384636,0.0,0.07805972621093808,0.0,0.0,0.01779275043421201,0.0,0.0,0.13625381432374728,0.0
s09T0123,0.11519817455137371,0.24086665214280736,0.0,0.014130410222782268,0.0,0.0,0.0,0.005582605430717761,0.004290969069982896,0.010159731403889347,0.02361712535975539,0.056253064871565804,0.03136176093833663,0.0,0.0,0.0025352045743059514,0.06084840472150343,0.03021554090955663,0.0,0.0022336490382042365,0.0,0.0,0.4027067067652185,0.0
s10T0123,0.1814387417569642,0.0,0.0002906308151980781,0.008122040723794044,0.0016427230302751166,0.0,0.0,0.0050261787570879,0.0006297535790753436,0.04881912040698515,0.05407239833205718,0.0,0.05889115809492751,0.0,0.0,0.01225652175131635,0.0,0.08495677753323816,0.19783562844909128,0.0,0.0,0.0,0.34601832676998967,0.0
s11T0123,0.1703039034861671,0.020613537738861917,0.0,0.006426652280621003,0.00029549677154828063,0.0,0.0,0.0008453065791495166,0.001382980057288977,0.10767461760145441,0.0462336158361984,0.0,0.08278189465315511,0.0,0.0,0.06167846990356795,0.0,0.12061545621968976,0.04122821309949286,0.0,0.0,0.0,0.3399198557728047,0.0
s12T0123,0.18854062542380287,0.031398518425389495,0.0,0.0015955016737377475,0.0,0.0009962408536668597,0.0,0.0,0.0,0.09884292797365117,0.02959354068937179,0.0,0.06327330417407782,0.0,0.0,0.12457439874629644,0.0,0.12668106859043726,0.15387668919788489,0.0,0.0,0.0,0.18062718425168373,0.0
s13T0123,0.08346997516792169,0.006162008945959192,0.0,0.0008264290759762146,0.0,0.0,0.0,0.0,0.0,0.04834146076781394,0.015944176679150084,0.0,0.005943776907607715,0.0,0.0,0.015469817001576082,0.0,0.023526148296633,0.7256717144718389,0.0,0.0,0.0,0.07464449268552327,0.0
s14T0123,0.07833009563180772,0.005769349740068284,0.0,0.0006258635206276424,0.0005460192422999877,0.0021607273727217626,0.0,0.0,0.0,0.04697663056073532,0.010164369541018289,0.0,0.0,0.0025774573803478704,0.0,0.09620454965504266,0.0,0.0,0.7062259418697933,0.0,0.0,0.0,0.05041899548553723,0.0
s15T0123,0.15094962899566727,0.002322216655494255,0.0,0.002153529450143261,0.0,0.0019647148045283075,0.0,0.0,0.008479670269150438,0.03728210166378483,0.00894184877011814,0.0,0.006810468911768027,0.001889129246921264,0.0,0.08632080099013574,0.0,0.018059673185227477,0.6671725026545867,0.0,0.0,0.0,0.007653714402474416,0.0
s02M0223,0.12137716457300728,0.018584296076808053,0.0,0.00013620077058611597,0.0,0.0,0.0,0.0,0.026435524136664494,0.037462324021922414,0.02350097999336237,0.0,0.07973316605342116,0.0,0.005932220475150803,0.23398502180278166,0.01191086713416161,0.32771218438047617,0.04773549213674411,0.0,0.0492771111783784,0.0,0.009158845027651892,0.007058602238883406
s03M0223,0.023226294156266567,0.0,0.0,0.0,0.0,0.0,0.0,0.0,0.011444563396832195,0.03881877152909353,0.019254488529020237,0.0,0.04180173245003931,0.0,0.0,0.28840100632887816,0.0,0.3108192921389962,0.2661452887113498,8.85627595239886e-05,0.0,0.0,0.0,0.0
s04M0223,0.18273757232233726,0.0,0.0,0.004945023127217099,0.0,0.004605576249964057,0.0,0.0,0.02004874735482358,0.06417622500683713,0.028376791655719776,0.0,0.09011478113801315,0.0,0.007731495583861362,0.23140469422482357,0.0,0.2857641484398605,0.045718825033966584,0.0,0.03437611986257604,0.0,0.0,0.0
s05M0223,0.09971785159405055,0.0,0.0,0.0016631971963390656,0.0,0.0,0.0,0.0,0.0035993266483442736,0.04489736679006309,0.016653367727410263,0.0,0.02483265274854062,0.0,0.0,0.1333453833509256,0.0,0.14142374732523288,0.5318861479287976,0.001980958690296173,0.0,0.0,0.0,0.0
s06M0223,0.2641363591854207,0.0,0.0,0.003289622875925049,0.0,0.0066803023874808685,0.0,0.000582832020661396,0.03911984358951731,0.05525409625087886,0.02901309419462579,0.0,0.10463215036592483,0.0,0.006697605153437434,0.18653058290300106,0.0,0.2560548428999023,0.03275689186852991,0.0,0.01525177630469439,0.0,0.0,0.0
s07M0223,0.13461981985127955,0.0,0.0,0.005220828819579015,0.0,0.0,0.0,0.0,0.0066140666310671725,0.036340604120851515,0.01926291066721377,0.0,0.04404517416001952,0.0,0.0,0.04520269537075073,0.0,0.1725632251583629,0.5349355189432643,0.0011951562776114826,0.0,0.0,0.0,0.0
s08M0223,0.12806708216868007,0.6687916742158589,0.0,0.007887242717484116,0.0,0.0,0.0,0.0,0.0,0.0,0.0,0.0,0.0,0.0,0.0,0.0,0.06697414934247288,0.0,0.0,0.006712650937439421,0.0,0.0,0.12156720061806468,0.0
s09M0223,0.1914762382473905,0.28728250660408655,0.0,0.034114063344733284,0.0,0.0,0.0,0.004067426875365039,0.0009793020897582243,0.0077525270387936605,0.01604093697525496,0.04304314086782601,0.014929110430801683,0.0,0.005232324301748219,0.006058254584177311,0.04784131674495252,0.02967458767843832,0.015207251960935312,0.0036597096956852396,0.0030953875453197163,0.0,0.28954591501473337,0.0
s10M0223,0.1333798488551586,0.07569096544205237,0.0,0.012827666215413966,0.0,0.0,0.0,0.001591396750290209,0.0028229503849914765,0.08936499777629435,0.05807897409187327,0.006754438039504023,0.07368328790136393,0.0,0.0,0.04367921338940836,0.001573291475753,0.11546637764091332,0.01900780664782934,0.0,0.0,0.0,0.3660787853891536,0.0
s11M0223,0.1982635391648466,0.2637004630943471,0.0,0.022231465407351183,0.0,0.0,0.0,0.0013217436529894752,0.0012304275412685307,0.04291289305329608,0.02202585330790976,0.019257979159005928,0.03403826834835615,0.0,0.00236888511461605,0.038821359743493364,0.03203196833717949,0.0626327679998247,0.010025432818664018,0.0023674602214004943,0.0,0.0,0.24676949303545112,0.0
s12M0223,0.1108503278981205,0.14249808741709885,0.0,0.005887880313954532,0.0,0.0,0.0,0.0003862554593526458,0.0014265193341421445,0.10395222335020421,0.03626724860285756,0.0035824895823435084,0.06336137365216893,0.0,0.0014620487555138419,0.04735795504155265,0.008937007575246689,0.09274483475042629,0.04062796177750105,0.0,0.0,0.0,0.3406577864895166,0.0
s13M0223,0.07249795755287647,0.07748844961064383,0.0,0.013056064046227583,0.0,0.0,0.0,0.0,0.0010062433494985195,0.09471738844952776,0.05847622077578553,0.00580979235451292,0.0688329203546071,0.0,0.0,0.0351299581709974,0.0031515461131161114,0.16131023296598132,0.05108354765288357,0.0,0.0,0.0,0.35743967860334186,0.0
s14M0223,0.10363257686025162,0.034221452945425265,0.0,0.018050523182626843,0.0,0.0,0.0,0.002677368214723582,0.0028254729900307842,0.09358173484233631,0.047172330618385674,0.0060149908337819745,0.08570604142770896,0.0,0.001712194934416014,0.021552075231850685,0.0,0.14466431088617082,0.14767201427888754,0.0,0.0,0.0,0.2905169127534038,0.0
s15M0223,0.10512440668010979,0.007420833325599788,0.0,0.0017319255331102981,0.0,0.0,0.0,0.0006551616674574489,0.0008854504506718633,0.062274392688715034,0.02062778694878818,0.0,0.03151876667829852,0.0,0.0,0.04207329770342284,0.0,0.08835552130846884,0.5576091281915418,0.0,0.0,0.0,0.08172332882381554,0.0
s01X0223,0.1583209999400693,0.0,0.0,0.0,0.0,0.0,0.0,0.0025905156422826553,0.003663507959610902,0.06316995503456191,0.027508298804322987,0.0,0.09169532353406801,0.0,0.012320996961489255,0.16233602979931147,0.0,0.24082014288327605,0.21271638222661954,0.0021106105773941526,0.0,0.0,0.022747236636993903,0.0
s02T0223,0.08126338798385399,0.09128514426942426,0.0,0.0,0.0,0.0,0.0,0.003637625619441956,0.010097567760268456,0.042139821974952175,0.01867872532841558,0.0,0.04991832183206896,0.0,0.0,0.13147850581103293,0.06084223083104768,0.2698440234660776,0.07021830680583545,0.0015724360082617996,0.0,0.0,0.15605709927871267,0.012966803030606431
s03T0223,0.20269328462916297,0.0,0.0,0.002480548595117706,0.0,0.0017133073180317536,0.0,0.0,0.03337549155955751,0.06075739685827941,0.02616337136240042,0.0,0.0920569815730984,0.0,0.007217377798206863,0.1696518950764404,0.0,0.2841677205128585,0.09714111765821327,0.0005749370072396797,0.022006570051393143,0.0,0.0,0.0
s04T0223,0.19051253395657763,0.0,0.0,0.0,0.0,0.001240246434955533,0.005516453256113278,0.0,0.16916716060100428,0.008864729299231712,0.011465554103920523,0.0,0.011905601046002775,0.0,0.0,0.0,0.0,0.0273694090213288,0.1094730240733499,0.0,0.46368731536645763,0.0007979728410580597,0.0,0.0
s05T0223,0.11253956362802256,0.0,0.0,0.0,0.00322449881704224,0.0012359222790780102,0.0007809402559077423,0.0,0.019277620926573553,0.017112012783165983,0.014687119975183039,0.0,0.002917874118029697,0.0,0.0,0.03952826259120366,0.0,0.03894323231137438,0.6286702074083439,0.0,0.1208243532454896,0.00025839166058545495,0.0,0.0
s06T0223,0.08987638342391953,0.0,0.0,0.0037361041043992727,0.0016823908736495789,0.0004486837592031546,0.0005806721183010884,0.0,0.020755871926374344,0.021989474953964652,0.019785672607759455,0.0,0.003883556266359605,0.0,0.0,0.016574167854341928,0.0,0.04721643233210646,0.6351714598725053,0.0,0.13791379464557557,0.0003853352615400308,0.0,0.0
s07T0223,0.007098376375815981,0.0,0.0,0.00028139411094710255,0.0,0.0,0.0,0.0,0.015255466828650593,0.06765161073185091,0.02236101130676923,0.0,0.040486260224785,0.0,0.0,0.31516330442370893,0.0,0.2581575560059885,0.2734150553272429,0.00012996466424087142,0.0,0.0,0.0,0.0
s08T0223,0.14594966865541897,0.631538584430155,0.0,0.03237014214713646,0.0,0.0,0.0,0.0,0.0,0.0,0.0,0.0,0.0,0.0,0.0,0.0,0.06620659516775866,0.0,0.00035010664198762613,0.01368749627574264,0.0,0.0,0.10989740668180073,0.0
s09T0223,0.14038622606142528,0.2830242247294069,0.0,0.08401490306370497,0.0,0.0,0.0,0.0,0.0008592704948477181,0.006284727142106386,0.016249027927925108,0.07877224112865586,0.012414515369430003,0.0,0.003814312303568171,0.0072093472360020075,0.060922981104796284,0.02994631092985648,0.0025382502324893673,0.0049645998176339546,0.0,0.0,0.26859906245815146,0.0
s10T0223,0.048736154888462675,0.024628570786460774,0.0,0.00795935514756283,0.0,0.0,0.0,0.0,0.003729575399173209,0.1047923816631266,0.05284151352749907,0.0,0.1012553669271826,0.0,0.0,0.15383341353763497,0.0,0.32532249509407324,0.018994504141264794,0.0,0.0,0.0,0.15790666888755917,0.0
s11T0223,0.07285316644367368,0.23388335918135922,0.0,0.01865961750954279,0.0,0.0,0.0,0.0,0.0020133478913982364,0.04923509775679624,0.0370648466171528,0.026605205802867633,0.04472486092345834,0.0,0.005400110964039683,0.06278163448876994,0.03344952149350431,0.17827103546306655,0.02201632407919557,0.0006133688001873132,0.0,0.0,0.21242850258498774,0.0
s12T0223,0.12993696409234315,0.16819709242285674,0.0,0.00985528854308564,0.0,0.0,0.00029283973614385776,0.003948652164844318,0.006504420751525537,0.023991701690366355,0.027988719207072337,0.0485026386699965,0.04790747515704471,0.0,0.011626996654409224,0.04777378555169046,0.010616882922351417,0.11547738824114943,0.02301978744961124,0.0,0.14588611034885832,0.0023343209611424768,0.17613893543550832,0.0
s13T0223,0.057905182662630665,0.09409679982290416,0.0,0.003969404690293904,0.0,0.0,0.0,0.0,0.0007132428659557949,0.08828584235312768,0.05103516742225545,0.0,0.07672844591732637,0.0,0.004402736253883241,0.15722174728343252,0.0019749934434286293,0.2535811791619532,0.026171506220316408,0.0,0.0,0.0,0.18391375190249204,0.0
s14T0223,0.044576321236900696,0.07170815213441138,0.0,0.0030344348085903257,0.0,0.0,0.0,0.0,0.0013772000890781891,0.1032250669332478,0.0437883322346523,0.000171271831240639,0.08230492588881536,0.0,0.006983694407099602,0.15279224352849072,0.0016872792176752826,0.1937035000270263,0.09486328813070198,0.0,0.0,0.0,0.19978428953206942,0.0
s15T0223,0.014460135465190807,0.032938866286153376,0.0,0.002064566178115208,0.0,0.0002473997196693085,0.0,0.0,0.0011851214713456237,0.08579125420261643,0.031471743398283646,0.0,0.0681405745308603,0.0,0.0,0.3205626159597635,0.0,0.18267485578389064,0.1420129193778595,0.0,0.0,0.0,0.11844994762625162,0.0
s02M0323,0.0,0.0,0.0,0.0,0.0,0.007700786933957596,0.0,0.0,0.025521735789900836,0.13897995606959015,0.03506444509284568,0.0,0.08164091442717655,0.0,0.0,0.2646712951960568,0.0,0.42181872423250394,0.0246021422579686,0.0,0.0,0.0,0.0,0.0
s03M0323,0.0,0.0,0.0,0.0,0.0,0.00016515500435553774,0.0,0.0,0.014026976939180572,0.14820686722427356,0.02856488884761156,0.0,0.06120873147422084,0.0,0.0,0.2878628768453291,0.0,0.4076799705480997,0.05228453311692912,0.0,0.0,0.0,0.0,0.0
s04M0323,0.12999814798690143,0.0,0.0,0.0,0.004588489822231821,0.0,0.0042148890902067625,0.0,0.01573798952771386,0.047158284731641915,0.018555742820877692,0.0,0.03050301069331399,0.0,0.0,0.04186963905544519,0.0,0.18727693389670286,0.0688498966720121,0.0,0.44908991238997553,0.002157063312976922,0.0,0.0
s05M0323,0.10909159476902167,0.0,0.0,0.0015129168000610968,0.012767822092457668,0.0020424602591809582,0.002830127379322301,0.0,0.02272498803490654,0.05433433607773982,0.021129552754500878,0.0,0.04747650941060835,0.0,0.0,0.12108427958957788,0.0,0.1966276010364308,0.07203378961760246,0.0,0.33544004001939776,0.0009039821591917635,0.0,0.0
s06M0323,0.0,0.0,0.0,0.0,0.0,0.0028521515383724237,0.0,0.0011645517811026947,0.008471046404272637,0.09273463413951984,0.024174477681552127,0.0,0.019185993608230867,0.0,0.0016741001350951577,0.20451725430869877,0.0,0.29361098025292515,0.30203841270968296,0.0,0.03630901546590828,0.0,0.013267381974639138,0.0
s07M0323,0.015224247711816609,0.0,0.0,0.0,0.0,0.0044686036701264125,0.00022945054260010988,0.0,0.015383067299633787,0.05794261579611686,0.015426836656810234,0.0,0.024730385618170158,0.0,0.0,0.14454380191933255,0.0,0.19808555638157338,0.47367135103554214,0.0,0.05029408336827796,0.0,0.0,0.0
s08M0323,0.11487337693462447,0.6448633937660416,0.0,0.028134550109829553,0.0,0.0,0.0,0.0,0.0,0.0,0.0,0.03784367696040292,0.0,0.0,0.0,0.0,0.062353786443946756,0.0,0.00013670109009084993,0.005263503910867889,0.0,0.0,0.10653101078419576,0.0
s09M0323,0.1299099355116943,0.6281170529842226,0.0,0.05298138134456666,0.0,0.0,0.0,0.0,0.0002077578393298588,0.0,0.0,0.01202105595510949,0.0,0.0,0.005818797525875747,0.0,0.05595385583342979,0.002428813724990757,0.0009292241530402575,0.0036878898162900835,0.0,0.0,0.10794423531145046,0.0
s10M0323,0.029403041233309696,0.17843922487433156,0.0,0.013539784308465069,0.0,0.0,0.0,0.0,0.001419700452633095,0.056276668799881434,0.03295971090930652,0.004189178719529092,0.06513311098836422,0.0,0.0019679539683899235,0.15474268283280182,0.01378763618598343,0.25767853015849884,0.012516417362103344,0.0006133414602020294,0.0,0.0,0.17733301774619992,0.0
s11M0323,0.07860752280070055,0.36951448950614485,0.0,0.036341268133603964,0.0,0.0,0.0,0.0,9.08969330297713e-05,0.024677411794030428,0.021711563449331134,0.010066044415236333,0.033113564573031905,0.0,0.0067832240233076215,0.08686285603191438,0.0362784977318108,0.132857462389032,0.008918716968279007,0.0039030400312464507,0.0,0.0,0.15027344121930072,0.0
s12M0323,0.07602777740616071,0.322386943206473,0.0,0.02848759547488174,0.0,0.0,0.0,0.0,0.0005689289758436358,0.035202447967312506,0.019820044748904288,0.004987260154469307,0.04085896649476226,0.0,0.007686792230075639,0.08356088987219892,0.029620056081376103,0.14813611258061932,0.022860102693921212,0.0008089936988581687,0.0,0.0,0.17898708841414324,0.0
s13M0323,0.05780356695060553,0.22374813517063022,0.0,0.027495849263311722,0.0,0.0,0.0,0.0,0.0,0.02555182096569959,0.018966454564804613,0.005467857501299818,0.020868685275468382,0.0,0.0025615216036095592,0.06061052847167128,0.02121603252008101,0.11439208479629337,0.2819687861658406,0.0014096621006725566,0.0,0.0,0.13793901465001177,0.0
s14M0323,0.027917797082405084,0.15532908492819253,0.0,0.016413756811102468,0.0,0.0,0.0,0.0,0.00019620690374383399,0.04921085724686639,0.03012571400504772,0.0,0.035963545140687794,0.0,0.003995954034002796,0.09955145701595437,0.010361253230804736,0.24503323295033969,0.157749468545771,0.0,0.0,0.0,0.16815167210508158,0.0
s15M0323,0.013898152135803712,0.047024187712670494,0.0,0.004812828093632443,0.0,0.0,0.0,0.00037740888579132704,0.002190432151880059,0.08112246778775847,0.028582275534977376,0.0,0.07608448556823223,0.0,0.0062164734014088065,0.14723474577147544,0.0012511070199860154,0.2846494933307535,0.21599704465233951,0.0,0.0,0.0,0.09055889795329064,0.0
s01X0323,0.0,0.0,0.0,0.0,0.0,0.0,0.0,0.0009137697885673197,0.003385051583241691,0.06074958184199512,0.023822710400964456,0.0,0.07663647063753634,0.0,0.012444901095387276,0.29853988847008067,0.0,0.4494725590870535,0.059845476251244506,0.0,0.007269968383393433,0.0,0.0026220983424992852,0.004297524118036424
s02T0323,0.0,0.0,0.0,0.0,0.0,0.0,0.0,0.0,0.001281562094316625,0.048675236570614726,0.01990969132591234,0.0,0.07780295182254729,0.0,0.002204491216500021,0.4213086032201806,0.0,0.3989679025374463,0.029849561212482178,0.0,0.0,0.0,0.0,0.0
s03T0323,0.0,0.0,0.0,0.0,0.0,0.0,0.0,0.0,0.0049491696564495724,0.06905572867279407,0.02180332028624335,0.0,0.042890961786897476,0.0,0.0032230389405863446,0.31099344823427655,0.0,0.3892025522481113,0.15788178017464133,0.0,0.0,0.0,0.0,0.0
s04T0323,0.004226075830704577,0.0,0.0,0.0,0.0,0.0007314187158101511,0.0,8.356972940746898e-05,0.0020796030017659404,0.040550431036167595,0.010329942751876167,0.0,0.006080963071401731,0.0,0.0016232886521667076,0.23455610264351712,0.0,0.10420939736785204,0.5955292071993306,0.0,0.0,0.0,0.0,0.0
s05T0323,0.05240341154267376,0.0,0.0,0.0,0.0012562015713764108,0.006494223766455908,0.0,0.0,0.005273468736320031,0.033063886325398174,0.012046998871857015,0.0,0.03192392750957129,0.0,0.0031847990146373867,0.14871478633305427,0.0,0.11109402111615439,0.5347317114974406,0.0,0.05976826607667803,4.429763838272238e-05,0.0,0.0
s06T0323,0.09379250634850969,0.0,0.0,0.0,0.009609827493295085,0.00151330341269869,0.0021856687419819602,0.0,0.01653514190711179,0.030810117431952656,0.012505916695226786,0.0,0.031678478713652175,0.0,0.0,0.11836593017419741,0.0,0.1224964672824843,0.29953714785855606,0.0,0.25984960518952605,0.0011198887508073866,0.0,0.0
s07T0323,0.0,0.0,0.0,0.0,0.0,0.0020668955737648017,0.0,0.0,0.002315297914687995,0.03444448538798461,0.010494469508544017,0.0,0.010050371685925567,0.0,0.0018719956699574298,0.13856647289209234,0.0,0.1070897258936236,0.6627184154151751,0.0,0.030250207201463302,0.00013166285678119867,0.0,0.0
s08T0323,0.13617178478197828,0.6291917643933591,0.0,0.0821265703298177,0.0,0.0,0.0,0.0,5.566542218994193e-06,0.0,0.0,0.0034975504263263244,0.0,0.0,0.0,0.0,0.05300715216457413,0.0,0.001767944173763589,0.007827308783639391,0.0,0.0,0.08640435840432246,0.0
s09T0323,0.12783930889190437,0.5190192919819817,0.0,0.0369484289428199,0.0,0.0007075894533920661,0.0,0.0,0.0,0.002396378588034731,0.0023453012996552387,0.02872525941621521,0.006896899839542414,0.0,0.021930441004915705,0.011380523811021493,0.056667440677525806,0.02228463668550703,0.0014275858215241184,0.00415045392489147,0.012570182339800702,0.0,0.14471027732126807,0.0
s10T0323,0.0602943460214332,0.18622215877156062,0.0,0.021638283058662146,0.0,0.0,0.0,0.0,0.0,0.03422065030647485,0.023693754985865706,0.00539761103670254,0.05828781477051136,0.0,0.009463519827928212,0.22714585070178467,0.015560763947760908,0.22734258533963192,0.012582145684487078,0.0,0.0,0.0,0.11815051554719681,0.0
s11T0323,0.0987065903050622,0.3482259127863536,0.0,0.03553363538854937,0.0,0.0,0.0,0.0,0.0002010540863893154,0.020612837822118996,0.013669034590419207,0.01485452847487312,0.03628866589219927,0.0,0.006092172466248087,0.1096472839871219,0.03626086292035452,0.1375063157032826,0.009536267846204188,0.0026454846071058604,0.0,0.0,0.13021935312371766,0.0
s12T0323,0.028779273213932283,0.2464017902784958,0.0,0.028309043467706685,0.0,0.0,0.0,0.0,0.0005102296384560007,0.038012769608772784,0.018374463890755775,0.0025886844698133306,0.03603022645155165,0.0,0.014783744027382981,0.19991824122611682,0.019024199266401545,0.1889019158119663,0.03585164320844753,0.0,0.02047271207427624,0.0,0.12204106336592431,0.0
s13T0323,0.0,0.15401747807260846,0.0,0.01917598048345314,0.0,0.0,0.0,0.0,0.0,0.05880183325078306,0.025602244179720346,3.598164832994475e-05,0.0517466856246621,0.0,0.00016077093839220023,0.2229640912114571,0.013305202480362346,0.280912247904122,0.05551490374263327,0.0,0.0,0.0,0.11776258046347607,0.0
s14T0323,0.0,0.12362841112497978,0.0,0.009535579806696297,0.0,0.0,0.0,0.000869925335902857,4.205689233275489e-05,0.06645107313683132,0.02461547643821401,0.0,0.04294743585675026,0.0,0.009365823531971337,0.10521139080174784,0.007758360229592247,0.2283910772866538,0.25172866014369744,0.0,0.0,0.0,0.12945472941463,0.0
s15T0323,0.0,0.07336533456242857,0.0,0.010194484635774664,0.0,0.0,0.0,0.0,0.0008643354092744134,0.07126147630056641,0.021924670750077188,0.0,0.08953522341170034,0.0,0.006111880161387331,0.2890253183336399,0.0025923992791240004,0.2991734594487909,0.05829035571440493,0.0,0.0,0.0,0.0775737583353632,8.730365746808422e-05
s02M0423,0.26698968305720777,0.00037040152785294513,0.0,0.00012155978335623876,0.006266431678282272,0.0,0.0,0.0,0.003609932131619421,0.008789891681698076,0.010734266886232274,0.0009060818427745883,0.08383567278598922,0.0,0.0017053481796873843,0.2582137905418057,0.0005744469072925379,0.13754345422984912,0.014801310651102741,0.0,0.20456314225922284,0.0009745858560269206,0.0,0.0
s03M0423,0.254799325651099,0.0,0.0,0.0007493499943721694,0.0,0.0,0.0,0.0,0.011142580208868167,0.030815147716688248,0.015419263247785635,0.000641840622441186,0.08683863340495548,0.0,0.0003774628157548518,0.28006248736181893,0.0,0.14485588199932473,0.06244636556372282,0.0,0.1109990137005145,0.0008526477126543419,0.0,0.0
s04M0423,0.18874269473264363,0.0,0.0,0.0,0.039388481399453,0.0,0.010609767963028646,0.0,0.02723945729643564,0.0,0.00035871950627367757,0.0,0.0038730477509640576,0.0,0.0,0.0,0.0,0.005766219321755482,0.006077167085231854,0.0,0.7135126116223633,0.0044318333218505875,0.0,0.0
s05M0423,0.23700462779041212,0.0,0.0,0.0,0.012373503630857093,0.0,0.0033130707886138413,0.0,0.010499920888430068,0.013676269080042052,0.010737459566564623,0.0,0.03611431113079279,0.0,0.0,0.023177551659615013,0.0,0.07739598795602311,0.17108347221488693,0.0,0.4026770868719639,0.0019467384217983705,0.0,0.0
s06M0423,0.06373690059041262,0.00428865574582267,0.0,0.002432638019386939,0.0,0.0,0.0,0.0,0.0032003935830798944,0.036109895200127556,0.010161550262579363,0.0,0.013911332980295498,0.0,0.0,0.20114235306244074,0.0,0.07544132284217826,0.45072424908079756,0.0,0.11666196414539277,0.0006382610152981891,0.02155048347218789,0.0
s07M0423,0.11036740346472194,0.005501045360379126,0.0,0.0054540790599339395,0.0,0.0020583164121281833,0.0,0.001469587522386738,0.0,0.06252482155500019,0.0,0.001944062361919008,0.026680551777964138,0.0,0.0,0.4606298485122228,0.0008326227032428458,0.0,0.1745129848716345,0.0,0.1448181814088254,0.0013044406001472884,0.0,0.0019020543894939861
s08M0423,0.09893150364444217,0.6529210449659599,0.0,0.053707248658880616,0.0,0.0,0.0,0.0,0.0,0.0,0.0,0.02736844640687162,0.0,0.0,0.0,0.0,0.06261037723110512,0.0,0.0,0.008733587567783046,0.0,0.0,0.09572779152495754,0.0
s09M0423,0.13052266943154486,0.5112871381422057,0.0,0.10837680205407967,0.0,0.0,0.0,0.0,0.0,0.00015748242156183784,0.00040814895071093055,0.053122286563830445,0.0005064554751460924,0.0,0.0,0.0,0.0656925404322716,0.006016715644161451,0.0,0.006741305806552235,0.0,0.0,0.11716845507793515,0.0
s10M0423,0.13522668258230242,0.5267758560583236,0.0,0.09887517479656661,0.0,0.0,0.0,0.0,8.619802371407255e-05,0.0006098603614598438,0.001475194650709356,0.040119289076733775,0.004379615494425294,0.0,0.0009824969449671265,0.0,0.058249447531106495,0.006249864197556554,0.0035465926833297065,0.0037215359241245883,0.0,0.0,0.11970219167468057,0.0
s11M0423,0.13423969182431592,0.5348919150368365,0.0,0.08863225394844447,0.0,0.0,0.0,0.0,3.751656792792803e-05,0.0,0.0014269452882886733,0.047173556196352016,0.001555212077562272,0.0,0.01721066201924508,0.0,0.049958084938737976,0.003255471215246997,0.00850531379342399,0.0027986537560211774,0.0,0.0,0.11031472333759708,0.0
s12M0423,0.1222793526981197,0.5099531904776508,0.0,0.11338755742504694,0.0,0.0,0.0,0.0,0.0,0.0005809621714598147,0.0,0.034071663024383664,0.0,0.0,0.023247529708893877,0.0,0.055256536177065135,0.0,0.024045518948864912,0.0028060157766410967,0.0055099055330719736,0.0,0.1088617680588022,0.0
s13M0423,0.08707930483929495,0.3384669033784233,0.0,0.1185074328266448,0.0,0.0,0.0,0.0,0.0,0.0007780157296275449,0.004898433840613821,0.07598619155977429,0.013814136705456306,0.0,0.0042227218400426765,6.262540634081426e-05,0.06375413061150757,0.02146619624533344,0.06186945508991867,0.004289863238524672,0.0,0.0,0.20480458868849713,0.0
s14M0423,0.0655271694552593,0.35097445647367886,0.0,0.05464632313688223,0.0,0.0,0.0,0.0,0.0,0.02433969295462595,0.008475361723100589,0.0,0.03557701685809629,0.0,0.0,0.075657938971821,0.0396929215416187,0.0944557823607414,0.07029535531504165,0.0023589826262866804,0.0,0.0,0.17799899858284735,0.0
s15M0423,0.16355163669653922,0.5284928609307408,0.0,0.053101962282777034,0.0,0.0,0.0,0.0,6.4042286567908e-05,0.0007185634378027802,0.0027180437314859966,0.027292430370646343,0.00464126482001314,0.0,0.015052436499570354,0.0,0.05615368240791468,0.006362757500725768,0.007715558408402734,0.0024971099786240242,0.0,0.0,0.1316376506481892,0.0
s01X0423,0.4431039903904282,0.0,0.0,0.0,0.0,0.0,0.0,0.0,0.0,0.024979751648171337,0.007600228389330008,0.0007329780706385372,0.05826441158653432,0.00046320000804685456,0.0,0.22546709440075927,0.0,0.05104402985813017,0.02632851674850499,0.0005605944747307951,0.16095050149738463,0.0005047029273410267,0.0,0.0
s02T0423,0.7652880363621463,0.005356027303412989,0.00032317577651285216,0.0,0.0,0.0,0.0,0.0,0.0,0.0,0.0,0.0,0.0391017751582966,0.07892448487600283,0.0,0.03171582819631881,0.0001322976670046061,0.0,0.01105069081872685,0.0009506871591924445,0.06715699668238564,0.0,0.0,0.0
s03T0423,0.5705287574952571,0.00048780637455914756,0.00024517524112555776,0.0,0.0,0.0,0.0,0.0,0.03892823193595302,0.0,0.0,0.0,0.030345633951658357,0.18862485599821963,0.0,0.0246104746079059,0.0,0.0,0.015656326142483513,0.003042260802012893,0.127530477450825,0.0,0.0,0.0
s04T0423,0.655652155044409,0.004402149010016003,0.00034539171599382013,0.0,0.0,0.0,0.0,0.0,0.00390747749172222,0.0,0.0,0.0,0.028492175212033732,0.04039281116307757,0.0,0.009579378305310679,0.0,0.0,0.03843840456263643,0.0014982683102710854,0.21624499758682494,0.001046791597704569,0.0,0.0
s05T0423,0.5528868374860196,0.0,0.0,0.0,0.0,0.0,0.0,0.0,0.0007216854415634748,0.0,0.0,0.0,0.017988747632912604,0.03425168970691519,0.0,0.0,0.0,0.0,0.030268744637087525,0.0013084653746012651,0.36049599024038237,0.0020778394805180383,0.0,0.0
s06T0423,0.5917805677537179,0.0,0.00034530261547523823,0.0,0.0,0.0,0.0,0.0,0.00032416712037414174,0.0,0.0,0.0,0.020967380954487195,0.042484449552596115,0.0,0.012630680992239877,0.0,0.0,0.01602757746591471,0.00027435764801553015,0.3143900413205407,0.0007754745766386877,0.0,0.0
s07T0423,0.6256012630013278,0.001254185670298609,0.00031303117467156255,0.0,0.0,0.0,0.0,0.0,0.0,0.0,0.0,0.0,0.02642827143128622,0.12367492310057411,0.0,0.023222543933952566,0.0,0.0,0.1423245758429671,0.00044472492596162115,0.056736480918960386,0.0,0.0,0.0
s08T0423,0.12167561761180326,0.701301254355489,0.0,0.0679835955647057,0.0,0.0,0.0,0.0,0.0,0.0,0.0,0.0,0.0,0.0,0.0,0.0,0.05041092977399725,0.0,6.821804197004349e-05,0.0022998029903568635,0.0,0.0,0.05626058166167803,0.0
s09T0423,0.1090796128506576,0.5084978867756276,0.0,0.1188863733411382,0.0,0.0,0.0,0.0,0.0,0.0,0.0,0.09278178063235547,0.0,0.0,0.022822044169709257,0.0,0.054200129840216424,0.0,0.0,0.003894049250918421,0.0,0.0,0.08983812313937704,0.0
s10T0423,0.07026284762700821,0.1919673967598048,0.0,0.14050012737150952,0.0,0.0,0.0,0.0,0.0,0.0015171438974841455,0.009184308558427919,0.16589630413760614,0.01439346839941876,0.0,0.044885869702027154,0.0,0.04126505964210322,0.028048408581233666,0.007050717516332047,0.005267074872877186,0.05143026513982298,0.0,0.2283310077943442,0.0
s11T0423,0.13098523919055707,0.6033419860515733,0.0,0.09626625722424426,0.0,0.0,0.0,0.0,1.3895144302453396e-05,0.0,0.0,0.017714654056826366,0.0,0.0,0.0005425272537994506,0.0,0.05882971452882556,0.0,0.0015061802981266794,0.0017666874389003376,0.0,0.0,0.08903285881284449,0.0
s12T0423,0.15451446753169015,0.5522610383087838,0.0,0.08208126317834832,0.0,0.0,0.0,0.0,0.00013925723514130614,0.0,0.0,0.011961948468858945,0.0019647425051485296,0.0,0.0,0.0,0.061634155168146854,0.004180730551512424,0.008143423995489967,0.004698565228681834,0.0,0.0,0.11842040782819789,0.0
s13T0423,0.11100835299297819,0.5451694652573955,0.0,0.03949112497690138,0.0,0.0,0.0,0.0,0.0,0.002718373121513831,0.002067149191669604,0.0,0.009602625860016825,0.0,0.004479132327619537,0.01377899495354491,0.05384511213683715,0.013946543300400007,0.0652655272428553,0.004573086220684348,0.0,0.0,0.13405451241758354,0.0
s14T0423,0.37136450372210944,0.037794522648557156,0.0,0.0031789326168181887,0.0,0.00067807885234252,0.0,0.0007331993437982623,0.0,0.013140309938143703,0.00296820875993998,0.0,0.028040855762911546,0.07610108186207427,0.00013689342544016898,0.0986033447971544,0.0024747071916975233,0.0,0.2923256911514519,0.0012174935839553132,0.031287560684781085,0.0,0.039954615658824334,0.0
s15T0423,0.6713652391826557,0.0049530912550883825,0.0001745707830618978,0.0,0.0,0.0,0.0,0.0,0.0,0.000739441760645069,0.0,0.0,0.047015075894240387,0.1423801908098457,0.0,0.06467987118274288,0.0,0.0,0.06782976229272956,0.0008627568389905899,0.0,0.0,0.0,0.0
s02M0523,0.6404167048491408,0.0,0.00013752120762975363,0.0,0.0,0.0,0.0,0.0,0.0,0.0,0.0,0.0,0.034357683698712296,0.0892562965030241,0.0,0.049236661310293466,0.0,0.0,0.0026719903220254553,0.0015355885780930605,0.18237354755152493,1.4005979556052722e-05,0.0,0.0
s03M0523,0.5433415215606822,0.0,0.0005794772500455969,0.0,0.0014469383622663671,0.0,0.0022322360556604453,0.0,0.016751454966862263,0.0,0.0,0.0,0.027845711777657958,0.04568446559283905,0.0,0.0,0.00029044591402988196,0.0001897664578104343,0.0012097378005759122,0.0,0.3587478212046435,0.0016804230569264329,0.0,0.0
s04M0523,0.5672554768001313,0.0017185358988248108,7.343032831549485e-05,0.0,0.001117172132715087,0.0,0.00015388024753603717,0.0,0.0023903413765462493,0.0,0.0,0.0,0.028477857879979102,0.046657680827131974,0.0,0.01664607003457077,0.0,0.0,0.0,0.00034054767637183985,0.3338906022287674,0.0012784045691099089,0.0,0.0
s05M0523,0.555257920138904,0.0008902420506196343,0.0,0.0,0.0,0.0,0.0,0.0,0.0,0.0,0.0,0.0,0.02377205795154137,0.03725393814845418,0.0,0.02210097968324677,0.0,0.0,0.06636126835364604,0.00027858361992039307,0.2931714440194815,0.0009135660341860665,0.0,0.0
s06M0523,0.5806769063686164,0.0009355493625386571,0.0004550929192144658,0.0,0.0,0.0,2.8116525364529437e-05,0.0,0.0015017836734936665,0.0,0.0,0.0,0.030704667788451784,0.040907392109599,0.0,0.019050111855296762,0.0,0.0,0.031115306567944746,0.0007434314586712842,0.2921556633569819,0.0017259780138269018,0.0,0.0
s07M0523,0.7533628635120411,0.0023311199486731214,0.000510386310818296,0.0,0.0,9.384229859568369e-05,0.0,0.0,0.0,0.0,0.0,0.0,0.029857616540664742,0.023423872081422475,0.0,0.10383294698504773,0.0,0.0,0.019229497663544638,0.0005713984506606631,0.06678645620853157,0.0,0.0,0.0
s08M0523,0.11540982800473804,0.6744336778720024,0.0,0.09113155532545222,0.0,0.0,0.0,0.0,0.0,0.0,0.0,0.013757104357898464,0.0,0.0,0.0,0.0,0.05021961863815789,0.0,0.0021931805854953257,0.0013021198961872588,0.0,0.0,0.05155291532006832,0.0
s09M0523,0.08490752854401572,0.626373757183042,0.0,0.07638481044079944,0.0,0.0,0.0,0.0,0.000260261932311823,0.0,0.0,0.033393813054818505,0.0015193633168884885,0.0,0.004692156929793133,0.0,0.0561401247341791,0.0007868679499194406,0.0042110507458314374,0.006351438910725866,0.0,0.0,0.10497882625767492,0.0
s10M0523,0.2597036428860553,0.014696210346951758,0.0,0.034505576792981885,0.0,0.0,0.0,0.0,0.0,0.0,0.02608360296270515,0.02348858813006118,0.032416748538353184,0.05748605279287329,0.02398489183849332,0.0,0.0,0.016254591272355522,0.025982873316235923,0.004630996518529234,0.11894301148888994,0.0,0.3618232131155143,0.0
s11M0523,0.22131241336953292,0.20256923479048314,0.0,0.037418006261587415,0.0,0.0,0.0,0.0,0.0,0.01870556057652075,0.014985037240530524,0.007810762778421371,0.08631499019270245,0.01130298665041826,0.006763595023073142,0.06336722046156466,0.018086572590475247,0.08597340184794044,0.007726180567173629,0.001645559227034506,0.017212292109906054,0.0,0.1988061863126355,0.0
s12M0523,0.21118466325425653,0.20722435775617398,0.0,0.018936550655657435,0.0,0.0011905007979744655,0.0,0.0,0.0,0.009917324004266726,0.008926073155141545,0.03060143962283934,0.07723017946211584,0.007599680858963307,0.016611360251619006,0.04828822104037136,0.019964183908573376,0.03674135624099942,0.02759918225477848,0.004362620118176272,0.05581188128705977,0.00019449070702979839,0.2176159346240032,0.0
s13M0523,0.2731119167091005,0.16302934622406434,0.0,0.018586918188696584,0.0,0.0,0.0,0.0,0.0,0.02957207049222932,0.014604005628356065,0.0,0.09702255204434516,0.0,0.012491739643893957,0.05835371089469291,0.008567921704659033,0.11631333905531259,0.0040025706200728095,0.0002571196256314486,0.0,0.0,0.20408678916894518,0.0
s14M0523,0.6123057112711668,0.04185745251174531,0.0,0.0,0.0,0.0008618168720003487,0.0,0.0,0.0,0.02571664401385648,0.008060536071877268,0.0,0.08499005491312031,0.03131679057219618,0.0009620886553518824,0.06761974376299276,0.00044170318492171596,0.036210540373612814,0.010988031420492525,0.0,0.00811384088459699,0.0,0.07055504549206856,0.0
s15M0523,0.6996066122788432,0.02178746087548153,0.0,0.0,0.0,0.0,0.0,0.001167243141026104,0.0,0.008278082104752357,0.003207159989896356,0.0006302678441803956,0.07109182527787823,0.040679870066107654,0.0018757291445741005,0.06462782500936307,0.0003042025611655917,0.012487666426444288,0.022328306904663316,0.0007947623958804243,0.021920162070397525,0.0,0.029212823909345893,0.0
s01X0523,0.5933413838936789,0.0014190951173327971,0.00032292658926193413,0.0,0.0,0.0,0.0,0.0,0.0,0.0,0.0020693348850744932,0.0,0.05559411473517918,0.09874127900145169,0.0,0.064370421773451,0.0,0.017300211511243425,0.04804065854512781,0.001699112650360925,0.11710146129783788,0.0,0.0,0.0
s02T0523,0.47929380188258086,0.008195605366344758,0.0,0.0,0.0,0.0,0.0,0.0008140862934559217,0.0,0.028874965707889305,0.006640906031042857,0.0005971785653541655,0.08556370139730422,0.0488429571806786,0.0024043889732130647,0.15815276058101618,0.005729518851648229,0.06279872997978311,0.0,0.002296359968770492,0.10936418018934353,0.0004308590315746382,0.0,0.0
s03T0523,0.4782250925184881,0.001778377980213219,0.0,0.0,0.0,0.0,0.0,0.00016665601311791577,0.0016273176330820981,0.03107066058492706,0.009804958456107979,0.0,0.059529874450416256,0.03159262332735922,0.0,0.15006282274859659,0.0014966196753101212,0.09019732707950345,1.8085395181274698e-05,0.002867104256191499,0.13689465863725048,0.00021514970584663546,0.00445267153840809,0.0
s04T0523,0.6213361309036133,0.004862116188908046,0.0,0.0,0.0,0.0,0.0,0.0012996235306025738,0.0,0.005249686589342189,0.0029050715295230204,0.0,0.04938021168780474,0.033273370026738344,0.0,0.09450712224581909,0.0,0.017202146314729883,0.004931620834288167,0.0009358457773252562,0.1629070515771707,0.0012100027941345755,0.0,0.0
s05T0523,0.6332747346556642,0.003451761219070414,0.00011912069686737957,0.0,0.0,0.0,0.0,0.0,0.0036283866194207325,0.0,0.0014157637335254106,0.0,0.06297047491135602,0.03294160129608755,0.0,0.10042545987926313,1.7356546461012035e-05,0.012904760041094103,0.002916974906402093,0.0007106706178976957,0.14477035149377332,0.0004525833831169647,0.0,0.0
s06T0523,0.5937850768053736,0.00339108721083134,0.0,0.0,0.0,0.0020163567679508934,0.0,0.0,0.004371291137318166,0.006101631465142452,0.003508882719771917,0.0,0.04783890254452211,0.044320631744541476,0.0,0.13102917014905388,0.0,0.0015850461444390437,0.05160799458220694,0.00013290414369196134,0.11016022356863335,0.00015080101652276864,0.0,0.0
s07T0523,0.5180210410397017,0.000694757295135597,0.00041088101081940146,0.0,0.0,0.0,0.0,0.0,0.0,0.0049397769835349955,0.002051522291772787,0.0,0.047916727196104056,0.07600265766591358,0.0,0.06450072766932224,0.0,0.0,0.28053452697277226,0.004927381874923501,0.0,0.0,0.0,0.0
s08T0523,0.10538011307323088,0.6805419194451475,0.0,0.07255920877043284,0.0,0.0,0.0,0.0,0.0,0.0,0.0,0.0,0.0,0.0,0.0,0.0,0.0681355102649291,0.0,0.0,0.0025794710516662046,0.0,0.0,0.07080377739459355,0.0
s09T0523,0.07809861824019375,0.651890244238302,0.0,0.08367967943203058,0.0,0.0,0.0,0.0,0.00011511680369284355,0.0,0.0,0.0072295589342243035,0.0,0.0,0.0,0.0,0.07161626326637828,0.0,0.0,0.0014081458948953553,0.0,0.0,0.10596237319028293,0.0
s10T0523,0.021922204226625358,0.1529327961938164,0.0,0.03189811558333616,0.0,0.0,0.0,0.0,0.0,0.009789414468807617,0.024476050300705116,0.0020602182754579836,0.052993925334882556,0.0,0.003970702431006379,0.0,0.005844516801481537,0.043324470896140645,0.0,0.00037314820821802763,0.0,0.0,0.6504144372795221,0.0
s11T0523,0.029050420544287664,0.1876995078353526,0.0,0.028221119131173825,0.0,0.0,0.0,0.0,0.0,0.019940872144833692,0.02155745289010746,0.0,0.07878634289960064,0.0,0.0033771194207023224,0.004356162193867944,0.01145349692501988,0.0638650097841555,0.0,0.0,0.0,0.0,0.5516924962308984,0.0
s12T0523,0.015583466689937335,0.08821458180258383,0.0,0.004691750701777955,0.0,0.0,0.0,0.0,0.0,0.10072690876181793,0.019005431323277835,0.0,0.17616186744069487,0.0,0.0,0.14754164502223108,0.0,0.09643440663913859,0.0,0.0,0.0,0.0,0.3516399416185406,0.0
s13T0523,0.12424234033965528,0.05978893359973945,0.0,0.0034754427597628933,0.0,0.0,0.0,0.0,0.0,0.07840253934660522,0.01954628511344472,0.0,0.16300870811214438,0.0,0.0,0.1145236361361912,0.0,0.09230354795825574,0.051754754546040976,0.0,0.0,0.0,0.2929538120881601,0.0
s14T0523,0.28911333261447286,0.029919108988826628,0.0,0.004171579346149671,0.0,0.00036856844083401214,0.0,0.0,0.0,0.04888127494296526,0.018066890732543563,0.0,0.1335358872338297,0.020577107689365198,0.0,0.07672739441858596,0.0,0.08330940042120512,0.05477931928660467,0.0,0.0,0.0,0.2405501358846173,0.0
s15T0523,0.5786101644993534,0.005080748629646665,0.0,0.0,0.0,0.0,0.0,0.0,0.0,0.009100508927672179,0.000989084412791379,0.0,0.0786154074028494,0.12095436417984815,0.0,0.06996363171563443,0.0,0.0035137008340229317,0.1205493778631792,0.0007583148975709133,0.0,0.0,0.011864696637431303,0.0
s02M0623,0.515595884031972,0.008673741015599671,0.0,0.0,0.0,0.0,0.0,0.0,0.0,0.002436500583156787,0.0,0.00016442205778691724,0.12931345647384743,0.052109236618859106,0.0,0.2912682210474314,0.0004385381713466497,0.0,0.0,0.0,0.0,0.0,0.0,0.0
s03M0623,0.5250658799357066,0.0054763584701790465,0.00012263629270270357,0.0,0.0,0.0002446025552592072,0.0,0.0,0.0,0.017694707691043966,0.004784413852835387,0.0,0.11681288682110902,0.041802765712526335,0.0,0.10906380791237534,0.0,0.0008353765300361322,0.17717914125437675,0.000917422971849431,0.0,0.0,0.0,0.0
s04M0623,0.30245037847577855,0.0,0.0,0.0,0.006539730190133761,0.0,0.005397797406266235,0.0,0.0003915383189384864,0.0023547850485140295,0.0006209546554295811,0.0,0.024236980716388763,0.03625397566105906,0.0,0.012745705182677227,0.0,0.0,0.42528674337561845,0.0,0.18244890727700883,0.0012725036921870585,0.0,0.0
s05M0623,0.3915817028072442,0.0028209786317645222,0.0,0.0,0.002078440093435136,0.0,0.0009498607995778984,0.0,0.002005082075617908,0.0,0.0020919296261028425,0.0,0.03619700454008195,0.041835840075256175,0.0,0.025639629081883806,0.0,0.0,0.2819072142821761,0.0,0.21233096014062222,0.0005613578462372386,0.0,0.0
s06M0623,0.36183796773417276,0.0,0.0006909037939001257,0.0,5.384474288963469e-06,0.0,0.00035472738602100313,0.0,0.005640805541456139,0.003978223086394792,0.00017293799559521279,0.0,0.04033728352623558,0.021634980551723124,0.0,0.036482926143060514,0.0,0.0,0.3516863956119418,0.0,0.17685190540290815,0.0003255587523019244,0.0,0.0
s07M0623,0.3035816281134443,0.002321041354644308,0.0,0.0,0.0,0.00016649256379292423,0.0,0.0,0.0,0.012727749829766842,0.0,0.0,0.039608343898027525,0.041153912380444024,0.0,0.1050235473674908,0.0,0.0,0.48325075427786546,0.0,0.012166530214523848,0.0,0.0,0.0
s08M0623,0.07528734269688026,0.6796231275889008,0.0,0.029603516038280906,0.0,0.0,0.0,0.0,0.0,0.0,0.0,0.0,0.0,0.0,0.0,0.0,0.07962198306135779,0.0,0.0,0.003734314936099034,0.0,0.0,0.13212971567848147,0.0
s09M0623,0.06131946750845952,0.6952036012271056,0.0,0.00935673765701199,0.0,0.0002957863873944757,0.0,0.0,7.540088708461455e-05,0.0007265604624932232,0.0,0.0,0.0025656298424910555,0.0,0.0,0.0005274452746615372,0.06930501469900952,0.0028371204352866763,0.0,0.0016855614339245366,0.0,0.0,0.15610167418507723,0.0
s10M0623,0.09720706344570625,0.612634562981257,0.0,0.02232484806001265,0.0,0.0,0.0,0.0,9.734234716018931e-05,0.004140694349064572,0.0016243759409147196,0.0,0.008739043887938766,0.0,0.0,0.0,0.05410417328046119,0.0032283361249410207,0.0064343126238949385,0.0010262149654711487,0.0,0.0,0.18843903199317752,0.0
s11M0623,0.07986355354227681,0.5722227998001156,0.0,0.022944898739877824,0.0,0.0,0.0,0.0,0.0,0.001983419927522983,0.0,0.0,0.004194387604371397,0.0,0.0,0.0,0.06094136139511456,0.0,0.09580768453320922,0.004188449167556616,0.0,0.0,0.15785344528995507,0.0
s12M0623,0.0,0.09341572923695084,0.0,0.0,0.0,0.0,0.0,0.0,0.0,0.08115784300643265,0.014347991566850127,0.0,0.12178199785060143,0.0,0.0,0.008008033390680952,0.0,0.03168075611697684,0.20168699721890854,0.0,0.0,0.0,0.4479206516125985,0.0
s13M0623,0.0,0.10725571449658586,0.0,0.0,0.0,0.0,0.0,0.0,0.0,0.09356360415066721,0.010691285303386058,0.0,0.12287143567429532,0.0,0.0,0.01886963976824818,0.0,0.02150408795768838,0.23844910519459508,0.0,0.0,0.0,0.38679512745453387,0.0
s14M0623,0.09938018503700033,0.0318961085214164,0.0,0.00482166632666493,0.0,0.0,0.0,0.0,0.0,0.05291264235229388,0.011095260298656888,0.0,0.06532685207902797,0.0,0.0,0.001544682827066028,0.0,0.018735948676219402,0.45178182951366763,0.0,0.0,0.0,0.26250482436798656,0.0
s15M0623,0.14779304452610612,0.03873622210574015,0.0,0.005333798635290686,0.0,0.0,0.0,0.0,0.0,0.06429510104699096,0.020531555902477138,0.0,0.16206013087805854,0.00746759615152269,0.0,0.008547513608200556,0.0,0.11152041445551174,0.001381419281007987,0.0,0.0,0.0,0.43233320340909337,0.0
s01X0623,0.5378369331659096,0.009778231830073057,9.496864979999917e-05,0.0,0.0,0.0003845300051391238,0.0,0.0,0.0,0.0027911516450961587,0.004046872584518821,0.0009408999905883214,0.1763376607514417,0.09517945202481745,0.0,0.12349445682487921,0.0,0.0,0.021049254380454265,0.0,0.027970542992976903,9.504515430555741e-05,0.0,0.0
s02T0623,0.39432789987864836,0.007163947711132658,0.0,0.0,0.011319240290039981,0.0,0.0,0.0,0.0,0.0025414526669932077,0.005858515477856619,0.0,0.11629759835103493,0.06097187793934068,0.0,0.07059798456155274,0.0001293117328680782,0.008370679838570405,0.0,0.0,0.3104810880847363,0.00018774299195392134,0.011752660475272304,0.0
s03T0623,0.48649747801950155,0.010929816923440118,0.00022496538831416556,0.0,0.0,0.0,0.0,0.0,0.0,0.05710127261515281,0.005521919567928999,0.0,0.1820489184872593,0.028992861650660694,0.0,0.21231636119023437,0.0,0.0,0.0,4.6932356443353997e-05,0.0,0.0,0.016319473801064646,0.0
s04T0623,0.41938137838186235,0.004893945056535619,0.0,0.0,0.013606893140146214,0.0,0.0021218040851364835,0.0,0.0,0.0,0.0032713704254126665,0.0,0.05581395381094938,0.021542809480027538,0.0,0.02763750766907335,0.00018846069172727027,0.00011192792920168933,0.009416712919482631,0.0,0.43953269573972226,0.001268163742443341,0.0012123769282792593,0.0
s05T0623,0.4041046562172103,0.00332181964751852,0.00018837063453701748,0.0,0.007820708091449375,0.0,0.0003809623276922051,0.0,0.0,0.0,0.003858145555393668,0.0,0.0885938433478989,0.07963148717489398,0.0,0.0036189022858829512,0.0,0.019747663779523476,0.0,0.00031955125921811963,0.3878156112327173,0.000598278446064128,0.0,0.0
s06T0623,0.4439028699180976,0.0030521729879541704,0.0,0.0,0.011448375163372822,0.0,0.0,0.0,0.0010827149643512963,0.0031095827939056236,0.002652359668999557,0.0,0.05076986178373805,0.007037147864506322,0.0,0.01156447013435897,0.0,0.007342552701067278,0.0,0.0,0.4568880692510331,0.0011498227686153441,0.0,0.0
s07T0623,0.5287127103599182,0.0221005033088009,0.0,0.0,0.0,0.0,0.0,0.0,0.0,0.028681080144271693,0.005517937301456618,0.0,0.1457574126505833,0.05086449400612956,0.0,0.15956934790570618,0.0,0.002776457714858055,0.0,0.0,0.0,0.0,0.05602005660827557,0.0
s08T0623,0.08349693952373623,0.7318740348677283,0.0,0.01272475155276677,0.0,0.0,0.0,0.0,0.0,0.0,0.0,0.0,0.0,0.0,0.0,0.0,0.06720729036781709,0.0,0.00042198729696243877,0.0013641047342045317,0.0,0.0,0.10291089165678476,0.0
s09T0623,0.1632576315149043,0.5170252691190833,0.0,0.05760698442346692,0.0,0.0,0.0,0.0,0.0,0.0,0.0005544782664659179,0.0,0.011990655103669751,0.0,0.0,0.0,0.07181014115846243,0.006826892281970417,0.0001475258590467555,0.002272333412841594,0.0,0.0,0.16850808886008858,0.0
s10T0623,0.10859678227217921,0.12347277891445425,0.0,0.009381163339762523,0.0,0.007848111744157877,0.0,0.0,0.0,0.04495610696292582,0.014470627702238453,0.0,0.183387958712316,0.0,0.0,0.1699273731050112,0.0047990194931523756,0.04045101783897668,0.0,0.0,0.0,0.0,0.29270905991482554,0.0
s11T0623,0.12875775513250984,0.37221886356387174,0.0,0.022622844763807142,0.0,0.0,0.0,0.0,0.0,0.017103698228079233,0.008300795352808385,0.0,0.07879600532739545,0.0,0.0,0.02981273327264553,0.047716292936393644,0.04566732129183911,0.0,0.0006609361376094757,0.0,0.0,0.24834275399304043,0.0
s12T0623,0.10187770978864714,0.2032223910726967,0.0,0.0,0.011001594737772314,0.0,0.0,0.0,0.003259942361316589,0.047071386236186265,0.012028653104525418,0.0037929540410371774,0.1339634128323277,0.0,0.009885947416609815,0.05842983714889004,0.010614092268125638,0.025022328759853822,0.01171080685313716,0.0,0.01251349064821096,0.0009196105615234631,0.35468584216913984,0.0
s13T0623,0.10536229946115937,0.16511426938152055,0.0,0.01257236706617661,0.0,0.0,0.0,0.0,0.0,0.06501007708238866,0.01078360529388301,0.0,0.16758387958684848,0.0,0.0,0.08708627830217293,0.001280392108300711,0.03515808392145379,0.0,0.0,0.0,0.0,0.35004874779609596,0.0
s14T0623,0.04904387771530844,0.06237172333884356,0.0,0.025665453262937347,0.0,0.0,0.0,0.0,0.0,0.05495234521960715,0.021079511313801855,0.0,0.13801458708135728,0.0,0.0,0.0,0.0,0.08687963425454304,0.018226550515333572,0.0,0.0,0.0,0.5437663172982676,0.0
s15T0623,0.13517491655500594,0.04137042187318475,0.0,0.006915637445346957,0.0,0.0,0.0,0.0,0.0,0.053747503518705615,0.019484200230368807,0.0,0.1175755959222057,0.0,0.0,0.020715799636294465,0.0,0.09302969392997942,0.09918968982131789,0.0,0.0,0.0,0.41279654106759056,0.0
s02M0723,0.3744679327046212,0.0010337079227037186,0.00023912405401945225,0.0,0.0,0.0,0.0,0.0,0.019033275858288793,0.006815251599297303,0.014312502184734193,0.0,0.13484866056441638,0.0714107240130988,0.0,0.12017316477653286,0.0,0.08094776549758761,0.05789703033147976,0.0014454264975444083,0.11737543399567552,0.0,0.0,0.0
s03M0723,0.41535126916233805,0.004385226826936872,0.0001429909225082589,0.0,0.001995147106609619,0.0,0.0,0.0,0.00434728580426694,0.01663843203253176,0.008345183398766809,0.0,0.134500194088751,0.04444425004842098,0.0,0.15616954556168233,0.0,0.053396366291575334,0.005413073734585071,0.000804053584427059,0.1537264141075293,0.0003405673290705803,0.0,0.0
s04M0723,0.5306022288783924,0.009483520696804094,0.0,0.0,0.0,0.0,0.0,0.0,0.03054191487148134,0.0033941973543130206,0.006174296007311444,0.0,0.09887674065270695,0.0,0.0,0.17537388435930953,0.0,0.023121314061659914,0.0,0.00013835659252949911,0.12229354652549179,0.0,0.0,0.0
s05M0723,0.47923780783076564,0.003415923361259181,0.00022635435594061526,0.0,0.001787700079210121,0.0,0.0,0.0,0.002244897299644126,0.005293972552969523,0.0048685388066624456,0.0,0.1066993669645163,0.04620033002535664,0.0,0.08902674498225503,0.0,0.038292044397953966,0.0,0.0010549505941112784,0.2211872607668866,0.00046410798246843664,0.0,0.0
s06M0723,0.5622591916546312,0.0032299369716446355,0.0002960256304215169,0.0,0.0,0.0,0.0,0.0,0.027517182462868987,0.0028588067171125514,0.0044772200838402625,0.0,0.0721772237691031,0.007582408270363073,0.0,0.07494936136561273,0.0,0.006818651614641863,0.0,0.0003862124670327748,0.23706139502064466,0.0,0.00038638397208252577,0.0
s07M0723,0.5814522795725481,0.004208092964997861,0.00043404100541964745,0.0,0.0,0.0,0.0,0.0,0.0013286323149437585,0.022438713069793458,0.003857672552513724,0.0,0.13855115985356953,0.006549090036302083,0.0,0.2405089640063692,0.0,0.0,0.0,0.0006713546235425764,0.0,0.0,0.0,0.0
s08M0723,0.06079398319491183,0.6551326995397844,0.0,0.0729605314089597,0.0,0.0,0.0,0.0,0.0,0.0,0.0,0.03231357529548982,0.0,0.0,0.0,0.0,0.09042003274254552,0.0,0.0,0.0012302050907908862,0.0,0.0,0.0871489727275178,0.0
s09M0723,0.038071013882644854,0.7726799325342398,0.0,0.03255660504292337,0.0,0.0,0.0,0.0,0.0,0.0,0.0,0.0,0.0,0.0,0.0,0.0,0.07383813694772902,0.0,0.0,0.0007459841915421019,0.0,0.0,0.08210832740092082,0.0
s10M0723,0.06494945318412455,0.4982602354270104,0.0,0.09966273822291699,0.0,0.0,0.0,0.0,0.0,0.0,0.000559305046790706,0.04803530850128765,0.0,0.0,0.0014999494286108608,0.0,0.07998034973154695,0.0,0.0006325777736180462,0.0037482969701122444,0.0,0.0,0.20267178571398164,0.0
s11M0723,0.0,0.6686002711084267,0.0,0.02372532161421463,0.0,0.0009125927113724105,0.0,0.0,0.0,0.0,0.0,0.0,0.0,0.0014566221093761842,0.0,0.0,0.11023321699040488,0.0,0.0005348356622210589,0.0013302137583039197,0.0,0.0,0.19320692604568035,0.0
s12M0723,0.06114368245324426,0.4112451490781353,0.0,0.055749603781957424,0.0,0.0002204403212211515,0.0,0.0,0.0,0.0,0.0,0.029975845563636496,0.0,0.0,0.0,0.0,0.11122237290089276,0.0,0.0005183584175723483,0.0030467865390150536,0.0,0.0,0.3268777609443252,0.0
s13M0723,0.01800618975978777,0.24284708225538287,0.0,0.0024791671676699205,0.0,0.0005925577787454768,0.0,0.0,0.0,0.014346385814333664,0.0025760030718149506,0.0,0.031221521921351473,0.0,0.0,0.001842922808679027,0.04794425132136762,0.009603880029573861,0.0,0.0,0.0,0.0,0.6285400380712933,0.0
s14M0723,0.04111755100975446,0.07859777688948874,0.0,0.0,0.0,0.0,0.0,0.0,0.0,0.06385987260391868,0.017648710423905693,0.0,0.08573429160855235,0.0,0.0,0.021728781913468116,0.0,0.06226970013183447,0.0,0.0,0.0,0.0,0.6290433154190775,0.0
s15M0723,0.3164323674713743,0.03536736449318051,0.0,0.0,0.0,0.00255882371532145,0.0,0.0003049506164399085,0.0006846590956234865,0.20827850107078688,0.0,0.00035678286809672036,0.12222686632313269,0.013310798287701106,0.0,0.18464179912375567,0.0029341286857606703,0.0,0.1129029582488265,0.0,0.0,0.0,0.0,0.0
s01X0723,0.47748478717550924,0.0,0.00024137767549437084,0.0,0.0,0.0,0.0,0.0004571513067540814,0.001987913632824431,0.024539546619772895,0.013224691283663305,0.00038552398406011034,0.1423309913877564,0.0,0.0049712767759926505,0.09054416238548653,0.0,0.13683277701884117,0.10597690494828259,0.0007360503904727112,0.0,0.0,0.0,0.0002868454150895841
s02T0723,0.18955423599906843,0.0,0.0,0.0007489860828739097,0.0,0.0,0.0,0.0,0.0,0.05571225141254179,0.0008034105410356297,0.0006349067048632402,0.10782685706984878,0.00027388468637909176,0.002340905248080538,0.5479079830919433,0.0,0.0,0.0,0.0013494248670001651,0.09268105335366869,0.0001661009426963444,0.0,0.0
s03T0723,0.18427167905189515,0.0,0.0,0.0,0.0,0.0,0.0,0.0,0.0,0.0330807585793369,0.0023888191843388033,0.00018025453330700256,0.10398611406032161,0.007019728332170993,0.0,0.49650282987114774,0.0,0.018992098960353247,0.07201868721672867,0.001910428319152443,0.07964860189124745,0.0,0.0,0.0
s04T0723,0.28339847442290583,0.0,0.0,0.00012675525788066402,0.0014606386326880758,0.0,0.0,0.0,0.0017157965317598752,0.010181143586548454,0.00260241699818933,0.0,0.05631735624926608,0.007077335958781874,0.0,0.0971868900337625,0.0,0.0436366685782123,0.17861877725056138,0.0014531095893784058,0.31499329857700686,0.001231338333058319,0.0,0.0
s05T0723,0.26365268145561727,0.0027751002803549597,2.7095409492541025e-05,0.0,0.0057849264689099214,0.0,0.0,0.0,0.0,0.01387821905008015,0.002567819031427305,0.0,0.07419847549999638,0.002152857285908326,0.0,0.08290023499762736,2.3192544860236086e-05,0.02769747913240897,0.25830617347854196,0.0007694905725679576,0.2650367553881604,0.0002294994040462014,0.0,0.0
s06T0723,0.24650560048737521,0.0,0.0,0.0,0.012001547558205424,0.0,0.0,0.0,0.0,0.0041891469419624424,0.0028431154531879514,0.0,0.060965563160269146,0.0,0.0,0.08039392572794637,0.0,0.024139418173300887,0.201101752946127,0.0008458187530362342,0.36701411079858925,0.0,0.0,0.0
s07T0723,0.27837707002432593,0.0030930397189741464,0.0,0.0,0.0,0.0,0.0,0.0003473844359215214,0.0,0.02173927272850634,0.005726360988701173,0.0,0.07040800477617,0.0014672728148127298,0.00017963542555994753,0.02263010171014277,0.0,0.07104776529431026,0.4067392092668886,0.001683824138614193,0.11548376539176909,0.0,0.001077293285303416,0.0
s08T0723,0.01057441381346618,0.808987995375038,0.0,0.012772116194327627,0.0,0.0,0.0,0.0,0.0,0.0,0.0,0.0,0.0,0.00010153710360169352,0.0,0.0,0.08490812338037985,0.0,0.0,8.020598157112022e-05,0.0,0.0,0.08257560815161542,0.0
s09T0723,0.07459181795600062,0.2772505579652542,0.0,0.05879233666619123,0.0,0.0,0.0,0.0,0.0,0.001372334672546128,0.005843067330468932,0.06381058362069864,0.010890416117453889,0.0,0.0019731673938146394,0.0,0.040179981034688304,6.444654498697575e-05,0.0,0.002992231101664386,0.0,0.0,0.46223905959623196,0.0
s10T0723,0.0,0.015952912379810127,0.0016102595029068105,0.0,0.0,0.0,0.0,0.0,0.0,0.016034878204125344,0.025505729109413806,0.0,0.08971627924619646,0.0,0.0,0.0018062484351038799,0.0,0.043508455842137264,0.0,0.0,0.0,0.0,0.8058652372803062,0.0
s11T0723,0.05152584180838052,0.344662831662397,0.0,0.019365747305429785,0.0,0.0,0.0,0.0,0.0,0.020568317157257276,0.009800119317045018,0.004938010921119926,0.031748974614239686,0.0,0.0010900158827219857,0.002938471321906027,0.039609597860901596,0.015605473069307705,0.0,0.0006591489767915032,0.0,0.0,0.45748745010250214,0.0
s12T0723,0.0,0.15369100875049432,0.0,0.0,0.0,0.0,0.0,0.0,0.0,0.033330290826677954,0.012054073316414504,0.0,0.07655591702129058,0.0,0.0,0.0024032809962795157,0.006252928644847665,0.026672809651527633,0.0,0.0,0.0,0.0,0.6890396907924677,0.0
s13T0723,0.0,0.10458323582586301,0.0,0.0,0.0,0.0,0.0,0.0,0.0,0.025006455540925298,0.013597304808320962,0.0,0.09001348421272967,0.0,0.0,0.0,0.001860271423461132,0.0480395012756204,0.023526072765542885,0.0,0.0,0.0,0.6933736741475365,0.0
s14T0723,0.0,0.0938532323085407,0.0,0.0,0.0,0.0,0.0,0.0,0.0,0.14195331469033007,0.008179377734715802,0.0,0.13158460315257045,0.0,0.0,0.0426299255607865,0.0,0.036625592419415175,0.0,0.0,0.0,0.0,0.5451739541336413,0.0
s15T0723,0.12332180518299596,0.01803278172730644,0.0,0.0,0.0,0.0,0.0,0.0,3.414399860601293e-05,0.05732645870023307,0.012089515667850605,0.0,0.09622768319453413,0.0,0.0,0.008491863222276234,0.0,0.04931996377729426,0.2765657629363649,0.0,0.0,0.0,0.3585900215925384,0.0
s02M0823,0.0,0.0,0.0,0.0,0.0,0.0,0.0,0.0,0.0,0.2814050727001521,0.013882856776481555,0.0,0.07603173572393639,0.0,0.0,0.4136361759662799,0.0,0.12435295085240261,0.005556230506564935,0.0,0.0,0.0,0.0851349774741824,0.0
s03M0823,0.09937835997778274,0.0,0.0,0.0,0.0,6.584152844557653e-05,0.0,0.005088915009707349,0.0003078959306595344,0.08834442158356526,0.019241116624911028,0.0,0.0865709442402689,0.0,0.0,0.138006991586603,0.0,0.1450243064877674,0.023874387107693462,0.0006408741647568765,0.2436759249596422,0.0,0.14978002079819666,0.0
s04M0823,0.07544054568079882,0.0,0.0,0.0,0.0,0.0,0.0,0.0020495247266339054,0.002564606427229797,0.20776181280372852,0.022734928315845667,0.0,0.07482965838386094,0.0,0.0,0.2541371107862219,0.0,0.14085214364354615,0.004147066610485036,0.0005833075586168027,0.05240849907029117,0.0,0.1624907959927413,0.0
s05M0823,0.1097734691587716,0.0,0.0,0.00401710764031846,0.0,0.0,0.0,0.004133884815247305,0.00027347332030786377,0.12633617098713942,0.013461226618393302,0.0,0.04128690481482147,0.0,0.0,0.20237221129545507,0.0,0.056274606456958795,0.0990589444962009,0.0,0.22244708453703807,0.0,0.12056491585934775,0.0
s06M0823,0.15098899958836628,0.0,0.0,0.0,0.0,0.0024277646159162796,0.0,0.00496815884358901,0.0025219939225330354,0.16414375409084123,0.020369040446873862,0.0,0.0682379269380477,0.0,0.0,0.16286003842825658,0.0,0.1055073759522851,0.09252676788478831,0.0005954560652828327,0.07536085380810721,0.0,0.14949186941511253,0.0
s07M0823,0.0,0.0,0.0,0.0,0.0,0.0,0.0,0.0,0.0,0.4015295979453499,0.015349283879936237,0.0,0.061062776005156756,0.0,0.0,0.3438334240790283,0.0,0.10519276823443381,0.014436757611302446,0.0,0.0,0.0,0.05859539224479241,0.0
s08M0823,0.008855213892113578,0.7828568664725598,0.0,0.005062684587613634,0.0,0.0003450006934548632,0.0,0.0,0.0,0.0,0.0,0.0,0.0,0.0,0.0,0.0,0.09268944496103003,0.0,0.0,0.0,0.0,0.0,0.11019078939322802,0.0
s09M0823,0.0,0.7454055014863076,0.0,0.008195976987669044,0.0,0.0008064390758528782,0.0,0.0,0.0,0.0,0.0,0.0,0.0,0.0006428284565987339,0.0,0.0,0.10686233906357451,0.0,0.0,0.00045045874458442443,0.0,0.0,0.13763645618541287,0.0
s10M0823,0.0,0.004300830224708086,0.0011391511912545416,0.0,0.0,0.0,0.0,0.0,0.0,0.17649930200848485,0.010854705188385305,0.0,0.16300725296886615,0.0,0.0,0.19574053120096652,0.0,0.015422330085897759,0.0,0.0,0.0,0.0,0.43303589713143686,0.0
s11M0823,0.0,0.19873593427412573,0.0,0.0,0.0,0.0,0.0,0.0,0.0,0.10557511988498468,0.008921920829676985,0.0,0.08285631164310857,0.0,0.0,0.04670178326279341,0.013113135139252823,0.012946643204176813,0.020131070038425965,0.0,0.0,0.0,0.511018081723455,0.0
s12M0823,0.0270568126068087,0.5277280590237491,0.0,0.0,0.0,0.00192228344407951,0.0,0.0,0.0013290836335976444,0.011175046781932966,0.002233114206774996,0.0,0.020330929469389514,0.0,0.0,0.008715723629765863,0.08339169517405283,0.0,0.021394562155803452,0.00010649579991584442,0.00822650338039656,0.0,0.2863896906937331,0.0
s13M0823,0.0,0.02231892017233615,6.705258922675187e-05,0.0,0.0,0.0,0.0,0.0,0.0,0.10007424221644486,0.010897766467431942,0.0,0.13382163578706216,0.0,0.0,0.08546949943468463,0.0,0.02852285678694367,0.17657381767779057,0.0,0.0,0.0,0.44225420886807937,0.0
s14M0823,0.0,0.04584557249066256,0.0,0.0,0.0,0.0,0.0,0.0,0.0,0.1475291930139956,0.014309743835976371,0.0,0.1770526147768087,0.0,0.0,0.03556391303562869,0.0,0.06664880448490916,0.02405909887802893,0.0,0.0,0.0,0.4889910594839899,0.0
s15M0823,0.0,0.022642823419716587,0.00014216599600404847,0.0,0.0,0.0,0.0,0.0,0.0,0.12999565064602403,0.006564313835084579,0.0,0.1713246223277937,0.0,0.0,0.10025289440386399,0.0,0.021022613616541203,0.21364365415376624,0.0,0.0,0.0,0.3344112616012057,0.0
s01X0823,0.0,0.0,0.0,0.0,0.0,0.0016739990753971514,0.0,0.0035237069513259904,0.0,0.3949676455369274,0.017527888492064336,0.0,0.04719262537863124,0.0,0.0,0.19095949097176904,0.0,0.21051282759074835,0.003644707663124732,0.0,0.0,0.0,0.12999710834001177,0.0
s02T0823,0.0,0.0,0.0,0.0,0.0,0.0028942988495589588,0.0,0.004154721674399345,0.002372460972075242,0.21782107758051528,0.011264917133890282,0.0,0.17228828609871932,0.0,0.005222593393118212,0.3496016428787501,0.001687392127416039,0.2003971071488157,0.02714946517539138,0.0,0.0,0.0,0.00039428710937671147,0.004751749857973385
s03T0823,0.0049698366377960235,0.0,0.0,0.0,0.0,0.0,0.0,0.0036138059896476116,0.001327111815007935,0.19173915976714961,0.0068459242990403174,0.0,0.1622164296467073,0.0,0.0006653573912083139,0.496566093956458,0.0,0.09231240413011739,0.03814658809656634,0.0,0.0,0.0,0.0,0.001597288270300979
s04T0823,0.1360935767284714,0.0,0.0,0.002130002006576403,0.0,0.0007603294942870507,0.0,0.0011063359151428584,0.006409440833322627,0.08125713952215606,0.008186660234458574,0.0,0.09715166330546621,0.0,0.0,0.2674928422867762,0.0,0.04154811311111584,0.1803550188738423,0.0,0.1773296930139841,0.00017918467440037638,0.0,0.0
s05T0823,0.0770688357213356,0.0,0.0,0.0,0.0,0.00426415620891544,0.0,0.0023820811006721285,0.004495507123346986,0.13062863179139841,0.01399766499392383,0.0,0.13442489244015493,0.0,0.0,0.2156365130313483,0.0,0.10194174514989489,0.3124579940224481,0.0,0.0,0.0,0.0027019784165613443,0.0
s06T0823,0.0013943302684184913,0.0,0.0,0.0,0.0,0.0024461813831239453,0.0,0.0002730371772833834,0.0024808301714408947,0.21360751218621082,0.014479215213237542,0.0,0.044826804857151535,0.0,0.0,0.21297013854147645,0.0,0.06661287459457801,0.3880757410923696,0.0,0.0,0.0,0.052833334514709424,0.0
s07T0823,0.04817265545834725,0.0,0.0,0.0,0.0,0.002044652445034442,0.0,0.0,0.003610876663710717,0.12473491609874993,0.007973753663918774,0.0,0.1063671634156202,0.0,0.0001524566276935207,0.2936457043328983,0.0,0.023302802748154,0.3899950185458729,0.0,0.0,0.0,0.0,0.0
s08T0823,0.018856035708030867,0.4408874465611577,0.0,0.0350344072680608,0.0,0.0002041975879410456,0.0,0.0,0.0,0.0007187952182740999,0.0004541827012969291,0.08649741266915273,0.00031430707874617717,0.00027790499970765036,0.014756766292752434,0.0,0.10641229847435159,0.0,0.030578603759880738,0.0019511228934118447,0.013815600666671358,0.0,0.2492409181205639,0.0
s09T0823,0.0,0.7704531835218117,0.0,0.02872814230584678,0.0,0.0,0.0,0.0,0.0,0.0,0.0,0.0,0.0,0.000886595755416029,0.0,0.0,0.10771833484878346,0.0,0.00416613778830648,0.0003257502485230749,0.0,0.0,0.08772185553131279,0.0
s10T0823,0.03480392225975623,0.041223587718004405,0.0,0.0,0.0026632449681976665,0.0,0.0,0.0,0.0,0.010121743236974907,0.010339951262680185,0.0,0.036520964288558666,0.0,0.004952740421990128,0.012765245886652827,0.0,0.0008648899490301153,0.18035267793726026,0.00029775922333037457,0.0,0.0,0.6650932728475643,0.0
s11T0823,0.04267357047477362,0.21221010647514804,0.0,0.0043803338546767115,0.0,0.0,0.0,0.0,0.0,0.0027138614635241493,0.003158499805604129,0.04865239493842221,0.0038377168874137624,0.0,0.018985708690132875,0.0,0.04070594558992972,0.0,0.305420876907205,0.0009292234842246521,0.008373159082705197,0.0,0.30795860234623995,0.0
s12T0823,0.0,0.0548061606557592,0.0,0.0,0.0,0.0,0.0,0.0,0.0,0.058999324977165715,0.005139281121518052,0.0,0.06559855531154282,0.0,0.0,0.003652625733152643,0.0,0.004496712097398236,0.29912943190936964,0.0,0.0,0.0,0.5081779081940938,0.0
s13T0823,0.0,0.0452925559103909,0.0,0.0,0.0,0.0,0.0,0.0,0.0,0.025236527873352167,0.005980110543958864,0.0,0.04866419163316029,0.0,0.0,0.0,0.0,0.0,0.47556636774655825,0.0,0.0,0.0,0.3992602462925795,0.0
s14T0823,0.0,0.07037186614546133,0.0,0.0,0.0,0.0,0.0,0.0,0.0,0.14186776036765666,0.006115162834563416,0.0,0.10441768503546675,0.0,0.0,0.011108577550370551,0.0,0.012158762040821912,0.2437097906045449,0.0,0.0,0.0,0.4102503954211144,0.0
s15T0823,0.0,0.011626079050415588,0.0004769696734735488,0.0,0.0,0.0,0.0,0.0,0.0,0.16867518961782021,0.014072896515365954,0.0,0.16721874945730336,0.0,0.0,0.03421589809105402,0.0,0.09973781485346565,0.13346199943784226,0.0,0.0,0.0,0.3705144033032593,0.0
s02M0923,0.0,0.006885363330586126,0.0005726167024467753,0.0,0.0,0.004605612632673077,0.0,0.0,0.006312218170309974,0.1187970301428227,0.014947167267138213,0.0,0.16672999739501027,0.0,0.0,0.40788714233876333,0.0,0.10424939116211185,0.015474852697570814,0.0,0.0,0.0,0.15353860816056686,0.0
s03M0923,0.0,0.007215444133896229,0.00037936993289949177,0.0,0.0,0.008001958996894019,0.0,0.0,0.009720948339520707,0.12360214880199406,0.01970667329794368,0.0,0.1748181800624446,0.0,0.0,0.3549699389735894,0.0,0.10139113648025119,0.0130452324905371,0.0,0.0,0.0,0.18714896849002952,0.0
s04M0923,0.03629204394268191,0.003139666329636368,0.0005372845599772038,0.0,0.0,0.001592496391827039,0.0,0.0,0.012086477726651956,0.12872146549698527,0.022152847403756587,0.0,0.12727521340287817,0.0,0.0,0.3112826103119702,0.0,0.07396900728318753,0.007910201090198027,0.0,0.02274844258878216,0.0,0.2522922434714675,0.0
s05M0923,0.1580564777884555,0.0,3.346925182635833e-05,0.001333227928902131,0.0,0.0002570076431109911,0.0009618258983176424,0.004329978343400714,0.027242914738186165,0.062905301019364,0.022836532158126123,0.0,0.11295933209785214,0.0,0.0,0.019966343943701385,0.0,0.10860707280807173,0.03174135705067512,0.0,0.2556277627871384,0.0,0.19314139654287163,0.0
s06M0923,0.00681179752537041,0.0,0.0005589592741609034,0.0,0.0,5.3600161901522017e-05,0.0,0.0,0.007501193982714809,0.1599449566791832,0.01667325828107835,0.0,0.17273510551945154,0.0,0.0,0.32167076826960417,0.0,0.11695888672634637,0.029835724047311052,0.0,0.0,0.0,0.16725574953287775,0.0
s07M0923,0.0,0.0,0.0,0.0,0.0,0.0,0.0,0.0,0.0,0.2101380800375374,0.00480253752328217,0.0,0.18529856568612565,0.0,0.0,0.5608521270029326,0.0,0.020751649646663792,0.0,0.0,0.0,0.0,0.018157040103458314,0.0
s08M0923,0.02574475242140168,0.7266677492764186,0.0,0.0,0.0,6.0348148147620445e-05,0.0,0.0,0.0,0.0,0.0,0.02640476376776381,0.0,6.185377597471927e-05,0.006387005894661395,0.0,0.12208649488319691,0.0,0.0,0.0013084429829327573,0.0,0.0,0.09127858884950228,0.0
s09M0923,0.0,0.7071649569997671,0.0,0.016110429208271403,0.0,4.299983421399044e-05,0.0,0.0,0.0,0.0,0.0,0.034316895672856736,0.0,0.00044976232718226883,0.019638569338242665,0.0,0.11561466662345868,0.0,0.0,0.0,0.0,0.0,0.10666171999600702,0.0
s10M0923,0.01270088612564113,0.6822638397950973,0.0,0.02408293451860839,0.0,0.0,0.0,0.0,0.000366699995807774,0.0,0.0,0.0,0.0,0.0008088320362387768,0.01173571204646178,0.0,0.11921929116806206,0.0,0.0002160907776480509,0.0002918340248163871,0.0,0.0,0.14831387951161853,0.0
s11M0923,0.0,0.503481219532101,0.0,0.047434645335738636,0.0,0.0,0.0,0.0,0.0,0.0,0.0,0.05665041500919666,0.0,0.0008607855135077908,0.0001566742940848137,0.0,0.14725119357106844,0.0,0.0,0.0014488135659247842,0.0,0.0,0.24271625317837778,0.0
s12M0923,0.010574359504336587,0.4123403020952038,0.0,0.0,0.0,0.001748029269858865,0.0,0.0,0.0,0.005045831614182172,0.00010438508977869115,0.0,0.00089222632871189,0.0010812630572900855,0.007918908848005765,3.963098271366937e-05,0.10143314517165872,0.0,0.0038976904250335523,0.0011013103500676282,0.0,0.0,0.4538229172631586,0.0
s13M0923,0.0011750561809449596,0.3835592932516397,0.0,0.01181132631873696,0.0,0.0013327146824385397,0.0,0.0,0.0,0.0017382499851599344,0.0,0.033901279865640364,0.0,0.0015118451389929829,0.01620465611594631,0.0,0.14180271503368047,0.0,0.01183183168679275,0.0012402159842813377,0.0,0.0,0.3938908157557458,0.0
s14M0923,0.0,0.07724749444221723,0.0,0.0,3.818878586842006e-05,0.0,0.0,0.0,0.0,0.030495596949085036,0.006848862584556606,0.0,0.07736098842857836,0.0,0.00782244567775158,0.0,0.013750953441243932,0.022013974729654273,0.24250349971623442,0.0,0.0,0.0,0.5219179952448103,0.0
s15M0923,0.0,0.00038086838665419155,0.00038155705493019037,0.0,0.0,0.0,0.0,0.0,0.0,0.1631057747106317,0.00912560708122552,0.0,0.13315842847619616,0.0,0.0,0.07313058211025344,0.0,0.08016204504776804,0.37117949420782875,0.0,0.0,0.0,0.169375642924512,0.0
s01X0923,0.0,0.0,0.0,0.0,0.0,0.0,0.0,0.0,0.0,0.17152978686010134,0.0054303172191954895,0.0,0.157798289498227,0.0,0.0,0.594589338934079,0.0,0.04160729278186326,0.01852448637265532,0.0,0.0,0.0,0.010520488333878628,0.0
s02T0923,0.5172921598775737,0.007676088093665169,0.00019619596877834875,0.0,0.0,0.0,0.0,0.0,0.0,0.001998257236566725,0.0007530222843338418,0.0,0.18316828465081691,0.1261978670827537,0.0,0.16174540379407648,0.0007399901264823717,0.0,0.0,0.00023273088495259984,0.0,0.0,0.0,0.0
s03T0923,0.560403435696734,0.004975172310924246,0.00016359627556444294,0.0,0.0,0.0,0.0,0.00017745007079018752,0.0,0.0,0.0012253262319344808,0.0,0.16765012059816692,0.14768708204040823,0.0,0.10986962988538967,0.00030685470749662857,0.0,0.001408149769483841,0.00613318241310725,0.0,0.0,0.0,0.0
s04T0923,0.44385921332800155,0.003616818189312312,0.0007735660414662232,0.0,0.0,0.0,0.0,0.0,0.0,0.0,0.0002939950025962549,0.0,0.15461470862371313,0.07361589116766973,0.0,0.15040593498588795,0.0,0.0,0.0,0.17252586599416483,0.0,0.0,0.0,0.0002940066671881288
s05T0923,0.5404960932445271,0.008526649724755675,0.0,0.0012542514449732515,0.0,0.0,0.0,0.00010192345870762297,0.0,0.0,0.0034095538384242706,0.0,0.13922776862856723,0.15476692094770925,0.0013463168730821792,0.05138128535509313,0.0,0.02117329085914458,0.006276845801190739,0.012510118709069653,0.05952898111475534,0.0,0.0,0.0
s06T0923,0.41671133773176855,0.002304957709207394,0.0005684652469188178,0.0,0.0,0.0,0.0,0.00010159771155965818,0.021027264907499392,0.0,0.005692137636948895,0.0,0.12898381122748767,0.052983661478644674,0.00037583842811275887,0.008022810572291723,0.0,0.038238764431527864,0.004798889573391278,0.301261603335637,0.01892886000900439,0.0,0.0,0.0
s07T0923,0.539175464873845,0.007518054514699642,0.0005007937143392756,0.0,0.0,0.0,0.0,0.000337559861442407,0.0,0.002437266754627965,0.005268224210533777,0.0,0.11487152917617409,0.14069487533828554,0.0,0.08433032680737323,0.0004135501713474097,0.0,0.0045146612005342686,0.09591427953014751,0.0038365826635662586,0.0,0.0,0.00018683118308372788
s08T0923,0.0,0.8142932267230909,0.0,0.0,0.0,0.0,0.0,0.0,0.0,0.0,0.0,0.0008856848150221732,0.0,0.0,0.0,0.0,0.11326552805386123,0.0,0.0,0.0,0.0,0.0,0.07155556040802576,0.0
s09T0923,0.0,0.7600985632910181,0.0,0.005662169981999081,0.0,8.509116168046858e-05,0.0,0.0,0.0,0.0,0.0,0.0,0.0,0.000800382908748019,0.009272366841567473,0.0,0.12933005354116042,0.0,0.0,0.0,0.0,0.0,0.09475137227382635,0.0
s10T0923,0.0,0.6985558487551861,0.0,0.014011880738312948,0.0,0.00037522000828507873,0.0,0.0,0.0,0.0001362604638364558,0.0,0.0,0.0,0.0011930667366107169,0.014355231346083026,0.0,0.17085252391506137,0.0,0.0,0.00013555961888491222,0.00014173733366776956,0.0,0.10024267108407171,0.0
s11T0923,0.0,0.58053869753282,0.0,0.026388053192747757,0.0,0.00046546520438133106,0.0,0.0,0.0,0.0,0.0,0.036302492197844184,0.0,0.0011012846312112665,0.0178127782294022,0.0,0.1880103528859364,0.0,0.0,0.0005970805432700854,0.0015709017766533313,0.0,0.14721289380573352,0.0
s12T0923,0.0,0.4868816349522549,0.0,0.03072557097476329,0.0,0.0010641947551198816,0.0,0.0,0.0,2.1518750165623443e-05,0.0,0.005737728261797968,0.0,0.0008606748121564585,0.020982057017953172,0.0,0.25623339678889984,0.0,0.0007030159551832959,0.0003540571612966376,0.005836582796145529,0.0,0.19059956777426354,0.0
s13T0923,0.009007829186355835,0.2935321842209098,0.0,0.016206909569599456,0.0,0.0015927114750683845,0.0,0.0,0.0,0.0003928546762839994,0.0,0.07163501230249546,0.0,0.0,0.04041750029090087,0.0,0.2962937274375859,0.0,2.0571888779464874e-05,0.0007874842669616758,9.582696999913027e-05,0.0,0.27001738771506006,0.0
s14T0923,0.041836852324153066,0.16778853320653214,0.0,0.0191604574393947,0.0,0.00213853031353513,0.0,0.0,0.0,0.0009454474513993638,0.0004199267593871057,0.06948202665763509,0.008137045858598474,0.0,0.03213288475685388,0.0007995021321163957,0.10653779771559656,0.0,0.006756103343275623,0.0016004025682405639,0.029811753121957222,0.0,0.5124527363513247,0.0
s15T0923,0.0,0.1033642194564856,0.0,0.0,0.0,0.0,0.0,0.00018815214195954985,0.0,0.13256815925197218,0.006555516112792137,0.0,0.13732465999913804,0.0,0.010067641991301248,0.2547565649835275,0.009385814457268861,0.010324944937295284,0.02101437623979847,0.0,0.0,0.0,0.31444995042846113,0.0
s02M1023,0.4475393995345071,0.005791580668344577,0.0,0.0,0.0,0.0,0.0,0.0,0.003228565293594163,0.0,0.0001475820462951508,0.0,0.13211144686815338,0.2188822709138193,0.0,0.14818000818053506,0.0,0.0,0.0,0.0028529801509527084,0.04126616634379872,0.0,0.0,0.0
s03M1023,0.47943342161224095,0.008851481329049995,0.0,0.0,0.0,0.0,0.0,0.0004254463355320735,0.011592734797519471,0.0,0.0009223206591439275,0.0,0.13936777654913443,0.17731499892830918,0.0,0.14615315412250987,0.00012497463304208037,0.0,0.006491402672921699,0.0023463624286170345,0.026975925931979405,0.0,0.0,0.0
s04M1023,0.5137800741166691,0.005655740973166191,2.6613435522503536e-05,0.0,0.0,0.0,0.0,0.0,0.0066995034291287385,0.0024604027317052996,0.0,0.0,0.0791972073119259,0.08360827126896823,0.0,0.14859650739791247,0.0,0.0,0.029124604167834578,0.0007791419324971304,0.13007193323466973,0.0,0.0,0.0
s05M1023,0.45367385355548223,0.0029394310647601384,0.0002925521565796096,0.0,0.0,0.0,0.0,0.0,0.007670044843714584,0.002016896334302764,0.0,0.0,0.09071185376782942,0.07196743384087739,0.0,0.08089940690904322,0.0,0.0,0.21186315201854908,0.0015050131606404232,0.07646036234822118,0.0,0.0,0.0
s06M1023,0.5419425423111153,0.008851802209600631,0.000257540602275668,0.0,0.0,0.0,0.0,0.0,0.0030747504689655684,0.002736384848440943,0.0007571299087829862,0.0,0.09286170064947372,0.06841291117565983,0.0,0.10064355244725283,0.0,0.0,0.03280531020789092,0.0,0.1476563751705415,0.0,0.0,0.0
s07M1023,0.520537281779951,0.01075458846646683,0.0,0.0,0.0,0.0,0.0,0.0,0.0,0.0033553118180982807,0.0,0.0,0.13154053850373484,0.08605573385926202,0.0,0.24287564415017263,0.0,0.0,0.004347355071671809,0.0005335463506426787,0.0,0.0,0.0,0.0
s08M1023,8.292483588308369e-06,0.800615896455116,0.0,0.00017258374618326277,0.0,0.00010397663168562759,0.0,0.0,0.0,0.0,0.0,0.0,0.0,0.00012989322763475616,0.0,0.0,0.14235571848898523,0.0,0.0,0.00046245654860731754,0.0,0.0,0.05615118241819949,0.0
s09M1023,0.0,0.6171673601799325,0.0,0.03960750645396892,0.0,0.0,0.0,0.0,0.0,0.0,0.0,0.06808888809466214,0.0,0.0,0.006023382501430297,0.0,0.17956836372839335,0.0,0.0,0.0002546087053676133,0.0,0.0,0.08928989033624546,0.0
s10M1023,0.06600825916072876,0.016016348623356495,0.0,0.022726540880117437,0.0,0.0,0.0,0.0,0.0,0.0006506603165008569,0.0008821511746444613,0.05716454145426318,0.0,0.0013139452542898636,0.016498611557423073,0.0,0.011435044351913852,0.0,0.0,0.0014867383026630873,0.0,0.0,0.8058171589240989,0.0
s11M1023,0.0,0.5331183216502743,0.0,0.009852222348286383,0.0,0.0001170528600252644,0.0,0.0,0.0,0.0,0.0,0.041191967550993566,0.0,0.00011593972060254095,0.037992754759792705,0.0,0.14862708292976448,0.0,0.0,0.0003003138811635975,0.005008629527520951,0.0,0.22367571477157622,0.0
s12M1023,0.014303100956490287,0.5494211273171459,0.0,0.04193350758124951,0.0,0.0,0.0,0.0,0.0,0.0,0.0,0.05891183247255621,0.0,0.0001588843407841605,0.017318135061801913,0.0,0.1882026209037527,0.0,0.0020349291065098686,0.0008404527849826709,0.0,0.0,0.12687540947472695,0.0
s13M1023,0.044698000059852666,0.256583167570346,0.0,0.034808667761989896,0.0,0.0012229512265740665,0.0,0.0023150588498808827,0.0,0.002560068078532266,0.0,0.038047482046320816,0.0026366592356861828,0.0031637573346041943,0.0800877522147432,0.0032810965926506185,0.15177068079168035,0.0,0.015287459510356175,0.0023425991812490513,0.08436871730713336,0.0,0.27682588223840027,0.0
s14M1023,0.23854880878052467,0.11691263760025626,0.0,0.015082700798850716,0.0,0.0,0.0,0.0,0.0,0.008887048620443216,0.006305507454334929,0.016369889292655995,0.12806484696607395,0.014786217334424236,0.010339544505891404,0.04695119634756566,0.03569927738383488,0.014367917892377588,0.02089089079731242,0.0020074035099044794,0.06138099685436182,0.0,0.26340511586118776,0.0
s15M1023,0.25327302590056694,0.04153467489477113,0.0,0.010075436702128661,0.0,0.0,0.0,0.00027251387713559045,0.0,0.011557568449735251,0.003418318744745448,0.012694496083843177,0.18587636002491822,0.0765078716312943,0.011241104048427672,0.020341042664849623,0.006343529815132698,0.027186548208121445,0.14902053913536734,0.0007847335418961739,0.0428193170085151,0.0,0.14705291926855127,0.0
s01X1023,0.46060219299104777,0.0028871650938473935,0.0004097813415839873,0.0,0.0,0.0,0.0,0.0,0.0,0.016427082828173713,0.002950560384662798,0.0,0.16072828313013826,0.1228060469899162,0.0,0.12806170814128792,0.0,0.013558899640142983,0.03465482555552647,0.001502392184401806,0.055411061719270654,0.0,0.0,0.0
s02T1023,0.3579075540580332,0.005561078758669667,0.0,0.0,0.0,0.0,0.0,0.00014825543942289122,0.0,0.04366586221601258,0.0020544464119453087,0.0,0.14218404106244723,0.14763751965932684,0.0,0.24135665945517978,0.0037426110086021622,0.0,0.005480773655240708,0.0019124316355933375,0.047121427738496556,0.0,0.0,0.0012273389010298195
s03T1023,0.3309529215893077,0.003147381998179126,3.867974394298227e-05,0.0,0.0,0.0,0.0,0.00019146967427036086,0.0,0.07271557845798464,0.0,0.0,0.09132146535298745,0.08589102793060076,0.0,0.3481571723858442,0.0,0.0,0.023934503590552235,0.0,0.043649799276330524,0.0,0.0,0.0
s04T1023,0.4397404743158866,0.005848491165142659,5.647261993741438e-05,0.0,0.0,0.0,0.0,3.775900814092664e-05,0.0,0.0191948960849052,0.003750763228204916,0.0,0.154417416956214,0.11884434987288595,0.0025468124447612945,0.16807882871476176,0.0,0.009390158558868178,0.0035153921100507493,0.0034472021641470843,0.07113098275609328,0.0,0.0,0.0
s05T1023,0.4732131512878073,0.0003025609345122062,0.0009185379203842289,0.0,0.0,0.0,0.0,0.0,0.0,0.05335160781315512,0.0,6.790240037694788e-05,0.15688964334409863,0.012682394778374103,0.0002182391563071168,0.3005721412558937,0.0,0.0,0.0,0.0017838211090906205,0.0,0.0,0.0,0.0
s06T1023,0.5265322538203513,0.0039441849198881005,0.000493383915499366,0.0,0.0,0.0,0.0,0.0,0.0,0.016283809652294576,0.0001478282226915596,0.0,0.12250827935139293,0.06973107612473865,0.0,0.1820481395734574,0.0,0.0,0.0,0.0022535401317404355,0.07605750428794572,0.0,0.0,0.0
s07T1023,0.5416064956842316,0.00854053208481606,0.00010012034312496831,0.0,0.0,0.0,0.0,0.0,0.0,0.025992659325106825,0.0023322151409498225,0.0,0.1595200377337975,0.14781276278794844,0.0,0.07738453644933024,0.0,0.007490709367556034,0.0,0.0011694362340798619,0.028050494849058666,0.0,0.0,0.0
s08T1023,0.0,0.570073173059662,0.0,0.032002826208824234,0.0,0.0,0.0,0.0,0.0,0.0,0.0,0.16494141986935848,0.0,0.0,0.006863280159318374,0.0,0.15630129215302177,0.0,0.0,0.00041202366490509644,0.0,0.0,0.06940598488491004,0.0
s09T1023,0.001978386604014158,0.3167718891862579,0.0,0.05300374545730533,0.0,0.0,0.0,0.00020348119588591002,0.0,0.00041865825619480097,0.0,0.031114885430063396,0.001618320277631935,0.004548365264680008,0.06360397430601275,0.0,0.28961714842950365,0.0,0.00010938717963948073,0.002379492104614049,0.03771068959782196,0.0,0.1969215767103746,0.0
s10T1023,0.018588210833159223,0.24365129604635405,0.0,0.03853720657681675,0.0,0.0,0.0,0.0,0.0,0.0,0.0,0.10835561964935371,0.0,2.470652601332394e-05,0.01271980213557896,0.0,0.2119946834261138,0.0,3.620502929960331e-05,0.0014760737566631252,0.0,0.0,0.3646161960206475,0.0
s11T1023,0.03569317211326299,0.1635867364817346,0.0,0.01624789384778285,0.0,0.0,0.0,0.0,0.0,0.00021536458686115343,0.0010574809750740336,0.07355036640952552,5.6571273924051164e-05,0.001743585910122901,0.04231193827174577,0.0,0.0867718624266209,0.0,0.041223387918105515,0.001089718620491322,0.0007784406363979537,0.0,0.5356734805283504,0.0
s12T1023,0.0,0.44256895334343843,0.0,0.010143743147641193,0.0,0.0,0.0,0.0,0.0,0.0,0.0,0.03164788753640599,0.0,0.001024024553274668,0.029553185350742174,0.0,0.2553371327659804,0.0,0.07985527497288149,0.0,0.0,0.0,0.14986979832963562,0.0
s13T1023,0.0,0.5224058108914096,0.0,0.0033968766026747713,0.0,0.0,0.0,0.0,0.0,0.0,0.0,0.0,0.0,0.0006615699873278062,0.004202827590275143,0.0,0.2620005015549914,0.0,0.15901730984844578,0.0,0.0,0.0,0.04831510352487554,0.0
s14T1023,0.0,0.46860546087888144,0.0,0.0,0.0,0.00016655030798389648,0.0,0.0,0.0,0.003947394993862398,0.0,0.0,0.008169121448291622,0.0024346710854432347,0.005023133760643304,0.0,0.16787066355926444,0.0,0.16451592612851135,0.0,0.0,0.0,0.17926707783711837,0.0
s15T1023,0.14482348239257667,0.044288378647374296,0.0,0.006195894601047471,0.0001377622360838109,0.0,0.0,0.0,0.0,0.01667796704028654,0.00347717122092654,0.01299430332024375,0.19403842755152126,0.1278209205865512,0.00819005475090554,0.01975389926954095,0.0024442317609437163,0.014710642115519052,0.034809544889795346,0.0,0.03382616915377951,0.0,0.3358111504629043,0.0
s02M1123,0.505662169323733,0.00924067211289032,0.0,0.0,0.0,0.0011379826614499081,0.0,0.0,0.0,0.05310995189199249,0.0008572971734398476,0.0,0.159906582855514,0.10510236865650517,0.0,0.15721725691736535,0.0013579818686086295,0.0,0.0,0.0,0.006407736538501316,0.0,0.0,0.0
s03M1123,0.4280847277903867,0.0027877791298758976,0.0002932775157990475,0.0,0.0,0.0,0.0,0.0,0.0,0.06676184988781772,0.0,0.0,0.14141166886440057,0.11914707990189934,0.0,0.2385166876650802,0.0,0.0,0.0,0.000741906513821574,0.0022550227309190963,0.0,0.0,0.0
s04M1123,0.5942260044584828,0.002746964290507075,0.0005193428707904177,0.0,0.0,0.0,0.0,0.0,0.0,0.030249722835780306,0.0,0.0,0.10597649278795247,0.08633898497945817,0.0,0.17940855775263062,0.0,0.0,0.0,0.0005339300243982202,0.0,0.0,0.0,0.0
s05M1123,0.5170469028937492,0.0021630053503915577,0.00047730003440387575,0.0,0.0,0.0,0.0,0.0,0.0,0.00970306349322504,0.0,0.0,0.10503863916468563,0.16015137925980372,0.0,0.12107680577398708,0.0,0.0,0.013537467998903067,0.004348500960419482,0.06645693507043142,0.0,0.0,0.0
s06M1123,0.5493024382858117,0.006819214730380191,0.0,0.0,0.0,0.0,0.0,0.0002669354635619216,0.0,0.040818874979999434,0.0,0.0,0.10829097709296706,0.02991049710205762,0.0,0.1561575499309211,0.0,0.0,0.07821482620029227,0.0012805510193694193,0.028938135194639076,0.0,0.0,0.0
s07M1123,0.4717461395311204,0.002608270745153297,0.00015138146055234745,0.0,0.0,0.0,0.0,0.0,0.0,0.04074729331006297,0.0,0.0,0.122880992522743,0.143552387384411,0.0,0.19375685650717683,0.0,0.0,0.024295801499611046,0.00026087703916912434,0.0,0.0,0.0,0.0
s08M1123,0.0,0.6860491235179869,0.0,0.02247140386803595,0.0,0.0,0.0,0.0,0.0,0.0,0.0,0.0,0.0,0.0008184674472223092,0.0,0.0,0.252028735840644,0.0,0.0,0.0,0.0,0.0,0.0386322693261109,0.0
s09M1123,0.054050014051889465,0.40255850394198356,0.0,0.005802225510612362,0.0,0.0,0.0,0.004597078570472896,0.0,0.0,0.0,0.0,0.013029062124032351,0.00047826835959417443,0.011239782660724,0.0,0.14284187648734076,0.0,0.0011337249660976906,0.0,0.0074219853696501775,0.0,0.35684747795760263,0.0
s10M1123,0.009420891714625072,0.034551168797856864,0.0015855005994579367,0.0,0.01035047626048077,0.0,0.0,0.00030843342032045384,0.0,0.032235894276494016,0.004615385752484819,0.0,0.06671364126877778,0.0050836305694683965,0.004403995591061375,0.0018608043659141627,0.0,0.0024896699907010432,0.0,0.0,0.02014577387408814,0.0003100293817727235,0.8059247041364965,0.0
s11M1123,0.016499827926402116,0.22359414188392332,0.0,0.008143128848952675,0.0031932902328731467,0.0,0.0,0.0,0.0,0.0023235830711028824,0.0004014361889709811,0.018677574477693228,0.0431687167627445,0.0006965409447756759,0.011657734487081456,0.0030077282337783355,0.06852636665382855,0.0027963847881662582,0.0016387951052944047,1.940846769200252e-05,0.012108586380440852,0.0,0.5835467555462797,0.0
s12M1123,0.0,0.22182966383418187,0.0,0.0,0.002028819948622278,0.0,0.0004045762742097722,0.0,0.0,0.028425225659856074,0.0,0.012693661486823353,0.06863322552782249,0.0,0.0,0.005477294961751023,0.03471110448498429,0.0,0.1265437972859152,0.0,0.0,0.0003868788520312211,0.4988657516838025,0.0
s13M1123,0.0,0.11577563429067662,0.0,0.0018039124613201522,0.0,0.0,0.0,0.0,0.0,0.0680846228415609,0.0,0.0,0.08564216550269498,0.0,0.0,0.008106782277238073,0.017481035148317853,0.0,0.028311220070170503,0.0,0.0,0.0,0.6747946274080208,0.0
s14M1123,0.0,0.09844920603381721,0.0,0.0,0.0,0.0,0.0,0.0,0.0,0.1063658620275436,0.0,0.0,0.09253043315099917,0.0,0.0,0.0,0.003886604541343574,0.0,0.10563884213854838,0.0,0.0,0.0,0.593129052107748,0.0
s15M1123,0.029163130883898936,0.04665911786332365,0.0,0.0,0.0,0.0,0.0,0.0,0.0,0.13212523706830617,0.0,0.0,0.13207812174610234,0.028003783040736127,0.0,0.054977087986927436,0.001372529610910866,0.0,0.2849636750154438,0.0,0.0,0.0,0.29065731678435064,0.0
s01X1123,0.3171957703563793,0.0004739505586557677,0.0004928369116093634,0.0,0.0,0.0,0.0,0.0,0.0,0.011903422217005306,0.0,0.0,0.11227391295397912,0.32275699441017935,0.0,0.11168490688730273,0.0,0.0,0.036930738306173765,0.0015361640974389254,0.08475130330127634,0.0,0.0,0.0
s02T1123,0.38650099384270964,0.001469621660533272,0.0005859689568211888,0.0,0.0,0.0,0.0,0.0,0.0,0.04475793200821843,0.0,0.0,0.14058232094026432,0.09441818163473334,0.0,0.3297569637842659,0.0,0.0,0.0,0.0019280171724538066,0.0,0.0,0.0,0.0
s03T1123,0.340314364761275,0.0,0.0,0.0,0.0,0.0,0.0,0.0,0.0,0.02496054923808566,0.0,0.0,0.11972207548733921,0.10913125755081218,0.0,0.35451254561074164,2.3375064146894003e-05,0.0,0.0,0.0030965350330235957,0.048239297254575875,0.0,0.0,0.0
s04T1123,0.27687032789058985,0.0005033404884470097,0.0006209193622814797,0.0,0.0,0.0,0.0,0.0,0.0,0.010970297179300731,0.0,0.0,0.11592724534994679,0.18205818712881344,0.0,0.1924449182792222,0.0,0.0,0.0,0.2206047643213984,0.0,0.0,0.0,0.0
s05T1123,0.44624030219439065,0.005624190180989148,0.00011094047618887782,0.0,0.0,0.0,0.0,0.0,0.0,0.012367097459229018,0.0,0.0,0.12577443480759187,0.21526837734179852,0.0,0.1234151596054132,0.0,0.0,0.0,0.0005522590705832915,0.07064723886381528,0.0,0.0,0.0
s06T1123,0.5002870622805718,0.0034297384241714223,0.0009003793374120864,0.0,0.0,0.0,0.0,0.0,0.0,0.003273328342266912,0.0,0.0,0.14623278170057058,0.15334246904833046,0.0004520280474881991,0.1751557102231134,0.0,0.0,0.0,0.005404787491963993,0.011521715104111057,0.0,0.0,0.0
s07T1123,0.43651787804759334,0.002639001118293424,0.00044745515487513537,0.0,0.0,0.0,0.0,0.0,0.0,0.01301121517247921,0.0,0.0,0.13794778112031172,0.24388042639551022,0.0,0.13156155383842927,0.0,0.0,0.0,0.0031383459097388037,0.03085634324276892,0.0,0.0,0.0
s08T1123,0.0,0.6920898973881451,0.0,0.0,0.0020542813666505045,0.0,0.0,0.0,0.0,0.0,0.0,0.0,0.0,0.0003589073238100126,0.0,0.0,0.2603023882602448,0.0,0.0,0.0,0.0,0.0,0.04519452566114964,0.0
s09T1123,0.0,0.6447921505817763,0.0,0.0,0.000509714903373738,0.0,0.0,0.0,0.0,0.0003285723616607949,0.0,0.0,0.00027645000436285206,0.0,0.0,0.0004894349445214301,0.3391257719780836,0.0,0.0,0.0,0.0,0.0,0.014477905226221248,0.0
s10T1123,0.002978746564520739,0.4298564944332893,0.0,0.0,0.0,0.0,0.0,0.0008102331873483577,0.0,0.000881142283095572,0.0,0.0,0.007485885425286138,0.002050979746098423,0.018679259565707297,3.2971863000892453e-06,0.3448053408024051,0.0,0.0,0.0005489304994904486,0.009047652511141422,0.0,0.18285203779531697,0.0
s11T1123,0.0,0.37671543301650834,0.0,0.0,0.003222231914136542,0.0,0.0,0.0,0.0,0.020649283207394578,0.0,0.0,0.03538414034335068,0.0,0.0,0.005996765807030766,0.1944879712165993,0.0,0.0,0.0,0.0,0.0,0.3635441744949798,0.0
s12T1123,0.016068850611851815,0.3945124550244582,0.0,0.00221365270245452,0.0,8.518006361293603e-05,0.0,0.0,0.0,0.0024499742808718663,0.0,0.0,0.008338980415932427,0.00046605059776987816,0.0015966408889140514,0.0014148375931717946,0.3663623930392696,0.0,0.0,0.0,0.0,0.0,0.20649098478169295,0.0
s13T1123,0.0,0.455129463542725,0.0,0.0,0.001014755338183541,0.0,0.0,0.0,0.0,0.007743941768251897,0.0,0.0,0.022501714480760725,0.0,0.0,0.002610227937209622,0.28232049103906737,0.0,0.0,0.0,0.0,0.0,0.2286794058938018,0.0
s14T1123,0.0,0.30553662500566026,0.0,0.0,0.000354463053777289,0.0,0.0,0.0,0.0,0.06162317035490051,0.0,0.0,0.09984265601488533,0.0,0.0,0.012936271200676787,0.08964547829270159,0.0,0.00015663616464440928,0.0,0.0,0.0,0.4299046999127539,0.0
s15T1123,0.12267816234661154,0.041846075391205356,0.0,0.0,0.0,0.0,0.0,0.0022942946427563153,0.0,0.1748005871332834,0.0007115411577840183,0.0,0.17823936094491094,0.03197247972115964,0.0,0.07569783292702036,0.0,0.0,0.0,0.0,0.0,0.0,0.37175966573526836,0.0
s02M1223,0.3094819783149305,0.005473309868794464,0.0004085179004254132,0.0,0.0,0.0,0.0,0.0,0.0,0.10405667089682819,0.0,0.0006759832103660959,0.24414362588571273,0.1155426039656464,0.0,0.2179351629356408,0.0009248288937524638,0.0,0.0,0.0013573181279027768,0.0,0.0,0.0,0.0
s03M1223,0.40089420865222125,0.011393841725502604,0.0,0.0,0.0,0.0,0.0,0.0,0.0012341416355844382,0.047280448662232376,0.0,0.0,0.12352892081735205,0.0,0.0,0.15482943453980288,7.31726465103975e-05,0.0,0.014128189994026132,0.0,0.24663764132676783,0.0,0.0,0.0
s04M1223,0.3568936172218232,0.005274700043271262,0.00040737972856512417,0.00048009634787042144,0.0,2.604572406602985e-05,0.0,0.0,0.007352146910471766,0.025647957111326187,0.0013212578219750928,0.0,0.13749826371814491,0.13015415273711892,0.0,0.084229975000389,0.0,0.0,0.0409798376125477,0.0015679184316727322,0.18049058139186905,0.0,0.02767607019888855,0.0
s05M1223,0.39429311885397256,0.006731875277323271,0.0004386908650150529,0.004704064681653809,0.0,0.0,0.0,0.0,0.011374091095990921,0.06959986602163964,0.0,0.00047249336222832914,0.17213490234232132,0.07215241376800605,0.0,0.14904380425327968,7.135364510701077e-05,0.0,0.012120128356335217,0.001995649709061064,0.10486754776806606,0.0,0.0,0.0
s06M1223,0.37529343454726455,0.004221706343523916,0.000420336884375875,0.003907358242053728,0.0,0.0,0.0,0.0,0.001940006870390958,0.08021973976950861,0.0,0.0,0.1742594373634862,0.04956750107714996,0.0,0.1777381136171927,1.1079139932770239e-06,0.0,0.0,0.0013738866873331307,0.13105737068372703,0.0,0.0,0.0
s07M1223,0.2128157001501549,0.015484153014448873,9.99422490819088e-05,0.0,0.0,0.0,0.0,0.0,0.0,0.22514656464885174,0.0,0.0,0.22625654684595609,0.05287480277501694,0.0,0.22087369177913244,0.0,0.0,0.0,0.0,0.0,0.0,0.04644859853735722,0.0
s08M1223,0.0,0.47252756856085637,0.0,0.0,0.0015546209129392223,0.0,0.0,0.0,0.0,0.0,0.0,0.0,0.0,0.0,0.0,0.0,0.5259178105262043,0.0,0.0,0.0,0.0,0.0,0.0,0.0
s09M1223,0.0,0.08013199590342127,0.002993250135685698,0.0,0.004998580656485486,0.0,0.0,0.0015975568715211937,0.0,0.0017100793756490542,0.0,0.0,0.006654794459430473,0.0015123840806702553,0.0,0.0,0.8478436030385947,0.0,0.0001879165434703344,0.0,0.0,0.0,0.05236983893507141,0.0
s10M1223,0.0,0.02881738428762616,0.0031462948426055183,0.0,0.0,0.0,1.3460261097453394e-05,0.0,0.0,0.0643652093220832,0.0015051739961309705,0.0,0.05857841381441247,0.0,0.0,0.0,0.0,0.0,0.0,0.0,0.0,0.0,0.8435740634760442,0.0
s11M1223,0.0,0.09360384535515863,0.0,0.0,0.001289225251221485,0.0,0.0,0.00452680616318315,0.0,0.02892819642888621,0.0,0.0,0.018293670711628778,0.0019072620918716488,0.0018939480934374294,0.0,0.29738594891279835,0.0,0.0,0.0,0.0,0.0,0.5521710969918143,0.0
s12M1223,0.0,0.20672665340166038,0.0,0.0,0.0,0.0,0.0,0.0,0.0,0.07431726458845073,0.0,0.0,0.05853647204595212,0.0,0.0,0.0,0.07723951319630065,0.0,0.0,0.0,0.0,0.0,0.5831800967676362,0.0
s13M1223,0.0,0.09217734498730908,0.0,0.0,0.0,0.0,0.0,0.0,0.0,0.32407576556332984,0.0,0.0,0.1271647220648637,0.0,0.0,0.0,0.013814005396842586,0.0,0.0,0.0,0.0,0.0,0.44276816198765484,0.0
s14M1223,0.0,0.0605478380260568,0.0,0.0,0.0,0.0,0.0,0.0,0.0,0.2891172463566992,0.0,0.0,0.17677197657979865,0.0,0.0,0.07772356543176077,0.004245655410418358,0.0,0.0,0.0,0.0,0.0,0.39159371819526606,0.0
s15M1223,0.0,0.0658744221665077,0.0,0.0,0.0,0.0,0.0,0.0008389167459470594,0.0,0.29816150061531094,0.0,0.0,0.17174032389860974,0.0,0.0,0.2546993812490299,0.0,0.0,0.0,0.0,0.0,0.0,0.20868545532459468,0.0
s01X1223,0.41043234992206995,0.006871125159148596,0.0007231337093833362,0.01244148646936838,0.0,0.0,0.0,0.0024858121977063934,8.811164042077369e-05,0.019994478052077106,0.008518082773882036,0.0,0.2306788958417656,0.21194181693823363,0.0,0.0033221176290576513,0.0,0.022112163637863797,0.01997663930725568,0.002615902805458877,0.04618298612820562,0.0,0.0,0.0016148977881025044
s02T1223,0.36209900640873754,0.013374383954294767,0.0,0.005437301270134454,0.0,0.0,0.0,0.0,0.0,0.04382288719737321,0.0,0.0,0.20088893613953898,0.18887339252133453,0.0,0.07027142644866186,0.005155034724241515,0.0,0.0,7.769570830967654e-05,0.10999993562737344,0.0,0.0,0.0
s03T1223,0.31510199216726753,0.003775383522965604,0.0,0.0,0.0,0.0,0.0,0.0,0.0,0.08688800689323962,0.0,0.0,0.1918794452333331,0.18611995649517554,0.0,0.11559510421630141,0.0,0.0,0.006823042973776187,0.0,0.09381706849794103,0.0,0.0,0.0
s04T1223,0.37579688178981024,0.005929092745577568,0.0003196028345390937,0.0044630139778563446,0.0,0.0,0.0,0.0,0.0,0.039042756057686756,0.001722165090793654,0.0,0.1700474048064333,0.08634555927596003,0.0,0.08390245509836783,0.0,0.0,0.11487043468139119,0.012688279752541994,0.10487235388904208,0.0,0.0,0.0
s05T1223,0.4239419190266211,0.006840603264656483,0.00022844911675311085,0.0,0.0,0.0,0.0,0.0,0.0,0.07018696189524404,0.0,0.0,0.19656911864400875,0.08315796084000043,0.0,0.08974599836112805,0.0,0.0,0.0,0.0,0.1293289888515879,0.0,0.0,0.0
s06T1223,0.31924743365961167,0.0051053148049549375,0.0,0.0008803222532131972,0.0,0.0,0.0,0.0,0.0,0.10848220102788536,0.004656066443504072,0.0,0.17320680910808342,0.12483537748725154,1.6502975226206684e-05,0.038994135984661546,0.0,0.0,0.1974820055806101,0.0005370077247136616,0.026556822950284265,0.0,0.0,0.0
s07T1223,0.26946505287511435,0.0,0.0,0.010246101350561431,0.0,0.0,0.0,0.0,0.0,0.046878889403772356,0.007698610786261935,0.0,0.1410459797846287,0.12564545072735034,0.0,0.0,0.0,0.0,0.2794913063713206,0.0026673096713075123,0.0914140969653886,0.0,0.025447202064294315,0.0
s08T1223,0.0,0.33429410181974367,0.0,0.0,0.004345113513607197,0.0,0.0,0.0,0.0,0.0,0.0,0.0,0.0,0.0008174827024716793,0.0,1.697009831898475e-05,0.6605263318658584,0.0,0.0,0.0,0.0,0.0,0.0,0.0
s09T1223,0.012454880567793746,0.18207493786978862,0.0,0.0,0.0017243376052169103,0.0,0.00011069771183798127,0.004760413868706397,0.0,0.004088926912041068,0.00012428536400002163,0.0,0.02549480121057352,0.005100154883810381,0.023052063263819603,0.0,0.5477973554577417,0.0,0.008960460939970225,0.0002916995855670007,0.041182282270747765,0.0,0.14278270248838512,0.0
s10T1223,0.06725185634571632,0.015781778218666442,0.001761167490296979,0.0007075919012905838,0.0,0.0,0.0,0.004990055852755068,0.0,0.11971089630147186,0.0021243470561780856,0.0,0.13211658828144932,0.013275271243506059,0.0,0.03322333235313236,0.0,0.0,0.012919112906143495,6.056774347591842e-05,0.0,0.0,0.5960774343059174,0.0
s11T1223,0.03629100217471591,0.2489254520243545,0.0,0.0,0.004808082441835181,0.0,0.0,0.0030786505761157827,0.0,0.018269344321794986,0.0,0.0,0.036764867382327315,0.0017783635733662616,0.007248655641410804,0.003191031966751105,0.37956414223832685,0.0,0.05082983254899002,7.6482727920646e-05,0.014276455725864228,0.0,0.1948976366562262,0.0
s12T1223,0.0,0.3154025571803787,0.0,0.0,0.00038117827576776136,0.0,0.0,0.002620941901802634,0.0,0.09248789752598335,0.0,0.0,0.08671461776899615,0.0,0.011730438817561892,0.017362394688504437,0.08001720163077795,0.0,0.029113063091185273,0.0,0.0,0.0,0.36416970911904173,0.0
s13T1223,0.011502072746975383,0.1060016866459831,0.0,0.006047916391560848,0.0,0.0,0.0,0.003382469422516535,0.0,0.1634699807662407,0.00017412601944258028,0.0,0.10722446896242363,0.0029286606924680417,0.0,0.022878285268098122,0.03946540769557188,0.0,0.06885143159542563,0.0,0.0,0.0,0.46807349379329366,0.0
s14T1223,0.0,0.07226445498536192,0.0,0.0,0.0,0.0,0.0,0.0008676409497507086,0.0,0.2171660047340044,0.0,0.0,0.14753031743051848,0.0,0.0,0.07300098803275244,0.016889729300718543,0.0,0.03221136018168385,0.0,0.0,0.0,0.44006950438520964,0.0
s15T1223,0.06403747027455613,0.011360332536531159,0.0011530999454127477,0.009208821880791446,0.0,0.0,0.0,0.006092109278785561,0.0,0.11650088523281267,0.002111730028290516,0.0,0.11280844597134189,0.09729612859826224,0.0,0.0,0.0,0.0,0.1836295240888291,0.0008717954079159113,0.008818804039988847,0.0,0.3815232857421779,0.004587566974304
s02M1323,0.16917325876676784,0.016832145193791562,0.0,0.0,0.005571638417881169,0.0,0.0,0.0,0.0,0.0517236096808887,0.005458999073189043,0.0,0.14547067240289588,0.1757919082289563,0.0,0.0,0.008735246553074292,0.001389420139981421,0.0,0.0,0.34643374712169644,0.0,0.07341935442087746,0.0
s03M1323,0.2965150612564681,0.006324650886229691,0.00032831406489506644,0.0,0.0003105610199972986,0.0,0.0,0.0,0.006947904615243495,0.15147277426986167,0.0,0.0,0.15323853473001917,0.0495557593644018,0.0,0.03905545531888898,0.0,0.0,0.0,0.0,0.2962509844739948,0.0,0.0,0.0
s04M1323,0.18527473054954122,0.0029244246831186065,3.477927630710468e-05,0.0,0.0,0.004156010501993558,0.0,0.0,0.2855280807441183,0.09408484782162163,0.0002331001685863545,0.0003274161286718943,0.11131397417291607,0.03775418853555003,0.0,0.03933904047500319,0.00010553841401973045,0.0,0.0012226894036394033,0.0,0.23482152734462605,0.0,0.002879651780286926,0.0
s05M1323,0.28239972518246187,0.01092925504991621,0.0,8.211275120860044e-05,0.0,0.012723696709378791,0.0,0.0,0.058757746802479034,0.141644094656579,0.001882956149337356,0.0,0.15160271797262911,0.039889984954895236,0.0,0.07503236394114092,0.0,0.0,0.0,0.0,0.22505534582997383,0.0,0.0,0.0
s06M1323,0.3036075531823829,0.008695680209378751,0.00013822426099684628,8.062949374349118e-05,0.0,0.0030356719887797796,0.0,0.0,0.009591983984986393,0.1350274340779994,0.0,0.0,0.18086076303042173,0.07002009646464612,0.0,0.10786238841762386,0.0,0.0,0.0,0.0,0.18107957488904075,0.0,0.0,0.0
s07M1323,0.24677699175000745,0.008020789329248462,0.0005498412120391253,0.0038776141640484525,0.0,0.0,0.0,0.0,0.0,0.22970617934478502,7.31894596066389e-05,0.0,0.25340126764430093,0.11163350239545353,0.0,0.058734654335675235,0.0,0.0,0.0,0.0,0.08041060191331445,0.0,0.006815368451520887,0.0
s08M1323,0.057275591714850464,0.4273329085012139,0.0,0.0019395610918263573,0.0011405263330602148,0.0,0.0,0.0,0.0,0.0,0.0,0.051887109220016034,0.0,0.0,0.0,0.0,0.4064929719503166,0.0,0.0,0.002425093153464124,0.0,0.0,0.05150623803525242,0.0
s09M1323,0.0,0.5750952082161308,0.0,0.0,0.002283582273910722,0.0,0.0,0.0,0.0,0.0,0.0,0.02502823470529661,0.0,3.2679411162693156e-05,0.0,0.0,0.3610708486784451,0.0,0.0,0.0,0.0,0.0,0.0364894467150541,0.0
s10M1323,0.03426939076448675,0.19013032228654542,0.0,0.0,0.0007507142763175623,0.0009218988287622298,4.0421281107200835e-05,0.00046616048141968723,0.0,0.025543690480018692,0.0,0.013722017114949657,0.02178185801065353,0.0,0.0,0.0,0.2198180202290816,0.0,0.0,0.0,0.0,0.0,0.49255550624665767,0.0
s11M1323,0.008273672878757696,0.21259486164480168,0.0,0.0,0.002107370977663012,0.0009576688749230119,0.0,0.002755707494766784,0.0,0.005778531315636651,0.0,0.015967129106417646,0.0063400657986320014,0.002001196290995212,0.011279814544526149,0.0,0.44058125943527426,0.0,0.0008015456910370826,5.397277770000783e-05,0.00444910661558121,0.0,0.28605809655328757,0.0
s12M1323,0.0,0.03336732909799157,0.0015441051846867612,0.004781471381062556,0.0,0.003042352904414186,0.0,0.005903913065724096,0.0,0.1800656202790172,0.0015598167009510929,0.0,0.11425658250232931,0.0,0.0,0.06474689738327638,0.0,0.0,0.0,0.0,0.0,0.0,0.5907319115005468,0.0
s13M1323,0.0,0.018860856891236483,0.0012769525400806376,0.0,0.0,0.0,0.0,0.0,0.0,0.26966504367168864,0.0001714529228155187,0.0,0.13976864384555635,0.0,0.0,0.06470254352199568,0.0,0.0,0.0,0.0,0.0,0.0,0.5055545066066267,0.0
s14M1323,0.006944189813727003,0.024656013649665107,0.0,0.0006537685426595809,0.0,0.0,0.0,0.010467833472243181,0.0,0.2908711570684362,0.0,0.0,0.13138127702275593,0.0,0.0,0.0675703779720935,0.0,0.0,0.1186584372227951,0.0,0.0,0.0,0.34374853120118837,0.005048414034436151
s15M1323,0.039558219946009616,0.009992648555902942,0.00017138204785639136,0.004135922974033822,0.0,0.0038019398754171106,0.0,0.004845238951306998,0.0,0.11523900068040735,0.0010986352476518731,0.0,0.09508391036214736,0.03908605069223259,0.0,0.0,0.0,0.0,0.45698720523812414,0.0,0.010736814590034232,0.0,0.2185046284967305,0.0007584023421449954
s01X1323,0.12149480140510045,0.0,0.0,0.006943065107037584,0.0,0.0004716744682964004,0.0,0.0,0.0,0.1651854276547941,0.004969343290252811,0.0,0.27908716642527026,0.20811362274411158,0.0,0.004175284139924036,0.0,0.03771348569950266,0.05831966708156964,0.0020150149869673445,0.11151144699717325,0.0,0.0,0.0
s02T1323,0.04659701176522556,0.0,0.0,0.0013960916051255056,0.0,0.0,0.0,0.0,0.0,0.34687176105392076,0.002813388164806427,0.0,0.27395278898781955,0.10565908516898054,0.0,0.09285327920901781,0.0,0.0,0.004746008847898211,0.0002124714815354893,0.07913002428987867,0.0,0.0457680894257915,0.0
s03T1323,0.009068362510209442,0.0,0.0,0.0,0.0,0.0,0.0,0.0,0.0,0.5653809777556618,0.0,0.0,0.33730809022131303,0.04939781025346293,0.0,0.013248405632100266,0.0,0.0,0.024444372299869357,0.0008821261774978897,0.0,0.0,0.0002698551498852349,0.0
s04T1323,0.06433514327676745,0.0,0.0,0.0013944651771385012,0.0,0.0,0.0,0.0,0.0,0.424974578688503,0.0,0.0,0.2741226006446094,0.011029913906273444,0.0,0.05734243501120166,0.0,0.0,0.16480679083331198,0.00199407246219465,0.0,0.0,0.0,0.0
s05T1323,0.16364033538307773,0.0,0.0002340957642019285,0.0015262251598465654,0.0,0.0,0.0,0.0,0.0,0.40625017326080687,0.0,0.00032615984888956294,0.20225685252541403,0.013974030115703872,0.0,0.1375236881261763,0.0,0.0,0.051809989982955724,8.709289513891446e-05,0.022371356937788668,0.0,0.0,0.0
s06T1323,0.1639205390410955,0.0,0.0,0.0,0.0,0.0,0.0,0.0,0.0,0.3176702395379147,0.0,0.00047965773288850924,0.11272334488677764,0.020295104775781784,0.0,0.2831752395737407,0.0,0.0,0.09884823311269644,0.002887641339104855,0.0,0.0,0.0,0.0
s07T1323,0.14307902124656977,0.0,0.0,0.02061619571753096,0.0,0.0,0.0,0.00040832141091900933,0.009863567785088666,0.04975979614338816,0.010980566785943151,0.0,0.3787960344457726,0.02169463475641905,0.0,0.0,0.0005534886880021816,0.08912593286421096,0.07803222934144996,0.005260481358430247,0.1814024492436268,0.0,0.0,0.01042728021264851
s08T1323,0.002063658721934759,0.4676715585781426,0.0,0.00525971482445,0.0016560206790661332,0.0,0.0,0.0,0.0,0.0,0.0,0.0,0.0,0.00102167900399962,0.0,0.0,0.511982246589816,0.0,0.0,3.50678267385497e-05,0.0,0.0,0.010310053775852352,0.0
s09T1323,0.019395797988325057,0.13112169073225663,0.0,0.035790551642338374,0.0,0.0,0.0,0.0014862064679516795,0.0,0.001967239670242881,0.0,0.12436683168460338,0.01357693114077353,0.006645070896090806,0.013068932061530118,0.0,0.3576625126398618,0.0,0.0,0.0036655180210267285,0.0442819761425356,0.0,0.2469707409124633,0.0
s10T1323,0.0,0.12837612302727716,0.0,0.009567858101438334,0.0,0.0015482504870917477,0.0,0.00818921800036028,0.0,0.07023438455388065,0.0020724783326741213,0.030972969562201993,0.07052472348916176,0.0,0.0,0.017923260061685726,0.06655432612570233,0.0,0.0,0.0,0.0254084524636727,0.0,0.5600139930426737,0.008613962752179538
s11T1323,0.01749844192824292,0.2297123268066296,0.0,0.012177698384386171,0.0,0.0016674866571210936,0.0,0.01323567927057798,0.0,0.07863363802100479,0.0,0.0,0.020844250753785473,0.002080416050286247,0.013116660287197926,0.020077017240969074,0.24199049362974592,0.0,0.0,0.0016447498180211868,0.08302237183080248,0.0,0.261773414678472,0.002525354642757093
s12T1323,0.01625524355783054,0.06373052080395938,0.0,0.009371826585979308,0.0,0.0010827502521573076,0.00045602278246187306,0.004819975414462355,0.0,0.02014759703921671,0.001082015324881615,0.06091148731229173,0.010974347690544601,0.0,0.007543353267852846,0.0,0.06767849679739879,0.0,0.0,0.000700148045960736,0.03295870850031067,0.0,0.7022875066246916,0.0
s13T1323,0.011866559089723661,0.038576826620234345,0.0012804530972955928,0.009301809530263577,0.0010700475703105939,0.00017835433501779514,0.0002860806985088769,0.002602636804230553,7.155258170562977e-05,0.024135717995984428,0.0017382113259757502,0.0,0.015433689805350695,0.005114341195324268,0.008837241038516346,0.0,0.15624077909560088,0.0,0.0,0.0011104587224115081,0.004007482740267093,0.0,0.7181477577532785,0.0
s14T1323,0.02377257856622136,0.059038729550406156,0.0,0.014978736734168302,0.0,0.0005648469516395989,0.0,0.0032967486243613486,0.0,0.0512705856357923,0.0020559438163552904,0.022553245793053296,0.04488094645934798,0.01165749715026874,0.000497088229285564,0.0005897801302180688,0.05770062797693893,0.0,0.0,0.0006563890919899704,0.013552284994824703,0.0,0.6929339702951285,0.0
s15T1323,0.09557735369082342,0.022741126354252437,0.00041865106003635216,0.01615835496374971,0.0,0.0019358030066241188,0.0,0.012493504379276283,0.0,0.03042020527474312,0.011664646574034807,0.00857971844689908,0.12119833952682794,0.030179526474181703,0.009304316270704261,0.0014253838857336831,0.018172225423259847,0.023168933966365476,0.012366619487451803,0.0013209618202448036,0.10353656285787408,0.0,0.455957408821052,0.02338035771586498
s02M1423,0.02167251557556163,0.00445671629234113,0.0,0.007160132747535722,0.0,0.0,0.0,0.003660048680900487,0.0,0.007262702115324593,0.006583750958946411,0.003839288113880812,0.18282652679515835,0.07362001978727911,0.0,0.0,0.0035346899942846084,0.08966477531978873,0.04738211380407143,0.00198532191548923,0.46219783572002376,0.0,0.0747150966333524,0.009438465546061602
s03M1423,0.025861462806360872,0.0,0.0,0.007423955765426633,0.0,0.0,0.0010615980683428184,0.0003747079879353112,0.036587291265527656,0.0,0.004789562554516855,0.0008012413087645695,0.12084165300592026,0.0930828234584027,0.0,0.0,0.0004300288935325628,0.05797555569168447,0.04600736578738904,0.0028644186959239457,0.563963889797248,0.0011565604364969393,0.036777884476527446,0.0
s04M1423,0.1030325021620054,0.005601659401013753,0.0,0.00693697146172178,0.0,0.002243808499684309,0.0,0.0063009699174695726,0.02620332098127203,0.057000932701189354,0.004137654642390317,0.0,0.15940671320055244,0.0,0.0,0.07103727215473313,0.0,0.05940287348044771,0.024499463758992736,0.001201512742289466,0.36189991706241115,0.0,0.09734696748826407,0.013747460345562627
s06M1423,0.0683549393214225,0.0075880064501338464,0.0,0.004208314161717609,0.0,0.004985122757746073,0.0,0.004438077460284595,0.0011763902052062043,0.08559331116227713,0.005228841063855054,0.0,0.1912424572516442,0.05158067686177399,0.0,0.07277284986792222,0.0,0.0920755647809068,0.008963063784421353,0.0011099807086078991,0.28600996881312535,0.0,0.10583022814782873,0.00884220720112647
s07M1423,0.0,0.0,0.0,0.006260776453062563,0.0,0.0,0.0,0.004205157181805572,0.0,0.12761715868069545,0.0039731236660121945,0.00023827429663962488,0.2967541153038409,0.056850635612660204,0.0,0.008001363881623707,0.002362285219480617,0.1419910231232012,0.02897252021691089,0.002472026004448252,0.2967105365990381,0.0,0.005393008730916242,0.018197995029664404
s08M1423,0.0,0.4564982169963393,0.0,0.0004984608685502746,0.0,0.0,0.0,0.0,0.0,0.0,0.0,0.08157341105664656,0.0,0.002329086319125696,0.017066049169717965,0.0,0.4282392397553017,0.0,0.0,0.000451344852338756,0.0,0.0,0.013344190981979613,0.0
s09M1423,0.0,0.20687718780258443,0.0027734621220038202,0.027253132245158913,0.0,0.0,0.0,0.0,0.0,0.0,0.0,0.08713372848976103,0.0,0.007794514716978822,0.030546199966392913,0.0,0.6314085990331152,0.0,0.0,0.0,0.006213175624004823,0.0,0.0,0.0
s10M1423,0.0,0.30758979534765324,0.0,0.020664503457499997,0.0,0.0,0.0,5.0445857014187666e-05,0.0,0.0,0.0,0.09239039623691939,0.0,0.002318998888181556,0.05084462019249296,0.0,0.4760876531586547,0.0,0.0,0.0,0.015082209459670677,0.0,0.03497137740191312,0.0
s11M1423,0.000682786569170577,0.0394125779169974,0.0,0.039081709497914306,0.0,0.0,0.0,0.0074657630679762325,0.0,0.0007136749339674226,0.0,0.1279772294832203,0.0,0.005491443238385836,0.030872015444385337,0.0,0.47489693127419197,0.0,0.0,5.402441367624799e-05,0.048248180608622036,0.0,0.2208920715203308,0.004211592031161474
s12M1423,0.002909542562408297,0.03502051862125647,0.0,0.027302295827282136,0.0,0.0,0.0,0.021961180328812793,0.0,0.010089487739557666,0.0,0.062046877328487196,0.0029425933815428666,0.0036074979857608153,0.012384855781954085,0.0,0.10452920149598602,0.0,0.0,0.0011132212601403606,0.12794573994876768,0.0,0.5585657853945086,0.02958120234353492
s13M1423,0.0,0.07287209643346382,0.0,0.013941891549849423,0.0,0.0,0.0,0.012565938916930553,0.0,0.0055271147109895655,0.0,0.10854503819939816,0.0,0.003144429855737855,0.028584800349513155,0.0,0.22953000488378875,0.0,0.0,0.0004153767587337432,0.0806276931296869,0.0,0.43862659935343434,0.005619015858473839
s14M1423,0.0,0.06746808582488169,0.0,0.004506006753320174,0.0,0.00010665671927550693,0.0002838462941198049,0.016601601310537232,0.0,0.09738849791829081,0.0014473916293628731,0.01464034815184351,0.030435148220971986,0.0,0.009407865580040843,0.0,0.02732700266387955,0.0,0.0,0.0004073055911789937,0.106338715615499,0.0,0.6057570907302702,0.01788443699652788
s15M1423,0.02182459002318639,0.026205853296639697,0.00017384191882616721,0.023889004765380285,0.0,0.0,0.0,0.014319669371573878,0.0,0.12087554329736265,0.003483071210681565,0.0014392246384682017,0.15718767051845425,0.020299384429236546,0.0,0.0001272989267779429,0.002124371716475993,0.05107163497454916,0.014087740314030497,0.001832388717833921,0.18057336206990302,0.0,0.32888074947215185,0.031604600338467966
s01X1423,0.0,0.00627984577430998,0.0002058736736955711,0.0,0.0,0.006745548461083365,0.0,0.0,0.0,0.31372009993282945,0.0008615585867098009,0.0,0.36791494817035836,0.20607046537426896,0.0,0.018282299350160104,0.0,0.02659296184596329,0.0,0.0,0.053326398830621034,0.0,0.0,0.0
s02T1423,0.0,0.00952839117989899,0.00031992544804314413,0.0018796452694178787,0.0,0.0077677632315580215,0.0,0.0,0.0,0.13172671297623223,0.006401902267089228,0.0,0.3433646971647042,0.24758618883214037,0.0,0.0,0.0,0.023010019819204808,0.0,0.0,0.11533487223583913,0.0,0.09764575508375675,0.01543412649211519
s03T1423,0.0,0.0037418503812857106,0.0005405875667244034,0.0,0.0,0.0025714923890227015,0.0,0.00036711166881494,0.02139420610197257,0.17013514539916375,0.006993927032637722,0.0,0.28223502927702543,0.26186356450572906,0.0,0.0,0.0,0.007166704584324053,0.0,0.0,0.10787609923474611,0.0,0.12376307492219814,0.011351206936355359
s04T1423,0.06875773436425212,0.03868818077622231,6.279019494058374e-05,0.0,0.0,0.012035563024748161,0.0,0.0030543724832543364,0.0,0.165280641254233,0.0076600587984767595,0.0,0.22631777206084586,0.12543754571229196,0.013607590801225615,0.012033167669967705,0.0,0.0,0.0,0.0,0.22617917342291893,0.0,0.09447654087714086,0.006408868559481771
s05T1423,0.1070957435246482,0.03335890900309644,0.0001321193477477364,0.0,0.0,0.015177411404143975,0.0,0.0013686076393768475,0.0,0.20191978451622086,0.002818164257345637,0.0,0.20902210183918185,0.058415387563253665,0.013574807964042463,0.055816015323384,0.0,0.0,0.0,0.0,0.22253068317313396,0.0,0.06952409861509252,0.009246165829331665
s06T1423,0.02718671272762907,0.036299043396946604,0.0,0.0037074572008899765,0.0,0.008012676752531846,0.0,0.0005598448568916599,0.0,0.20456010505719607,0.004462556016443989,0.0,0.2546674248925789,0.10359313402784324,0.01586482808421791,0.0038016921197368326,0.0,0.0,0.0,0.0,0.28182765444606467,0.0,0.04373591100301067,0.011720959418018533
s07T1423,0.03916275035610332,0.03215345729705603,0.00012727640601236151,0.00139035271886369,0.0,0.012692135227863627,0.0,0.0009031278136376565,0.0,0.17560045417130818,0.0027939707191686294,0.0,0.3438620787889323,0.13243941263327785,0.0201747393969915,0.020039313562036455,0.0,0.0,0.0,0.0,0.14782016623951116,0.0,0.05036962887625131,0.020471135792985963
s08T1423,0.0,0.4566846814320258,0.0,0.03268850265116373,0.0,0.0,0.0,0.0,0.0,0.0,0.0,0.07816549597217283,0.0,0.007904222134292177,0.0,0.0,0.3902189980687454,0.0,0.0,0.0,0.0,0.0,0.03433809974160012,0.0
s09T1423,0.0,0.23885906740051766,0.006703575403927704,0.020306621404399226,0.0,0.0,0.0,0.0,0.0,0.0,0.0,0.09165947856740402,0.0,0.008991487189626177,0.014015760928566271,0.0,0.6194640091055591,0.0,0.0,0.0,0.0,0.0,0.0,0.0
s10T1423,0.0,0.0,0.0,0.023741102775615013,0.0,0.0,0.0,0.00528479198078835,0.0,0.000477418070667587,0.0,0.12192711943495349,0.0,0.0070996120025476304,0.045352279549485335,0.0,0.5982780469541946,0.0,0.0,0.0,0.021986823102853593,0.0,0.17585280612889437,0.0
s11T1423,0.0,0.13317612751585262,0.0,0.056037383111512705,0.0,0.0,0.0,0.0,0.0,0.00022058399659667595,0.0,0.08159037578375518,0.0,0.012193176535855794,0.035423151200715416,0.0,0.5768291573475485,0.0,0.0,0.0,0.014620812907406073,0.0,0.08990923160075717,0.0
s12T1423,0.0,0.23561280785625108,0.0,0.03795661900397349,0.0,0.0,0.0,0.0,0.0,0.000523003882075838,0.0,0.0830291212873648,0.0,0.009714999581568885,0.0,0.0,0.5178373943382628,0.0,0.0,0.0,0.00038995344022207696,0.0,0.11493610061028103,0.0
s14T1423,0.0,0.07209863301914182,0.003885508847880819,0.04400256081471806,0.0,0.0,0.0,0.0012134901037357873,0.0,0.0008339593783804176,0.0,0.0,0.0,0.00937385329153322,0.02272231885987222,0.0,0.7948607659744353,0.0,0.0,0.0,0.01070141683212552,0.0,0.04030749287817673,0.0
s15T1423,0.0,0.16160009487637758,0.0,0.0381964961866798,0.0,0.00032701415384045793,0.0,0.0068394854242972425,0.0,0.003039840870819446,0.0,0.0737237538506947,0.0,0.004907613187513002,0.013609988858121147,0.0,0.3299586226031566,0.0,0.0,0.0005383456327729135,0.052277283097532865,0.0,0.3060357079056885,0.008945753352505683
s02M1523,0.0,0.0,0.0,0.003712060763832471,0.0,0.0,0.0,0.002080120725704495,0.010810950749118232,0.0,0.0055253240709214,0.0,0.14002568298846602,0.026909917762240658,0.0,0.028695623597932186,0.0008699186922504358,0.1555015943162218,0.2401654361221274,0.0,0.37340206323293523,0.0,0.0,0.012301306978249707
s03M1523,0.0,0.0,0.0,0.0013293481483393607,0.0,0.0,0.0,0.0019189583748176282,0.0,0.018594409227178657,0.0008454231612482747,0.0,0.06409504703077387,0.009050253734206015,0.0,0.01844791163743775,3.929392441873029e-05,0.040312952966431864,0.6565567691629106,0.0,0.1837749272291856,0.0,0.0,0.005034705403051685
s04M1523,0.0,0.0,0.0,0.0,0.0,0.0,0.0,0.0017131529536287523,0.0,0.042820337488199106,0.0,0.0,0.013574843028397916,0.005064732008477041,0.0,0.03133679513895861,0.0,0.0,0.7925971464800121,0.0,0.10480054950558992,0.0,0.007464323534633801,0.0006281198621027204
s05M1523,0.0,0.0,0.0,0.0,0.0,0.0,0.0,0.0014691279294941188,0.0,0.03607667181108798,0.0010242156240819046,0.0,0.008145837951525979,0.004328144853331975,0.0,0.007502744618170282,0.0,0.0,0.8543550571804405,0.0,0.08571316478716776,0.0,0.0013850352446995427,0.0
s06M1523,0.0,0.0,0.0,0.0,0.0,0.0,0.0,0.0015174356594269368,0.0,0.015496269247243354,0.0,0.00019923806509799006,0.005143575401835399,0.006782524870033449,0.0,0.023963401876856708,0.00016469810011002554,0.0,0.8417727428399899,0.0,0.10496011393940624,0.0,0.0,0.0
s07M1523,0.0,0.0,0.0,0.0033869993557764924,0.0,0.0,0.0,0.003237044641652148,0.0,0.0,0.0008078778453392744,0.0,0.0715997005362471,0.03553043789187379,0.00162985082853279,0.0,0.001389287452019889,0.008136023068099974,0.6035071250886213,0.0012365826322756613,0.2536268913890139,0.00030880838498629993,0.0,0.015603370885561242
s08M1523,0.0,0.177017723892209,0.0,0.05946333843564047,0.0,0.0,0.0,0.0,0.0,0.0,0.0,0.1789863068400238,0.0,0.01214483087251476,0.0,0.0,0.378696775588346,0.0,0.1936910243712661,0.0,0.0,0.0,0.0,0.0
s09M1523,0.0,0.0,0.002895414570767063,0.052901334484166944,0.0,0.0,0.0,0.0,0.0,0.0,0.0,0.08693511636339811,0.0,0.01824556949812728,0.013740913145886583,0.0,0.598115474075336,0.0,0.10151781287347934,0.0,0.028659944167665655,0.0,0.07860124532764647,0.01838717549352649
s10M1523,0.0006314095234703334,0.014016102402257664,0.0,0.03287428224302146,0.0,0.00031246764931335387,0.0,0.0,0.0,0.0009007662937993016,0.0,0.1445970268906835,0.0,0.010634510481900967,0.0,0.0,0.3027340554951343,0.0,0.0008803887685623112,0.00039964217015570124,0.01615742990590894,0.0,0.3508782112440251,0.12498370693176712
s11M1523,0.0,0.0,0.0,0.05408132981231461,0.0,0.0,0.0,0.007406079285758058,0.0,0.0007496056964767637,0.0,0.14948713708756253,0.0,0.012563293468532454,0.0,0.0,0.13358419740141367,0.0,0.18820780371491963,1.1245400508936784e-05,0.06112274656754591,0.0,0.32922663397498597,0.06355992758998164
s12M1523,0.0,0.0035822480986728617,0.0,0.04171855841665773,0.0,0.0,0.0,0.0027888702151768396,0.0,0.0003308353475954186,0.0,0.13745277897327585,0.0,0.007615290197269453,0.0,0.0,0.25666063922590254,0.0,0.07291070177422825,0.0,0.04086802082153924,0.0,0.3638156486157852,0.07225640831389654
s13M1523,0.0,0.010436928045927909,0.0,0.027098390654174357,0.0,0.0,0.00018798758271820502,0.0018659768604655804,0.0,0.0012474961747474952,0.0,0.26071946143612407,0.0,0.0020689239199763987,0.0,0.0,0.14100275399280662,0.0,0.08093253710409168,0.0,0.03930573255425726,0.0,0.3725740787022276,0.06255973297248288
s14M1523,0.0,0.11683302520668704,0.0,0.011625853330735226,0.0,0.0007157368935362771,4.3976380456662384e-05,0.007504971247314953,0.0,0.08062336926981073,0.0,0.028308669655969308,0.017277156214051848,0.0,0.0,0.0,0.11263075638132343,0.0,0.0,0.0,0.03910599356456397,0.0,0.508499337815563,0.07683115403998755
s15M1523,0.0,0.020119637517067177,0.0,0.018095299875967637,0.0,0.0,0.0,0.011381732101777174,0.0,0.02671777215909035,0.0021721293207128027,0.034956106240892466,0.045887669128445996,9.641347004418802e-05,0.0,0.0,0.027384002935318685,0.027752352453834513,0.13984866227865614,4.767198136841015e-05,0.22854499444741147,0.0,0.3339880152808157,0.08300754080859722
s01X1523,0.0,0.01730091584724528,0.0001833899610526376,0.0010007541091429488,0.0,0.0,0.0,0.003115779114427589,0.0,0.01143146918006936,0.0026818769923316393,0.0,0.21831040887108435,0.1279663023055575,0.017855630501063282,0.023408784057094744,0.0,0.029780414756174125,0.05216029264300729,0.0,0.4769937792211371,0.0,0.01683996057448287,0.000970241866129424
s02T1523,0.0,0.01382640257227195,0.0,0.0,0.0,0.0,0.0,0.0,0.001839487830853246,0.0,0.003990930799958286,0.0,0.23857213376877318,0.2202991888191565,0.0,0.0,0.006913247662461725,0.0,0.0,0.0,0.41486608436146394,0.0,0.09969252418506104,0.0
s03T1523,0.0,0.0023799877021134994,0.0007152104025782524,0.0,0.0,0.0,0.0,0.0,0.001418012063804768,0.0,0.00542512304591599,0.0,0.17574721676484387,0.21050249452370395,0.0,0.0,0.0,0.0,0.0,0.0,0.514455172751789,0.0,0.08935678274525084,0.0
s04T1523,0.0,0.014070472774278938,0.0013147626626587143,0.0,0.0038290998479240763,0.0008914755423463937,0.0,0.0,0.0,0.06395160532062129,0.0,0.0,0.49291454929700634,0.13739815460320265,0.0,0.0,0.0,0.0,0.0,0.0,0.2479474774316734,0.0,0.03768240252028819,0.0
s05T1523,0.0,0.008181563318942053,0.0005066591524335862,0.003003305811686339,0.0,0.0,0.0,0.0,0.0,0.009109810302315002,0.00773545088433544,0.0,0.1576186113360926,0.07499446858527944,0.0,0.0,0.0,0.0,0.0,0.0,0.6136696371207948,0.000329614470051902,0.12485087901806881,0.0
s06T1523,0.0,0.0023349252615239473,0.0005341960419886531,0.0016405187748025798,0.0,0.0,0.0,3.6908396898321944e-06,0.0016801452942122766,0.01461791940439963,0.011570364405924597,0.0,0.16757260455336517,0.14243681247782927,0.0,0.0,0.0,0.0,0.0,0.0,0.5194642047180558,0.0,0.13814461822820837,0.0
s07T1523,0.0,0.00553226939909441,0.0007262867748079587,0.0,0.0,0.0,0.0,0.0024504366202935746,0.0,0.07628336244656041,0.006349918559410194,0.0,0.26558336572381636,0.18632351936182542,0.007583110354046246,0.0,0.0,0.029672195549377698,0.0,0.0,0.35061616572379267,0.0,0.06568134906872464,0.0031980204182504475
s08T1523,0.0,0.3103852077130921,0.0,0.032855792304258155,0.0,0.0,0.0,0.0,0.0,0.0,0.0,0.20751980773389894,0.0,0.01583243315352322,0.0,0.0,0.433260560949581,0.0,0.0,0.00014619814564659586,0.0,0.0,0.0,0.0
s09T1523,0.0,0.0,0.0038814132354487475,0.08477158715601907,0.0,0.0,0.0,0.0,0.0,0.0,0.0,0.2133237355148998,0.0012934129903413834,0.032507901155985355,0.0,0.0,0.5484082918799513,0.0,0.0,0.000680257610202293,0.013772346031875042,0.0,0.10102017457348578,0.00034087985179121903
s10T1523,0.004259868774285979,0.004364358786722342,0.0,0.026002098604421778,0.0,0.0,0.0,0.0009552854085931379,0.0,0.000787609217362373,0.002407998065310253,0.1133587720430503,0.0,0.00890900553956828,0.0,0.0,0.039887976385416385,0.0,0.0,0.0007165360199011766,0.05875134975182057,0.0,0.6949296366089222,0.04466950479462527
s11T1523,0.0,0.04740047623604139,0.0,0.0008855228817572341,0.0021769224311684707,0.0008958800013080298,0.0008447501045938044,0.0035941178329881385,0.0,0.04162434057557582,0.001739915657301038,0.019819432332322327,0.0,0.00036241558058080635,0.007658687678181614,0.0016709032470833532,0.01709636509323275,0.0,0.0,1.0181705361467283e-05,0.05122408507750128,0.000295475341654323,0.7877079251793911,0.014992603043956896
s12T1523,0.0,0.09829737134682429,0.0,0.03242814561883378,0.0,8.46939876555729e-06,0.0,0.0,0.0,0.008575706611680707,0.0,0.10835693867801148,0.0,0.001979649276821884,0.0,0.0,0.24327916457619753,0.00040555050828922496,0.0,0.0007311316282904149,0.03312176061325543,0.0,0.433596772990665,0.03921933875236472
s13T1523,0.012365755034191812,0.00348068013020552,0.0,0.013245036584246524,0.0,0.0,6.447268237036535e-05,0.0020944308359908915,0.0,0.013453709826711732,0.004700460866479601,0.03536971793018861,0.0,0.00873312520934332,0.0009890759293863323,0.0,0.013534773016200248,0.0,0.0,0.0005380685820440421,0.0451906129360637,0.0,0.8164700156314351,0.029770064805142257
s14T1523,0.0,0.0069867354814977045,0.0008527557194946075,0.006883047109533547,0.0,0.0,0.0002999105840678294,0.00524009838906509,0.0,0.07635375625916602,0.008190256113186639,0.0,0.012143195872529025,0.004295930364197775,0.0005224640731245003,0.0,0.0,0.018011187016344177,0.0,0.0006052611888931767,0.08665694987574755,0.0,0.7428213219305106,0.03013713002264185
s15T1523,0.0,0.0024601449873001453,0.0008617122271254406,0.004925995031943278,0.0,0.0,0.0,0.008125235769262646,0.0,0.14531107880526858,0.008595433022107518,0.0,0.1014971782580769,0.020447935931536113,0.0,0.008712584266420569,0.0,0.05362868757718587,0.001610960828520912,0.0,0.17864059339064547,0.0,0.4162911482029646,0.04889131170164206
s02M1623,0.0,0.028439008634423005,0.0,0.0,0.0,0.0,0.0,0.0037772137150699414,0.0,0.03609416546930796,0.00033647410102410707,0.0,0.10086929751386009,0.08875343804923204,0.009637313764138261,0.008362092610162864,0.012071680895761777,0.0491926316379342,0.0,0.0,0.5857379222696361,0.0,0.07404463234116149,0.002684128998288314
s03M1623,0.0,0.006722921254854411,0.0006895254535865014,0.0037702285061656953,0.0,0.0,0.0,0.011401560726673593,0.0,0.12008339814347885,0.006935298840981213,0.0,0.12445859763251714,0.04345049643229691,0.0009583626777891625,0.015619242229527812,0.0,0.07839053727979352,0.0,0.0,0.2884263652774544,0.0,0.27365514797538737,0.025438317569493447
s04M1623,0.0,0.015714566618749846,0.0003568399667053168,0.005406708969932376,0.0,0.0,0.0,0.0051185014927448225,0.0024626518951684946,0.0,0.0035591842709417477,0.0,0.08249416376919716,0.28664851272724956,0.01964983479826431,0.0,0.0,0.016892492408058023,0.0,0.0,0.47412539579681745,0.0,0.08725647315725057,0.0003146741289204078
s05M1623,0.02786029030292364,0.01671419626142576,0.000410433594361442,0.013465883618654338,0.0,0.0,0.0,0.00608401926228004,0.009333051713943516,0.005523000121306477,0.005280528653997988,0.0,0.06091052632276635,0.07741386826098623,0.017226939341253193,0.0,0.0,0.019428051143755114,0.0006915157361584263,0.0,0.6275285146846158,0.0,0.11165114254642099,0.000478038435150643
s06M1623,0.0,0.01316179626645266,0.00019063958766410424,0.008097496187425756,0.0,0.0,0.0,0.004264220905288629,0.028813806009887272,0.12026871590980365,0.005585639598627211,0.0,0.08805533714614655,0.015430632390427584,0.0,0.061352781710428975,0.0,0.02669108997985182,0.0,0.0,0.4592859410035094,0.0,0.16404471094304587,0.004757192361440597
s07M1623,0.0,0.006621906194065821,0.0006941274167566237,0.0032592137668356206,0.0,0.0,0.0,0.006592139063723973,4.269386213543572e-05,0.08747794973799339,0.007397400990572879,0.0,0.11144559173580082,0.02470182551592235,0.002009251904208094,0.0,0.0,0.06602816536103816,0.0,0.0,0.44600094681560765,0.0,0.22412977977434406,0.013599007860995077
s08M1623,0.0,0.09331801135189774,0.0,0.07106952415273,0.0,0.0013411483091856893,0.029319951517497687,0.0,0.0,0.0,0.0,0.45532950464284017,0.0,0.049880509615207576,0.0,0.0,0.2614044372320736,0.0028824669184662303,0.0,0.005816851273229237,0.0,0.0,0.029637594986872056,0.0
s09M1623,0.0,0.3247936171612243,0.0006586918969214476,0.036076848155766096,0.0,0.0,0.0,0.0,0.0,0.0,0.0,0.15312624361676683,0.0,0.0311895820122764,0.0,0.0,0.454155017157045,0.0,0.0,0.0,0.0,0.0,0.0,0.0
s10M1623,0.0,0.07255798720443836,0.0007256705687997128,0.060595918703279995,0.0,0.0,0.0,0.0,0.0,0.0,0.0,0.20638867566193497,0.0,0.02945101767517795,0.0017973230941648911,0.0,0.5171995605424399,0.0,0.0,0.0,0.0,0.0,0.11083858028002715,0.0004452662697370963
s11M1623,0.0,0.009628704877395812,0.003858374211284796,0.0665013784023859,0.0,0.0,0.0,0.0,0.0,0.0,0.0,0.11971122290506561,0.0,0.025880356712743215,0.0056257919863753865,0.0,0.6027727136398382,0.0,0.0,0.0,0.0,0.0,0.14799457619711903,0.01802688106779202
s12M1623,0.0,0.0,0.0,0.03802381369601381,0.0,0.0,0.0,0.0,0.0,0.0,0.0,0.23038205162834527,0.0,0.024483657051676006,0.004736396815806395,0.0,0.3812790986799876,0.0,0.0,0.0,0.0,0.0,0.29124253751775825,0.02985244461041271
s13M1623,0.0,0.0,0.0,0.01789413596613638,0.0,0.0,0.0,0.0,0.0,0.0,0.0,0.13440403131008014,0.0,0.016482124804415976,0.0,0.0,0.12004252520312103,0.0,0.0,0.0,0.0,0.0,0.6795528163323644,0.031624366383882045
s14M1623,0.0,0.0004967291189672502,0.0020358172888818625,0.0,0.0,0.0,0.0001401783730304848,0.008849523450989064,0.0,0.01844653325080257,0.0019002237572903961,0.029294484940999854,0.0,0.0,0.0,0.0,0.008651830543826655,0.0,0.0,0.0,0.08526671836317841,0.0,0.7875463130828817,0.057371647829151814
s15M1623,0.0,0.0,0.0,0.004221865351039482,0.0,0.0,0.0,0.013122726113224889,0.0,0.05203916732187151,0.014169530852147208,0.0,0.028617889914622472,0.021241649113724954,0.0,0.0,0.0,0.025650740118923866,0.0,0.0,0.18780503283965208,0.0,0.6033022657836214,0.04982913259117207
s01X1623,0.0,0.005439836897045199,0.0001752131025082675,0.004212185174811108,0.0,0.0,0.0,0.004793589609761165,0.0,0.02447976495921236,0.006842895468856047,0.0,0.08603540874208161,0.09477055481656815,0.026095062199061707,0.0,0.0,0.0673951698142357,0.01942498241331958,0.0,0.5373490005300553,0.0,0.11379657384809531,0.009189762424388466
s02T1623,0.0,0.002112388432451425,0.0,0.0023497279919013066,0.0,0.0,0.0,0.002911163310252091,0.012333551709766041,0.010704658673966923,0.0009588407119071004,0.0001050439700909735,0.04437406213877342,0.008569660353671614,0.0,0.0,0.00199165584068394,0.049380545100572625,0.0,0.0,0.801021204849841,0.002311542834709161,0.0608759540814125,0.0
s03T1623,0.0,0.0,0.0,0.0,0.0,0.0,0.0,0.0,0.01209600988458264,0.0,0.0012232695206195947,0.0017068962988301991,0.05164853722415682,0.03157711797393396,0.0,0.0,0.0,0.04714381505818994,0.02920454332674179,0.0,0.7848644696082033,0.0067762795244981034,0.033759061580243756,0.0
s04T1623,0.008627628317857407,0.0,0.0,0.0,0.0,0.0,0.0,0.0,0.0370910837501436,0.0012353789250815989,2.4883709611278553e-05,0.0024331372385533023,0.01096111119053617,0.0,0.0,0.0,0.0,0.00728760496152359,0.004722303487722782,0.0,0.8769055430352218,0.004627609822196316,0.046083715561552156,0.0
s05T1623,0.0,0.0,0.000604223038310307,0.0008713832432900659,0.0,0.0,0.0,0.004144934455388665,0.026221857536503773,0.04626572237100032,0.0030591710584959206,0.0,0.06871284466808522,0.021790029823928362,0.0,0.0,0.0,0.06958884305310964,0.07598387046918705,0.0,0.5295563013318163,0.0025599615297622726,0.14717156684716723,0.0034692905739550587
s06T1623,0.0,0.0,0.0,0.0,0.0,0.0,0.0,0.00656913205428451,0.0041890127079267135,0.05421692794660652,0.0073575883716857126,0.0,0.05424525557844445,0.0090230190527692,0.0,0.0,0.0,0.06511092345822225,0.1833765136114898,0.0,0.3452267818859502,0.00039528913410160406,0.2491417166132437,0.021147839585275365
s07T1623,0.0,0.0,0.0,0.0,0.0,0.0,0.0,0.004814678199338833,0.0,0.06639303977814674,0.0009748825464904905,0.0,0.07098550764142107,0.032957357328638304,0.014258386020924956,0.027031023929353002,0.0,0.07670782231959264,0.05928156489778559,0.0,0.5195667474280321,0.001408840730303191,0.11287032601042829,0.012749823169544748
s08T1623,0.006782521298344314,0.43597817257335947,0.0,0.043848164596000855,0.0,0.0,0.0,0.0,0.0,0.0,0.0,0.15618957616120638,0.0,0.026230914474100333,0.0,0.0,0.3132430841021573,0.0,0.0,0.0007612633496602021,0.0,0.0,0.016966303445171232,0.0
s09T1623,0.0,0.3697589443395713,0.0,0.015289864994470855,0.0,0.0,0.0,0.0,0.0,5.5128599869059405e-05,0.0,0.1518099222045698,0.0,0.011930294710354245,0.0,0.0,0.27599597107304313,0.0,0.002056471593764864,0.0,0.0,0.0,0.10041737782950697,0.07268602465484979
s10T1623,0.0,0.07318929144622027,0.0,0.0201209285575329,0.0,0.00032447186304822523,0.0,0.0,0.0,0.0027174617855768623,0.0,0.17947655681806118,0.0,0.02853464156267345,0.0,0.0,0.2631073091450082,0.0,0.0,0.0,0.0,0.0,0.23635796644288223,0.19617137237899673
s11T1623,0.0,0.0,0.0,0.029898494026016496,0.0,0.0,0.0,0.0,0.0,0.0002003109620952521,0.0,0.2919826032961777,0.0,0.03574447942788854,0.008174914616969132,0.0,0.2705411706651136,0.0,0.008020580285771723,0.0,0.0002166547011260717,0.0003263441838348321,0.21664147039857068,0.13825297743643597
s12T1623,0.0,0.0057159232113961735,0.001125945275991095,0.018609592042067618,0.0,0.0,4.2251054984243845e-06,0.0,0.0,0.004733027912537995,0.0,0.30072710823474685,0.0,0.0069648351802509036,0.0,0.0,0.21671780607334404,0.0,0.03677829832705397,0.0,0.0,0.0,0.27984421927145825,0.12877901936565472
s13T1623,0.0,0.0014340515944278873,0.006397566651381439,0.018661487690292144,0.0,0.0,0.0,0.0,0.0,0.002864217885758175,0.0,0.31627235193410796,0.0,0.032439256351428164,0.0,0.0,0.27518896299810747,0.0,0.006479825434392169,0.0,0.0,0.0,0.24269729751251953,0.09756498194758505
s14T1623,0.0,0.006499808718468038,0.0,0.015329792163562587,0.0,0.0,0.0,0.0009557585452643119,0.0,0.016865001705310977,0.0,0.18935164362789364,0.0,0.01733700397048342,0.0,0.0,0.10704918600314285,0.0,0.042507358084952235,0.0,0.02779267443384633,0.0,0.4312008005275048,0.1451109722195708
s15T1623,0.0,0.0023920225659055812,0.0006368860235133624,0.009812538761503098,0.0,0.0,0.0,0.015010292811416165,0.0,0.1107170405635446,0.012205527040447557,0.0,0.04797213982829009,0.0,0.0,0.015177758311355464,0.0,0.03237154602065709,0.11128002295070613,0.0,0.21397904380925858,0.0,0.36717490663175706,0.06127027468164508
s02M1723,0.0,0.005422173085116363,0.0,0.0,0.0,0.0,0.0,0.0026739964928003015,0.022845135877398656,0.009343596276060549,0.0007554804639022834,0.0,0.012215400159809504,0.16675355982595216,0.005756033846710195,0.0,0.0,0.0,0.34834537155478507,0.0,0.3310950263295891,0.0,0.09479422608787587,0.0
s03M1723,0.0,0.007901709483536502,0.0005119069789339891,0.01007295976979794,0.0,0.00021335272131923767,0.0,0.0013772008537759194,0.0,0.09591457963035606,0.0012626921156998093,0.0,0.08796286750724458,0.046599305330768934,0.00435627085029787,0.07789328673977834,0.0,0.059853474040863365,0.016213955821811465,0.0,0.47810448028831054,0.0,0.11176195786750566,0.0
s04M1723,0.0,0.025765800361957646,0.0006449138769676751,0.0053119619501775526,0.0,0.0009185657455874816,0.0,0.0005031541277992899,0.0,0.06711952520182109,0.0,0.0,0.08266009776159507,0.08613436965967489,0.016436903776648266,0.040816355176426525,0.0,0.0,0.03381526451709452,0.0029233015082811703,0.3637296550308927,0.0,0.27322013130507616,0.0
s05M1723,0.0,0.016277048044108802,0.00019789647264630358,0.00642661947010756,0.0,0.005931125951109454,0.0,0.0011099016382889648,0.008170749624741992,0.053989935028337405,0.000316752106655433,0.0,0.08089757650474881,0.08432243508320429,0.00655861393152347,0.07609604458370017,0.0,0.007085014796616882,0.04585970878469904,0.0,0.4651181434325616,0.0,0.14164243454694983,0.0
s06M1723,0.03666825472340704,0.020564304879058557,0.0003613352789750884,0.001459502967524709,0.0,0.002417120277135317,0.0,0.00078257174372388,0.0,0.04109927021130364,0.0005247406949275682,0.0,0.04662375516910457,0.03452607762062378,0.00922524585614264,0.02651903874287443,0.0,0.0,0.12176662118251301,0.0052001148953402946,0.4869821809036069,0.0,0.16527986485373866,0.0
s07M1723,0.0093900000179443,0.0010347421363856388,0.0,0.007409323713465141,0.0,0.0,0.0,0.005809736474476408,0.0,0.023420836661812116,0.0,0.0,0.014678474460869964,0.12740259373354318,0.0212500101002468,0.0,0.0014177992067992721,0.0,0.27307081274165246,0.0010818288011437752,0.5063109214519058,0.0,0.007722920499755178,0.0
s08M1723,0.0,0.17837973012218264,0.02421232591061299,0.057807448006991245,0.0,0.0,0.0,0.0,0.0,0.0,0.0,0.5338948815234771,0.0,0.054448008467282524,0.0,0.0,0.13374685483986545,0.0,0.0,0.0,0.0,0.0,0.017510751129588168,0.0
s09M1723,0.0,0.0,0.019130025085756022,0.03967343386151646,0.0,0.0,0.0,0.005392450484961245,0.0,0.0,0.0,0.39481068387434176,0.0,0.022388719959641156,0.023596403271588955,0.0,0.06751277689560355,0.0,0.0,0.0,0.04128606144761753,0.0,0.30780331828531904,0.07840612683365433
s10M1723,0.0,0.0,0.0013148796604680966,0.013676581983093596,0.0,0.0,0.0,0.011174517326660803,0.0,0.0,0.0,0.10322243674209781,0.0,0.009180776073223934,0.0,0.0,0.008013832165146105,0.0,0.0,0.0,0.016649979437268016,0.0,0.7009884276798606,0.13577856893218096
s11M1723,0.0,0.014392723523295415,0.002325121107747833,0.01814920026528552,0.0,0.0,0.0,0.0,0.0,0.0020568299309854663,0.0,0.08778526199966087,0.0,0.00449335712456069,0.0,0.0,0.035274976274198025,0.0,0.0360391238536206,0.0,0.0,0.0,0.5107364608610058,0.2887469450596398
s12M1723,0.0,0.011479843313785735,0.00040488446249673654,0.008698592431209384,0.0,0.0,0.0,0.012433028416336808,0.0,0.013859692675052935,0.0045660031778497635,0.00020981989443748553,0.0,0.0,0.0,0.0,0.0,0.0,0.04552687054466566,0.0,0.03374195398595263,0.0,0.6827725737199334,0.18630673737827957
s13M1723,0.0,0.0,0.0,0.00992831218689339,0.0,0.0,0.0,0.015083755018346818,0.0,9.419633961491568e-05,0.003462540175315634,0.0885899032677993,0.0,0.012933351870018744,0.027939003487247788,0.0,0.007512153417292447,0.0,0.0,0.0,0.043478971338601506,0.0,0.6804448458659019,0.11053296703296743
s14M1723,0.0,0.010732795578191578,0.0,0.01279595555557535,0.0,0.0,0.0,0.019533630525014996,0.0,0.11900951887443059,0.007007390404504808,0.0,0.0,0.0,0.0,0.0,0.0,0.0,0.05759253560558493,0.0,0.11671823396213872,0.0,0.5108018152534871,0.14580812424107184
s15M1723,0.0,0.0008666507850495235,0.0005047728166906923,0.0036271481834110227,0.0,0.0,0.0,0.010374024914710109,0.0,0.08205263117979288,0.003257791792329389,0.0,0.03347522441335939,0.04585501008026642,0.017206948280371392,0.0,0.0,0.019088601158366192,0.2517856441015416,0.0010697138534484403,0.30104966407223005,0.0,0.19516951724851844,0.03461665711991447
s01X1723,0.01723478474414159,0.0,0.0,0.005496829367810191,0.0,0.0,0.0,0.0014445492398704595,0.0,0.009617881098213566,0.0017176826911549721,0.0,0.0288105010824169,0.13304657374876483,0.01784297691823051,0.0,0.0,0.002940903447103582,0.04633170754269661,0.0005229304902875034,0.6405902616156207,0.0,0.09440241801368865,0.0
s02T1723,0.0,0.005664857330157785,0.00032541478470990285,0.0,0.0,0.0,0.0,0.0018251162497529378,0.009830490250608883,0.06264786711333901,0.019810944349006196,0.0,0.02213298628157059,0.2541426494961254,0.010427272544331572,0.0,0.0,0.005908662517275971,0.01588263268540157,0.0,0.5002657593385409,0.0,0.09113534705917918,0.0
s03T1723,0.00770124329473916,0.011727067346442592,0.0,0.0,0.0,0.00316450900622338,0.0,0.0026690700434472384,0.00032100123869526403,0.06924882724600294,0.022600325192299948,0.0,0.02131951989689798,0.17912834127789537,0.011559072412456373,0.003557323743981918,0.0,0.007124545595849847,0.07643963472143579,0.0008083505294776914,0.46866786931582277,0.0,0.11396329913833173,0.0
s04T1723,0.0,0.001802916569076387,0.0,0.0,0.0,0.0005433704258000068,0.0,0.0,0.0066262318986334634,0.029763369278410983,0.009091710452478094,0.0,0.0,0.046348033571582764,0.0,0.0,0.0,0.0,0.3263135529719926,0.0020405589054586473,0.47473263988497155,0.0,0.10273761604159563,0.0
s05T1723,0.021676602699600627,0.015148139004224475,0.0006009223821049844,0.0,0.0,0.009129412150371512,0.0,0.0,0.021555728489998916,0.09716587982695138,0.00604316446319738,0.0,0.025247322308284942,0.0511508816730025,0.0,0.015163269303604433,0.0,0.011537790628247864,0.010441691229729827,0.0,0.3743598937382205,0.0,0.3407793021024607,0.0
s06T1723,0.011039631310539321,0.01265730989139794,0.0003711436307736676,0.0,0.0,0.004741615336620484,0.0,0.0,0.053817168808521845,0.06611785176313041,0.0018452289340202392,0.0,0.016664250550726005,0.03282521296150752,0.0,0.0032417761166594213,0.0,0.001198655178097455,0.12024066477794024,0.0,0.4456941031469449,0.0,0.22954538759312051,0.0
s08T1723,0.0,0.0,0.027697902286285492,0.05389706439743539,0.0,0.0,0.0,0.0,0.0,0.0,0.0,0.7960153533822445,0.0,0.09058768218869477,0.0,0.0,0.0,0.0,0.03180199774533977,0.0,0.0,0.0,0.0,0.0
s10T1723,0.0,0.0,0.022639980590778114,0.05486366226833306,0.0,0.0,0.0,0.0,0.0,0.0,0.0,0.8340262419428792,0.0,0.05799532087469308,0.0,0.0,0.0,0.0,0.002179990267840549,0.0,0.0024999518364589,0.0,0.025794852219017162,0.0
s11T1723,0.0,0.0,0.018133371418545655,0.05774165416288958,0.0,0.0,0.0,0.0,0.0,0.0,0.0,0.6924752566093836,0.0,0.03227252352771487,0.0,0.0,0.0,0.0,0.06980450825828156,0.0,0.02918581770970728,0.0,0.0906358469826159,0.009751021330861663
s12T1723,0.0,0.0,0.027267260211284783,0.04462141939089859,0.0,0.0,0.0,0.008463796125925165,0.0,0.0,0.0,0.5237249188989797,0.0,0.043027197113008994,0.03616283854313238,0.0,0.009450354081730694,0.0,0.0024287330292894482,0.0,0.03703165635762576,0.0,0.19649718888364298,0.0713246373644816
s13T1723,0.0,0.0,0.0,0.0011608759242733384,0.0,0.0,0.0,0.003078950752822239,0.0,0.0,0.005986051614265017,0.16554962533257198,0.0,0.029652106392606473,0.02633403565922163,0.0,0.0,0.0,0.04178963095169837,0.0,0.04202252019541752,0.0,0.48699001192972907,0.19743619124739448
s14T1723,0.0,0.004773136027984015,8.785430780826317e-05,0.007498085075912511,0.0,0.0,0.0,0.0041779222738967045,0.0,0.019626772207444496,0.013204395481604701,0.021754846410557922,0.0,0.04604237814634805,0.009313152192905457,0.0,0.0,0.0,0.29799283241374763,1.4396921117671e-06,0.15836700195168846,0.0,0.289578785711006,0.127581398106984
s15T1723,0.0,0.0029819766145322076,0.00045043805683302017,0.0010735690734013446,0.0,0.0034847536046637142,0.0,0.005389359121424154,0.0,0.1344598421153914,0.007830364087994956,0.0,0.050434080039918464,0.08212566258414976,0.0,0.016878777078515393,0.0,0.02428786493476321,0.13135671739403088,0.0,0.23069729010405257,0.0,0.2757951902623286,0.032754114928000205
s02M1823,0.0,0.009759259081101803,0.0,0.009361872579662676,0.0,0.0,0.0,0.0003305923976812012,0.005152764250133422,0.031746649012161426,0.00830877742865351,0.0,0.014714673038829916,0.2174819054943075,0.007009518602918252,0.01805001584430799,0.0,0.0,0.05489021981574706,0.000584874603639157,0.42098029913393026,0.0,0.2016285787169258,0.0
s03M1823,0.0,0.009541005842101867,0.0,0.004017174808616951,0.0,0.00030734613501939444,0.0,0.0008582310457318468,0.004566862418096931,0.04929142780448429,0.005055923524727762,0.0,0.016380879642399104,0.2452964933416458,0.007066419794142445,0.012206217257534423,0.0,0.009989592559559887,0.008419542146466237,0.0,0.5294589579339369,3.7210615647880824e-05,0.09750671512988845,0.0
s04M1823,0.0,0.012594675499078169,9.482323795541339e-05,0.0,0.0,0.002822526487916921,0.0,4.518785872217941e-05,0.0,0.07673305204620644,0.008663697826799861,0.0,0.017109685782953122,0.2017605515884008,0.008057788969802636,0.0031327553969135793,0.0,0.010941814650934545,0.019949418220417115,0.00033767303581408865,0.4944125059268048,0.0008320626700330694,0.1403257836810893,0.0021859971201579767
s05M1823,0.008140016366085169,0.014248726724847689,0.0002831562399683433,0.003450799369440616,0.0,0.0010693459342596995,0.0,0.0007884268673677121,0.0,0.04993936875173614,0.006309018685127193,0.0,0.012838609952830171,0.15476520070931485,0.0010903177306747715,0.0,0.0,0.0,0.02545460189118364,0.00017338497274074104,0.560890902464639,0.0,0.16055812333978411,0.0
s06M1823,0.04245507155912242,0.009024812508051547,0.0009071929019919931,0.0,0.0,0.0029979893891190967,0.0,0.0,0.005320394048662572,0.09202133320310601,0.005552923618797076,0.0,0.004218726019623522,0.05520046730359498,0.0,0.0,0.0,0.003736106253514242,0.0011875227617066406,0.0,0.45142336838510555,0.0,0.3259540920476044,0.0
s07M1823,0.0,0.0,0.00022653266403013157,0.0,0.0,0.010288709123367878,0.0,0.0,0.05381412342837478,0.12635615866724118,0.007890907310377381,0.0,0.018487714629118503,0.07307198840209113,0.0,0.0012268321364227095,0.0,0.024621141209374562,0.0,0.0,0.347785810897147,0.0,0.3362300815324547,0.0
s08M1823,0.0,0.05811285207286247,0.03172867680949575,0.012531927403703095,0.0,0.0,0.0,0.001900667839574387,0.0,0.0,0.0,0.6149570025998775,0.0,0.06589011482397422,0.008471827805267756,0.0,0.20538301637175538,0.0,0.0,0.0,0.0,0.0010239142734895165,0.0,0.0
s09M1823,0.0,0.0,0.05621139878317899,0.03656247597659292,0.0,0.0,0.0,0.019884299820347392,0.0,0.0020845507471281438,0.0,0.41353643223706743,0.0,0.047842653648968524,0.0,0.0,0.11608134684536488,0.0,0.0,0.0,0.0,0.0,0.1071852829026496,0.20061155903870212
s10M1823,0.0,0.001283227018878701,0.0,0.0,0.0014217620976801867,0.0,0.0,0.020273736762605844,0.0,0.00040822263830093427,0.004859134960551794,0.14827098492270574,0.0,0.011167834873052514,0.12002221269966737,0.0,0.0,0.0,0.0,0.0,0.12222343108764994,0.00016741555360631096,0.3094511605082319,0.2604508768770688
s11M1823,0.0,0.0,0.03075107646594572,0.0224507090824902,0.001081818757064521,0.0,0.0,0.029063891098040456,0.0,0.0028989813623473267,0.0,0.2846752925684606,0.0,0.030756995445499067,0.038620369902491125,0.0,0.02594459637215403,0.0,0.0,0.0,0.03828949391577953,0.0,0.23271757731190618,0.2627491977178212
s12M1823,0.01943195242218577,0.007718277539855956,0.006554322932616963,0.007239120858893638,0.0,0.0,0.0,0.00540094979118819,0.0,0.010902642774101516,0.009096543045461754,0.10449863831054915,0.0,0.0,0.0,0.0,0.019515297342150614,0.0,0.0,0.0,0.0,0.0,0.1742686569791224,0.635373598003874
s13M1823,0.015451269100943847,0.019494384629156217,0.011724661026769405,0.020160148514530834,0.0,0.0,0.0,0.02223735952946283,0.0,0.03477473749371393,0.0013554795365193465,0.060637315117536096,0.0,0.007036619719907797,0.0,0.004098959727255146,0.017504687298896763,0.0,0.0,0.0,0.0,0.0,0.1825440554355936,0.6029803228697143
s14M1823,0.015534345558100373,0.01517755802689681,0.00025514587570927774,0.0,0.0,0.0,0.0,0.0,0.0,0.02503531845544257,0.028776678905667406,0.0,0.0,0.018094091295969738,0.02401586056927571,0.009245591832900196,0.003633285034513221,0.0,0.0,0.0,0.014017919847541298,0.0,0.2850427872213687,0.5611714173766148
s15M1823,0.0,0.023838095539696885,0.0009341001340609074,0.011857832518637965,0.0,0.0010454065202697821,0.0,0.024154798252842703,0.0,0.06758352473850902,0.018418766725109028,0.0,0.014889045698782839,0.0932037183825398,0.0,0.011291537252295194,0.0013266365044848037,0.0,0.0,0.0,0.2060387119504264,0.0,0.2041180913676064,0.3212997344147384
s01X1823,0.004423935552414738,0.01573811070098081,0.0,0.0010773980998680024,0.0,0.007913982008072085,0.0,0.0,0.0,0.04018336444720132,0.01785226653728242,0.0,0.0122184465756018,0.25181975699990056,0.0,0.05713024216398702,0.0,0.0,0.03728436443669744,0.0,0.4812221409070965,0.0,0.07313599157089734,0.0
s02T1823,0.0,0.014983154601926646,0.0,0.004900300157497392,0.0,0.0256366200438876,0.0,0.0,0.0,0.14444518789001012,0.004004637683993376,0.0,0.0,0.1632999267769102,0.0,0.1708396737742218,0.0,0.0,0.0,0.0,0.3728729233942306,0.0,0.09901757567732221,0.0
s03T1823,0.0,0.01911023139328858,2.2918057248324184e-05,0.006701406009155225,0.0,0.02540880454028269,0.0,0.0,0.0008844655653528952,0.10745843499026611,0.0077838912936109604,0.0,0.009897179378070851,0.21914791715467205,0.0,0.1538785336701361,0.0,0.0,0.011397115338875618,0.0,0.29122368231732265,0.0,0.1470854202917179,0.0
s04T1823,0.0,0.01760535993816046,0.00016013877630558258,3.826723277266315e-05,0.0,0.05582905652260327,0.0,0.0,0.0,0.23660036802793,0.016160726603783572,0.0,0.0,0.07665847794792739,0.0,0.19861995644950775,0.0,0.0,0.0029703679833492608,0.0,0.2547102409402407,0.0,0.14064703957741934,0.0
s05T1823,0.0,0.01608523765276334,0.0,0.0,0.0,0.0449881135854377,0.0,0.0,0.005934836033052406,0.19646707582748502,0.015560786260366414,0.0,0.0,0.11257416939377249,0.0,0.11732308789862257,0.0,0.0,0.03602275263130415,0.0,0.2894344329862638,0.0,0.16560950773093222,0.0
s06T1823,0.0,0.015486455385635745,0.0,0.0,0.0,0.05695929871720303,0.0,0.0,0.0,0.2409447970593893,0.007330285045720206,0.0,0.004010134086607924,0.06968108988042347,0.0,0.10807521210987932,0.0,0.0,0.027447342434258698,3.369722305016423e-05,0.31806162151735146,0.0,0.1510633334018069,0.0009067331386738662
s07T1823,0.0,0.009080999610842948,9.541861350967979e-05,0.0,0.0,0.08114246715521066,0.0,0.0,0.0,0.27523110448780824,0.000715998519429682,0.0,0.0,0.08379753028331247,0.0,0.16497611350183572,0.0,0.0,0.02793873280273384,0.0,0.2640123645097886,0.0,0.09300927051552808,0.0
s08T1823,0.0,0.0050854241195369175,0.04872413170656393,0.034139357631269,0.0,0.0,0.0,0.0,0.0,0.0,0.0,0.719475632424176,0.0,0.10874669958948813,0.0,0.0,0.08382875452896603,0.0,0.0,0.0,0.0,0.0,0.0,0.0
s09T1823,0.0,0.0,0.02344868395769246,0.003442856918663689,0.0,0.0,0.0,0.0,0.0,0.0,0.0,0.8317890722566325,0.0,0.06373899342427819,0.0,0.0,0.0642605366530944,0.0,0.0,0.0,0.0,0.0,0.013319856789638797,0.0
s10T1823,0.0,0.005180974541602867,0.030403901066103658,0.02150487471197071,0.008876129214705791,0.0,0.0,0.01579961816492948,0.0,0.00018192193825050787,0.0,0.36753808165505975,0.0,0.08117027314371354,0.0,0.0,0.05992820523482836,0.0,0.0,0.0,0.0013335529103699658,0.0,0.038533649737202295,0.36954881768126296
s11T1823,0.0,0.0,0.0418426548306224,0.00911601460958447,0.003439991120618561,0.0,0.0,0.006160170257385047,0.0,0.000256283908761353,0.0,0.5199117235620707,0.0,0.056941626130596994,0.0,0.0,0.0852809813405954,0.0,0.0,0.0,0.0,0.0,0.039789860818196104,0.23726069342156897
s12T1823,0.0,0.0,0.01695035912303351,0.014748369278874476,0.010348911942709175,0.0,0.0,0.014882660589788545,0.0,0.0027841372955380896,0.0,0.3451056459855229,0.0,0.04511813716817644,0.08091056215224862,0.0,0.037023859843685836,0.0,0.004880976514530188,0.0,0.06483980352795714,0.0,0.10605402992441915,0.25635254665351587
s14T1823,0.0,0.0,0.016571819115770554,0.03927776122233386,0.0035437818784195066,0.0,0.0,0.0356841059215573,0.0,0.009344128578979122,0.0,0.27844651833865125,0.0,0.09500472739556608,0.0,0.0,0.04096890948408188,0.0,0.02668502350659519,0.0,0.14661082129121128,0.0,0.10143777945488038,0.20642462381195362
s15T1823,0.0,0.0019253353877011986,0.0,0.01432864157842063,0.0,0.008402297780047632,0.0,0.02193660285214934,0.0,0.1509623420239694,0.03727204003483448,0.0,0.013966270161427045,0.09199469929135297,0.005382714125205347,0.03508241858902275,0.0,0.009524989654862263,0.0051576541140746935,0.0,0.23164394480115094,0.0,0.14121979807188945,0.2312002515338919
s04M1923,0.0,0.0,0.0,0.002311272234544213,0.0,0.0,0.0,0.0017959929550125317,0.0,0.006128958135229575,0.0003165377843426054,0.0,0.00989606583180413,0.6379557182576125,0.0,0.0,6.133635740173776e-05,0.0,0.051584361716098,0.0,0.28717820663336047,0.002771550094594188,0.0,0.0
s05M1923,0.0,0.005319452611733906,0.0,0.007015005304963694,0.0,0.0,0.0,0.0023176025194003923,0.0,0.005040534078037869,0.0005212145688445054,0.0,0.009174587386639625,0.4712496165034245,0.0012922629117617282,0.0,0.0,0.01456668852977438,0.11560807061939743,0.0,0.3585809315327345,0.00030256310048032306,0.008639926113738108,0.00037154421906916745
s06M1923,0.0,0.0,0.0,0.0,0.0,0.0,0.0,0.0018286347086930014,0.0,0.015072445196377533,0.002228414594454755,0.0,0.0,0.32591142176374466,0.0,0.0047373920014405916,0.0006675011034288572,0.02885227820612586,0.32679256030710624,0.0,0.28319113726629325,0.0016782574431645307,0.009039957409170775,0.0
s07M1923,0.0,0.0,0.0,0.0,0.0,0.00362353891423259,0.0,0.003865515294654476,0.0,0.04995677452897056,0.0018296126159376466,0.0,0.012761734553729106,0.16581603383464863,0.010836360825467944,0.07102097172331448,0.0,0.09983732916689356,0.10667145125368692,0.0,0.4240347371341795,0.0006595446029300061,0.02629430585873312,0.022792089692621538
s08M1923,0.0,0.0,0.010381882217630038,0.0,0.0,0.0,0.0,0.0,0.0,0.0,0.0,0.854362526913582,0.0,0.04979644632388004,0.0,0.0,0.08545914454490797,0.0,0.0,0.0,0.0,0.0,0.0,0.0
s09M1923,0.002405163109218557,0.0,0.0011470230475056748,0.018527135090719744,0.017351015217378717,0.0,0.0,0.03204733833168042,0.0,0.0,0.0,0.38918020668141967,0.0,0.02765556244547113,0.0,0.0,0.0,0.0,0.0,0.0,0.08151197258145328,0.0,0.07747264055554932,0.3527019429396034
s10M1923,0.043890009819473115,0.0,0.0,0.009316879164414543,0.014711289381492871,0.0,0.00021859527308476032,0.0,0.0,0.0,0.011174897379302412,0.18536774392994546,0.0,0.014765875119780923,0.0,0.00022315719243434708,0.016563639428235036,0.0,0.0,0.00041798846455189445,0.0,0.0,0.05702621347145987,0.6463237113758248
s11M1923,0.03787425822018098,0.0,0.0,0.007844915389498563,0.015062290213179928,0.0,0.0,0.0,0.0,0.0,0.012118160812835182,0.10293879477954554,0.0,0.008726004508708644,0.0,0.0015392823496302816,0.0247408473077976,0.0,0.0,0.0004960214884078432,0.0,0.0,0.025625131100024772,0.7630342938301906
s12M1923,0.04060737494111952,0.0,0.0,0.013779535798670334,0.008070716543027498,0.0,0.0,0.055583005937251205,0.0016507545979437149,0.0002552971691108551,0.006439879040563349,0.13200204200039123,0.0,0.0,0.0,0.0,0.002532832557062829,0.0,0.007989290779841236,0.0,0.09217059440594368,0.0,0.12990483747984918,0.5090138387492253
s13M1923,0.02064269724779757,0.008155323300842725,0.0,0.017884090969411216,0.03051829177612237,0.0,0.0,0.045309183911259945,0.0,0.0038207766770396055,0.002518790207555335,0.09643944138722706,0.0,0.02043049699742186,0.00828877649774713,0.001561147371932158,0.00034105650576768154,0.0,0.038541708132592466,0.0,0.04646920069615195,0.0,0.08577630951200313,0.5733027088091278
s14M1923,0.012119676062231783,0.006958369028589761,0.0,0.009300641313962058,0.0,0.0022442152322821774,0.0,0.05708931579567687,0.0,0.01960997656172179,0.023878165810484162,0.0,0.004157099454355123,0.0,0.05364639763346934,0.0063668538770020955,0.0,0.0,0.0,0.0,0.08241245058549164,0.0,0.1526928217371407,0.5695240169075927
s15M1923,0.009399042265679643,0.0,0.0,0.0,0.006848223942188192,0.0026787324956508447,0.0,0.0,0.0,0.02465729936395177,0.04694031275480158,0.0,0.0061017878313650315,0.05790090089929565,0.026124869595779775,0.010832433466154104,0.0004367852017057583,0.0,0.0664024796988971,9.805200092780773e-05,0.1216703707510423,0.0006785097997588147,0.06105444427261109,0.5581757556601906
s02T1923,0.0,0.008949881640028046,0.0,0.004093020669300137,0.0,0.0,0.0,0.001884439289704282,0.002827824045603172,0.01770629952800952,0.0018995867824734202,0.0,0.002226431103084153,0.4599860276456074,0.0022787732124029242,0.018860492284522624,0.0015645828342204478,0.06588328550176295,0.002211096782755808,0.0,0.3742644086260564,0.0026733907740919866,0.024046268264847657,0.008644191015529086
s03T1923,0.0,0.023569187255189358,0.0,0.0,0.0,0.0,0.0,0.0055602746145223285,0.037992414401961994,0.015139070288777246,0.0016324344664030883,0.0,0.0007977147289879842,0.46900198396889536,0.0,0.0,0.034314220808854094,0.017845705336164766,4.766634487123104e-05,0.0,0.2906196016451511,0.0032396088657365802,0.09148713000672057,0.008752987267764278
s04T1923,0.0,0.007695176687338679,0.0,0.0,0.0,0.0,0.0,0.0034897418243087356,0.0,0.018921468880640953,0.0010022421157624777,0.0022565978395642093,0.003516979434221745,0.6141612579441202,0.00297592582795504,0.0,0.0,0.04214734685763333,0.0,0.0,0.29290139108010166,0.0027003597179780497,0.0014157170031768136,0.0068157947871981825
s05T1923,0.0,0.009162929724254955,0.0,0.008670543413822914,0.0,0.0,0.0,0.002148566946985318,0.004771829646406931,0.020453892592323237,0.0046129014075577054,0.0,0.012815023789124433,0.33563681892735286,0.0,0.002777151772625391,0.0,0.09837376822859045,0.0,0.0,0.46753156716189026,0.0015556609063260393,0.02302986606981885,0.008459479412920527
s06T1923,0.0,0.003915128124305661,0.0,0.002695210638853878,0.0,0.0,0.0,0.003360906335378524,0.011188405311136778,0.01467929822406449,0.0015677215407358172,0.0,0.0004089870780245649,0.3088048657309507,0.0,0.03529011503109899,0.0,0.04311456055368642,0.0,0.0,0.5591423687164204,0.0003501978886791107,0.015482234826664736,0.0
s07T1923,0.0,0.0,0.0,0.0,0.0,0.0,0.0,0.0041446813223256955,0.0,0.027528824136244186,0.016915980992291038,0.0,0.010888170775963888,0.44314660716231574,0.006629994055636196,0.008317887652184695,0.0,0.08008591073950692,0.002194419178491273,0.0,0.29631663888714793,0.005251909882178804,0.031511904546609015,0.06706707066910461
s08T1923,0.0,0.0,0.029976719625327962,0.0,0.0,0.0,0.0,0.0,0.0,0.0,0.0,0.8671228430408985,0.0,0.07156454969490778,0.0,0.0,0.03133588763886566,0.0,0.0,0.0,0.0,0.0,0.0,0.0
s09T1923,0.0,0.0,0.01176366234597907,0.0020278462764491342,0.010043429980278315,0.0,0.0,0.023194086402516596,0.0,0.0,0.0,0.6392790232045363,0.0,0.05143987826604785,0.0,0.0,0.005721357296988091,0.0,0.0,0.0,0.0,0.0,0.12266081516235508,0.13386990106484947
s10T1923,0.0,0.0,0.0,0.010328405857600814,0.009275858570466823,0.0,0.0,0.022463860224498547,0.0,0.0,0.009765952412931295,0.2616369013814347,0.0,0.028758933528984443,0.0,0.0,0.0,0.0,0.0,0.0,0.0,0.0,0.19544603623525314,0.4623240517888301
s11T1923,0.0,0.0,0.0,0.007430763326910583,0.017122337029728592,0.0,0.0,0.018464584154278738,0.0,0.0,0.00529568556939953,0.2855947275036341,0.0012316657334853589,0.059934553002926806,0.0,0.0,0.0,0.0,0.0,0.0,0.06271582380530398,0.0,0.26238564657202745,0.2798242133023048
s12T1923,0.021069916205990438,0.0030625854200226205,0.0,0.0,0.0,0.000134354175524387,0.0,0.0,0.0,0.0003921530064299947,0.022367177528587714,0.0,0.0,0.0,0.0,0.00381386326949113,0.022689943511079346,0.0,0.0,0.0005627115279941959,0.0,0.0,0.0,0.9259072953548801
s13T1923,0.018786523861618432,0.004229074975989585,0.0,0.0,0.0009458417085264261,0.0007829774701597563,0.0,0.0,0.0,0.002794576507104175,0.0333621306381775,0.022098844919764264,0.0,0.015746102777812656,0.0,0.0025952255722762247,0.023320511360059443,0.0,0.0,0.0007065685163209741,0.0,0.0,0.0,0.8746316216921906
s14T1923,0.0,0.0,0.0,0.0,0.0,0.004361117027310555,0.0,0.030602988612445925,0.0,0.04035597733330601,0.06273696587844456,0.0,0.0048395784388783865,0.04521591124861178,0.0834600291711529,0.0,0.0,0.0048131280933170015,0.006400481521806034,0.0,0.2594902895248762,0.0,0.06685799655787765,0.39086553659197304
s15T1923,0.0,0.0,0.0,0.003413962779954994,0.0,0.005311561894858269,0.0,0.024393941716260793,0.0,0.09239973135661227,0.041703755503950383,0.0,0.016728371283868348,0.1556032780707884,0.017557701993691333,0.01464306369817434,0.0,0.05750965227891097,0.0055955139912538384,0.0,0.3040416727419923,0.0,0.05169191714955657,0.20940587554012727
s05M2023,0.0,0.008196143491083234,6.812487531742549e-05,0.007986972854746671,0.0,0.012700675769296546,0.0,0.000951592081150412,0.09197976856516946,0.028880014754640637,0.00042048286557399504,0.0,0.0,0.05080365013020825,0.0,0.14246401703718176,0.0,0.0,0.0,0.0,0.6555312017984722,1.735577715932089e-05,0.0,0.0
s06M2023,0.0,0.012723141167624588,0.0,0.005837319198299699,0.0,0.019854391490471683,0.0,0.005809986856274236,0.009974555965169135,0.06088846462273759,0.010300459440913201,0.0,0.0,0.27456761294681176,0.0052912785287099,0.05909291588401058,0.0,0.043268712035671286,0.0,0.0,0.4555298068151661,0.0,0.02380845415068442,0.013052900897455809
s07M2023,0.0,0.009395888450996303,0.0,0.0005212630494562068,0.0,0.009341331524711,0.0,0.003414482021243011,0.0,0.027969104028401318,0.010216620805228022,0.0,0.0,0.4269907061203187,0.007553873497647782,0.07416131170440488,0.0,0.04490404036412016,0.0,0.0,0.33345964779312065,0.00102396148896232,0.014870189853685977,0.0361775792977036
s08M2023,0.0,0.0,0.3083067164522972,0.03619831036846812,0.0,0.0,0.0,0.0,0.0,0.0,0.0,0.6230119140970558,0.0,0.0324830590821791,0.0,0.0,0.0,0.0,0.0,0.0,0.0,0.0,0.0,0.0
s09M2023,0.0,0.0,0.1673393649344598,0.019419456539131543,0.0,0.0,0.0,0.01696079070980933,0.0,0.0,0.0,0.37608498046038275,0.0,0.018093939888239007,0.0,0.0,0.0,0.0,0.0,0.0,0.0,0.0,0.0,0.4021014674679775
s10M2023,0.0007669280948812258,0.0017177541742843857,0.0,0.0,0.0194852987939899,0.0,0.0,0.015194612534741221,0.0,0.0,0.008527580064481746,0.13331947966878313,0.0,0.009593201217527983,0.014544730161655667,0.0017930130351746845,0.0017577465960740292,0.0,0.0,0.0,0.0,0.010849650061266715,0.0,0.7824500055971393
s11M2023,0.004166151465040227,0.011463836017692118,0.0,0.0,0.03751006510884017,0.0,0.0,0.05075880096159182,0.0,0.000787747979195975,0.0018944268012464221,0.0957525358284545,0.0,0.015353948595790689,0.06940970177644125,0.0028715968860087075,0.0,0.0,0.0,0.0,0.0,0.002604909011899134,0.0,0.7074262795677989
s12M2023,0.0,0.0014329000509262035,0.0,0.0,0.015130717595923762,0.0,0.0,0.05860552426017302,0.0,0.0248769363475197,0.01769656615744827,0.0,0.0,0.022526354602337952,0.1709038881880131,0.0007985828151313007,0.0,0.0,0.0,0.0,0.11405783676641268,0.0,0.0043605050531818805,0.5696101881629322
s13M2023,0.0,0.0038061616044795317,0.0,0.0,0.010781163264761133,0.0,0.0,0.07479841888402246,0.0,0.037931347257312086,0.013414087247944819,0.013155218317294045,0.0,0.019806910788510594,0.1988049691666998,0.0,0.0,0.0,0.0,0.0,0.14593323834389577,0.0003636209350169001,0.0,0.48120486419006286
s14M2023,0.0,0.16608188231973697,0.10969386071437426,0.0,0.0018165915763283353,0.007615978345856577,0.0,0.04948891722041738,0.0,0.03936821639262576,0.05203760018566879,0.02163166480820707,0.0,0.02159359452860863,0.00865781852260342,0.014259931767048392,0.03143756082241707,0.00015309144999824277,0.0,0.0,0.07398598348261164,0.0,0.08425995216907593,0.31791735569442153
s15M2023,0.0,0.0027624562766694616,0.0,0.0,0.0,0.018762619641006208,0.0,0.012976828971619508,0.0,0.07825852166510375,0.048845074901992726,0.0,0.014999653722323128,0.2409086863872782,0.022451404355117065,0.02220838399272572,0.0,0.16278585926851616,0.0,0.0,0.1994482770081256,0.0006872684707881098,0.02783714738058285,0.14706781795815146
s01X2023,0.0,0.0,0.0,0.0,0.0,0.014976499773184633,0.0,0.0,0.0,0.03466152644794132,0.0045507543335571105,0.006579964401868344,0.0,0.3992615239606426,0.0,0.09958613394121253,0.0,0.1746241464383747,0.0,0.0,0.2597304836430685,0.0006581715898137997,0.00537079547033644,0.0
