,0,1,2,3,4,5,6,7,8,9,10,11,12,13,14,15,16,17,18,19,20,21,22,23,24,25,26
s02T1622,0.2697613079457854,0.0,0.0,0.0,0.0,0.009220846226627468,0.0,0.0,0.0,0.15605084607494976,0.0,0.0,0.025487466161906697,0.006130728049706011,0.0,0.2639183524308684,0.0,0.20155754333937118,0.0,0.0,0.0443892071430908,0.0,0.0,0.023483702627694215,0.0,0.0,0.0
s03T1622,0.3650580519541404,0.0,0.0,0.0,0.0,0.008093267506181518,0.0,0.0,0.0,0.10034107651168624,0.0,0.0,0.04292270331294699,0.009599394564885632,0.0,0.16205666765107835,0.0,0.20864241514028858,0.0,0.0,0.05809975514041471,0.0,0.010606095471076507,0.03323769415016028,0.0013428785971408652,0.0,0.0
s04T1622,0.4451615891474088,0.0,0.0,0.0,0.0,0.0039965661160197485,0.0,0.0005653272781045555,0.0,0.07815510895093583,0.0,0.0,0.029436499437938513,0.0070034978501886235,0.0,0.2162837612447723,0.0,0.11332935279860055,0.0,0.0,0.06275081567586208,0.0,0.0,0.04313718738542186,0.00018029411474710437,0.0,0.0
s05T1622,0.368839290894802,0.0,0.0,0.0,0.0,0.007115451106081981,0.0,0.0012581625280146092,0.0,0.0952960830351645,0.002204913048751685,0.0,0.024332005757788898,0.0059002155199818765,0.0,0.184319506570497,0.0,0.1634245192948812,0.0,0.0,0.10578062284723477,0.0,0.0,0.03997137433730178,0.0,0.0015578550594996978,0.0
s06T1622,0.408391496501817,0.0,0.0,0.0,0.0,0.0010728840720655914,0.0,0.0,0.0,0.03729403600182197,0.005476611834312481,0.0,0.05126621612358029,0.03081586701053882,0.0,0.09537800494007881,0.0,0.20099857512699276,0.0036392587570826494,0.0,0.08897243091676886,0.0,0.030937205687081137,0.042053410538548774,0.0011978366547962165,0.0025061658345146504,0.0
s07T1622,0.5641867316493753,0.0,0.0,0.0,0.0,0.0,0.0,0.0,0.0,0.01818087670782905,0.002719916261538255,0.0,0.07500402735377043,0.016123081695220393,0.0,0.03217284993791876,0.0,0.16471974928219882,0.002895624492760215,0.0,0.03892822273927885,0.0,0.0,0.07603831336272954,0.003713731212412356,0.005316875304967861,0.0
s08T1622,0.0,0.580447527891406,0.0,0.014886783181916698,0.0,0.0,0.0,0.0,0.0,0.0,0.0,0.17699954603480395,0.0,0.011188272199213126,0.0063014177784287565,0.0,0.1619167983872719,0.0,0.0,0.0,0.03274137475219364,0.0,0.0,0.0,0.0,0.0,0.015518279774766067
s09T1622,0.03255521404467936,0.4505352495371699,0.00853768283301993,0.004638257629174431,0.0,0.0,0.0,0.0024743921534111277,0.014260648239618954,0.0009958089800625655,0.0,0.14602037528861594,0.0,0.013351483464228004,0.05340138299927233,0.0,0.1772418449338594,0.0,0.0,0.0,0.07112210359688004,0.0,0.0,0.024865556300007863,0.0,0.0,0.0
s10T1622,0.1261699914629424,0.09767591270488447,0.003965292373988417,0.0,0.0,0.0010105722557024696,0.0005353532564166144,0.014501235052096616,0.18370557169178614,0.005196389679336582,0.0,0.13809645907067797,0.0,0.011643713154010242,0.012950071170148654,0.0,0.13917783117452176,0.0,0.0,0.0,0.20803845793263942,0.00028572715460190154,0.0,0.0570474218662464,0.0,0.0,0.0
s11T1622,0.1350814334179465,0.0,0.009520488172609793,0.018868299606503887,0.0,0.0,0.0,0.026536687426996424,0.04130367244897721,0.0027374833945328493,0.0,0.25042482902917557,0.0,0.016255022634331488,0.010333860132549263,0.0,0.1190770007736614,0.0,0.0,0.0,0.27587530125737375,0.0,0.0,0.09398592170534188,0.0,0.0,0.0
s12T1622,0.22494420173919544,0.00426221777989896,0.0,0.0,0.0,0.0,0.0,0.05164927179288811,0.05690474599218835,0.00766571885275937,0.0,0.029932741155216994,0.0,0.0,0.018029133085232872,0.0,0.013170701737385408,0.0,0.0,0.0,0.40807620681296863,0.0,0.0,0.18536506105226594,0.0,0.0,0.0
s13T1622,0.22728859426131243,0.046481319849426134,0.0,0.0,0.0,0.003709639970674909,0.00036546665646288953,0.051176413648547164,0.10451806726634973,0.01862312047233652,0.0009582904977329996,0.019488960562694856,0.0,0.0,0.0,0.0,0.019869595343729275,0.0,0.0,0.0,0.34838184931600985,0.0,0.0,0.1591386821547232,0.0,0.0,0.0
s14T1622,0.2728422842450991,0.013735833914406241,0.0,0.0,0.0,0.00405755386885861,0.0,0.043405997312668476,0.04490023515988059,0.035140606039681534,0.011083317193219821,0.0,0.0,0.0,0.0,0.0,0.007141754071319887,0.0,0.0,0.0,0.39861323170661817,0.0,0.0,0.16907918648824763,0.0,0.0,0.0
s15T1622,0.3635947144840597,0.0015784970550246286,0.0004112838406630912,0.0,0.0,0.0013484641519686735,0.0,0.02355383229942075,0.0017981046156599087,0.06105445078063138,0.01730441971327817,0.0,0.01699618153355837,0.007957439124550195,0.0,0.04182028272683668,0.0,0.06171804628915752,0.0,0.0,0.28976763339228806,0.0,0.0,0.1110966499929029,0.0,0.0,0.0
s02M1722,0.3767476809887616,0.0,0.0,0.0,0.0,0.020535856773148387,0.0,0.0,0.0,0.1243802657222502,0.0,0.0,0.04928449625630069,0.0,0.0,0.20667878138588197,0.0012844317731105297,0.13408127283559654,0.011120412899023671,0.0,0.04787291859578507,0.0,0.0,0.028013882770141326,0.0,0.0,0.0
s03M1722,0.3279658982356756,0.0,0.0,0.0,0.0,0.016902313937384335,0.0,0.0,0.0,0.12712345353046714,0.00035093813052711176,0.0,0.031867140380035915,0.009888667484857954,0.0,0.20226941494798698,0.0,0.15470026019333835,0.02903954681955857,0.0,0.05626888795051706,0.0,0.015155228535290511,0.0284682498543604,0.0,0.0,0.0
s04M1722,0.4251698946790085,0.0,0.0,0.0,0.0,0.01192490176998389,0.0,0.003525602822326945,0.0,0.07644403661182929,0.0020918516742328436,0.0,0.018410156628206418,0.00432950267830453,0.0,0.1644123385098376,0.0,0.13232795600063335,0.026960329202671617,0.0,0.0783712037033696,0.0,0.013497598996989388,0.04253462672260605,0.0,0.0,0.0
s05M1722,0.3499521218277398,0.0,0.0,0.0,0.0,0.010494302481814625,0.0,0.0015103193108067052,0.0,0.048247340058115346,0.0,0.0,0.03348063946285833,0.006323138200541032,0.0,0.1423715284788643,0.0,0.11261917437449971,0.1573604568193389,0.0,0.06015796844218592,0.0,0.024141244869437802,0.05334176567379752,0.0,0.0,0.0
s06M1722,0.34019308832646283,0.0,0.0,0.0,0.0,0.0029141932597295784,0.0,0.001472156971613835,0.0,0.03343635918517405,0.000910760465850729,0.0,0.03314090750788123,0.010742999711045463,0.0,0.09259059196533266,0.0,0.14157460726328894,0.180940035575781,0.0,0.04108742852815656,0.0,0.06686385150844362,0.05396869902172407,0.00016432070951538782,0.0,0.0
s07M1722,0.44475490649533844,0.0,0.0,0.0,0.0,0.008579150839178694,0.0,0.005025401872955353,0.0,0.025393945671067033,0.005736307041132975,0.0,0.06193843693377359,0.037510329279413696,0.0,0.031170121305637562,0.0,0.12441667144912773,0.09423221685743095,0.0,0.060321445121331196,0.0,0.02417924738167173,0.07565923583229421,0.0010825839196468355,0.0,0.0
s08M1722,0.0,0.37254285538841214,0.024766021193627415,0.07104549620455979,0.0,0.0,0.0,0.0,0.0,0.0,0.0,0.30514151586857996,0.0,0.02197401395117918,0.0,0.0,0.16118578626551586,0.0,0.008046085667547099,0.0,0.03418111764819182,0.0,0.001117107812386895,0.0,0.0,0.0,0.0
s09M1722,0.12365133748010204,0.0,0.0032098729209997273,0.017015023929663038,0.0,0.0,0.0,0.035558673026872635,0.014830339815580084,0.002401040257462744,0.0,0.24444357670083852,0.0,0.007125945241586727,0.0,0.0,0.05213246335370563,0.0,0.057033476077835,0.0,0.2806383235016626,0.0,0.004640940828462275,0.157318986865229,0.0,0.0,0.0
s10M1722,0.2271264342390698,0.018600194416919017,0.004775118294435262,0.00015666996756329035,0.0,0.002264739715284421,0.0,0.05337917017683412,0.017706595163284083,0.009052125608149069,0.0,0.16926358904407054,0.0,0.0,0.0,0.0,0.03116038198318451,0.0,0.0,0.0,0.2781379535261713,7.016846510174131e-05,0.0,0.18830685939993289,0.0,0.0,0.0
s11M1722,0.1579541985213938,0.0,0.0,0.00647748276701918,0.0,0.0,0.0,0.02671444033706416,0.009365151443078914,0.0013021814859595466,0.0,0.30441703693884964,0.0,0.008203630478698862,0.01830129584481086,0.0,0.03566555012244584,0.0,0.059669860304360195,0.0,0.24001008748558397,0.0,0.0077673110572959595,0.12415177321343893,0.0,0.0,0.0
s12M1722,0.15462518096290143,0.0,0.0,0.0,0.0,0.0,0.0,0.024663450733193062,0.0,0.0032420781631710043,0.0,0.16946417273471637,0.0,0.003820702864682701,0.11397637539342856,0.0,0.02603120828686714,0.0,0.0,0.0,0.25623454970885134,0.0,0.0,0.2470150532006717,0.0,0.0009272279515166202,0.0
s13M1722,0.12634813965396494,0.0,0.0,0.0,0.0,0.0,0.0,0.02250820412172037,0.0,0.0026152118160064778,0.0,0.22214338215933316,0.0,0.009961099453130168,0.07658129387908909,0.0,0.0320876468400209,0.0,0.0,0.0,0.25553554525541927,0.0,0.0,0.2522194768213156,0.0,0.0,0.0
s14M1722,0.2801145059574413,0.0,0.0,0.0,0.0,0.00013504282854945885,0.0,0.032336106949900675,0.006807823241801826,0.00929921801049358,0.006686676538211949,0.055612348083910926,0.0,0.0,0.04250235658278189,0.0,0.006757552734917013,0.00030674823397901674,0.0,0.0,0.2895757544922985,0.0,0.0,0.26717622979912053,0.0003678366778143564,0.002321799868779049,0.0
s15M1722,0.366607547475828,0.0,0.0,0.0001816386545727288,0.0,0.006843917532138833,0.0,0.01958128555880764,0.0022660594635347735,0.025143669590609596,0.025662823241759457,0.0,0.02809796855318354,0.006049365154998949,0.0,0.010123106231430277,0.0012169642851679579,0.04587418506752637,0.0,0.0,0.259456548860305,0.0,0.0,0.19806219485270196,0.0,0.0048327254774349045,0.0
s01X1722,0.5979514597367714,0.001129310034103366,0.0,0.0,0.0,0.0,0.0,0.0032026641447040266,0.0,0.006940661846325535,0.0004870389382767346,0.0,0.07053916115353677,0.1043220402182139,0.01117007322618995,0.0,0.0,0.08885986353868544,0.006009524686123192,0.0,0.016592222899258578,0.0,0.0,0.07898467673884557,0.0081377710667986,0.005673531772166806,0.0
s02T1722,0.5502333136935006,0.013367698698634006,0.0,0.0,0.0,0.001904315296519555,0.0,0.002857906027586493,0.0,0.03189601171317636,0.00012539696502659358,0.0,0.04901822725291618,0.08057083147812114,0.0031744304105291877,0.0725270684991411,0.0019462391784814072,0.0861349810893654,0.0,0.0,0.06186303324897245,0.0,0.0,0.04292106248499388,6.274403238749515e-05,0.0013967399306479733,0.0
s03T1722,0.624434142338458,0.004770807794561615,0.0,0.0,0.0,0.00130751579553543,0.0,0.002243696156404997,0.0,0.013206681440234626,0.0010103804434536206,0.0,0.054969105508016446,0.10007560680001504,0.0071214270873159935,0.035254714090531734,0.0,0.06556153575122849,0.0,0.0,0.048080756713739244,0.0,0.003330417489389677,0.03638206753388975,0.0017090175186685623,0.0005421275385568131,0.0
s04T1722,0.5419903932932846,0.004866982431554698,6.980167421237337e-05,0.0,0.0,0.003493256983364478,0.0,0.00032559588152940473,0.0,0.06420330609062122,0.00040995478159664296,0.0,0.022641318168923365,0.017550190126942408,0.0,0.12520118149714676,0.0,0.05887551404814911,0.04049278565587807,0.0,0.08173073034584052,0.0,0.0,0.037556725400932654,0.0,0.0005922636200236795,0.0
s05T1722,0.5928069860409674,0.0020189314290157373,2.1772132227718864e-05,0.0017142352585956871,0.0,4.61239889829085e-05,0.0,0.000295354558093985,0.0,0.03626393393855569,0.0,0.0,0.02604393456383718,0.028966929622277583,0.0,0.12719415502589668,0.0,0.05038799649707479,0.03568861734116644,0.0,0.05853046738614189,0.0,0.0024625410584447334,0.03670207830101935,0.0,0.0008559428577022582,0.0
s06T1722,0.5570469916602121,0.003324232650312979,3.0575377364364466e-05,0.0,0.0,0.0013100343211117564,0.0,0.0009216554958194097,0.0,0.0611314823932262,0.0,0.0,0.009043248706388129,0.0034808753452483447,0.0,0.08602981168165344,0.0,0.03564962513897318,0.11758127689836176,0.0,0.05675226248577892,0.0,0.031317480376395826,0.03638044746915374,0.0,0.0,0.0
s07T1722,0.6311039078430407,0.00019048441546858642,0.0,0.0026914868437367344,0.005787141642032248,0.0,0.0,0.004497139837412589,0.0,5.256346911867814e-05,0.002540431119967737,0.0,0.027868024918109326,0.10126258044684495,0.006014120170959254,0.0,0.0,0.0262660837716832,0.06777978296817877,0.0,0.04258005041320574,0.0,0.0,0.07660761628141674,0.0024986659471151196,0.002259919911709599,0.0
s08T1722,0.0,0.10121010508840816,0.08691784978358293,0.12763623316089706,0.0,0.0,0.0,0.0,0.0,0.0,0.0,0.5416739255354693,0.0,0.029767910087368475,0.0,0.0,0.09446214422184279,0.0,0.0,9.623963265559521e-05,0.018235592489775805,0.0,0.0,0.0,0.0,0.0,0.0
s09T1722,0.0,0.10196554338763476,0.05405168719363279,0.09202911407571071,0.0,0.0,0.0,0.0,0.0,0.0,0.0,0.4985520354453388,0.0,0.011025544925185015,0.0,0.0,0.08823274524513607,0.0,0.06693152766250368,0.0,0.06368425736575506,0.0,0.0,0.023527544699103113,0.0,0.0,0.0
s10T1722,0.0,0.0,0.019864843387778282,0.009378139359872856,0.0,0.0,0.0,0.0,0.01978767647256667,0.002654271525896318,0.0,0.3622058550678364,0.0,0.022484554424873987,0.0,0.0,0.051877258352166535,0.0,0.049871045966008054,0.0,0.20698351114363522,0.0,0.0,0.2548928442993658,0.0,0.0,0.0
s11T1722,0.0,0.0,0.028561537990205197,0.024856941838277056,0.0,0.0,0.0,0.0,0.009354332426153278,0.0003736609818119187,0.0,0.3648633444888107,0.0,0.020418787679384962,0.0,0.0,0.050814015602738315,0.0,0.05215256868512569,0.0,0.20906125627730918,0.0,0.0,0.23954355403018374,0.0,0.0,0.0
s12T1722,0.0,0.0,0.0,0.0,0.0,0.0,4.440163696834041e-05,0.004970971742471238,0.018131152950608104,0.003789219817674277,0.0,0.1941230827634786,0.0,0.0,0.055971400210635125,0.0,0.010884574111647387,0.0,0.04621976858915579,0.0,0.270532265266555,0.00015423676620283412,0.0,0.39517892614460326,0.0,0.0,0.0
s13T1722,0.1320145393097949,0.005735798372466372,0.0,0.0,0.0,0.00462851451109967,0.0,0.037877884435073915,0.0,0.03937017076086419,0.0,0.12870897020084837,0.0,0.012724908514365186,0.10084992437656677,0.0,0.00451391129164298,0.0,0.10701765101820977,0.0,0.14446952883797187,0.0,0.0,0.28182854690043174,0.000259651470664234,0.0,0.0
s14T1722,0.15940147496944282,0.0,0.0,0.0005531456376326111,0.008156877855264531,0.0004716540463118384,0.0,0.000957543998942614,0.004194069594902726,0.0058022389060878995,0.014960091518475596,0.02310459958587125,0.005184385317940077,0.0,0.0,0.0,0.00025673136412279166,0.0,0.13435108706350812,0.0,0.23554762614556943,0.0,0.0,0.40426727998586287,0.0,0.0027911940100649743,0.0
s15T1722,0.4935834001155852,0.0,0.0,0.001663812150637914,0.0,0.0,0.0,0.013959035850897647,0.0,0.01852429565034888,0.02116356049293649,0.0,0.03709701345270811,0.0598753752964502,0.0,0.0005455889744883067,0.0,0.04761974514076856,0.0,0.0,0.14120860347681227,0.0,0.0,0.16167315039881092,0.000758018948132859,0.002328400051422541,0.0
s02M1822,0.6621010236724582,0.012365132203157153,0.0,0.010589986971071667,0.0,0.0,0.0,0.002565326425879442,0.0,0.0016931076007183677,0.0,0.0,0.01730704892738431,0.19847005386675456,0.0,0.0,0.0,0.002897832151787684,0.0,0.00013144790659479607,0.03147893606987882,0.0,0.0,0.06040010420431503,0.0,0.0,0.0
s03M1822,0.6421048503057006,0.021539785865734545,0.0,0.006717756899800836,0.0,0.0006935769788792296,0.0,0.0016190540104582516,0.0,0.04302622341244237,0.00036243283457112856,0.0,0.02194672859451928,0.10152945565838352,0.0,0.021237226692999777,0.0,0.01016506110868355,0.0,0.0,0.06644949914985379,0.0,0.0030228811429628176,0.059585467345010204,0.0,0.0,0.0
s04M1822,0.5768608314810217,0.015624760072885704,0.0,0.0037063474414759197,0.0,0.0021917778253877796,0.0,0.0031331776868275332,0.0,0.03303047329473888,0.0,0.0,0.004009267826312531,0.17582727021649422,0.0,0.032193991943464575,0.0,0.0,0.09237409644751811,0.0,0.018206005574804625,0.0,0.005399811774347208,0.0374421884147212,0.0,0.0,0.0
s05M1822,0.5380572127409283,0.01962400049775711,0.0,0.007721339360743785,0.0,0.011096773009260003,0.0,0.0,0.0,0.11794739415239244,0.0,0.0,0.03375868830458663,0.027456753318315878,0.0,0.12678519679333636,0.0,0.0,0.020959184541357864,0.0,0.06260145753307507,0.0,0.005369288916301985,0.0286227108319446,0.0,0.0,0.0
s06M1822,0.3379010417342708,0.010690764657389903,0.0,0.00018367265096912134,0.0,0.0027490946813113776,0.0,0.0,0.0,0.26616211401051754,0.0,0.0,0.020939449094317567,0.04642819395716835,0.0,0.0799702415889567,0.0,0.0,0.10317526735383416,0.0,0.083460242950964,0.0,0.023754781408731464,0.024585135911569148,0.0,0.0,0.0
s07M1822,0.4424895959340974,0.016986121875607066,0.0,0.005124033897794777,0.0,0.010254374799824587,0.0,0.0016883803824497478,0.0,0.20219356008719255,0.0,0.0,0.033711929970788236,0.12446931544569585,0.0,0.02626807105313985,0.0,0.00033324584945826797,0.02034620998102029,0.0,0.06013717101050708,0.0,0.0,0.055997989712424236,0.0,0.0,0.0
s08M1822,0.0,0.1691736276179868,0.10016164340805922,0.1051690126918683,0.0,0.0,0.0,0.0,0.0,0.0,0.0,0.42652985234348123,0.0,0.022679691248004275,0.0,0.0,0.04454955730243057,0.0,0.11085776874850123,0.0,0.00808529638460936,0.0,0.012793550255059018,0.0,0.0,0.0,0.0
s09M1822,0.0,0.0731310207587606,0.058334035252442386,0.07194101736532649,0.0,0.0,0.0,0.0,0.0,0.0,0.0,0.5035009239303242,0.0,0.02399842921036454,0.0,0.0,0.061706440101323465,0.0,0.1113134349640694,0.0,0.06634697798170941,0.0,0.010401340644229139,0.01932637979145038,0.0,0.0,0.0
s10M1822,0.0,0.0,0.06681730765776406,0.04930822281365656,0.0,0.0,0.0,0.0,0.004655686621122341,0.0,0.0,0.3571907353341128,0.0,0.03626065921388748,0.02106957163577625,0.0,0.03882998361518087,0.0,0.2604654347278321,0.0,0.05938513086189961,0.0,0.023440238690861016,0.08257702882790674,0.0,0.0,0.0
s11M1822,0.0,0.06005775074787857,0.0574940578926081,0.030615643891818423,0.0,0.0,0.0,0.0011693745044040285,0.053175477951083634,0.007123525721852926,0.0,0.39052495976620466,0.0,0.017198848603326784,0.0,0.0,0.04693779973525021,0.0,0.07053331882551725,0.0,0.09001428662977835,0.0,0.009666283225872891,0.16548867250440416,0.0,0.0,0.0
s12M1822,0.0,0.0,0.01943370179881733,0.025203160801313323,0.0,0.0,0.0,0.0,0.004904256234291216,0.0,0.0,0.48444736408610783,0.0,0.040920440480530576,0.07619398755758561,0.0,0.02798757272224816,0.0,0.0,0.0,0.12045125277794783,0.0,0.0,0.20045826354115806,0.0,0.0,0.0
s13M1822,0.0,0.0,0.03535323403074718,0.020000165420637293,0.0,0.0,0.0,0.0023806727550244565,0.018317518672345434,0.0033054071057668217,0.0,0.39498991695115354,0.0,0.042777306560617324,0.07456808949822988,0.0,0.029372850018114804,0.0,0.0,0.0,0.1323929601305875,0.0,0.0,0.24654187885677575,0.0,0.0,0.0
s14M1822,0.03980613585091353,0.0,0.0,0.00849140681348955,0.019522495513198578,0.0,0.0,0.0,0.009633078781392421,0.00042162393941974234,0.009581556624186967,0.14141182579159137,0.004190690159534835,0.009614941587814556,0.0,0.0,0.0072678400999732235,0.0,0.0,2.6279587184226833e-05,0.17083813134040168,0.0,0.0,0.5774109661866292,0.0,0.0008548324792776248,0.0009281952449924703
s15M1822,0.25034780751811636,0.0,0.0,0.0017157567878927523,0.00036988239378164876,0.0021878937025470216,0.0,0.025185463429419023,0.0,0.06823616610606521,0.04010117782526179,0.0,0.013507505834956565,0.05393447356439382,0.0,0.0,0.0,0.018667993037412692,0.0,0.0,0.132869766800238,0.0,0.0,0.39099035664700976,0.0005604969878019471,0.0013252593651034764,0.0
s01X1822,0.5746174102682791,0.02025203244139558,0.0,0.006021163080059606,0.0,0.0004569230398952786,0.0,0.0022697246769645785,0.0,0.02961839899548647,0.0,0.0,0.02153444702135445,0.18608253736610234,0.0006778285762304591,0.005180331711510003,0.0,0.007501015690346678,0.01797034911228419,0.0,0.0458436096383209,0.0,0.0,0.0816124968762345,0.0003617315055357871,0.0,0.0
s02T1822,0.5126439394606713,0.009463633730921697,0.0,0.0,0.0,0.0,0.0,0.0008284228641282764,0.0,0.05808037127462095,0.0,0.0,0.020430496929765396,0.22074037770695493,0.0,0.051110695090865146,0.0,0.03326092664681467,0.0,0.0,0.04988079764105285,0.0,0.0,0.043560338654204875,0.0,0.0,0.0
s03T1822,0.47389334734057986,0.01578561778947477,0.0,0.0,0.0,0.0022630636709077222,0.0,0.0,0.0,0.04957163506940143,0.0,0.0,0.009270273759352184,0.1476574549580375,0.0,0.09536611004713157,0.0018756717931640824,0.01549687024107445,0.0,0.0,0.05055262892784887,0.0,0.11161800627464974,0.02664932012837788,0.0,0.0,0.0
s04T1822,0.6551914481116913,0.008656286900373896,0.0,0.000422381018306158,0.0,0.000934770466219108,0.0,0.0006242286503805691,0.0,0.05257439876702377,0.0,0.0,0.00636494583761049,0.09746814195342653,0.0,0.0477512030998442,0.0,0.014758915713264088,0.02326438793070523,0.0,0.03317247470374981,0.0,0.034886677757495835,0.02392973908990894,0.0,0.0,0.0
s05T1822,0.6647089926756846,0.008581338888218562,0.0,0.0004559452546411127,0.0,0.003552484039342588,0.0,0.0005140444594477724,0.0,0.0704848707926163,0.0,0.0,0.01407319223400156,0.06229185462024355,0.0,0.006962251465720186,0.0,0.007699999982416948,0.03868224953685214,0.0,0.033823639886383886,0.0,0.06722848218889887,0.020940653975531937,0.0,0.0,0.0
s06T1822,0.5299066422636844,0.008052982514966455,0.0,0.0025697919945664224,0.0,0.005027861273553341,0.0,0.0,0.0,0.08555009385271371,0.0,0.0,0.0015406464965855911,0.026443725503782465,0.0,0.017980032980089,0.0,0.0,0.1306124305177842,0.0,0.03586112816174217,0.0,0.1392587674096779,0.017195897030854307,0.0,0.0,0.0
s07T1822,0.3491285721269337,0.012189681914223562,0.0,0.0023233241109432623,0.0,0.0071560407579134636,0.0,5.3951742336518494e-05,0.0,0.07774147186114068,0.0,0.0,0.012653044704086864,0.16066206264100752,0.0,0.023418783151128095,0.0,0.0,0.17681616423623522,0.0,0.02856490445450496,0.0,0.1133550934281374,0.0359369048714086,0.0,0.0,0.0
s08T1822,0.0,0.13858602883512253,0.06198726924146246,0.12310433406057465,0.0,0.0,0.0,0.0,0.0,0.00012128329604057127,0.0,0.6393495371224001,0.0,0.024131960575484945,0.0,0.0,0.0008630922605700994,0.0,0.0010391271133284587,0.00032658011159340317,0.010490787383422684,0.0,0.0,0.0,0.0,0.0,0.0
s09T1822,0.0,0.01139424737385061,0.0658234992305641,0.05902107379871462,0.0,0.0,0.0,0.0012229572750696786,0.0030732693759920066,0.0,0.0,0.5933032498735236,0.0,0.03437420566206572,0.01540404264537919,0.0,0.012132530286924011,0.0,0.06228489859376801,0.0,0.02498900960397446,0.0,0.029047774534579792,0.08792924174559444,0.0,0.0,0.0
s10T1822,0.0,0.0,0.007204491195545597,0.0,0.0,0.0,0.0,0.001761471168556698,0.003392525056546954,0.0002848956829143438,0.0,0.4719637086828969,0.0,0.03260438040221057,0.1261614072424774,0.0,0.0,0.0,0.03207539379866601,0.0,0.0,0.0007278939313950931,0.009298471647649522,0.3145253611911409,0.0,0.0,0.0
s11T1822,0.0,0.0,0.025102618397877325,0.037675967435411115,0.0,0.0,0.0,0.0,0.022865314953835765,0.0008030828825632201,0.0,0.5066816575751646,0.0,0.05652695958995682,0.013190217259489477,0.0,0.0,0.0,0.018695762998442778,0.0,0.0,0.0,0.002285606923982834,0.31617281198327607,0.0,0.0,0.0
s12T1822,0.0,0.0,0.01806919035800897,0.02812862240200518,0.0,0.0,0.0,0.006459097415365027,0.03343293004914613,0.002996561810973734,0.0,0.39370975682813897,0.0,0.030741049076064692,0.0,0.0,0.0,0.0,0.01474512239087132,0.0,0.004183287314413259,0.001891908838014533,0.010018295957509913,0.4556241775594882,0.0,0.0,0.0
s13T1822,0.017304916784610613,0.0,0.0,0.0,0.0,0.0,0.0,0.030842424480981224,0.01564074395487513,0.0001987267169469715,0.0,0.27176995620135197,0.0,0.020916606194500458,0.11350418084692342,0.0,0.0,0.0,0.08292112856522538,0.0,0.020596823571306093,0.0017474150547380294,0.018322189427149867,0.4062348882013908,0.0,0.0,0.0
s14T1822,0.013546018449709015,0.022224449036484566,0.0,0.012130794569918136,0.011058357926497595,0.005082799218382955,0.0,0.019078690197574844,0.02511891782469119,0.023570469043584546,0.037942100986393286,0.004915778234212493,0.000526089047683803,0.012030660446795216,0.0,0.0,0.0008534121513569572,0.0,0.11916391896148366,0.0,0.04612888360917653,0.0,0.042308579970447735,0.5955283098901567,0.0,0.0,0.008791770435450947
s15T1822,0.3831574891662646,0.01849976144618975,0.0,0.0034335057466613477,0.0,0.02030137969767721,0.0,0.03260555804858397,0.0,0.07775651959893574,0.017671911528893195,0.0,0.01850846519179307,0.12248757745951072,0.0,0.007659583087857919,0.0,0.029131430478517146,0.0,0.0,0.07150956629635295,0.0,0.0,0.19727725225276244,0.0,0.0,0.0
s02M1922,0.4556082602361414,0.018586806340950883,0.0,0.0,0.0,0.0014990088609342996,0.0,0.0,0.0,0.07532552602968258,0.0,0.0,0.004380761888319055,0.3265975572533061,0.0,0.05255853132766637,0.0,0.006655231400630546,0.0,0.0,0.027858770415874517,0.0,0.0,0.03092954624649419,0.0,0.0,0.0
s03M1922,0.35573316226977125,0.008859531382757177,0.0,0.0,0.0,0.004218599957783425,0.0,0.0,0.0,0.17348798631391674,0.0,0.0,0.0,0.252702555528007,0.0,0.07866146877945471,0.0,0.0,0.030762842876788776,0.0,0.06299246671128347,0.0,0.010943625149528218,0.021637761030709277,0.0,0.0,0.0
s04M1922,0.168050236292528,0.0,0.0,0.0,0.0,0.04084056946686101,0.0,0.0,0.0,0.5317685618507653,0.0,0.0,0.0029463837746592616,0.05482012522153064,0.0,0.009571070727842126,0.0002477598710265287,0.0,0.04742466462802689,0.0,0.08634923871160247,0.0,0.04679883821504424,0.01118255124011366,0.0,0.0,0.0
s05M1922,0.052781910191836694,0.0,0.0,0.0,0.0,0.03947962886448345,0.0,0.0,0.0,0.7925983950291582,0.0,0.0,0.0,0.05455556320950229,0.0,0.014810818665170953,0.00022856131612218727,0.0,0.011421567869881103,0.00036164046167790217,0.020945927447823552,0.0,0.0128159869443437,0.0,0.0,0.0,0.0
s06M1922,0.39582269972336537,0.004564400066632986,0.0,0.0,0.0,0.032640361666936436,0.0,0.0,0.0,0.14474550071001333,0.0008337000344343327,0.0,0.009202018094662276,0.1845363439169612,0.0,0.001740313665813566,0.0,0.0,0.01683209032219211,0.0,0.030142153647576983,0.0,0.15852425135175216,0.020416166799659293,0.0,0.0,0.0
s07M1922,0.29163967205941543,0.0014247963976214695,0.0,0.0,0.0,0.05142990857423551,0.0,0.0,0.0,0.4687680868688695,0.0,0.0,0.003915431815099328,0.06824847462447908,0.0,0.0,0.0,0.0,0.008177074940108999,0.0,0.0641454461558252,0.0,0.02968986343399135,0.01256124513035416,0.0,0.0,0.0
s08M1922,0.0,0.4762905740087551,0.10825108752357432,0.023914408347296648,0.0,0.0,0.0,0.0,0.0,0.0,0.0,0.37862302834933215,0.0,0.012021815848893155,0.00047935930440003545,0.0,0.0,0.0,0.00017972065166286825,0.0,0.0002400059660856786,0.0,0.0,0.0,0.0,0.0,0.0
s09M1922,0.0,0.08967269034143327,0.012277212584994817,0.0,0.0,0.0,0.0,0.09749647464112432,0.007845697816906671,0.02151017971927254,0.0,0.31616421633651265,0.0,0.011871461193588895,0.10292481558362773,3.431977894791603e-05,0.0,0.0,0.07518264571900365,0.0,0.0,0.0,0.02808226631346564,0.23693801997112185,0.0,0.0,0.0
s10M1922,0.0,0.0314281689033335,0.029771805483832868,0.0,0.0,0.0,0.0,0.08429823685609826,0.0013810469434745475,0.0032527298264841092,0.0,0.46426509202560107,0.0,0.01804566494629457,0.13138355015950948,0.0,0.0,0.0,0.014120779626530206,0.0,0.0,0.0,0.020847376954377148,0.20120554827446424,0.0,0.0,0.0
s11M1922,0.0,0.011538659356509622,0.013924304386990318,0.0,0.0,0.0,0.0,0.132685196905968,0.0,0.0010829118369106918,0.0,0.3310309526955324,0.0,0.0021423410556491206,0.17435894801523688,0.0,0.0,0.0,0.054603806465554544,0.0,0.0,0.0,0.030195699399134603,0.24843717988251393,0.0,0.0,0.0
s12M1922,0.0,0.024810636501445417,0.002766575443447054,0.0,0.0,0.0,0.0,0.12836589343805463,0.003998202616491713,0.0009124153397869313,0.0,0.3170291030100027,0.0,0.0057251366361109465,0.1492162177806048,0.0,0.0,0.0,0.06493143512097188,0.0,0.0,0.0,0.04405860008046375,0.2581857840326201,0.0,0.0,0.0
s13M1922,0.0,0.15449507586751485,0.01259781613924821,0.0,0.0,0.0,0.0,0.14957139037203576,0.0028938776014745754,0.03458980976595382,0.0,0.24579136049253378,0.0,0.005532924157897664,0.0917630565238364,0.0003596717221982948,0.0,0.0,0.0,0.0,0.0050399921574310344,0.0,0.003812502854693693,0.29355252234518187,0.0,0.0,0.0
s14M1922,0.0,0.11045516872166108,0.0,0.0,0.0,0.0004932852210980469,0.0,0.1920829952314218,0.012814292060268724,0.0660921523193585,0.004809150795220966,0.11352714683432531,0.0,0.0007026021458026965,0.007069416797994549,4.747060970471695e-05,0.0020151538547589967,0.0,0.0,0.0014028543992468943,0.0,0.0,0.0005734887066568104,0.46592637743401377,0.0,0.0,0.02198844486846706
s15M1922,0.1406969250889035,0.015422032332970383,0.0,0.007927613058310858,0.0,0.006134880112570342,0.0,0.060153402998395965,0.0002891368713948324,0.16288838541455408,0.02610994484410916,0.0,0.003667487445985503,0.22864100767585968,0.0,0.033566974021737875,0.0011428524746801407,0.007756038476974721,0.0,0.0005212481356998407,0.009853925490277032,0.0,0.0,0.295228145557576,0.0,0.0,0.0
s01X1922,0.32450302798933445,0.0,0.0,0.0,0.0,0.0,0.0,0.0024294237301132897,0.0,0.009088578617191794,0.00023792485030087513,0.0,0.00501982865224182,0.5018834061065304,0.0,0.012613644020772603,0.0,0.0604050933787431,0.013707738856252403,0.0,0.005934608769587726,0.0,0.008360824421925121,0.025386178969235382,0.013344438262519494,0.017085283375251677,0.0
s02T1922,0.3042067710695535,0.0,0.0,0.0,0.0,0.0013936347117035172,0.0,0.003058315576856666,0.0,0.016562311789859927,0.002059405031548273,0.0,0.0,0.3055738987597227,0.0,0.0,0.0,0.020666381879137063,0.024114419551086667,0.0,0.027053986562992523,0.0,0.2591369636213519,0.03617391144618735,0.0,0.0,0.0
s03T1922,0.512599162530754,0.0011470621764327023,0.0,0.0,0.0,0.002047502055478454,0.0,0.006774110202673672,0.0,0.035888099539790115,0.002556657122014627,0.0,0.0038557586004295073,0.29442616007247807,0.0,0.007066460420343805,0.0,0.03503226270142514,0.002409521312487698,0.0,0.03273531665965638,0.0,0.012226367580306936,0.05123555902572879,0.0,0.0,0.0
s04T1922,0.6183829035787474,0.005440614358586781,0.0,0.0,0.0,0.014632197931686818,0.0,0.016008147639464638,0.0,0.07961008967561135,0.0038355323056740147,0.0,0.0011450965940307434,0.021253717716370663,0.0,0.021861543528619437,0.0,0.0077840013165343756,0.04250486306656431,0.0,0.039988884742522025,0.0,0.08044675263214301,0.04710565491344443,0.0,0.0,0.0
s05T1922,0.46948319410168654,0.004510767878708048,0.0,0.0,0.0,0.014328862096705587,0.0,0.011767772426118542,0.00010888431043381126,0.06229900275221324,0.0043172675503452655,0.0,0.005092019834983145,0.2582286130104729,0.0,0.020441240793913844,0.0,0.010619404866034968,0.013123752198148503,0.0,0.02154242027921978,0.0,0.05719126087475608,0.046945537026259636,0.0,0.0,0.0
s06T1922,0.5048866506681667,0.004045053086104971,0.0,0.0,0.0,0.017839043154539096,0.0,0.01496650040256084,0.0,0.05390172568533695,0.005132628498019224,0.0,0.001740529257163855,0.1574077580664368,0.0,0.03197504044419959,0.0,0.006853685707223139,0.02788253076780231,0.0,0.029296256072002213,0.0,0.10063735414992918,0.043435244040515006,0.0,0.0,0.0
s07T1922,0.3263969599531756,0.009147458616774127,0.0,0.0,0.0,0.0754022304850489,0.0,0.024177743803156515,0.001023383610153407,0.12217933684960187,0.012499718841154923,0.0,0.00901762200524457,0.1495580467229835,0.0,0.025406619666144655,0.0,0.012183802310441904,0.01999342320512306,0.0,0.04178379711179255,0.0,0.08250423446955944,0.08872562234964484,0.0,0.0,0.0
s08T1922,0.0,0.14883213601851078,0.05079854174112009,0.08258116844758327,0.0,0.0,0.0,0.0,0.0,0.0,0.0,0.5548354957205186,0.0,0.009364694863802524,0.04522938547527648,0.0,0.0,0.0,0.008172160318811317,0.0006171994081956474,0.004302002341363962,0.0,0.09453869263669702,0.0,0.0007285230281201679,0.0,0.0
s09T1922,0.29203030865283985,0.0012660364363494172,0.0,0.0,0.010485399511305336,0.0,0.0,0.06898587457211312,0.0,0.0,0.006996454220357977,0.032047668152653176,0.00408988034241796,0.0,0.09660929929669289,0.0,0.0,0.0,0.015559486024253676,0.0,0.0,0.0,0.08856553586614056,0.38309293773399006,0.0,0.00027111919088612055,0.0
s10T1922,0.21477472040389947,0.00289835041092701,0.0030286592396161654,0.0,0.0,0.0,0.0,0.1117222391516379,0.0,0.0,0.0,0.18853478645420257,0.0013050678684817232,0.04446563233888339,0.11703948174804266,0.0,0.0,0.0,0.0,0.0,0.0,0.0,0.00024670172890197024,0.3119054286305368,0.004078932024870459,0.0,0.0
s11T1922,0.0,0.00466606165318562,0.0,0.0,0.004046853868475782,0.0,0.0,0.09314816542281436,0.020172011028500438,0.0,0.004733376695993663,0.09962339034731979,0.0,0.011986447107168523,0.034261945904023816,0.0,0.0,0.0,0.0349463970383422,0.0,0.0,0.0,0.22148922083587264,0.4704388351866084,0.0,0.0,0.00048729491169481213
s12T1922,0.10317695422211334,0.005737252832130067,0.0,0.008656330710867051,0.01860453692665522,0.0,0.0,0.11133044056388326,0.025201608028893603,0.0034191912707414065,0.0221197793054991,0.026862578701419948,0.0,0.0368856025947741,0.0,0.0,0.0,0.0,0.0,0.0,0.0,0.0,0.05167046248628733,0.5839229236740386,0.0,0.0024123386826968842,0.0
s13T1922,0.14311423951734337,0.004061290028019845,0.0,0.00031390371169606415,0.012799663144720226,0.0,0.0,0.05876343933539053,0.0,0.002742737622160801,0.012235409540557681,0.0005865657071112227,0.012751162538028783,0.1149131159324445,0.06119097082136749,0.0,0.0,0.0,0.016551746240029523,8.784560883838271e-05,0.0,0.0,0.12143151236026016,0.43199893700356395,0.0,0.006457460888467606,0.0
s14T1922,0.0940136845882081,0.007128065950153191,0.0,0.0,0.0,0.002928798881362211,0.0,0.12100342780113921,0.010204336570257544,0.01758809785739291,0.044812805751369526,0.0,0.0,0.12627472609287071,0.0,0.0,0.0,0.0,0.0,0.0,0.0,0.0,0.1139266756961943,0.45698793354915185,0.0,0.005131447261900401,0.0
s15T1922,0.40358554606741104,0.012005278006130929,0.0,0.0,0.0,0.015100301483882927,0.0,0.04518472356965636,0.0,0.04428177573877984,0.0166061252024605,0.0,0.00628137822481163,0.23986400092234508,0.0,0.0024787332337465238,0.0,0.023819240549912014,0.0,0.0,0.03912684811645199,0.0,0.0,0.15166604888441124,0.0,0.0,0.0
s02M2022,0.24262775000721334,0.0,0.0,0.0,0.01740766841448231,0.017695845443033747,0.0,0.03626938991958155,0.0,0.14154670982255266,0.035464625831667075,0.0,0.0,0.34105618956263783,0.024986009930995725,0.0,0.0,0.02382459339919538,0.0,0.0,0.06518661344666513,0.0,0.0,0.0539346042219753,0.0,0.0,0.0
s03M2022,0.22281762519011827,0.0,0.0,0.0,0.028846693042571467,0.02224975253621206,0.0,0.044085637889020646,0.0,0.10474827038492257,0.06312111112226097,0.0,0.0,0.30202678281359757,0.03832591272413081,0.0,0.0,0.009056944313590153,0.0,0.0,0.09277205919038203,0.0,0.003055148845319349,0.06889406194787408,0.0,0.0,0.0
s04M2022,0.306995776749666,0.0,0.0,0.0,0.0,0.0672708704284691,0.0,0.005549736777952412,0.0,0.13225639323382704,0.0032602708558757527,0.0,0.0,0.21793498866524275,0.0,0.16602089015968935,0.0,0.04444816658697081,0.0,0.0,0.03719872250981119,0.0,0.0,0.019064184032495667,0.0,0.0,0.0
s05M2022,0.2761427609255698,0.004446327130378325,0.0,0.0,0.0,0.055654038430971296,0.0,0.023725805789778717,0.0,0.26646908763396876,0.023584999639031868,0.0,0.0,0.07576255409207237,0.012753498195467693,0.010749552258603929,0.0,0.09865727482219765,0.0,0.0,0.10257284099498766,0.0,0.0,0.049481260086972075,0.0,0.0,0.0
s06M2022,0.222268972024752,0.002176088207137938,0.0,0.0,0.0,0.05399415753923463,0.0,0.015365972893419877,0.0,0.22303132902133013,0.017865268633850816,0.0,0.0,0.22975098361589266,0.004653059778649939,0.011746286695827063,0.0,0.09983728247790288,0.0027170723275012614,0.0,0.07540166718560969,0.0,0.0031558309452392563,0.038036028653651854,0.0,0.0,0.0
s07M2022,0.23415928144873213,0.0,0.0,0.0,0.0,0.07590043045956021,0.0,0.009441524298145666,0.0,0.2001689222921579,0.011495407486903263,0.0,0.0030119138623629057,0.3062308686912049,0.0,0.011742481208804736,0.0,0.0770532460533212,0.0,0.0,0.04009429280271549,0.0,0.0,0.030701631396091562,0.0,0.0,0.0
s08M2022,0.0,0.5331065581174665,0.08573164111047034,0.08776745176573891,0.0,0.0,0.0,0.0,0.0,0.0,0.0,0.26276433096770546,0.0,0.01585530466490417,0.0,0.0,0.0,0.0,0.003555812728091382,0.0,0.0,0.0,0.0030281514694840868,0.0,0.0,0.0,0.008190749176139097
s09M2022,0.0,0.10418166265637634,0.27858971060861265,0.16142364005074372,0.0,0.0,0.0,0.026180691714634788,0.0,0.0,0.0,0.26266254523903154,0.0,0.04275771677240127,0.0396557579443241,0.0,0.0,0.0,0.0044120029384591706,0.0002909387171633923,0.03131272400296426,0.0,0.007356366609638463,0.04117624274565026,0.0,0.0,0.0
s10M2022,0.10655506512369878,0.0010930986241092188,0.11435519811546092,0.04799265915436706,0.0,0.0,0.0,0.19303593681976627,0.0,0.0,0.0,0.2533612137292703,0.0010795106422653961,0.0490457158259511,0.10443043020453932,0.0,0.0,0.0003014557475423076,0.010395756293782036,3.455311126798147e-05,0.0,0.0,0.0065338955149419,0.11135565695143464,0.0,0.0004298541416027878,0.0
s11M2022,0.048329366049471384,0.015277069701845449,0.025637449506347228,0.010521442725371631,0.0,0.0,0.0,0.340316649256023,0.0,0.0025103994492786347,0.003754362871032421,0.16474892760297838,0.0,0.03943440218855405,0.10904406658452316,0.0,0.0,0.0005590570746156108,0.004822259496939568,0.0,0.0,0.0,0.011396268077432966,0.21972484939991688,0.0,0.0,0.00392343001566954
s12M2022,0.0,0.019749396381160546,0.065016858593851,0.020842887367932543,0.0,0.0,0.0,0.24867201234482209,0.0,0.0005816595958489985,0.0,0.23232039904330828,0.0,0.02027030641175232,0.09035774286213845,0.0,0.0,0.0,0.05157903991533572,0.0,0.0,0.0,0.04657773307535756,0.20209837430503041,0.0,0.0,0.0019335901034621074
s13M2022,0.0,0.05324600671948717,0.21381892009881198,0.052335884224936555,0.0,0.0,0.0,0.12870683912805062,0.0,0.0015013668672336218,0.0,0.29382365390897275,0.0,0.04293769380296663,0.06053536541264296,0.0,0.0,0.0,0.0,0.0,0.002183991779753023,0.0,0.0063890935883573405,0.14452118446878745,0.0,0.0,0.0
s14M2022,0.12162513289891959,0.02657209534992866,0.011930910699454202,0.007027095585686364,0.0,0.0,0.0,0.2231600622250548,0.0,0.0018515920983099821,0.008110804537293575,0.1329106691379108,0.0,0.059697956589218545,0.09567408815959512,0.0,0.0,0.0,0.025814092565962836,0.0001744836862453157,0.0,0.0,0.024672455197734082,0.260189562851862,0.0,0.00021273801683976978,0.00037626039998427824
s15M2022,0.2606601668806117,0.022055154327889296,0.0,0.00016404174917432476,0.0,0.02267002528047503,0.0,0.06360860108820852,0.0,0.10483582593030238,0.017991966582264967,0.0,0.008425179985125784,0.2694034834832029,0.0,0.06727757640538483,0.0,0.04707744419731117,0.006665037814814888,0.0,0.0020110295206971825,0.0,0.0,0.10715446675453687,0.0,0.0,0.0
s02T2022,0.4064414398644374,0.0,0.0,0.0,0.0,0.0009756302157375674,0.0,0.0,0.0,0.014912287269780666,0.0,0.0,0.0,0.2316436323185674,0.0,0.1377341323857389,0.0,0.050827130024032885,0.0,0.0,0.015823321342684295,0.0,0.0006557002718130861,0.021687358385508566,0.0,0.11929936792169922,0.0
s03T2022,0.390864949285794,0.0,0.0,0.0,0.0,0.007282442646585292,0.0,0.0,0.0,0.048447745190967624,0.00017078060096946117,0.0,0.0,0.202859983577263,0.0,0.10573049104529093,0.0,0.11310838017627611,0.0,0.0,0.0161048747284945,0.0,0.0,0.02510663024574692,0.0024168928565266277,0.08790682964608561,0.0
s04T2022,0.5007400691104175,0.0,0.0,0.0,0.0,0.0019967349519045795,0.0,0.002942039158009653,0.0,0.0258677642400741,0.0013643792443564005,0.0,0.0,0.242991986138558,0.0,0.05763533914763128,0.0,0.06427934652895527,0.0,0.0,0.01713505190229016,0.0,0.0,0.02944761224122055,0.0,0.055599677336582574,0.0
s05T2022,0.3264393190854347,0.0011503963604318846,0.0,0.0,0.0,0.0031456967605072925,0.0,0.006002926229696103,0.0,0.03158016711597479,0.0015461577943717184,0.0,0.0,0.4487824297403678,0.0,0.03481210618553478,0.0,0.02557586885858417,0.0,0.0,0.014008731333886453,0.0,0.0,0.027162877494172444,0.0,0.07979332304103771,0.0
s06T2022,0.2937431183973491,0.003098290460497257,0.0,0.0,0.0,0.006422875820140078,0.0,0.008102957535676015,0.0,0.03965671305418454,0.0008724499205847886,0.0,0.0016637747086752654,0.4675001982798699,0.0,0.023985952468912768,0.0,0.029925718005383718,0.0041091711312038265,0.0,0.013019515043020421,0.0,0.0,0.033382785760583275,0.0,0.07451647941391898,0.0
s07T2022,0.4390782801501029,0.0,0.0,0.0,0.0,0.0,0.0,0.0032643995251647735,0.0,0.0101428760488281,0.0007324340388322817,0.0,0.0,0.3199960535511594,0.0,0.0,0.0,0.0,0.015960260152865936,0.0,0.00621073252658806,0.0,0.00490485053889453,0.0205075520735733,0.004255476379074686,0.17494708501491574,0.0
s08T2022,0.0,0.41494340484868275,0.1015917868089431,0.12437826740133519,0.0,0.0,0.0,0.0,0.0,0.0,0.0,0.32426796664913177,0.0,0.03287975184714907,0.0,0.0,0.0,0.0,0.0,0.0002994824104586074,0.00103780795648479,0.0,0.0,0.0,0.0,0.0006015320778147245,0.0
s09T2022,0.17749051160306334,0.012810608486175202,0.006893481573219134,0.0,0.0,0.0,0.0,0.3296710115030521,0.0,0.0,0.0026497766133600793,0.1045199988277038,0.0,0.04528587382159016,0.054274175479368324,0.0,0.0,0.0,0.028444920455362822,0.00021502959918686328,0.0,0.0,0.0008123108456204983,0.20009129271425266,0.03547646102932079,0.0013645474487241364,0.0
s10T2022,0.1101463622234218,0.0,0.00014379186346056387,0.019220884739731627,0.0,0.0,0.0010046819162116245,0.28535718362793755,0.0,0.0,0.03703401939065087,0.014282726525079819,0.0005279797570817331,0.14935556510026132,0.0,0.0,0.0,0.0,0.02600694368216077,0.00014927847817983755,0.0,0.0,0.0038366843754733602,0.3290240947873283,0.02315942800228497,0.0007503755307359912,0.0
s11T2022,0.11054790532651122,0.0,0.002378176758773704,0.01995675954091137,0.0,0.0,0.00045037325835109194,0.32286615912712086,0.0,0.006148262265822959,0.03611744967238529,0.037804203635357726,0.0021671693584255644,0.11137201013910747,0.016097762669249085,0.0,0.0,0.0,0.0019671775194042072,0.0005165152988996297,0.0,0.0,0.0,0.3127868617140945,0.01715397764752613,0.0016692360680593342,0.0
s12T2022,0.07108609468247294,0.0,0.0,0.005074123052273902,0.0,0.0,0.0009042789824783207,0.51211303951458,0.0,0.03658328950553824,0.053156836080778466,0.0,0.0016853999514944362,0.034418074209808525,0.011585193922909376,0.0,0.00048110606400789444,9.184637716318632e-05,0.0,0.0003222598926266168,0.0,0.0,0.0,0.2671319180950163,0.0,0.0,0.005366539668851911
s13T2022,0.049161465017144,0.01505123674870225,0.0,0.028207682293687645,0.0,0.007449565947747915,0.0006207523189561428,0.2454347477006481,0.0,0.081280164072655,0.08418008117537323,0.0,0.0,0.061932164971409076,0.0,0.00441902534560415,0.0,0.0,0.05160702176504388,0.0007608009927758512,0.0,0.0,0.01256370845590024,0.33846957858172055,0.0,0.002747008446650881,0.01611499616598121
s14T2022,0.1563367928323202,0.0,0.0,0.0,0.006734767618340759,0.00033492129651577955,0.0008855930178343638,0.3652276037081691,0.0,0.007680539359834162,0.052017611397861374,0.0,0.0008444393495129149,0.0648253253201922,0.033046300546292845,0.0,0.0,0.0,0.0,0.0,0.0,0.0,0.0,0.30414039768772405,0.0,0.007925707865402204,0.0
s15T2022,0.2210101795638417,0.028245632503118574,0.0,0.003593322577247671,0.0,0.0009333457545662623,0.0,0.1876251062817771,0.0,0.040148922723990406,0.044497681460222406,0.0,0.0008372230301102434,0.16602285419612373,0.0,0.0,0.0,0.0,0.010558804346937697,0.0,0.0,0.0,0.0,0.24521739515809396,0.002738030441759187,0.04857150196221118,0.0
s02M2122,0.35280724093299576,0.0,0.0,0.0,0.0,0.011751884411998719,0.0,1.450762415916845e-06,0.008225588770004243,0.09126990090278636,0.002881646438039589,0.0,0.0027252898720683395,0.38929347844153583,0.010074557356954065,0.008111798940520784,0.0,0.020308814128408376,0.0,0.0,0.00494970247314092,0.0,0.0,0.030254310039264827,0.0,0.06734433652986621,0.0
s03M2122,0.43823452447502564,0.0,0.0,0.0,0.0,0.0376262447752658,0.0,0.00508899042603543,0.002209392854770517,0.24493604260345284,0.020838947155636448,0.0,0.0,0.08184570706994256,0.019430240428803664,0.0,0.0,0.03139345485001206,0.0,0.0,0.025144889461643484,0.0,0.03870076410297018,0.03354977488449722,0.0,0.021001026911944096,0.0
s04M2122,0.209404505281773,0.0,0.0,0.0,0.0,0.03955388543753059,0.0,0.003667919067759076,0.001961405358819229,0.46613016561997755,0.023733725235258785,0.0,0.0,0.06100331842623946,0.015503073551846864,0.057958706549490244,0.0,0.08747974693453996,0.0,0.0,0.01618391753332842,0.0,0.0,0.012155407951150022,0.0,0.005264223052286684,0.0
s05M2122,0.16472168512712732,0.0,0.0,0.0,0.0,0.09398611109824985,0.0,0.011153348999893375,0.0,0.4729755302963208,0.007209275882911872,0.0,0.0,0.019675743935272026,0.01415459474255671,0.04726094376797055,0.0,0.12042405365592544,0.0,0.0,0.028777600155761748,0.0,0.0,0.019661112338010354,0.0,0.0,0.0
s06M2122,0.0,0.0,0.0,0.0,0.0,0.15812603934098296,0.0,0.010275215479950963,0.0,0.7379368643925726,0.0033387246496542687,0.0,0.0,0.007960528259713816,0.012622466102278592,0.0,0.0,0.059652165424174765,0.0,0.0,0.00012335177940288422,0.0,0.0,0.009873101349851794,0.0,9.154322141732904e-05,0.0
s07M2122,0.18114775222134838,0.0,0.0,0.0,0.0,0.1551387302410833,0.0,0.008276021691529861,0.0,0.4063143629009787,0.0,0.0,0.0,0.18795834659751287,0.007026701321203909,0.0130068925906894,0.0,0.00020281541923819797,0.0,0.0,0.0045981979674743455,0.0,0.0,0.01015421930032653,0.0,0.026175959748614423,0.0
s08M2122,0.0,0.5548991795505547,0.04758554139416404,0.1146616292555523,0.0,0.0,0.0,0.0,0.0,0.0,0.0,0.26057996725389176,0.0,0.0,0.0,0.0,0.0,0.0,0.017201048194507594,0.0009262787874338271,0.0,0.0,0.0019956544623569716,0.0,0.0016782251494967778,0.0,0.0004724759520419397
s09M2122,0.09672866924192193,0.06658247333718843,0.022321958984013755,0.06211377881772358,0.0,0.0,0.0,0.2862811844221165,0.0,0.0,0.0002089467480632194,0.25915210389452725,0.0,0.02559813529866128,0.016336121156047167,0.0,0.0,0.0,0.026595518120890296,0.0005918592319619951,0.0,0.0006014281678966747,0.003033212536015709,0.07322043827435303,0.05930405988856285,0.001330111880056283,0.0
s10M2122,0.1334260094744408,0.0,0.00021765452525987665,0.020710809358110007,0.0,0.0,0.001669652073830159,0.3467950763851214,0.0,0.0,0.016519185898845375,0.03946188835901554,0.0,0.08863142174120141,0.03281650117540418,0.0,0.0,0.0,0.02384368969604703,0.00019451577981883928,0.0,0.0,0.0028656061110729028,0.20237547072348896,0.08311199707437172,0.0073605216239718664,0.0
s11M2122,0.02938279274743583,0.12179985332822109,0.0,0.010712763967438003,0.0,0.02639206564414787,0.00287135091699654,0.14434773558240893,0.02360288686625876,0.09859926111120636,0.06340278156092312,0.0,0.0,0.04872695190766787,0.0,0.06519757927299413,0.0,0.0006810536058501214,0.04667207647390832,0.0,0.0,0.00015356401495415653,0.0,0.26131543772275695,0.04473220191130936,0.01140964336552256,0.0
s12M2122,0.32356543960271744,0.014460787855547745,0.0,0.0,0.0,0.0,0.0028753994293470426,0.36641228514330837,0.0,0.005289575870229442,0.0,0.03182561114778868,0.0,0.12044649475726045,0.0021607889999737087,0.0003976897826510526,0.0,0.0,0.024198309658847544,0.0,0.0,0.0,0.0,0.04350948895699604,0.05263248403514439,0.01222564476018811,0.0
s13M2122,0.10005516937192806,0.0026724585236580427,0.00045495921766493627,0.020993465288878417,0.0,0.0,0.0033392688853906144,0.2769864987353726,0.0010958334496350833,0.001158048633655467,0.039638245756082276,0.027462860815590844,0.0,0.14060131330486544,0.0,0.0,0.0,0.0,0.0658792062594308,0.0,0.0,0.0006488585567266852,0.0,0.22932312515592346,0.08134822832770502,0.008342459717492154,0.0
s14M2122,0.22833029007575595,0.014366461803312153,0.0,0.005521384790132074,0.008453478973905231,0.003814419168740054,0.0009515230159463891,0.22587416416183784,0.002085184317057266,0.015782077164290604,0.05073835636039736,0.0,0.0,0.17192301977588723,0.0,0.0002996033541833748,0.0,0.0,0.03198468581604114,0.0,0.0,0.0004342681636825808,0.0,0.20058469034728119,0.016158152832905323,0.022698239878644142,0.0
s15M2122,0.20805588635959482,0.008083148049828657,0.0,0.0,0.0,0.018373053105080434,0.0,0.020536359444551865,0.003475303303065292,0.06678682902660542,0.006463145632503777,0.0,0.0,0.42785850070015075,0.012354438255118765,0.02651495255018662,0.0,0.027685044986655884,0.02750220429445699,0.0,0.001294346181882363,0.0,0.0,0.04195687489331891,0.014083581814204237,0.08897633140279522,0.0
s02T2122,0.3951469868688352,0.0,0.0,0.0,0.0,0.009673650262771451,0.0,0.0,0.011359385727619182,0.06200470764311808,0.0,0.00011535475170800103,0.0038341014572913566,0.35997994830828056,0.00944346689221895,0.019473945188986656,0.0,0.0031952842473046694,0.0,0.0,0.0009707999866863927,0.0,0.0,0.02191355571296767,0.0,0.10288881295221182,0.0
s03T2122,0.4593355106542676,0.0,0.0,0.0,0.0,0.009896456243120447,0.0,0.0,0.008117983975573883,0.05327566437213387,0.0,0.0009354366302456615,0.0020383595381064544,0.2782586875231024,0.005987980560274277,0.01644633607773663,0.0,0.002019478981403845,0.0,0.0,0.006053912768512051,0.0,0.06356113442188097,0.0163555735966157,0.0,0.07771748465702615,0.0
s04T2122,0.7206915523537768,0.0,0.0,0.0,0.0012927716680339167,0.011181116260513492,0.0,0.0027996283833333895,0.0007313813908651403,0.050961653125439745,0.0005858911169336165,0.0,0.0020898000447185736,0.09787865478542145,0.010849117423997169,0.011893973032803108,0.0,0.009446133453725908,0.0,0.0,0.017630140753129332,0.0,0.02090419171566169,0.013914886008290276,0.0,0.027149108483356433,0.0
s05T2122,0.6397835681501894,0.0,0.0,0.0,0.0003569142691085814,0.014610103881904219,0.0,0.0016169171950901535,0.002422790046661821,0.06106345047797286,0.0009484834631498306,0.0,0.003975762025273183,0.17299915052484097,0.010633744774633063,0.0,0.0,0.0121526790647696,0.0,0.0,0.01645299385238424,0.0,0.00014390917129109723,0.019209431375949257,0.0,0.043630101726781625,0.0
s06T2122,0.7348327115470223,0.0,4.130949241122945e-05,0.0,0.0,0.019243553739411515,0.0,0.005950228729328066,0.0,0.06316383608922208,0.0012175251435379891,0.0,0.0,0.0526727372715406,0.0012274564219947866,0.017463087664149276,0.0,0.004306343197367729,0.00015739445065977503,0.0,0.01655340884686185,0.0,0.06755507229086156,0.004192519586863652,0.0,0.011422815528767657,0.0
s07T2122,0.42012999738746737,0.0,0.0,0.0,0.0,0.13254511990933243,0.0,0.005072651704793412,0.0009954631561511203,0.20953852294428718,0.0012282685990834914,0.0,0.003047527995090707,0.12860428620012726,0.011338784597403164,0.0038258433424725436,0.0,0.0047033227125635665,0.0,0.0,0.008085082416460181,0.0,0.00956638688244542,0.027934887081452996,0.0,0.03338385507086909,0.0
s08T2122,0.0030380579383383266,0.7895195659713615,0.0,0.0399127644149938,0.010227562976158216,0.0,0.0,0.00471823247921229,0.0,0.0,0.0,0.13170718971590112,0.0,0.0,0.010355496385503005,0.0,0.0,0.0,0.0,0.0,0.0,0.0007533456226806397,0.0,0.00018106288733367638,0.002263350959872452,0.0,0.00732337064864489
s09T2122,0.20657794284051526,0.0023680792197267432,0.0,0.0,0.0,0.0,0.0006410666452089522,0.3826465049652815,0.0,0.0,0.004312203950665701,0.016361661001136167,0.0011583399925828273,0.045192361731153305,0.027016277281112815,0.0,0.0,0.0,0.0,0.0,0.0,0.0,0.0,0.062007702406490055,0.24773328077503035,0.003984579191096406,0.0
s11T2122,0.11163623798924766,0.0019967470464130163,0.0,0.0,0.0,0.006626880734243717,0.002694482253110414,0.3135986280510917,0.0002179180194707836,0.06221426700733611,0.06592165352112178,0.0,0.0,0.07416559933401555,0.00502971877187306,0.0,0.00032239296554018525,0.0,0.0,0.0,0.0,0.001300389685226782,0.0,0.17242903371366408,0.17924177085955886,0.0026042800480863336,0.0
s12T2122,0.11213554865847476,0.0,0.0,0.003921539395996733,0.0,0.001951234866450646,0.004124424832962855,0.40864375182235,0.0,0.01119471204616835,0.07244424071391899,0.0,0.0,0.08891064722911309,0.003247906828051724,0.0,0.0,0.0,0.0,0.0,0.0,0.0,0.0,0.15617947560212073,0.13356760228852235,0.0036789157158696557,0.0
s13T2122,0.14286192484876256,0.007035417761668829,0.0,0.0062863565919039025,0.007727235628224344,0.003597336353339309,0.005257446744340527,0.2638824260798546,0.0,0.07790111260781149,0.08662548460878455,0.0,0.0,0.1610795279732891,0.00027905270152430453,0.0,0.0,0.0,0.0,0.0,0.0,0.0,0.0,0.14128771565279025,0.08498761508368156,0.01119134736402484,0.0
s14T2122,0.2468129658053031,0.0036815167951985833,0.0,0.0,0.010904218456068468,0.0052331032770197555,0.004640211973550268,0.26319183432832943,0.0,0.10002352931727959,0.08638317126415496,0.0,0.0,0.0976343707370096,0.01783825502468908,0.0,0.0,0.0030663906631709877,0.0,0.0,0.0,0.0,0.0,0.12925866299328093,0.024476432803839106,0.006855336561106007,0.0
s15T2122,0.2151024308102804,0.0053535186072724795,0.0,0.0,0.0003847864755129027,0.003534510176961874,0.0032659228396543756,0.06601344666674787,0.0032529337014456814,0.0668403700490025,0.033296391472491874,0.0,0.0,0.3807209575434854,0.015581498511381107,0.004120222802841078,0.0,0.0008843953201528543,0.0,0.0,0.0,0.0,0.0,0.0574812676341713,0.06447266333051882,0.07969468405807945,0.0
s02M2222,0.33586524840222187,0.0,0.0,0.0,0.005679942843460388,0.0188344740115222,0.0,0.0023392276053104946,0.005913216577097585,0.05297071404197567,0.002442868840027082,0.0,0.0,0.3359155861906897,0.00883043477531772,0.03949866531734813,0.0,0.07255566644129882,0.0,0.0,0.010292279021136832,0.0,0.0,0.01694181903921996,0.0,0.09191985689337352,0.0
s03M2222,0.37363099577804276,0.0,0.0,0.0,0.012707187542306693,0.011856538010426496,0.0,0.00307938346266256,0.005592002254300377,0.06276927231227841,0.0,0.0,0.0,0.2775669481042593,0.005706065542535625,0.07319568403914414,0.0,0.08662313252271857,0.0,0.0,0.011514350813042414,0.0,0.0,0.007081724086748071,0.0,0.0686767155315344,0.0
s04M2222,0.32839792389793976,0.005366844996345254,0.0,0.0,0.07334669336479407,0.01886132724952084,0.0,0.030454045686748497,0.0,0.08409966080421252,0.0190185271416332,0.0,0.0,0.13306665518945004,0.021195028183920075,0.008019224119125158,0.0,0.12232425917994053,0.033436749498006846,0.0,0.056359596355484855,0.0,0.018345883060930122,0.026245068798058036,0.0,0.02146251247389013,0.0
s05M2222,0.24813355148713426,0.002908401781616368,0.0,0.0,0.10240938899115945,0.01816833152177198,0.0,0.037027441017359074,0.0,0.11009849655213058,0.021366471815887765,0.0,0.0,0.11386107430468301,0.023622816152501468,0.011528367582668614,0.0,0.2106486443455819,0.017878362088643653,0.0,0.035845513509524,0.0,0.0011646072794775858,0.0260719858339418,0.0,0.019266545735918624,0.0
s06M2222,0.24262497187212173,0.011150894892484234,0.00045494686287372827,0.0,0.06973250487029792,0.028814803635492683,0.0,0.0678041107857389,0.0,0.19780785009265514,0.012389562152021852,0.0,0.0,0.032189217781216806,0.03787776119579944,0.17037063758272192,0.0,0.08521699382630106,0.002278009074622801,0.0,0.024027461163412915,0.0,0.0039737298968125345,0.01132562055272248,0.0,0.001960923762703801,0.0
s07M2222,0.15158564100010538,0.0013688938635271202,0.0,0.0,0.04900180616405961,0.027434740003929408,0.0,0.017064784107961695,0.001522374864237219,0.18617822778457885,0.02233756767648427,0.0,0.0,0.1890170811820818,0.02771649222805294,0.09753505384203315,0.0,0.15684989099611316,0.0,0.0,0.009750359065117209,0.0,0.0,0.015341383192440362,0.0,0.04729570402927787,0.0
s08M2222,0.0,0.6293228904201419,0.0,0.12939182058859752,0.0,0.0,0.0,0.0006604769749728541,0.0,0.0,0.0,0.17460017432234656,0.0,0.0,0.019814391715017234,0.0,0.0,0.0,0.024442788520903126,0.00022671963034893828,0.0,0.0009602621914257333,0.0006871735173829683,0.0,0.0015340355490129436,0.0,0.018359266569850097
s09M2222,0.04616989534275603,0.1705216250365764,0.0,0.09724349646983897,0.0,0.0,0.0,0.47270703621413024,0.0,0.015070786782887842,0.007764276204770518,0.08906791632957596,0.00028792262514074177,0.001561005522717833,0.02122188843637991,0.0013429769359261734,0.0,0.0,0.006979289544895777,0.0007807380455553784,0.0,0.0030702102748733557,0.0,0.022806190155492567,0.038789348244821074,0.0,0.0046153978336614075
s10M2222,0.1218906190133937,0.01015174279430925,0.0,0.06396215215247697,0.0,0.0,0.0,0.2504340909712136,0.0,0.0,0.0,0.05953888928612186,0.003362995081237505,0.021342754598644514,0.26716490748482,0.0,0.0,0.0,0.047202916674540074,0.001117894302154088,0.0,0.004027551374839564,0.0,0.03997128837162481,0.10983219789462399,0.0,0.0
s11M2222,0.0,0.042688900546122864,0.0,0.07527169937136284,0.0,0.0,0.0,0.5346920098260094,0.0,0.0036205040798194983,0.015274318486337828,0.14804445525521842,0.0007698777526996461,0.0032666741695905354,0.08231289422836892,0.0,0.0,0.0,0.0,0.0009844471463941605,0.0,0.00940399951864252,0.0,0.046836981523462995,0.03553268859797431,0.0,0.001300549497996201
s12M2222,0.0,0.06749489247186767,0.0,0.08396869296603482,0.0,0.0,0.0,0.4701868720429825,0.0,0.010388041036203843,0.018225907798079186,0.1330748767433563,0.0,0.006192576198619179,0.08711983720765602,0.0,0.0,0.0,0.025799768149198793,0.0008527389371711909,0.0,0.010911919180374971,0.0011388903667766093,0.043276741479431245,0.04136824542224775,0.0,0.0
s13M2222,0.11383035206652314,0.007635327196268892,0.0,0.01722147966958407,0.0,0.0,0.0013144441018349455,0.21563991546298528,0.0,0.0,0.0,0.05602254809171831,0.001796848309370478,0.026714883370592177,0.3078274588922999,0.0,0.0,0.0,0.060124039202873285,0.0008853283433227747,0.0,0.0,0.0,0.05235739051823213,0.13800687714379126,0.0005331953859950276,8.99122446084517e-05
s15M2222,0.18837188955007494,0.04209204738234408,0.0007310336162700338,0.004065142612119824,0.0,0.0033385399753063636,0.01225806650353814,0.17211120791234716,0.0,0.09633091498340654,0.042153089085095796,0.0,0.0,0.13667119566866198,0.052802946245619195,0.06513525695157543,0.0,0.021746512523777236,0.0,0.0,0.0,0.0,0.0,0.05591544111719486,0.09381040153179128,0.012466314340877287,0.0
s01X2222,0.4119734154979674,0.0,0.0,0.0,0.026264017487208573,0.035926305508732326,0.0,0.0077048149846686695,0.0,0.032062813620728076,0.0182072886374791,0.0,0.0,0.267675338857052,0.021687779370827952,0.005850797229423167,0.0,0.06102974879184388,0.0,0.0,0.03991767388192131,0.0,0.0,0.035188119422499005,0.0,0.036511886709648396,0.0
s02T2222,0.4973275313293243,0.0,0.0,0.0,0.020435234300262815,0.011800304880226983,0.0,0.004350357665614438,0.0034170536419947835,0.03199640665674321,0.0004438659126362248,0.0005629225019008228,0.00016964615718621274,0.24150748101053615,0.004061571259881911,0.04063009199441657,0.0,0.06926096017556747,0.006101479216018281,0.0,0.00971960057697014,0.0,0.0029386516362986596,0.0049778118610482565,0.0,0.05029902922337272,0.0
s03T2222,0.553566017393524,0.0008620941652818828,0.0,0.0,0.006778910750559218,0.006326695175629717,0.0,0.004715983168875356,0.0029547968210250617,0.01557136548697272,0.0,0.0015050573084251502,0.0,0.21798654869201645,0.00904824255271018,0.025061247434153815,0.0002568860621219559,0.04854587099975442,0.05169031937618979,0.0,0.005649125049644481,0.0,0.0,0.0,0.0,0.04948083956311587,0.0
s04T2222,0.6168938656016622,0.002008584066580267,4.901650797860291e-05,0.0,0.01469985427214269,0.020943484287710267,0.0,0.006790263769211664,6.671410779181363e-05,0.043838772756570187,0.0,0.0,0.0,0.09355974817128018,0.0070653330731995775,0.0628622728321308,0.0,0.05261746419895669,0.017580292306486518,0.0,0.01934574747804075,0.0,0.012540700455806724,0.001055651441208765,0.0,0.028082234673242404,0.0
s05T2222,0.5420540372634608,0.0,0.0,0.0,0.01834201243229399,0.033508821239826715,0.0,0.0044808049006084165,0.0,0.054886287949330675,0.0011552416986216224,0.0,0.0,0.08816832727914917,0.002931783081193619,0.11887815485795031,0.0,0.07589795534608026,0.0,0.0,0.027048050021950043,0.0,0.0,0.005911561697228363,0.0,0.026736962232305934,0.0
s06T2222,0.6319528595212883,0.0025791927953891297,0.00010774657837276088,0.0,0.01697997642445043,0.02693026810128114,0.0,0.0069735927566608085,5.735904598436479e-05,0.04381889708249376,0.0007813799172341346,0.0,0.0,0.05548713488879709,0.0004295163134262799,0.09070704168856274,0.0,0.057497327198930394,0.009882103273979035,0.0,0.016278967036286146,0.0,0.019764081535703915,0.0031825204805328664,0.0,0.01659003536062687,0.0
s07T2222,0.4352176567993595,0.001420482032785456,5.095637679802054e-05,0.0,0.014405580737242069,0.052489747833759585,0.0,0.0027441132665646253,0.0012544651379435912,0.07566059658289223,0.00017193995306483218,0.0,0.0,0.12980467234781132,0.005473846706142449,0.08768259249251821,0.0,0.11208096773161949,0.006425444122082228,0.0,0.029725437249855203,0.0,0.0,0.0095302224540597,0.0,0.03586127817550152,0.0
s08T2222,0.0,0.7822406836793582,0.0,0.07351463707463798,0.0,0.0,0.0,0.0,0.0,0.0,0.0,0.11174432030263673,0.0,0.0,0.018885144393090917,0.0,0.0,0.0,0.0008273306400259127,0.0,0.0,0.0,0.0,0.0,0.0,0.0,0.012787883910250307
s09T2222,0.21073338550824447,0.019062649975717744,0.0,0.0704825003394619,0.0,0.0,0.0,0.18261072640459788,0.0,0.0,0.0,0.11095431331205678,0.0,0.004405255971939111,0.21986644130570168,0.0,0.0,0.0,0.04726167441073927,0.0004488542893226908,0.0,0.00045446518093445945,0.0,0.012538330965950745,0.12118140233533331,0.0,0.0
s10T2222,0.21097637609960618,0.030381877923390022,0.0,0.07033040041401246,0.0,0.0,0.0,0.1883527564171585,0.0,0.0,0.013587627750454148,0.026403385815847513,0.0015713106608884401,0.01805136723970289,0.13954324889245,0.0,0.0,0.0,0.0037117573779849797,0.0008031717595127334,0.0,0.0,0.0,0.03762039725713608,0.25866632239185594,0.0,0.0
s11T2222,0.23725070347179295,0.022818620777303553,0.0,0.08330214173041639,0.0,0.0,0.0,0.054243096963131905,0.0,0.0,0.0,0.08763192587031295,0.0008987304674807715,0.0007392963983328158,0.441903819789321,0.0,0.0,0.0,0.009412888344774852,0.0005526999821077299,0.0,0.00038771665975798796,0.0,0.029012030142633812,0.03184632940263324,0.0,0.0
s12T2222,0.18737222822514155,0.02181663693604207,0.0,0.0,0.0,0.0,0.0,0.17728708760969125,0.0,0.0038146457649201712,0.0,0.062064937409179344,0.0002705607211191633,0.0,0.4850044455864298,0.0,0.0,0.0,0.014424180982760671,0.0,0.0,0.001850724915751526,0.0,0.03402002098873277,0.01001042831327868,0.0,0.0020641025469530297
s13T2222,0.22699902886594334,0.01960104324677922,0.0,0.026278340421852862,0.0,0.0,0.0,0.12845849350345306,0.0,0.00356656445247553,0.0,0.061613268332849865,0.0008108072723234797,0.0,0.43162289195915976,0.0,0.0,0.0,0.015798300589856564,0.00014623715982828425,0.0,0.0009115493040957667,0.0,0.035058763724842894,0.04842460843101516,0.0,0.0007101027355241006
s14T2222,0.19075775113268495,0.005285338859402989,0.0,0.021620980878765645,0.0034078626511671556,0.0011165512543705068,0.009414247519211742,0.09465504736673659,0.0,0.021177484986564864,0.01160501782344523,0.0,0.0,0.17125671761842592,0.056325170942426166,0.028915417584291257,0.0,0.0,0.2661245343562975,0.0,0.0,0.0,0.0,0.0355233012267959,0.058710955555820926,0.024103620243592607,0.0
s15T2222,0.1216682091156104,0.08344442489122188,0.001192546889185329,0.014965509122111838,0.0,0.0,0.0015319037389707928,0.4626119006217111,0.0,0.09414347393115707,0.02553963882223428,0.0,0.0,0.00707504423757824,0.14333150473303982,0.0,0.0,2.3951882504834057e-05,0.0034010308344608756,0.0,0.0,0.0,0.0,0.036266293563855696,0.0038235604038602475,0.0006372318919012839,0.00034377532059627554
s02M2322,0.18026229722436998,0.0,0.0,0.0,0.0,0.002218406550751314,0.0,0.0017130921448080627,0.0,0.04109964478657124,0.0,0.0,0.0,0.3919739503251582,0.0,0.001837131521652426,0.0,0.23645725155136998,0.0,0.0,0.014466852227314055,0.0,0.0,0.011994750668472347,0.0,0.11797662299953239,0.0
s03M2322,0.5607024172107812,0.0,0.0,0.0,0.0009071480280191404,0.016614179342969517,0.0,0.005337680120191648,0.0,0.022363235062958887,0.0,0.0,0.00019117102079317305,0.12217759114597684,0.008728309922577176,0.015357801089027965,0.0,0.1432812644170358,0.004115915024769124,0.0,0.032216590355063156,0.0,0.0,0.016386981544236873,0.0,0.051619715715599326,0.0
s04M2322,0.16842474085035686,0.0,0.0,0.0,0.0,0.000369059718904878,0.0,0.0013026816300456536,0.0,0.0318528052658811,0.0,0.0,0.0,0.4008067027566854,0.000993447107875007,0.0,0.0,0.17870967271863972,0.0,0.0,0.009656556861542511,0.0,0.0,0.008047483634124308,0.0,0.19983684945594463,0.0
s05M2322,0.48937570485616516,0.0,0.0,0.0,0.005959065205230512,0.017763545765855558,0.0,0.0056225090187677585,0.0,0.04140625835498096,0.0,0.0,0.0,0.14870253948728387,0.002519299685509188,0.0634443922524596,0.0,0.1639575956899053,0.0,0.0,0.015300269133953909,0.0,0.0,0.006721857850619168,0.0,0.03922696269926899,0.0
s06M2322,0.6345321321491828,0.0012389174580202022,0.00016407262634017035,0.0,0.0014057025248291422,0.0029344304714295187,0.0,0.006499630265172567,0.0,0.008205776007098901,0.0010351729590907966,0.0,0.0,0.13328986689700145,0.002857643372945629,0.008888880497345694,0.0,0.0663912798025738,0.0,0.0,0.004033240125086246,0.0,0.08274406516389639,0.0,0.0,0.045779189679986766,0.0
s07M2322,0.26185338154334553,0.0,0.0,0.0,0.0,0.0,0.0,0.004911155267710062,0.0,0.0,0.0,0.0017403606422531064,0.0,0.5911234676013123,0.0014889508548622738,0.0,0.0,0.0,0.0,0.0,0.006183340051659579,0.0,0.0,0.005597877064242434,0.00029533305822283167,0.12680613391639184,0.0
s08M2322,0.0,0.41828517230239026,0.0,0.01436147949479462,0.0,0.0,0.0,0.012154377089523608,0.0,0.0,0.0,0.39368631851260105,0.0,0.0,0.13906510110382367,0.0,0.0,0.0,0.0,0.0,0.0,0.0048825611370824674,0.0,0.0,0.017564990359784278,0.0,0.0
s09M2322,0.0,0.0012642503168259103,0.0,0.031050598156161367,0.0,0.0,0.0,0.0923320836686665,0.008365610148716552,0.0,0.03217089052071506,0.0,0.0,0.0,0.33229673549219063,0.0,0.0,0.0,0.0,0.0,0.3561755209476437,0.01092266563720525,0.0,0.12035182980451394,0.015069815307361196,0.0,0.0
s10M2322,0.0,0.007826146809523503,0.0,0.06197422405479496,0.0,0.0,0.0,0.09698689579613685,0.0005576991698550029,0.0006069293791178996,0.02636029472885346,0.027768113119646876,0.0,0.0,0.44001761193671163,0.0,0.0,0.0,0.09061389371293402,0.0,0.13905132467076484,0.006576900512213546,0.0,0.08348255203215668,0.018177414077290854,0.0,0.0
s11M2322,0.0,0.0,0.0,0.057875609140270116,0.0,0.0,0.0,0.10129942091515462,0.0,0.00402389536335743,0.09041465775278806,0.0,0.0,0.0,0.5135774210695396,0.0,0.0,0.0,0.00417313455509559,0.0,0.12263729790939504,0.008467738565216647,0.0,0.09058110653152263,0.006949718197660295,0.0,0.0
s12M2322,0.0,0.006310248633794917,0.0,0.03995780627249455,0.0,0.0,0.0,0.09602124750530915,0.0,0.0,0.04394067576352555,0.007756840898345991,0.0,0.0,0.6364339077045442,0.0,0.0,0.0,0.0,0.0,0.10112347502878694,0.0060188930364675425,0.0,0.05621350865950207,0.00622339649722899,0.0,0.0
s13M2322,0.003261548829046625,0.007559799245994905,0.0,0.0461021183584153,0.0003793937220443471,0.0,0.0,0.05916327498035524,0.0,0.00022619529356878522,0.03901589628532512,0.018230448642454104,0.0,0.0,0.6443800685268962,0.0,0.0,0.0,0.0,0.0,0.10545969795221861,0.00705968165041967,0.0,0.062219672668211046,0.006942203845049975,0.0,0.0
s14M2322,0.022958709431488557,0.014792914184738448,0.0,0.058946880717741734,0.0,0.0020511699939858817,0.0,0.2882243779187838,0.0,0.008181936129511697,0.08286529796465819,0.0,0.0,0.0017248093088736709,0.4493886320207053,0.0010785348792180566,0.0,0.0,0.0,0.0,0.014977895996833074,0.0,0.0,0.054808841453461786,0.0,0.0,0.0
s15M2322,0.14121319564702936,0.011633994538603629,0.0,0.01595834866157398,0.01757625874609457,0.003580859560069109,0.0,0.17814774185326723,0.0,0.03027643694212088,0.10533227885520487,0.0,0.0,0.005240062964870635,0.2841418063426262,0.0,0.0,0.0,0.17221852163242296,0.0,0.0,0.0,0.0,0.034398288668387456,0.0,0.0002822055877291979,0.0
s02T2322,0.6122138734246219,0.011565821098826713,0.0,0.0,0.01183514858331733,0.001755837747938865,0.0,0.00011307109446337563,0.0010715921797333809,0.0,0.0,0.0,0.0005438705765245975,0.2043568098069235,0.0,0.005525942645195761,0.011306508536360343,0.08212420852519825,0.0,0.0,0.028144073137832654,0.0,0.0,0.0,0.0,0.02944324264306319,0.0
s03T2322,0.7955956524219496,0.0,0.0,0.0,0.017626041453526208,0.005339652430762551,0.0,0.001278948246723471,0.0033820411657857798,0.002745669686610742,0.0,0.0,0.0026923358368359847,0.056237170496727704,0.010940631570463077,0.0037837313386914796,0.0,0.07850275623800565,0.008684600751190244,0.0,0.0,0.0,0.0,0.0,0.0,0.013190768362727328,0.0
s04T2322,0.7516146030727126,0.0,0.0,0.0,0.0,0.00875639273853338,0.0,0.009773619755562851,0.0,0.0,0.0,0.0,0.0,0.04577917112843266,0.03999176707576976,0.05537092071839837,0.0,0.04939705871622272,0.01393822636217888,0.0,0.0,0.0,0.0,0.0,0.0,0.025378240432188896,0.0
s05T2322,0.7694235390357017,0.0,0.0,0.0,0.010980332542778335,0.016258272174281167,0.0,0.0012658244572248281,0.0024451700439414754,0.00807104179461716,0.0,0.0,0.0005393083636448366,0.051066214686075403,0.004677940339465501,0.02144162136401579,0.0,0.09356692125597295,0.007134831369660629,0.0,0.0,0.0,0.0,0.0,0.0,0.013128982572620154,0.0
s06T2322,0.7626761639266695,0.0,0.0,0.0,0.007123614457952373,0.014986233551991359,0.0,0.012119420322373765,0.0,0.007444192878168906,0.0016131411245960308,0.0,0.00014490185483237027,0.06530217421000653,0.0071807474347577215,0.01597867861061505,0.0,0.056580347938236006,0.027106666159544584,0.0,0.0,0.0,0.008293946535910673,0.0,0.0,0.013449770994345139,0.0
s07T2322,0.6229556632425064,0.0,0.0,0.0,0.0,0.001389032644795548,0.0,0.005028605196852211,0.002434919613968645,0.0002548584265290387,0.0011263520081470947,0.0011950633239564007,0.00012779175724911748,0.26264539388500285,0.013853667305127049,0.0,0.0,0.02760960813539434,0.007509449700611832,0.0,0.0,0.0,0.0,0.0,0.0,0.05386959475985939,0.0
s08T2322,0.0031461258734927144,0.828083911049833,0.001676543114474545,0.0,0.004505798570112173,0.0,0.0,0.004997727917368719,0.0,0.0,0.0,0.1429878292503993,0.0,0.0,0.007299867592116792,0.0,0.0,0.00023551369033066798,0.0,0.0,0.0,0.0009306810280026418,0.0,0.0,0.006136001913869194,0.0,0.0
s09T2322,0.0,0.0,0.0,0.016596496660295553,0.0,0.0,0.0,0.3856657838207282,0.03829533214453407,0.0012666161464256614,0.006401838901388043,0.0,0.0,0.0,0.4823670962273693,0.0,0.0,0.0,0.0,0.0,0.026120493741180133,0.0,0.0,0.04328634235807905,0.0,0.0,0.0
s10T2322,0.004733070925870185,0.0,0.0,0.04933857629381917,0.0,0.0,0.0,0.33387773315974584,0.024894538756794888,0.002657964500290704,0.02369387346052923,0.0,0.0,0.0,0.5201183979693521,0.0,0.0,7.93051547031291e-05,0.00012643743259864587,0.0,0.03122681861841664,0.0,0.0,0.009253283727879386,0.0,0.0,0.0
s11T2322,0.0,0.01599694782823486,0.0,0.06556815407542507,0.0,0.0,0.0,0.27540121579332866,0.005715486471956094,0.0022116416294583347,0.008204175345715227,0.034648251648608366,0.0,0.0,0.5505902659589101,0.0,0.0,0.0,0.0,0.0,0.00021086669470847283,0.0,0.0,0.041452994553654775,0.0,0.0,0.0
s12T2322,0.0,0.007938745248349467,0.0006659317342557526,0.05913228803568079,0.0,0.0,0.0,0.495197679847766,0.032167484281827446,0.0307349033691912,0.010598779088528059,0.0,0.0,0.0,0.3330074950571553,0.0,0.0,0.0,0.0,0.0,0.020470195753246292,0.0,0.0,0.01008649758399983,0.0,0.0,0.0
s13T2322,0.0,0.0007303056568897837,0.0,0.13399408462744564,0.0,0.0,0.0,0.09573214336424118,0.011848790507483619,0.001372513093363203,0.03147789456532019,0.0,0.0,0.0,0.6245184890309001,0.0,0.0,0.0,0.0,0.0,0.04203310752872775,0.0,0.0,0.05829267162562847,0.0,0.0,0.0
s14T2322,0.0,0.0,0.0,0.0,0.04399240182903993,0.0,0.0,0.23227972541039227,0.0,0.009861358523998049,0.05345348127188503,0.0,0.0,0.0,0.6076589849634062,0.0,0.0,0.0,0.0,0.0,0.012803412109337805,0.0,0.0,0.039950635891940825,0.0,0.0,0.0
s15T2322,0.4014161050178899,0.02251429123250594,0.0005418756347449464,0.0,0.004139969795838902,0.00679145011867134,0.0,0.08468348952080648,0.0,0.028608354295975018,0.011170783172436222,0.0,0.0,0.09978531238279183,0.07040965463941835,0.013572120003482029,0.0,0.056258575898578536,0.15235099854894005,0.0,0.0,0.0,0.0,0.018134772891929912,0.0,0.029622246845990564,0.0
s02M2422,0.5860960263686769,0.0,0.0,0.0,0.0,0.31829277587116095,0.0,0.0,0.00463895934254992,0.023786656116924085,0.008474507520716346,0.0,0.005309801265370934,0.046252678309489766,0.001618304203861012,0.0,8.052656034094973e-05,0.0,0.0,0.0,0.005403119501730331,4.664493917873001e-05,0.0,0.0,0.0,0.0,0.0
s03M2422,0.6008686350136647,0.0,0.0,0.0,0.0,0.24144668499104835,0.0,0.0,0.0032279842510869704,0.031948883274493925,0.006127962874634144,0.0,0.0003717672819571728,0.034336471338884934,0.024734049775194132,0.0,0.001919069790409106,0.0,0.017773403055612907,0.0,0.016697960972675736,0.0,0.017063124765268556,0.0,0.0,0.0034840026150691136,0.0
s04M2422,0.06267539955633139,0.0,0.0,0.0,0.0,0.7825263682648099,0.0,0.0,0.0016191989210744785,0.1465608244353549,0.0,0.0,0.006076989498994202,0.0,0.0,0.0,0.0005412193234351108,0.0,0.0,0.0,0.0,0.0,0.0,0.0,0.0,0.0,0.0
s05M2422,0.6675863367829167,0.0,0.0,0.0,0.0,0.11036090482556636,0.0,0.0025039367762329746,0.00013941745107043342,0.13391980550847557,6.994759224622396e-05,0.0,0.0,0.03148200590311801,0.00043613425103284015,0.02089336531077706,0.0,0.023257353498689876,0.009311097447398851,0.0,0.0,0.0,0.0,0.0,0.0,3.969465247531004e-05,0.0
s06M2422,0.4383207977902762,0.0,0.0,0.0,0.0,0.41586990054658324,0.0,0.0,0.001462874909578152,0.09080283610796032,0.0,0.0,0.0,0.011736236707136912,0.0,0.02093287890630298,0.0,0.0,0.0,0.0,0.0,0.0,0.02087447503216216,0.0,0.0,0.0,0.0
s07M2422,0.6361333963751696,0.0,0.0,0.0,0.0,0.15068156661921603,0.0,0.0007630692327101385,0.0034644644087185915,0.05257779813255065,0.0,0.0,0.0,0.06955909373995654,0.006255524921965488,0.0356124214397978,0.0,0.013718658827222107,0.0,0.0,0.0,0.0,0.02174265235021112,0.0,0.0010046653980814025,0.008486688554400667,0.0
s08M2422,0.0,0.6690292028039555,0.0,0.023826072912687984,0.0,0.0,0.0,0.005852059601460502,0.0,0.0,0.0,0.21209956537988017,0.0,0.0,0.07732512247159719,0.0,0.0,0.0,0.0,0.0,0.0,0.0024506717972496432,0.0,0.0,0.009417305033169059,0.0,0.0
s09M2422,0.0,0.012222204813956616,0.0,0.0,0.0,0.0,0.0,0.06545176252498222,0.03337586374809457,0.0,0.0,0.05256620198554134,0.0,0.0,0.7341925573563736,0.0,0.0,0.0,0.0,0.0,0.0,0.011341822437808412,0.0,0.026046093111984615,0.06480349402125853,0.0,0.0
s10M2422,0.0,0.0,0.0,0.12785476917544467,0.0,0.0,0.0,0.06065227731518446,0.023264353369608203,0.0012691717614053228,0.03803734850896013,0.0,0.0,9.358379381355753e-05,0.6144257760782931,0.0,0.0,0.0,0.0,0.0,0.0,0.003842838414376456,0.0,0.049396233572437845,0.0811636480104761,0.0,0.0
s11M2422,0.0,0.0010858731058502344,0.0,0.0019946454448087256,0.027330054859534637,0.00042395457182157727,0.0,0.06122198817053795,0.027260888817606393,0.003052715598485326,0.013903707482866434,0.0,0.0,0.005004351376869626,0.7455016271299081,0.0010920111397323823,0.0,0.0,0.00601677221527967,0.0,0.0,0.006302701881284533,0.0,0.05087396161874091,0.048934746586673676,0.0,0.0
s12M2422,0.07194134295604021,0.012102608448884791,0.0,0.016508500034960336,0.02552292749797167,0.005353005175301733,0.0,0.06911447971765906,0.016606469693274617,0.0127544564229043,0.022021661683581845,0.0,0.0,0.002453035644688277,0.6390732858860617,0.0,0.0,0.0,0.023123701951668914,0.0,0.0,0.0,0.0,0.06290680505679011,0.01972155860582735,0.0004356210839424311,0.00036054014044259057
s13M2422,0.06242978960860272,0.0056646199318326085,0.0,0.06068134843936027,0.023512797893024594,0.010467609376423792,0.0,0.08162929223210723,0.02113969381845108,0.024450506549395647,0.044678296044514225,0.0,0.0,0.0,0.5765905199397792,0.0,0.0,0.0012768435291872079,0.0,0.0,0.0,0.001311494493615477,0.0,0.06693416708007575,0.015952198438078005,0.0,0.003280822625552046
s14M2422,0.10202321697972612,0.004578394693185768,7.593451984370291e-05,0.11684133943093994,0.0,0.006444056543027461,0.0,0.1292753384984213,0.018166277800589815,0.06009287671197043,0.0625752139421276,0.0,0.0,0.0018854630972933283,0.48192730428905706,0.0,0.0,0.0,0.0019371341528515375,0.0,0.0,0.0,0.0,0.013993124905903103,0.0,0.00018432443506272942,0.0
s15M2422,0.5507176913946958,0.02411343253671395,0.00044831617006975335,0.0061299408424350605,0.0030037020265415693,0.08246698822179727,8.129138055582523e-05,0.02334914956955673,0.0006510440845663046,0.08347809449679637,0.006730469446222869,0.0,0.0,0.06488495409706932,0.07010781665634189,0.028454580904151528,0.0,0.036814449801021464,0.008704545012202455,0.0,0.0,0.0,0.0,0.0,0.0006637981954728684,0.009199735163788967,0.0
s01X2422,0.1794681513917655,0.0,3.0738093435641016e-05,0.0,0.0,0.4173794416863247,0.0,0.0343979132850516,0.0,0.2784712994361942,0.007972938594763324,0.0,0.0,0.0,0.05358752663838289,0.0,0.0,0.02869199087408223,0.0,0.0,0.0,0.0,0.0,0.0,0.0,0.0,0.0
s02T2422,0.0,0.0,0.0,0.0,0.0,0.43882349033514595,0.0,0.04447168616126972,0.0,0.4526707902573038,0.0,0.0,0.0,0.007251468579520197,0.05666691975801721,0.0,0.00011564490874309266,0.0,0.0,0.0,0.0,0.0,0.0,0.0,0.0,0.0,0.0
s03T2422,0.22505612171037387,0.0,0.0,0.0,0.13956378300039463,0.15871626214868506,0.0,0.03911937335913074,0.0,0.3122047640372176,0.016264582691412413,0.0,0.0,0.0,0.08978321512218262,0.0,0.0,0.0,0.0021678219994758162,0.0,0.0,0.0,0.0,0.01712407593112719,0.0,0.0,0.0
s04T2422,0.3552281104807716,0.00046782019045704405,5.768948863200026e-06,0.0,0.04218330485702892,0.1613542821585672,0.0,0.0041255037629614535,0.0031026477234055863,0.3192327421693477,0.02143170302131661,0.0,0.0,0.015044570801632622,0.025362866904252625,0.011169853735619406,0.0,0.038877554065478576,0.0024132711802974075,0.0,0.0,0.0,0.0,0.0,0.0,0.0,0.0
s05T2422,0.0,0.0,0.0,0.0,0.0,0.4383923231138577,0.0,0.0029871870384104125,0.0,0.523634311548883,0.015045848330533455,0.0,0.0,0.0,0.01034149262610483,0.0,0.0,0.0,0.009331623092177109,0.0,0.0,0.00026721425003367204,0.0,0.0,0.0,0.0,0.0
s06T2422,0.6432742369361433,0.0013934136297165413,5.6923955446628157e-05,0.0,0.021170398084450162,0.11707184498830836,0.0,0.007732750149526616,0.0015004581090061842,0.11979028867616548,0.011866129954968555,0.0,0.0,0.014708895602350756,0.003354514850778799,0.02696385642739123,0.0,0.007414010320922968,0.014742078846661913,0.0,0.004104471359105839,0.0,0.0019867658147058606,0.0,0.0028689622943509204,0.0,0.0
s07T2422,0.6481068196693931,0.007614825776274707,0.000177821283610889,0.0006535679420091579,0.005625786261457373,0.10049012791180964,0.0,0.007061472403547639,0.003761287462735506,0.029067067387105905,0.004534370173443116,0.0,0.002874763192540308,0.07314084493551821,0.04196406302393351,0.04141840590889804,0.0,0.0034535793584653104,0.011295820382793654,0.0,0.0,9.774788557137552e-05,0.010453033229735328,0.0,0.005703070050011022,0.002505525761145907,0.0
s08T2422,0.0,0.7325628993818496,0.0,0.10112283470807552,0.0,0.0,0.0,0.0,0.0,0.0,0.0,0.1269348281835532,0.0,0.0,0.03840997189954769,0.0,0.0,0.0,0.0,0.0,0.0,0.0,0.0,0.0,0.0009694658269739217,0.0,0.0
s09T2422,0.0,0.022193369837252484,0.0,0.0,0.0,0.0,0.0,0.01961245091836495,0.003822884151171001,0.0,0.0,0.09248772564623878,0.0,0.0,0.7198829976222828,0.0,0.0,0.0,0.0,0.0,0.0,0.015420333730435309,0.0,0.04675002497777204,0.07983021311648253,0.0,0.0
s10T2422,0.0,0.004887535013214214,0.0,0.0,0.0,0.002400335927613999,0.0,0.0083603109019299,0.020403008347007364,0.0011571443083157823,0.017523632825612853,0.0,0.0,0.0,0.7124577698321725,0.0,0.0,0.0,0.0,0.0,0.0,0.018380457908372883,0.0,0.0718962713952152,0.14253353354054543,0.0,0.0
s11T2422,0.0,0.00046817359367594267,0.0,0.0,0.005754686284526119,0.0,0.0,0.011838472818193958,0.02298718768362157,0.0,0.015192295370652352,0.0,0.0,0.0,0.674088900152307,0.0,0.0,0.0,0.0,0.0,0.0,0.005664699556178998,0.0,0.05330459220045728,0.21070099234038694,0.0,0.0
s12T2422,0.03937847066543312,0.008255003357320018,0.0,0.06675991564147932,0.019152017720425046,0.004939224283422035,0.003209078630884866,0.023112464960008225,0.011229845465500588,0.005699439849319646,0.03201934958108189,0.0,0.0,0.011706978052730145,0.5885241642295963,7.211919331141636e-05,0.0,0.0,0.0033687220704022294,0.0,0.0,0.004253077898895934,0.0,0.05696355813590846,0.12135657026428069,0.0,0.0
s13T2422,0.0,0.0,0.0,0.01710580720458021,0.019481422131140493,0.0025512548620657944,0.0,0.015049279686620367,0.020326855663343867,0.0027420230022733865,0.029861545410609088,0.0,0.0,0.0010402441209991908,0.6287898635598334,0.0,0.0,0.0,0.0,0.0,0.0,0.0064124926716602115,0.0,0.06935007044593265,0.18728914124094126,0.0,0.0
s14T2422,0.20955624652178398,0.033863245173945684,0.0005967354272506096,0.07886639818969472,0.051882516494575495,0.024563960192171948,0.002747793585049585,0.07572845957474765,0.0030767749670608273,0.061636883577438954,0.07390261641300234,0.0,0.0,0.01268726168575036,0.3245638025124087,0.0,0.0,0.006835109297589784,0.0,0.0,0.0,0.0,0.0,0.03804750089904334,0.0014446954884859424,0.0,0.0
s15T2422,0.1417523732466196,0.042048472396409554,0.0009631281792899928,0.04408322257872205,0.05142015249362114,0.0767986498364964,0.005857013955413668,0.055425980436641924,0.0006460684901424869,0.11900170182115469,0.048302204025656326,0.0,0.0,0.038528036500117185,0.1976467267369672,0.0,0.0,0.07178331383213432,0.013230039575715924,0.0,0.0,0.0,0.0,0.03230105896186227,0.04510556253792249,0.0032218189665701143,0.01188447542854272
s02M2522,0.3129000932747576,0.026104732274629457,0.0,0.0,0.06864010432927559,0.11291734371750932,0.0,0.011882720717967097,0.0,0.08951649149489832,0.004983114433486578,0.0,0.0,0.11124928981453908,0.015986113594648084,0.0,0.01363319110976974,0.11848114877685718,0.0,0.0,0.05597833938593627,0.0,0.0,0.01995717391526288,0.003516468437568115,0.03425367472289484,0.0
s03M2522,0.4106141655064221,0.01349203116275038,0.0005664634918248913,0.0,0.05765859773797297,0.1768663902353084,0.0,0.01810132522548089,0.0,0.03785414320034024,0.0032481607488823614,0.0,0.0,0.08144506289322312,0.02115538871325065,0.0,0.0,0.11860658509045989,0.0,0.0,0.019283595616097507,0.0,0.0,0.018373743174726946,0.0018279335723303345,0.02090641363092945,0.0
s04M2522,0.48141111619855587,0.0034687936192043713,0.00047016928153592195,0.011007132835759319,0.10547595533242553,0.10625506634911172,0.0,0.011725052991557896,0.0,0.06502591430412213,0.0029255512877922165,0.0,0.0,0.05732634608586414,0.0,0.08332138239263888,0.0,0.020200428964252854,0.0,0.0,0.014786258501444919,0.0,0.0,0.010790992994307665,0.00574314751510541,0.020066691346321185,0.0
s05M2522,0.6182860732085406,0.009105198070351261,0.0003278048350356076,0.004271743143456553,0.0718349255786505,0.05553243257193183,0.0,0.013592034913999858,0.0,0.025647793396189122,0.00321047114866686,0.0,0.0,0.05167018117602238,0.0031460948977326737,0.016428053745389217,0.0,0.04942835639954437,0.030857138081901037,0.0,0.010010674596205216,0.0,0.0,0.010514428601837116,0.0030197016747009497,0.02311689395984492,0.0
s06M2522,0.5017930750531538,0.007478202270706768,0.00030942179257823253,0.008110042476486981,0.08218493576356349,0.06089661699911362,0.0,0.012576688247336277,0.0,0.05236592045489354,0.009486074748197185,0.0,0.0,0.05743862696966316,0.016622270745372567,0.019816068838896944,0.0,0.11911330889135686,0.017754358517428247,0.0,0.007861273716521101,0.0,0.0,0.009553918843098417,0.0025973548828724232,0.014041840788760073,0.0
s07M2522,0.4579702312388268,0.009007344916957465,0.00025845117202621156,0.022191915503971826,0.04291595346180117,0.02059729197638145,0.0019277748539665376,0.011949312666180009,0.0027770255727697815,0.022513150807610155,0.011639491130834923,0.0,0.0,0.15475367363000067,0.03820842359336585,0.015494499644623846,0.0,0.05926282691316232,0.0,0.0,0.0,0.0,0.03551197887163481,0.0064297426426489345,0.04434320745743952,0.04224770394579773,0.0
s08M2522,0.0,0.4434583321682984,0.0,0.07901797469145955,0.0,0.0,0.0,0.0,0.0,0.0,0.0,0.3397820333896598,0.0,0.0,0.08505133927564595,0.0,0.0,0.0,0.013793774877295203,0.0,0.0,0.0014948946147568445,0.0,0.0,0.004283159482678052,0.0,0.03311849150020622
s09M2522,0.0,0.014064577494739968,0.0015895215997982287,0.0,0.0,0.0,0.0,0.023052246085798634,0.001750486643025436,0.00365196212233193,0.0008647613867232115,0.0,0.0,0.0,0.8408750475841885,0.0012671998045072008,0.0,0.0013729918055246316,0.0002969209515043891,0.0,0.0,0.005164229777068836,0.0,0.0050336684068488765,0.10101638633794004,0.0,0.0
s10M2522,0.011526415041160686,0.0,0.00040089208238313604,0.017086042099039862,0.0,0.0,0.002676359014686364,0.013444402848137485,0.003155241804763491,0.0017524128743752875,0.0032424981309945484,0.00820082705030765,5.834326747869451e-05,0.001413835381942799,0.831265117235934,8.59962189734379e-05,0.0,0.0011283485188251787,0.0017168306557919916,0.0,0.0,0.0,0.0,0.0007862240625770851,0.09935481001099124,0.0,0.0027054037016371866
s12M2522,0.0,0.0,0.0,0.14506409965419745,0.0,0.0,0.0,0.011927882476234235,0.011385038612662247,0.0018658469615447214,0.0,0.0,0.0,0.0,0.7743060699334267,0.0,0.0,0.0,0.00016527953142452692,0.0,0.006523300142251036,0.0,0.0,0.0,0.04876248268825904,0.0,0.0
s13M2522,0.0,0.0,0.0,0.0,0.0,0.0,0.0,0.010439186077772054,0.0,0.006675768859255518,0.00017851316788742606,0.0,0.0,0.0,0.9416904191280372,0.0002873560382479956,0.0,0.0006738814771173932,0.002533965810889278,0.0,0.001180092005868885,0.0,0.0,0.0016355703357292658,0.03470524709919502,0.0,0.0
s14M2522,0.0,0.0,0.0,0.03720199315815762,0.07588723896671973,0.0,0.002510094761393726,0.015116023933007915,0.0,0.014348842217465992,0.03986832570325332,0.0,0.0,0.0017913246371081388,0.7947788793523817,0.0,0.0,0.0,0.0,0.0,0.0,0.0,0.0,0.01849727727051168,0.0,0.0,0.0
s15M2522,0.09380637942670728,0.0,0.0,0.12653226352159505,0.09990457668475655,0.010144676262402386,0.02981900389221478,0.04193102940661715,0.0,0.05225594793413571,0.04414160194973127,0.0,0.0,0.08139065055116561,0.31079523503689366,0.0,0.0,0.016353593944428844,0.0,0.0,0.0,0.0,0.0,0.031484875335226835,0.04560109147712753,0.015839074576997292,0.0
s01X2522,0.41754678110120347,0.0006300466896141847,0.0002604034744316602,0.0,0.04068911650316555,0.14465133210771985,0.0,0.007832758255256514,0.00043958849010442783,0.028465371291448036,0.0002122590973532984,0.003367445604115254,0.0,0.10408977453516027,0.023986382451353327,0.06791806561789579,0.0,0.11315936209966479,0.0,0.0,0.0019263229770914094,0.0,0.0,0.007564886066993487,0.002030553354113731,0.035229550283314856,0.0
s02T2522,0.3413845751417674,0.0,0.0,0.0006439529154119986,0.1130011596604612,0.08937320842315907,0.0,0.015677529672380387,0.0,0.18195925503220156,0.007579446260627613,0.006703694548538444,0.0,0.08346184998211471,0.0,0.016210426779839977,0.0,0.10075498549335533,0.0010663452188255163,0.0,0.0,0.0,0.0,0.01460225722306978,0.0015689436914545173,0.02601236995679237,0.0
s03T2522,0.0,0.0,0.0,0.0,0.1375919783172597,0.15888069748304728,0.0,0.0237213665699385,0.0,0.3466795916966674,0.03117441243404319,0.0,0.0,0.005324452460403158,0.0,0.0,0.0,0.26789719122958294,0.0,0.0,0.0,0.0,0.0,0.028730309809057834,0.0,0.0,0.0
s04T2522,0.18295052248575863,0.0010141267055210701,0.0005072614734347734,0.004887909136558059,0.12640284218489437,0.1522275629148221,0.0,0.025817474539835735,0.0,0.34533908530005347,0.0016674985343598078,0.0,0.0,0.0012731767305234967,0.0,0.07555474310068455,0.0,0.05908604935692706,0.0,0.0,0.0,0.0,0.0,0.01622684884641426,0.0036378760906274118,0.003407022599585186,0.0
s05T2522,0.11217769558690295,0.00551455236988171,0.0006002511106316538,0.010583220853660544,0.17499940381598403,0.11304413612258858,0.0,0.036645453978224406,0.0,0.2875161236578341,0.005038483469987755,0.0,0.0,0.0,0.0,0.060776247732943614,0.0,0.16749274361441474,0.0,0.0,0.004326112033084042,0.0,0.0,0.017952370504061635,0.0033332051498003155,0.0,0.0
s06T2522,0.4033069403673031,0.021092567394695772,0.0008602590057391899,0.011282737089267256,0.13735233709915556,0.08425120530613105,0.0,0.021264548069882767,0.0,0.13994460644886544,0.0028280722430359022,0.0,0.0,0.0030145534030819273,0.0,0.09192595399662627,0.0,0.048907002810497056,0.0,0.0,0.01569044920098776,0.0,0.0,0.01325551591567856,0.004725017242543375,0.0002982344065091189,0.0
s07T2522,0.3529062638158576,0.009905328661886717,0.0004746280427803294,0.007304983186523196,0.10624276231671677,0.0975793373108775,0.0006197415721316973,0.01583800124593087,0.0,0.08632468153202581,0.0046301165184542805,0.0,0.0,0.04713616474900022,0.004063638518961065,0.06642957075028733,0.0,0.16331158986630157,0.0,0.0,0.010191885586574679,0.0,0.0,0.01086526032220722,0.0020387540542907544,0.014137291949192252,0.0
s08T2522,0.0,0.7980875456681809,0.0,0.071388381260585,0.0,0.0,0.0,0.0,0.0,0.0,0.0,0.065146728546176,0.0,0.0,0.024475742362641193,0.0,0.0,0.0,0.0,0.0,0.0,0.0,0.00015120269324337418,0.0,0.0,0.0,0.04075039946917366
s09T2522,0.0,0.03288709254112799,0.013995722264881102,0.0,0.0,0.0,0.0,0.0,0.009703343882398689,0.0,0.0,0.10535620143574587,0.0,0.0,0.754770868646313,0.0,0.0,0.0,0.0026258395430293533,0.0,0.0,0.041369419053010545,0.0,0.0,0.03929151263349357,0.0,0.0
s10T2522,0.0727531168974475,0.0,0.009232810433655302,0.0,0.0,0.0,0.0,0.0,0.0,0.0,0.0,0.03894584445306377,0.0,0.0,0.7489565700023451,0.0,0.0,0.0,0.0,0.0,0.0,0.03666559655619378,0.0,0.0008406373009382669,0.09260542435635637,0.0,0.0
s11T2522,0.07382034953992545,0.0,0.004187213172936334,0.0,0.0,0.0,0.0,0.0,0.0,0.0,0.0,0.017826109402976038,0.0,0.0,0.7702548018312286,0.0,0.0,0.0,0.0006955358812669759,0.0,0.0,0.0368831814058539,0.0,0.0033908894146458643,0.09294191935116666,0.0,0.0
s12T2522,0.09708144928811772,0.0,0.0026115109384493716,0.06965509000770463,0.0,0.0,0.006279056940041737,0.0,0.0,0.0003413622352340574,0.0,0.0014556849886210282,0.0,0.0032853373216831247,0.6765601547970249,0.0,0.0,0.0,0.008935987755558166,0.0,0.0,0.029278704647791334,0.0,0.002882815406333307,0.10161709718430034,1.574848914033355e-05,0.0
s13T2522,0.029465029360024,0.0,0.002512097054787316,0.08491342019417372,0.0,0.0,0.014497615040749862,0.0,0.0,0.00037069098430205096,0.0,0.0,0.0,0.006864580623672135,0.7296089727748296,0.0,0.00017620370061285408,0.0,0.008011592946627953,0.0,0.0,0.028303856144113716,0.0,0.0044464749969785715,0.09039784217423286,0.00043162400489544036,0.0
s14T2522,0.0008054327532305531,0.0,0.0,0.21188763106379052,0.023823448641585157,0.0,0.0337362044775675,0.008615123127975221,0.0,0.007564835338585371,0.022283089100828223,0.0,0.0,0.012856345679369033,0.6650728597379096,0.0,0.0,0.0,0.0034415611389692594,0.0,0.0,0.0,0.0,0.008241176875002549,0.0,0.0016722920651870705,0.0
s15T2522,0.13662589203913705,0.013466258319030928,0.000521410645279795,0.059540339843098256,0.13200801909121773,0.02205365602488791,0.027304882165300567,0.031578564426522016,0.0,0.11931814683317317,0.028596070306203314,0.0,0.0,0.04640827764867933,0.18885699274777462,0.035270044117004885,0.0,0.11427592803318756,0.0,0.0,0.0,0.0,0.0,0.020135987030528067,0.009340429688663268,0.007372710135912799,0.007326390904398552
s02M2622,0.5844787005050124,0.0025885717384259667,0.0,0.0061354521164583235,0.13380657461099016,0.04606691811178799,0.0,0.006233791435065765,0.0,0.0029564959256192613,0.0008336071015605598,0.002778612915919249,0.0,0.0011021217471495301,0.0,0.05436905694486497,0.0,0.13955081167670363,0.0,0.0,0.0,0.0,0.0,0.012459885571353801,0.002961062617452504,0.0036783369816359122,0.0
s03M2622,0.23150010699812262,0.0024659339163860964,0.0001831848892378474,0.002351832569581658,0.12671524453192337,0.23478683345692244,0.0,0.011111319344487579,0.0016245891798148092,0.03024907970427858,0.015314846386891073,0.0011541042508056074,0.0,0.08969421050305874,0.02947612665245485,0.0,0.0,0.19508482377207628,0.0,0.0,0.0,7.510245858819727e-05,0.0,0.014576690435543695,0.0015351295289885165,0.012100841420838174,0.0
s04M2622,0.5457441332806184,0.007131362952310879,0.00047380059344964405,0.010965653558501494,0.11552649353144126,0.09407672973367733,0.0,0.016233910571103922,0.0,0.035581271751256006,0.002345826240400634,0.0,0.0,0.02356165604648741,0.0012401410955930545,0.04934192709652744,0.0,0.07801569404859074,0.0,0.0,0.0,0.0,0.004330428673119043,0.003183059644581775,0.003734288713183633,0.008513622469157184,0.0
s05M2622,0.5555559802029034,0.013814185986306805,0.0005326218232726308,0.013009390387475344,0.12202763697606944,0.0713511731815848,0.003131452511189232,0.016331709245687148,0.0,0.03096702445809686,0.00259557942702546,0.0,0.0,0.026958179712538586,0.0075245678818688065,0.012960674867024033,0.0,0.09429930764607822,0.004495340833575487,0.0,0.0,0.0,0.005786699968521697,0.004554767358959606,0.004384723270985358,0.009718984260837017,0.0
s06M2622,0.44267400571839177,0.021249183616012912,0.0008453740091576041,0.016241522722589375,0.16557093497421035,0.10697382603997962,0.0006774581018446735,0.024301518727600314,0.0,0.05511477392629723,0.002756019543527753,0.0,0.0,0.004281768799349738,0.01796101127957987,0.04217859667648067,0.0,0.08433923208572328,0.0,0.0,0.0,0.0,0.0,0.006406468748044871,0.005446372854146252,0.0029819321770639404,0.0
s07M2622,0.5486069095882501,0.00013200317135801415,0.0,0.01798827703617149,0.09464655758113048,0.012952032538555052,0.01958583886204647,0.006896072309928918,0.0024968472086529052,0.0025349854575148346,0.005312576676388382,0.006999697661398179,0.0,0.11623811425346872,0.04291797499168631,0.006292996901558143,0.0,0.024861961319875607,0.005759662970439917,0.0,0.0,0.000410088114781762,0.040425220801154994,0.00421338103409426,0.009946453437081863,0.03078234808446365,0.0
s08M2622,0.0,0.6377038504200364,0.0,0.11621309711729293,0.0,0.0,0.0,0.0,0.0,0.0,0.0,0.14863478680829226,0.0,0.0,0.02676042829561521,0.0,0.0,0.0,0.0,0.0,0.0,0.0034394660119404026,0.0,0.0,0.004707776041322038,0.0,0.06254059530550087
s09M2622,0.01741382850547297,0.021934779853148626,0.0030729145080880876,0.16410322180532233,0.0,0.0,0.007249536252297776,0.010313182102886646,0.07278466645624054,0.0037623914201695193,0.0,0.014775953382363349,0.0,0.00041434126623617187,0.5853159506232989,0.0,0.0,0.0,0.006493945140260153,0.0013872206543537728,0.0,0.06262043676608316,0.0,0.0,0.028357631263777945,0.0,0.0
s10M2622,0.06856076272110617,0.08115349407180478,0.004992511193623982,0.11508817974325794,0.001293182538178435,0.0003616060365045366,0.028800854963802566,0.009433553053647242,0.03231732170830716,0.011108381868229843,0.0,0.0,0.0,0.004861254623835587,0.5815292232431507,0.0017224772575383668,0.0,0.002016546289782058,0.00342422929239791,0.0011938563248624881,0.0,0.029320343059279955,0.0,0.0,0.022822222010690466,0.0,0.0
s11M2622,0.0,0.010310109827255871,0.0030044769962411936,0.28041782296716733,0.0,0.0,0.026712842932506194,0.0027713922078454584,0.022826606128105446,0.0045079631321451735,0.0015888115004637341,0.0,0.0,0.006992918464512658,0.5714289771334292,0.0,0.0,0.0,0.0024170644204776106,0.001772193304969364,0.0,0.044048302607188186,0.0,0.0,0.021200518377692483,0.0,0.0
s12M2622,0.0,0.0014541650138579895,0.0007069404029689708,0.405094642977591,0.0,0.0,0.04162569782072371,0.0,0.0,0.003156302786630007,0.0010697003898836766,0.0,0.0,0.006529485207440449,0.5287753181252335,0.0,0.0012340195530094378,0.0,0.0009581049963508542,0.0007189295866504823,0.0,0.008634780897826305,4.191224183359029e-05,0.0,0.0,0.0,0.0
s13M2622,0.0,0.0,0.0017870418815974297,0.46761694088615785,0.0,0.0,0.032861273390884745,0.0,0.0,0.005288202492121062,0.0037244011322893392,0.0,0.0,0.008628521952313574,0.44671249923140494,0.0,0.0009483269432321798,0.0,0.0009962928287771285,0.002101448705293439,0.0,0.026308476902660135,0.0,0.0,0.0030265736532682115,0.0,0.0
s14M2622,0.0,0.000498611185593377,0.0009182098541538184,0.35275153317378355,0.0,0.0,0.06609064568240035,0.0,0.0,0.005471830866338203,0.01664682278685031,0.0,0.0,0.010006898870784148,0.5438309889980436,0.0,0.00047647349579058273,0.0,0.0,0.00047507186710158143,0.0,0.0005522798296316718,0.0,0.0,0.0,0.0022806333895288734,0.0
s15M2622,0.057701655843228165,0.021836065695734225,0.0005364968999409494,0.11298435613097371,0.11729983232101492,0.003059194171348043,0.17462446907591767,0.012350858086678022,0.0,0.03839683023181748,0.01938092611459568,0.0,0.0,0.11289418431349399,0.20312812505592232,0.0,0.0,0.0710258573925826,0.0,0.0,0.0,0.0005698427355937063,0.0,0.006299161880286375,0.0,0.04791214405087222,0.0
s01X2622,0.5628521387649026,0.0029070509220991796,0.0,0.0,0.1223231875053408,0.01291857261968368,0.0,0.001653130450372307,0.0016223709277334427,0.0,0.0,0.01858781222055455,0.0,0.18136292254200417,0.0,0.02898729688759909,0.0,0.03432407885848991,0.0,0.0,0.0,0.0,0.0,0.005143673140608159,0.0004329461208338707,0.02688481903977819,0.0
s02T2622,0.2564178107732016,0.0,0.0,0.0,0.06319038649935269,0.05639388880671117,0.0008907009074432465,0.0027696793338394107,0.0033424299044136235,0.0,0.0,0.014817309111006882,0.0,0.26459919922991143,0.0,0.04428334548370804,0.0,0.1333330531468188,0.0,0.0,0.0,0.0,0.0,0.0,0.0,0.1599621968035932,0.0
s03T2622,0.45839454923939565,0.006559532328995825,0.00013323410737106829,0.0060205950710787715,0.1088742012942819,0.0937910861259408,0.0,0.010600067792281792,0.0,0.0012592847780920706,0.0,0.0017143535492585857,0.0,0.0710113887104881,0.0,0.0,0.0,0.19799225455495947,0.0,0.0,0.0019497292424389392,0.0,0.0,0.002102944054098407,0.0038969176872736652,0.035699861464044996,0.0
s04T2622,0.5711285244710049,0.004616639982370609,0.0002265566193665024,0.006884957669462782,0.07878535771382959,0.009756614753840986,0.009623949266978021,0.004913312888231422,0.00012743745907259333,0.0,0.0,0.001921892381671479,0.0,0.14659668868603512,0.0,0.0035520600000703575,0.0,0.07687211098745736,0.0,0.0,0.0,0.0,0.0,0.0,0.00078694943557941,0.08420694768502891,0.0
s05T2622,0.47459039499712186,0.003306810285282962,0.0004132991328905928,0.013344696409195857,0.13135721194539973,0.06235615632089332,3.7635812455206364e-05,0.00985424451059978,0.0,0.010632589664044503,0.00020526542321095125,0.0,0.0,0.025984135281394885,0.0,0.011950887030294538,0.0,0.2045155230029624,0.0,0.0,0.006602667425196799,0.0,0.020114624154821563,0.0030535521276099657,0.006362747096579703,0.015317559380045226,0.0
s06T2622,0.5995425972702862,0.020045616167654042,0.0006557026698535776,0.026835804405089227,0.1163523269819772,0.0757708860385657,0.006926160296627379,0.011128164004532112,0.0,0.007552329091967382,0.0028847428833233906,0.0,0.0,0.013521335394085206,0.020508636205656686,0.014925628864702506,0.0,0.06972861957555933,0.0,0.0,0.0,0.0,0.003167446679733276,0.0,0.003421934481494505,0.007032068988892188,0.0
s07T2622,0.22320612284370814,0.0,0.0,0.05291652409542809,0.08704500233123079,0.0013105870432649832,0.0905077408502925,0.0035463414660866924,0.003153405388458034,0.005746156161430878,0.007248011443109101,0.021487389456616216,0.0,0.3155544139474491,0.05476381431963442,0.0,0.0,0.0,0.0,0.0,0.0,0.0,0.0,0.0,0.004245828893597533,0.12926866175969356,0.0
s08T2622,0.0,0.722565353938363,0.0,0.1354101119581896,0.0,0.0,0.0,0.0,0.0,0.0,0.0,0.03212868881002726,0.0,0.0,0.03792488839372974,0.0,0.0,0.0,0.0,0.0,0.0,0.0,0.0010144210167261772,0.0,0.0,0.0,0.0709565358829641
s09T2622,0.0,0.020340146561184356,0.002692012012288693,0.39694454249696115,0.0,0.0,0.0,0.0,0.0,0.00024954216199280627,0.0006796197947732801,0.014763426288467092,0.0,0.0011869845584738543,0.2742956690316857,0.0,0.0,0.0,0.0009443437874322533,6.92536465601454e-05,0.0,0.28783445966018084,0.0,0.0,0.0,0.0,0.0
s10T2622,0.0,0.0,0.006193477770658784,0.24822441324381195,0.0,0.0,0.0,0.0,0.0,0.0,0.007917590482995533,0.0,0.0,0.0,0.45142643475884436,0.0,0.0005260267411963184,0.0,0.0,0.0,0.0,0.2857120570024931,0.0,0.0,0.0,0.0,0.0
s11T2622,0.0,0.004383648113068966,0.004828304643796894,0.21082005636537293,0.0,0.0,0.0,0.0,0.0,0.0005744744651739806,0.0016076700347486272,0.0,0.0,0.0,0.41244359637113737,0.0,0.0013697356883339163,0.0,0.0,0.0,0.0,0.36397251431836736,0.0,0.0,0.0,0.0,0.0
s12T2622,0.0,0.0,0.007518703521894722,0.23388941358275206,0.0,0.0,0.0,0.0,0.0,0.0,0.00315725307181451,0.0,0.0,0.0017053216188108525,0.4854637662379001,0.0,0.0007467801750312447,0.0,0.0,0.0,0.0,0.2675187617917965,0.0,0.0,0.0,0.0,0.0
s13T2622,0.0,0.0,0.00711922168416171,0.2263032188870208,0.0,0.0,0.0,0.0,0.0,0.00040460268196803565,0.0008703962045542344,0.0,0.0,0.0008085605967965081,0.4217259155062073,0.0,0.0012897295502661502,0.0,0.0001630648680012484,9.120174253816523e-05,0.0,0.3412240882784858,0.0,0.0,0.0,0.0,0.0
s14T2622,0.0,0.0,0.006249242031109435,0.27767561116888956,0.0,0.0,0.017510777303337638,0.0,0.0,0.0023525950521156983,0.009029378781569494,0.0,0.0,0.00673839209665876,0.4958792421329687,0.0,0.0003433963153083819,0.0,0.003675766016926428,0.0005682320783461954,0.0,0.17953163675631828,0.0,0.0,0.0,0.00044573026645142194,0.0
s15T2622,0.1556404837631491,0.0,0.0,0.28196959601526983,0.049956092000888984,0.0,0.0850324823214854,0.0,0.0,0.015251105628794089,0.0237579248309458,0.0,0.0,0.048095383834984594,0.2810587506599892,0.0,0.0,0.00839898684376299,0.0008781509428648159,0.0,0.0,0.02255264955521867,0.0,0.0,0.0,0.027408393602646523,0.0
s02M2722,0.5990406928476811,0.009150161046502337,0.0,0.0048007593477769235,0.13209913113665467,0.010379175078337284,0.0,0.003089173962045547,0.0,0.0005877263282552691,0.0,0.011356162673161125,0.0,0.11660102688051138,0.0,0.06256617832177744,0.0,0.022599622245871056,0.0,0.0,0.0,0.0,0.0,6.935779701179458e-05,0.0024503720416273753,0.025210460292786896,0.0
s03M2722,0.6766453660217612,0.008255153919429018,0.0,0.0,0.13159884050379053,0.005878467463354743,0.0,0.0022745329188637803,0.0,0.0,0.0,0.014422357508780794,0.0,0.08528880001269723,0.0,0.013844161863610108,0.0,0.04566748070960484,0.0,0.0013693475485887002,0.0,0.0,0.0,0.0,0.0,0.014755491529519034,0.0
s04M2722,0.822760749923082,0.0027113347356250072,0.0,0.00022885596558935723,0.08686683401482743,0.0035596708220899556,0.0,0.003515123983293551,0.0,0.0004215026330072515,0.0,0.007412339207208921,0.0,0.06100862117266862,0.0,0.00010316177310494277,0.0,0.003950648833746358,0.0,0.001164823739426726,0.0,0.0,0.0,0.0,9.496897084386598e-05,0.006201364225486048,0.0
s05M2722,0.8387385812054167,0.00357090350536897,0.0,0.0,0.06129506786871031,0.0024042227519829934,0.0,0.0003191160463288118,0.0,0.0010590168200225907,0.0,0.005316578111332694,0.0,0.07301024981266752,0.0,0.0028616894617823634,0.0,0.0024296378517206386,0.0,0.0006890657727027243,0.0,0.0,0.0,0.0,0.0,0.00830587079196376,0.0
s06M2722,0.877630406942839,0.00621210225066679,0.000216030318346877,0.0007774414369410212,0.04675478519395011,0.002406352541594701,0.0,0.0019291846139368218,0.0,0.0007975235503450939,0.0,0.00011510017667253869,0.0,0.021820137045816576,0.0,0.010798094725087292,0.0,0.0,0.0,0.0,0.0,0.0,0.0193972171633697,0.0,0.004169303376571211,0.0033610457326700973,0.0036152749311921025
s07M2722,0.6891959954074248,0.0010194689510911892,0.0,0.0,0.07986121494291754,0.00784065459906892,0.0,0.0007226070210511635,0.0,0.0015933811980042175,0.0,0.01189537275600454,0.0,0.12640411810851074,0.0,0.00964398214599035,0.0,0.01703063889695203,0.0,0.0002851826817036196,0.0,0.0,0.03891822889840507,0.0,0.0,0.015589154392875766,0.0
s08M2722,0.0,0.8680651891455338,0.01750122409176539,0.08423957406507558,0.0,0.0,0.0,0.0,0.0,0.0,0.0,0.0,0.0,0.0,0.006086120044781289,0.0,0.0,0.0,0.0,0.0,0.0,0.0,0.0005805570978584077,0.0,0.0,0.0,0.023527335554985533
s09M2722,0.13578482818723678,0.05010379200252794,0.002454293408857863,0.21450897550760997,0.0022994843904447794,0.002050325738608671,0.01240261225034329,0.0,0.0,0.0021356158144936826,0.02930514630933361,0.0,0.0,0.0037658601581887206,0.2932080275573445,0.0,0.0,0.011109105512528384,0.0,0.0,0.0,0.23629390011216006,0.0,0.00370284561919184,0.0,0.0008751874311298529,0.0
s10M2722,0.044606021316686055,0.018610232148321762,0.0013317933976913718,0.1791821326945412,0.0,0.0028786629947716133,0.012692694339354733,0.0,0.0,0.0,0.07073259729301459,0.0,0.0,0.0030435497681156167,0.4528274406333109,0.0,0.0,0.0006016989993961064,0.0,0.0,0.0,0.20354412469108024,0.0,0.0,0.009520166361333878,0.0004288853623820797,0.0
s11M2722,0.25920078944570124,0.01852771960690787,0.0004508470142052416,0.20169819062775549,0.019255560130420967,0.0001512752264830386,0.010361180111995855,0.0,0.0013251226711130434,0.004543761223650897,0.03016117925995594,0.0,0.0,0.0015930193285448532,0.1974757793154192,0.0012979562846261413,0.0,0.008754877227160576,0.0,0.0,0.0,0.24456579959778038,0.0,0.000501109167737511,0.0,0.00013583376054174693,0.0
s12M2722,0.20226666329204415,0.0028278404731907954,0.0003900053826947732,0.335126979130307,0.011087059832904348,0.0,0.011712666000507023,0.0,0.0,0.0063906368990433665,0.03864943546065798,0.0,0.0,0.001910614613932205,0.19755682182389248,0.0014015387966420394,0.0,0.0061617394758593695,0.0,0.0,0.0,0.17890899153129705,0.0,0.0056090072870273,0.0,0.0,0.0
s13M2722,0.1419976837712825,0.0,0.0,0.32711556959132215,0.019296540178367134,0.0,0.013384464724916525,0.0,0.0,0.018627411422412088,0.077896425714372,0.0,0.0,0.0057654630604829895,0.1907233440137092,0.0,0.0,0.021280301115245297,0.0,0.0,0.0,0.18048807159868818,0.0,0.00342472480920196,0.0,0.0,0.0
s14M2722,0.12447697809449908,0.0,0.0,0.2731039491645215,0.09342942466085806,0.0026291788815867747,0.023154840378117842,0.005402391462789373,0.0,0.022445395075423345,0.07993780418281084,0.0,0.0,0.005775623665793466,0.2742279661744751,0.03634572163785386,0.0,0.02823417272370844,0.0,0.0,0.0,0.018301313936902746,0.0,0.0,0.0,0.005441496074304735,0.0070937438863548545
s15M2722,0.5158504615570515,0.0,0.0,0.025901150869674646,0.12036375574580756,0.0019082956534321775,0.034748849345387196,0.005202601799384991,0.0,0.005385117430252352,0.005926003548685924,0.020225959003247033,0.0,0.1915202481600235,0.01684515031308687,0.0,0.0,0.0071941606403564725,0.0,0.0,0.0,0.0042864706469326165,0.0,0.0,0.0,0.04464177528667733,0.0
s01X2722,0.8561234806198278,0.0,0.0,0.0,0.07323736424424883,0.001857669657225916,0.0,0.0,0.0,0.0,0.0,0.01385630253410073,0.0,0.038123458860504826,0.0,0.0,0.0,0.0,0.000601010814020514,0.009730626323240234,0.0,0.0,0.0,0.0,0.0,0.006470086946831151,0.0
s02T2722,0.7116801869097523,0.004837723168639616,0.0,0.0,0.11470543636115228,0.034764988846486135,0.0,0.0,8.187585098863297e-05,0.03666143434832043,0.0004284719876501829,0.011507836813116819,0.0028454557601474708,0.050667752249779444,0.0,0.010121027206602627,0.0,0.018743258538853284,0.0,0.0029545519585106325,0.0,0.0,0.0,0.0,0.0,0.0,0.0
s03T2722,0.6449985995377214,0.002982641167482473,0.0,0.0007730366989408416,0.10443205596048488,0.08593020719945048,0.0,0.001370910669434508,0.0,0.060558569882144225,0.0005000626680150533,0.01147939077837296,0.001198733989275911,0.05333155564224329,0.0,0.011708467831953867,0.0,0.016788569162773558,0.0,0.002855299584453062,0.0,0.0,0.0,0.0,0.0,0.001091899227253495,0.0
s04T2722,0.6539829933427752,0.013671252753576184,0.00019519335313398242,0.0030324397993102877,0.060903253797529956,0.14214574786452747,0.0,0.004697587549391886,0.0,0.08677194590972627,0.00016011385488269057,0.0,0.0,0.0025575258327102204,0.0,0.017967208642307803,0.0,0.012774667914814514,0.0,0.0,0.0,0.0,0.0,0.0,0.0007905352962177083,0.0,0.00034953408909597304
s05T2722,0.5185340699436859,0.021862348036298208,0.00034131340680909215,0.0053315939808289,0.056381135107576766,0.23639940661721182,0.0,0.0116330341292303,0.0,0.10662897836720217,0.0,0.0,0.0,0.010322606321278243,0.0,0.02277100096378724,0.0,0.0,0.0,0.0,0.0,0.0,0.0,0.0,0.003268596368292778,0.0,0.006525916757798625
s06T2722,0.6165119988645434,0.034956238040425844,0.000684886307090963,0.008834974164515556,0.10357172722324139,0.0871347632505541,0.0,0.004741804015008186,0.0,0.06728480039088845,0.00026694445980810736,0.0,0.0007625780145260512,0.0,0.0,0.037698865108711836,0.0,0.013389139221791484,0.0,0.0,0.0,0.0,0.0,0.0,0.002726853275916916,0.0,0.021434427662977658
s07T2722,0.4175261240824908,0.013400877821932696,0.00028739845856165774,0.003499416346245873,0.10933149117686028,0.15125395232551656,0.0,0.005448137733788146,0.0,0.18738937135362957,0.0,0.0,0.0,0.023801319184527804,0.0,0.03268981535650478,0.0,0.05147162776408997,0.0,0.0,0.0,0.0,0.0,0.0,0.0,0.0,0.003900468395851906
s08T2722,0.0,0.677150270511607,0.010765026264581309,0.28159944206186005,0.0,0.0,0.0,0.0,0.0,0.0,0.0,0.0,0.0,0.0,0.0,0.0,0.0,0.0,0.0,0.0,0.0,0.0,0.0006670050362667599,0.0,0.0,0.0,0.02981825612568497
s09T2722,0.1275852619020137,0.0607578727852442,0.05138086605661209,0.11693188711031782,0.017307799369674786,0.0062518281280433356,0.012496198404397333,0.0,0.01456816208730631,0.0043877219538720315,0.013300150350457311,0.005851895108930843,0.0,0.0006550580912038879,0.3088514154442494,0.0049702489611978705,0.0,0.0038915368369219724,0.0,0.000531484970700893,0.0,0.23315746950205524,0.0,0.0034313967856420256,0.013691746151158958,0.0,0.0
s10T2722,0.2778033543213293,0.015487356589515323,0.010011731945216257,0.13281993315731566,0.07234611638380646,0.000916555524231559,0.035468559136499364,0.0071668961281366435,0.00011269015947778327,0.0,0.055428493939726604,0.0,0.0,0.000674518108115407,0.2765346198633411,0.0,0.0,0.0,0.0,0.0,0.0,0.10016649096194863,0.0,0.013095969191433552,0.0019667145899064254,0.0,0.0
s11T2722,0.2018711678211139,0.01611716818631544,0.048441142157661154,0.1789881936409192,0.06224681808899019,0.0029764757833511905,0.045731491997458434,0.0,0.009894249303295806,0.009594266036049615,0.04574046124762935,0.0,0.0,0.0069997518326868746,0.19049124721701863,0.001690056762186678,0.0,0.006644178707901044,0.0,0.0,0.0,0.15239339359183082,0.0,0.020179937625591764,0.0,0.0,0.0
s12T2722,0.2410570276531249,0.0,0.003416368683625253,0.1570968919756577,0.055027911868785084,0.0,0.037427519788583316,0.006432125666445953,0.0012731649136864432,0.0,0.13861485816918195,0.0,0.0,0.0013179771014621845,0.2826801968991761,0.0,0.0,0.0,0.0,0.0,0.0,0.06572052333720568,0.0,0.009935433943065414,0.0,0.0,0.0
s13T2722,0.1491562872870469,0.020300500065761777,0.0,0.24091136337408295,0.09147990546593644,0.015245617008381547,0.09221641074862466,0.0032917426056488924,0.0,0.03242288403171037,0.14400729252324931,0.0,0.0,0.017301593268994435,0.1476418705391048,0.0007161006805189538,0.0,0.03277655751496501,0.0,0.0,0.0,0.007117339260012037,0.0,0.005414535625961897,0.0,0.0,0.0
s14T2722,0.2701716314461761,0.01940861109481382,0.00042794191881543296,0.09657580582546732,0.14026952790228772,0.03773177717436549,0.07110357146068406,0.00511976408480388,0.0,0.10942176771188601,0.048692365507379924,0.0,0.0,0.02318112510923042,0.0463083000714945,0.0,0.0,0.1215274089552743,0.0,0.0,0.0,0.001918545142269129,0.0,0.0005438639989723575,0.0,0.0,0.007597992596079498
s15T2722,0.5281448642036165,0.013367936268615757,0.0005759625065254236,0.028669105453530346,0.07486730696566264,0.103494462696392,0.016647417249643727,0.0035907531749227416,0.0,0.0803729009834174,0.009804908047058079,0.0,0.0,0.04181344476342754,0.01386875921160452,0.006913343341705184,0.0,0.05644907329593234,0.0,0.0,0.0,0.000531374908189811,0.0,0.0002406248289473614,0.0,0.0008010756530230804,0.01984668644778559
s02M2822,0.42872969193355254,0.004118927776801289,0.0001875691746887837,0.005576346169284208,0.25339490396943287,0.019397873814087054,0.05477825999177906,0.006969443017316774,0.0,0.02506196625320845,0.0,0.0032633383495662715,0.0,0.04494077927939655,0.0,0.056040425346886205,0.0,0.070983223838193,0.0,0.00046679618999097646,0.0,0.0,0.0,0.0029363335805597363,0.001314425430003079,0.02183969588525317,0.0
s03M2822,0.4636120236739086,0.003354179091835296,8.926200422551252e-05,0.006887780262493136,0.22926545207132404,0.021381930804774105,0.05155592038295887,0.007293122928545499,0.0,0.015219114145448054,0.0018966834392595787,0.004070934667875019,0.0,0.0761619252442675,0.0,0.03763869186426617,0.0,0.04395009079144913,0.0,0.0002556640400447502,0.0,0.0,0.0,0.0013823774553422047,0.0035222339977996706,0.0324626131341829,0.0
s04M2822,0.6353522672460352,0.0009302012696066205,0.00019294145633318432,0.004083561121576095,0.11824018802919549,0.0637860891844047,0.015756528184145645,0.0058126614137211175,0.0,0.0561053928023175,0.0010543298515542096,0.0,0.0,0.01658737386490669,0.0,0.0,0.0,0.07400130465330487,0.0,0.0,0.0,0.0,0.0,0.0,0.002074122059254942,0.0060230388636437265,0.0
s05M2822,0.5529119488993731,0.015587713226563119,0.00042455109413551097,0.012835113370610328,0.1700424842715353,0.04460157866025956,0.02343980193977018,0.012076499316879099,0.0,0.042933148084598444,0.00434446597646992,0.0,0.0,0.04462103607148717,0.0,0.013362330222687544,0.0,0.044346140145252906,0.0,0.0,0.0,0.0,0.0,0.0,0.003699176462080373,0.0050340209213571765,0.009739991336940094
s06M2822,0.4299126071728671,0.01580842335087258,0.00039548771814005147,0.01454587163945836,0.185444512661529,0.08653899908773183,0.00901713196219692,0.012266175297801891,0.0,0.10647362711582531,0.0016909950099670207,0.0,0.0,0.009706466194418813,0.0,0.07655265516515379,0.0,0.02885361621511783,0.0,0.0,0.0,0.0,0.0,0.0,0.00682645151726612,0.0,0.015966979891653403
s07M2822,0.3813160864578871,0.0105897559219958,0.00042657012236557365,0.007550468762443674,0.1423378048557945,0.12837025816434644,0.015590279968562503,0.010410754452610901,0.0,0.13475172114669792,0.0017923802328152672,0.0,0.0,0.0545067266225772,0.0,0.04769501580901839,0.0,0.05372623997522599,0.0,0.0,0.0,0.0,0.0,0.0,0.0013870807454396735,0.0005458978114983657,0.009002958950720768
s08M2822,0.0,0.6499839472134432,0.0,0.30948453622521144,0.0,0.0,0.0,0.0,0.0,0.0,0.0,0.0020951355303625873,0.0,0.0,0.0,0.0,0.0,0.0,0.0,0.0,0.0,0.0,0.0007192465216027245,0.0,0.0,0.0,0.037717134509379975
s09M2822,0.08566760513457199,0.12148697528455528,0.04913427339979323,0.1723130402309266,0.0,0.0,0.0,0.018261225573361184,0.0072668697673167835,0.0017055084834257533,0.0007884578222358324,0.04708290759990697,0.0,0.0,0.17012461128995504,0.0,0.0,0.0,0.0,0.0,0.0,0.3186429953719094,0.0,0.007525530042042093,0.0,0.0,0.0
s10M2822,0.0,0.0,0.0,0.5383505367513296,0.012081620128047909,0.0,0.0,0.059628673173018974,0.03891193071385209,0.0,0.0633461832229245,0.0,0.0,0.0,0.2373338130961445,0.0,0.0,0.0,0.0,0.0,0.0,0.030441792666409992,0.0,0.01990545024827246,0.0,0.0,0.0
s11M2822,0.0,0.009546104449040175,0.0010447990060689176,0.30189301636674154,0.0856250145389127,0.0,0.007936128031946883,0.06936939816723285,0.0349511919824856,0.003739013112233001,0.07680184202419407,0.0,0.0,0.0,0.31208207516459147,0.0,0.0,0.0,0.0,0.0,0.0,0.04577533165353712,0.0,0.05123608550301583,0.0,0.0,0.0
s12M2822,0.07196805086295385,0.005238202116744685,0.0,0.1625275676895652,0.1010041601129579,0.004313856223931619,0.22135212614769834,0.002436038756652792,0.0,0.07895581578474671,0.1524393046073342,0.0,0.0,0.013960356596782303,0.13773625042062912,0.0,0.0,0.041992560118704114,0.0,0.0,0.0,0.001263237792403541,0.0,0.004812472768895628,0.0,0.0,0.0
s13M2822,0.06760429645391679,0.004746800051808012,0.0,0.21889244492179555,0.07065129856324166,0.00686841398529407,0.35441935661594476,0.0,0.0,0.062275004730718724,0.10452221577491996,0.0,0.0,0.019004212063179465,0.07838883892192318,0.0,0.0,0.008804225430088249,0.0,0.0,0.0,0.0,0.0,0.0008428351030519924,0.0,0.002980057384117473,0.0
s14M2822,0.18359139457463847,0.014278337456822552,1.591468048441234e-05,0.17572782990843236,0.09317324346718386,0.00517543198381727,0.22664086819594112,0.0,0.0,0.07708932895451379,0.08063323218141727,0.0,0.0,0.019968751329540745,0.04929203784157967,0.0013255607262848803,0.0,0.0620599612881882,0.0,0.0,0.0,0.0,0.0,0.0005936309636302726,0.0,0.0,0.010434476447525046
s15M2822,0.16038644602866417,0.015650233248327993,0.00048712820382825503,0.14984977083471118,0.12533005962042762,0.013582744867357145,0.22603828009216467,0.0,0.0,0.09812856120851851,0.03172680600698865,0.0,0.0,0.026440660146962634,0.00547919557800986,0.044928972888213785,0.0,0.07269026146098563,0.0,0.0,0.0,0.0,0.0,0.0009860253433298905,0.0,0.009083477645050504,0.01921137682645951
s01X2822,0.5187439091604208,0.0,0.0,0.0,0.23825847733444663,0.003210163350041216,0.02230600552540373,0.0,0.0,0.0,0.0,0.01209716073366971,0.0,0.127187740934727,0.0,0.009969691495524471,0.0,0.023134675801564433,0.0,0.0030361207149096296,0.0,0.0,0.0,0.0011977076926644192,0.0,0.04085834725662795,0.0
s02T2822,0.18049327791612946,0.0017311727033728264,0.0003753700317234181,0.007004063855264953,0.28070149631068336,0.05405369610849476,0.10049352343667195,0.007060261871072976,0.0,0.10322654846395463,0.005076886597911936,0.0,0.0,0.018855272738786757,0.0,0.04281117594719985,0.0,0.1900018048748774,0.0,0.0,0.0,0.0,0.0,0.0,0.0033568137273706717,0.0047586354164850546,0.0
s03T2822,0.41164911407925564,0.0002299960413279724,4.4215871746403046e-05,0.004130085118593553,0.1775341045889276,0.040773311350435874,0.1040495699473835,0.005163159375226745,0.0,0.06990242294053661,0.0016167623108706757,0.001403935852758065,0.0,0.020334011757766238,0.0,0.03306082871467514,0.0,0.11571909435085857,0.0,0.0,0.0,0.0,0.0,0.0,0.001906606758726374,0.012482780940910938,0.0
s04T2822,0.47888068024671776,0.0016297638192921905,9.812553446720076e-05,0.0023230558849487116,0.1437773550566287,0.041662601787705034,0.07673764759992259,0.0017249504186870146,0.0,0.0333843502757783,0.0,0.0011303804034787964,0.0,0.06315155134568617,0.0,0.0612664351957413,0.0,0.07822851188365668,0.0,0.0,0.0,0.0,0.0,0.0,0.0,0.01600459054728971,0.0
s05T2822,0.5106619568093043,0.012807260128667904,0.0004230130654817539,0.006258832840617908,0.17612574080726986,0.06587410366323902,0.018141156819792992,0.0073502062954386,0.0,0.05150940020589384,0.0,0.0,0.0,0.03642759899726856,0.0,0.03285335651008149,0.0,0.059441116139900975,0.0,0.0,0.0,0.0,0.0,0.0,0.004158861625632639,0.010538907726698132,0.007428488364712111
s06T2822,0.47562988977921655,0.010055624163233148,0.0003531544884841803,0.016430633600405434,0.18752582550445654,0.04204478580308263,0.04862014528542541,0.005212594167175685,0.0,0.029773440912549656,0.00028729009255947744,0.0,0.0,0.04370943670853623,0.0,0.0952794233243141,0.0,0.02512977650039082,0.0,0.0,0.0,0.0,0.0,0.0,0.007693456938576772,0.008970395054654313,0.0032841276769389103
s07T2822,0.44083972555204975,0.009462766000593002,0.0,0.010451291931191294,0.1784344752888142,0.02707400502405705,0.08914408018405642,0.0032858405592850986,0.0,0.019098321370541904,0.0011198560236714591,0.0,0.0,0.12108291914326214,0.0,0.039939469680431036,0.0,0.04839375382161566,0.0,0.0017686618824728207,0.0,0.0,0.0,0.0,0.00025999996177128773,0.009644833576186755,0.0
s08T2822,0.0,0.8036370835754987,0.0,0.16093456482506746,0.0,0.0,0.0,0.0,0.0,0.0,0.0,0.0,0.0,0.0,0.0,0.0,0.0,0.0,0.0,0.0,0.0,0.0,0.0006368812800862687,0.0,0.0,0.0,0.03479147031934751
s09T2822,0.0,0.0,0.0,0.24642898524312357,0.031927439397802765,0.0,0.0,0.2611363763384903,0.11764235394058208,0.002585811597852632,0.0,0.0,0.0,0.0,0.16805352973173868,0.0,0.0,0.0,0.0,0.0,0.04233563905073541,0.12988986469967448,0.0,0.0,0.0,0.0,0.0
s10T2822,0.0,0.015067684589985938,0.0004182458232625469,0.24720970014523785,0.08111823670060288,0.0,0.003206606840441806,0.22404116305403587,0.08732321758403926,0.06480612488467863,0.00850838280111066,0.0,0.0,0.0,0.2402863820039318,0.0,0.0,0.0,0.0,0.0,0.017140685808338562,0.01087356976433409,0.0,0.0,0.0,0.0,0.0
s11T2822,0.0,0.0,0.0,0.2813629551859808,0.08344207974769693,0.0,0.007168005220190446,0.20053727776806227,0.0827978153439704,0.023913467264234198,0.019078808093966622,0.0,0.0,0.0,0.26112499565555225,0.0,0.0,0.0,0.0,0.0,0.022576132694721987,0.017998463025624037,0.0,0.0,0.0,0.0,0.0
s12T2822,0.0,0.0,0.0,0.29886659533748205,0.09459604658332685,0.0,0.021803041748327444,0.17310642216655747,0.05747068148548184,0.015758318227376424,0.015854804403643955,0.0,0.0,0.0,0.2797253575710225,0.0,0.0,0.0,0.0,0.0,0.015884877711545845,0.02693385476523568,0.0,0.0,0.0,0.0,0.0
s13T2822,0.011304935647693448,0.0,0.0,0.3313728442255036,0.09455567697545687,0.0,0.06358512355304062,0.12286783066322945,0.03396916966935446,0.06649566255364525,0.04045614465390943,0.0,0.0,0.0,0.22903923847828864,0.0,0.0,0.0,0.0,0.0,0.0,0.0063533735798782,0.0,0.0,0.0,0.0,0.0
s14T2822,0.029960157601230865,0.0,0.0,0.25791942828001296,0.09648722438769697,0.00035804938851770286,0.3827590638933153,0.05442251775835241,0.010536139985614043,0.03148626029136868,0.035715239315521834,0.0,0.0,0.012001151887126494,0.0876069174984417,0.0,0.0,0.0,0.0,0.0,0.000747849712801106,0.0,0.0,0.0,0.0,0.0,0.0
s15T2822,0.22123177199443658,0.023406105155551537,0.0006292364338213916,0.05674593364494211,0.14160469236336895,0.005237877233434048,0.31181453185504693,0.013519337028789062,0.0013264691053484325,0.06294222516999805,0.01101763050968294,0.0,0.0,0.06748876768839404,0.009199650794556232,0.010756310171045206,0.0,0.03966710040380814,0.0,0.0,0.0,0.0,0.0,0.0013151603734636885,0.002253118649541925,0.00861442114171331,0.011229660283057535
s02M2922,0.22244388935535236,0.0,0.0,0.0,0.18066661204967793,0.006449798395952774,0.3726157925197964,0.0,0.0,0.012312173853271003,0.0,0.006769165265104133,0.0,0.07238868644081695,0.0,0.027599666594326173,0.0,0.05384206202078343,0.0,0.0031043691594426193,0.0,0.0,0.0027852075479694533,0.0,0.0,0.0390225767975067,0.0
s03M2922,0.1707498645884388,0.0,0.0,0.0,0.1774036105052747,0.006825287622827438,0.43115716086538736,0.0,0.00026209950689852057,0.0329378730909755,0.0,0.005910884920721351,0.0,0.07558351860700066,0.0,0.019613573603634974,0.0,0.043618201274385246,0.0,0.0011917918051833195,0.0,0.0,0.0,2.6246347259701428e-05,0.0,0.034719887262012465,0.0
s04M2922,0.0,0.0,0.0,0.01756051816466302,0.24601099421879577,0.015789066793311195,0.2800723722565349,0.02052113348618696,0.0,0.32232214336461035,0.013709740202139746,0.0,0.0,0.0,0.0,0.053723364016743914,0.0,0.017970080820170854,0.0,0.0,0.0,0.0,0.0,0.0,0.009942131471419141,0.0,0.0023784552054242785
s05M2922,0.0,0.006047025772455226,0.0012187217368250288,0.03831693198217829,0.4180450599263189,0.03965404354720653,0.0,0.0292031585573229,0.0,0.3331408197139142,0.018841766062259117,0.0,0.0,0.0,0.0,0.06451631456853392,0.0,0.02839758317740568,0.0,0.0,0.0,0.0,0.0,0.0,0.020042833523645495,0.0,0.0025757414319345522
s06M2922,0.0,0.007748522929906336,0.0006577843630182307,0.020739235879141758,0.21112606252610125,0.04793411445698326,0.2696993939683274,0.0100983414927356,0.0,0.27587963425921547,0.012456565550713597,0.0,0.0,0.0,0.0,0.05398737692028352,0.0,0.07172673930045109,0.0,0.0,0.0,0.0,0.0,0.0,0.005628614435463419,0.0,0.012317613917659004
s07M2922,0.0,0.0,0.0,0.0,0.06284963811544514,0.023275150028524243,0.6322260706481663,0.0,0.0,0.1481368223694136,0.001259689555491875,0.0,0.0,0.003922482193153573,0.0,0.05030775558785096,0.0,0.07698873153751283,0.0,0.0,0.0,0.0,0.0,0.0,0.0003036140710270729,0.0007300458934145859,0.0
s08M2922,0.0,0.47378077690148174,0.0,0.2959238527243576,0.0,0.0,0.0,0.0,0.0,0.0,0.0,0.14983386149700584,0.0,0.0,0.04094997735472323,0.0,0.0,0.0,0.00022410081521387693,0.0005790993896147481,0.0,0.0,0.0,0.0,0.0,0.0,0.03870833131760293
s09M2922,0.0,0.0,0.2106305521505984,0.0584984942573266,0.0,0.0,0.0,0.13824116613245505,0.040563922862178386,0.0,0.0,0.0084430998078016,0.0,0.0,0.27931409629130965,0.0,0.0,0.0,0.0,0.0,0.0017478590889375405,0.25320395572407195,0.0,0.009356853685320913,0.0,0.0,0.0
s10M2922,0.2230139179416058,0.0038852156527194375,0.035920842099545124,0.19315242797864632,0.007835557292600848,0.0,0.009392970873722713,0.13248866390751002,0.044141317009063714,0.0,0.0027664409426744327,0.0,0.0,0.0,0.3094768848755627,0.0,0.0,0.0,0.0,0.0,0.005245162375395615,0.03260044755962505,0.0,0.0,0.0,8.015149132829994e-05,0.0
s11M2922,0.15016872952805038,0.0,0.2890492862398783,0.08875231426198925,0.0,0.0,0.007741128250241813,0.10425434392831015,0.02623507517805147,0.0,0.0,0.02338197089315619,0.0,0.0,0.2044188227314704,0.0,0.0,0.0,0.0,0.0,6.751065610290063e-05,0.10593081833274905,0.0,0.0,0.0,0.0,0.0
s12M2922,0.21890707876477367,0.0,0.20385014621745995,0.10024623959375897,0.0,0.0,0.02019023292662173,0.10766442395469591,0.03377678192591268,0.0,0.0,0.015548001896953892,0.0,0.0,0.24418026962429093,0.0,0.0,0.0,0.0,0.0,0.001121961202668445,0.054514863892863724,0.0,0.0,0.0,0.0,0.0
s13M2922,0.25224724498712076,0.0,0.07529591961935007,0.18128035148331761,0.005158146216722234,0.0,0.033486316048409834,0.1031299849924448,0.031139578199290325,0.0008267150358677191,0.002293183329925327,0.0,0.0,0.0,0.266315115962103,0.0,0.0,0.0,0.0,0.0,0.0,0.04203190633211205,0.0,0.0,0.006451535453722402,0.0003440023396138801,0.0
s14M2922,0.23047188841881144,0.01706672642390387,0.01779978333133858,0.20986223868444173,0.02635184393655243,0.0,0.1184977154806823,0.10489416100205912,0.03090804321313199,0.007653946644011108,0.0061395816507220915,0.0,0.0,0.0,0.2121855864615585,0.001217268168277783,0.0,0.0,0.0,0.0,0.002348827576324707,0.014602389008184244,0.0,0.0,0.0,0.0,0.0
s15M2922,0.03299488344992951,0.028493012217479293,0.0005237157426158655,0.16610931963208922,0.0311249741556026,0.00021419184981683726,0.5127723619465815,0.0033342430388460984,0.0,0.08796441125067163,0.036051475663594644,0.0,0.0,0.008938098872300177,0.02454017000146682,0.008082454379052873,0.0,0.038924613342973396,0.0,0.0,0.0,0.0,0.0,0.0,0.015015646888347098,0.0027103816072784944,0.0022060459613539867
s01X2922,0.32115257563608374,0.0,0.0,0.0,0.10276862478829087,0.002426685942707669,0.4687016670481188,0.0,0.0,0.006754445764500603,0.0,0.0008982918460855377,0.0,0.0323606537317728,0.0,0.0457117159466338,0.0,0.0,0.0,0.0023109466639815055,0.0,0.0,0.0,0.0,0.0,0.016914392631824746,0.0
s02T2922,0.7279531142217996,0.0,0.0,0.001978887291886155,0.14386504516370185,0.0,0.09785148188776095,0.0,0.0,0.0,0.0,0.0017300822503618799,0.0,0.010575602274165073,0.0,0.008268094468786813,0.0,0.0,0.0,0.0012434438165768622,0.0,0.0,0.0,0.0,0.00040171076165098073,0.006132537863309771,0.0
s03T2922,0.5917490669745551,0.0,0.00017860862435040796,0.004732533144716845,0.17747914370896564,0.0,0.1868899238554259,0.0008375999446027735,0.0,0.0,0.0,0.001656650974508054,0.0,0.014167542321904671,0.0,0.011846526464546892,0.0,0.0,0.0,9.86170917688009e-05,0.0,0.0,0.0,0.0,0.0010449902491314214,0.009318796645523302,0.0
s04T2922,0.7700977698965414,0.0033404015882851313,0.00021419446804830347,0.003325861535115363,0.10627550196859654,0.0,0.0903990071749318,0.0,0.0,0.0,0.0,0.0,0.0,0.0,0.0,0.01927993044872383,0.0,0.0,0.0,0.0,0.0,0.0,0.0,0.0,0.0017159111965490141,0.004806994183109529,0.0005444275400992428
s05T2922,0.7392913250775591,0.0,0.0,0.007340527071565229,0.10783860166439503,0.0016222865475846876,0.08213787638474923,0.0,0.0008797344754374092,0.0,0.0,0.0005344123498634957,0.0,0.006886834094461723,0.0,0.0,0.0,0.00935901543699445,0.007325708456271262,0.0012242684408846466,0.0,0.0,0.022885517885024107,0.0,0.0008104340788228975,0.008286907661964119,0.003576550374422817
s06T2922,0.8061969076013448,0.0,0.0,0.005220381280679488,0.10408572992756275,0.009434108461491106,0.03908210340560877,0.003604819235315185,0.0,0.00715440233236281,0.0010025880252266359,0.0,0.0,0.0,0.0,0.014239737113681447,0.0,0.0,0.0,0.0,0.0,0.0,0.0,0.0,0.004006324843228206,0.0017935220860596244,0.004179375687439191
s07T2922,0.40481583888353323,0.015788252180928712,0.0014697083285610151,0.030309261470709885,0.1505977637366421,0.003213158552410733,0.23613202890458715,0.014691846515988387,0.002748655827655486,0.006377369881052914,0.003952561078996124,0.0002729077232606859,0.0,0.06965243479326125,0.0023939432372299574,0.005852041860203341,0.0,0.015190326094764926,0.0,0.0005176116321699403,0.0,0.0,0.0,0.00043591692427407514,0.008698601675878133,0.026889770697891988,0.0
s08T2922,0.0,0.7955736510927957,0.0,0.10926679065314635,0.0,0.0,0.0,0.0,0.0,0.0,0.0,0.04101065670519822,0.0,0.0,0.04857169730297979,0.0,0.0,0.0,0.0,0.0,0.0,0.0017777873377594156,0.0,0.0,0.0012360622879262321,0.0,0.0025633546201942687
s09T2922,0.05939062851959208,0.000574904172980582,0.01921739939922598,0.3659482581467749,0.0,0.0,0.21874142482530554,0.08195805274300377,0.013693648029129367,0.0006105869738755354,0.02209025894421964,0.0,0.0,0.00032681372640272065,0.10893285624743029,0.0,0.0,0.0,0.0,0.0,0.0,0.004468579204992837,0.0,0.0,0.10404658906706654,0.0,0.0
s10T2922,0.07021004297973332,0.0,0.009104434095617847,0.35036032066770534,0.0,0.0,0.24642582527289356,0.05128425319648046,0.002989316445367248,0.0,0.039208095034933686,0.0,0.0,0.0009772522227181793,0.1193466451114995,0.0,0.0,0.0,0.0,0.0,0.0,0.004852696343837915,0.0,0.0,0.10524111862921301,0.0,0.0
s11T2922,0.0771659645826357,0.0,0.01756321756674382,0.33134368032667444,0.0,0.0,0.29440941295743384,0.0416724222430177,0.006443731610049063,0.002246696912418891,0.02590110700157353,0.0,0.0,0.0004312527293147504,0.14345022198141086,0.0,0.0,0.0,0.0,0.0002716348804731276,0.0,0.0034974814169467803,0.0,0.0,0.055603175791307344,0.0,0.0
s12T2922,0.08930150580905856,0.0,0.019131053845137327,0.26917567619011373,0.0,0.0,0.3431013973727602,0.07122229922475011,0.01065691975793338,5.203803855334244e-05,0.014362208783731489,0.0,0.0,0.0,0.14774075689547606,0.0,0.0,0.0,0.0,0.0,0.0,0.0059108960375861596,0.0,0.0,0.029345248044899415,0.0,0.0
s13T2922,0.10286081370452967,0.0,0.01325105527137945,0.36145769234453434,0.0,0.0,0.19117622140967439,0.07472557670536975,0.0061461789164194225,0.0,0.019166608811539143,0.0,0.0,0.0,0.1529436413013791,0.0,0.0,0.0,0.0,0.0,0.0,0.00386852681817006,0.0,0.0,0.07440368471700459,0.0,0.0
s14T2922,0.01082510367477795,0.006770132038850389,0.0060537037993590795,0.28250020097341416,0.0,0.0,0.5010958780724337,0.05576272547765705,0.004764427287846996,0.002247117995323637,0.018607202600519682,0.0,0.0,0.00210626061984193,0.09213914506098846,0.0,0.0,0.0,0.0,0.0,0.0,0.0,0.0,0.0,0.01497307870301816,0.0021550236959687326,0.0
s15T2922,0.031230334618273185,0.006372034908876129,0.0004974967054124445,0.16312590870089483,0.0,0.0,0.6733635257684358,0.00803888566097265,0.0,0.006076873985896405,0.02687736832257436,0.0,0.0,0.007606920252803127,0.04010147757903556,0.0,0.0,0.01657311318388879,0.0,0.0,0.0,0.0,0.0,0.0,0.00898168573280667,0.011154374580130157,0.0
s02M3022,0.22017783441354977,0.002573760913915209,0.0,0.008065123591396944,0.22920523312872781,0.010216372185080412,0.3187093444362356,0.0,0.0,0.026406541458836915,0.002293112256624685,0.0057814711268869825,0.0,0.12303548541766061,0.0,0.015455383399297258,0.0,0.03072637441171039,0.0,0.001238639266794118,0.0,0.0,0.0,0.0,0.0014611693066045124,0.004654154686678797,0.0
s03M3022,0.035836023684156615,0.012106898133930458,0.000634862487833632,0.029425023630508196,0.45657345058673116,0.017519338992555162,0.20812234530852436,0.01497156802090132,0.0,0.11641769826401521,0.02009473239731067,0.0,0.0,0.06198952199167946,0.0,0.002258680613641945,0.0,0.0,0.0,0.0,0.0,0.0,0.0,0.006939388327565933,0.01711046756064577,0.0,0.0
s04M3022,0.23733368411412212,0.05071593785497566,0.0016196769014153276,0.017080261044386705,0.2423690405303729,0.08913799008676389,0.04881488829415419,0.006320689198911801,0.0,0.012083203103121049,5.537199284472018e-06,0.0,0.0,0.013655106676569332,0.0,0.18246977574049852,0.0,0.028927001938580808,0.0,0.0,0.0,0.0,0.0,0.0010468107874989695,0.0056241972813445415,0.0,0.06279619924799973
s05M3022,0.0,0.048736689766705386,0.00160251324513446,0.007353121110498671,0.07160183634558806,0.4982190605360262,0.023665641933429616,0.00649706015879673,0.0,0.12858507750096984,0.0023783790990537217,0.0,0.0,0.0,0.0,0.06735943008466434,0.0,0.09880688501049639,0.0,0.00811024435426186,0.0,0.0,0.0,0.0,0.005111473953319396,0.0,0.03197258690105534
s06M3022,0.0,0.05486826286076195,0.001558178217850967,0.019903348017276088,0.157270260580816,0.2507258877741962,0.057667156255803036,0.014762366281952611,0.0,0.13277403001257357,0.0015809409790810101,0.0,0.0,0.004049867568256899,0.0,0.1638519417728497,0.0,0.09339081743467452,0.0,0.0,0.0,0.0,0.0,0.0,0.0049002655591599015,0.0,0.04269667668474749
s07M3022,0.23265829516018996,0.02835623989082168,0.00046470102850334463,0.001961466985656306,0.161051635580487,0.043019482499160655,0.2206817694336211,0.0,0.0,0.010507016946915818,0.0,0.0,0.0007571372365693863,0.1457274145682738,0.0,0.04001168925440116,0.0,0.09191595323516781,0.0,0.0010310378480115558,0.0,0.0,0.0,0.0,0.0,0.00474818727475653,0.01710797305746397
s08M3022,0.0,0.7110047356197062,0.0,0.07090380154011482,0.0,0.0,0.0,0.0,0.0,0.0,0.0,0.08867874870274949,0.0,0.0,0.0842300015549599,0.0,0.0,0.0,0.0,0.017942758791004956,0.0,0.0031458264195000428,0.0,0.0,0.003943250837675825,0.0,0.020150876534288698
s09M3022,0.12107053941251568,0.028518904111588753,0.007488690596240742,0.36750028617946146,0.011188096280425058,0.0,0.2200546376471064,0.03693080457023619,0.0,0.0032643109205026397,0.0340770290691391,0.0,0.0,0.0,0.14554740148566295,0.0,0.0,0.0005595909096484658,0.0,0.0018919574149528708,0.0,0.009485819999877111,0.0,0.0,0.012421931402642458,0.0,0.0
s10M3022,0.047675611063535704,0.011512634390002819,0.0030376075284560752,0.2768612823021635,0.05267558480394267,0.0,0.20515407076170425,0.14879668420333864,0.0,0.000978772132097661,0.026720291492947097,0.0,0.0,0.0,0.22475256552295025,0.0,0.0,0.0,0.0,0.0,0.0,0.001834895798861358,0.0,0.0,0.0,0.0,0.0
s11M3022,0.06298533445084915,0.017123670153286665,0.006996842196586567,0.3824057146655717,0.0,0.0,0.34969337667328654,0.03844447805129938,0.0,0.006932601336230344,0.022859557485649194,0.0,0.0,0.0,0.11101098314772943,0.0,0.0,0.0,0.0,0.0005618039847993917,0.0,0.0009856378547116924,0.0,0.0,0.0,0.0,0.0
s12M3022,0.18843945285873578,0.0780408562972681,0.006603911492377676,0.25094390554165635,0.019545695104008443,0.003143517901824991,0.15233490409067707,0.10422859452862657,9.317185510209478e-05,0.022290899119762828,0.03171051585669099,0.0,0.0,0.0,0.13667751379025697,0.0014026400420523114,0.0,0.00017762629052978443,0.0,0.0,0.0,0.004366795230430013,0.0,0.0,0.0,0.0,0.0
s13M3022,0.09998573192353158,0.0681970012629713,0.003671580364328302,0.32778383945035344,0.027453445260747493,0.002458416200977793,0.1476057225413464,0.09993190562986211,0.009589640983024443,0.025192720671925784,0.046516995851067756,0.0,0.0,0.0,0.13686336094710175,0.0044559211328711636,0.0,0.0,0.0,0.0,0.0,0.00029371777989063957,0.0,0.0,0.0,0.0,0.0
s14M3022,0.006397685520133785,0.06599908275614325,0.0024356096295680193,0.2952218293700223,0.036026984948983334,0.005644934391414724,0.21937047433967938,0.11212293460304486,0.0,0.09248045825252645,0.05587455162043991,0.0,0.0,0.005292680785284523,0.07479682632595311,0.015246798444120113,0.0,0.009691269774679033,0.0,0.0,0.0,0.0,0.0,0.0,0.0,0.0009635166829261532,0.002434362555081015
s15M3022,0.21886011023602114,0.043787442950314275,0.00140358327194952,0.03966692177368879,0.11218212842080987,0.008570742620400617,0.403305593885506,0.012901994034639585,0.0,0.015555858077521441,0.007505091363390415,0.0,0.0,0.03551406112738145,0.0,0.03290427277921759,0.0,0.027239418623180117,0.0,0.0,0.0,0.0,0.0,0.0007024968067655975,0.020642148142263533,0.005383707578595417,0.013874428308354622
s01X3022,0.07009097877486606,0.018153315271826218,0.0001070286072361307,0.0018002096900231552,0.1801878627638446,0.05823764949986039,0.3776155095872396,0.0,0.0,0.05170435351127036,3.0207692776578966e-05,0.001633759155437368,0.0,0.1139210653554352,0.0,0.03962245968190679,0.0,0.07054604538941954,0.0,0.0010634642389265063,0.0,0.0,0.0,0.0,0.0,0.009377058298795425,0.005909032481136057
s02T3022,0.0642860745799658,0.019932037708347908,0.0009231799220843851,0.011716841670863978,0.2099776045365379,0.06264770913841171,0.2195042606434927,0.0024168252202057053,0.0,0.12875585565629727,0.007499344258698028,0.0,0.0,0.03619328680642444,0.0,0.10724711678057906,0.0,0.09194388376126601,0.0,0.0,0.0,0.0,0.0,0.0,0.0024134729201034325,0.0,0.03454250639672165
s03T3022,0.24740465857364968,0.04183427595706361,0.001159455984811146,0.030351283494517683,0.21390266051214313,0.06325087735243821,0.07705532875230865,0.010216629701191977,0.0,0.08458218357459296,0.015527615857553669,0.0,0.0,0.006758231330886746,0.0,0.08356908155644312,0.0,0.07225227482566493,0.0,0.0,0.0,0.0,0.0,0.0,0.003439982862360573,0.0004586452674449229,0.04823681439692907
s04T3022,0.22237016592662703,0.033754180171885244,0.0006025637379434082,0.019910956178928147,0.21270356652460876,0.06263696340804016,0.09599615817184662,0.006590644539267915,0.0,0.10808768735882683,0.02386774511129365,0.0,0.0,0.010075831100104602,0.0,0.05205110562152591,0.0,0.10887121711366579,0.0,0.0,0.0,0.0,0.0,0.0,0.001213037093243799,0.0,0.04126817794219214
s05T3022,0.0892378621798616,0.03250308635109654,0.0007969886992253629,0.024589536007200614,0.2149074321217806,0.10746037998530615,0.12999677450617297,0.006992736879848063,0.0,0.129279662310664,0.02788004768542255,0.0,0.0,0.004926467359805144,0.0,0.05296706559512918,0.0,0.12623926960785642,0.0,0.0,0.0,0.0,0.0,0.0,0.0,0.0,0.05222269071063089
s06T3022,0.17631441290420177,0.04451129238953947,0.0011019016934008178,0.023933239576289723,0.2647638067501899,0.06806392470061598,0.10987439038694721,0.014967210368643884,0.0,0.08096968780374333,0.01934456669820186,0.0,0.0,0.0,0.0,0.08714019358332926,0.0,0.0476074142997391,0.0,0.0,0.0,0.0,0.0,0.0,0.005252217222448393,0.0,0.05615574162270935
s07T3022,0.0,0.02300683158629416,0.0010984251481623783,0.011582378591383134,0.18440872880141065,0.1514496543414917,0.20349152884316368,0.004932414397352933,0.0,0.1888073034182904,0.0,0.0,0.0,0.022627963138572325,0.0,0.1530084907440744,0.0,0.0,0.0,0.0,0.0,0.0,0.0,0.0,0.008625265198328772,0.0,0.046961015791475255
s08T3022,0.0,0.6440175045514628,0.0,0.08328053116380045,0.0,0.0,0.0,0.002220174265105702,0.0,0.0,0.0,0.17992796875639347,0.0,0.0,0.04211290155978727,0.0,0.0,0.0,0.0,0.01494764688348987,0.0,0.0044268992732756345,0.0,0.0,0.011697242583150594,0.0,0.0173691309635344
s09T3022,0.04914946268148617,0.05107528898247496,0.005128496616026709,0.27622047307656455,0.0790770480823792,0.0017663472353231034,0.0717721840937364,0.0987252108653654,0.0,0.029996927493703793,0.0330161533548336,0.0,0.0,0.0,0.2242296065301655,0.004786649200577298,0.0,0.0,0.0,0.0017889244577899452,0.0,0.031804893124673314,0.0,0.00021243319871988516,0.041249901006180076,0.0,0.0
s10T3022,0.017085991463304195,0.031815776177186686,0.0005051339559367179,0.3667838364464454,0.0919203909021995,0.003494560224838977,0.13191563122716665,0.061604244831126385,0.0,0.06153548448733994,0.11326917035170618,0.0,0.0,0.0,0.11257774465240722,0.003833511448993252,0.0,0.00042436808097355653,0.0,0.002088771044078727,0.0,0.0010515001957530446,0.0,0.0,9.388451054348829e-05,0.0,0.0
s11T3022,0.0,0.022786039118876094,0.000802936158075794,0.3697935792505045,0.09799833787652497,0.001627959562552767,0.1097624823338721,0.1285859360362617,0.0,0.10311964474632195,0.06771660055202493,0.0,0.0,0.0,0.08775028095109136,0.009938504843571259,0.0,0.0,0.0,0.00011769857032252834,0.0,0.0,0.0,0.0,0.0,0.0,0.0
s12T3022,0.00821344781889523,0.03968982633550092,0.001188618277460183,0.33588167279126563,0.056306363611784656,0.001553141856700552,0.2934070604235278,0.079705709346119,0.0,0.13775600757962828,0.0134727793563718,0.0,0.0,0.0,0.013061941183177828,0.01620286585104067,0.0,0.0,0.0,0.0,0.0,0.0,0.0,0.0,0.0,0.0,0.003560565568527413
s13T3022,0.0017063173660463178,0.0170015573558039,0.0002744151604812407,0.3544240143422559,0.040158667492040084,0.0023222395226159148,0.21022978437781573,0.031946537840279995,0.0,0.1506943872004986,0.0625817971790971,0.0,0.0,0.0,0.09641887302449152,0.009347581328659533,0.0,0.013242934443184034,0.0,0.0002503527173898736,0.0,0.0,0.0,0.0,0.0,0.0,0.009400540649340264
s14T3022,0.014778850044723662,0.03176485491722404,0.000857480163763868,0.15598108393747478,0.10908286281829836,0.006874721771805195,0.3581114387326056,0.014578879891927004,0.0,0.08987902339690067,0.025700588250885316,0.0,0.0,0.011148612062551083,0.007594600526722681,0.10036419504692871,0.0,0.04376062072115866,0.0,0.0,0.0,0.0,0.0,0.0,0.005174355025301722,0.0032671162909147723,0.021080716400814024
s15T3022,0.23346771042834735,0.014608301892867555,0.00041958409719862667,0.010265783568505583,0.14487178225549133,0.02938824152862925,0.32176881927987927,0.0,0.0,0.04508269415080751,0.0072084541413295145,0.0,0.0,0.04734642311769599,0.0,0.03464732530963055,0.0,0.08938078355412886,0.0,0.0,0.0,0.0,0.0,0.0,0.0009838137074334,0.002504536050398712,0.018055746917656566
s02M3122,0.5641425259375257,0.0012112449563543431,0.0,0.0,0.1080932810659524,0.00032448159288891174,0.24822169865279017,0.0,0.0,0.0,0.0,0.0014527327066937408,0.0,0.05194886320707609,0.0,0.005426526852799979,0.0,0.0,0.0,0.0020217697473745087,0.0,0.0,0.00047054929166457266,0.0,0.0,0.007421964504402285,0.009264361484477377
s03M3122,0.6319768767094883,0.017657544597198156,0.0007522048988694377,0.005800933404569481,0.13628414389145985,0.008000334209566473,0.11410913233004719,0.000579053462569452,0.0,0.002817097640479697,0.0006490111399756536,0.0,0.0,0.0012513556835589104,0.0,0.022247884917022967,0.0,0.0,0.0,0.0,0.0,0.0,0.0,0.0,0.00426904699370146,0.0,0.05360538012149313
s04M3122,0.6870936481930348,0.00599938369680271,0.0003619489431264697,0.0,0.0836297219600116,0.0035410123954404,0.16635005044882142,0.0,0.0,0.0032639864140623608,0.0008601441563709148,0.0,0.0,0.013053500720198329,0.0,0.000668276983198466,0.0,0.0029052097262812974,0.0,0.0,0.0,0.0,0.0,0.0,0.0,0.002478134193475223,0.029794982169175883
s05M3122,0.7487066249181021,0.0073138291565458275,0.0003960785596574551,0.0053428622242632975,0.08573966322470283,0.008435022749738934,0.05243250388985314,0.0022801882564750355,0.0,0.0063893320782928776,0.003275520425743453,0.0,0.0,0.0,0.0,0.0,0.0,0.0,0.0,0.0,0.0,0.0,0.051327902667114914,0.0,0.005033113978741101,0.0,0.023327357870769037
s06M3122,0.5235214527313259,0.008844059921015413,0.0001948025096735918,0.0,0.10452798118456977,0.0019400945251004103,0.2726529300908341,0.0,0.0,0.0011857523706489184,0.0002838463680750734,0.0,0.0,0.04368306692806514,0.0,0.011676387054793517,0.0,0.0005513353699508185,0.0,0.0,0.0,0.0,0.0,0.0,0.0007513447773825752,0.006259111034725718,0.0239278351338391
s07M3122,0.42339508813671084,0.00506395912840986,0.0,0.0,0.2152364106453317,0.002174073249014812,0.17205895988661948,0.0,0.0,0.0,0.0,0.005700816609401866,0.0,0.077271210526781,0.0,0.031251697122371774,0.0,0.004806541751176003,0.0005693034706964413,0.04108836219333214,0.0,0.0,0.0,0.0,0.0,0.018386614785794612,0.0029969624943595873
s08M3122,0.0,0.8128677248798065,0.003065962048486525,0.12318375577928695,0.0,0.0,0.0,0.0,0.0,0.0,0.0,0.04036494919998696,0.0,0.0,0.01695485693907952,0.0,0.0,0.0,0.0,0.0,0.0,0.0010986635136061163,0.0,0.0,0.002464087639747437,0.0,0.0
s09M3122,0.003411199878740682,0.005056000401738737,5.3204433865160434e-05,0.1457813274033968,0.0,0.0,0.6980382648641036,0.02435938278052802,0.0,0.0,0.022125513083760123,0.0,0.0,0.0,0.0729008116495384,0.0,0.0,0.0,0.0,0.0,0.0,0.0,0.0,0.0,0.028274295504328594,0.0,0.0
s10M3122,0.056755388848704805,0.03652315776133805,0.00014333989881130122,0.12059433483981578,0.031540042796009374,0.0036115332273128848,0.48532928359445393,0.08493237912048604,0.0,0.00592116170440418,0.020093499689712323,0.0,0.0,0.0,0.10675305263038709,0.0026243944319196606,0.0008185720841517587,0.0,0.0,0.0,0.011291133306915032,0.0025111446217903244,0.0,0.0032209883184054267,0.027336593125382027,0.0,0.0
s11M3122,0.012316703503807463,0.021017307125744643,0.0006974838110922897,0.0833474118494895,0.004958128590685567,0.00044704499434809015,0.724467412878442,0.04772450426951238,0.0007921442003922305,0.001818788384153817,0.008833998778194692,0.0,0.0,0.0,0.08342656515975241,0.0008029412072278961,0.0,0.0,0.0,0.0,0.0,0.0,0.0,0.0,0.009349565247157078,0.0,0.0
s12M3122,0.015637292019359334,0.002179033337263929,0.00011801133473476372,0.08958465216293304,0.0,0.0,0.7412712087586447,0.042052515348722876,0.0020694315110388072,0.0006777218377783939,0.009030777724439264,0.0,0.0,0.0,0.07709143440432478,0.000868292971951998,0.0,0.0,0.0,0.0,0.0008414619549416169,0.0,0.0,0.0,0.01857816663386657,0.0,0.0
s13M3122,0.033268599711598616,0.0052132230882798655,0.0,0.06083914923475253,0.0,0.00010319875842369125,0.7986094757903293,0.010366643657018344,0.0,0.001526918271983075,0.021474152658542422,0.0,0.0,0.011658550886025146,0.04922370836073126,0.0010070086479597442,0.0,0.00222433229185177,0.0,0.0,0.0,0.0,0.0,0.0,0.0,0.004485038642504149,0.0
s14M3122,0.272699199559491,0.015586988204005682,0.0003316726861711852,0.006756227761343828,0.07014029103289426,0.0032147913097154528,0.5070062451690907,0.0,0.00016719528498696944,0.009322035499440677,0.0075531629746196805,0.0,0.0,0.03990447542238202,0.0,0.0056379409768639865,0.0,0.02946736518087418,0.0,0.0,0.0,0.0,0.0,0.0,0.004102870388840541,0.009786726027692906,0.01832281252158681
s15M3122,0.07347835126872625,0.015726737651062674,0.0007270743262186415,0.10688569548543567,0.007706215695239807,0.00025072120225620167,0.5407706591526582,0.04082607428266772,0.0,0.0005857537183324779,0.01395980246491048,0.0,0.0,0.0,0.10808919186847937,0.0,0.0,0.0,0.0,0.0,0.0,0.0029851486044427827,0.0,0.0,0.08800857427956968,0.0,0.0
s01X3122,0.45626271800853874,0.010586317822294035,0.0,0.0,0.1663481770976896,0.003795691128149008,0.13744190756272606,0.0,0.0006627098216916168,0.0,0.0008418798943521909,0.006051805894717168,0.0,0.07444617631914331,0.0,0.0,0.0,0.0,0.005784398911101973,0.11289914871335753,0.0,0.0,0.0,0.0,0.0,0.02399604399380062,0.0008830248324379016
s02T3122,0.1728790477767843,0.002748397079533195,0.0,0.0,0.20569193506297545,0.012645169008522937,0.4130085781003822,0.0,0.0,0.005548472391792752,0.0,0.0015233899570275223,0.0,0.0889111470612446,0.0,0.01563565838058722,0.0020824281074433197,0.06266339203881588,0.0,0.003366084627362628,0.0,0.0,0.0,0.0,0.0,0.013296300407528024,0.0
s03T3122,0.10627156060548866,0.004508630266169973,0.0,0.0009177580960510505,0.20690484330972225,0.056401147486263244,0.5090178204425551,0.0,0.0,0.0443706657568054,0.00512093644872782,0.0,0.0,0.03266203075753798,0.0,0.0027003587358538405,0.0,0.021755065942905584,0.0,0.0,0.0,0.0,0.0,0.0015274639684168569,9.222608094627856e-05,0.005009028613025969,0.002740463489530239
s04T3122,0.0,0.021379588241778918,0.0009374122533499882,0.013488013229352504,0.26270157112582615,0.186493836302111,0.22533452637019774,0.0,0.0,0.02824924152978534,0.0032660574325311252,0.0,0.0,0.010382280753612779,0.0,0.10015968214884184,0.0,0.0868850283359626,0.0,0.0,0.0,0.0,0.0,0.0,0.003858122060102134,0.0,0.056864640216547954
s05T3122,0.0,0.02128055045466659,0.0005228982223158212,0.0077752821797233826,0.26297728653411984,0.19645622103764834,0.24399708795118877,0.0,0.0,0.11339440570371809,0.003363122907217149,0.0,0.0,0.0,0.0,0.0,0.0,0.1362391605675116,0.0,0.0,0.0,0.0,0.0,7.477587619581556e-05,0.0023382364827332323,0.0,0.011580972082961457
s06T3122,0.0,0.009221428185166157,0.00018026994620452033,0.009891891845397297,0.2775759013959508,0.14362545228158047,0.31078668269801507,0.0,0.0,0.1655419757361321,0.0037845989462280093,0.0,0.0,0.002840450395355448,0.0,0.0,0.0,0.04818141717120246,0.0,0.0,0.0,0.0,0.0,0.011817201939805674,0.004220552441385298,0.0,0.01233217701757657
s07T3122,0.0,0.0,0.0,0.0,0.1892339391717392,0.00813122782105326,0.6336305301259246,0.0,0.0008254518456281084,0.0058752172324711615,0.03523934505419215,0.0,0.0,0.04669946405219742,0.0,0.0,0.0,0.07450242767995473,0.0,0.0,0.0,0.0,0.0,0.0,0.0,0.005862397016839189,0.0
s08T3122,0.0,0.3098824348362192,0.009004933788614925,0.1182207445737891,0.0,0.0,0.0,0.001903355296971261,0.0,0.0,0.0,0.3463108650466034,0.0,0.0,0.1562955992528694,0.0,0.0,0.0,0.0,0.006670985279381713,0.0,0.007354621284643373,0.0,0.0,0.015534265500652367,0.0,0.0288221951402553
s09T3122,0.02057877904919855,0.04582821797077433,0.0008689671214601749,0.0604409685760047,0.0,0.0004244423022493963,0.5208881319210366,0.06434826463850371,0.0058453092614141324,0.004614413245811214,0.00032185038153125867,0.0,0.0,0.0,0.1319457727628148,0.0,0.0,0.0,0.0,0.0,0.0,0.026061364558207675,0.0,0.0,0.11516460897599408,0.0,0.0026689092349993816
s10T3122,0.0,0.0,0.0,0.02150230947101453,0.0,0.0,0.8135602741490663,0.014728849370022693,0.0028022212870887704,0.0,0.0006430568779552208,0.0,0.0,0.0009653602641001229,0.07086714165908271,0.0,0.0,0.0,0.0,0.0,9.651541713628455e-05,0.00325116587517402,0.0,0.0,0.0715831056293592,0.0,0.0
s11T3122,0.0019722375319321346,0.0,0.0,0.055207333246907325,0.0,0.0,0.7409690719042772,0.00487169867970924,0.0023297533707401803,0.0,0.0,0.0,0.0,0.0,0.08253920248744193,0.0,0.0,0.0,0.0,0.0,0.0,0.006700165187210464,0.0,0.0,0.10541053759178157,0.0,0.0
s12T3122,0.015129707681044444,0.0,0.0,0.049071780967063015,0.0,0.0,0.8253891093340188,0.004139854671865338,0.0006115358617405126,0.00010148594175761939,0.0,0.0,0.0,0.0,0.036491014674415276,0.0,0.0,0.0,0.0,0.0,0.0,0.0,0.0,0.0,0.06906551086809506,0.0,0.0
s13T3122,0.0018737858152987961,0.0,0.0,0.05067196117097867,0.0,0.0,0.8244387084093695,0.019558297487715915,0.00022439163712481138,0.0005500773092040602,0.0006199521919830527,0.0,0.0,0.0,0.05743738331908299,0.0,0.0,0.0,0.0,0.0,0.0,2.1721351433849755e-05,0.0,0.000301625284785883,0.04430209602302251,0.0,0.0
s14T3122,0.0,0.0,0.0,0.05053729970518584,0.02644613493094944,0.0,0.8021900563517542,0.040469258166408804,0.0,0.0005851763076995265,0.006664236890930111,0.0,0.0,0.0,0.06900766622771135,0.0014538551498053615,1.7600164123976848e-05,0.0,0.0,0.0,0.0015207039675726925,0.0,0.0,0.0004376488726300503,0.0006703632652285761,0.0,0.0
s15T3122,0.07461468402869265,0.011145727526252092,9.025603622405317e-05,0.01628237815828025,0.05393589478923046,0.0006885889740501304,0.7821182819704932,0.0,0.0013274093832315894,0.0020155837156009427,0.005996802326124335,0.0,0.0,0.02421999236586254,0.010740046090678548,0.0021445428591002932,0.0,0.0017808835135929802,0.0,0.0,0.0,0.0,0.0,0.0,0.00811140672561442,0.0047875215369716645,0.0
s03M3222,0.0,0.0,0.0,0.0,0.23093851007717567,0.29532746152884004,0.2553727368934621,0.0,0.0,0.17105719481147394,0.0,0.0,0.0,0.011015438342950518,0.03628865834609761,0.0,0.0,0.0,0.0,0.0,0.0,0.0,0.0,0.0,0.0,0.0,0.0
s04M3222,0.0,0.018238656112870268,0.00035933079556442336,0.0,0.27784091820155,0.11439733622184162,0.29381288943498673,0.0,0.0,0.1208222269557624,0.0,0.0,0.0,0.016670001930492836,0.0,0.050627183363374316,0.0,0.07191073191142525,0.0,0.0,0.0,0.0,0.0,0.0,0.0,0.00018231689383083446,0.03513840817830127
s05M3222,0.0,0.018173880771023526,0.0004518700586982383,0.018367251492821212,0.4887556857320566,0.09736268742512996,0.10319822102036684,0.006050725487814477,0.0,0.23540202796075846,0.0018318936501385613,0.0,0.0,0.0,0.0,0.001246391721879178,0.0,0.0,0.0,0.0,0.0,0.0,0.0,0.0,0.008803974757408193,0.0,0.02035538992190481
s06M3222,0.0,0.030477485047922845,0.0001305817045069404,0.006644146012047768,0.3620879415453451,0.09263551090198323,0.16781584819639744,0.0018190111343624083,0.0,0.26929523857696064,0.006977223655397907,0.0,0.0,0.0,0.0,0.013835280624810447,0.0,0.02051650313353649,0.0,0.0,0.0,0.0,0.0,0.0022569554287008736,0.0009864738847456683,0.0,0.024521800153282307
s07M3222,0.06006889258440242,0.0025962734616324363,0.0,0.0,0.06493847042840635,0.05403168564249947,0.662874612592507,0.0,0.0,0.03917021062792421,0.0,0.0,0.0,0.030156598334681536,0.0,0.011071637621560724,0.0,0.047165873438308616,0.0,0.0033397371342592723,0.0,0.0,0.0066640301607479675,0.0,0.0,0.006816000885315439,0.011105977087754673
s08M3222,0.0,0.7280188591083635,0.018384819632799167,0.17980688578084897,0.0,0.0,0.0034335134169388506,0.0,0.0,0.0,0.0,0.043983444217285776,0.0,0.0,0.02032874555858495,0.0,0.0,0.0,0.0,0.0001715321805687098,0.0,0.0,0.0,0.0,0.0,0.0,0.005872200104610032
s09M3222,0.0,0.028797811198440736,0.0009593004391458123,0.3448554778369265,0.017968547136208594,0.00019394312891761047,0.15008354541289223,0.08019627587325351,0.0,0.010027471530772804,0.007691325630817948,0.0,0.0,0.0,0.17095281491167968,0.0,0.0,0.0,0.0,0.0,0.0,0.1484987053649092,0.0,0.007495822773706305,0.032278958762329016,0.0,0.0
s10M3222,0.0,0.007121414794932141,0.0005931983362680426,0.3272422378593842,0.03898672933487932,0.0,0.2584588135212235,0.056391628631943566,0.0,0.0028509805492661754,0.014383389227837697,0.0,0.0,0.0002798180002291033,0.11311219887521302,0.0,0.0,0.0,0.0,0.0,0.0,0.13833145034111527,0.0,0.012312946187366785,0.029935194340341347,0.0,0.0
s11M3222,0.0,0.012878235524985801,0.000584870121560103,0.2887742409714275,0.029764182613706856,0.0,0.37759657515024436,0.017916888878469848,0.0,0.0,0.013280781253563391,0.0,0.0,0.0011732449600924833,0.12473415745797527,0.0,0.0,0.0,0.0,0.0,0.0,0.09156798935628895,0.0,0.014987918853560834,0.02674091485812467,0.0,0.0
s12M3222,0.016773680591820894,0.003374926895497123,2.1998807177022265e-05,0.25061149357737783,0.01576755970199635,0.0,0.6110267096770134,0.011935901736417159,0.0,0.0033544859647231624,0.01405924024352084,0.0,0.0,0.0,0.052807713627847024,0.0,0.0,0.0,0.0,0.0,0.0,0.01064757539563166,0.0,0.004338402088056012,0.0052803116929213455,0.0,0.0
s13M3222,0.0058105378678937995,0.00014958099010627102,0.00020845754137104085,0.14043371536190621,0.025600120553886954,0.0,0.7086036334047048,0.03660204136930749,0.0,0.006222171128117654,0.021049740765670684,0.0,0.0,0.0,0.04236203433420711,0.0,0.0,0.0,0.0,0.0,0.0,0.006677685028158312,0.0,0.002136124424966643,0.004144157229703127,0.0,0.0
s14M3222,0.10470691735865727,0.02155407254216087,0.0004775485714884302,0.1454328352517744,0.16628413067185974,0.005723339748392948,0.47952326544421275,0.02092412200388038,0.0,0.0024967513474372523,0.021602503854597024,0.0,0.0,0.002095825247751395,0.015013093429028505,0.008217279510402574,0.0,0.0,0.00019973555664972389,0.0,0.0,0.0016242804929045432,0.0,0.0005211312508248426,0.003603167717977362,0.0,0.0
s15M3222,0.04109225567306772,0.0026632272561048402,0.0,0.0,0.10807511330806018,0.015079979128565674,0.6849529573780072,0.0,0.0004268500316180076,0.011565452857394569,0.0,0.0,0.0,0.04546211037568114,0.0,0.010475899970803742,0.0,0.06814296724211008,0.0,0.004103974183308574,0.0,0.0,0.0,0.0,0.0,0.006514809507126933,0.0014444030881512848
s01X3222,0.15236608039247945,0.02630220335478297,0.0,0.0,0.18674058849125752,0.018792355325707527,0.39384735354579603,0.0,0.0039778187606347715,0.01556706761995948,0.0,0.0,0.0,0.08313055394178039,0.0,0.005872162225438619,0.0,0.007184089068683549,0.0,0.06188121244237063,0.0,0.0,0.0,0.0,0.0,0.027504048705961855,0.016834466125147166
s02T3222,0.0,0.0,0.0,0.0,0.2174735572810348,0.0770622006968438,0.10075300228998038,0.0,0.0,0.08445109304125921,0.0,0.0,0.0,0.0,0.003352328911631621,0.0,0.0025286121397384608,0.347333552323181,0.0,0.0,0.0,0.0,0.0,0.0,0.0,0.16704565331633067,0.0
s03T3222,0.0,0.0,0.0,0.0,0.21079976716530255,0.056932804754391345,0.11858287211331978,0.0,0.0,0.1339056669106743,0.0,0.0,0.0,0.0,0.0,0.0,0.0,0.3068533651410487,0.0,0.0,0.0,0.0,0.0,0.0,0.0,0.17292552391526342,0.0
s04T3222,0.16553866054298103,0.02208619707295161,0.00010045097221313694,0.006971648856899684,0.21357377940606057,0.03162055968533412,0.3878904835602182,0.0,0.0,0.03250479243323335,0.0005497330161922206,0.0,0.0,0.011690372938288627,0.0,0.037608318072445496,0.0,0.04522981431395184,0.007175578476931408,0.0,0.0,0.0,0.0,0.0,0.0,0.0025106888792246545,0.034948921773074064
s05T3222,0.4224753613065948,0.0,0.0,0.0,0.1936129692815713,0.031125314540273584,0.07306326746781536,0.0006812967028036875,0.0,0.03586175715362086,0.0021640823235364154,0.0,0.0,0.0,0.0,0.0,0.0,0.1944131339464181,0.0,0.0,0.0,0.0,0.0,0.0,0.0017719497595336683,0.044830867517832274,0.0
s06T3222,0.0,0.0,0.0,0.0,0.15360615656994717,0.12028720242100432,0.045953953334385476,0.0,0.0,0.1263519672896936,0.0,0.0,0.0,0.0,0.0,0.0,0.0,0.5016727336107303,0.0,0.0,0.0,0.0,0.0,0.0,0.0,0.05212798677423911,0.0
s07T3222,0.052274655971852976,0.0,0.0,0.0,0.26403030308093606,0.0784918871106987,0.10433728663321075,0.0,0.0,0.07781124136911267,0.0,0.0,0.0,0.0,0.009357313741927708,0.004195567324782289,0.0,0.2636768059528469,0.0,0.0,0.0,0.0,0.0,0.0,0.0,0.1458249388146321,0.0
s08T3222,0.0,0.6516297255917648,0.007468776633964935,0.12743780615963188,0.0,0.0,0.0,0.0,0.0,0.0,0.0,0.15820074663036227,0.0,0.0,0.030289484217994662,0.0,0.0,0.0,0.0,0.0059529585334188026,0.0,0.0024492333607712266,0.0,0.0,0.006406257212137387,0.0,0.010165011659954136
s09T3222,0.0,0.009705688801247772,0.0009034718061017097,0.23726338747671957,0.1510724293989986,0.0,0.15711478786502,0.05275795153077687,0.0,0.0,0.01886158671090256,0.0,0.0,0.0,0.16940255280915117,0.0,0.0,0.0,0.0,0.0,0.0,0.12384750382035735,0.0,0.012302922833266538,0.0667677169474578,0.0,0.0
s10T3222,0.10560467757858641,0.0,0.0,0.22830331910175547,0.05896186427705451,0.0,0.21064676438031732,0.013043084624442983,0.0,0.0,0.007832377410392801,0.0,0.0,0.0,0.12099155797781412,0.0,0.0,0.0,0.0,0.0,0.0,0.18449391193648518,0.0,0.025114586597507756,0.04500785611564346,0.0,0.0
s11T3222,0.09440857616413167,0.0,0.0,0.10839159338812455,0.08033517073486059,0.0,0.19061843946869209,0.04653671334680565,0.0,0.0,0.005434981450600779,0.0,0.0,0.0,0.19096757707309567,0.0,0.0,0.0,0.0,0.0,0.0,0.2329398666910765,0.0,0.020347117292269425,0.030019964390343035,0.0,0.0
s12T3222,0.10288637436265965,0.0,0.0,0.1640349962578023,0.09514715553223789,0.0,0.3850524284573641,0.029196699204608347,0.0,0.0,0.0025222040891146416,0.0,0.0,0.0,0.1534955906692416,0.0,0.0,0.0,0.0,0.0,0.0,0.04922758547620797,0.0,0.007867280753070707,0.010569685197692621,0.0,0.0
s13T3222,0.19593536925526686,0.021215498734983556,0.001425911411854192,0.2342413349274232,0.09407464952044776,0.0,0.22989301872629925,0.028680923396513,0.0,0.0,0.010138154405769382,0.0,0.0,0.0,0.09949866682088924,0.0,0.0,0.0,0.0,0.0,0.0,0.04511007357917227,0.0,0.014653698848961737,0.02513270037241957,0.0,0.0
s14T3222,0.0,0.004468064901235039,0.0,0.034491895016651154,0.037577286132525825,0.0008796021959670121,0.8923155196327096,0.0,0.0,0.005731879166470656,0.0013915787781151475,0.0,0.0,0.007649218297421741,0.004411409475308836,0.0,0.0,0.01096730576002354,0.0,0.00011624064357127038,0.0,0.0,0.0,0.0,0.0,0.0,0.0
s15T3222,0.0,0.003342469558324463,0.0,0.1817098855654151,0.03428130859865631,0.0013600155270054176,0.6778553227019677,0.014296221695099216,0.0,0.017924422287416465,0.023791021407319445,0.0,0.0,0.0,0.03750193966102245,0.0,0.0,0.0006646835005665313,0.0,0.0,0.0,0.0014305773284762973,0.0,0.0030442341646535454,0.0027978980040771263,0.0,0.0
s02M3322,0.0,0.001989032907297912,0.0,0.0,0.34914900961356576,0.025275990067289044,0.4475302056444288,0.0,0.0,0.05804579202256033,0.0,0.0,0.0,0.02210595332231619,0.0,0.023381964463390588,0.0,0.0725220519591514,0.0,0.0,0.0,0.0,0.0,0.0,0.0,0.0,0.0
s03M3322,0.0,0.0,0.0,0.0,0.4169040719617201,0.0940221396588632,0.291681009399751,0.0,0.0,0.1182761734684847,0.0,0.0,0.0,0.0,0.04552227108008865,0.0,0.0,0.03359433443109236,0.0,0.0,0.0,0.0,0.0,0.0,0.0,0.0,0.0
s04M3322,0.15915293029999808,0.001718772584649856,0.0,0.0,0.20789989440201864,0.0020838769950487653,0.5706934567947731,0.0,0.004008526987050422,0.0006030899764736477,0.0011279750825508663,0.0,0.0,0.029709837191229722,0.0,0.003912358035352835,0.0,0.00670726747547323,0.0,0.003439241305802974,0.0,0.0,0.002613494259748635,0.0,0.0,0.006329278609829377,0.0
s05M3322,0.0,0.010294214403197721,0.0,0.006458358890489803,0.4597014296969785,0.029086766672494272,0.3723678982649082,0.0007993934820255431,0.0,0.05743468842255095,0.0026131926708450187,0.0,0.0,0.0,0.023577389716371373,0.02334439886496396,0.0,0.0,0.0,0.0,0.0,0.0,0.0008711371634928105,0.0,0.0,0.0,0.013451131751681918
s06M3322,0.0,0.0023924733900547177,0.00022504464598814837,0.010201222796874014,0.5751444206927151,0.06476477260715145,0.0752920378934159,0.01757772914484473,0.0,0.21500962879076355,0.004972132887750598,0.0,0.0,0.0,0.027254209699587882,0.0,0.0,0.0,0.0,0.0,0.0,0.0,0.0,0.0,0.007166327450853983,0.0,0.0
s07M3322,0.0,0.024675604454865864,0.00023688971694875668,0.012919513130897063,0.5024573755229594,0.04186262339694543,0.26141219584225367,0.0004530768768662717,0.0,0.036516536423729797,0.001686829549571768,0.0,0.0,0.0,0.024132012537849367,0.05057801243072671,0.0,0.018366111813316544,0.0,0.0,0.0,0.0,0.0,0.0,0.0,0.0,0.02470321830306911
s08M3322,0.0,0.5834446809952077,0.013772184240604253,0.2876834880912386,0.0,0.0,0.0,0.0,0.0,0.0,0.0,0.09026523608094923,0.0,0.0,0.022262037760763576,0.0,0.0,0.0,0.0,0.002572372831236704,0.0,0.0,0.0,0.0,0.0,0.0,0.0
s09M3322,0.0,0.0,0.0007744311636209015,0.15810942385768262,0.06471659781192363,0.0011884226740001627,0.1170948486736407,0.03444580851776677,0.0028095223007766996,0.0,0.018244258595482857,0.0,0.0,0.0,0.19515884664949915,0.0,0.0,0.0,0.0,0.0,0.0,0.31254119563408866,0.0,0.035311632639906075,0.05960501148161181,0.0,0.0
s10M3322,0.0,0.03865765341231736,0.0016296277175980624,0.3158617561878799,0.1467919331869515,0.001146337865210208,0.2519928520535006,0.026433415966949876,0.0,0.0011231346058875502,0.011220680652144476,0.0,0.0,0.0,0.10285144613671728,0.0,0.0,0.0,0.0,6.104300995442863e-05,0.0,0.07123118384965435,0.0,0.010475775304164481,0.02052316005106981,0.0,0.0
s11M3322,0.03389013820988069,0.017846053612574218,0.0007617079345056468,0.32703832438222036,0.14996513974166256,0.0,0.26010259167013344,0.03204372728373528,0.0,0.0017512291815335495,0.007262061551030246,0.0,0.0,0.0,0.04883829943241789,0.0,0.0,0.0,0.0,0.0002032065043555223,0.0,0.07056311888602013,0.0,0.015811483156739223,0.03392291845319112,0.0,0.0
s12M3322,0.08781659733710755,0.07294633159438767,0.0023381860699939385,0.2318252592347859,0.17888897804873571,0.003720132609545364,0.25016095662010795,0.03856968551678009,0.0,0.008777468223940526,0.012883345261325825,0.0,0.0,0.0,0.022441400393367922,0.0,0.0,0.0,0.0,0.0,0.0,0.047603649599206106,0.0,0.021998758483130605,0.020029251007584882,0.0,0.0
s13M3322,0.08567996660482205,0.04809379176775803,0.0020343903414941802,0.13388079151931806,0.21580344085742448,0.0008798317899681933,0.23612093004101226,0.07900291979545412,0.0,0.0020045898285555473,0.005567202075261477,0.0,0.0,0.0,0.10351565432964994,0.0,0.0,0.0,0.0,0.0,0.0,0.052166221951850326,0.0,0.014989285283158942,0.020260983814272417,0.0,0.0
s14M3322,0.0,0.02973280196108175,0.0008481766929238499,0.17078750799085915,0.20936341871506087,0.0009776427553994187,0.4394870570662777,0.0543043824103529,0.0,0.013658134488772927,0.00738428765110186,0.0,0.0,0.0,0.02262482492927767,0.0,0.0,0.0,0.0,5.711585352722407e-05,0.0,0.018547213091156277,0.0,0.019970324226916508,0.01225711216729185,0.0,0.0
s15M3322,0.0699023520923779,0.04167975566233484,0.0010986527710157615,0.09809863617398808,0.18709780000411352,0.002660586881189413,0.4498724014434408,0.01842431898604494,0.0,0.004259464788501074,0.00807036294142572,0.0,0.0,0.0,0.007679558802554955,0.0,0.0,0.027752106975145612,0.0,0.001863584044649158,0.0,0.01763892888905625,0.0,0.00962899585909752,0.014214436456951317,0.040058057228113134,0.0
s01X3322,0.3614677739002925,0.0,0.0,0.0,0.30054027801830085,0.028739334044757675,0.08911314682433402,0.0,0.0008554463396895557,0.020795881125976072,0.0,0.0,0.0,0.0,0.021664095255272544,0.0,0.0,0.06704371532592233,0.0012808174519792668,0.00662298482537376,0.0,0.0,0.0,0.0,0.0,0.10187652688810127,0.0
s02T3322,0.1918910625626036,0.0038420245122460076,0.0,0.0,0.5011216569192358,0.012252650759143295,0.06795215484841526,0.0,0.0010254114230769476,0.0,0.0,0.0010203454745115622,0.0,0.03639335107726713,0.007094892010284912,0.0,0.0,0.11351195250879834,0.0,0.03947749855170458,0.0,0.0,0.0,0.0,0.0,0.024416999352712594,0.0
s03T3322,0.5835449137152467,0.003243562855308135,0.00018764980635215976,0.0,0.31815509243705625,0.008320326929566949,0.020052795993575324,0.0,0.0,0.0010590567359150763,0.0,0.0,0.0002983840888641729,0.004969395300728195,0.04404364060881316,0.0,0.0,0.01607361211424537,0.0,5.1569414328548535e-05,0.0,0.0,0.0,0.0,0.0,0.0,0.0
s04T3322,0.5938266474028997,0.011812382655271788,0.0,0.0,0.22305869244984286,0.01831357238040088,0.03700700431249556,0.0,0.00012051687896127179,0.013771223701897225,0.0,0.0,0.00028467786083645567,0.026510267691138786,0.0,0.0,0.0,0.03343966725110562,0.003983022761919459,0.001425738464910949,0.0,0.0,0.0,0.0,0.002791694774404401,0.009536556899419376,0.024118334514495725
s05T3322,0.4664092351405696,0.012632561240039274,0.0,0.0,0.30643825865858865,0.01603975252859028,0.041948420808624445,0.0,0.0,0.017413675031488784,0.0,0.0,0.002244193560624588,0.027744665086063467,0.044100901393687816,0.0,0.0,0.043421769014069134,0.0005654863481351619,0.0,0.0,0.0,0.0,0.0,0.0,0.000812084943216155,0.020228996246302578
s06T3322,0.22717737829047902,0.015690717891834793,0.0,0.0,0.4267984013447928,0.031579177781590376,0.03439440604582807,0.0,0.0,0.024964981372238928,0.0,0.0,0.003313968328731523,0.045493244013349435,0.08464611679157237,0.004921319164586925,0.0,0.07498094789544119,0.0006995871043892862,0.009125343882045929,0.0,0.0,0.0113146978235397,0.0,0.0,0.0006654777528760954,0.004234234516703711
s07T3322,0.42229059444433276,0.010539993829013961,0.0,0.005953882237205507,0.2764526909181858,0.0019116062771663443,0.0712014095081713,0.0,0.0009296946664620175,0.0,0.0,0.0,0.0026349878830114804,0.09334666279062451,0.0037823449473890383,0.0,0.0,0.060956724882119284,0.0,0.021578547451865847,0.0,0.0,0.0,0.0,0.0037343241714454497,0.024686535993006714,0.0
s08T3322,0.0,0.7618876862945158,0.0,0.09937861306078755,0.0,0.0,0.0,0.0,0.0,0.0,0.0,0.11377001980489652,0.0,0.0,0.01433177955156433,0.0,0.0,0.0,0.0,0.0,0.0,0.0027912652015117654,0.0,0.0,0.007302034556116225,0.0,0.0005386015306078393
s09T3322,0.1648648288391413,0.0018272133317816116,0.0,0.0826791953885335,0.029183273370013498,0.0,0.21018630699820254,0.007511617667377789,9.781737405002067e-05,0.0,0.00190194923052672,0.00524801512199691,0.0,0.0,0.030798698373169276,0.0,0.0,0.0,0.0003976202715103732,0.0,0.0,0.14113122902017505,0.0,0.0,0.320649607591857,0.0,0.0035226274216644702
s10T3322,0.08216709714367958,0.0,0.0,0.12847386230723637,0.08067885497203829,0.0,0.47553010424503733,0.008379958085284954,0.0,0.0,0.0013525135369538656,0.0,0.0,0.0,0.06068224972112878,0.0,0.0,0.0,0.002517693981995038,0.0,0.0,0.05079750341417479,0.0,0.0,0.10942016259247116,0.0,0.0
s11T3322,0.09165375039453204,0.0,0.0,0.12253016285851573,0.07520720738229549,0.0,0.24548350895492954,0.007321127477976983,0.0,0.0009101271623494583,0.005172673920892718,0.0,0.0,0.0,0.04705441867556098,0.0,0.0,0.0,0.0013261997370437705,0.0,0.0,0.11382263710602449,0.0,0.0037052961627095722,0.283974658221694,0.0,0.0018382319454751982
s12T3322,0.0030121766208401433,0.0,0.0,0.1442684431754844,0.08714131519416944,0.0,0.6003106433023438,0.0,0.0,0.008625494947964444,0.0115258339990106,0.0,0.0,0.0015360442438367163,0.019580304430084274,0.0,0.0,0.0,0.0006920195240349335,0.0,0.0,0.025199246579300304,0.0,0.007277975584500698,0.08738675638190438,0.0034437460165256716,0.0
s13T3322,0.0,0.0,0.0,0.07727186004550163,0.22966804110761774,7.881071995085415e-05,0.5367905988317334,0.016450063412212487,0.0,0.03012562205433315,0.017086299992022408,0.0,0.0,0.008650223215915088,0.018123621162814976,0.0,0.0,0.03545266742621497,0.0,0.0,0.0026134207378420062,0.005123041623479428,0.0,0.005202876800716994,0.010051227190020232,0.007311625679624569,0.0
s14T3322,0.0,0.00906202121966804,0.00029635753135265043,0.015915880790199965,0.33432215557576095,0.0,0.4176858483427028,0.008296018789617608,0.0002773415950690604,0.003604785760101642,0.0034322371316845447,0.0,0.0,0.04131554230966359,0.04786603093700123,0.0,0.0,0.09634728708668903,0.0,0.0,0.0,0.0015781369951682717,0.0,0.0,0.0020042433582939095,0.01799611257702677,0.0
s15T3322,0.02812095778947523,0.012565836974467169,0.0001659359134493377,0.028701394635518795,0.28362321662128487,0.0,0.38303966451063576,0.003748289979405139,0.0,0.003643443080634202,0.002171094796191983,0.0,0.0,0.042061116055471366,0.02324350044827324,0.0,0.0,0.1603212765383773,0.0,0.0008965329647408351,0.0,0.0016176140463331132,0.0,0.0,0.0024250755143862637,0.02365505013135525,0.0
s02M3422,0.39219468225405324,0.004696140342288759,0.0,0.0,0.4484502182213408,0.017925018392383543,0.04498725862581036,0.0,0.0014190784512158998,0.013742080835692897,0.0,0.0028358123410743554,0.0016477896386436857,0.0266559834360515,0.012344728790804425,0.0,0.00020884120766060635,0.0,0.0,0.030447413266930207,0.0,0.0,0.0,0.0,0.0,0.0024449541960498483,0.0
s03M3422,0.29341920555042555,0.0064703096997769365,0.0,0.0037475322379440725,0.5301348089974905,0.0053609201109635855,0.05615331514431414,0.0,0.0,0.013958175235687731,2.335296783275376e-05,0.001534179773339089,0.001934298040389464,0.05146303778534918,0.0,0.0,0.0,0.0008153104060935475,0.0,0.0300634761517059,0.0,0.0,0.004922077898687526,0.0,0.0,0.0,0.0
s04M3422,0.36716057843534416,0.018849355265002355,0.0,0.004133336017341718,0.4059509487867483,0.03170179851260191,0.039542660157033095,0.0,0.0018769694530483092,0.011736517556648637,0.0,0.0,0.0009606675246804098,0.03960007410964503,0.0,0.0075375604966191724,0.00014980381122210655,0.0,0.0,0.02535749832331832,0.0,0.0,0.004509268322760359,0.0,0.006775265721338792,0.005678969449821478,0.02847872805682595
s05M3422,0.5399206923827584,0.009419739901534397,0.0,0.00043154530874426434,0.31950367998643003,0.0012391637988659096,0.05009010430897089,0.0,0.0,0.0,0.0,0.0,0.0,0.017512634597500798,0.023882764003821323,0.00241464673128963,0.0,0.0,0.0,0.0019793441602363603,0.0,0.0,0.0,0.0,0.0,0.0,0.03360568481984779
s06M3422,0.0178640955969065,0.012959532157442161,0.0,0.0,0.6165826337849765,0.15844422721823564,0.024326276922604938,9.871781399766355e-05,0.0,0.0605866891745707,0.0,0.0,0.00016995465814394773,0.002052916470389112,0.10006895692558548,0.0,0.0,0.0,0.0,0.0,0.0,0.0,0.0,0.0,0.0,0.0,0.006845999277147402
s07M3422,0.35853145612412707,0.00338787609868897,0.0,0.0010729965185276439,0.36371796528015304,0.0,0.07656086066017141,0.0,0.00018117331040176117,0.0,0.0,0.0029087454535994366,0.0,0.0991148570049463,0.0,0.0,0.0,0.0,0.0,0.08263549145102449,0.0,0.0,0.0,0.0,0.0018589182131534111,0.010029659885206522,0.0
s08M3422,0.0,0.930290445305245,0.013671758670565363,0.029264680035692422,0.0,0.0,0.0,0.0,0.0,0.0,0.0,0.0,0.0,0.0,0.015990690372086266,0.0,0.0,0.0,0.0,0.00029355887743956374,0.0,0.0016099477983577692,0.0001435926810569521,0.0,0.002646985760136901,0.0,0.006088340499419727
s09M3422,0.0,0.025212717951726766,0.0,0.0,0.0,0.0,0.009731800722876131,0.016184657438233954,0.0038612680459330297,0.0004669489342175888,0.0,0.054203819887965486,0.0,0.0,0.02747475705150642,0.0003631999098506101,0.0,2.9824728271265455e-05,0.0,0.0,0.0,0.4473045541142825,0.0,0.0,0.4151664512151363,0.0,0.0
s10M3422,0.0,0.0,0.0,0.0,0.0,0.0,0.04146529064462016,0.0,0.0001015474733928406,0.00025098417820505883,0.0,0.0,0.0,4.8442848417134664e-05,0.0,0.0,0.0003783100812266226,0.0,0.0002255701157742125,0.0,0.0,0.2670846980126776,0.0,0.0,0.6904451566456864,0.0,0.0
s11M3422,0.0,0.0,0.0,0.021652828813636237,0.06301623483727843,0.0,0.050170436423611124,0.010309772137288748,0.0010645506007446765,0.0,0.0,0.0,0.0,0.0,0.009518751977546725,0.0,0.0,0.0,0.0,0.0,0.0,0.34506010102895796,0.0,0.0001494503015055953,0.4990578738794305,0.0,0.0
s12M3422,0.0,0.0,0.0,0.051065944796205014,0.207812901887962,0.0,0.6159665344046186,0.0,0.000983929060954169,0.0,0.006139824607495027,0.0,0.0,0.038976600742720684,0.030884671356110074,0.0,0.0,0.0,0.0,0.0,0.0,0.012787418516040991,0.0,0.0004396757058274287,0.031261025210043744,0.00368147371202226,0.0
s13M3422,0.0,0.0,0.0,0.034463035668200206,0.4688920145427798,0.0009123476234387421,0.3360053324037094,0.020386419905606547,0.00010309899995983088,0.023204994671292428,0.00808408545387403,0.0,0.0005083805992177184,0.043087514704848597,0.051747680706525634,0.0,0.0,0.0,0.0005267541760333405,0.0,0.0,0.0021456286443063974,0.0,0.001195767256121224,0.008736944644086095,0.0,0.0
s14M3422,0.0,0.0,0.0,0.01893922302144508,0.44160077360498873,0.0,0.41547854867207734,0.004437177760872934,0.0021075185113740027,0.007664929905961379,0.0039019071247346202,0.0,0.0003533870702746891,0.07711141945584397,0.017643007303239897,0.0,0.0,0.0,0.0,0.004489206066870547,0.0,0.001634837662332444,0.0,0.00014871745773818346,0.002166945485254636,0.002322400896991354,0.0
s15M3422,0.0,0.0,0.0,0.008011254769990952,0.4686254663571562,0.0,0.40056827779732807,0.0,0.001397392808651088,0.00020265756874775486,0.0,0.002276308220559711,0.0,0.09613024757474364,0.0,0.0,0.0,0.0,0.008293083726429026,0.010556716328308938,0.0,0.0,0.0,0.0,0.0,0.003938594848084738,0.0
s01X3422,0.022350186929764534,0.0,0.0,0.0,0.6892765931466819,0.022322368145213958,0.09491315879032096,0.0,0.0,0.0043584907863978865,0.0,0.0,0.00013686832853018402,0.057587519274019734,0.0,0.0,0.0,0.0253095006530509,0.0,0.037711155990839476,0.0,0.0,0.0,0.0,0.0,0.04603415795518053,0.0
s02T3422,0.0,0.0,0.0,0.0,0.3000601908734493,0.0,0.2691237112317684,0.0,0.0,0.018840306148309935,0.0,0.0,0.0,0.04462509742644588,0.0,0.0008905904119288935,3.15468368189876e-05,0.22716167515248145,0.0,0.002093530574060295,0.0,0.0,0.0,0.0,0.0,0.13717335134473677,0.0
s03T3422,0.0,0.0,0.0,0.0,0.3263402111121155,0.008432260098483151,0.16406421562555532,0.0,0.0,0.06816514194753726,0.0,0.0,0.0,0.018330681440704485,0.011788042595686343,0.0,0.0,0.3149787533721261,0.0,0.0,0.0,0.0,0.0004924104932667915,0.0,0.0,0.08740828331452512,0.0
s04T3422,0.2680360635549784,0.0028070451713513808,0.0,0.010383313723035772,0.24222267439181938,0.009595362871017454,0.17637674278583831,0.0,0.0,0.021008561904221013,0.0019173602036290365,0.0,0.0,0.016452907353996158,0.004133708757950278,0.0014204581888103307,0.0,0.16631082269261194,0.0,0.001590760937297601,0.0,0.0003454301820977486,0.0,0.0,0.00425339652831861,0.06974165642843813,0.003403734324588663
s05T3422,0.22857019801098297,0.002306936620822532,0.0,0.023252618106291843,0.30937783223870924,0.0031362055291214467,0.16296969048157636,0.0006716074643245489,0.0,0.022627091591308827,0.0014567945494158537,0.0,0.0,0.01095870477536112,0.024793635314077064,0.009938150603585117,0.0,0.14304345385469994,0.0,0.0,0.0,0.0,0.0009949815375105639,0.0,0.002234691060757411,0.05366740826145524,0.0
s06T3422,0.0,0.015175030230632625,0.0,0.021284230476750477,0.32730037428323355,0.008012161517405443,0.2743512443131244,0.0022530395054658125,0.0,0.03635309803361841,0.0025204489979658764,0.0,0.0,0.03734279731924071,0.0,0.01733940774444458,0.0,0.2075367309902174,0.0,0.0,0.0,0.0,0.0,0.0,0.000168853620967359,0.0384732681338608,0.011889314833072616
s07T3422,0.0,0.0,0.0,0.01371519138447246,0.14717797484338574,0.0,0.6392150220955038,0.0,0.0,0.004316220325197328,0.0003746631609972737,0.0,0.0,0.03597253249138618,0.00420310023609055,0.0,0.0,0.04593432229468417,0.0,0.0,0.0,0.0,0.0,0.0,0.0,0.10909097316828247,0.0
s08T3422,0.0,0.9121988789519798,0.0,0.037172944004415495,0.0,0.0,0.0,0.0,0.0,0.0,0.0,0.02328894602765389,0.0,0.0,0.018431023874172343,0.0,0.0,0.0,0.0,0.0016240070088779995,0.0,0.0034344874713568016,0.0,0.0,0.0038497126615435954,0.0,0.0
s09T3422,0.0,0.0,0.0,0.3403587791970358,0.11603141518646433,0.0,0.33686841748487023,0.0,0.0,0.006171547293962542,0.018622723611805544,0.0,0.0,0.0,0.011068028354659655,0.0,0.0,0.0,0.0,0.0,0.0,0.13082023475875396,0.0,0.012243808008278716,0.027815046104169114,0.0,0.0
s10T3422,0.0,0.0,0.0,0.3922569944504614,0.09535707877703027,0.0,0.3937380184314808,0.0,0.0,0.0006056851554691908,0.005518197620377389,0.0,0.0,0.0,0.037396384605086444,0.0,0.0,0.0,0.0,0.0,0.0,0.06382938584932568,0.0,0.0013360677537164044,0.009962187357052305,0.0,0.0
s11T3422,0.0,0.0,0.0,0.21928064701155275,0.10424603915899264,0.0,0.5352737489379915,0.0,0.0,0.0003763002433699886,0.006166050822788533,0.0,0.0,0.000656471233815192,0.04923454481428691,0.0,0.0,0.0,0.0,0.0,0.0,0.05912875339986167,0.0,0.006062231094857577,0.019575213282483243,0.0,0.0
s12T3422,0.0,0.0,0.0,0.14526608794256335,0.17717668129338862,0.0,0.49939990921423755,0.01336918970002917,0.0,0.004056753981836278,0.0122035029192843,0.0,0.0,0.0003530107074616499,0.03438775160513636,0.0,0.0,0.0,0.0,0.0,0.0,0.08172446766695586,0.0,0.009822395391261396,0.02224024957784541,0.0,0.0
s13T3422,0.0,0.0,0.0,0.18935086709173582,0.09485502424547203,0.0,0.6144705860954887,0.0,0.0,0.001038219940218762,0.002248155715613122,0.0,0.0,0.001998141709843972,0.017659384268178226,0.0,0.0,0.0,0.0,0.0,0.0,0.062468620872874164,0.0,0.004802730846196938,0.01110826921437837,0.0,0.0
s14T3422,0.0,0.0,0.0,0.15431133551323978,0.10516212747910905,0.0,0.6414648220007385,0.0002456985536563478,0.0,0.006182070794791766,0.006340708350850443,0.0,0.0,0.0018839861405875458,0.04208592637805051,0.0,0.0,0.0,0.0,0.0,0.0,0.022656535622395606,0.0,0.002226519835076147,0.017440269331504155,0.0,0.0
s15T3422,0.0,0.025854982061038635,0.0010253142305424675,0.09573227504348808,0.16912098874867154,0.03388324126108511,0.3061814449197451,0.012056724492367603,0.0,0.03940039913962794,0.016666981391128148,0.0,0.0005816270845884812,0.0,0.0,0.04432480839882538,0.0,0.16633218993428603,0.0,0.0,0.0,0.009737884575938468,0.0,0.0022782686791140653,0.02938674077949588,0.020425016311943996,0.027011112948113182
s02M3522,0.1936777062259007,0.009419731065925764,3.142950872019146e-05,0.006899636697831349,0.45510908907182906,0.04283450801638456,0.07557798607130828,0.0015762447197222218,0.0,0.038983666900986896,0.0036597581091528004,0.0,0.0,0.03713092714655951,0.0,0.0,0.0,0.053809651053838094,0.0,0.01039976714151309,0.0,0.0,0.0056849884628301615,0.0,0.004313176336544066,0.0066650354893766335,0.0542266979815767
s03M3522,0.40660561057883776,0.023374297240379906,0.0,0.015887504098517774,0.38135458864700406,0.007172474676481077,0.046560455774891416,0.0002078317379193005,0.0,0.0009927839505760963,0.000799241850233852,0.0,0.0,0.028970148075212386,0.0,0.0,0.0,0.0,0.007631089534005613,0.007420292957559427,0.0,0.0,0.0,0.0,0.0034008368641109737,0.0045768894781293675,0.06504595453614104
s04M3522,0.1873456270469794,0.023429349762857602,0.0,0.031673295703485,0.39765261514176137,0.06787705908675062,0.0293034933865096,0.000264302719810083,0.0,0.05208501921716392,0.0,0.0,0.0,0.03406354099828737,0.0,0.04728198353284818,0.0,0.017263471700806846,0.01497466550497831,0.0028090260629954097,0.011820724067122703,0.0,0.01062286000214989,0.0,0.00261949214412062,0.0071940519556357154,0.061719421965737355
s05M3522,0.31583848124433933,0.029584386736096133,0.0,0.019517975876531236,0.39905797567668366,0.028842400987771095,0.0515168204998888,0.0,0.0,0.012302964198390736,0.0006594968857079196,0.0,0.002593609988151656,0.04188496566680993,0.0,0.003924568909409828,0.0,0.0,0.0013777958432825304,0.00029248047545371494,0.0,0.0,0.0005765764789673756,0.0,0.0002408358394972405,0.0017103752624819356,0.09007828943053695
s06M3522,0.29340305549012285,0.033940478110487504,0.0,0.02404461623578068,0.3946386167998594,0.031612756062977414,0.05725446101547879,0.0005501087900297224,0.0,0.005827161094385017,0.00032100838777310314,0.0,0.0,0.032785424611756854,0.0012653066717024989,0.017205276607007988,0.0,0.0,0.01000828382777219,0.0,0.0026308715673954283,0.0,0.0077908199127407025,0.0,0.0038733048019429467,0.0,0.08284845001278691
s07M3522,0.0,0.04155324912329179,0.0,0.006521942249438897,0.5490535879306278,0.08136120267817737,0.06942538437824737,0.0015551436900708385,0.0,0.02942627109725614,0.0,0.0,0.003005937413976652,0.056875635697140776,0.016381342992860055,0.011618593082992876,0.0,0.0003128247958266629,0.0054232460608877415,0.0,0.0,0.0,0.0,0.0,0.0,0.0,0.127485638809205
s08M3522,0.0,0.9512753293614666,0.006187713802779883,0.023084434002976308,0.0,0.0,0.0,0.0,0.0,0.0,0.0,0.0,0.0,0.0,0.0,0.0,0.0,0.0,0.0,0.0,0.0,0.0,0.0003860769215100473,0.0,0.0,0.0,0.019066445911266983
s09M3522,0.023149839050158886,0.0,0.0007736028258006739,0.1430260498035015,0.11989534989843025,0.0,0.28602795719645996,0.017322436572662078,0.0,0.0,0.0,0.022350798039723792,0.0,0.0,0.07428034365866788,0.0,0.0,0.0,0.0020961060272379904,0.0,0.0,0.23822321824920606,0.0,0.004108550274473753,0.05448167980378469,0.0,0.014264068599892448
s10M3522,0.12295782990823544,0.0,0.0,0.1610578469588982,0.11135077030026373,0.0,0.43771578914531944,0.006839639084827396,0.0005144001202144465,0.0,0.0014404202855872455,0.001472226378931364,0.0,0.0,0.10684046627332959,0.0,0.0,0.0,0.013173851292104567,0.0,0.0,0.024615540495684145,0.0,0.003918956230290847,0.008102263526313606,0.0,0.0
s11M3522,0.0,0.0,0.0,0.2286662147745153,0.06587032539866901,0.0,0.6260467715769217,0.0,0.0,0.0,0.005185042028847635,0.0,0.0,0.0,0.03456183708340414,0.0,0.0,0.0,0.0,0.0,0.0,0.021910447402654385,0.0,0.005240452376917116,0.012518909358070618,0.0,0.0
s12M3522,0.0,0.0,0.0,0.14306603716050018,0.275541618126508,0.0,0.44257648259440313,3.803255308735014e-05,0.0,0.0,0.030905923773701945,0.0,0.0002548168711815933,0.06261032021602374,0.013980061803056823,0.0,0.0,0.0,0.0,0.0006456706813610507,0.0,0.007219274536959082,0.0,0.006720204578075547,0.010083314708679568,0.006358242396461958,0.0
s13M3522,0.0,0.0,0.0,0.07242274005291341,0.3535852515962247,0.0,0.42348972649049704,0.006603077322643761,0.0,0.0,0.017001222698014056,0.0,0.0,0.10198277184388438,0.0,0.0,1.9887508503474338e-05,0.0,0.0,0.0037484669209659678,0.0005938900673067653,0.0006188826512131393,0.0,0.006364824106617766,0.004710589879810029,0.008858668861405563,0.0
s14M3522,0.3506666811197827,0.0,0.0,0.06688739764901012,0.18785880030710778,0.0,0.24122851108069093,0.0,0.0,0.0,0.013912547164247497,0.0,0.000775250179131686,0.09059914107435073,0.0,0.000415824082975143,0.00018416515185997652,0.0,0.0,0.0017956674931232264,0.0,0.0061644508064817565,0.0,0.004371457699075884,0.0020555436504428085,0.023787809382963678,0.009296753158755902
s15M3522,0.20853211012863487,0.01108387825613951,0.0,0.016078274825276597,0.3679593947595692,0.015705426598328534,0.1763602420334936,0.0,0.0,0.0026839111314146975,0.0014572978619185467,0.00038782307743114833,0.0027217628180797445,0.13044475737417274,0.0,0.0,0.0,0.0222453043847951,0.0,0.0024299718690061417,0.0,0.00039212189489630885,0.0,0.0,0.0,0.011110082303309296,0.030407640683534024
s01X3522,0.0,0.025435872447007256,5.843335475092878e-06,0.02386458415216386,0.5245113980463953,0.094395113269343,0.021045594762691893,0.0004820909272109861,0.0,0.041949038552711,0.0004211192110179457,0.00025858414405555494,0.0,0.005077563914958668,0.0,0.0033972894227655317,0.0,0.04749589433100985,0.0,0.012244650809818947,0.0030116804782279478,0.0,0.0,0.0,0.0009621024549445194,0.0,0.19544157974020251
s02T3522,0.0,0.008765660669794869,0.0,0.013932601065919805,0.34729413960181027,0.012630003941583543,0.26458662736055644,0.0,0.0,0.006162162396166852,0.0,0.0,0.0,0.13542604428781868,0.0,0.008592429107463136,0.0,0.1051410018780011,0.0,0.0031842921974031112,0.0,0.0,0.0,0.0,0.0,0.036337519089750143,0.057947518403731975
s03T3522,0.0,0.0038026998251012474,0.0,0.00700208820634189,0.3031199448170606,0.018001508035798017,0.3551651059342911,0.0,0.0,0.007856271509609979,0.0,0.0,0.0,0.10777858235223538,0.0,0.0017665324011396752,0.0,0.09730067035028338,0.0,0.0012899642542116825,0.0,0.0,0.0,0.0,0.0,0.048914518874089895,0.04800211343983712
s04T3522,0.03825466363070409,0.019443943188403173,0.0,0.029747042873937004,0.38408806045947075,0.038091013281431774,0.1638886758114726,0.0,0.0,0.012954941100990481,0.0004114523536986427,0.0,0.0,0.05506474215140157,0.0,0.02160091381205169,0.0,0.10020929168144004,0.0,0.0010279075538021144,0.0,0.0,0.0,0.0,0.0019812281562942725,0.016057378807712613,0.11717874513718911
s05T3522,0.27866602237159804,0.011514554784463251,0.0,0.026346524782903964,0.4280638253911608,0.008677289331482211,0.09074863851487508,0.004494688755046619,0.0,0.011411940117954317,0.007286154018488199,0.0,0.0,0.003533781399004295,0.0,0.0036507479470857325,0.0,0.036742672952927324,0.0,0.0,0.0,0.0,0.027556831337367856,0.0,0.01166101543505035,0.0,0.04964531286059194
s06T3522,0.3470770696845853,0.019511731478225932,0.0,0.01743711273305472,0.2869281331298668,0.043628764209884756,0.08937555282115064,0.00010933744952506183,0.0,0.021504307117749682,0.003924218502937314,0.0,0.0,0.0,0.0,0.003988842452547852,0.0,0.05142364131521596,0.0,0.0,0.0,0.0,0.003759294652462496,0.0,0.005048484093773814,0.008331655476980039,0.09795185488203957
s07T3522,0.02629435783047156,0.012051151865548962,0.0,0.02723471188635536,0.2782729525906757,0.011449882320448333,0.3697377547384853,0.0,0.0,0.005745677539498965,0.00454842889913048,0.0,0.0,0.07790168948988474,0.0,0.029869169034862503,0.0,0.051549240596710455,0.0,0.006306869706527505,0.00034166279724572946,0.0,0.0,0.0,0.0024456611755763204,0.03904278981858457,0.05720799970999351
s08T3522,0.0,0.8947986252794035,0.024727009098627198,0.04248619690563779,0.0,0.0,0.0,0.0,0.0,0.0,0.0,0.0,0.0,0.0,0.012151702184591084,0.0,0.0,0.0,0.0,0.0025104011245374157,0.0,0.0009728612115600791,0.0004002320069629815,0.0021095691956035754,0.0,0.0,0.019843402993076468
s09T3522,0.0,0.06497442267453009,0.0015726913886124853,0.1402984301737193,0.095317554466779,0.0007656201227630687,0.30020288908428994,0.012733641398202725,0.0,0.0005887033277503154,0.01316156835662073,0.02926658115437603,0.0,0.0007911636656553697,0.07987026334071815,0.00043349877167869787,0.0,0.0,0.0,0.0,0.0,0.18663910110445137,0.0,0.00896540889681865,0.055373200865629794,0.0,0.009045261207404407
s10T3522,0.0,0.0006130952758797721,0.0002463704390637752,0.1777725368567896,0.1079064191340252,0.0,0.40232509288524193,0.0,0.0,0.0004663057980701757,0.018537445760305412,0.0,0.0,0.0071002965227169295,0.0929145896320731,0.001886782899505312,0.0,0.0,0.0,0.0,0.0,0.11204885079978853,0.0,0.012080697281051581,0.05673584767258652,0.0012308887278702932,0.008134780315031974
s11T3522,0.0,0.0,0.0,0.1696641688822288,0.1377420368502473,0.0006263388086350125,0.501638873975873,0.0,0.0,0.001241394134599065,0.024505398875681355,0.0,0.0,0.008179066610997305,0.0559312105127681,0.00021939307047564037,0.0,0.0,0.0,0.0,0.0,0.05131637367530623,0.0,0.012131210654585526,0.02825888737254471,0.0,0.008545646576058009
s12T3522,0.0,0.0008397224696178989,0.0,0.184830572547376,0.1624004011436294,0.0015675709927571542,0.4778184130893374,0.002965485178298046,0.0,0.017483382979835056,0.03236883349471958,0.0,0.0,0.004411544229004396,0.03045265975999523,0.011458006005847622,0.0,0.0,0.0,0.0,0.0,0.027695866951104427,0.0,0.009054654984199339,0.022011430349112033,0.0,0.014641455825166216
s13T3522,0.0,0.0,0.0,0.16947708230062247,0.1646076530718114,0.0,0.4894701431331237,0.006373128254546935,0.0,0.008252501275484736,0.02195476590441351,0.0,0.0,0.007006627509048035,0.07256775083278745,0.0014057363560324963,0.0,0.0,0.0,0.0,0.0,0.030437023148797315,0.0,0.00971661726741518,0.018730970945916702,0.0,0.0
s14T3522,0.0,0.0028310040206648407,0.0,0.15880274027064611,0.17563824791828792,0.009845448015692999,0.4585916559598251,0.0036174767796393367,0.0,0.027334855330109407,0.0574083510411002,0.0,0.0,0.009037722738474842,0.0,0.017708588017349956,0.0,0.018508816844893156,0.0,0.0,0.014181856971877368,0.0018110258207541855,0.0,0.007622668911874093,0.015742977230712094,0.00654702749017872,0.014769536637919653
s15T3522,0.00046717982153398577,0.007024427959317878,1.5573717849720552e-05,0.09778694812004307,0.24239629866578777,0.011959332099690224,0.3452783450234196,0.0,0.0,0.027945201657764047,0.020656628726367345,0.0,0.0,0.04679095490642707,0.0,0.04835313436400103,0.0,0.05524093571142135,0.0,0.0,0.007963304209564192,0.0,0.0,0.0001791464743662592,0.006846475331169408,0.032133509889087405,0.048962603322189796
s02M3622,0.0,0.0,0.00010075146375036928,0.0,0.0,0.0,0.06275246684032498,0.0,0.0,0.00293311942405639,0.0,0.0,0.028616571018465934,0.0,0.0,0.0,0.0,0.3149314696383947,0.005525142408543027,0.0,0.0,0.0,0.0,0.0,0.012805860288092023,0.5723346189183727,0.0
s03M3622,0.0,0.0,0.0,0.0,0.0,0.0,0.07342298639668789,0.0,0.0,0.005217018646530105,0.0,0.0,0.025750473692038593,0.0,0.0,0.0,0.0,0.37192892469866196,0.002792358098920744,0.0,0.0,0.0,0.0,0.0,0.010724151232613987,0.5101640872345468,0.0
s04M3622,0.15949998224128525,0.002156227464634225,0.0004250410019154012,0.008573204182291813,0.05735271336486494,0.01864377500752131,0.07522046542180985,0.0009273065153355266,0.0,0.002246839107361729,0.0023999642357230145,0.0,0.040117976548008465,0.0,0.0,0.0,0.0,0.28268883480186724,0.009687422365751385,0.0,0.0,0.0,0.007793066965956837,0.0,0.021493906547351647,0.29787620248611907,0.012897071742202261
s05M3622,0.05294703752014143,0.0003780409779929929,0.00040780141736747484,0.010091335414621311,0.05482069977107213,0.014821847531586451,0.0847774645607354,0.0007035118761904109,0.0,0.015387078379624344,0.0006334360126741875,0.0,0.03645751706347985,0.0,0.0,0.014773423945178076,0.0,0.48883190251500414,0.0071356990382857085,0.0,0.0,0.0,0.0,0.0,0.006582869613886967,0.20906306167284527,0.002187272689313864
s06M3622,0.18076514801223256,0.0,0.0,0.0,0.020783304176503398,0.02244296604364578,0.024207622102460115,0.00011550648810792191,0.0,0.009669636531771449,0.0020352508970785266,0.0,0.03872148757754936,0.0,0.0,0.0,0.0,0.5576691169423124,0.007477036317429325,0.0,0.0,0.0,0.003155337933088705,0.0,0.011852186707185804,0.12110540027063475,0.0
s07M3622,0.0,0.0,0.0003942138799448081,0.010055189974828235,0.0,0.0,0.06288512857018705,0.0,0.0,0.0,0.0026392176760704203,0.0,0.06379595377338597,0.0,0.0,0.0,0.0,0.45960456109123543,0.024496495633486295,0.0,0.0,0.0003085223987201374,0.002139284123929405,0.0,0.01241972111966438,0.3612617117585478,0.0
s08M3622,0.0,0.8808746263912389,0.0,0.09244432307614082,0.0,0.0,0.0,0.0,0.0,0.0,0.0,0.0,0.0,0.0,0.0,0.0,0.0,0.0,0.0,0.0,0.0,0.0,0.0005574420858295111,0.00024358389894882452,0.0,0.0,0.0258800245478419
s09M3622,0.0,0.00725521964668684,0.0,0.19744392950536094,0.20453984942445863,0.004061021862943228,0.32597511407269586,0.022002107647044536,0.0,0.027479560968258224,0.06239223367067863,0.0,0.001727028286900625,0.0,0.0,0.013312957472301703,0.0,0.021312591907396306,0.0007881659099214343,0.0,0.0,0.018682168204147226,0.0,0.01640284186613185,0.052651536183688716,0.015558143052181105,0.008415530319204091
s10M3622,0.0,0.0,0.0,0.22876079304567826,0.1528096268958911,0.0013568088811266544,0.4435736117917788,0.007406827398254369,0.0,0.005965622955930662,0.04980820141492624,0.00014374114346479632,0.00189502807758179,0.0,0.027416616196646884,0.004859319416778946,0.0,0.0024631380879312544,0.0006479524468970552,0.0,0.0,0.01632501901736752,0.0,0.011757578752690753,0.035383655155893076,0.009426459321161866,0.0
s11M3622,0.0,0.0,0.0,0.1758543594482256,0.1322340397126146,8.857018670705768e-05,0.5135242678379689,0.001975359915590001,0.0,0.005366282224382102,0.027375605293980674,0.0,0.0022170820881336453,0.0007013483345049556,0.05640736900081757,0.001245597905848552,0.0,0.0,0.00035524053566399823,0.0,0.0,0.0210119186771729,0.0,0.010717219089543616,0.03805845683307544,0.012867282915770216,0.0
s12M3622,0.0,0.0,0.0,0.19208336083519978,0.146053240636464,0.0003016156642819973,0.5124723720612643,0.001986337334558923,0.0,0.003870553837818875,0.03972571658751552,0.0,0.0006287549580114829,0.0,0.046726180539774814,0.0018517114684790863,0.0,0.0,0.0,0.0,0.0,0.013464323499657494,0.0,0.008522444964522246,0.025170373170893254,0.0071430144415583355,0.0
s13M3622,0.0,0.0,0.0,0.2515433362237639,0.2061199223777898,0.0007890762194511096,0.3375887984782114,0.01368891392404388,0.0,0.0026184339068829436,0.052673244214378925,0.0,1.2558947644983422e-05,0.0,0.08575329259886334,0.00476786716775496,0.0,0.0,0.0,0.0,0.0,0.012787482569928921,0.0,0.008689757282684351,0.022967316088601447,0.0,0.0
s14M3622,0.0,0.0,0.0,0.2228347993307223,0.2094623445013122,0.006255981852011817,0.31723242817058134,0.01656833883355227,0.0,0.032449882854170616,0.06370522783516966,0.0,0.0,0.0,0.06942642099224294,0.007013092481111436,0.0,0.0023230826809765063,0.0,0.0,0.0,0.00997215052909471,0.0002872256614157,0.014209394149355887,0.02227191348392078,0.0,0.0059877166443618145
s15M3622,0.0,0.0,0.0,0.10360056322689185,0.05826442962622001,0.001185601258620971,0.47398463166130006,0.0,0.0,0.020784815908901147,0.029665531329590506,0.0,0.01205018048813094,0.0,0.002162468392305654,0.0024261332130284456,0.0,0.1617317439149059,0.0016878330035504285,0.0,0.0,0.002356617091476655,0.0,0.00794048075778939,0.021906768296285597,0.09862084299710024,0.0016313588339021189
s01X3622,0.0,0.0033653766132613993,0.0,0.004923965376026096,0.022049366366327955,0.028124487188912126,0.16236787452236973,0.0,0.0,0.011903321579832113,0.0,0.0,0.007169211399142204,0.0047891937861348054,0.0,0.0,0.0,0.30096619939966596,0.0,0.0,0.0,0.0,0.0,0.0,0.020121740561183394,0.41429303951481977,0.019926223692324448
s02T3622,0.07166323112626774,0.02781674701522685,0.0,0.018385797550962847,0.153807122161808,0.002570390440379949,0.17328146762350125,0.0,0.000537855598566276,0.0,0.0,0.0,0.0,0.18874391855503478,0.0,0.035946735546534325,0.004913242512572323,0.004900009681866356,0.0,0.0,0.012078357524241507,0.0,0.0003936772537334517,0.0,0.004301314303582751,0.12236861376603483,0.17829151933968673
s03T3622,0.07493586148432217,0.022612898015849276,0.0004502638899512032,0.02028748382814311,0.15860033126586479,0.00481566109482712,0.15259093893886413,0.0,0.0,0.0012327194713115425,0.0,0.0,0.0,0.17267062070276287,0.0,0.043848330755690536,0.0,0.03555665170252063,0.0,0.0011648555894200462,0.0,0.0,0.0,0.0,0.007156564769916875,0.12551360549805612,0.17856321299249958
s04T3622,0.14199652116499759,0.013152536183258073,0.00023085965342372675,0.025241890602275115,0.13519051815941768,0.013274444381492265,0.13884032405276112,0.0,0.0,0.004808143525920603,0.0,0.0,0.0,0.060232707787687266,0.0,0.07302007354492066,0.0,0.08527842074154286,0.0,0.0,0.0,0.0,0.0,0.0,0.012363776334514976,0.15572868200011958,0.14064110186766832
s05T3622,0.23801578451857527,0.0257722846640353,0.0009977116564052245,0.02301157110648459,0.17066449937062753,0.005633149972352682,0.11421790373209026,0.0009323390756259434,0.0,0.0023146557039479872,0.001629288408024934,0.0,0.0,0.0228292002118451,0.0,0.05007710384808464,0.0,0.044839344181860634,0.0,0.0,0.0,0.0,0.0,0.0,0.010563812166934616,0.0936105505807567,0.19489080080234872
s06T3622,0.25498081615584905,0.01025911402516982,0.0,0.013107685697296817,0.10126384163140348,0.001235915272190381,0.1558823815100808,0.0,0.0,0.0024197619864364385,0.0,0.0,0.00342950470781035,0.045308901841556254,0.0,0.005234071213858959,0.0,0.051098298671736736,0.0017242085065720997,0.0,0.0,0.0,0.018713053850803518,0.0,0.014471852138200103,0.2257453569159127,0.09512523587512241
s07T3622,0.0,0.003190956455531446,0.00016522112433504994,0.007862514958387459,0.03167934118086109,0.0,0.2287822052585759,0.0,0.0,0.01125364775812026,0.0,0.0,0.0,0.07625518180539577,0.0,0.0,0.0,0.10151460408483268,0.0,0.0,0.0,0.0,0.0,0.0,0.017095713459161867,0.4908002262772164,0.031400387637582045
s08T3622,0.0,0.878214418350762,0.0,0.10336575487219127,0.0,0.0,0.0,0.0,0.0,0.0,0.0,0.0,0.0,0.0,0.0,0.0,0.0,0.0,0.0,0.0,0.0,0.0,0.000680828642484585,0.0,0.0,0.0,0.01773899813456226
s09T3622,0.0,0.01125020207584941,0.0,0.10899715949830376,0.05778942521682595,0.002507594356992937,0.43444916561538016,0.006477982564932716,0.0020105938168956286,0.02651217900741226,0.062203071417685454,0.0,0.009751677851213562,0.0,0.0,0.0008781741574558371,0.0,0.13613522165517575,0.0049462667185347885,0.0,0.0,0.003512873280092482,0.00028066358609925627,0.007825688662752541,0.030199003780403712,0.09427305673799373,0.0
s10T3622,0.0,0.006014756894292958,0.0,0.08503630067900049,0.09620468946421622,0.0069155836882158536,0.3666426859908029,0.010049913727286445,0.0022807736365827954,0.06943468219872358,0.07856961087944009,0.0,0.0017606167980875565,0.0,0.0,0.010049841228866098,0.0,0.16858171083726253,0.0010911541254249894,0.0,0.0,0.004030558004117766,5.976685956005709e-05,0.008270488918904268,0.026066424374744948,0.056373077030566036,0.0025673646639045047
s11T3622,0.0,0.0,0.0,0.09221983014646559,0.06493533618790548,0.0008706006711643253,0.5737061631143063,0.002394466522436973,0.0,0.02485616416010126,0.04602531140928855,0.0,0.004928000939677931,0.0,0.0,0.0039009733975654956,0.0,0.07894811404875156,0.002374212297223554,0.0,0.0,0.001577827959920669,0.0,0.011878018604352798,0.02634181665978832,0.0650431638810513,0.0
s12T3622,0.0,0.0,0.0,0.08083150351248003,0.03525428999020614,0.0,0.6796544138640757,0.0,0.0,0.01914011569914131,0.03965989140344619,0.0,0.0025690245215156653,0.0,0.007269760086672187,0.0022060667781532498,0.0,0.052919089416956104,0.0022964307874873678,0.0,0.0,0.0,0.0,0.005708112520873669,0.013831964377546859,0.058659337041445554,0.0
s13T3622,0.0,0.0,0.0,0.14833707114701958,0.12198083300648427,0.002986668731382736,0.4607817559264231,0.005359045905759582,0.0,0.03125297281981562,0.08929000898292683,0.0,0.003607832256855418,0.0,0.0020617846510600155,0.0017030412458434237,0.0,0.06165056082068202,0.003557081778612034,0.0,0.0,0.004295904226184356,0.0003806378637584252,0.009806032382871794,0.025512355958366706,0.027436412295954293,0.0
s14T3622,0.0,0.0,0.0,0.13019538569964376,0.06281805761908607,0.00011682367267794497,0.5909043927274055,0.0,0.0,0.03629582910981163,0.050686369122903974,0.0,0.003444206473078015,0.0,0.0084825553234394,0.005816160267074974,0.0,0.0424120811770049,0.0020336712940755893,0.0,0.003942977900378466,0.00024404699479820357,0.0,0.005317632447204727,0.018923488347176214,0.03836632182424057,0.0
s15T3622,0.0,0.0006104407543352598,0.00014726123546545907,0.045535720783717024,0.02459219600757722,0.0032830255507769824,0.3200582841498879,0.0,0.0,0.03739964697463839,0.015561574858780163,0.0,0.0008607772216323407,0.020413589384512914,0.0,0.015025203040606245,0.0,0.24680672993809263,0.0,0.0,0.0,0.0,0.0,0.0,0.023720709897084618,0.22778749758789163,0.01819734261500117
s02M3722,0.0,0.06333349116943805,0.0,0.03462296655130596,0.18197453895362295,0.020248398196311503,0.21339963482097146,0.0,0.0,0.01192005604019664,0.0038616352272657292,0.0,0.0,0.07411987770521389,0.0,0.041991823665136395,0.03626749044474751,0.0165453284612032,0.0,0.006944997794552153,0.1096031254366224,0.0,0.0,0.0,0.00384992998878761,0.03236581224111739,0.14895089330350722
s03M3722,0.1565961939979833,0.0011234325955136364,0.0,0.03476579181350846,0.14752012189479047,0.0069173001390612525,0.36264180222458287,0.0,0.0,0.006949477090143776,0.0017343970317567226,0.0017187989600708198,0.0,0.12394046951102607,0.0,0.0,0.00045949688858277403,0.0,0.0,0.013612040968422352,0.0,0.0,0.027636002904080116,0.0,0.0020044118148195957,0.04374896583355403,0.06863129633210382
s04M3722,0.0,0.02912537737653958,0.0006031941445995033,0.05414897271078693,0.2249687737276793,0.06651225262022496,0.15501894969861338,0.0,0.0,0.06188842990142329,0.009401328996908724,0.0,0.0,0.0,0.0,0.0502393666717874,0.0,0.08977206698654816,0.0,0.0,0.0,0.0,0.0,0.0,0.006424403561945672,0.020511166000639545,0.23138571760230353
s05M3722,0.13962846251357147,0.0051451339477957955,0.00012096159414113284,0.08082621023869416,0.19345137340279686,0.02084117561805689,0.1821303101088009,0.0,0.0,0.05947862339649469,0.014932756297761158,0.009905666204106834,0.003196984849563222,0.04886485624037731,0.0,0.0,0.002449645372635892,0.0,0.0,0.07638705445043183,0.0,0.0,0.0,0.0,0.012021958906077245,0.02543638340042113,0.1251824434582736
s06M3722,0.36493092476433436,0.026752916709700033,0.0,0.03905772147115526,0.14621633803023595,0.014319389653816903,0.04305724639265922,0.0,0.0,0.07061660567305765,0.0074706713380405295,0.0,0.0,0.0,0.0,0.006541806342313995,0.0,0.010661049336453801,0.0,0.0,0.0,0.0,0.05109762043166291,0.0,0.006507489250964295,0.009715896576487795,0.2030543240291172
s07M3722,0.06715964608564001,0.007632036067988001,0.0006218832887741574,0.04234630297287125,0.18826287042345566,0.00852961360914809,0.2310277534091876,0.0,0.0,0.01838715197124824,0.0027674801733369235,0.0,0.002656840026579028,0.1638004981018602,0.0,0.011429274218549161,0.0,0.022659589031873657,0.0,0.0,0.0,0.0,0.0,0.0,0.004314800195539578,0.0935916857448639,0.13481257467908453
s08M3722,0.0,0.3959320179911472,0.0,0.20606366723547562,0.0,0.0,0.0,0.0,0.0,0.0,0.0,0.25678253071718754,0.0,0.0,0.09610662095096507,0.0,0.0,0.0,0.0,0.0,0.0,0.0039421148337040425,0.0,0.0,0.006326333049276283,0.0,0.03484671522224407
s09M3722,0.0,0.0,0.0,0.15249011556685377,0.12745161021870496,0.0,0.3998824155077295,0.05778169182594079,0.0,0.0,0.026235785594318533,0.03712437782228429,0.0015093174450855032,0.0,0.06471274294900466,0.0,0.0,0.0,0.0,0.0,0.0,0.009656180075121196,0.0,0.017605183925078156,0.08207459884943932,0.02347598022043928,0.0
s10M3722,0.0,0.0048776276204201595,0.0,0.1262306132272938,0.10116717999213946,0.0,0.43071070217715085,0.05981077944147737,0.005227414905851076,0.0006166610357764704,0.04866315847707901,0.040414673728200345,0.0,0.0,0.04807683168933414,0.0,0.0,0.0,0.0,0.0,0.0,0.011448179053886693,0.0,0.030088504074074745,0.07013470836128263,0.022532966216033325,0.0
s11M3722,0.0,0.0,0.0,0.10234251788279701,0.10538444256394777,0.0,0.5399845839044216,0.024324693678323312,0.0,0.0006728948135172079,0.08345144202669821,0.008045252531568771,0.0020393896296640487,0.0,0.037903499912012556,0.0,0.0,0.0,0.0,0.0,0.0,0.0066357433873032775,0.0,0.016362739152268498,0.04603468276106833,0.026818117756409403,0.0
s12M3722,0.0,0.0029949404609236766,0.0,0.08403557408335029,0.13357658944846582,0.0,0.43851105237498705,0.05371447383727308,0.008324209471802579,0.0,0.07156179547767713,0.031335966339896215,0.0,0.0,0.035218846794615954,0.0,0.0,0.0,0.0,0.0,0.0,0.01279742912675672,0.0,0.023551558703486554,0.07261046392666996,0.03176709995409501,0.0
s13M3722,0.0,0.0,0.0,0.09976983948070357,0.17315414687963904,0.00021217678855934622,0.4076000690119808,0.06790238927139419,0.003774386756255426,0.01573238439604521,0.04915196387167558,0.02421197157754361,0.001255127533457559,0.002196103086404219,0.02008392002651892,0.0,0.0,0.0,0.0,0.0,0.0,0.010775705593755472,0.0,0.022330282148424283,0.07139611893788231,0.03045341463976052,0.0
s14M3722,0.10833267883772263,0.0,0.0,0.06287205062548304,0.11957409723213247,0.0006237544998107651,0.28681682908241435,0.0,0.0,0.03550101678816024,0.0328924971799057,0.0,0.0024055665180063436,0.12281017508427537,0.0,0.00399294290170622,0.0,0.06476073779718525,0.0,0.0,0.0,0.0,0.0,0.000959895817074467,0.011803999194608398,0.08243660723667248,0.06421715120484227
s15M3722,0.22224938904768493,0.010761409916806805,0.0,0.02483243253428386,0.08121617256972066,0.0,0.3316930545283554,0.0,0.0,0.0,0.0,0.0015276999399299108,0.0,0.12769475724527368,0.0,0.0,0.0,0.0,0.004358870732902801,0.0,0.0,0.0,0.0,0.0,0.0,0.10188495964906005,0.09378125383598186
s01X3722,0.0,0.008948681885615789,0.0,0.029150733349779735,0.18675497669738467,0.013873155488759595,0.36773621473585155,0.0,0.0,0.002306223930825362,0.0007119240102176842,0.0009645646398986477,0.0,0.10417768569279509,0.0,0.015524931776381501,0.0,0.041969414782557404,0.0,0.0,5.576680860056849e-05,0.0,0.0,0.0,0.0,0.052695719193720326,0.17513000700761208
s02T3722,0.0,0.03589005758993158,0.0010842306323233701,0.015857948229991568,0.10283717778442766,0.0700697673145126,0.12015009219865415,0.0,0.0,0.06578291397799274,0.012967479222182233,0.0,0.003095594804755257,0.07335804107221414,0.0,0.04050545088694799,0.0,0.03713871648874826,0.0,0.0,0.0,0.0,0.0,0.0,0.0,0.0076407395616872025,0.41362179023563134
s03T3722,0.0,0.033657038327869725,0.0011684954219434566,0.011065952185209577,0.11742056744219301,0.07623660562857063,0.11714647941357183,0.0,0.0,0.0480386594435756,0.011397301224217737,0.0,0.009640498516058135,0.09481325525106259,0.0,0.07050104663858944,0.0,0.010820257825240294,0.0,0.0,9.266340316546292e-05,0.0,0.0,0.0,0.0,0.003979981597778428,0.3940211976809541
s04T3722,0.01316175585313788,0.05568360342163806,0.0,0.016288341390678227,0.09833674601036445,0.15505303718450178,0.0998810923720655,0.0,0.0,0.07425062958939395,0.031390109849009515,0.0,0.005996024610648949,0.0328753410480767,0.0,0.017055356521326115,0.0,0.016941031409092432,0.0,0.0,0.027227508404117716,0.0,0.0,0.0,0.0,0.004987975694254898,0.35087144664169395
s05T3722,0.0,0.04886315984974118,0.0,0.013426102910280206,0.04632575346401856,0.2705090685888321,0.06450325910419819,0.0,0.0,0.10115791128882477,0.03129736533095807,0.0,0.008753021008962818,0.0009206480006210767,0.0,0.012889381452067078,0.0,0.020565896686616736,0.0,0.0,0.0,0.0,0.0,0.0,0.0,0.001258613912302326,0.3795298184025768
s06T3722,0.0,0.05140004676136408,0.0,0.01915455934789959,0.10513078295467287,0.16363408921637698,0.07630588967819037,0.0,0.0,0.07960474060064107,0.03316372019253352,0.0,0.007562983114481084,0.020949596800999108,0.0,0.014282275148061746,0.0,0.04094775318234365,0.0,0.0,0.0,0.0,0.0,0.0,0.0,4.384876158010386e-05,0.38781971424085593
s07T3722,0.0,0.030777118888433617,0.0001978961686780944,0.010455520467170382,0.05062415367613348,0.29183531267649343,0.11654427752841474,0.0,0.0,0.09582382318366048,0.011308438583621383,0.0,0.005209551930139453,0.026498909885689932,0.0,0.014353315093335864,0.0,0.03489615865385316,0.0,0.0,0.0,0.0,0.0,0.0,0.0,0.007026491824972577,0.3044490314394034
s08T3722,0.0,0.7094857040412017,0.0,0.06233533258212064,0.0,0.0,0.0,0.0,0.0,0.0,0.0,0.15825865814416193,0.0,0.0,0.04256246783577724,0.0,0.0,0.0,0.0,0.0,0.0,0.0020026013016175258,0.0,0.0,0.006803511750281022,0.0,0.018551724344839864
s09T3722,0.0,0.0,0.0,0.11054144216530426,0.24595005443517687,0.0,0.2562259018139098,0.08811255830980018,0.013535837463394804,0.0,0.02806511014929695,0.010632317634030355,0.0,0.0,0.07415595932187209,0.0,0.0,0.0,0.0,0.0,0.0,0.009307315442351258,0.0,0.02071813954400743,0.14020357421042018,0.0025517895104358763,0.0
s10T3722,0.0,0.0,0.0,0.16061291035750683,0.16553970946868835,0.0,0.43199319807422915,0.041386507719029804,0.004565364332561598,0.05041370438839962,0.07884474803086977,0.0,0.0,0.0,0.0,0.0066101729834882415,0.0,0.0,0.0,0.0,0.0,0.0,0.0,0.008911865938746264,0.04119846305177492,0.00992335565470545,0.0
s11T3722,0.010431348076351843,0.0,0.0,0.12388646712859717,0.1341101403271663,0.0,0.44115392507261925,0.011225491261875704,0.0,0.006888060990592715,0.06802460826775514,0.0,0.0027458196006237418,0.08750954767926676,0.004074764909127862,0.0,0.0,0.0012640039624420337,0.0,0.0,0.0,0.0018779634009879888,0.0,0.0071131960246553026,0.03256085186312045,0.034199384561865914,0.03293442687295156
s12T3722,0.0023740638469718833,0.00905475928918251,0.0008701308676048395,0.09195187170846113,0.12424021733429226,0.014782736512997385,0.2291686326327033,0.004583997075230959,0.0,0.0908925173014095,0.049694709580955454,0.0,0.0,0.08856551804075818,0.0,0.03596353373642279,0.0,0.07051753328132747,0.0,0.0,0.0018901560157375042,0.00012717927166208803,0.0,0.001447904616473933,0.015240795478703063,0.02009489009373179,0.14853885331537395
s13T3722,0.035388477038707004,0.0,0.0,0.08919454435411632,0.12782231477237768,0.000731311372448828,0.3712639047036003,0.005814858401769571,0.0,0.047751071190282234,0.04980932315803551,0.0,0.00401651580663214,0.1166498595292704,0.0,0.0031538998537797387,0.0,0.012204840615748776,0.0003093182586374128,0.0,0.0,9.114346656622126e-05,0.0,0.002544414964629134,0.021641774769380014,0.031488507138139,0.08012392060587965
s14T3722,0.0,0.005296051667482543,0.0006251511770488259,0.03679179069316478,0.12299445714039939,0.020314663467959498,0.22963830796907342,0.005555207307998543,0.0,0.13384704857448143,0.027398152439137277,0.0,0.0,0.07365384272117478,0.0,0.05061723510359776,0.0,0.12339919953935681,0.0,0.0,0.0,0.0,0.0,0.0,0.012890161199130735,0.018374359949320025,0.1386043710506741
s15T3722,0.0,0.0125708608375348,0.0001422205073864967,0.039700273323387214,0.10305773556958323,0.05398369897180953,0.25272288324113684,0.0,0.0,0.07983207267366275,0.012809109961301178,0.0,0.002247884940763488,0.10654395487827117,0.0,0.03265285563589183,0.0,0.07110059470782115,0.0,0.0,0.0,0.0,0.0,0.0,0.0011289521496085529,0.021302524842698345,0.21020437775914336
s02M3822,0.0,0.02425272096646219,0.0004343702807467587,0.04527189764386755,0.1252058810894555,0.03963599156928703,0.15089176372932864,0.0,0.0,0.10940181691150391,0.01614489585200616,0.0,0.0020096611746061427,0.0702337358439467,0.0,0.028703494965077573,0.0,0.04176132382706429,0.0,0.0,0.0,0.0,0.0,0.0,0.0,0.0019496921840810003,0.34410275396256657
s03M3822,0.09445045724578292,0.02017666765057624,0.0005621983188509637,0.05365049995205992,0.09901287842958512,0.030853814865625856,0.1254391067234773,0.0,0.0,0.073285368184651,0.013563939752149886,0.0,0.0,0.04149736314050587,0.0,0.023783261370678984,0.0,0.02348586009559203,0.0,0.0,0.0,0.0,0.0023815196958818087,0.0,0.0,0.0049354668080171206,0.392921597766565
s04M3822,0.05459054673399192,0.030528818528192166,4.440567575569593e-05,0.04049364865835633,0.13230643550297636,0.05837687074222259,0.12804818916886557,0.001552525050373878,0.0,0.06101979461000384,0.016524271277991505,0.0,0.0,0.026089806828303953,0.0,0.018313844306473124,0.0,0.016511793848996707,0.0,0.0,0.0,0.0,0.0,0.0,0.0006092301388694977,0.0024495071855736355,0.41254031174305333
s05M3822,0.04664131535533512,0.03358849323887483,0.0010315916311999566,0.014790066506199854,0.10204906620377188,0.056237876544381275,0.10243529481737429,0.00020187971723426208,0.0,0.10622350692121332,0.012448712198338143,0.0,0.000907906179237679,0.020643758906794242,0.0,0.028465978499325188,0.0,0.013724969227202937,0.0,0.0,0.0,0.0,0.0,0.0,0.0,0.0008488395538348741,0.459760744499682
s06M3822,0.004560531144811133,0.040406320358833715,1.7866446493991944e-05,0.029775097274319467,0.09771288556165893,0.059318433534994795,0.0967740258359778,0.0,0.0,0.0700369638239352,0.009628957705555026,0.0,0.008097654373369482,0.032320185370897384,0.0,0.07569076456557072,0.0,0.0,0.0,0.0,0.0,0.0,0.0,0.0,0.0,0.0,0.47566031400358244
s07M3822,0.0,0.02496615918280472,0.0,0.015662893938373276,0.10154913067428684,0.01669895481322331,0.147483204121796,0.0,0.0,0.018114519757369395,0.0,0.0,0.003483984784302493,0.16423502701459758,0.0,0.04286993888137985,0.0,0.0,0.0,0.005776782202578906,0.0,0.0,0.0,0.0,0.0,0.008638197064408902,0.4505212075648788
s08M3822,0.005958575623207643,0.8242515868964475,0.04923476740056863,0.0715431622951148,0.016541486786670976,0.0,0.0,0.0,0.0,0.0,0.0,0.031272014898929494,0.0,0.0,0.0,0.0,0.0,0.0,0.0,0.000947572139662988,0.0,0.0,0.0,0.0002508339593978551,0.0,0.0,0.0
s09M3822,0.0,0.03456168042680913,0.0,0.14974746269953434,0.13122665975475997,0.0,0.022008029382812457,0.21702471863635078,0.07115620959085985,0.0,0.02024325881960613,0.10074397341405322,0.0,0.0,0.17973508059763513,0.0,0.0,0.0,0.0,0.0,0.0,0.011319434720505013,0.0,0.005595710017389364,0.056637781939684516,0.0,0.0
s10M3822,0.0,0.0,0.0,0.19934639321811753,0.29317196322650346,0.003292006238042842,0.03654275734665088,0.20169070068748549,0.0652425370763629,0.030026059854934537,0.06887557974084893,0.0,0.0,0.0,0.006708270388160257,0.0019126334042963529,0.0,0.0,0.0,0.0,0.01106553404210022,0.005516353165200335,0.0,0.020378070836947385,0.05618201083625382,0.0,4.9129938094943905e-05
s11M3822,0.0,0.0,0.0,0.20480681667988476,0.2882069328670549,0.0026353584486224295,0.06656727267665495,0.16150265051644952,0.03502598585746134,0.046329680532713885,0.05542476247614537,0.0,0.0,0.005900028713784888,0.010834279989651453,0.0,0.0,0.0,0.0,0.0,0.0030355398792203813,0.003381255225639249,0.0,0.025115626419697952,0.056116798025203245,0.0,0.03511701169181563
s12M3822,0.035239836285667146,0.022485246998071563,0.0001310471735494805,0.0992701102396868,0.1470443422027549,0.01514786385779055,0.1326199396876689,0.008970205096426436,0.0,0.10528052048681588,0.025885829550308156,0.0,0.00015833128603099183,0.04094584777344703,0.0,0.029765755027478955,0.0,0.024466390505266188,0.0,0.0,0.0,0.0,0.0,0.0012165655792060685,0.01006476256486051,0.0021973305908785084,0.299110075094092
s13M3822,0.056061201214910435,0.03315190827596337,8.955357935767132e-05,0.06921534748769613,0.13200826012079642,0.02200710724124208,0.1490269611062784,0.0,0.0,0.0989596834103812,0.021879418866370407,0.0,0.0035800948106245434,0.04825219503779297,0.0,0.009095928525388946,0.0,0.01104747829667054,0.0,0.0,0.0009221670761142155,3.3093086564028206e-05,0.0,0.0009890693871331525,0.006656723353679108,0.0029297208520082142,0.3340940882710281
s14M3822,0.09098371325406361,0.021082045938425643,0.0008818526567725002,0.08206337356379234,0.11944047821734213,0.01344584936696732,0.15326034536121136,0.0004918727663267416,0.0,0.05353942645314837,0.019967289467133303,0.0,0.0019722912540924456,0.06676416149029672,0.0,0.005656450249159875,0.0,0.01399712177920976,0.0,0.0,0.0,0.0,0.0,0.0017735298901397011,0.006365324831610596,0.004299492441217896,0.3440153810190897
s15M3822,0.13507357548544996,0.020205049227371173,3.0796252993121815e-05,0.041202661926327586,0.10523908187318719,0.013470707888652489,0.13542660775673504,0.0,0.0,0.03462419557430955,0.0067081741036733806,0.0,0.00466522958086621,0.1074974529573322,0.0,0.011167839693637117,0.0,0.0017848331866667456,0.0,0.0004872437133266618,0.0,0.0,0.0,0.0002616515655694575,0.000512295351165915,0.0065668925020770106,0.37507571136065904
s01X3822,0.0,0.02789400776519806,0.0007091487918215147,0.04015338913608075,0.0971160336009596,0.06933576771178068,0.1821041515920287,0.0,0.0,0.11155555471653775,0.009041268427582865,0.0,0.0033171788118811973,0.05267342550863197,0.0,0.01767485030707461,0.0,0.027842466852314337,0.0,0.0,0.0,0.0,0.0,0.0,0.0,0.0,0.360582756778108
s02T3822,0.37560722593685136,0.008506237962974577,0.0,0.03346508884503527,0.09648396815088038,0.01702855162971117,0.12987049728402597,0.0,0.0,0.02675915344396951,0.0027185165151387396,0.0002771035557659915,0.003079232208480731,0.025824772065961663,0.0,0.017146384212578386,0.0010743021583123687,0.05802245509097562,0.0005112225587205786,0.0,0.0,5.064877439458651e-05,0.0,0.0,0.0,0.04533197973275899,0.15824265987346403
s03T3822,0.29540304971093284,0.00507181304274174,0.00028490043469942336,0.05781920698201152,0.08540837709436422,0.0038412273082030525,0.23328884678481163,0.0,0.0,0.00825251380071857,0.0021350713207228277,0.0,0.0008476081726405208,0.06056881540490212,0.0,0.0,0.0,0.019919611793716117,0.0,0.0012453762987042652,0.0,0.0,0.013330977172330883,0.0,0.0,0.06759337980702752,0.1449892248714729
s04T3822,0.10054295698191196,0.01904060703571566,0.00012482637410246187,0.08064189342406754,0.10631384673766256,0.015049291192106087,0.18886976440876757,0.0,0.0,0.025933973222603882,0.0017280534035714085,0.0,0.0,0.036534997227969906,0.0,0.03255111643554378,0.0,0.0327755029145117,0.0,0.0,0.0,0.0,0.0,0.0,0.0,0.024322154735898698,0.33557101590556687
s05T3822,0.36751258799815234,0.014510556704861241,4.186535425708565e-05,0.06099271054255693,0.04633234046269733,0.009056675154186589,0.10268811141633233,0.0,0.0,0.007077678026875458,0.0013345767405742086,0.0,0.0,0.0205893586864161,0.0,0.0,0.0,0.0002540826120864623,0.0,0.0009104235498896953,0.0,0.0,0.1461281071510993,0.0,0.015323873523278677,0.010622425716965592,0.19662462635977088
s06T3822,0.0,0.03351482913607008,0.0,0.0630370620406147,0.11895947705666415,0.02596230590984743,0.06590629113633577,0.0,0.0,0.09541164285802602,0.0077035846448742845,0.0,0.0,0.0,0.0,0.09453418626880059,0.0,0.019893992830788396,0.0,0.0,0.0,0.0,0.0,0.0,0.0,0.0062954622712025855,0.46878116584677615
s07T3822,0.38611689358378987,0.015308019966997832,0.0007249623998149115,0.10303809472519948,0.10536543262010892,0.009120475886352326,0.002100016184868358,0.0005273295042386948,0.0,0.02787462513842921,0.012929488188023275,0.0,0.0,0.0,0.0,0.0,0.0,0.0086672156897906,0.0,0.00033798276959793076,0.0,0.0,0.0,0.0,0.004036641269283236,0.0015314768381981913,0.3223213452353072
s08T3822,0.01596799414339011,0.7255451000887034,0.02182276894484142,0.038428761750235234,0.05849887994347041,0.0,0.0,0.0,0.0,0.0,0.0,0.1295150267223118,0.0,0.0,0.0,0.0,0.0,0.0,0.0,0.002941203442311003,0.0,0.0,0.0,0.0,0.0023080244883584475,0.0,0.00497224047637799
s09T3822,0.0,0.017927554720521946,0.0019437940344315943,0.2612055844992412,0.03520488095830548,0.0,0.013096510426045397,0.07830154008659425,0.037166161328837176,0.0,0.006840569590263234,0.08854009184207387,0.0,0.0,0.3547621321882574,0.0,0.0,0.0,0.0,0.00025853722570467244,0.005762882028928346,0.010107811394800633,0.0,0.0,0.08888194967599472,0.0,0.0
s10T3822,0.0,0.0,0.0,0.253213628720308,0.0979884246164132,0.0,0.021138789207811804,0.08019502647379692,0.043824261259041104,0.0,0.023917020697333355,0.010003003999849781,0.0,0.006606888034280619,0.35361388140429934,0.0,0.0,0.0,0.0,9.403563129167008e-05,0.013702169281449208,0.0051513035827362745,0.0,0.0,0.0848758316332858,0.0,0.0056757354581030055
s11T3822,0.0,0.008317017559224307,0.0,0.15157911694110418,0.10791958513018521,0.0,0.007709443986347211,0.11035957343636124,0.038405873046396415,0.0,0.01209822615825887,0.0615331817937262,0.0,0.0,0.4256534863721842,0.0,0.0,0.0,0.0,0.0,0.011582878549896048,0.011004458843051321,0.0,0.0,0.053837158183264774,0.0,0.0
s12T3822,0.0,0.011479534618443935,0.0,0.17151772140855287,0.1511361603013669,0.0,0.01289872742892824,0.1427022488126418,0.07323006000706891,0.0,0.023138226890936107,0.01617100422507965,0.0,0.0,0.32036756994419113,0.0,0.0,0.0,0.0,0.0,0.03519512844549515,0.003198975931838631,0.0,0.00035961704350869617,0.03860502494194779,0.0,0.0
s13T3822,0.0,0.004442577128933491,0.0,0.21991785602280423,0.09351702421488031,0.0,0.027198309503843693,0.10531602662950379,0.05202254901291435,0.0,0.005464061923371993,0.04244379764450186,0.0,0.0030191533387662886,0.36550651397442757,0.0,0.0,0.0,0.0,0.0,0.025340799568531625,0.005718414544703445,0.0,0.0,0.04532335441269601,0.0,0.0047695620801214795
s14T3822,0.0,0.026833277211683097,0.0009995268840465453,0.28858617591520214,0.08714607019445124,0.00041787452883906026,0.05099764398798844,0.07525811569138491,0.037823972645444494,0.03616790611687504,0.05253677259353921,0.0,0.0,0.018224642276277837,0.19536983857453866,0.0,0.0,0.0,0.0,0.0009762235454540696,0.0208952112523653,0.0,0.0008955468162928181,0.00786517802409138,0.018067971122043572,0.0,0.08093805261948224
s15T3822,0.0,0.0037552892707226715,0.0006328566069729738,0.18683948861024666,0.14591037342513774,0.0049643541837323295,0.16298337196096416,0.033399922999161,0.011328034570576503,0.05265996003259609,0.06483402533842966,0.0,0.003462950100170128,0.06004147622122805,0.040238952446042926,0.0,0.0,0.0014271779941159412,0.0,0.0013230327482570586,0.0028800601108324437,0.0019765647183458287,0.0,0.011807275861335304,0.02712843953420247,0.007922328348992598,0.17448406491793741
s02M3922,0.0,0.03911687253142132,0.0,0.042406285781057686,0.10612644371593406,0.02109615777029606,0.1601703813027713,0.0,0.0,0.02630159866282138,0.001482059078344222,0.0,0.0,0.029470012603049493,0.0,0.057554638748131354,0.005762489845804844,0.01960156423684301,0.0,0.0,0.013455836215453749,0.0,0.0,0.0,0.0,0.023178752755022413,0.4542769067530491
s03M3922,0.0,0.020667446063795024,0.0,0.0272041332485765,0.12699417894753334,0.007195277401456899,0.22833982535249706,0.0,0.00045657196737501334,0.00959618470291992,0.0,0.007154848490588769,0.0,0.10881424336250235,0.0,0.04655455516547173,0.0,0.0,0.0,0.001658967103665551,0.0,0.0,0.0,0.0,0.0,0.0428311896317072,0.3725325785619107
s04M3922,0.0,0.03416682605996571,0.0,0.03808058794733564,0.10514052610513124,0.012885819400744073,0.21430807872268767,0.0,0.0,0.022564997249718784,0.0,0.0,0.0,0.018038584426776548,0.0,0.05222306272279182,0.0,0.0,0.0,0.00036857177082299706,0.0,0.0,0.0,0.0,0.0,0.023500938551854086,0.4787220070421714
s05M3922,0.0,0.026065268640208045,0.0004745572122903264,0.07007258067290993,0.09472738236472511,0.010807345086209513,0.19213996995014948,0.0,0.0,0.01035773059725481,0.0,0.0,0.0,0.04762217194925111,0.0,0.048354896025266714,0.0,0.006294295109142091,0.0,0.0,0.0,0.0,0.0,0.0,0.0,0.026267542485968912,0.46681625990662395
s06M3922,0.0,0.023251007388509652,2.0268598328068074e-05,0.048941345918114804,0.0685150849724162,0.0957980694365213,0.04552505901022306,0.0,0.0,0.16071363290445692,0.009210313647701175,0.0,0.0,0.0,0.0,0.11337280346973747,0.0,0.05183157464579749,0.0,0.0,0.0,0.0,0.0,0.0,0.00018817323514399233,0.007422740924183309,0.3752099258488666
s07M3922,0.0,0.02551544790291099,0.0006845586856538679,0.0684225830122184,0.11283514125123839,0.039895200343561255,0.20875049342866778,0.0,0.0,0.0553478712109879,0.009745014654707321,0.0006076166975518057,0.0,0.09447174921204166,0.0,0.006466203638816329,0.0,0.038020502402017084,0.0,0.0,0.0,0.0,0.0,0.0,0.0005947404826781808,0.038587266877838144,0.300055610199111
s08M3922,0.001219533957478656,0.8438471315749836,0.006198730776026943,0.02779225632594844,0.047587508136814706,0.0,0.0,0.0,0.0,0.0,0.0,0.0664451993772986,0.0,0.0,0.0,0.0,0.0,0.0,0.0,0.0012368755645687883,0.0,0.0,0.0,0.0,0.0,0.0,0.005672764286880248
s09M3922,0.0,0.0,0.0,0.18273082126835347,0.23496898822286943,0.0,0.024878243805080025,0.09335658769362006,0.04680450967048968,0.01002531671953337,0.030155634447083204,0.0,0.00012541394548016904,0.00534707047485731,0.016491312344736126,0.0,0.0,0.0,0.0,0.00520440701750526,0.021196651075044582,0.0,0.0,0.0,0.29648635424678793,0.0,0.032228689068559316
s10M3922,0.0,0.0,0.0,0.2652488568575864,0.2287340756845398,0.0,0.02949149955586016,0.10638297304705709,0.048888277458766734,0.0032535448109955057,0.0550763240632626,0.0,0.0007157412584951964,0.005081494362552701,0.05017153247919848,0.0,0.0,0.0,0.0,0.004422033997909993,0.025272294574611887,0.0,0.0,0.0,0.12511057100446318,0.0,0.05215078084470019
s11M3922,0.0,0.00039427084233287647,0.00044652495854110224,0.18724254982771535,0.19453287461005198,0.0,0.01983829351033861,0.12101536866026867,0.06795204327764819,0.024398219379580994,0.01976292018073915,0.0,0.0,0.0054895426358103575,0.025573635116620305,0.0,0.0,0.0,0.0,0.003706392554672561,0.027014738427567526,0.0,0.0,0.0,0.2787885361543917,0.0,0.023844089863720556
s12M3922,0.06591246394104251,0.021921883065459245,0.0,0.1532261913025862,0.18170735846894015,0.0024003528349899558,0.015002673364424957,0.20707087008108688,0.06666138176169861,0.09832614795960636,0.018936250956733854,0.0,0.0,0.0,0.0,0.0,0.0,0.0,0.0,0.0,0.027614285007892366,0.00041623584475787356,0.006550822179096814,0.0,0.07822936475446612,0.0,0.05602371847721804
s13M3922,0.0,0.0,0.0,0.22013571508984048,0.23745846678904897,0.0011701097419780319,0.016031019736136198,0.17878986259080853,0.06836668741130471,0.06457972575949486,0.029336211150002504,0.0,0.0,0.0,0.0,0.0004006434090394402,0.0,0.0,0.0,2.5329025586319512e-05,0.03565956018559566,0.0,0.0,0.0,0.09939515066596201,0.0,0.0486515184452023
s14M3922,0.0,0.013609701514690625,0.0003152682064177478,0.1961631224513423,0.18757299839500474,0.001974962531934552,0.01363311268764279,0.15444399250000057,0.04219854130980117,0.2288356638602238,0.02856802332119734,0.0,0.0,0.0,0.0,0.002104635028589256,0.0,0.00428232274121857,0.0,0.0,0.004966329148656996,0.0,0.0,0.0,0.0407953117607003,0.0,0.08053601454257918
s15M3922,0.0,0.0036021567307821674,0.00016067772045901509,0.21713190635103663,0.2349975928261793,0.0032358498052240036,0.034402761178086376,0.12366916592860693,0.04430755084548243,0.09370701563176277,0.0340257199378606,0.0,0.00022749537147452966,0.007680968383454742,0.0,0.0012141688171380142,0.0,0.005015639040543215,0.00121610123643562,0.0007988419065216687,0.02519189412234048,0.0,0.0,0.0004564833236558111,0.08613116213232594,0.0,0.08282684871062976
s01X3922,0.0,0.018821252492279106,0.0004185608834553618,0.06422908447114503,0.08552889045538756,0.011097324841416024,0.2307874563620384,0.0,0.0,0.007790967623689332,0.0,0.007482014154410688,0.0,0.1302108599265119,0.0,0.020788633888957,0.0,0.0023708881288790735,0.0006897854126406542,0.006659766334211969,0.0,0.0,0.0,0.0,0.0,0.04975725129663741,0.36336726372834044
s02T3922,0.10441303666032936,0.012608903888713718,0.0006122009951568081,0.02960640465036735,0.054039320947655234,0.011473978658958684,0.10128289399663522,0.0,0.0,0.010599661931512171,0.0016094409937684028,0.0,0.0,0.025178968770082237,0.0,0.0,0.0,0.02012679504025933,0.0,0.0,0.0,0.0,0.38099075963602674,0.0,0.0,0.024656771655623234,0.2228008621749116
s03T3922,0.0,0.030795289868536826,0.0008331853174832902,0.05891288985019889,0.11725304763195288,0.023423282080338583,0.13327153746281883,0.0,0.0,0.02411385259044837,0.006433484640661901,0.0,0.0,0.007875936627522173,0.0,0.014975378000889031,0.0,0.0719786269315979,0.0,0.0,0.0,0.0,0.012496782959657124,0.0,0.00026460304171257776,0.02075209680937068,0.4766200061868108
s04T3922,0.027163022906080303,0.038540631666562485,0.00022702930338138152,0.06264737908788771,0.11855996133111246,0.03697786132978144,0.11530029415109914,0.0,0.0,0.018577337348638544,0.007145479392873328,0.0,0.0,0.0,0.0,0.010144576932142045,0.0,0.038149087655156524,0.0,0.0,0.0,0.0,0.025310379507777085,0.0,0.007846946114277328,0.01259798198711181,0.48081203128611844
s05T3922,0.0,0.022993892982244375,0.0005290973365420678,0.03780407268310467,0.08784053405233791,0.030150665434978848,0.08926912473637263,0.0,0.0,0.016763971638613873,0.0011961986027761978,0.0,0.0,0.0,0.0,0.02090415311266264,0.0,0.023437983014144754,0.0014064971790896648,0.0,0.0,0.0,0.2603729515227555,0.0,0.00010092680417759901,0.012273346978752597,0.3949565839214466
s06T3922,0.0,0.04507443256814177,0.0,0.06753716471144147,0.08914411937769304,0.03977539789142633,0.04679717359516362,0.0,0.0,0.03406064973850871,0.00865775377654562,0.0,0.0,0.0,0.0,0.016659564544669152,0.0,0.006053075279653728,0.0,0.0,0.0,0.0,0.1292208996381211,0.0,0.002128124980353174,0.004830139461795173,0.5100615044364871
s07T3922,0.0,0.021153680502610617,0.0001297846004086089,0.05692352199654038,0.11280406000684033,0.04904869179309603,0.15356659084686358,0.0,0.0,0.024004031753669684,0.005683277142776981,0.0011026232423349915,0.0,0.05049020019788951,0.0,0.02823222397331393,0.0,0.037140053656566106,0.0,0.0,0.0,0.0,0.023536569207372515,0.0,0.0,0.03156740321313135,0.40461728786658535
s08T3922,0.003004209768022424,0.6033305492928279,0.2730346747947795,0.03657476413915377,0.023192771215189114,0.0,0.0,0.0,0.0,0.0,0.0,0.060619526758761755,0.0,0.0,0.0,0.0,0.0,0.0,0.0,0.00024350403126555803,0.0,0.0,0.0,0.0,0.0,0.0,0.0
s09T3922,0.02175437283617438,0.0029945488299920687,0.007634178711150418,0.21396595974696578,0.12680264130751379,0.0,0.011741952477106,0.1278453615781824,0.027439773319769056,0.0,0.007681192934581165,0.033175495429287084,0.0,0.0,0.07885766134200502,0.0,0.0,0.0,0.0,0.001455004139618701,0.016309437765969666,0.00012032269937414259,0.01082181378528513,0.0,0.2768076441735006,0.0,0.0345926389235246
s10T3922,0.0,0.0,0.0,0.2552580508553831,0.16560498669876925,0.0,0.02452951350040097,0.1479788310467747,0.0541178765804276,0.0,0.023297107901605302,0.0,0.0,0.002736706484698184,0.03570341881531577,0.0,0.0,0.0,0.0,0.0024980807671674096,0.02986945301254992,0.0,0.0,0.0,0.2250468158831081,0.0,0.03335915845379971
s11T3922,0.0,0.059503795558291765,0.01250996682324252,0.1998084359949897,0.11422656908743575,0.001408487454594509,0.00996369500171237,0.1340555156323252,0.055418511422048865,0.016522383027853343,0.024682232501287864,0.018941901898098745,0.0,0.0016494668461414653,0.04088206583975978,0.0,0.0,0.0,0.0,0.0012306918593229053,0.0228498664346823,0.0027521450531134478,0.0,0.0,0.2523628456577138,0.0,0.03123142390738559
s12T3922,0.0,0.03402910246620578,0.000382076350801562,0.1861317748838885,0.1814979472322291,0.006721487771003829,0.005585143964135348,0.18873016787755556,0.063254315756627,0.13212192646610654,0.045044065648984125,0.0,0.0,0.0,0.0,0.0,0.0,0.0,0.0,0.0,0.025328611969389667,0.0,0.0,0.0,0.07028733718848906,0.0,0.060886042424583973
s13T3922,0.013701055321034671,0.010632930096239094,0.0006896191582514448,0.3276319552839863,0.1577277850145147,0.0014035993421442933,0.022435581270366343,0.11302169393635984,0.04062810218963446,0.03594113042485081,0.03418980141143599,0.0,1.0426685100563953e-05,2.3972413050205394e-05,0.05993362799350214,0.0007891468845128564,0.0,0.0,0.0,0.0016368079257687938,0.024649663252736768,0.0,0.0,0.0,0.0899627712139546,0.0,0.06499033018255605
s14T3922,0.0,0.031148546011864207,0.0008401678243513767,0.1527648637474047,0.19814072918789677,0.015380866823909815,0.004166768995917001,0.16457493408016174,0.03315412609838446,0.22949305831633118,0.033682450029822425,0.0,0.0,0.0,0.0,0.0,0.0,0.0,0.0,0.0,0.014852630986400514,0.0,0.0,0.0,0.021271523576309622,0.0,0.10052933432124626
s15T3922,0.0,0.03603102882145425,0.0,0.1479776545361115,0.20215477483690716,0.015626553980591925,0.0652747748725333,0.08196922291870969,0.020847569143565288,0.12532224639588388,0.02253665709540549,0.0,0.0,0.012127719269051587,0.0,0.004826048178826493,0.0,0.026784163738436447,0.0,0.0,0.004592382573654309,0.0,0.0,0.0,0.034482083629949804,0.003448940253128877,0.19599817975579015
s02M4022,0.0,0.00880349312335178,0.0001660633987898032,0.03952803051840626,0.09859047947111814,0.022857951128228596,0.03693045030406373,0.004092440442350964,0.0,0.1176853960726164,0.033316827645496296,0.0,0.0,0.0023436004695188716,0.0,0.00842057542572645,0.0,0.06281285670638866,0.01221631241577708,0.0,0.0009531030605399338,0.0,0.37775357823212513,0.0,0.0,0.0,0.17352884158550194
s03M4022,0.048520701196705734,0.012353970593298446,4.056967660588203e-05,0.04331214994533,0.09079845956369607,0.028616480647612772,0.0390157999904849,0.0026623862200869748,0.0,0.07859472291095718,0.03517717108593186,0.0,0.0,0.0,0.0,0.005672931858946792,0.0,0.04443439046061997,0.018155943420069567,0.0,0.013726400484812867,0.0,0.3823093335806417,0.0,0.0007818717477305329,0.0016560135030954288,0.15417070311337344
s04M4022,0.0,0.02777368963939295,0.0003143395866244496,0.06863809577724224,0.08474954818179725,0.062359146837735246,0.06991945564580494,0.0,0.0,0.051557851604559855,0.023962086604566977,0.0,0.0,0.009132329158847157,0.0,0.07071727673444185,0.0,0.08118301709304361,0.0,0.0,0.0,0.0,0.12145939667537167,0.0,0.0036725522470319716,0.013231305898582735,0.31132990831495705
s05M4022,0.04626336555938655,0.02435460613646622,0.0,0.04339557838041442,0.09753127775122832,0.045893349734545945,0.11339651861086135,0.0,0.0,0.021264483353477793,0.013924133351722726,0.0,0.0,0.023101539518900663,0.0,0.025803574550161357,0.0,0.08208278668491961,0.009158261390569506,0.0,0.0,0.0,0.10616393176586017,0.0,0.0023367992405966473,0.026351027427325553,0.318978766543563
s06M4022,0.0,0.02686684188462382,0.0006794491685990289,0.041676438432285315,0.10822415098212348,0.05547906092634487,0.08548721508652744,0.0,0.0,0.013702377319474811,0.009914686783149367,0.0,0.0,0.0024950823473942714,0.0,0.06292709426159371,0.0,0.0843063554918182,0.0,0.0,0.0,0.0,0.08016020293452969,0.0,0.0022738072609465765,0.017836615608805232,0.4079706215117842
s07M4022,0.0,0.025379316027361577,3.666928806861658e-05,0.042863175511833544,0.08399021644128787,0.10128534051141871,0.12940199985154602,0.0,0.0,0.029762826813188502,0.0,0.0,0.0,0.01737077766969578,0.0,0.07228774692726249,0.0,0.0,0.0036682981955453377,0.0,0.0,0.0,0.1019730671636756,0.0,0.0027671736932761417,0.0201948029600189,0.36901858894582096
s08M4022,0.0,0.28020311694029393,0.5887748687938796,0.017630094516624343,0.009207245235822923,0.0,0.0,0.0,0.0,0.0,2.3921437557917416e-05,0.07830484385024529,0.0,0.0,0.0,0.0,0.0,0.0,0.0,0.0003746628118686957,0.0,0.0001774532247237431,0.02285311678004034,0.0,0.0010061180820600509,0.0,0.0014445583268834037
s09M4022,0.0,0.0,0.011548387107609864,0.4779259370187282,0.05164894771322645,0.0,0.011054050823235479,0.07184527647840852,0.02857956274662205,0.02650568161975106,0.05171216697408025,0.0,0.0027258121542620855,0.0012908015554874408,0.06448548928921641,0.0,0.0,0.0,0.0011703578990250264,0.0019705577096964886,0.01613704917242802,0.0,0.009660938826953158,0.0,0.13470136683187303,0.0,0.03703761607939634
s10M4022,0.0,0.009714672428960168,0.0009754477330225713,0.33135527509160173,0.10154217132178939,0.01619545479802461,0.011276952709046205,0.09503800188115213,0.023231782371361136,0.13008180806639047,0.062219082863292335,0.0,0.0022796283773184626,0.0,0.0,0.006783781614415426,0.0,0.03476529021490257,0.0,0.0,0.0406713254038509,0.0,0.005199765160981693,0.0,0.054330388041568416,0.0,0.07433917192232183
s11M4022,0.0,0.0,0.0,0.34099414061294525,0.10334414620262662,0.00617406234868677,0.006257403489222372,0.11047949918963759,0.02733190074674052,0.1939240285310979,0.05811544014062967,0.0,0.0008665482039465845,0.0,0.0,0.001493708873327852,0.0,0.021582842254200072,0.0,0.0,0.033667475247569946,0.0,0.0,0.0,0.03290203321065591,0.0,0.06286677094871314
s12M4022,0.0,0.018757179952442624,0.0007427418386887115,0.31112781371304654,0.11647626947853787,0.014484979581113286,0.014112262541335109,0.12069443506801861,0.01613219451580631,0.24384408932051374,0.005291041520270551,0.0,0.0,0.0,0.0,0.00405599487027443,0.0,0.0,4.020637505272229e-05,0.0,0.018616420685835994,0.0,0.0013862501293685605,0.0,0.022069982872428378,0.0,0.09216813753726663
s13M4022,0.0,0.0176786754617882,0.0008386180998827021,0.3062436707584626,0.11361259616156057,0.01102765514003883,0.012118098232783342,0.09410257701331448,0.008727187337865436,0.20979463773058316,0.045470378437851185,0.0,0.0,0.0,0.0,0.0035815506285890378,0.0,0.031692695511976635,0.0,0.0,0.00523864383746745,0.0,0.0,0.0025421936336872055,0.03327470905165047,0.0,0.10405611296249878
s14M4022,0.0,0.02518687678550745,0.0005893435304081179,0.23854702381392692,0.11239289024357088,0.0028286257291124176,0.017117990427919703,0.07717399359460395,0.010233627607332364,0.2581118740342972,0.03517551441741338,0.0,0.0,0.0,0.0,0.007460196657060005,0.0,0.046491406645955545,0.0,0.0,0.0,0.0,0.0,0.0,0.0552634960201197,0.0,0.11342714049277225
s15M4022,0.0,0.02014498776039068,0.0,0.09170205522929446,0.08781072726209713,0.06983532909360836,0.06797770390440269,0.010848855391810498,0.00011619054378854827,0.08027321897477543,0.02975210210970376,0.0,0.0,0.005166815486659795,0.0,0.08876243023945293,0.0,0.11101547247370137,0.0,0.0,0.0,0.0,0.0,0.0,0.005311798355806102,0.010758203626341754,0.32052410954816646
s01X4022,0.0,0.014240724312946417,0.0010255587750708163,0.04644130455256482,0.09094429860168794,0.051626075438681945,0.06487123776125105,0.0,0.0,0.10479744846305895,0.016710188063227292,0.0,0.0,0.0019788807604659564,0.0,0.14385373188777098,0.0,0.09009302982396078,0.0,0.0,0.0,0.0,0.0,0.0,0.0,0.008579967871540228,0.3648375536877728
s02T4022,0.2872679342643482,0.015147322531213616,0.0004364688674018525,0.030938769541912475,0.07248905576244614,0.030990490454863143,0.07191872170238767,0.0,0.0,0.025390963797379103,0.013035700732352891,0.0,0.0,0.003271853663095919,0.0,0.009103885620046954,0.0,0.06424586827050623,0.0,0.0,0.0,0.0,0.028607725565986404,0.0,0.010610238759093114,0.015896056864781558,0.3206489436021847
s03T4022,0.2462923069490648,0.01714454187745883,0.0,0.03571656135911745,0.07743540329654926,0.011235962306651595,0.11333018423331116,0.0,0.0,0.009566762478530479,0.00540860796327378,0.0,0.0,0.023981453686885396,0.0,0.026194481914326936,0.0,0.04108774856514235,0.0,0.0,0.0,0.0,0.037067459396872546,0.0,0.004348544438785401,0.027821788184470318,0.3233681933495596
s04T4022,0.33994371594665956,0.020678312631631175,0.0,0.04551610545267934,0.08253669831425214,0.013415377949990072,0.04947763801792763,0.0,0.0,0.03163322730456427,0.01735848491399854,0.0,0.0,0.0,0.0,0.000954491338478417,0.0,0.05308182695533361,0.0,0.0,0.0,0.0,0.04605546815503137,0.0,0.00415318963831182,0.004308658212694625,0.29088680516844745
s05T4022,0.23535585848014334,0.01723884325072718,0.00025524529949546855,0.05040101949190828,0.09969313420267031,0.03072976567732762,0.04842787686572905,0.0,0.0,0.056504220367762446,0.023496855415311668,0.0,0.0,0.0,0.0,0.025256419348712818,0.0,0.06160948841901588,0.0,0.0,0.0,0.0,0.04989020149574259,0.0,0.00019519117284306557,0.004401374794128458,0.2965445057184817
s06T4022,0.1361536016675075,0.022886277201224742,0.0005435727870562798,0.05965973625770056,0.10859525918364302,0.016316738498085206,0.05696642955054773,0.0,0.0,0.05056607463195292,0.015094366304743619,0.0,0.0,0.0,0.0,0.042319406444409645,0.0,0.04994750409727618,0.0,0.0,0.0,0.0,0.025859547484006585,0.0,0.002119591233340107,0.010555817217566873,0.4024160774409392
s07T4022,0.08660281850591364,0.022876400493775602,0.0008594022982664748,0.049598239298798245,0.09686707186325545,0.04933689587032191,0.056012823758668756,0.0,0.0,0.08471809030994336,0.02067056408009129,0.0,0.0,0.0,0.0,0.05645701342371785,0.0,0.08650041789527992,0.0,0.0,0.0,0.0,0.0294695475899046,0.0,0.0022009891936199855,0.007815048260062038,0.35001467715838097
s08T4022,0.0,0.380610735241558,0.5707208700663595,0.0008987329363046446,0.011299595533346352,0.0,0.0,0.0,0.0,0.0,0.0,0.03154286652717885,0.0,0.0,0.0,0.0,0.004896580578659196,0.0,0.0,0.0,0.0,3.0619116593373634e-05,0.0,0.0,0.0,0.0,0.0
s09T4022,0.09239859602328586,0.013922204521978615,0.029207239676275937,0.3161802960250461,0.0688519536008839,0.0,0.009380917252271356,0.09541751376763222,0.04019729380885617,0.005450910998034703,0.022473258047078653,0.016270729817545685,0.0009304098174035675,0.0,0.10088935064431194,0.0,0.0,0.0,0.0007113165180880323,0.0004180676942537027,0.015788719879916185,0.0004843793280144064,0.0,0.0,0.11371874982517038,0.0,0.057308092753952614
s10T4022,0.0,0.01084088768141219,0.0019428740518207482,0.40247778196359774,0.09764313769579487,0.0014304115485616177,0.013465401119026726,0.09122955293437847,0.013870538278844347,0.0838122742706452,0.04997677539083573,0.0,0.0,0.0,0.021213956530375555,0.009938037179849922,0.0,0.013303267103902403,0.0,0.0,0.016891967841352308,0.0,0.0,0.0067889091243989366,0.06752438324870881,0.0,0.09764984403649449
s11T4022,0.0,0.022023635616502894,0.012349526864766302,0.38411776845007445,0.09909501367843981,0.0023297266101518265,0.009695600353582742,0.10647027987351432,0.040779254288218644,0.07906466197838934,0.03558019086743643,0.0,0.0,0.0,0.007029928178858418,0.02015961911317376,0.0,0.0053426332962020935,0.0,0.0,0.023228214521018736,0.0,0.0,0.0,0.07600739919646993,0.0,0.07672654711320029
s12T4022,0.2745171527103442,0.080747115210873,0.0072657300272361,0.15199077595898425,0.08460412165858282,0.006335357038055151,0.009361109488121343,0.0911967272909441,0.026891700502205042,0.054114164713438176,0.0186073027045229,0.0,0.0,0.0,0.0,0.018952745542746355,0.0,0.008112685607291758,0.0,0.0,0.0217782820258859,0.0015731529800788987,0.010489110531902842,0.0,0.037590900577952814,0.0,0.09587186543083433
s13T4022,0.0,0.042492922296865576,0.003120660761366781,0.3243867280409817,0.11430572415716177,0.004090528939612285,0.013849774685969627,0.09688037857857727,0.011782656730252944,0.1233343484093254,0.03616506612737694,0.0,0.0,0.0,0.0,0.026120042668931132,0.0,0.027958029485524283,0.0,0.0,0.0033797058197818403,0.0,0.0,0.004284489887642322,0.04533866609914261,0.0,0.12251027731148777
s14T4022,0.0,0.046415134224412215,0.001257880286968098,0.20436870544881894,0.13194999394776102,0.011117325127566849,0.01633147883983618,0.07341977611673257,0.011297784392524296,0.10211774692011187,0.02120418513849623,0.0,0.0,0.0,0.0,0.12644327651809278,0.0,0.02696305093569361,0.0,0.0,0.0,0.0,0.0,0.0,0.03080189591219923,0.0008575362462797732,0.1954542299445063
s15T4022,0.06099325008624276,0.038862536931729884,0.0013389334238991244,0.1874717662833495,0.10347995317043907,0.012444582575940472,0.04751585894004336,0.0336990032633119,0.0025901000533613376,0.08468855019307606,0.02871044200596452,0.0,0.0,0.01254578082191283,0.0,0.05221068669232055,0.0,0.06235765238273703,0.0,0.0,0.0,0.0,0.0,0.0007374959868107209,0.04531592499273438,0.008981526925545862,0.2160559552705805
s02M4122,0.15390898889637014,0.008632784442851744,0.0,0.029730195845415665,0.09476348231183496,0.009965393460144443,0.035012087940301105,0.0,0.0,0.0,0.003479150171770985,0.002825470516658275,0.0,0.018673437218366614,0.0,0.160435876205942,0.0,0.10735288073958298,0.0,0.0,0.0,0.0,0.0,0.0,0.0179972846474932,0.05401708681421484,0.3032058807890531
s03M4122,0.08610768735200551,0.016088551237926966,0.0,0.09606450310082428,0.11717881502974649,0.0129974978936679,0.080812344018891,0.0,0.0,0.008642185678128302,0.01743059880283844,0.00011566311183981502,0.0,0.030773184319828478,0.0,0.018761499052355152,0.0,0.05942270411915594,0.0,0.0,0.0,0.0,0.009830351161605756,0.0,0.01091296010372038,0.035605975177675,0.3992554798397906
s04M4122,0.0,0.020731158812137346,0.0,0.04607942338766639,0.07789332458436765,0.10130846254048845,0.016189871255197046,0.0,0.0,0.08486075070720499,0.02542009525061388,0.0,0.0,0.0,0.0,0.07473354811357315,0.0,0.1866510736426126,0.0,0.0,0.0,0.0,0.0,0.0,0.0001542090363045183,9.796165788316775e-05,0.3658801210119509
s05M4122,0.0,0.0181490640053596,0.0,0.05886553306519733,0.07076862331385605,0.10873629110044329,0.007350092465519485,0.0,0.0,0.10549030537185805,0.0328995282986401,0.0,0.0,0.0,0.0,0.08204719033272685,0.0,0.20331043987511704,0.0,0.0,0.0,0.0,0.0,0.0,0.0,0.0,0.31238293217128227
s06M4122,0.0,0.014275913082354388,0.0005265878656038805,0.05243847398019966,0.03322579443291587,0.1428431068719889,0.008321559281054453,0.0,0.0,0.11263927995610105,0.026631847607336816,0.0,0.0,0.0,0.0,0.09181333374037029,0.0,0.2150205895813354,0.0,0.0,0.0,0.0,0.0,0.0,0.0,0.0,0.3022635136007394
s07M4122,0.0,0.007422625990380125,0.0009622353218557676,0.07872251812980875,0.06457563261069096,0.06932289536966325,0.03350853697380285,0.0,0.0,0.07174347491551562,0.02611852904854921,0.0,0.0,0.0,0.0,0.07810593477286781,0.0,0.2040811051303869,0.0,0.0,0.0,0.0,0.0001309555527840126,0.0,0.0,0.008689380003381991,0.35661617618031277
s08M4122,0.0,0.31727448305582157,0.562454778353043,0.0,0.003795600294885827,0.0,0.0,0.0012473838493834747,0.0,0.0,0.0,0.029885021831425784,0.0,0.0,0.0014843657035960914,0.0,0.08108236755905156,0.0,0.0,0.0,0.0,0.0005972442402734795,0.0,0.0,0.0021787551125192397,0.0,0.0
s09M4122,0.10779339680118029,0.010594026794303673,0.011802603490842034,0.35639374419082964,0.0700067121427525,0.0,0.013280421681056205,0.08177355475436354,0.0201349733235928,0.017186518163192003,0.03697096758429487,0.0024490884012958072,0.00011259141064258361,0.0,0.03434234750216032,0.006541907609370235,0.0005809130918736449,0.004293213929073418,0.0,0.00012569722483133278,0.007466570265627634,0.0,0.0,0.004163119918794907,0.12416047874120424,0.0003594829588659151,0.0894676700198525
s10M4122,0.025301503735442984,0.014247066708585781,0.011863101335790646,0.51545110307406,0.05678176953763874,0.0,0.010013299584437136,0.08742245558449567,0.026795753762472018,0.006387139691175997,0.031012990204788933,0.009258768980520776,0.0,0.00021638986205226848,0.052051529867459166,0.007095364072076699,0.00018102740142269654,0.0,0.0,0.0009576208249176291,0.020219423230385496,0.0,0.0,0.002495049558143136,0.05253899887126586,0.00045388642930625143,0.0692557576835622
s11M4122,0.09545565791186499,0.007145366782940928,0.057286705693120575,0.42872295467727495,0.02351612893108501,0.0,0.011583209014154237,0.06480181119038736,0.020819101907823438,0.003896975240300758,0.027771231518858273,0.043350022277501885,0.0014906564577004374,0.0005027955323209253,0.08262816381186054,0.0,0.0,0.0,0.0,0.0015495994639617425,0.0,0.0,0.0,0.0,0.07732299209482296,0.00032610661652507144,0.051830520877495935
s12M4122,0.0,0.07404379053171788,0.010710419890348571,0.38790060136894317,0.082553998163684,0.0006927177380462362,0.007568946916031126,0.12039560514707259,0.013495001699148532,0.07687756460779206,0.031091214310618835,0.0,0.0,0.0,0.01422983783180985,0.0033272948866620794,0.0,0.0,0.0,0.0,0.03267869124996328,0.0,0.0,0.012951152687499832,0.037426770822926766,0.0,0.09405639214773517
s13M4122,0.0,0.07965117855513264,0.005367355239556133,0.3894987181990136,0.089460937318822,0.0020659426563510207,0.004357429400019334,0.10739524429998877,0.016421149339629397,0.07633537811500038,0.03391546437228693,0.0,0.0,0.0,0.0,0.00825501914759907,0.0,0.0,0.0,0.0,0.03569555191371233,0.0,0.0,0.00806368936836642,0.028642275412273085,0.0,0.11487466666224894
s14M4122,0.03202687362934612,0.08727290943756222,0.0010344529152632388,0.27486700409809295,0.09732917621474753,0.005557309020563003,0.005240807151321542,0.08492871297979653,0.012002071491023293,0.10102889776626713,0.030553125573485898,0.0,0.0,0.0,0.0,0.03604987774054371,0.0,0.01971179650504093,0.0,0.0,0.02033453316880845,0.0,0.001724970513006598,0.006601873723112134,0.021940907602819113,0.0,0.1617947004691996
s15M4122,0.01454703412659924,0.05397733755548675,0.001978690195075472,0.21829313880930978,0.1165947530883295,0.011878738543900789,0.017212541109698897,0.05521278226286858,0.0007495761284158777,0.07225873074915945,0.022517839132799,0.0,0.0,0.00047225270338229256,0.0,0.06016187704369388,0.0,0.04051332507483054,0.0,0.0,0.008573372846476019,0.0,0.0,0.005911730599922309,0.04126021268480986,0.010253850778753073,0.24763221656648876
s01X4122,0.0,0.025616263743771996,0.0,0.10887861161212822,0.08917746822609843,0.014200407178216495,0.06657502386678456,0.0,0.0,0.03094208338121123,0.017316233942496123,0.005453572199157882,0.0,0.0805718289113139,0.0,0.022490304477747292,0.0,0.08195979596306786,0.0,0.0,0.0,0.0,0.0,0.0,0.0307832519502529,0.07506852095615367,0.3509666335915995
s02T4122,0.19991739763441502,0.004429731575052259,0.0,0.039660518626261326,0.07505521157498644,0.038881311550309466,0.029405012872495025,0.0,0.0,0.0,0.012615652338338494,0.0018068775267408375,0.0,0.013459016792264902,0.0,0.040087069216888926,0.0,0.3123812554062381,0.00011905606338304418,0.0,0.0,0.0,0.0,0.0,0.021986673919343305,0.06529788403850441,0.14489733086477846
s03T4122,0.09010794877201074,0.003360315525314609,8.633702941816987e-05,0.029393530356088833,0.08216279762033749,0.032651081635161054,0.031467838450334504,0.0,0.0,0.0,0.011800350142966466,0.0,0.0,0.007904681096067788,0.0,0.08475472878765346,0.0,0.40156723705981523,0.0,0.0,0.0,0.0,0.0,0.0,0.012687153553939269,0.06411790335522329,0.14793809661566906
s04T4122,0.10723048891787675,0.005362000362043191,0.0,0.03434220596644391,0.0854559470790822,0.02345710443951689,0.01689052358063795,0.0,0.0,0.0,0.015165211895058383,0.0,0.0,0.0,0.0,0.10232215788719615,0.0,0.3697930157515098,0.0,0.0,0.0,0.0,0.0177770066228755,0.0,0.012731078817303022,0.04704721930123068,0.16242603937922537
s05T4122,0.219515948611789,0.0023237279001518366,0.0,0.035187028928487726,0.0684955969993304,0.024134314022364822,0.02339432760829697,0.0,0.0,0.00275080129335284,0.022578939682042685,0.0,0.00017162150053290023,0.0,0.0,0.04785405174312152,0.0,0.35014927281276514,0.0,0.0,0.0,0.0,0.0016254522934140616,0.0,0.00897695454784122,0.040086003231078374,0.1527559588254303
s06T4122,0.21981793314509074,0.0,0.0,0.041626246970611444,0.08272303682157141,0.008962738307647006,0.03375022743278143,0.0,0.0,0.0005958929308752431,0.016218952457788757,0.001258769288855312,0.0,0.020057390897798875,0.0,0.02275676518505593,0.0,0.32071277597477543,0.0009268334701500081,0.0,0.0,0.0,0.0081122502423476,0.0,0.019118267509446146,0.066614776924714,0.13674714244049074
s07T4122,0.3081777756303637,0.0,0.0,0.055737933003917495,0.07634090148188163,0.0008479721469136195,0.05776529424303631,0.0,0.003069686596471486,0.0,0.011611798249326063,0.01713332806825478,0.0,0.12562260553506016,0.0,0.0,0.0,0.023109830507460297,0.0,0.0,0.0,0.0,0.02355131081032178,0.0,0.060037306810078614,0.15407419912261883,0.0829200577942952
s08T4122,0.00022733908089863096,0.07412599250877853,0.6031710411187199,0.010105181083266091,0.0,0.0,0.0,0.0017575884135099325,0.0,0.0,0.0006614175552525328,0.29595110021319926,6.483504019561398e-05,0.0,0.0019137584397418128,0.0,0.0,0.0,0.00041983044968262116,0.0,0.0,0.00237556170071046,0.0,0.0,0.005947142395681279,0.0,0.0032792120003634056
s09T4122,0.10745346452177515,0.0,0.0433699305507973,0.40505005876485467,0.0029217738873842007,0.0,0.006943120823499137,0.04680603504524859,0.005339756029274484,0.0,0.008079551873378369,0.04441939981515496,0.00048090574148560556,0.0028706135845968455,0.06284909646189475,0.0,0.0,0.0,0.0,0.0025697056298137175,0.0,0.0,0.0,0.0,0.2004380924769071,0.0012040362065457953,0.05920445858738938
s10T4122,0.17982728485031643,0.0,0.009478919065333843,0.38114914798051014,0.034498730773431394,0.0,0.011262453055440429,0.047855896859639875,0.004469152402245995,0.0,0.027430718741342733,0.018299350788345815,0.00029961429933986135,0.0,0.09148988273079986,0.0,0.0,0.0,0.0,0.001805394690848571,0.0,0.0006622181612049488,0.0,0.0,0.11741564837581511,0.0010464754024755239,0.07300911182290953
s11T4122,0.13186870777705603,0.00206582989197807,0.03861151847498569,0.40630736434646464,0.03309810862371729,0.0,0.0005074180017689251,0.07942702153032886,0.022970928984149767,0.0007204877834190022,0.027949057825029003,0.037154705632862293,0.0011152996985350884,0.0,0.06048835032711024,0.0,0.0,0.0,0.0,0.0011669313740548803,0.0002721734348180902,0.0,0.0,0.0,0.09252370243813977,0.0,0.0637523938555825
s12T4122,0.019881882691822474,0.05844282928309773,0.010079871884238412,0.46901164893851927,0.04073687433180915,0.0003776479513629313,0.005040466621132724,0.10286271781289877,0.0077997076287051915,0.054618560620850465,0.048682454044816956,0.0044119833023605025,0.0,0.0,0.0,0.0,0.0,0.00042640839939178784,0.0,0.00021640919417890522,0.025388092355600245,0.0,0.0,0.024426024407450904,0.045880217233347044,0.0,0.08171620329841646
s13T4122,0.08738139706232034,0.0066111682424175025,0.0162531866173152,0.5014520572316762,0.024883715353741464,0.0,0.012914529734565963,0.05005021902156588,0.012132332871099173,0.004003911305368323,0.04996098080717298,0.014572280599694044,0.0018473204714955771,0.005468487588882888,0.04168997267301423,0.0,0.0,0.0,0.0,0.001853778802934708,0.0,0.0,0.0,0.007667645307894468,0.0857409031419859,0.0018559239417549913,0.07366018922510016
s14T4122,0.0,0.05596896075233145,0.0029135920121436784,0.3967487120870413,0.07528592043929944,0.0029087521159362403,0.009305388334880283,0.07898715131681837,0.0015984153802898868,0.07553142304551383,0.07101409566502007,0.0,0.0,0.0,0.0,0.004779840405727064,0.0,0.02282984479838768,0.0,0.0,0.033204229618806376,0.0,0.0007450744415904777,0.017805001617476737,0.030558455668568935,0.0007374009395190746,0.1190777413606492
s15T4122,0.08973654353676297,0.03770023839564865,0.0010975265884361149,0.18290564421670932,0.0980064942405082,0.007979923323540862,0.0185295354738929,0.04520808189646569,0.0005206566997234128,0.06737147257164972,0.0907817479258385,0.0,0.0005653374466290901,0.005514359493343928,0.0,0.013224303962348333,0.0,0.12403651302292694,0.0,0.0,0.00439172581704642,0.0008853192062109636,0.0,0.00971080784076815,0.0401184888228889,0.017267481651651224,0.14444779786700984
s02M4222,0.15170672835956495,0.0031834489781965443,0.0,0.04312217127254729,0.08997115320202437,0.0357146327410517,0.0008350574775044802,0.0,0.0,0.012982192267858761,0.01156151828574144,0.0,0.0,0.0,0.0,0.045733828211327224,0.0,0.3985595407955801,0.0,0.0,0.0,0.0,0.0,0.0,0.018970362648910444,0.023070908687726297,0.16458845707196632
s03M4222,0.0,0.0,0.0,0.04196464374708537,0.08399529680930667,0.0,0.04816799254588849,0.0,0.0,0.019445266559185242,0.02052613247503607,0.0,0.0,0.044197092768388783,0.0,0.017211275214923164,0.0,0.5348869289115336,0.0,0.0,0.0,0.0,0.0,0.0,0.006135256443327042,0.08574789145474217,0.09772222307058336
s04M4222,0.0,0.0033609269516069037,0.0,0.026347550373653075,0.03338758322147546,0.20254297668012766,0.0,0.0,0.0,0.11264025975851798,0.03414500479885711,0.0,0.0,0.0,0.0,0.027564757660206135,0.0,0.4414645855407991,0.0,0.0,0.0,0.0,0.0,0.0,0.0014470076890994625,0.0,0.11709934732565708
s05M4222,0.0,0.002605568231170152,0.00019018936744837368,0.02652941934065743,0.03646897176414808,0.1301997626842812,0.008107559021183557,0.0,0.0,0.06192612005672327,0.01051705942535429,0.0,0.0,0.0,0.0,0.09317898222573874,0.0,0.415068475685944,0.0,0.0,0.0,0.0,0.0,0.0,0.0014258636187596892,0.012504444857101706,0.2012775837214896
s06M4222,0.0,0.004617510817576125,0.0,0.050786494402916924,0.07014593237253838,0.08360789524500872,0.0,0.007710374401968891,0.0,0.1989746454754693,0.04386507573675787,0.0,0.0,0.0,0.0,0.060603424966245406,0.0,0.3352280257278095,0.0,0.0,0.0,0.0,0.009892326473791048,0.0,0.004641980833126026,0.0,0.12992631354679177
s07M4222,0.0,0.0,0.0,0.11844433130291433,0.040782608839332816,0.0,0.04818085846268571,0.0,0.0,0.0016895219581893625,0.05250305819159409,0.0019866976932413002,0.0,0.0895045400735331,0.0,0.0,0.0,0.285041455844584,0.0,0.0,0.0,0.0,0.09616843951083529,0.0,0.07106031535633882,0.14729881267535433,0.04733936009139674
s08M4222,0.0,0.07802832590973101,0.9214178526896928,0.0,0.0,0.0,8.662672431906372e-05,0.0,0.0,3.080706171073522e-05,0.0,0.0,0.0,0.00030340924141783015,0.0,0.0,0.0,5.796855108788105e-05,3.0416317922803502e-05,0.0,0.0,0.0,0.0,0.0,0.0,4.4593504117732074e-05,0.0
s09M4222,0.0,0.0,0.19736875922329805,0.24598552793407816,0.07021302465913959,0.0016184780730151844,0.0006897919396976955,0.13938497942247532,0.0902026142402081,0.006179339384835113,0.09236100747957908,0.012877239872979429,0.0,0.0,0.0,0.0,0.00042284227230366544,0.009839130060499093,0.0,0.0,0.0,0.0,0.0,0.0,0.10651331265995272,0.002162980714727553,0.02418097206321137
s10M4222,0.0,0.0,0.007788748351871031,0.3484065820820974,0.09050779410525124,0.0,0.0038218868572264587,0.11053249945541092,0.04561298876635129,0.0,0.25396371564696124,0.0,0.0,0.0024253754810494204,0.0,0.0,0.0,0.03169348187986847,0.0,0.000100795355509406,0.0,0.0,0.0,0.0,0.09264749588081965,0.004772387542214773,0.007726248595368672
s11M4222,0.0,0.0,0.013364345259146973,0.4799398879363897,0.05279657754355221,0.0,0.007082248771140597,0.1039046018078035,0.049284609198013106,0.0,0.12067794445011631,0.0,0.0,0.0050117064812820996,0.0,0.0,0.0,0.0,0.0,0.0011399119925738894,0.0,0.0,0.0,0.0,0.13531810472215333,0.00814073603905538,0.023339325798772903
s12M4222,0.0,0.0,0.012092569115127827,0.4704328249084715,0.006346933293753455,0.0,0.0,0.08610940940550676,0.038841973130841756,0.053220786755152,0.20851805750583638,0.0,0.0,0.0037532086345513564,0.0,0.0004678111096596652,0.0,0.04169912883595103,0.0,0.0,0.0,0.0,0.0024654415433006346,0.0,0.0576147496743189,0.0007330975019353129,0.01770400858559351
s13M4222,0.0,0.0,0.0020782627337789243,0.3150019222333348,0.0354609767285508,0.0,0.0,0.10768629670089744,0.050510044050558464,0.05300716871196291,0.3468957523905837,0.0,0.0,0.0003534929871301503,0.0,0.0,0.0,0.05576452959940479,0.0,0.0,0.0,0.0,0.0,0.001355108704078956,0.031886445159718994,0.0,0.0
s14M4222,0.0,0.0,0.0,0.2773491142776397,0.08445908787264252,0.0,0.0,0.10761826096284369,0.011875771618184911,0.09833948764854229,0.21728171942671456,0.0,0.0,0.0,0.0,0.0,0.0,0.1693999524918681,0.0,0.0,0.0,0.0,0.0,0.0,0.009973308065928612,0.0,0.023703297635635667
s15M4222,0.2802379277106653,0.0,0.0,0.1964068190634274,0.08545410842964703,0.0024886657098851413,0.02607993026151118,0.05290571794470393,0.0025846359332063334,0.006125801526963142,0.09448935961105762,0.0,0.005133893197827694,0.012208302702885695,0.0,0.0,0.0,0.043601012424381164,0.010216007067542695,4.6913153324648635e-05,0.006009856068677148,0.004488037108708131,0.0,0.010196892898310541,0.028070737868472355,0.040399300446752176,0.09285608087205045
s01X4222,0.40490426322559564,0.0,0.0,0.027525429985089778,0.0003283715983962409,0.027854305692360692,0.01415663981293341,0.0,0.0,0.0,0.05250059627610552,0.0003118954932730206,0.0,0.0071317596924691026,0.0,0.0,0.0,0.22738619455700798,0.02213436447276664,0.0,0.0,0.0013200484855702503,0.10875999601395282,0.0,0.007489216844144478,0.07097698753131348,0.02721993031902101
s02T4222,0.0,0.003936966621278189,0.0,0.014583948917167959,0.03294987371854368,0.0,0.005416210074509373,0.0,0.0,0.0,0.002519618566231455,0.0,0.0,0.005098270198371097,0.0,0.07932419752992174,0.003520295057720769,0.7518086305587622,0.0,0.0,0.0,0.0,0.0031646628017562056,0.0,0.0044517928202658956,0.06577148839964791,0.027454044735823687
s03T4222,0.0,1.8225576939420835e-05,0.00020545909200014005,0.020327981174882218,0.047657214472876124,0.0,0.005914367007297782,0.0,0.0,0.008064651839405078,0.010169361377801037,0.0,0.0,0.00565493985186613,0.0,0.013951989454653023,0.0,0.7875052946989584,0.0,0.0,0.0,0.0,0.015446070310315002,0.0,0.00025748509704134404,0.06746469021918182,0.017362269826782625
s04T4222,0.13225433299874928,0.0016753789831887333,0.00018041507824922534,0.03346761993866097,0.05209936062459647,0.09367912870734854,0.0,0.0,0.0,0.018900638263358648,0.023167734686718053,0.0,0.0,0.0,0.0,0.04520684820721079,0.0,0.4421895031131365,0.0,0.0,0.0,0.0,0.03218350380016888,0.001276246333448562,0.006188204035159253,0.018144597202706066,0.0993864880273
s05T4222,0.0,0.0027783260751156097,0.00019930106146486367,0.019341814605713676,0.0,0.16568473625754512,0.0,0.0,0.0,0.0,0.013387361307006171,0.0,0.0,0.0,0.0,0.0700442743293153,0.0,0.6850269738981749,0.0,0.0,0.0,0.0,0.0,0.0,0.0008576096258622081,0.013251754437728214,0.029427848402074026
s06T4222,0.2291050702367035,0.000840727203887799,0.002281090086955982,0.010442861708052467,0.019142877140934267,0.05426779382719508,0.002945171186633566,0.0,0.0,0.02116470073122344,0.020932546301382617,0.0013382527731851956,0.0,0.0,0.0,0.003828037690520094,0.0,0.15717275668881014,0.02701654532515174,0.0,0.0,0.0,0.4172110228124907,0.0,0.0014088099147410323,0.0068027216262439615,0.02409901474588853
s07T4222,0.43135069321134506,0.005315872363349599,0.0009724660732292742,0.053842423731975154,0.0449695154589309,0.005855862289517571,0.04937125124768321,0.0,0.0,0.005308654000286769,0.009625186489720279,0.007230410714083312,0.0,0.06612192810133577,0.0,0.0,0.0,0.0029779688099020574,0.032624135858966015,0.0,0.0,2.480591722566197e-05,0.0,0.0,0.013855018952578475,0.18705715838289774,0.08349664839697313
s08T4222,0.0,0.03654122714976865,0.9565232255364517,0.0,0.0,0.0,0.0,0.0,0.0,0.0,0.0,0.0,0.0,0.0,0.0011487856591299171,0.0,0.0,0.00014244049177701874,0.0,0.0,0.0032056681606665123,0.0,4.550398202488727e-07,0.0,0.0,2.010800235243467e-07,0.002437996882362384
s09T4222,0.0,0.0,0.353431047247074,0.14455427021688855,0.055681539560268,0.0,0.0,0.16462928527087137,0.07158173300817254,0.0,0.0383570657743587,0.0971313017664867,0.0,0.0,0.0,0.0,0.0,0.0,0.0,0.0,0.005814900992525459,0.0,0.0,0.0,0.06881885616335473,0.0,0.0
s10T4222,0.0,0.0,0.01031211573250702,0.3255049325476406,0.12056930426047084,0.0015198050399223468,0.0,0.18521660875320886,0.06873824052956548,0.027774219324321194,0.1377979171188972,0.0,0.0004792833249076021,0.0,0.0,0.0017002819225960103,0.0,0.02151135328252495,0.0,0.0,0.0,0.0,0.0,0.0,0.09290995441144916,0.0032296363851162854,0.002736347366872548
s11T4222,0.00877484596694399,0.0,0.01948325779585905,0.420184864423058,0.054763789232764745,0.0,0.0016429489198061945,0.09215284794270603,0.03688317387618898,0.0,0.1369456828966347,0.0003422245290756366,0.0,0.0036640867709893925,0.0,0.0,0.0006775515281401892,0.003399225024146171,0.0,0.0006064631238190865,0.0,0.0,0.0,0.0,0.21126328874594555,0.009215749223922366,0.0
s12T4222,0.0,0.0,0.02746316529604124,0.43872780715273413,0.07426992469259466,0.0,0.00022782500279116974,0.1135434348680002,0.039172624756905,0.0,0.11063147623936612,0.004828130709529099,0.0,0.0022183390894913563,0.0,0.0,0.0009475337945622115,0.0,0.0017107721646985753,4.99407611196502e-05,0.0,0.0,0.025861751982155543,0.0,0.15309370948857884,0.007253564001432172,0.0
s13T4222,0.0,0.0,0.01287430530560562,0.4541471956045486,0.07524981038767962,0.0,0.00025331979564466143,0.1115664718046857,0.028757009496607783,0.027983466954965015,0.2002812243252613,0.0,0.0003786121898170447,0.0012343062690618834,0.0,0.0,0.0,0.03846947533015324,0.0,0.0,0.0,0.0,0.0,0.0002860181876992099,0.04419222875125808,0.0031147895444828817,0.0012117660525293732
s14T4222,0.0,0.008483414825113157,0.0013545167672956112,0.3977810597930725,0.10835113330604519,0.0009727167288183617,0.0,0.14047210317455064,0.0341528449016476,0.014766852129919284,0.1508809950827062,0.0,0.00018732608061062392,0.0,0.0,0.00035281961262900946,0.0,0.10308903709258672,0.0,0.0,0.013863557567350424,0.0,0.0008557098969034275,0.0,0.013095924322755569,0.0,0.011339988717995568
s15T4222,0.0,0.0,0.0,0.37437121880018354,0.026407827635467923,0.0,0.004481472930435883,0.023868613322582374,0.0,0.05383485604381732,0.2163332337084351,0.0,0.001791579311446957,0.003025650390632687,0.0,0.013876314839363989,0.0,0.21787368499572762,0.0,0.0,0.0,0.0,0.0,0.0,0.03054963522265226,0.013942465907202994,0.019643446892051192
s02M4322,0.0,0.0,0.0,0.0021935786249212197,0.0,0.07822765695666897,0.0,0.0,0.0,0.0,0.0466111120282456,0.0,0.0,0.0,0.0,0.04228740678381742,0.0,0.8024336619084544,0.0,0.0,0.0,0.0003438029228623053,0.0,0.0,0.0031118465402311447,0.024790934234798896,0.0
s03M4322,0.0,0.0010376206976052565,0.0005982903970976612,0.013237717206738853,0.0,0.04151529571110964,0.0,0.0,0.0,0.0,0.04337195172152555,0.0,0.0,0.0018147119615717572,0.0,0.03409080475854904,0.0,0.750353309518052,0.0,0.0,0.0,1.1923963123493667e-05,0.0,0.0,0.009814979659980502,0.10037033600683093,0.0037830583978154713
s04M4322,0.07562065935477114,0.006107922225614228,0.0,0.049793283812092075,0.027379202495784138,0.021032814337624023,0.0017490312423135705,0.0022460365916627412,0.0,0.010335765947704143,0.04974495186335718,0.0,0.0,0.0014186999546764462,0.0,0.0601828581633674,0.0,0.5556388096580369,0.0,0.0,0.0,0.0,0.0030973758564267085,0.0,0.015543186640526379,0.0882098648711614,0.03189953698488167
s05M4322,0.26140970179590256,0.0032185468843414396,0.0003271410097494884,0.040022459663790914,0.026129783083931643,0.01243502313456343,0.0,0.0034076067702964764,0.0,0.005937128650241308,0.04243773808700726,0.0,0.0,0.0,0.0,0.11676751193463156,0.0,0.3907809805186365,0.0,0.0,0.0,0.0,0.02838737635938822,0.0,0.004442103228489639,0.0406867983673758,0.023610100511653735
s06M4322,0.12403116306496752,0.0,0.0,0.06036427682452697,0.014718701825933586,0.009887018437516337,0.0,0.004134465169041193,0.0,0.030880707382490616,0.06540588771353734,0.0,0.0,0.0,0.0,0.06023377176114527,0.0,0.4797453247493601,0.0,0.0,0.0,0.0,0.11524730792171017,0.0,0.0015471483693526875,0.01639997239636555,0.017404254384052725
s07M4322,0.1938853113887861,0.0,0.0,0.10650051184699647,0.02651512436130254,0.0,0.013747195218624858,0.015548734442116468,0.0,0.0003112175251089978,0.08922369771139402,0.0,0.0,0.01816364897052168,0.0,0.0,0.0,0.10259024694243991,0.002494012097267554,0.0,0.0,0.0003586768552445527,0.025210168173398974,0.006112537347102762,0.12336434488701942,0.2559961737075147,0.019978398525160947
s08M4322,0.0,0.008823159504685549,0.8968004954822073,0.0,0.0,0.0,0.0,0.0,0.0,0.0,3.234504060409941e-05,0.06350256331350715,0.0,0.0,0.0,0.0,0.02794147790609635,0.0,0.0,0.0,0.0,0.0,0.0,0.0,0.00031885174735283477,0.0,0.0025811070055465454
s09M4322,0.13234543760623552,0.001609645723907238,0.010360399384393648,0.41077962006896157,0.010132898487012444,0.0,0.0,0.041300427716992875,0.0005587093417710402,0.008583364918982652,0.044778243415417036,0.014764675660074915,0.003233578073533708,0.0,0.0,0.0,0.00030435473685471717,0.03974221925018972,0.0,0.00034697585494283426,0.0,0.0,0.0,0.0,0.2660326421857105,0.00734137521736633,0.007785432357653292
s10M4322,0.009507627914987686,0.005847307756380903,0.00584618159765887,0.4196918917652617,0.025539907525895526,0.0,0.0019919058690890056,0.038012039157127434,0.0006400026362442249,0.042895309466060544,0.13806691197881357,0.0035007420603103447,0.018852702401185674,0.0,0.0,0.0,0.0006269803640272773,0.08283301810168228,0.00042619191103864375,0.0,0.0,0.0,0.0014806268466732622,0.007415320380193978,0.15231315815647822,0.014470578071468572,0.0300415960394222
s11M4322,0.0,0.0006125089982790848,0.008951571092798587,0.45640155024727563,0.01436894239722492,0.0,0.0,0.03849874355623603,0.0046204890096049386,0.11837913903352743,0.11054392570691515,0.010368598244590741,0.009992521158222549,0.0,0.0,0.0,0.00027022694868424193,0.08697491114967346,0.0,0.0003360241780201442,0.0,0.0,0.0,0.0,0.12129515369422399,0.005210212693205428,0.013175481891517607
s12M4322,0.0,0.018336169652316475,0.0,0.3861961795511679,0.0596679745187076,0.0,0.0,0.06931184027637942,0.0,0.14584598786040368,0.09352051871991744,0.0,0.005897473168441236,0.0,0.0,0.0,0.0,0.18214415503798104,0.0,0.0,0.0,0.0,0.0,0.0,0.01815588357936021,0.0,0.02092381763532504
s13M4322,0.0,0.003687539994791453,0.00045699088066295906,0.4413503887619358,0.08038331954452502,0.0,0.0,0.09401375287552177,0.015096066473941029,0.06144786914531844,0.131930324826776,0.0,0.012881531205460449,0.0,0.0,0.008330683844163968,0.0,0.090861845073367,0.0,0.0,0.004987796842863769,0.0,0.00068539838807873,0.0,0.03263286053114783,0.0003650034833278142,0.02088862812811803
s14M4322,0.0,0.014675159981555651,0.0007804286014740184,0.34078991423500316,0.09274485018365193,0.00703161128617736,0.0,0.11947981754686773,0.00799210183443916,0.20504634542971262,0.029165917797076953,0.0,0.012746116523762037,0.0,0.0,0.017728731902959892,0.0,0.07602751501646962,2.1503845668681147e-05,0.0,0.0,0.0,0.004045852103222251,0.0,0.011483501291289616,0.0,0.06024063242066926
s15M4322,0.0,0.004562933647039377,0.0006236859341729417,0.28664903813328235,0.045878648013459325,0.0,0.0,0.031967305028414335,0.0,0.10098279756776499,0.0985117921265677,0.0,0.011052633011279678,0.0,0.0,0.042999657644147746,0.0,0.2768987818298716,0.0,0.0,0.0,0.0,0.0,0.00035346268059875826,0.05017777443251276,0.009096789180210826,0.0402447007706776
s01X4322,0.0,0.0,0.0,0.013919370945218048,0.0,0.0,0.003468440732775935,0.0,0.0,0.0005285571352685208,0.003962173579954084,0.0,0.0,0.04502098372235402,0.0,0.03126319706022044,0.0,0.26370786569990395,0.0,0.0,0.0,0.0,0.0,0.0,0.26664489454825274,0.359027934491949,0.01245658208410335
s02T4322,0.0,0.002106753061948714,1.3985912773417162e-05,0.018432945848891623,0.01738222961477996,0.0,0.03504688738976119,0.0,0.0,0.007267740678014277,0.0020704052108930187,0.0,0.0005991585303915187,0.41968664096736374,0.0,0.038182221660119996,0.0007181263206347732,0.16618142318672094,0.0,0.0,0.0,0.0,0.0,0.0,0.030743581874387277,0.057692418273859104,0.20387548146946036
s03T4322,0.0,0.006820892204306741,0.0,0.006504583649352392,0.023696390866827403,0.0,0.02980073382810708,0.0,0.0,0.010005375215973713,0.0018525616915169671,0.0,0.0,0.34820513901751593,0.0,0.01745405176168689,0.0,0.20646059944715556,0.0,0.0,0.0,0.0,0.016020397656646746,0.0,0.009858861508708853,0.04839322979707876,0.2749271833551231
s04T4322,0.0,0.008011326094753008,0.0,0.007107675460377759,0.02257573528422978,0.0,0.036277667435265434,0.0,0.0,0.005492350947010401,0.0,0.0,0.0,0.658798754575929,0.0,0.0,0.0,0.0,0.0,0.015237244845829742,0.0,0.00031775078749103505,0.0012181302642182423,0.0,0.0008326355094011291,0.007999548801392172,0.23613117999410238
s05T4322,0.0,0.0,0.0,0.02374761228504156,0.0,0.0,0.0513744022446959,0.0,0.0,0.0010559257860739413,0.0,0.002630310671889327,0.0,0.5258838702795839,0.0,0.0,0.0,0.0,0.0,0.009667568752118416,0.0,0.0,0.0,0.0,0.0,0.013882496575008176,0.3717578134055888
s06T4322,0.0,0.0,0.0002669325126639931,0.01370949357799829,0.0,0.0,0.031624271263548207,0.0,0.0,0.0072256044804587145,0.0,0.0,0.0,0.6140003550881671,0.0,0.0,0.0,0.006287542898099916,0.0,0.017869588108666682,0.0,0.0,0.021074267022549893,0.0,0.0,0.0,0.28794194504784726
s07T4322,0.0,0.0,0.0,0.0,0.0060033258073423305,0.0,0.04034992272858252,0.0,0.0,0.0006911919666223965,0.0,0.0,0.0,0.806534495987156,0.0,0.0,0.0,0.0,0.0,0.0,0.0,0.0003614076684985133,0.0,0.0,0.0,0.02238434840709104,0.1236753074347073
s08T4322,0.0,0.030898715970368924,0.841425389489564,0.0,0.0,0.0,0.0,0.0,0.0,0.0,0.0003977948815081405,0.10233951471154384,0.0,0.0,0.0,0.0,0.02493858494701512,0.0,0.0,0.0,0.0,0.0,0.0,0.0,0.0,0.0,0.0
s09T4322,0.0,0.011258669829801112,0.01935252208449324,0.20492270255528341,0.12774513702322104,0.0024596061083743087,0.0,0.1829059739662806,0.06473339936487689,0.005309213129783571,0.1049533562846377,0.03347468083879942,0.008204442011977151,0.0,0.0,0.0,0.009019393866069944,0.04677695756053311,0.0,0.0,0.0,0.0,0.0,0.0,0.17888394537586844,0.0,0.0
s10T4322,0.0,0.0,0.005304094059404473,0.3915914596597271,0.07664867895404492,0.0,0.0,0.10968501986437598,0.02824861772997322,0.0,0.20580428860042682,0.0,0.010550579871109607,0.0,0.0,0.0,0.0,0.04600334579284774,0.0,0.0,0.0,0.0,0.0,0.0,0.12083274379315462,0.005331171674935562,0.0
s11T4322,0.0,0.0,0.05804311635017639,0.1780714223583739,0.11833513776041468,0.0037070276143531104,0.0,0.1620443861875359,0.08302425912609815,0.0008029101851047667,0.11890650299681846,0.10027883261024047,0.007742417341828795,0.0,0.0,0.0,0.008958570626495046,0.015149579365974782,0.0,0.0,0.0,0.0,0.0,0.0,0.1449358374765857,0.0,0.0
s12T4322,0.0,0.005052977006922453,0.005512618668459109,0.18008191405234336,0.10471555050822733,0.0,0.0,0.15060527275404806,0.04132599441813322,0.17988721611548808,0.16535568025363132,0.006838493493145775,0.005520476475171876,0.0,0.0,0.0,0.0008057418757955187,0.12074089359438607,0.0,0.0,0.0,0.0,0.0,0.0,0.033557170784247844,0.0,0.0
s13T4322,0.0,0.0,0.0014842437656848106,0.3017244034271864,0.11519683560348894,0.0,0.0,0.12372440518217255,0.0378454882191523,0.053333726324701916,0.21036576708311613,0.0,0.016607499146686137,0.0,0.0,0.0,0.0,0.06993281620410924,0.0,0.0,0.0,0.0,0.0010679207461834176,0.0,0.06871689429751823,0.0,0.0
s14T4322,0.0,0.000832868814286102,0.0003630612918253032,0.23742627277093645,0.12169579673529009,0.0,0.0,0.09550272727597728,0.00526642374133075,0.12061200670317579,0.1183924300650096,0.0,0.01385032952961214,0.0,0.0,0.0,0.0,0.23864986160670965,0.0,0.0,0.0,0.0,0.0,0.0,0.01964370761286663,0.0,0.027764513852980326
s15T4322,0.0,0.0,0.0,0.021790217084995216,0.003726276776314423,0.0,0.03416568591592823,0.0,0.0,0.0005414180742728815,0.005801099601892314,0.0,0.0,0.7714555206245649,0.0,0.0,0.0,0.01273589706227989,0.0,0.001661687756231427,0.0,0.0,0.0,0.0,0.007200187444606056,0.0138191080518358,0.1271029016070788
s02M4422,0.0,0.005823701353445002,0.0007918230544446401,0.014727281014897238,0.002261397408217847,0.0020933185161595,0.02575917828859016,0.0,0.0,0.027554571541881567,0.0013823309371469078,0.0,0.0,0.41993725897469913,0.0,0.0,0.0,0.05276415680273484,0.0,0.00123109946796188,0.0,0.0,0.0,0.0,0.0,0.0010781301544254978,0.4445957524853958
s03M4422,0.0,0.0,0.0003295227886228181,0.012077056561446222,0.0,0.0,0.027541750687417522,0.0,0.0,0.008321111385204227,0.0011887921058913653,0.0,0.0,0.5395427928950791,0.0,0.0,0.0,0.04541546778609089,0.0,0.0016293093802690246,0.0,0.0,0.06397117750124623,0.0,0.0,0.003430149477477629,0.296552869431255
s04M4422,0.0,0.01406273628108016,5.73784877315704e-05,0.005475238072567399,0.007096865811385611,0.0006632584877960123,0.0232838088311496,0.0,0.0,0.010655754421277808,0.002243644763485164,0.0,0.0,0.3077723302578174,0.0,0.0,0.0,0.0286441259730564,0.0,0.0,0.0,0.0,0.053846922875090915,0.0,0.0,0.009926829958609766,0.5362711057789522
s05M4422,0.0,0.003810288809025017,0.0019386753368239903,0.017492993661133504,0.0,0.0,0.020189069511871282,0.0,0.0,0.019488416117321924,0.004299815009163053,0.0,0.0,0.29427484756061034,0.0,0.0,0.0,0.053102931223017,0.0,0.0,0.0,0.0,0.01998072409100678,0.0,0.0,0.0,0.5654222386800271
s07M4422,0.0,0.0,0.0,0.009063077564924329,0.015415236338927317,0.0,0.04003688660817671,0.0,0.0,0.005057152374608324,0.0007586146850794473,0.0003404178003072905,0.0,0.739274206770086,0.0,0.0,0.0,0.01018744418797532,0.0,0.0,0.0,0.00026671266254939865,0.00031009334827833055,0.0,0.0,0.014857106189156434,0.16443305146993095
s08M4422,0.0,0.0,0.9429124602630626,0.0,0.0,0.0,0.0,0.0,0.0,0.0,0.0,0.005097190672922264,0.0,0.0,0.00029222797144943104,0.0,0.05137305903479081,0.0,0.0,0.0,0.0,0.0,0.0,0.0,3.271499834901806e-05,0.0,0.00029234705942597427
s09M4422,0.0,0.0,0.09388103117049884,0.30675119146547014,0.029375015459196754,0.0,0.0,0.17105162642155614,0.08914426052401057,0.0,0.10234661101208035,0.0444743999170379,0.0,0.0,0.0,0.0,0.001981717275308845,0.0,0.0,0.0,0.0014513139129504315,0.0,0.0,0.0,0.1595428328418899,0.0,0.0
s10M4422,0.0,0.0,0.0,0.2540357608143108,0.1092189790232416,0.0,0.0,0.16645242409535846,0.03602011637972486,0.06372536000483464,0.1597362927500797,0.0,0.005141430254270365,0.05498239768102396,0.0,0.0017721951954962974,0.0,0.043426529080074966,0.0,0.0,0.0,0.0,0.0,0.0,0.08958942714193512,0.002482573638102747,0.01341651394154671
s11M4422,0.0,0.0,0.023822800866090926,0.19759110983374834,0.11267327925888102,0.0007153372254204599,0.0,0.1984310882415174,0.05208170286337291,0.06064076198000813,0.24067039031249174,0.0,0.00895998245096019,0.007748856412805094,0.0,0.0,0.0,0.017908557010216812,0.0,0.0,0.0,0.0,0.00035522024946664824,0.0,0.07840091329502029,0.0,0.0
s12M4422,0.0,0.0,0.0046276235694625275,0.23144443339907259,0.08074656912573777,0.0,0.0,0.1444456394947473,0.04225336975895438,0.11135731687310578,0.2032159321718118,0.0,0.014238118309370178,0.027632578693210313,0.0,0.0,0.0,0.07407670303787063,0.0,0.0,0.0,0.0,0.0023935808239724295,0.0,0.06260466744990104,0.0,0.0009634672927831464
s13M4422,0.0,0.0,5.041795087106464e-06,0.3510748992095588,0.042796729169852624,0.0,0.00032835451293952944,0.08365919845682165,0.010289800729375714,0.052455940690049635,0.22955444111484458,0.0,0.013815055415602167,0.06959273313752262,0.0,0.0,0.0,0.05879900738552706,0.0,0.0,0.0,0.0,0.0011023826032558331,0.0,0.06406102837238077,0.0008535110131457066,0.021611876394036313
s14M4422,0.0,0.0,0.0,0.2635269456093901,0.026470326352970478,0.0,0.009553010868829754,0.03611002172848213,0.0,0.05209927970955126,0.09029912453592931,0.0,0.016697028299331906,0.20254023342748922,0.0,0.007766567583107171,0.0,0.10874984988642618,0.0,0.0008510290015764279,0.0,0.0,0.0006111725454168679,0.0,0.018167115187469683,0.0074914402161139005,0.15906685504791568
s15M4422,0.0,0.0,0.0,0.04536012834686656,0.0,0.0,0.028512755441924297,9.905887221537974e-05,0.0,0.004099316656137928,0.007102005899091886,0.0,0.0,0.6661869708564568,0.0,0.0,0.0,0.01588259805993328,0.0,0.002706644756740082,0.0,0.0,0.0,0.0,0.000840927938262556,0.00116294970872577,0.22804664346364553
s01X4422,0.029578405241465638,0.0,0.0,0.005130207884075999,0.0,0.03700771604482236,0.0,0.0009957812113741864,0.0,0.0,0.01746030192139083,0.0,0.000806507757975196,0.009315166479299489,0.0,0.0,0.0,0.7643853431535393,0.0,0.0,0.0,0.000218855656883175,0.0,0.0,0.011719332947486309,0.11169577896731721,0.011686602734370263
s02T4422,0.0,0.0014273978501563177,0.0006038444024450615,0.03500359338547129,0.0,0.0013079174894419982,0.0057306867846770495,0.0,0.0,0.01639757918266507,0.011757786882981167,0.0,0.0015160787864360327,0.21595811829822914,0.0,0.024162592510209708,0.0,0.3687002492507019,0.0,0.0,0.0,0.0,0.0,0.0,0.0035679670760402045,0.06839400303209815,0.245472185068447
s03T4422,0.0,0.0042260331238313555,0.00017213685956719987,0.03219219532854103,0.0,0.0,0.008154701486040371,0.0,0.0,0.009698733162857595,0.01672518966583664,0.0,0.0,0.22220965838588458,0.0,0.0,0.0,0.37840032007194746,0.0,0.0,0.0,0.0,0.0,0.0,0.001934253973876582,0.08423659938815797,0.24205017855345917
s04T4422,0.0,0.005377643619351361,0.0005713558014362696,0.04691098163549438,0.002218313929040794,0.00069461228624202,0.01047826900381131,0.0,0.0,0.024177457725244475,0.014902186678770014,0.0,0.0,0.15709514124549473,0.0,0.029132249692343085,0.0,0.2881115610233428,0.0,0.0,0.0,0.0,0.0012002810276015056,0.0,0.00377408837393391,0.05059172277124911,0.36476413518664413
s05T4422,0.0,0.00950847104272195,0.0,0.023437541504460594,0.027299163174433577,0.002990391252272329,0.0007258350256741869,0.001126338901031417,0.0,0.03328516588253758,0.014640533855811719,0.0,0.0,0.030119274591507896,0.0,0.1221970644067879,0.0,0.3130794616443599,0.0,0.0,0.0,0.0,0.0,0.0,0.0007408272050195498,0.015225700275700206,0.40562423123768115
s06T4422,0.0,0.0137889801573356,0.0,0.03456275977250002,0.013763415703347907,0.012400043227710739,0.0,0.0025457910673418517,0.0,0.08571895191001189,0.034984208752287235,0.0,0.0,0.0,0.0,0.029808286309761813,0.0,0.3720178631987708,0.0,0.0,0.0,0.0,0.0,0.0,0.001954710199688203,0.0014831657650909978,0.3969718239361529
s07T4422,0.14485537917669947,0.0084548918984487,0.0,0.033089842628227555,0.023575662114635947,0.0026961679630905034,0.014011099531799413,0.0010349401095434078,0.0,0.009129695030578765,0.015533226966446538,0.0013425851244044682,0.0033118318475809185,0.35270705578937245,0.0,0.0,0.0,0.1021570777138917,0.0,0.0,0.0,0.0,0.004106690535998853,0.0,0.02552128094309418,0.037620837021151855,0.22085173560503535
s08T4422,0.0,0.9023301214207822,0.07298057273042606,0.0,0.0032535159976016755,0.0,2.2359646684846322e-05,0.0,0.0,0.0,0.0003007404598148609,0.021112689744690414,0.0,0.0,0.0,0.0,0.0,0.0,0.0,0.0,0.0,0.0,0.0,0.0,0.0,0.0,0.0
s09T4422,0.012419500794745346,0.032626009485475616,0.043529671508955176,0.19365463133456334,0.055238651428862424,4.8514631045966285e-05,0.0,0.10342988863379823,0.06570597316476098,0.0,0.028280424864327174,0.16678246046587203,0.0,0.0,0.0,0.0,0.00018828169335787537,0.0,0.0,0.0,0.0,0.0,0.0,0.0,0.29809599199423575,0.0,0.0
s10T4422,0.07105130462599223,0.0,0.0025720614513674847,0.2780893473241214,0.09610687011531768,0.0,0.0,0.1175234382419785,0.02682965402875792,0.020812025923765024,0.092080390367163,0.0,0.006531232048944925,0.007181746126063931,0.0,0.005240783858973837,0.00022349927394355534,0.0539049986039921,0.0,0.0,0.0,0.0,0.0,0.004934947496185415,0.2041667573093736,0.0009650328815973605,0.011785910322462095
s11T4422,0.05144764205257077,0.0018010665316626289,0.007659887295072722,0.23348925768490253,0.12148077528446978,0.0013483770168363372,0.0,0.13582860796050894,0.05382427465791024,0.009226367556416988,0.08761399258334501,0.020312934733642006,0.0057186916197826945,0.0034104002180651454,0.0,0.0,0.0009180348424755597,0.023925196764331864,0.0,0.0,0.0,0.0,0.0,0.0,0.24073041787829336,0.0,0.0012640753197133315
s12T4422,0.04379226425510237,0.01372729111294699,0.0017975170538456853,0.3198996216202139,0.10390485568537396,0.0,0.0,0.12451311898696689,0.018105456059434817,0.05877114735673179,0.09359284694271817,0.0,0.007758446158824775,0.008712006626788012,0.0,0.0,0.0,0.08999926994872812,0.0,0.0,0.0,0.0,0.0,0.007103320186670274,0.0911838462120491,0.00016073078567866337,0.01697826100792663
s13T4422,0.0,0.004077923710468424,0.0019818677361362245,0.34839133892541313,0.07348908358120611,0.0,0.0,0.08299763971249458,0.01157801086413566,0.07212202420370484,0.09689733674202239,0.0,0.00821326395015133,0.011772762171025514,0.0,0.0,0.0,0.1377191053741206,0.0,0.0,0.0,0.0,0.0,0.0013338841746121204,0.13506540254989718,0.0002850121555108633,0.014075344149100937
s14T4422,0.0,0.002089851640875393,0.0007524947699115807,0.3919112665431492,0.060368837520052177,0.0,0.0,0.06581910957765905,0.0,0.061481222520504426,0.11594606633473246,0.0,0.006278945643743637,0.020395715924906337,0.0,0.0020220280273003303,0.0,0.18176164630680555,0.0,0.0,0.0,0.0,0.0,0.006138959542847474,0.026144671882327324,0.0024621017106864285,0.056427082054498666
s15T4422,0.0,0.0,0.00011898218790938883,0.0686868030036356,0.0015269779438656776,0.0,0.015423573933897027,0.0019288595904139061,0.0,0.03739095996149714,0.0327504060330881,0.0,0.002220163763902219,0.3653819870543438,0.0,0.004258788447237538,0.0,0.2288770449645542,0.0,0.0,0.0,0.0,0.0,0.0,0.022740548448020825,0.041562303215942814,0.17713260145169174
s02M4522,0.10626659509487474,0.0,0.0,0.01327406952020646,0.0,0.011245366853984855,0.004792117929987292,0.0,0.0,0.006480126211414763,0.007025916412701242,0.0,0.0,0.07930127501383742,0.0,0.08478126695938121,0.0,0.3533953093761013,0.0,0.0,0.0,0.0,0.06211294421110667,0.0,0.008707081616693443,0.09389745917617953,0.16872047162353102
s03M4522,0.06248423219967037,0.0,0.0,0.01194662263110896,0.010083516815611591,0.02273701413352466,0.0,0.0,0.0,0.017324578041887286,0.015810879828625394,0.0,0.0,0.025816992288373437,0.0,0.10404224918552694,0.0,0.555641224105428,0.0,0.0,0.0,0.0003070475344774086,0.0,0.0,0.0,0.03483442153000623,0.13897122170575968
s04M4522,0.23924266349449505,0.005884466007334502,0.00035447097751483336,0.021070647497140615,0.0030684077300556886,0.0,0.0009285616145393655,0.0,0.0,0.007626625900439492,0.007454549216769168,0.0,0.0,0.07729463763008566,0.0,0.0,0.0,0.14210347266456222,0.0,0.0,0.0,0.0,0.0,0.0,0.008964838451124064,0.04792681269468567,0.43807984612125367
s05M4522,0.03320930227505822,0.0064737553849350486,0.0005784333636645327,0.03160708753010121,0.0,0.0022180189035877996,0.00482037353123099,0.0,0.0,0.012021321857978046,0.005994083902692398,0.0,0.0055815690012522194,0.25080376676355914,0.0,0.04094517681439866,0.0,0.12675650132997338,0.0,0.0012612286204087698,0.0,0.0,0.0,0.0,0.016342213303253684,0.0719350228581726,0.38945214455973326
s06M4522,0.2098051784177599,0.002340354139224412,0.0009689141135734472,0.026086719477423706,0.0,0.0,0.006943807532781257,0.0,0.0,0.006502047929370607,0.002326483324172617,0.0,0.0015910180206709847,0.20385335330353274,0.0,0.00467464541308073,0.0,0.06234480028263066,0.0,0.0011466314517236248,0.0,0.0,0.0033707155158867346,0.0,0.017074547681398978,0.06797389435556216,0.3829968890412075
s07M4522,0.0,0.0,0.0002107242121151345,0.036992914383216516,0.0,0.0,0.0036928259020437585,0.0,0.0,0.01415335518294931,0.025274269998988623,0.0,0.0,0.38071259435579535,0.0,0.0,0.0,0.24824536012827897,0.0,0.0001519955704781341,0.0,0.0,0.0,0.0,0.004143058631675755,0.09837005200313455,0.1880528496313238
s08M4522,0.0,0.9372645200404416,0.054495962304950886,0.0,0.004923470470084388,0.0,0.0,0.0,0.0,0.0,0.0001759112350270782,0.003140135949496212,0.0,0.0,0.0,0.0,0.0,0.0,0.0,0.0,0.0,0.0,0.0,0.0,0.0,0.0,0.0
s09M4522,0.03088306029617344,0.0010565178064533,0.00025346610892769444,0.25117536198867807,0.09126173960713051,0.0,3.900771330093814e-06,0.0910765287165602,0.025560890309823652,0.03447161200216631,0.12877886930429952,0.0,0.003362124203882719,0.017863766374875967,0.0,0.023618094290078988,0.0,0.17774088085395626,0.0,0.0,0.0,0.0,0.0,0.0031115197293055887,0.08109389150508134,0.0068747107850905854,0.03181306534618566
s10M4522,0.03176674811922088,0.01907016509961129,0.0011784067055050631,0.3233041408695928,0.02748803161927365,0.0005862164262088717,0.0,0.04121235368866357,0.0022023927834632392,0.08814212817369409,0.10352238827765792,0.0022488311705495616,0.009665919185616984,0.01696299350497381,0.0,0.0264330440959563,0.0,0.1805361846622205,0.0,0.0,0.0,0.0,0.0,0.004138731640590596,0.05005961331696686,0.006331045932425417,0.06515066472780842
s11M4522,0.029403461913270753,0.0539060942552867,0.0028113939632288952,0.22681635833977204,0.07696543054115529,0.0,0.0,0.08022163621644549,0.06814767922588365,0.06887977480364087,0.12710837556978244,0.018848318259635392,0.009375692917415872,0.0044100168488661155,0.0,0.007497331734869646,0.0,0.14077621415598435,0.0,0.0,0.0,0.0,0.0,0.0,0.061490270568929445,0.00042515100134646116,0.022916799684486656
s12M4522,0.20533302619526997,0.1472382136526028,0.0,0.10122565203354712,0.05813585328510954,0.002654321947788648,0.0,0.07736489384620265,0.012482429273277518,0.08819934615322236,0.05937141991744587,0.009339354021085551,0.0042584489868422995,0.0,0.0,0.03271414641084672,0.0,0.1344742694001733,0.00877423602563733,0.0,0.0,0.001196100678860752,0.0,0.0,0.023568749649394975,0.0,0.0336695385226926
s13M4522,0.07365273487793995,0.05448091247520806,0.000509828206918793,0.19290232371500582,0.08677910855087188,0.001116258530115544,0.0,0.08823156816062694,0.002114285349259472,0.10364825913471724,0.06494105841928637,0.0,0.0,0.001131338251372082,0.0,0.06111228369185713,0.0,0.19065682893380997,0.0,0.0,0.0,0.0,0.0,0.006876998682606023,0.023540713808363506,0.001236935807044197,0.04706856340499703
s14M4522,0.029226763227695768,0.02179162771845412,8.847981462423377e-05,0.12808965485904106,0.09377764977934513,0.002195904216112802,0.0,0.06581001742042109,0.0002624826231274987,0.10200441210378984,0.04111575276226703,0.0,0.0,0.005376391077890885,0.0,0.2234486975372715,0.0,0.2035913925711887,0.0,0.0,0.0,0.0,0.0,0.0035029134247821624,0.0085523927724275,0.00917104784325901,0.061994420248301714
s15M4522,0.0,0.0,0.0,0.040037305703028665,0.0,0.0,0.005695573167341054,0.0003094291152657288,0.0,0.006156391626408515,0.008145196840363845,0.0,0.0,0.5354663765207338,0.0,0.017485387581816437,0.0,0.05081893875907438,0.0006203266379395649,0.006791296840037461,0.0,0.0,0.0,0.0,0.001195854156756475,0.04866352830812907,0.278614394743105
s01X4522,0.0,0.0,0.0,1.727366707908639e-05,0.0,0.0,0.007706737498557315,0.00023791783263146525,0.0,0.001552159733621653,0.0010918730865599067,0.0023693487512709967,0.0,0.6044285187534926,0.0,0.0,0.0,0.02051585492735842,0.03278248657418677,0.0025231082424558493,0.0,0.0,0.0,0.0,0.0,0.08352218744266181,0.24325253349012407
s02T4522,0.18699318309005428,0.005726882522778752,0.0,0.006475313002377761,0.007976200087654468,0.01242313026989208,0.005903242068994251,0.0,0.0,0.005745347313958908,0.006460823955679436,0.0,0.0014980013624573115,0.25146724951979565,0.0,0.01739841137806355,0.0,0.10218218923181008,0.0,0.0,0.0,0.00016421803658620875,0.011324175876909611,0.0,0.015351152123419731,0.07403517438600798,0.28887530577356
s03T4522,0.4564308431765161,0.008602463225559857,0.0,0.011377826887998191,0.014301471190581916,0.015410757095360286,0.0026157667982682473,0.00010908247254182831,0.0,0.006427672949094706,0.010871358468066444,0.0,0.0,0.010221521189521288,0.0,0.002802135027128982,0.0,0.07697618868686176,0.0,0.0,0.0,0.0,0.0011212135235606395,0.0,0.004262327894975625,0.013052255107941077,0.36541711630602297
s04T4522,0.19061039388656514,0.007710639792316952,0.0,0.018844431338729956,0.00509232438559046,0.020934831525599096,0.009478619441562973,0.0,0.0,0.006333904873117021,0.008199341473868199,0.0009647103179031328,0.0,0.18540489213061884,0.0,0.02432077526765923,0.0,0.09937428200566235,0.0,0.0,0.0,0.0004475204182076435,0.013796042639397939,0.0,0.0049434772306051564,0.0642148183805041,0.3393289948920919
s05T4522,0.2878750962067662,0.010174701973640513,0.0,0.02739728539123713,0.00983937435953106,0.02178601973971788,0.003780594265515005,0.0,0.0,0.001997228765366456,0.009975456849374965,0.0,0.002398685148982171,0.09668102544054978,0.0,0.014736287038633201,0.0,0.08547179655352585,0.003454580146748099,0.0,0.0,0.0,0.023326020860220564,0.0,0.006579907140901843,0.03700666073634256,0.35751927938294686
s06T4522,0.16874178209414584,0.014284466534898807,0.0,0.03808626814733544,0.0,0.010623380378113258,0.0,0.0,0.0,0.0070287340628935446,0.010114457032114865,0.0,0.0,0.0024387210559680106,0.0,0.02624421635256679,0.0,0.09003685570484686,0.0,0.0,0.0,0.0,0.03696028609393545,0.0,0.0037863631908409477,0.018372679818815518,0.5732817895335246
s07T4522,0.0,0.0,0.0,0.010988613622698243,0.001149270270626673,0.0003490565854909487,0.007191029649655199,0.0,5.242909335395457e-05,0.013209056308820452,0.007167551538517643,0.004187976767548339,0.0,0.6303905756255149,0.0,0.00639414889940687,0.0,0.06224186615534806,0.0,0.0,0.0,0.0002865047659437495,0.002216125805274354,0.0,0.0,0.052834733805509126,0.20134106110629132
s08T4522,0.0,0.9054965099374607,0.052201963164928596,0.0,0.005761925719385242,0.0,0.0,0.0,0.0,0.0,0.00013300131352975066,0.036406599864695834,0.0,0.0,0.0,0.0,0.0,0.0,0.0,0.0,0.0,0.0,0.0,0.0,0.0,0.0,0.0
s09T4522,0.03144414673788088,0.015414201218976409,0.004054196383981963,0.26047978710862957,0.015311975949554966,0.0009820935546146798,0.0,0.19878073511927727,0.07594534175773793,0.0,0.10406379765578862,0.1389099751193715,0.0,0.003024593043094849,0.0,0.0,0.0,0.0,0.0,0.004436436480001569,0.0,0.0,0.0,0.0,0.13613190765916403,0.0009679676971359035,0.010052844514789633
s10T4522,0.0,0.02058220627141658,0.0006520469610889916,0.31318705744830755,0.04226153213112131,0.0013799376503252552,0.0,0.05328184104278323,0.0,0.1390700643101407,0.08907320280010529,0.0,0.010492084939717091,0.02397727244175332,0.0,0.010431691902069324,0.0,0.18017157570286535,0.0,0.0,0.0,0.0,0.0,0.0014358507413287085,0.02601130612180724,0.002547016130718713,0.08544531340445129
s11T4522,0.0,0.03158686948504136,0.0008815672082930189,0.33515105403246503,0.05997969984106072,0.0,0.0,0.07432926730128593,0.024322947458757287,0.1074284893000775,0.14993488575684402,0.0017469576238432697,0.006773237890463978,0.004267366315081295,0.0,0.0010206958119391705,0.0,0.11619161560272918,0.0,5.831581884507407e-05,0.0,0.0,0.0,0.0,0.03017409060467434,0.000753569347647373,0.055399370600951604
s12T4522,0.0,0.04656167044075009,0.0,0.19281334020380156,0.08114537141323655,0.004579030823590036,0.0,0.0791300914356879,0.017721757669232074,0.17452828622285946,0.13043827134852706,0.0,0.0014047407760797894,0.0,0.0,0.02483856063517717,0.0,0.18077042125928391,0.0,0.0,0.0,0.0,0.0,0.0,0.01365236746649856,0.0,0.05241609030527593
s13T4522,0.0,0.019173299457247574,6.919456613725095e-05,0.20054015938014105,0.08964109979379645,0.0013280089742745225,0.0,0.0714368810157503,0.0014285108202380537,0.14561406867241095,0.06297768283266389,0.0,0.002089182126650559,0.0071666781067302385,0.0,0.07824343908292532,0.0,0.22393037165856755,0.0,0.0,0.0,0.0,0.0,0.0009355971047952767,0.014009179111470933,0.0,0.0814166472962
s14T4522,0.0,0.011040258801980419,0.0004113525864191937,0.24602136436104008,0.07088676496469873,0.000645901130509421,0.0,0.06992395036012641,0.0,0.1611149842307578,0.07365315677244645,0.0,0.0023937066333336032,0.015891954166842654,0.0,0.02261116813086786,0.0,0.19631680679376418,0.0,0.0,0.0,0.0,0.0,0.0027206342167954184,0.00824220226048113,0.0006491977569141053,0.11747659683302263
s15T4522,0.0,0.006658148584684379,0.0016038560699753609,0.12932752345814566,0.0,0.0,0.0,0.011069079473095635,0.0,0.0962342182955167,0.03200189943983361,0.0,0.0062742113049544775,0.2693802507738446,0.0,0.0,0.0,0.14538427192828626,0.0,0.0010335895755877924,0.0,0.0,0.0,0.0,0.002668547609736034,0.01169262074694068,0.2866717827393988
s02M4622,0.32931088513847984,0.0,0.0,0.012313963287333994,0.0,0.003029106623074277,0.0,0.0,0.0,0.0,0.013188448735658968,0.0,8.946868259577616e-07,0.01286255764089744,0.0,0.10039412641604327,0.003092507953391888,0.4072739416981593,0.0015237451349625047,0.0,0.0009336347676653198,0.0008093873707341756,0.0,0.0,0.0024573269320272016,0.08714959418446078,0.025659879430285262
s03M4622,0.46974823481898503,0.0,0.0,0.008759313199613459,0.0,0.008229422709987248,0.0,0.0,0.0,0.0,0.008081739366895786,0.0,0.0,0.008840381643190455,0.0,0.09239142471365305,0.0,0.28901314323957905,0.0021483964305318935,0.0,0.0,0.0007370535659083007,0.007106162213164479,0.0,0.0032726836658250455,0.06283398709135636,0.0388380573413097
s04M4622,0.5864724862732674,0.0,0.0,0.008003706513511505,0.0,0.006823941862545954,0.0016971295691719233,0.0,0.0,0.0,0.007436996182464385,0.0,0.005595356327376138,0.0016522559647860666,0.0,0.03279453767494756,0.0,0.1746529428966782,0.007396673079595023,0.0,0.0,0.0006550862162454512,0.06122125055552868,0.0,0.005235199902113795,0.04876570652171212,0.051596730460055966
s05M4622,0.7250546345251436,0.0,0.0,0.0029498608562941726,0.0,0.0013977482706577983,0.00166962971836932,0.0,0.0,0.0,0.00663107558038523,0.0,0.0032464088580073575,0.0,0.0,0.011738189793279863,0.0,0.1426827933341522,0.0,0.0,0.0,0.001050274612166766,0.02465234153811723,0.0,0.00268412666455441,0.03582396082209585,0.040418955426776405
s06M4622,0.5481845759865642,0.0,0.0,0.004631384278163789,0.0,0.0,0.0034156340669627455,0.0,0.0,0.00020743683552254262,0.004387969120675634,0.0,0.0,0.004620832478412585,0.0,0.0,0.0,0.06241519184720696,0.03442274409654099,0.0,0.0,0.0004578620841174553,0.2612751093787351,0.0,0.005662615589098503,0.03266172046545714,0.037656923772542275
s07M4622,0.43522708177686437,0.0,0.0,0.011313192474779655,0.0,0.003057492771253878,0.00210788898545873,0.0,0.0,0.0,0.008479599477627175,0.0,0.009446746752113672,0.05495664039264046,0.0,0.010063482875302688,0.0,0.19324147552964793,0.0,0.0,0.0,0.0007200169077649,0.006725741057289536,0.0,0.020279551818747268,0.1905295921460403,0.053851497034469585
s08M4622,0.0,0.903394666873115,0.017105504175637016,0.01101936682015724,0.0,0.0,0.0,0.0,0.0,0.0,0.0003951219296726162,0.06808534020141817,0.0,0.0,0.0,0.0,0.0,0.0,0.0,0.0,0.0,0.0,0.0,0.0,0.0,0.0,0.0
s09M4622,0.06487726846267405,0.026692535558644544,0.0005545015746326362,0.6287142787063422,0.0,0.0,0.0,0.0411757065871261,0.0,0.0,0.052225893502636636,0.07171872861746988,0.0008920140378213353,0.014429230529875065,0.0,0.0,0.0,0.0,0.0,0.0036298725218644073,0.0,0.0,0.0,0.0,0.0425516769447763,0.003939383507210189,0.048598909448926544
s10M4622,0.05544326018940302,0.029011012844554446,0.0,0.3047269147146608,0.07150607923712755,0.0,0.0,0.07139264559735949,0.023703642022596835,0.09229679649520964,0.16315731119486446,0.009531618392808257,0.004639924367933367,0.0031025662517856984,0.0,0.0,0.0,0.0874165942737519,0.0,0.00022874792261104736,0.0,0.0,0.0,0.008376267173456945,0.022973799959752367,0.0,0.052492819362124105
s11M4622,0.05432033168953347,0.030519068706693166,0.0,0.38726155512358384,0.012071403417421802,0.0,0.0,0.034667398692692364,0.012618531629856327,0.1321883274071487,0.1196093334869273,0.007559837554402491,0.005985854850839204,0.008978843095553702,0.0,0.0,0.0,0.09701146464221057,0.0,0.00033989749420935863,0.0,0.0,0.0,0.0025716054517758934,0.014033766742899825,0.0,0.08026278001425197
s13M4622,0.0,0.023276797464274926,8.237083736154271e-05,0.34165167071865893,0.069521844819108,0.0,0.0,0.06786011633891591,0.007944118608803586,0.1512455043053969,0.11322197149275479,0.0044707124499971385,0.0059169187071055045,0.0,0.0,9.099717567198024e-06,0.0,0.11923438749580134,0.0,0.0,0.0,0.0,0.0,0.004077372880597413,0.01579046110312974,0.0,0.07569665306052697
s14M4622,0.023916995644599127,0.04045459722698111,0.0,0.27324400701378637,0.05690556874361363,0.0009867766260396307,0.0,0.06094119818828665,0.01122695708899827,0.19233909833994262,0.06627302146066545,0.009047506687133434,0.0018767882325938824,0.0,0.0,0.033084946882604147,0.0,0.11865411173035663,0.0,0.0,0.0,0.0,0.0,0.0009553724809050947,0.00846603868787922,0.0003450279343447108,0.1012819870312701
s15M4622,0.03089363228147937,0.01173210108529582,0.00011162926924341073,0.20518620065759344,0.005730894535293695,0.008690580490951194,0.0,0.018294426537266727,0.0,0.1760284853685881,0.050971602804831644,0.0,0.0034913678057418235,0.027134659100907333,0.0,0.04247796976551188,0.0,0.24503816659920002,0.0,0.0,0.0,0.0,0.0,0.0,0.0055453618301329775,0.010978219150946178,0.15769470271701638
s01X4622,0.4196284771508333,0.0,0.0,0.002270891861685817,0.0,0.009156172548010938,0.0,0.0,0.0,0.0,0.03702046653851273,0.0,0.0166171895599909,0.0,0.0,0.005892247314501185,0.0,0.3568714788854109,0.013742390220891632,0.0017635597604049608,0.0,0.001346959384325144,0.0,0.0,0.007495933420885908,0.11545191153771178,0.01274232181683468
s02T4622,0.9336107972390668,0.0,0.0,0.0,0.0,0.0,0.005340241429554646,0.0,0.0,0.0,0.000945504413962826,0.0,0.0,0.0,0.0,0.0,0.0007145230659124349,0.03434754973181381,3.947559959267735e-05,0.0,0.0,0.0014533180077588353,0.0,0.0,0.005239700632331567,0.015075804351899556,0.003233085528107042
s03T4622,0.9587606827904749,0.0,0.0,3.6461706383340684e-05,0.0,0.0,0.00678949863288278,0.0,0.0,0.0,5.4938163595805185e-05,0.0,0.0,0.0,0.0,0.0,0.0,0.010531457683986133,0.0,0.0,0.0,0.0017881797277879395,0.0044529296727507,0.0,0.0032488675032466513,0.009324772322672856,0.005012211796218861
s04T4622,0.8868326802160788,0.0,0.0,6.985688114077585e-05,0.0,0.0,0.005783819334982799,0.0,0.0,0.0,0.0035810306619436677,0.0,0.0,0.0,0.0,0.0,0.0,0.025058253079966543,0.00027588183634452164,0.0,0.0,0.0015940118476227274,0.05325474381807482,0.0,0.007358962591986314,0.008501569110712145,0.0076891906211469935
s05T4622,0.798001931701295,0.0,0.0,0.0022031857374279636,0.0,0.0,0.005565689606043958,0.00018895144700679565,0.0,0.0,0.00788122277719068,0.0,0.002035858571968218,0.0,0.0,0.0,0.0,0.04694550398241243,0.011089295253820616,0.0,0.0,0.0009730038320659835,0.10150417511261567,0.0,0.004961314678535977,0.014659608035873562,0.003990259263743283
s06T4622,0.8327015051316664,0.0,0.0,0.0015501241307687025,0.0,0.0,0.00691801234238081,0.0,0.0,0.0,0.006798048454181166,0.0,0.0026340009105036816,0.0,0.0,0.0,0.0,0.08696256510014137,0.0025367978899711644,0.0,0.0,0.0015997809272089293,0.02544104845205203,0.0,0.006534453713400134,0.02107155969032403,0.005252103257401621
s07T4622,0.9188537433106543,0.0,0.0,0.0007043813494021265,0.0,0.0,0.0008903114586132351,0.0,0.0,0.0,0.0012760067008793887,0.0,4.825543156363728e-05,0.0,0.0,0.001954784522138903,0.0,0.06062908480054239,0.0,0.0,0.0,0.0012896729147538627,0.0,0.0,0.0,0.014353759511452294,0.0
s08T4622,0.0,0.8356703889966228,0.03204202193370413,0.0,0.0008059642332531826,0.0,0.0,0.0,0.0,0.0,0.00036683931510973257,0.1298942321070061,0.0,0.0,0.0,0.0,0.0,0.0,0.0,0.0,0.0,0.0,0.0,0.0,0.0012205534143040352,0.0,0.0
s09T4622,0.29254417438872576,0.13392116803593,0.013107401008408555,0.11782216852519334,0.0,0.0,0.0009042232263594233,0.0069495348410503035,0.0,0.003422767724214713,0.08568820754305281,0.13368599196746872,0.008668220632552587,0.0,0.0,0.0024141522850897913,0.0,0.10841745363242883,0.013674508643035843,0.0010934266555004137,0.0,0.0007100147620947789,0.0,0.0,0.020900312447253665,0.016177160964178604,0.03989911271746178
s10T4622,0.2642915394828644,0.01083557733581705,0.0,0.2219222794085873,0.0,0.0,0.0,0.0060713164792844795,0.0,0.012597081717775656,0.1635358681635271,0.006642895966767108,0.008120553582186807,0.006883514378038979,0.00300216430621078,0.0,0.0,0.2275656740295554,0.0,0.0013714838914070087,0.0,0.0006832275716970747,0.0,0.00042293880824509643,0.01600770877213944,0.015241518738958555,0.03480465736693763
s11T4622,0.012156928611257148,0.016259288237979654,0.00014315797423732063,0.24849660771631502,0.0,0.0,0.0,0.010787318590158225,0.0,0.09476732290278067,0.14321203832797186,0.00039589951062301583,0.011945388946679396,0.010077194431533362,0.0,0.00770163275609898,0.0,0.33715489270866494,0.0,0.0003360547277476082,0.0,0.0,0.0,0.0019434104711891207,0.01872883443932469,0.011102952962507476,0.07479107668493143
s12T4622,0.07728855585500156,0.015121408010153022,0.0,0.253868122880841,0.0315762150596623,0.0,0.0,0.0294724958224454,0.0,0.05664461828741637,0.14397736825945145,0.0,0.007673727772889201,0.002867566734027141,0.0,0.0032791064655498833,0.0,0.28698159952564256,0.0,0.0003230578371946056,0.0,0.0,0.0,0.010262222162758124,0.014563577323358688,0.003955172183628062,0.06214518581998059
s13T4622,0.10065248849910836,0.013748683961691129,0.0,0.23610385823518887,0.052750911199663165,6.802283667424877e-05,0.0,0.03732240912492887,0.0,0.06035658664863059,0.14603618696877832,0.0,0.007200952519238098,0.00229474490878099,0.0,0.02150048284412606,0.0,0.2147409685859932,0.0,0.0,0.0,0.0,0.0,0.01667496941211135,0.01686951270239706,0.005140610528815271,0.06853861102387442
s14T4622,0.0,0.016975091994121325,0.0,0.3464273886323314,0.04281163959990721,0.0,0.0,0.037319693946408175,0.0,0.13384471954412602,0.12107154720091043,0.0,0.011552309582366664,0.0010304740636990382,0.0,0.0038006912997209934,0.0,0.20741361126299884,0.0,0.0,0.0,0.0,0.0,0.00424369597295359,0.00416593612080622,9.988123062212214e-05,0.0692433195490279
s15T4622,0.2640132750240772,0.014459637509203259,0.0,0.05930786402891693,0.011137126882201906,0.01095729574292584,0.0,0.018409550178589838,0.0008308055090792187,0.05070339655759989,0.08910839639024308,0.0,0.014521474825088776,0.0,0.0,0.009956188237193754,0.0,0.341006459702214,0.026848289115046137,0.0002774196664019214,0.0,0.0014643127283963436,0.0,0.004411101390603448,0.011097472879443031,0.010052294219780947,0.061437639412994356
s02M4722,0.48567041823038415,0.00737216478528472,0.0,0.008898648940008138,0.0,0.004556018255797705,0.0006347304167197357,0.0011548457386989434,0.0,0.0196115009618488,0.011405973868926094,0.0,0.019211906195798236,0.018823970821766435,0.012249419375832786,0.03402241142128857,0.0,0.11384677111663495,0.02012973111210448,0.0016677342975576302,0.0,0.0017439740846499515,0.0,0.0,0.0002911656142424939,0.00741755209728593,0.23129106266517024
s03M4722,0.41592354264059206,0.0017561675339418691,0.0006587255037338321,0.018623143156017083,0.0,0.0004884466098658612,0.0,5.4599435196514056e-05,0.0,0.02123123586847122,0.012525675677246929,0.0,0.014728492192632935,0.040875272003791624,0.007145909433032133,0.03722642869776791,0.0,0.1385395416093328,0.0,0.000791700453766779,0.0,0.0016460491583523036,0.008379726348824761,0.0,0.00037455105922382613,0.009377496180576194,0.2696532964376334
s04M4722,0.12121254237884324,0.020705509303418135,0.0,0.0,0.0,0.0026479248836668422,0.0,0.0014636974925175369,0.0,0.021025722073700067,0.0012814999473933753,0.0,0.015342515813961554,0.12126053603649872,0.0014032159693814106,0.03080414582188385,0.0,0.034692237916120396,0.0,0.012325454327922253,0.0,0.0006334699938401299,0.0,0.0,0.0013244996473233258,0.004105106415136799,0.6097719219783924
s05M4722,0.025881213251994252,0.0058511064817506125,0.0007747156646775834,0.0037403926974537358,0.0,0.0,0.0,0.0,0.0,0.008025150018396366,0.0,0.0,0.018889911512491163,0.3305517133814925,0.0027176508121835616,0.04113899264784365,0.0,0.01888572546588613,0.0,0.004634272629906504,0.0,0.00027294213256256805,0.0,0.0,0.0,0.0,0.5386362133033613
s06M4722,0.3712221846104031,0.01747630371764628,0.0,0.0,0.0,0.001191750190495302,0.0007586321345410651,0.0008952331926627982,1.8031165073403912e-06,0.00726633528245168,0.0017441229543698395,0.0,0.015386845861655792,0.09625499107860676,0.0034610398138820698,0.005255964228643665,0.0,0.03575416422557876,0.0,0.002623451997748605,0.0,0.003405757462584376,0.0,0.0,0.0023379473358023034,0.004621997266736354,0.43034147552968366
s07M4722,0.3791729465313642,0.004416213949453152,0.0002358010119350087,0.010101814820618973,0.0,0.006391138089855364,0.0,0.0,0.0,0.02251235097498507,0.004577131896848035,0.0,0.022232588297371476,0.031336088260170314,0.009037988105837221,0.08512959602738868,0.0,0.11848157198968859,0.0,0.0,0.0,0.0017586143373261997,0.0,0.0,4.4179570560594496e-05,0.007282431215752451,0.2972895449208447
s08M4722,0.0,0.3854087469380813,0.11187129132528406,0.0,0.0,0.0,0.0,0.0,0.0,0.0,0.0017755263009192768,0.2972589228977598,0.0,0.0,0.0,0.0,0.20368551253795564,0.0,0.0,0.0,0.0,0.0,0.0,0.0,0.0,0.0,0.0
s09M4722,0.1687091929871583,0.2190555227684261,0.025796194856114594,0.006088700398962156,0.028568520098936595,0.005167601428806415,0.0,0.02963207828022395,0.0023329551931216322,0.0020109824414982014,0.09879240257449141,0.34386821157124103,0.004006937119063629,0.0,0.0,0.0,0.014639346624372272,0.031599140703281396,0.0,0.0,0.0,0.0013746829762796924,0.0,0.0,0.017928590851954855,0.00042893912606779274,0.0
s10M4722,0.3703368558058327,0.012543666050459392,0.0015857717233277119,0.10774690433547685,0.000201775429496446,0.0,0.0,0.014305036082841522,0.0017984747874647403,0.0,0.19759614159535804,0.031951241633830035,0.0,0.01527666357020389,0.023367834427647033,0.0,0.0,0.11842213965389438,0.0001406084976032925,0.0023877512306652144,0.0,0.0017778421425115474,0.0,0.002157334770767115,0.008184280561251677,0.027894368712593223,0.06232530898877514
s11M4722,0.17291477824745252,0.06269091315467573,0.06583211313175862,0.08251766645937861,0.017936973829492515,0.0,0.0,0.025407113561480482,0.0,0.0,0.05356154272391078,0.45934588043645114,0.0006592558178209698,0.0,0.0,0.0,0.020203220857195635,0.0034233034323075244,0.0,0.0008096012909977068,0.0,0.0,0.0,0.0,0.008725815473116147,0.008896744003683718,0.017075077580277855
s12M4722,0.11697049126314708,0.26133028051671375,0.012662492333283561,0.023535307616344908,0.0,0.004901590859771441,0.0,0.0004510581455217539,0.01369716119137688,0.02892856740791999,0.19562483868228764,0.10367954071091376,0.007515009386403377,0.00011141042281744244,0.0,0.014502515662135639,0.0034579850242348813,0.1902872740186229,0.0,0.0014349295725312066,0.0,0.00132729935696582,0.0,0.0,0.0022690099137085175,0.002742194837333399,0.014571043077966053
s13M4722,0.11441969258452804,0.13648123858299258,0.007090923876896646,0.02888939864611447,0.0,0.02389887080515205,0.0,0.004098218548113789,0.025347442465750557,0.07377691412795785,0.15689798569208835,0.06361874243238316,0.009776648310730988,0.001491301212187662,0.0,0.041536760120685655,0.00167048101838792,0.22669772369021718,0.007028139184056794,0.00042160003443098877,0.0,0.0008807483815603397,0.0,0.0,0.0006552749461521348,0.007234381134036065,0.06808751420557704
s14M4722,0.0,0.07105771221155543,0.0,0.02166085398408434,0.0,0.030746128690380785,0.0,0.0048708446315287104,0.00305846488570416,0.09328997201614088,0.11548912355373747,0.006013907882026806,0.022426018680801012,0.00017270727286617895,0.006909510294980867,0.021743127510582837,0.0,0.4095392787832484,0.0026869373282407453,0.0,0.0,0.0007444013560858593,0.0,0.0,0.001224851809644804,0.009095401023840129,0.17927075808455054
s15M4722,0.4905745708832598,0.002253630451390861,0.00045577707410871356,0.003961586981473029,0.0,0.004824660391243522,0.0,0.003722102699486486,0.0,0.021784843113677493,0.016833598341694758,0.0,0.015348873577880649,0.024828063488662247,0.013280768069241005,0.025400369256949853,0.0,0.1666055375051177,0.03408272658447693,0.0021128756267261425,0.0,0.0019301802653695973,0.0,0.0,0.0007752866856086972,0.007281544061745851,0.16394300494188666
s01X4722,0.18387749037048748,0.0,0.0,0.008993708065471699,0.0,0.006793834136088267,0.0,0.0009571358813337648,0.0,0.006503704699477369,0.019145116821838226,0.0,0.013049537315779366,0.03569038777985931,0.008269147355606245,0.05627124622538844,0.00011910782643996771,0.4463278249782197,0.026251999576363833,0.0014675797571534193,0.0,0.0010221466830163668,0.0,0.0,0.0029588454666025525,0.07232652146001549,0.10997466560085833
s02T4722,0.2896538565493902,0.0,0.0,0.004651055560680403,0.0,0.005209457288594876,0.0,0.0,0.0,0.0,0.006847893501004418,0.0,0.004225234100083239,0.0,0.0,0.12159515567229526,0.00024118737614431095,0.507250772731777,0.006229786774535672,0.00013743197280268994,0.0,0.0008853568723618615,0.006891191189868106,0.002667645551290351,0.0,0.041385203280643455,0.0021287715785282503
s03T4722,0.37155541840547107,0.0,0.0,0.005624389456295651,0.0,0.007509540072102752,0.0,0.0,0.0,0.004806318999285403,0.009476387260628097,0.0,0.005181537067707505,0.0,0.0,0.08317316506892476,0.0,0.3962361480914291,0.005635927937942483,0.0002918337085205166,0.0,0.001041716667130879,0.020289341510955964,0.010236677938146962,0.0002395089111007003,0.05607258067597188,0.02262950822838623
s04T4722,0.26887937997559663,0.0,0.0,0.005988063583315078,0.0,0.0024804273904077737,0.0,0.0002561109611638318,0.0,0.011215863647232156,0.00890007652053261,0.0,0.02115429875764386,0.04616817864111217,0.0,0.027564495480422977,0.0,0.3976729408322849,0.003573271044462592,0.0005258479423150252,0.0,0.0011411354763605683,0.0019685739836685233,0.0008396017751617728,0.009878539596440104,0.06462664616137015,0.1271665482305094
s05T4722,0.3266433539301578,0.0,0.0,0.006550245303069134,0.0,0.014442582941498465,0.0,0.0,0.0,0.007887965840374746,0.007275837024354289,0.0,0.0036880560678709644,0.007932224854721295,0.0,0.12756633181109328,0.0,0.39543929792060367,0.00543646840672476,0.0,0.0,0.000978792454043508,0.0008077784485483303,0.006223037286672111,0.0018463072603798398,0.05000261941679923,0.037279101033088645
s06T4722,0.0441612252639787,0.0,0.0,0.005086284553836742,0.0,0.05472741972800531,0.0,0.0,0.0,0.021948611873840812,0.024876876248809035,0.0,0.0014661131260083808,0.0,0.0,0.14455018900295574,0.0,0.6748700348682142,0.0,0.000508540214069092,0.0,0.0003606038754831929,0.0,0.0,0.0,0.013608996953386255,0.013835104291412506
s07T4722,0.2800390897860035,0.00018210461614463294,1.9477509387529686e-06,0.012695632828210018,0.0,0.035520299859226875,0.0,0.0002190142853563029,0.0,0.0016314778948815015,0.0310990552689478,0.0,0.030608879934990327,0.010632767089874434,0.0,0.024029246859449835,0.0,0.38969454494301753,0.0031082381252040274,0.0006808539567916234,0.0,0.0009167324242967387,4.953599144134909e-05,0.00391333751915547,0.010435407277077034,0.10111226955121914,0.06342956403777306
s08T4722,0.0,0.24764305319795354,0.10233194920407783,0.0,0.0,0.0,0.0,0.0,0.0,0.0,0.002409437572997493,0.40466902868754817,0.0,0.0,0.0,0.0,0.24294653133742294,0.0,0.0,0.0,0.0,0.0,0.0,0.0,0.0,0.0,0.0
s09T4722,0.2874771704822208,0.008591474985456093,0.06373868742867375,0.03163970551582865,0.02576792916886141,0.0,0.00053307371208538,0.02485533135841419,0.0,0.0,0.020044984602507518,0.4753771343537407,0.0016563400946691027,0.0,0.0,0.0,0.03234759770344979,0.0011345600600144974,0.0,0.0,0.0,0.0006565364312640436,0.0,0.0,0.01310429155356089,0.004194708679790327,0.008880473869462965
s10T4722,0.30536164220922807,0.04753544354951411,0.006477551182079026,0.03928212863358678,0.0,0.0,0.0,0.00876843187316178,0.006120488701457407,0.003082929658938581,0.26457932032030684,0.07000949246281811,0.00664657411598827,0.0,0.021834984865096146,0.0004919163581525323,0.0027232710603464316,0.19747191291296093,0.0,0.00046194133703456025,0.0,0.00201973907280927,0.0,0.0,0.0017788419073650496,0.00845022154524526,0.006903168233910907
s11T4722,0.09259164348466961,0.12082216776747834,0.01005695544527278,0.01623540049614524,0.0,0.0018982102769961391,0.0,0.0013582450019547262,0.008468115898454526,0.095433979549172,0.2025040435417095,0.050170167478168985,0.008976928501713388,0.0,0.004306494884881986,0.019559172260334077,0.016052731934204287,0.34863177616613045,0.0,0.0,0.0,0.0011879071203621692,0.0,0.0,0.0,0.0017460601923517582,0.0
s12T4722,0.09333207699895785,0.10434441102230133,0.0025173067372794254,0.025918464156355146,0.0,0.011985580881887024,0.0,0.006638420130176902,0.005764427228557167,0.15490774239063637,0.1847271093808485,0.017824818742439633,0.015341955548248193,0.0,0.005083930266854225,0.027046612478169967,0.0,0.31855080426623567,0.0,0.0,0.0,0.0011619163392754019,0.0,0.0,0.0005855211075430067,0.0020856092427020373,0.022183293081532086
s13T4722,0.023409994984713238,0.1581874956080172,0.0007466322174179663,0.011201610382474796,0.0,0.021041556388213766,0.0,0.0069273910897090585,0.0026988821812535964,0.16523199971428706,0.15119169694656698,0.0,0.0,0.0,0.0042564627512932844,0.09194100803179789,0.0,0.3526429784404308,0.0,0.0,0.0,0.0008993371343549648,0.0,0.0,0.0,0.0021445455120476537,0.00747840861742183
s14T4722,0.2515806022420867,0.007734925372541797,0.0,0.011407008598026647,0.0,0.020742620321566988,0.0,0.0038660358563098658,0.00111374783889547,0.0675164893316303,0.08984886118596631,0.0018610181865005371,0.015006521590600242,0.0,0.011485475600202405,0.006679186692524681,0.0,0.43403520404939744,0.00969940508357872,0.0,0.00846210581164255,0.001352610390219465,0.0,0.0,0.0006423401448291257,0.010958285249236612,0.04600755645424392
s15T4722,0.017862177024779102,0.06174015715176364,0.0,0.027136210033719514,0.0,0.012117160974181114,0.0,0.005611241178401509,0.0,0.22267814148037415,0.16171689780971282,0.0,0.007360265477881875,0.0,0.002502930254789006,0.04619491297978964,0.0,0.3948570903949322,0.0,0.0,0.0,0.0007905536346608183,0.0,0.0,0.0,0.00037066635024763706,0.039061595254767
s02M4822,0.29871965311750076,0.0,0.0,0.001469033073593671,0.0,0.006127428757456074,0.0,0.0,0.0,0.0,0.002341312920431438,0.0,0.0,0.011248150573362335,0.0,0.22246025474218864,0.0006091301200295034,0.3449367139889425,0.013140451007321242,0.0007631439461638162,0.0,0.0009727890433127974,0.0,0.00096615673406,0.0015213595040034003,0.04941615712882581,0.04530826534280802
s03M4822,0.2536431753746078,0.0,0.0,0.005375058695016158,0.0,0.01238941376743218,0.0,0.0,0.0,0.0,0.005964225646636771,0.0016857542702606461,0.0,0.008165724929338387,0.0,0.22480023391241094,0.007497837977225353,0.21735396313510144,0.004285031618411039,0.027048913158121458,0.0,0.0030289774773389357,0.008706951308536166,0.0,0.0,0.1916367088436695,0.02841802988589343
s04M4822,0.35343456441583343,0.0,0.0,0.002294372187996267,0.0,0.02317516581334048,0.0,0.0,0.0,0.0028281062180718366,0.013088042553958762,0.0,0.0,0.0026686805046636244,0.0,0.1527479823891724,0.0,0.35198178448816325,0.0,0.0012977918949903468,0.0,0.00150623792137088,0.008149756676296166,0.0,0.0,0.024913612978468284,0.06191390195767415
s05M4822,0.5070573799978165,0.0,0.0,0.005223840879186963,0.0,0.008999606389148986,0.0,0.0,0.0,0.004023082561457747,0.007347960720949367,0.0,0.007060403924520517,0.002021967178739051,0.0,0.12500712316167925,0.0,0.24500561788901692,0.0006659939429346361,0.00021670673977211197,0.0,0.0011138460272018934,0.0,0.0,0.0,0.02432872039692138,0.061927750190654655
s06M4822,0.8243050630438572,0.0,0.0,0.001764606790063382,0.0,0.0,0.00029956400488945006,0.0,0.0,0.002529986932229505,0.007558429646326317,0.0,0.007808409970164027,0.0022354827202868055,0.0030600570027667735,0.00036070226682035874,0.0,0.09373468739720411,0.0,0.0005378600988797644,0.0,0.0018504754444935974,0.0,0.0,0.0,0.007344540544196956,0.04661013413782183
s07M4822,0.2713866403513094,0.006263269311412679,0.0,0.011824799753777605,0.0,0.009261100664971567,0.0,0.00038020948046277797,0.0,0.014280488162944619,0.04650094668565387,0.0,0.012359920410880543,0.0,0.0053108006174400245,0.10104305033131458,0.0,0.3939426876417195,0.0,0.0,0.0021143526992816915,0.0012520818205766476,0.0,0.0022316629865692197,0.002590135975798391,0.01063197178430059,0.10862588132158624
s08M4822,0.0,0.0,0.07374628151139347,0.0,0.0,0.0,0.0,0.0,0.0,0.0,0.002537347776820817,0.5526502416517493,0.0,0.0,0.0,0.0,0.3710661290600366,0.0,0.0,0.0,0.0,0.0,0.0,0.0,0.0,0.0,0.0
s09M4822,0.1663674814576606,0.017769469536004622,0.02450554943340681,0.03793238339568777,0.0,0.01476010093235317,0.0013331594482695398,0.014829549052599082,0.014622879501862265,0.018734666558668078,0.18823009162210047,0.26547589765539203,0.01738902428796834,0.0,0.0,0.006789076551897718,0.06382986556085131,0.10617689804804381,7.614986058682433e-05,0.003919001605515733,0.0,0.0,0.0,0.0,0.009583025402462125,0.020037839803386553,0.007637890285283079
s10M4822,0.060094335036353454,0.02337442486710464,0.002438565473045855,0.011911852980207133,0.0,0.0,0.0,0.0,0.02549261050599182,0.004780063022351005,0.6027290167328235,0.049904167777208186,0.0,0.005575465495297573,0.012545682522192786,0.016277099729150125,0.01874727590740736,0.15581486239465245,0.0,0.00039140172086138224,0.0,0.0010352603356542918,0.0,0.0,0.0,0.008887915499698548,0.0
s11M4822,0.005437617356034506,0.025441201913763856,0.0,0.0,0.0,0.0,0.0,0.0,0.021420297217239797,0.03580858285754872,0.6369577909441079,0.014719234751454743,0.0,0.004355496531778458,0.005048719548953554,0.009862930389206387,0.00086416186924233,0.23762217602331606,0.0,0.0,0.0,0.0009210833549110591,0.0,0.0,0.0,0.0015407072424425993,0.0
s12M4822,0.0037597632700368797,0.05786984245771898,0.0012556792488649057,0.0,0.0,0.0,0.0,0.0,0.024224354832193873,0.06890393866161049,0.5192701491735762,0.005340358151856031,0.0005661075196527507,0.0,0.012502505632371657,0.018699402000702886,4.849958889655601e-05,0.2864073240583656,0.0,0.0,0.0,0.000646737387049057,0.0,0.0,0.0,0.000505338017104174,0.0
s13M4822,0.0,0.06691335948345015,0.0,0.0,0.0,0.0009003033000677663,0.0,0.0,0.0,0.2861205876490914,0.26756764962653395,0.0,0.00106136891596414,0.0,0.0,0.03448520679961462,0.0,0.3429515242252779,0.0,0.0,0.0,0.0,0.0,0.0,0.0,0.0,0.0
s14M4822,0.0,0.07533038152631198,0.0,0.0,0.0,0.017682144038219414,0.0,0.0,0.0,0.24672486331822246,0.2029473605673549,0.0,0.0,0.004675490881219527,0.0,0.09185301931994368,0.0,0.334813574144604,0.0,0.0003819048717203926,0.0,0.0,0.0,0.0,0.0,0.0012198515348374904,0.024371409797565965
s15M4822,0.0,0.011870432720475953,0.0,0.015343215707179697,0.0,0.01007300702221273,0.0,0.0012895519165790899,0.0,0.021299570271912847,0.09381889393896986,0.0,0.023075309008343425,0.14963751290939833,0.009495143460640705,0.02696760072849425,0.0,0.38969286025475025,0.0,0.001328996730046323,0.020722671632706708,0.0002463399406694832,0.0,0.0,0.001816378501797977,0.026687842758050678,0.19663467249777178
s01X4822,0.31563162853961474,0.0,0.0,0.001981572884030538,0.0,0.0007250407993800208,0.0,0.0005244698272821786,0.0,0.0,0.008008232822649543,0.0,0.004763824870150479,0.0011140036487207255,0.0020758608278793537,0.1036160693688034,0.0014830261921292649,0.42185350228027374,0.042727106603940045,0.0026230760209712805,0.0011678026876883762,0.0007423471221235308,0.0008822387236967849,0.008421249469681747,0.01165640334129967,0.0617282667427933,0.008274277226891277
s02T4822,0.3484713588275788,0.0,0.0,0.007311096759860122,0.0,0.0,0.0,0.0,0.0,0.0,0.004198339093871447,0.0,0.0,0.0,0.0,0.1818576463180993,0.0007524158290766409,0.4027894153027513,0.0015570073802630689,0.0,0.0,0.0009376438078794943,0.0,0.00540176471258785,0.000497592964813752,0.046225719003218195,0.0
s03T4822,0.10760956829683087,0.0,0.0,0.0,0.0,0.0,0.0,0.0,0.0,0.0,0.014156190689248171,0.0,0.0,0.0,0.0,0.1832790703310068,0.011173101364093841,0.38146802365409693,0.0,0.03676337183239132,0.0,0.0031005331037323924,0.006101083969097957,0.00526836842204254,0.0,0.25108068833745917,0.0
s04T4822,0.35059533735183446,0.002544373224069364,0.0,0.007358350898524436,0.0,0.005949879354137941,0.0,0.0,0.0,0.00241985917140133,0.02027019574628042,0.0,0.0118573036236102,0.0,0.0,0.11212408625418444,0.0,0.3696258610309212,0.0027771897099001302,0.0022884745818758214,0.0,0.0015279997893533936,0.0,0.0045209134447359335,4.4838197979660626e-05,0.03508650142772749,0.07100883619346365
s05T4822,0.5795450569672476,0.0,0.0,0.0037689856442233733,0.0,0.0,0.0002621676883741657,0.0007884574022933113,0.0,0.0017572633322835685,0.021123775875841078,0.0,0.016951831105137823,0.011157036460419552,0.0003419421322298995,0.0030948389455664016,0.0,0.24112046192826692,0.006809050636763905,0.0008764041897932678,0.0,0.0016711736185235672,0.013668685170705845,0.0025966270928235342,0.002856423382356564,0.04027359798896497,0.05133622043818479
s06T4822,0.2833396270359031,0.0,0.0,0.05149377870859908,0.0,0.0,0.0,0.0,0.0,0.0,0.1442785811239858,0.0,0.026780458399967868,0.030813208049117254,0.02164114511010206,0.0,0.0,0.11999543067783383,0.02325151240003245,0.00563899829217941,0.0,0.0005431976717633856,0.0282108591844501,0.01872059108030962,0.0037808839830303677,0.05156246118444752,0.18994926709827797
s07T4822,0.027705848561053074,0.00839059528825586,0.00024080951701811577,0.01981880330734845,0.0,0.021532464657657117,0.0,0.0016931035163190841,0.00039904670741138795,0.05495584573984806,0.08661496719982523,0.0,0.029570193148283016,0.03557008917957734,0.0013228241154388009,0.06151501867506408,0.0,0.4852825682466223,0.004253440309576518,0.0010328046099124008,0.0014781248354053024,0.001026424353330734,0.0,0.0,0.002391219161956638,0.03143394006199009,0.12377186880810633
s08T4822,0.0,0.10254549548719771,0.04997167194154787,0.0,0.0018329321496680256,0.0,0.0,0.0,0.0,0.0,8.563516981022548e-05,0.0,0.0,0.0,0.0,0.0,0.8447528495350953,0.0,0.0,0.0,0.0,0.0,0.0,0.0,0.0008114157166808046,0.0,0.0
s09T4822,0.0781072453211453,0.0,0.02391359050866498,0.03286218414167239,0.023097413636592113,0.0,0.0,0.029319081338093928,0.0,0.0,0.012213889257073802,0.42031601200470065,0.005107681293930837,0.0,0.0,0.0,0.3349421082862552,0.0,0.0,0.0019621947166740326,0.0,0.0,0.0,0.0,0.002229572148317397,0.013791282001296921,0.022137745345582466
s10T4822,0.05674157102947651,0.0,0.0009029181867526222,0.032137973377625834,0.0,0.0,0.00024161304017907996,0.014663349804355148,0.013604244649452323,0.0,0.467847139226381,0.12262315554213246,0.0,0.01053235512569697,0.022314977816314658,0.0,0.21705729415785818,0.013747299884212232,0.006525575724948867,0.0016395362612308486,0.0,0.0,0.0,0.0,0.0,0.019420996173383175,0.0
s11T4822,0.0,0.0,0.011318797910336428,0.00521785180373852,0.0,0.0,0.0,0.005364991084307397,0.04058001700477162,0.0,0.6076989474261226,0.06446588202924075,0.003305708803746085,0.004408873903299809,0.015045973805895445,0.0,0.12469896268551914,0.10857610487488384,0.0032059951623955155,0.0008308383177931356,0.0,2.1648272962626698e-05,0.0,0.0,0.0,0.0052594069149869485,0.0
s12T4822,0.0,0.0,0.010912268824964896,0.0,0.0,0.0,0.0,0.0,0.04254678463380397,0.010296417210044057,0.6876399326825257,0.032883954521364396,0.0005522659894041533,0.0030495734995809624,0.0,0.0,0.10706807859556342,0.10232374871670938,0.0,0.0,0.0,0.0,0.0,0.0,0.0,0.0027269753260392043,0.0
s13T4822,0.0,0.02554701569976696,0.0035638313844113664,0.0027597261994205756,0.0,0.0,0.0,0.0005227179479017926,0.031026082563951736,0.055666371260963916,0.5224532399107756,0.020053202152167774,0.010833903979962322,0.0008689375981054631,0.02891387067643272,0.0,0.04381927854737325,0.23358549213629018,0.014271769329339714,0.0007704152160649612,0.0,0.0,0.0,0.0,0.0,0.005344145397071729,0.0
s14T4822,0.0,0.015455547037612644,0.0012495774695745361,0.00039083556946305215,0.0,0.0,0.0,0.0019202002895163076,0.014480531829976757,0.13548602676754523,0.5132285881290707,0.0,0.002718923536802526,0.0018775559159227222,0.022950828996514936,0.010071503650892644,0.012114302702123865,0.2661738509017453,0.0,0.0001857999175086101,0.0,0.0,0.0,0.0,0.0,0.0016959272857302772,0.0
s15T4822,0.07705465594817261,0.020480120328528854,0.0001311749987102476,0.004256361138288603,0.0,0.03595226357428796,0.0,0.00356291281798065,0.005691382498287213,0.09986031742430226,0.16342415670778693,0.00036240998499258777,0.03258450652224496,0.0054597048009299275,0.005206757828716679,0.018731520194050368,0.0,0.44466607864487906,0.0157184376333511,0.0012767870749783158,0.019286989063245462,0.0006487209748396544,0.0,0.0,0.0,0.01024281997004515,0.0354019218713813
s02M4922,0.3419264385298701,0.0,0.0,0.003045584646908136,0.0,0.0,0.0,0.0,0.0,0.003033334972170492,0.015571722532352207,0.0,0.013360638240749853,0.011679665917485184,0.0029166554013284546,0.0021106223549614673,7.439778336121138e-06,0.2105717511700984,0.017058639146033595,0.0009268698144064067,0.0,0.0010762121789219736,0.3052683304170605,0.0,0.004576543453286072,0.01694989631930346,0.0499196551267276
s03M4922,0.44903030018843204,0.0,0.0,0.0031174509646260686,0.0,0.0,0.0004866550006018004,0.00023328134178957898,0.0,0.0035959330323468014,0.01483648048687803,0.0,0.011795606244020039,0.00289640343733016,0.0003246148161736138,0.007169236598450444,0.00012472635188078582,0.21180470748122016,0.01267323574764309,0.003083667452266616,0.0,0.0018088856083142972,0.18921693816286075,0.0,0.005139999853682753,0.029935429168700126,0.05272644806278284
s04M4922,0.7062526261712129,0.0,0.0,0.0014204959550588316,0.0013405202050560262,0.0,0.004135617200183416,0.0,0.0,0.0,0.006295611395048057,6.650675004519676e-05,0.0013650348231956692,0.014795304897737586,0.0,0.0,0.0,0.022109501686228362,0.009111731122833878,0.0,0.0,0.001307072521955257,0.15161110647924375,0.0,0.01165810143829467,0.013883917845106135,0.05464685150880024
s05M4922,0.6899785034152953,0.0,0.0,0.005277177961381394,0.0,0.0029201996581116824,0.0011184118240730075,0.001033095458615406,0.0,0.0031232886651481368,0.017691160877451238,0.0,0.013005989038695515,0.00031924760922796396,0.0,0.0034463030995660043,0.0,0.13590791851166636,0.021796479570727275,0.0006664091098539817,0.0,0.0022578596387070587,0.005805358222629197,0.0,0.00468259541733985,0.011911446877990032,0.07905855504352062
s06M4922,0.22505974535219192,0.0,0.0,0.0,0.0,0.0,0.000650605275404527,0.0,0.0,0.0007481895181633683,0.006030433532861625,0.0,0.0,0.0,0.0,0.0,0.0,0.0351424340324564,0.008254662493992487,0.0,0.0,0.00028989800375402104,0.7138244445185469,0.0,0.00266740056739255,0.002382509616925372,0.004949677088310791
s07M4922,0.3767341712422252,0.0,0.0,0.001944330337753879,0.0,0.0056915838743444875,0.0004079148513038814,6.68007124232602e-05,0.0,0.0,0.02536747723788773,0.0002119234284582999,0.02019325739009216,0.007384534651754091,0.0,0.06012155978966287,0.0,0.40589335015820244,0.02204923167692067,0.0013903119252184997,0.0,0.0012521734309886385,0.004917755775833103,0.0019897980669997027,0.009783705906989395,0.033281145174131055,0.021318974368810615
s08M4922,0.0,0.48283224554705906,0.022614510987375956,0.014694605988509775,0.0,0.0,0.0,0.0,0.0,0.0,0.0011380795393425248,0.10591356135216538,0.0,0.0,0.0,0.0,0.3728069965855474,0.0,0.0,0.0,0.0,0.0,0.0,0.0,0.0,0.0,0.0
s09M4922,0.11320330307050387,0.018458615209626505,0.007919094426784531,0.06388348140306901,0.0,0.0,0.0,0.018652460295194035,0.006364072712609299,0.0,0.315721917690802,0.19432211905293384,0.0,0.0,0.011916781114068516,0.0076121009591532,0.17213313498157057,0.008570004420649492,0.0034847405622972067,0.0065781160371326955,0.016671276983022128,0.0,0.0,0.0,0.0012325700336075095,0.03186765277301359,0.0014085582739621681
s10M4922,0.08888127694043958,0.0,0.0,0.02308572975549582,0.0,0.0,0.0,0.026923995321650882,0.04036945826225435,0.00020704108313181264,0.6044414933585417,0.03976886345464611,0.0,0.008777295389586276,0.01567196783956902,0.0034267002535308443,0.029605965365576654,0.014761352436956018,0.0313975313403252,0.0015316086747817943,0.059003678939174735,0.0,0.0,0.0,0.0,0.012146041584339252,0.0
s11M4922,0.0,0.012062500577016978,0.00021359135038069127,0.0009231781487105351,0.0,0.00415173071917026,0.0,0.00025856861083339605,0.04286897629022874,0.06068005477984978,0.5356481076418116,0.01588620345202856,0.02482011993334451,0.0,0.004405097338066383,0.007308425407451533,0.019665350680139058,0.22243700369815603,0.010687857791557884,0.0,0.03554606935158338,0.0,0.0011096204725743386,0.0,0.0,0.0013275437570962516,0.0
s12M4922,0.044156977470514204,0.0,0.0,0.012334324953083464,0.0,0.0,0.0,0.013790746349220699,0.04026919447926035,0.09359468123594725,0.5309674522421071,0.027088739524967625,0.014235727702457478,0.0023084227391471433,0.008459391223537767,0.012932824117292506,0.02436154473222292,0.100710988689938,0.03174539821769245,0.0014780054559118275,0.033643908440086065,2.858546921608403e-05,0.00040627215082262685,0.0,0.0,0.007486814806574242,0.0
s13M4922,0.0,0.008915455261365559,0.0,0.0,0.0,0.004262272394253639,0.0,0.005128789999691882,0.024743745412600576,0.2667748703487267,0.3731790772489322,0.004718818495420898,0.03310139464786302,0.0,0.0,0.0,0.013035107631276941,0.26120254018782957,0.0018416547707473649,0.0,0.0,0.0,0.0030962736012917517,0.0,0.0,0.0,0.0
s14M4922,0.0,0.1015155519184358,0.0,0.021008355495057206,0.0,0.09902171463685301,0.0,0.011994494381036327,0.029522296380675092,0.15154168730299064,0.0917102130865793,0.0,0.06349303238267487,0.0,0.0,0.14188998662424843,0.008808306069903332,0.1700251010424608,0.034830632343245106,0.0,0.03952936100026029,0.0,0.0036856343136280187,0.0,0.0,0.0,0.031423633021951836
s15M4922,0.058045909934779844,0.00634148037342838,0.0,0.0017602477032790786,0.0,0.021676355847863694,0.0,0.002816254629730407,0.003935297416327573,0.09998442679873087,0.14252701175849727,0.0,0.016443108364991934,0.0,0.002683520390238368,0.0913105449120171,0.0,0.46912540774267525,0.030557926597713125,0.0020952618900933295,0.027666834748463928,8.5337311681769e-06,0.0,0.0,0.0,0.0060399797918784665,0.016981897368123156
s01X4922,0.009849469040653537,0.003303119370316073,0.001596445314029655,0.0,0.0,0.0,0.0,0.0001503558121087126,0.0,0.0,0.0,0.0,0.028921926400242534,0.297006101753869,0.007063592235141576,0.042341231183563074,0.00045907988576961563,0.0,0.0320547357306588,0.007132588652708058,0.0,0.0007967856575098945,0.0,0.0,0.0,0.0,0.5693245689634296
s02T4922,0.404139721633534,0.021308477350636897,0.0,0.00583166155089676,0.0,0.00028742129512512583,0.0,0.0,0.0,0.0,0.000949647744384287,0.0,0.02342659654890245,0.10283018675728554,0.0006125910378787818,0.022029814193690676,0.0007628391911227548,0.02517784993179871,0.0021235534030141904,0.0009344787877678318,0.0,0.0015929512727631742,0.08210612203527788,0.0,0.0002603190049367196,0.002409893393199448,0.3032158748677848
s03T4922,0.14442978441917584,0.014334520143105283,3.4768278238634135e-05,0.0035558150974002167,0.0,0.0,0.0,0.0,0.0,0.0,0.0,0.0,0.028778602761538485,0.22613347290051414,0.0047393489793925506,0.03420438950264194,0.0,0.006134157527067019,0.0,0.0021369029192761404,0.0,0.0012530284645268428,0.02354254103092961,0.0,0.0,0.0,0.5107226679761933
s04T4922,0.45267904625509253,0.010537945504046358,0.0007063162485035319,0.0033036389882161597,0.0,0.0002505843597621565,0.000337287615415748,0.0,0.0,0.0,0.0007814164707252496,0.0,0.02185025228167912,0.07182989882030058,0.001706055598458522,0.0026239624620149928,0.0,0.00015442589730702613,0.0,0.0014598540880028203,0.0,0.0008182169593661165,0.018060270179392674,0.0,0.0006837512126516088,0.0028974829723412638,0.4093195940867235
s05T4922,0.5619460763989107,0.011546637729097016,0.0006405391017061165,0.010009444891716124,0.0,0.0,0.0,0.0,0.0,0.0,5.28349410288306e-05,0.0,0.0023010384492473967,0.02037540486216172,0.0007231675822429694,0.0,0.0,0.0,0.0014397615636437741,0.0010256198571471555,0.0,0.0005913861824941554,0.016901893248675203,0.0,0.0,0.0,0.3724461951919289
s06T4922,0.38608993917440126,0.0220629395856974,0.0,0.0,0.0,0.0017729534038533324,0.0,0.0005981470240826647,0.0003882847398954441,0.001150827043277524,0.002625024067353186,0.0,0.04993294432007938,0.03617616961502701,0.005840381277198593,0.03076047761843503,0.0003852389677116102,0.016169564160250605,0.004084837798769657,0.001552257842445487,0.0,0.0016785943054654347,0.03571635343986501,0.0,0.0,0.0,0.4030150656161914
s07T4922,0.5196156864597767,0.013208254002834664,0.00028927878385748827,0.006430293269965204,0.0,0.0,0.005115286806355424,0.0,0.0,0.0,0.00017792256846294797,0.0,0.004669851330884301,0.04650762788941554,0.0,0.0,0.0,0.0,0.0004278127987982496,0.00030368154168529166,0.0,0.0012260123716422778,0.06151010380908559,0.0,0.005724132886894687,0.0016316054527642353,0.3331624500275775
s08T4922,0.0,0.5148976799993535,0.0,0.0609085694406625,0.0,0.0,0.0,0.0,0.0,0.0,0.0012367001081106204,0.2811987190766066,0.0,0.0,0.0,0.0,0.13222495486479768,0.0,0.0,0.0037613749170712853,0.0,0.0,0.0,0.0,0.0,0.0,0.005772001593397808
s09T4922,0.020505329791490348,0.039740879690602714,0.0,0.021154043009409873,0.0,0.0,0.0,0.0,0.08266803284684393,0.0025561916033079637,0.5564249282379842,0.08085105535235354,0.010172797995415385,0.008219837001092703,0.0,0.0,0.03194241604539774,0.04755911602978744,0.0,0.002714229761625064,0.09514873012110488,0.0,0.0,0.0,0.0,0.00034241251358429385,0.0
s10T4922,0.07362682645551503,0.033490838494360894,0.0,0.07569819306028808,0.0,0.0,0.0,0.006416943393733666,0.004191535247498848,0.0,0.12767891573150839,0.430943923932665,0.0,0.0,0.0,0.0,0.12589897666306674,0.0,0.0,0.006614425908837071,0.10470870217729593,0.0,0.0,0.0,0.000749289249109981,0.0045742258729756565,0.005407203813144428
s11T4922,0.06524042701694781,0.042328324795028606,0.005757629467629652,0.0745474549086863,0.0,0.0,0.0,0.0014104334070529072,0.02331673595719612,0.0034341306864707137,0.20717692214405486,0.29124528492074936,0.005885549645243354,0.0023195855717559645,0.0,0.0,0.16359895122830148,0.013344209660910404,0.0,0.006271086383850389,0.07215781314637985,0.0,0.0,0.0,0.0,0.002686312828280948,0.019279148231461173
s12T4922,0.049908019244940205,0.017215239066694865,0.0,0.10016291311759493,0.0,0.0,0.0,0.008220590824624781,0.017779229791858094,0.0,0.22311353501025924,0.3194249028656599,0.0,0.0,0.0,0.0,0.15114160894356948,0.0009498487737616948,0.0,0.004890846486870011,0.10293677584453013,0.0,0.0,0.0,0.0,0.0010968898969766743,0.0031596001326600637
s13T4922,0.07922475122624635,0.023651089187088952,0.0,0.0,0.0,0.0028721283911352716,0.0,0.00043518784125312333,0.0,0.0,0.0,0.0,0.03166544781827764,0.14553447547378442,0.00324642503933867,0.08121444471945592,0.0,0.0,0.0,0.0,0.0,0.0,0.0024565557609909534,0.0,0.0,0.0,0.6296994945424286
s14T4922,0.025457329330463355,0.04722134899808766,0.0,0.02232595729885244,0.0,0.0,0.0,0.0,0.08635282914404332,0.07934478101254502,0.3600245740601127,0.09984795553033685,0.02304790364671419,0.0033363750328243946,0.0,0.0,0.038592369674296405,0.09868620140005567,0.0,0.003392607392838561,0.08350510832886135,0.00010550670239983133,0.0,0.0,0.0,0.0,0.028759152447568343
s15T4922,0.17614183535686997,0.008356796455716766,0.00028316397649921765,0.009766992923065267,0.0,0.0,0.0,0.0004965238110701057,0.0,0.007722154224703457,0.01563681748744541,0.0,0.039911112415737394,0.20476398184109568,0.006386289799656673,0.004590861903693583,0.001062347880310598,0.042877516403888226,0.01614727534955454,0.017996736332203004,0.0,0.0012649119214558028,0.0,0.0,0.0,0.0,0.4465946819170344
s02M5022,0.14069742925820125,0.0017328313475345998,0.0008043658983515595,0.018382130956528794,0.0,0.0,0.0,0.0,0.0,0.003717852078376209,0.009902003626528117,0.0,0.03653488549478717,0.2830509825010768,0.0015440377773524793,0.005164427200515427,0.0,0.02463352440476149,0.0,0.00665617551193094,0.0,0.0015584906469896494,0.0,0.0,0.0,0.0,0.46562086329706553
s03M5022,0.2762747422028308,0.00675753784304918,0.0007371600041673384,0.008627668227288271,0.0,0.0,0.0,0.0,0.0,0.0,0.0022118149158503356,0.0,0.022394388161919715,0.13622227073708376,0.001524287226357329,0.009714484725169371,0.0,0.0024342068971120105,0.001974733290551931,0.00292787097932803,0.0,0.0003515127791408994,0.11001894850665382,0.0,0.0007422127341928965,0.002299442291299933,0.41478671847800425
s04M5022,0.3406459693985717,0.024444809269792745,0.0,0.0,0.0,0.0030603461520969243,0.0,0.00085542681365994,0.0,0.0,0.001595825791065715,0.0,0.033272715538413614,0.08994053810355518,0.0,0.021130076116631657,0.0,0.00978650437605715,0.0025380592783186585,0.00048304800483443794,0.0,0.001727566770816402,0.05862097030226071,0.0,0.000421795407226274,0.0,0.4114763486766989
s05M5022,0.23487577764658887,0.01752088654854396,0.00037431713263138975,0.00012312749587222908,0.0,0.0010395074036532355,0.0,0.0,0.0,0.0,0.0026121722739132916,0.0,0.030414354526596608,0.11536099970678003,0.003227144492480871,0.040505529077671326,0.0,0.006082668329018842,0.0,4.460153123745275e-05,0.0,0.0005604801433036343,0.0,0.0,3.208117741183219e-05,0.00018491331723660134,0.5470414391970598
s06M5022,0.2425165142271567,0.018917025608438567,0.0,0.0,0.0,0.0,0.0,0.00039981591785904987,0.0,0.0,0.0026649925169850625,0.0,0.035552712047590085,0.159813694717192,0.0,0.010867981704200154,0.0,0.011035687596607434,0.003745372238068668,0.0,0.0,0.00030605424754351547,0.011837867818490581,0.0,0.0010884297870326829,0.0,0.5012538515728356
s07M5022,0.029869655188288873,0.025037434365523185,0.0,0.007423212036714145,0.0,0.004703848643613877,0.0,0.0002670507814905874,0.0,0.0,0.00912231543927137,0.0,0.05809684840832064,0.3537387804148892,0.001508491888169146,0.014409917903228263,0.0,0.03468415877868882,0.00037748459474375764,0.0024119883654994635,0.0,0.0006010937978049558,0.008216148979545888,0.0,0.0010744943675457912,0.0,0.448457076046662
s08M5022,0.0,0.624433520018442,0.00036098653886352595,0.0281846723355626,0.0,0.0,0.0,0.0,0.0,0.0,0.00040561206657752146,0.0,0.0,0.0,0.0,0.0,0.32765484729707833,0.0,0.0002189988868025654,0.00700666301527248,0.0,0.0,0.0,0.0,0.0,0.0,0.01173469984140091
s09M5022,0.06539204606638674,0.0741522498247059,0.0023525946912322042,0.08623796307253617,0.0,0.0,0.0,0.0061498906202429844,0.025375036515119378,0.006612674963159557,0.04692987447263941,0.28204928918435923,0.002370532202106027,0.007666465540248033,0.0,0.0,0.2709029686617397,0.0028854627102334685,0.01850063058393595,0.011565195700460182,0.05512891272176953,0.0,0.0,0.0,0.0,0.001304127078211983,0.034424085390913614
s10M5022,0.022325650973876683,0.004765542363812097,0.0,0.003756451354348339,0.0,0.0,0.0,0.0,0.053181941015368904,0.21513235349315926,0.26690095674521513,0.04805524665445357,0.035743006720830424,0.05688116188257368,0.0,0.0,0.014420320729951355,0.037980306104096674,0.007952243183638597,0.004699830878994501,0.10775717266317565,0.0013424370301247804,0.0009004549671780277,0.0,0.0,0.001807654919846668,0.11639726831935582
s11M5022,0.0,0.0322315246892108,0.0,0.03136954901953979,0.0,0.0,0.0,0.005245084867510333,0.061795478252654225,0.2082306999568253,0.24329766132026281,0.040657205416946014,0.026489710870459086,0.056588982247276806,0.0,0.014146041667310188,0.023871982702949747,0.06137494112264221,0.0007236596957579947,0.0041462852893936405,0.06922008025412323,0.00020403771827522848,0.0004092782115561804,0.0,0.0,0.0,0.1199977966973063
s12M5022,0.0,0.009083658194216354,9.324944797094331e-05,0.006002163514940947,0.0,0.0,0.0,0.0005863510057554011,0.001578593177326504,0.13617432015362924,0.12080142909000337,0.0,0.05841997927402886,0.12850044787299672,0.008878325489553144,0.0,0.0,0.17373988886693661,0.0033207610601976604,0.003820884734460132,0.01964504083021685,0.0006730163249187409,0.0,0.0,0.0,0.0,0.3286818909628485
s13M5022,0.0,0.005617090777866318,0.0001381113365898615,0.0092014712762705,0.0,0.0,0.0,0.0005913341727891895,0.0,0.10905171803837349,0.09357408099932439,0.0,0.05461918397849012,0.1824083821376246,0.0006407195805799608,0.0,0.0,0.18359598998484092,0.0009081602228737695,0.002816469291387819,0.014913402792639944,0.0005439727527339997,0.0,0.0,0.0,0.0,0.34137991265761514
s14M5022,0.0,0.009871143318653222,0.0,0.009314519240884844,0.0,0.0007798862369089283,0.0,0.0021633607933874612,6.512290421531173e-05,0.14933312430477294,0.07969763476733935,0.0,0.05688412796103015,0.06111607766311761,0.003284685019453352,0.06251063040508062,0.0,0.1905575895220862,0.01993586863599018,0.0034639826386798195,0.03782366345492731,0.0006525062638316198,0.0,0.0,0.0,0.0,0.31254607686964103
s15M5022,0.0,0.00808331101016217,0.00049698608726947,0.009257935589607113,0.0,0.003602734176419713,0.0,0.0,0.0,0.02137545747944927,0.022351421000036883,0.0,0.0393142822604956,0.1976325737381025,0.006307725033350061,0.0857988730602008,0.0,0.05297589556514999,0.024065418564107106,0.0031089565689626283,0.005813676904711698,0.0,0.0,0.0,0.0,0.0,0.519814752961975
s01X5022,0.20122247046700123,0.02115778207666736,0.0,0.0,0.0,0.006109101881151366,0.0,0.00024733215853748794,0.0,0.0031235576304230704,0.003973896383401645,0.0,0.06860034977228643,0.20756521098261688,0.0,0.03536586257869352,0.0,0.027308806137678568,0.0010717754302880813,0.0005270490918224491,0.0,0.0020326150357063196,0.0,0.0,0.0,0.0,0.4216941903737256
s02T5022,0.16104294097295904,0.008410662107941145,0.0003393977618021752,0.0,0.0,0.002035442323301436,0.0,0.00045917045852792023,0.0,0.0052317664543527894,0.008085141364326634,0.0,0.0407002637097538,0.22526484262747976,0.0017056839010733283,0.0428492580111694,0.0,0.022121000434556646,0.0,0.0032716102398553334,0.0,0.00030204174110726574,0.023044237399606277,0.0,0.001008806290886466,0.0,0.4541277342013006
s03T5022,0.10970565541435698,0.009661087315316346,0.0004135666699237894,0.020088200609391944,0.0,0.0010042595277982846,0.0,0.0,0.0,0.0,0.008231755111813817,0.0,0.04797216793073893,0.3002779379148681,0.0,0.017368749612292612,0.0,0.027140216423353652,0.005200847173763731,0.009964071712604028,0.0,0.0007284498659208252,0.04378040516013255,0.0,0.0,0.0,0.39846262955772443
s04T5022,0.0,0.002356583428614921,0.0002692045101190661,0.0,0.0,0.0,0.0,2.5055460013131584e-05,0.0,0.004746878362835194,0.002821925609654448,0.0,0.0016317764517232345,0.0,0.0,0.006756636709011573,0.0,0.005391247586596812,0.004748354901199217,0.895618568568464,0.0,5.586424792641631e-06,0.006181642660686343,0.000860687653446868,0.0,0.0,0.06858585167284245
s05T5022,0.2672844389347902,0.0045667888992667795,8.695170173047397e-05,0.004661057495410145,0.0,8.513523166330233e-05,0.0,0.00032530019184762225,0.0,0.0,0.004993986793344092,0.0,0.0319042272426707,0.2355275800013335,0.0014359266780109522,0.0033883829955443294,0.0,0.015491541800045609,0.038252781118312644,0.018732717790226918,0.0,0.0015921860258784504,0.0,0.0,0.0,0.0,0.3716709970999243
s06T5022,0.5144918535352512,0.007936411430671829,0.0,0.0009226274643421167,0.0,0.0,0.0,0.0007711319614812958,0.0,0.0011432715462826868,0.005416933286186211,0.0,0.026053226295806083,0.1351035849581277,0.0011510119209297953,0.0,0.0,0.014177039515473173,0.022677882465857693,0.006732987721978643,0.0,0.0033346651221866776,0.0,0.0,0.0015192647520680506,0.0,0.2585681080233569
s07T5022,0.08440893999007917,0.005149977278270238,0.0003813392619322194,0.014517463003025347,0.0,0.0004485531944274481,0.0,0.0,0.0,0.0,0.006477367072959795,0.0,0.0400805585666233,0.42643165085257456,0.00045572788760973805,0.022933296838975128,0.0,0.021578175902949265,0.004598562670595787,0.014932872812200104,0.0,0.0009096554977480813,0.0,0.0,0.0,0.0,0.3566958591700299
s08T5022,0.0,0.5131525192310227,0.0,0.024750506906827164,0.0,0.0,0.0,0.0,0.0,0.0,0.0003419023761216707,0.0,0.0,0.0,0.009110792502990028,0.0,0.4391924815689118,0.0,0.0,0.005511048885448301,0.0,0.0,0.0,0.0,0.0,1.2712990314942004e-05,0.007928035538363416
s09T5022,0.18365783439761818,0.008399004133778521,0.0,0.10393795844056129,0.0,0.0,0.0,0.010811382107369037,0.003917932092170149,0.0013411213760031022,0.019417914263724703,0.21668237448115993,0.0012291455544364582,0.015227716665821376,0.011462157264183277,0.0,0.32866303280122816,0.0,0.0,0.005915365940557148,0.031324174443695514,0.0,0.0,0.0,0.0018258137581850808,0.001650973713910677,0.05453609856559722
s10T5022,0.10231223377849695,0.0053484032627797605,0.0,0.011980861523710203,0.0,0.0,0.0,0.004067473530444906,0.011709852157732695,0.178468887765026,0.1932341786427853,0.00457762399808249,0.031104973727451128,0.056280658309597165,0.009701395239717992,0.03139694865990914,0.0019208431517444564,0.10397703280518615,0.0,0.0037879489518887906,0.07813852766984185,0.0007919551662758478,0.0,0.0,0.0,0.0005834872194855862,0.17061671443984364
s11T5022,0.11935085470229387,0.0945023619354621,0.0,0.042194613162939036,0.0,0.0,0.0,0.004541827282470916,0.025163032111494687,0.06591648861340192,0.12312181929209166,0.019043232789332683,0.0249915374192834,0.04815888075293889,0.0022204361951570083,0.0053651148413641,0.107058508176273,0.06637950174395957,0.0,0.01099425849733983,0.10668334456733525,0.00027171769908344184,0.0,0.0,0.0,0.0011599696004486865,0.13288250061732998
s12T5022,0.0,0.07272937776265553,0.0,0.0347523233217584,0.0,0.0,0.0,0.002619404715566291,0.01316881857603166,0.25358362426261893,0.169214044952888,0.0,0.032081348077951516,0.04860808431795365,0.0,0.02765531222937534,0.018955738923898787,0.08209947859839388,0.0,0.0040027319012498645,0.09476214395697667,0.0,0.0,0.0,0.0,0.0,0.14576756840268149
s13T5022,0.0,0.07561998947282077,0.0,0.01919357661980099,0.0,0.0,0.0,0.009955034530374099,0.017011396889220983,0.2465187717894598,0.1127540754742979,0.0025309535370201795,0.041912566628989664,0.03575594685590799,0.006264628072959181,0.06142282058807725,0.015410205669801133,0.07785822918059145,0.0,0.004016608820375052,0.08450835833263477,0.0,0.0,0.0,0.0,0.0,0.18926683753766876
s14T5022,0.0,0.057998464467311904,0.0,0.011494697093767872,0.0,0.0,0.0,0.006179436895391976,0.0038312956279860752,0.27520320661135333,0.09059504323201986,0.0,0.04342086467512811,0.026064039272552773,0.0,0.05353249785544221,0.0018061157646426258,0.10954036471062843,0.002653135746082391,0.002020582516665804,0.10397785321426779,0.0,0.0,0.0,0.0,0.0,0.21168240231675875
s15T5022,0.0,0.0161109753616323,0.0,0.0,0.0,0.0027419135008144254,0.0,0.00099136106316383,0.0,0.023343194543617343,0.009659797593255219,0.0,0.04833547962611743,0.25143742758166515,0.0,0.049069829556266285,0.0,0.030319781055667374,0.03637936104276848,0.0010081703153357858,0.0,0.00023987472558089764,0.0,0.0,0.0,0.0,0.5303628340341155
s02M5122,0.1819581586743006,0.0034919356479836557,0.0,0.0,0.0,0.008997534149144757,0.0,0.0,0.0,0.006642115325350831,0.052932905695196236,0.0,0.056623629805266945,0.14340838122558894,0.0007343815346887878,0.04063944843545876,0.0,0.2390197978828048,0.0032995873773756434,0.0021811686882617742,0.009506288359153778,0.0004629244694605539,0.0,0.0,0.0,0.0010469193382270463,0.24905482339173685
s03M5122,0.25110515145094014,0.002628794771099408,0.0004941363531057099,0.003553215020364852,0.0,0.004589703766844878,0.0,0.0,0.0,0.021202974034172838,0.04632396130973624,0.0,0.0605502010739909,0.133308479190637,0.00452395162249333,0.010217444615905097,0.0,0.18101107139505462,0.0,0.0024972219728506056,0.0,0.0010694206520982382,0.015593188169537543,0.0,0.0,0.0,0.2613310846011687
s04M5122,0.0700932075892147,0.012589729692865414,0.0,0.0,0.0,0.000537359360345078,0.0,0.0,0.0,0.03183897743802115,0.029042186103052717,0.0,0.04815069866148721,0.06825782890015121,0.002717619947313575,0.11073791234156503,0.0,0.050124683424569653,0.0031297010318531806,0.0010566238050118031,0.0,0.0,0.0,0.0,0.0,0.0,0.5717234717045493
s05M5122,0.5754952534230929,0.0034921856753285505,0.0007336679926225979,0.004109346803626899,0.0,0.0,0.0,0.00011792394296620992,0.0,0.0,0.009081009864246188,0.0,0.022273608892294718,0.027574145868104933,0.0013388889733197062,0.0,0.0,0.011780839401680555,0.0,0.0027284196725343287,0.0,0.0005448178709239774,0.033901901412422324,0.0,0.0,0.0005860733289277278,0.30624191687790836
s06M5122,0.4106126079661964,0.0030656978014729306,0.0006726554608167321,0.003472789911981405,0.0,0.0,0.0,0.0,0.0,0.005206028790074878,0.02308355438505147,0.0,0.03909917120860677,0.13195519974500022,0.00476656285825366,0.0,0.0,0.042547473416740936,0.0,0.0023116124464488148,0.0,0.0004630194888395783,0.0,0.0,0.0,0.0,0.33274362652051614
s07M5122,0.0,0.01684244663645054,0.0,0.002399234832621216,0.0,0.002935346066085893,0.0,4.404615971173531e-05,0.0,0.014483120378704199,0.029158049351344636,0.0,0.08296721553808085,0.16224895720413027,0.0068860292668036375,0.036289231006060324,0.0,0.08334627238709123,0.004037063929415134,0.0027390731282298957,0.011100595460509448,0.0,0.003205017599354074,0.0,0.0,0.0,0.5413183010554069
s08M5122,0.0,0.5044180696599471,0.0,0.10295100950034275,0.0,0.0,0.0,0.0,0.0,0.0,0.0011357959050610888,0.15758832854292115,0.0,0.0,0.0,0.0,0.16125939603337566,0.0,0.00818949490036591,0.008720352604059078,0.03472046891748082,0.0,0.0,0.0,0.0,0.0,0.02101708393644656
s09M5122,0.0957866357053062,0.13189571507566794,0.0,0.07535329035660016,0.0,0.0,0.0,0.005767733166905794,0.0,0.0,0.014061560816275735,0.13515389803609532,0.0,0.0031116901928745985,0.021352694267843163,0.0,0.3951877950051372,0.0,0.017296354843010203,0.01103487458303809,0.05858470523042913,0.0,0.0,0.0,0.001946898334343977,0.0014721841626712776,0.0319939702238014
s10M5122,0.13400059675754966,0.05278185762517262,0.0,0.10258323528928304,0.0,0.0,0.0,0.004934866661919259,0.0,0.0,0.02063967935192377,0.25671549163880986,0.0,0.0045210503818012525,0.01150349989624548,0.0,0.21304436843747956,0.0,0.014541656686277006,0.012748629928651788,0.13674434622506623,0.0,0.0,0.0,0.0,0.0006649073812436388,0.03457581373857682
s11M5122,0.08463607099357265,0.05864525058493377,0.0,0.09497186880118119,0.0,0.0,0.0,0.005011160896015927,0.0,0.0,0.02378114724301244,0.15570056660902806,0.0,0.013972825434181319,0.00459810734707353,0.0,0.34872928875201814,0.0,0.029048990598574895,0.012681615083278856,0.12436825643363979,0.0,0.0,0.0,0.0,0.0,0.04385485122348941
s12M5122,0.04176110706057154,0.1208693918231944,0.0,0.04718336707731737,0.0,0.0,0.0,0.002951539809797832,0.035759116182870594,0.012378886289780485,0.03637809492237193,0.04631431777809524,0.002251787326390677,0.014694765563530344,0.0,0.0,0.1744191133568691,0.006561793310764068,0.1153094612054521,0.016957629237521473,0.2754270008884231,0.0,0.0,0.0,0.0,5.303304071194794e-06,0.05077732486297853
s13M5122,0.0,0.03171103766276266,0.0,0.005803558732468501,0.0,0.0,0.0,0.0006149873333184069,0.008183377369559581,0.09991434379064117,0.057120220583452244,0.0,0.026281372383989622,0.012310873200742669,0.0,0.016211801840578733,0.011203711264098883,0.07075758609932865,0.3764594189206082,0.005111661492402011,0.18449243318908926,5.527524979380044e-05,0.0,0.0,0.0,0.0,0.09376834088716576
s14M5122,0.0,0.02340093495930351,0.0,0.0,0.0,0.0,0.0,0.003362908581311988,0.0023516288261994675,0.15477903093269033,0.10556305945849466,0.0,0.04125196617203897,0.005549439212118269,0.0,0.012132545426299001,0.0,0.1255985374137369,0.1805736496721175,0.00203558082551623,0.24591226079051548,0.00021783441418435777,0.0,0.0,0.0,0.0,0.09727062331547351
s15M5122,0.017899720226001344,0.0017073879964827144,0.00030557783852289957,0.003034422461200762,0.0,0.0,0.0,0.0,0.0,0.08731417909659923,0.07019758366946029,0.0,0.03521734376051534,0.039921580826595984,0.0,0.0,0.0,0.10124123045002338,0.26625816603028746,0.0042645269183065465,0.2559162259707056,0.0006274463998524407,0.0,0.0,0.0,0.0,0.11609460835544606
s01X5122,0.1409170186554088,0.0023821882630931826,0.0005876275458878151,0.005774243691787686,0.0,0.0,0.0,0.0,0.0,0.0,0.014752668176129427,0.0,0.04106770856396679,0.38016913523982127,0.0017650277726248905,0.009414840347600404,0.0,0.02893402086277905,0.024895861740014128,0.004628970888570379,0.0,0.0007799079204935379,0.0,0.0,0.0,0.0,0.34393078033182267
s02T5122,0.1416952756024313,0.006148884652564463,0.0004998706959918915,0.018939540461471848,0.0,0.0,0.0,0.0,0.0,0.0008132337997336259,0.009104293995793301,0.0,0.05218508181143981,0.20835326066909962,0.001104216768419236,0.06396544287366172,0.0,0.027572318527938882,0.0014924879160267974,0.005075386478192326,0.0,0.00020534222891069204,0.04148002597999353,0.0,0.0,0.0,0.42136533753833094
s03T5122,0.23223679986550375,0.005019387843571095,0.0011062429822201482,0.00982436833596514,0.0,0.0,0.0,0.0,0.0,9.748488110697382e-05,0.009479196260928703,0.0,0.0365438311442672,0.15538032169775184,0.0030745402623976355,0.008330062057779202,0.0,0.028379114976820604,0.05222473872706987,0.005884005485116169,0.0,0.0006712922660414385,0.06900931790214924,0.0,0.0,0.0,0.3827392953113109
s04T5122,0.0,0.005718082189090674,0.0008759548619782907,0.0,0.0,3.912207093222782e-05,0.0,0.0,0.0,0.009152679737221801,0.022711638700706416,0.0,0.04767976349309153,0.10130074238383979,0.00011606619546012441,0.05900278707220982,0.0,0.043645109564221796,0.12255018584377245,0.0023552504192803675,0.0,0.0,0.028017286532600525,0.0,0.0,0.0,0.5568353309355941
s05T5122,0.13452322329242272,0.0007121404708794178,0.0007264883955478675,0.008507378520575728,0.0,0.0,0.0,0.0,0.0,0.0,0.0163635615899789,0.0,0.03329967350644417,0.401770367305882,0.0021703408224513837,0.0,0.0,0.03595374441551516,0.09351739328297094,0.005551888633897293,0.0,0.0012552585174266447,0.0,0.0,0.0,0.0,0.26564854124600773
s06T5122,0.24985873478701612,0.006360138588007259,0.0002996977230410992,0.004319734561763743,0.0,0.0,0.0,0.0,0.0,0.0031024913776931218,0.024729416352667604,0.0,0.020972689180134927,0.062426645781607094,0.0031312757401303786,0.0,0.0,0.015116606382412747,0.2479128807324058,0.002087901502860446,0.0,0.0001264466001957415,0.021508127826355864,0.0,0.0,0.0,0.3380472128637081
s07T5122,0.0,0.020569000316732873,0.0,0.0,0.0,0.0017085143769717394,0.0,0.0,0.0,0.007327856074312404,0.012001085071601723,0.0,0.030627643059595446,0.009418857314023803,0.0,0.16342801918016694,0.0,0.007735174288178339,0.20229841218259567,0.0,0.0,0.0,0.0,0.0022494245839969522,0.0,0.0022918009286207494,0.5403442126232032
s08T5122,0.0,0.7261756610981992,0.0,0.005316238974031202,0.0,0.0,0.0,0.0,0.0,0.0,0.0,0.0,0.0,0.0,0.0,0.0,0.10621602517066252,0.00014053723392804435,0.0,0.0110274675106144,0.09847872905646364,0.0,0.00046202925402226885,0.0,0.0,0.0,0.05218331170207872
s09T5122,0.004086442468059654,0.410977833762672,0.0,0.016763557319479625,0.0,0.0008335532438265094,0.0,0.007820364432784738,0.003737430331155722,0.010349957632474012,0.021721617735340062,0.0,0.013674588889240122,0.0,0.005673228154450305,2.1365903066383998e-05,0.19738881420072293,0.015938009845110953,0.0002772116867215455,0.033174347504076905,0.1825808619473366,0.0,0.005810612317319407,0.0,0.00012918144476264451,0.0012815701510763067,0.06775945103032367
s10T5122,0.0,0.0,0.0,0.0,0.0,0.0,0.0,0.0,0.0,0.06449132171303287,0.16040433618518107,0.0,0.006316011641498386,0.011013928425758124,0.0,0.0,0.0,0.03828854274037774,0.003768953787888054,0.0001610170204155556,0.7033445418935463,0.0,0.002005532022844494,0.0,0.0,0.0,0.010205814569457327
s11T5122,0.28080617761765203,0.109744216458203,0.0,0.022011071487693906,0.0,0.0,0.009392668834689626,0.007023345200865118,0.0,0.004688856146071712,0.029505608950102926,0.08004220958035377,0.00521420366222637,0.0,0.013237783766037108,0.0,0.07376861037884017,0.00384338283120895,0.047086893697711324,0.027686829403611214,0.23880362237349195,0.0009910813347819456,0.0,0.0,0.0016001902531563254,0.0012738725329724703,0.043279375490330015
s12T5122,0.13115919170718923,0.03507291090400027,0.0,0.0011587074915936353,0.0,0.0,0.0,0.0008345391388739985,0.009661622511595537,0.004250752981489222,0.07920966445776209,0.020806795698213493,0.01659601882168505,0.02011972468374873,0.0,0.0,0.013061097579353512,0.017679905130689427,0.055615338820794606,0.005186516165471164,0.558793568263137,0.0011724051899482328,0.0,0.0,0.0,0.0,0.029621240454454825
s13T5122,0.0,0.06073147273009008,0.0,0.0,0.0,0.0,0.0,0.0,0.0012139159303399605,0.0341942747685031,0.10712393285167386,0.0,0.022781939873156798,0.0024620498335620046,0.0,0.0,0.00016598817791440654,0.035615730877881155,0.04838077584581221,0.003723459791274281,0.6590177216424433,0.0,0.0007135888473932496,0.0,0.0,0.0,0.023875148829955468
s14T5122,0.0,0.020987192300378467,0.00021626845705333226,0.0,0.0,0.0,0.0,0.0,0.0,0.0666330320890909,0.09760715343474284,0.0,0.023701675052597612,0.011024936243836436,0.0,0.0,0.0,0.06767203417827364,0.06954085509316862,0.0014385550107417387,0.5905303912637292,0.00014779148298616496,0.0,0.0,0.0,0.0,0.05050011539340102
s15T5122,0.009519599912376674,0.0,0.00028706046406673714,0.0,0.0,0.0,0.0,0.0,0.0,0.07788688406694405,0.07513770308431211,0.0,0.026940720864490484,0.03104968667192067,0.0,0.0,0.0,0.09554722496691351,0.17039895597942897,0.0013275776616664442,0.44685244625963544,7.6170144274321e-05,0.0,0.0,0.0,0.0,0.0649759699239707
s02M5222,0.18473829125514862,0.010201456475941098,0.0,0.004434381660708987,0.0,0.0002256046506212855,0.0,0.0007099019892415164,0.0,0.006750255169991927,0.015614771246463982,0.0,0.06177168972357263,0.13152878565035872,0.005339972129977611,0.06805155922708848,0.0005933717149565732,0.08811254442914532,0.024291625778865126,0.002724205494734827,0.0,0.0009613031193061995,0.020982187459722516,0.00012849880185493057,0.0,0.0,0.37283959402229966
s03M5222,0.5835876063441414,0.0,0.0,0.020046602390935267,0.0,0.0,0.0,0.001631535889040966,0.0,0.0,0.007841457960762889,0.004006889096060295,0.013346481879112542,0.12059958750907808,0.0,0.0,0.0016652572799583218,0.021647426087821588,0.029102901429958486,0.0050803959396333205,0.0,0.0010138857118654112,0.0,0.0,0.0,0.0016271714423941508,0.1888028010392372
s04M5222,0.17780410358974688,0.0010650755936417687,0.0,0.005051135330260022,0.0,0.0,0.0,0.0,0.0,0.0003502819478990813,0.009797668568036724,0.0,0.021971516695064884,0.005827784677592102,0.0002204326216478483,0.03512886718795706,0.0,0.07059799458165782,0.02053193047774339,0.0008715705615536152,0.0,5.450369564023798e-05,0.5177933897625657,0.0,0.0,0.003438172985957507,0.12949557172303547
s05M5222,0.43621533868287427,0.0,0.0,0.004958376090411234,0.0,0.0,0.0,0.0,0.0,0.00370371853036158,0.010365348916825338,0.0,0.01984054812223446,0.01993511342253148,0.0,0.031669238866388276,0.0,0.07087060402209186,0.03162071851112416,0.0008077185265519579,0.0,0.0,0.2241270612491499,0.0,0.0,0.0035488984157849906,0.14233731664367053
s06M5222,0.293978100581939,0.00763976936372231,0.0,0.00737810432183783,0.0,0.0,0.0,0.00034584945874629005,0.0,0.03300784895435179,0.02213646264402647,0.0,0.04586847260171236,0.025272384017042186,0.0,0.028864353754918085,0.0,0.13093632667807253,0.05634924490160981,8.730770396718164e-05,0.03794098498523206,0.0008531903405894746,0.09149505694184717,0.0,0.0,0.0010059409612096005,0.21684060178917583
s07M5222,0.0,0.0026627522516814005,0.0,0.003537232003076355,0.0,0.0,0.0,0.0007127861219112554,0.0,0.05158039283185951,0.030552838573700294,0.0,0.05613042128935801,0.06115481303741926,0.0004982331266207461,0.05904409470167568,0.0,0.21163958550584278,0.21579561403133574,0.0007616970442007952,0.08403946804872717,0.0002358214391817281,0.013572520252533832,0.0,0.0006736311796008108,4.281020820769632e-05,0.20736528835306695
s08M5222,0.0,0.6247390786120168,0.0,0.003214503394330706,0.0,0.0,0.0,0.0,0.0,0.0,0.0,0.0,0.0,0.0,0.0,0.0,0.12980722821398416,0.0010246050698898444,0.0035457900585081333,0.019163663714708137,0.15023958139213506,0.0,0.002077225094756622,0.0,0.0,0.0,0.06618832444967053
s09M5222,0.0020534222056183948,0.15091151320620974,0.0,0.01147504354211837,0.0,0.0,0.0,0.01349477833431169,0.0,0.05334850266455296,0.05106154746415868,0.0038669867404628015,0.0368640196058139,0.0,0.0,0.0,0.058150848102246105,0.03516175924877179,0.003897245210962517,0.014249748037639098,0.491262688277533,0.00015453052222851355,0.004767267493052539,0.0,0.0011293582380116807,0.0,0.06815074110630802
s10M5222,0.08950413910384325,0.0,7.379438270044076e-05,0.0,0.00013442639137082208,0.0,0.0,0.006462870157920943,0.0,0.043360340648249195,0.11446926219816227,0.0,0.04347389351748114,0.0014563514295866634,0.0,0.0,0.0,0.06771015053994175,0.001210285303065689,5.956292949018653e-05,0.5909484652201714,0.00020889050921222557,0.0023750134771340164,0.0,0.0,0.0,0.03855255419167007
s11M5222,0.0,0.03993086620600907,0.0,0.0017179436477134922,0.0,0.0,0.0,0.004539250244715762,0.0,0.09276276845776425,0.08944778190386808,0.0,0.05409444024062685,0.0002660075353753003,0.0,0.0,0.0,0.07856285249815423,0.0,0.004148856159016076,0.6000239928156669,0.00022698255580774735,0.0006232937780351556,0.0,0.0,0.0,0.033654963957247076
s12M5222,0.0,0.02723933829826118,0.0,0.0,0.0,0.0,0.0,0.0,0.0,0.1254134656004485,0.08900378252566926,0.0,0.0753875643274549,0.0,0.0,0.0,0.0,0.08606554473702765,0.0,0.0006560375774576385,0.5858767194291894,0.0005530629617242239,0.0,0.0,0.0,0.0,0.009804484542767094
s13M5222,0.0,0.010166383076480035,0.0,0.0,0.0,0.0,0.0,0.0,0.0,0.14467538022354803,0.08975019318716003,0.0,0.07239074289639434,0.0,0.0,0.0,0.0,0.11921648772261115,0.0,0.0,0.5468565760281301,0.0,0.0,0.0,0.0,0.0,0.016944236865676258
s14M5222,0.0,0.022827986481416353,0.0,0.0,0.0,0.0,0.0,0.0,0.0,0.1731851217342012,0.05961063796122821,0.0,0.08444063349235784,0.0,0.0,0.059338962231588785,0.0,0.14314826527205557,0.0,0.0,0.41311780299793943,0.0,0.0,0.0,0.0,0.0,0.044330589829212584
s15M5222,0.0,0.012244603673787994,0.0,0.0,0.0,0.0,0.0,0.0,0.0,0.14281579834872216,0.062206306112095176,0.0,0.07754491158749299,0.004174486517515394,0.0,0.06745269765178392,0.0,0.16573726816441,0.0,0.0005676592813638868,0.40400751801491475,0.0,0.0,0.0,0.0,0.0,0.06324875064791385
s02T5222,0.05388702402947404,0.011052774782686455,2.222379546187987e-05,0.025516859221937638,0.0,0.0,0.0,0.0,0.0,0.021704194569013773,0.023969543002464958,0.0,0.0704893713470883,0.039772557077505474,0.002968451828541801,0.09867089973018696,0.0004332329456535547,0.1611190819307986,0.04920816632892611,0.0030503058789345815,0.0,0.0,0.08931659371192367,0.004682695509545659,0.0,0.004129237816894816,0.3400067864929616
s03T5222,0.12425758684311994,0.008235488788926808,0.0,0.01119551583901564,0.0,0.0,0.0,0.0,0.0,0.03546190883153632,0.01981715030175594,0.0,0.05629390357660236,0.037624503491129176,0.0007752188054119381,0.15239355763096057,0.0,0.11466255463922789,0.013235758928136714,0.0007787198142075557,0.0,0.0,0.12600417334409422,0.00026185166970075813,0.0,0.003707221736224845,0.2952948857599493
s04T5222,0.3568293902997305,0.009580103160809855,0.0,0.00869692301257487,0.0,0.0,0.0,0.0,0.0,0.010500341280479365,0.01715197522046893,0.0,0.026084026775756844,0.014265541071977262,0.0,0.010788374730650353,0.0,0.049127067211848195,0.0055812319074446965,0.00016646448961681845,0.0,0.0,0.2736114246251957,0.0,0.0,0.0010499563732119682,0.21656717984023469
s05T5222,0.5068395574538476,0.0,0.0,0.0018279355603792234,0.0,0.0004760270738622712,0.0,0.0,0.0,0.00014243016852886646,0.004484280293943819,0.0,0.004500956157049773,0.006495770638770545,0.0,0.0,0.0,0.0036264358131264706,0.0,0.0,0.0,0.0,0.4106361608368088,0.0,0.0,0.0,0.06097044600368268
s06T5222,0.5151097942159764,0.0,0.0,0.0035654915964035997,0.0,0.00023633275417919074,0.0003294158644216687,0.0,0.0,5.448436702751545e-05,0.00542091846340662,0.0,0.004227204013159333,0.0,0.0,0.0,0.0,0.0,9.090484390835712e-05,0.0,0.0,0.0,0.3936152358745144,0.0,0.0,0.0,0.07735021800700272
s07T5222,0.0,0.006715244628387834,0.0,0.008966127817661755,0.0,0.0,0.0,0.0,0.0,0.028134029235023058,0.01908138374067859,0.0,0.06872668773982155,0.06300438969465152,6.575793467385666e-05,0.24171870495366263,0.0,0.11315076497132878,0.004399752257725944,0.0006678019987749892,0.0,0.0,0.05281559120227795,0.00015564364326919191,0.0,0.0,0.39239812018206227
s08T5222,0.0,0.6001715842809496,0.0,0.027079885884364458,0.0,0.0,0.0,0.0,0.0,0.0,0.0,0.05731744271207334,0.0,0.0,0.0,0.0,0.10639240318093567,0.0,0.005804776257736778,0.009857634594539802,0.07635502955973317,0.0,0.001415167277066421,0.0,0.0,0.0,0.11560607625260073
s09T5222,0.14351774168705472,0.08947080277644372,0.0,0.04252029491634521,0.0,0.0,0.0,0.0049980672911256975,0.0,0.0,0.050663979118929274,0.09353004338270399,0.016615031172813974,0.006464795892561571,0.00775694564542182,0.0,0.06527204365747889,0.035645663008992544,0.01393633073788195,0.011173562627301473,0.3681737826524694,1.6066440878321516e-05,0.0,0.0,0.0009617730203922417,0.0012715213380112944,0.04801155463319384
s10T5222,0.0,0.04125796187280232,0.0,0.0,0.0,0.005200304759600591,0.0,0.0033021270951257096,0.0,0.09029932582161154,0.055635585676906116,0.0,0.11082008110553118,0.0,0.0,0.08631255520835562,0.0,0.14042660271124113,0.0064927531202534465,0.004033639625863189,0.40056148548294773,0.0,0.0,0.0,0.0,0.0,0.055657577519761456
s11T5222,0.04910968036716765,0.13798358545260206,0.0,0.005804115709659781,0.0,0.0,0.0,0.0028505148467196624,0.0,0.056999667840697585,0.04901703144218535,0.011126042882111489,0.06431314902271042,0.0,0.0,0.011864318586982562,0.026273424208212933,0.10066343866223992,0.011478522478708602,0.010177966725773252,0.41514585298621326,0.0002502230504366919,0.0,0.0,0.0,0.0,0.04694246573757874
s12T5222,0.0,0.09180002204457692,0.0,0.0033780877316292664,0.0,0.0,0.0,0.0,0.0,0.13848347613845488,0.06535998471185574,0.0,0.09643050893458899,0.0,0.0,0.009734614906879617,0.0034094575286071098,0.11816347404448974,0.0,0.0,0.4414008504433668,0.0003180773858653751,0.0,0.0,0.0,0.0,0.03152144612968543
s13T5222,0.12257945687484507,0.009814117322707221,0.00011391049647877854,0.002890304188661269,0.00248676937554031,0.0,0.0,0.0007350203734479577,0.0,0.08822430203513737,0.06279738267575434,0.0,0.12677834747155753,0.0,0.0,0.0,0.0,0.13970061412275425,0.0236930066205709,0.0004031637205975511,0.33757778639239716,0.0013944976639322683,0.002320660846164922,0.0,0.0,0.0,0.07849065981945309
s14T5222,0.0,0.03181445719130014,0.0,0.001312330900420491,0.0,0.0,0.0,0.0023618819069012318,0.0,0.21383823949992528,0.05879955899396005,0.0,0.10606555917870764,0.0,0.0,0.04812965315535922,0.0,0.14837217683982293,0.0,0.0,0.34253618987192314,0.0,0.0,0.0,0.0,0.0,0.046769952461679906
s15T5222,0.07306101793542859,0.0,0.0,0.0,0.0,0.0,0.0,0.00361460802128547,0.0,0.1384220852794029,0.07035084775532399,0.0,0.08014732190601286,0.012786960128705473,0.0,0.0,0.0,0.1482344827035379,0.033941661232218825,0.0017600690041277291,0.35971558705054396,0.0008483243582578201,0.00035958589763619486,0.0,0.000975891088417513,0.0,0.07578155763910084
s02M0123,0.0,0.00044819033079425197,0.0,0.003475126877676569,0.0,0.0,0.0,0.0,0.0,0.03216155939386772,0.010776104404897159,0.0,0.02367223160708329,0.0,0.00024956426507458026,0.07076651408319508,0.0,0.0923935265610391,0.003130866012980235,0.0,0.0028784596153927904,0.0,0.70587801097184,0.0020305256291581857,0.0,0.0005824160841833263,0.051556904162818
s03M0123,0.0,0.0020640352762339156,7.446579648691266e-05,0.004079995630706227,0.0,0.0,0.0,0.00011852648795420362,0.0,0.04560224332822019,0.01543280978701709,0.0,0.05086564523865094,0.0,0.004838804394997289,0.07128690825614957,0.0,0.12183410381593573,0.008164043965442286,0.0003563805745022341,0.004713055441975016,4.812570419365694e-05,0.5649305287121636,0.000509206460571298,2.6339124863226404e-06,0.0,0.10507848721631337
s04M0123,0.4535042136992738,0.0008318437206610774,0.0,0.005373464275238846,0.0,0.0,0.0002858504978993277,0.0015970660761429343,0.0,0.0,0.0028977500165034494,0.0,0.011353027219922174,0.0038273401698732234,0.0,0.0,0.0,0.02197493348266984,0.013842692621662694,0.0003541438774628784,0.0031967205689839317,0.0007342892629151424,0.42087194761332986,0.0,0.0,0.002208043583726851,0.05714667331373394
s05M0123,0.0,0.0002768548810418041,0.0,0.0,0.0036457047158027066,0.0,0.0,0.0,0.0,0.001265497801190495,0.0,0.0,0.0011943579376963232,0.0015792850209436855,0.0,0.004400388224704761,0.0,0.0,0.0,7.030682108784516e-05,0.0,0.0,0.9782767683056538,0.0,0.0,0.0003562344757376242,0.008934601816140947
s06M0123,0.16022887097372251,0.0,0.0,0.0018369242156919521,0.0,0.00014322480023456832,0.0,0.0,0.0,0.0013264731182221195,0.003707172694294608,0.0,0.0033094950540931956,0.0,0.0,0.0007247389073588034,0.0,0.007062492877776266,0.0,0.0,0.0,0.0,0.7906952697997475,0.0,0.0,0.0005103588335573667,0.03045497872530117
s07M0123,0.027707585548006803,0.001306593630320672,0.0,0.0027490312789495903,0.001502531672962869,0.0,0.0,0.0,0.0,0.002479617633255451,0.0012172214119532247,0.0,0.009833400319623008,0.0,0.0,0.015618678854869126,0.0,0.016687284043882852,0.004200828615100727,7.771092491691533e-05,0.0,0.0,0.8806544001421565,0.0021917772866365723,0.0009003665842040041,0.0007083253102693986,0.03216464674289229
s08M0123,0.0,0.6249305550900319,0.0,0.029701470767491557,0.0,0.0,0.0,0.0,0.0,0.0,0.0,0.03948730729326347,0.0,0.0,0.0,0.0,0.0945730553858489,0.0009713741186326954,0.0,0.010345157387617475,0.14541547052935574,0.0,0.004564491386621714,0.0,0.0,0.0,0.05001111804113655
s09M0123,0.004136532231162464,0.05369644205322688,0.0,0.0038001343573844043,0.0,0.0017221253846769968,0.0,0.0019733513433958824,0.0025734713131858626,0.08944930118025554,0.03621956363137973,0.009851814613000687,0.12184338907697721,0.0,0.0,0.12290343427612928,0.012164636263457422,0.13022675270649683,0.0,0.0011745657254688038,0.36178846147390226,0.0,0.018766053321561456,0.0,0.0,0.0,0.027709971048338253
s10M0123,0.0,0.018928794922347007,0.0,0.0008361812446152406,0.0002094435669145259,0.0,0.0,0.0037899546824418915,0.0,0.1252768357909241,0.04632990956729964,0.0,0.10207597042375952,0.0,0.0,0.132377991858616,0.0,0.15780647028933298,0.0,0.0,0.37101672386111695,0.0,0.0,0.0,0.0,0.0,0.04135172379263223
s11M0123,0.0,0.2330444831670133,0.0,0.006283348135834461,0.0,0.0,0.0,0.0019336710727774434,0.0,0.075351434751087,0.037663935764445815,0.0,0.06988093966350449,0.0,0.0,0.02988777383075276,0.022515928270206903,0.10563648083636487,0.0,0.0027833238046889256,0.36967367277716395,0.0,0.0,0.0,0.0,0.0,0.04534500792615999
s12M0123,0.0,0.14341330945958725,0.0,0.004068293650789634,0.0,0.0,0.0,0.0032941122797999554,0.0,0.0838142829361969,0.045075369632361806,0.0,0.06311219245403164,0.0,0.0,0.02062220087906341,0.008305514224459045,0.0924473728462525,0.0,0.0022674907117163938,0.4981893410473176,0.0,0.0010520636792180965,0.0,0.0,0.0,0.03433845619920585
s13M0123,0.0,0.14109250386057343,0.0,0.0,0.0,0.0,0.0,0.002695760393037495,0.0,0.14498869059122163,0.03841489148988302,0.0,0.09346558115305777,0.0,0.0,0.06252754337862422,0.007488074923373842,0.10627674208898871,0.0,0.0,0.3639567151110826,0.0,0.0,0.0,0.0,0.0,0.039093497010157345
s14M0123,0.0,0.0570422185688039,0.0,0.007083023473753632,0.0,0.0,0.0,0.0033911016528659277,0.0,0.165676985173744,0.04658170697766431,0.0,0.09462821846379524,0.0,0.0,0.04216868993150584,0.0,0.14934766124045776,0.0,0.0,0.3539872224072228,0.0,0.00999855796967373,0.0,0.0,0.0,0.07009461414051293
s15M0123,0.0,0.02181766205235503,0.0,0.0,0.0,0.0,0.0,0.004451171824677759,0.0,0.163828741709898,0.04439549497440209,0.0,0.09902828212688315,0.0,0.0,0.1123778249382957,0.0,0.17646362773521004,0.0,0.0,0.316927260278983,0.0,0.0,0.0,0.0,0.0,0.06070993435929518
s01X0123,0.09426105334658408,0.0020377410730544514,0.0,0.006559027896480553,0.0,0.00016046411335626773,0.0,0.0,0.0,0.0793466341503555,0.0217204633463463,0.0,0.04274166524365752,0.00046194315490614946,0.0008867489913811517,0.2940287054365393,0.0,0.26299100254862945,0.010379763039850297,0.0,0.011978380844083607,0.0,0.029488908401726226,0.0,0.0,0.0021952920290787686,0.14076220638397033
s02T0123,0.114139309124096,0.0,0.0,0.0005094096305090495,0.0021749045644995357,0.0,0.00019994788633576088,1.0508179622823346e-05,0.0,0.013520200079301124,0.00790176372215593,0.0,0.01300027291516416,0.0,0.0,0.011340313725756137,0.0,0.038771811658714884,0.02244134223597751,0.00020374463760441556,0.012579788539592546,0.00043614817834913215,0.7437670853508372,0.0011248213628594608,0.0009398432969853157,0.00022845789577241775,0.016710327015866413
s03T0123,0.04029976929843119,0.0,0.0,0.0,0.002759537961264199,0.0,0.00019128483872981347,0.00011279531518253905,0.0,0.0077442228417869486,0.0035669932044339494,0.0,0.004746778221482306,0.0011983849849591943,0.0013854334449794488,0.005457917903876978,0.0,0.019760386955568858,0.027809769431302502,7.684916142390337e-05,0.007514645074118496,0.00011801976138498332,0.8681923873667271,0.0005333906868214565,0.0,0.0006363029195038188,0.007895130628021982
s05T0123,0.2659662957380022,0.0,0.0,0.004673803282333622,0.0,0.0022586831499193318,0.0028525404419109395,0.0009414909415501572,0.0,0.009395275801997229,0.002831011466244891,0.0,0.01029748205668648,0.0,0.0,0.04660357435447006,0.0,0.05544104184957249,0.042148763116974367,0.0,0.01598173315083872,0.0006860925029207863,0.5155355259860428,0.0,0.0013298708947068645,0.0,0.02305681526582924
s06T0123,0.12113066937250182,0.0,0.0,0.0009900252761293972,0.0017735550510769216,0.0016670488147558504,0.00013556442364299267,0.00021402463915856808,0.0,0.010986391658188245,0.004240252486647293,0.0,0.0030945824760830825,0.0011957510616914134,0.0,0.03878685752244891,0.0018616707935463638,0.03648479383551548,0.040751229141708874,0.0,0.001430936351831781,9.460912883257761e-05,0.7152877656947086,0.0010443527759830375,0.0016223326900032743,0.0015626917897757688,0.015644895015769617
s07T0123,0.11689871024303927,0.0008201505342125166,0.00028139490324000327,0.0008831264672632462,0.0,0.0,0.0003933887156274241,0.00027086192784354056,0.0,0.005426620491117101,0.00719711594186335,0.00012983967230662707,0.0245012719480088,0.009462765312022623,3.747619955079459e-05,0.03282896445302719,0.0003620755875225663,0.0923348427814193,0.09536286431031676,0.000542037971798551,0.0,0.0003544616942368779,0.5543670448835015,0.002945185214128938,0.0009213021643614819,0.0014895888808376574,0.0521889097027539
s08T0123,0.0,0.6517812400941999,0.0,0.009925323266212989,0.0,0.0,0.0,0.0,0.0,0.0,0.0,0.04933686662799345,0.0,0.0,0.0,0.0,0.07804776369220023,0.001888173188205652,0.0,0.016271080995447575,0.14965938108698582,0.0,0.0,0.0,0.0,0.0,0.04309017104875433
s09T0123,0.030749889299935503,0.25373250786446333,0.0,0.015538772374453549,0.0,0.0,0.0,0.006850857830817948,0.0,0.010121925247557974,0.023873258243368684,0.056878107862889646,0.029348072055450425,0.0,0.0,0.0,0.05736677720248061,0.042112128956078465,0.0,0.002099838448686913,0.42449551052609585,6.157324930203523e-05,0.011006849196321031,0.0,0.0005612892463746923,0.0,0.03520264239572332
s10T0123,0.0,0.0,0.0003324509284322091,0.008448550889444658,0.002882722359287254,0.0,0.0,0.0074896009051953465,0.0,0.051886948075860514,0.05865035989838336,0.0,0.06114749149272754,0.0,0.0,0.008546148032791986,0.0,0.12875135528249787,0.2085088952870222,0.0,0.40038454187037636,0.0,0.0007264332745853396,0.0,0.0001213061081452252,0.0,0.06212319559525006
s11T0123,0.04105629828054134,0.02207751567975879,0.0,0.006480657167635222,0.0,0.0,0.0,0.002639612287271066,0.0,0.10978838905078227,0.04690030636536458,0.0,0.08017530763333482,0.0,0.0,0.055318699608147844,0.0,0.17188305636749115,0.03759050527348011,0.0,0.37017226701380374,0.0005201148896368347,0.0008447818945194148,0.0,0.00013299997807978084,0.0,0.054419488510152984
s12T0123,0.0,0.035504094135984404,0.0,0.0015052053651562448,0.0,0.0,0.0,0.0013388407992480503,0.0,0.10579303325171939,0.030239775965130156,0.0,0.0657379678770172,0.0,0.0,0.12312682311462186,0.0,0.20717707302722665,0.15910722593222887,0.0,0.20478205708951983,0.0,0.0,0.0,0.0,0.0,0.06568790344214741
s13T0123,0.0,0.006852133084950177,0.0,0.0005572916296279561,0.0,0.0,0.0,0.0006548766573945062,0.0,0.04767359120269586,0.015609679701958415,0.0,0.00930788643428344,0.0,0.0,0.01353170600266413,0.0,0.06124192481864479,0.7351316774325625,0.00016250524107557036,0.08321094769208262,0.0,0.0,0.0,0.0,0.0,0.026065780102060003
s14T0123,0.0,0.006206880806680796,0.0,0.00035645008943464867,0.0,0.0009396935720829716,0.0,0.0006451095147756329,0.0,0.04744110191213845,0.009436712255665603,0.0,0.001595145862294847,0.002745881268109572,0.0,0.09544577232334743,0.0,0.047790948162007615,0.7057728867717795,0.0,0.05857287589100446,0.0,0.0,0.0,0.0,0.0,0.02305054157067847
s15T0123,0.0,0.002681118578300239,0.0,0.0025495786662356012,0.0,0.0006614719049347225,0.0,0.00014816597349465434,0.0001902144610056445,0.038525727534914324,0.008226394635141257,0.0,0.010360301277516748,0.0023915103106687072,0.0,0.08581931521880407,0.0,0.07217574179626883,0.6906282830727027,0.0,0.010005292741076944,0.0,0.026855866071657384,0.0,0.0,0.0,0.04878101775727815
s02M0223,0.12140575679506668,0.016813433767023437,0.0,0.0012934654077647444,0.0,0.0,0.0,0.0,0.0002063749115339471,0.033328745638899406,0.01787040570336368,0.0,0.07022293563335835,0.0,0.0034341086368021878,0.18913180755671008,0.01038701089997503,0.38686651220545154,0.03251240335833655,0.0,0.003957929091725272,4.298515159843107e-05,0.06456308678932048,0.009992120612459772,0.0025608634087,0.0,0.03541005443191045
s03M0223,0.0,0.0,0.0,0.0,0.0,0.0,0.0,0.0,0.0,0.0349220703041177,0.013665895947603571,0.0,0.0409019632000306,0.0,0.0026672461670218315,0.23922529505230195,0.0,0.40058249261016987,0.22951923851849718,0.0007132504322545343,0.0,5.3369142634249216e-05,0.02718763452451194,0.0,6.215911076074975e-06,0.0,0.010555328189780588
s04M0223,0.1338811627541561,0.0,0.0,0.004879029316137938,0.0,0.0008335216368121475,0.0,0.0,1.5403043325971834e-06,0.05959614103592343,0.023245455485444235,0.0,0.08079161538893184,0.0,0.010232376203362877,0.19313945285039652,0.0,0.35713277602606164,0.033898735364155365,0.0,0.0,0.00021478664199015457,0.04900988049447939,0.0,0.0,0.0,0.053143526497815764
s05M0223,0.0,0.0,0.0,0.0009873292334930982,0.0,0.0,0.0,0.0001010106251031405,0.0,0.043841234306378304,0.014511193402101441,0.0,0.02842344550203901,0.0,0.004258522479058106,0.12086259263861122,0.0,0.2191249170566487,0.5230920713829754,0.002092059224748413,0.0,0.0,0.008951305590433223,0.0,0.0,0.0,0.033754318558410115
s06M0223,0.12711305281598942,0.0,0.0,0.003749962704378922,0.0,0.0029983125733969536,0.0,0.0007443066512779819,0.0,0.052830174863645836,0.024685084213879743,0.0,0.094865691971087,0.0,0.006954437503052899,0.1557722902553293,0.0,0.3266513783827997,0.02199549394747606,0.0,0.0,0.0004119818456201707,0.10175906001912649,0.0,0.0018169286272363364,0.0,0.07765184362570328
s07M0223,0.0,0.0,0.0,0.005690374439333956,0.0,0.0,0.0,0.0004810044076409844,0.0,0.03578343234072045,0.018121865461867212,0.0,0.04802926975332542,0.0,0.0028919661660575563,0.03719150901503409,0.0,0.23641808998967614,0.545994911052356,0.0016679185401960136,0.0,0.0,0.018544802175407923,0.0,0.001968101375075914,0.0,0.04721675528330823
s08M0223,0.0,0.7380715077451215,0.0,0.013352733095947226,0.0,0.0,0.0,0.0,0.0,0.0,0.0,0.0,0.0,0.0,0.0,0.0,0.0665167516738577,0.001577920250901294,0.0,0.006104200572110862,0.13197141539074542,0.0,0.00011236929878690283,0.0,0.0,0.0,0.042293101972529154
s09M0223,0.022873354112748184,0.32658023024176747,0.0,0.04180841533512827,0.0,0.0,0.0,0.006410091924577941,0.0,0.007862437813809122,0.01751678077131937,0.046827818115944574,0.015716686965747812,0.0,0.002446520404284644,0.003992833509995553,0.048832756832219354,0.04374471590633295,0.015222397496527894,0.003473119018869017,0.32914063819267153,0.0,0.0026340011576724545,0.0,0.0,0.00037963277341387654,0.06453756942696999
s10M0223,0.0,0.08205292078778045,0.0,0.013790984546624854,0.0,0.0,0.0,0.003422042250580279,0.0,0.09106910504448905,0.059519966649596585,0.008465179705244056,0.07203311427241421,0.0,0.0,0.0367529959696053,0.0012030271067788394,0.1653871098567088,0.014455394884423652,0.0,0.3991705459822114,0.0,0.006333482311464811,0.0,0.00043415502309526754,0.0,0.045909975608982544
s11M0223,0.0,0.30411030971088643,0.0,0.02773876588790656,0.0,0.0,0.0,0.002860090935001528,0.0,0.04621694029355138,0.023716827499779623,0.02187178277007657,0.035679150775567894,0.0,0.002310589862170154,0.036991892954507215,0.03307551663739527,0.09802935454468,0.008304801721093522,0.0025897318018744814,0.2840862840525772,0.0,0.0031636667366919105,0.0,0.0,0.0,0.0692542938162403
s12M0223,0.0,0.1531837947826527,0.0,0.00636028544233019,0.0,0.0,0.0,0.0014279362104116626,0.0,0.10487379231089822,0.0364315993712879,0.005066436827994691,0.06131510416493131,0.0,0.0024317643356359057,0.04096462573664483,0.008327733697391456,0.13498960128746068,0.03711128845234144,0.0,0.3673167930549511,0.0,0.0023609183860673786,0.0,0.0,0.0,0.03783832593900056
s13M0223,0.0,0.08063820913824034,0.0,0.01336995369726853,0.0,0.0,0.0,0.0005135557025071394,0.0,0.09208604576788217,0.05724192173511961,0.007405957418407442,0.06539639750401041,0.0,0.002270509951352691,0.02617590698139774,0.0026049664607069568,0.207047801858398,0.044080676382566554,0.0,0.3742864739131539,0.0,0.0004862515160066683,0.0,0.0,0.0,0.02639537197298198
s14M0223,0.0,0.036407515827996596,0.0,0.01858954192710372,0.0,0.0,0.0,0.004799894574795652,0.0,0.0937191714014297,0.04728080875331068,0.007476146923039688,0.08349498291973233,0.0,0.0047635756946886555,0.013461787731029651,0.0,0.19070552769591684,0.14222517725417644,0.0,0.31271536117919824,0.0,0.005906170197932303,0.0,0.0008714317792106398,0.0,0.03758290614043892
s15M0223,0.0,0.008069338312294318,0.0,0.0009473884972874598,0.0,0.0,0.0,0.0017945154779590757,0.0,0.062430208196295585,0.0200817298069034,0.0,0.03405741176268921,0.0,0.003449872527009117,0.037797308244960755,0.0,0.1384881491655326,0.5655150080569716,3.1889497239337716e-05,0.0897261223804675,0.0,0.001993667067386906,0.0,0.00046825950055401713,0.0,0.035149131506449084
s01X0223,0.007656876238867477,0.0,0.0,0.0,0.0,0.0,0.0,0.002450349260226452,0.00017110301370029785,0.06516317937986534,0.02597197745496606,0.0,0.09381807868831256,0.0,0.017778294187815322,0.15175811840117304,0.0,0.33830838995121687,0.21035833058100936,0.0026800956648437126,0.017297719967656396,0.0,0.007883846050532353,0.0,0.0033188658611269443,0.0,0.05538477529868781
s02T0223,0.0,0.0944680750851228,0.0,0.0,0.0,0.0,0.0,0.0029446404966871078,0.0020014554302278127,0.04010496808667597,0.015861571008624772,0.0,0.049967828826795596,0.0,0.0,0.11269248176936032,0.057331877628731834,0.336150804434672,0.05914483744258308,0.001937630398250526,0.1540003575509323,0.0,0.025357448023268763,0.015590455380579911,0.002580408808642825,0.0001304459694865505,0.029734713659357728
s03T0223,0.15183798314722313,0.0,0.0,0.002510057959600546,0.0,0.0,0.0,0.0,8.951492956841328e-05,0.05421854204126565,0.02102792455330198,0.0,0.08029130623985316,0.0,0.008101241577678414,0.13474707142782716,0.0,0.3277830908157903,0.0784745989536183,0.0009585077099840419,0.0,0.00012373983171329133,0.08136939863129772,0.0,0.0015608549578367918,0.0015463749700832291,0.055359792253357895
s04T0223,0.6152357894467447,0.0,0.0,0.0,0.0,0.0,0.0029855732592099396,0.0,0.0,0.004855009657598106,0.006505709408959897,0.0,0.007451928825657248,0.0,0.0,0.0,0.0,0.019409237087962935,0.060637715119737284,0.0,0.0,0.0,0.2588247106768836,0.0,0.0014487410428694885,0.0001786735862539978,0.022466911888122876
s05T0223,0.2780144739661213,0.0,0.0,0.000495165369493047,0.0,0.00017682463153921295,0.0006749491622280796,0.0,0.0,0.013595426753776202,0.011918286606506944,0.0,0.005787599318830226,0.0,0.0,0.030505895972742513,0.0,0.06501510440854916,0.5231950896454799,0.00013230204342544656,0.0,0.00018755871074880605,0.044747866281570486,0.0,0.0012303631602476345,2.6507078981371867e-05,0.024296586889759744
s06T0223,0.29058702702432077,0.0,0.0,0.0034466796848613306,0.0,0.0,0.0003232524430566504,0.0014780259373951235,0.0,0.01686007396323631,0.01613333917221987,0.0,0.006613430561589809,0.0,0.0,0.011913867474381591,0.0,0.06552395685649978,0.5188878392616519,6.309169172284371e-05,0.0,0.0006207026354840283,0.048075449845030586,0.0,0.00013550458300694906,0.0006362634177236642,0.01870149544781858
s07T0223,0.0,0.0,0.0,0.0,0.0,0.0,0.0,0.0,0.0,0.06003901117163584,0.016298006825690027,0.0,0.038580676465817074,0.0,0.002650460511815932,0.2578866337167738,0.0,0.34898874958193615,0.23216970063292347,0.0006710977595034654,0.0,0.00015602037192426102,0.03686157944087164,0.0,0.0,0.0,0.00569806352110843
s08T0223,0.0,0.7065652800844153,0.0,0.04232823541062511,0.0,0.0,0.0,0.0,0.0,0.0,0.0,0.0,0.0,0.0,0.0,0.0,0.06656873388322897,0.000699718908166822,0.0004969589669754,0.012548478849702116,0.12171386309038976,0.0,0.0002714840591739313,0.0,0.0,0.0,0.04880724674732252
s09T0223,0.007104500052367261,0.3127697248986422,0.0,0.0995205091298525,0.0,0.0,0.0,0.0,0.0,0.0062404342250553455,0.017622685157953517,0.08247612483500555,0.012641546885020824,0.0,0.0,0.005297664455749638,0.060307707369720076,0.0412648259862793,0.0019091092980313702,0.004470029340324543,0.29836719874921935,0.0,0.0025766042999600196,4.474603912130344e-05,0.0,0.0017961275652356478,0.04559046171246152
s10T0223,0.0,0.02445972081482949,0.0,0.008100870555975734,0.0,0.0,0.0,0.0012478438572801082,0.0,0.09907867893713057,0.04807382973798865,0.0,0.09504485659695057,0.0,0.00018674674295090748,0.12810633952244452,0.0,0.40576791026392334,0.0075367302758654435,0.0,0.15472273881411994,0.0,0.006330365100301138,0.0,0.0,0.0,0.021343368780239506
s11T0223,0.008714061105326205,0.24227823926704914,0.0,0.02119656260967755,0.0,0.0,0.0,0.0005071073049193008,0.0,0.04708200048028767,0.035321691115609094,0.027406226400443802,0.04343511801626814,0.0,0.005383945015905452,0.052128095145547386,0.031037078204396617,0.22286983300234883,0.015758406170739456,0.0010182879090858243,0.21752168277271272,8.974406270771181e-05,0.0035394128438051313,0.0,0.0,0.0,0.024712508573170054
s12T0223,0.34495681158026886,0.14288331636117974,0.0,0.008633101040319089,0.0,0.0,0.0,0.004940522629908517,0.0,0.01914738669406211,0.022238591988990124,0.03994715745158734,0.03760847950794339,0.0,0.009842175211689185,0.032050530582426615,0.007931646430935512,0.1230437160320405,0.016658484563574768,0.0,0.1490135930229141,0.0021262316473618045,0.00925176081428102,0.0,0.0018007930497010744,0.0,0.027925701390816213
s13T0223,0.0,0.09508157215302075,0.0,0.0032565572650672596,0.0,0.0,0.0,0.0,6.132727224538597e-05,0.08389338480083383,0.046849183147906925,0.0,0.07249482239486374,0.0,0.009534290973264317,0.13409173092731466,0.002020155084624586,0.33161938877368385,0.016633565243921258,0.0,0.18168627517170377,7.657517388254594e-05,0.0,0.0,0.0,0.0,0.022701171617667066
s14T0223,0.0,0.07198032260484998,0.0,0.00249915365523018,0.0,0.0,0.0,0.0,0.0,0.09824603206261659,0.04003568483192748,0.001930672814619045,0.07663843241271646,0.0,0.010371256046587566,0.13068894681537352,0.0013254172600516945,0.2678245555036339,0.08303788714777172,0.0,0.19726234022175762,0.0001533575249720157,0.0004303046977535986,0.0,0.0,0.0,0.017575636400138844
s15T0223,0.0,0.031189294063489113,0.0,0.0010721515459559867,0.0,0.0,0.0,0.00025837393556182436,0.0,0.07957442864587994,0.025964341131274053,0.0,0.06131947763253111,0.0,0.0036909464581257245,0.2735969927088725,0.0,0.2828103280090916,0.12291947299139284,0.0,0.11004246775430493,0.00028363166499937155,0.0008562717347498463,0.0,0.0,0.0,0.006421821723771121
s02M0323,0.020319727744537257,0.0,0.0,0.0,0.0,0.002689109504069412,0.0,0.0,0.0010594065469566932,0.11927172297835963,0.02652680008638499,0.0,0.07170907542596928,0.0,0.0013429194905789769,0.20450242092572954,0.0,0.48303296129108314,0.009852766764451147,0.0,0.0,0.00043834185527054544,0.05925474738660948,0.0,0.0,0.0,0.0
s03M0323,0.051239304234384324,0.0,0.0,0.0,0.0,0.0,0.0,0.0,0.00015711616381198994,0.12378021180180555,0.020255644960197557,0.0,0.05396319737022104,0.0,0.00422183753369758,0.2198249804285759,0.0,0.46374222372301793,0.03343947010728738,0.0,0.0,0.0005292702763814274,0.028846743400619296,0.0,0.0,0.0,0.0
s04M0323,0.6931402136704685,0.0,0.0,0.0,0.0,0.0,0.0024565779003522035,0.0018011327821734486,0.001708989521171709,0.0275772792980109,0.010987297146412306,0.0,0.020301598638602387,0.0,0.0013780949593244008,0.021170988037985082,0.0,0.1377257946084347,0.04223579258172147,0.0,0.0,0.0015390168472669383,0.020852643569863414,0.0,0.000507847891813999,0.0,0.016616732546398495
s05M0323,0.5780783367487725,0.0,0.0,0.0003635849014112435,0.0,0.0,0.0019483507825500347,0.001648682845729456,0.00037749521509572085,0.034668329375640655,0.012739011463615483,0.0,0.031203421220436414,0.0,0.0049294466953516605,0.06977798034631229,0.0,0.1675291296253301,0.04497371348256533,0.0,0.0,0.0011615815823691862,0.03522318241387803,0.0,0.0,0.0,0.015377753300941727
s06M0323,0.12377091437987002,0.0,0.0,0.0,0.0,0.0,0.0,0.001923492133050145,0.0006923896951567933,0.0760644516374017,0.017434933909009017,0.0,0.019970850325877715,0.0,0.005241685892840125,0.15551873399167512,0.0,0.33477053777975463,0.24279335782213116,0.0,0.004944063489917218,0.0004848071043011361,0.01638978183901521,0.0,0.0,0.0,0.0
s07M0323,0.16530671390224838,0.0,0.0,0.0,0.0,0.0013890370597791771,0.0,0.0,0.0004248853504872872,0.04676024559185849,0.010633004820443893,0.0,0.0231712559010957,0.0,0.001739028918823284,0.107327751460999,0.0,0.22945052990112452,0.3794524477251371,0.0,0.0,0.0007372394137699079,0.032685688845377474,0.0,0.0,0.0,0.0009221711088558139
s08M0323,0.0,0.7052013516557339,0.0,0.036133279031056335,0.0,0.0,0.0,0.0,0.0,0.0,0.0,0.039410598900730336,0.0,0.0,0.0,0.0,0.06117967155617556,0.00030521212613584273,0.0004875121230224943,0.0047404739998908145,0.11528885270011653,0.0,0.0,0.0,0.0,0.0,0.037253047907138015
s09M0323,0.0,0.6936690511433892,0.0,0.0663956978568801,0.0,0.0,0.0,0.0,0.0,0.0,0.0,0.012991296912307765,0.0,0.0,0.0,0.0,0.05537640342295597,0.004720674168571683,0.0005320880203692559,0.003319330230889701,0.11842845621971378,0.0,0.000594976749191007,0.00175690681549363,0.0,0.0,0.04221511846023791
s10M0323,0.0,0.17752532520252057,0.0,0.014430281341079368,0.0,0.0,0.0,0.0,0.0,0.0524176847912468,0.028796707491652453,0.005836119588814246,0.06119152957506855,0.0,0.0040622767726033685,0.1292694840839328,0.012177042493486194,0.32399596360303384,0.0038487843407557353,0.0011319452833073477,0.17110240702249083,0.0,0.0006326180226783549,0.0,0.0,0.0,0.013581830387329623
s11M0323,0.0,0.386235813481659,0.0,0.04204760997411482,0.0,0.0,0.0,0.0,0.0,0.0240435847108603,0.02051074774957589,0.011250426323586969,0.03279330630905708,0.0,0.005526276551389582,0.07655212458529223,0.03391758705941191,0.1780980737810887,0.004592408277314686,0.0036434219072963175,0.15394306157576448,0.0,0.0,0.0,0.0,0.0,0.026845557713587896
s12M0323,0.0,0.33722068328344484,0.0,0.033049867592785866,0.0,0.0,0.0,0.0,0.0,0.03422787446368017,0.01843167304086084,0.0063836632815465,0.04023776394047083,0.0,0.00711986397804145,0.07274875915977876,0.02769493511806589,0.19432991512140202,0.01773510609292492,0.0010898234493653721,0.18372049253193032,0.0,0.0,0.0,0.0,0.0,0.026009578945702196
s13M0323,0.0,0.23262051596040498,0.0,0.030895844198279798,0.0,0.0,0.0,0.0,0.0,0.024063871400334894,0.01764217531190821,0.00685354527871121,0.02221735294625116,0.0,0.003635444739182953,0.05254915790950027,0.019579521111313197,0.15643094781812622,0.2707012787217523,0.0015151586003145662,0.14248646124525038,0.0,0.0,0.0,0.0,0.0,0.018808724758669834
s14M0323,0.0,0.15618608418578703,0.0,0.01752229983475423,0.0,0.0,0.0,0.0,0.0,0.0450953401876005,0.026612768644096816,0.0,0.03602360936180199,0.0,0.006829670339689835,0.08174082270217671,0.009542207856965607,0.3009324596080857,0.14118766907666458,0.00029322715799317265,0.16599302603191746,0.0,0.0,0.0,0.0,0.0,0.01204081501246627
s15M0323,0.0,0.046324982173553665,0.0,0.003632178071905363,0.0,0.0,0.0,0.0011844761475565137,0.0010463147896956032,0.07486771166592705,0.024022094122316602,0.00019290963676664398,0.07182502341343386,0.0,0.01154197653910855,0.12074391391802544,0.001331740761392836,0.3550178735555557,0.1917173128583884,0.0,0.08348269352250269,0.0,0.0022415834312376347,0.0,0.0010709707198960918,0.0,0.009756244672737342
s01X0323,0.07351221096427726,0.0,0.0,0.0,0.0,0.0,0.0,0.000470039901648186,0.0,0.05083120787140242,0.016168370984708014,0.0,0.06644623595709011,0.0,0.0125456500329244,0.22907965676685746,0.0,0.4992704439739112,0.038721190655380607,0.0002094685528522854,0.0,0.0005261169919761299,0.0024519945265138675,0.004754794911911597,0.0027548291581436504,0.0,0.002257788750402784
s02T0323,0.0,0.0,0.0,0.0,0.0,0.0,0.0,0.0,0.00014328320380729156,0.0440834301339664,0.012833847736644522,0.0,0.07097564115926888,0.0,0.00612538512541276,0.34176849724991964,0.0,0.5082607584717956,0.015808765175945573,0.0,0.0,3.917432393776198e-07,0.0,0.0,0.0,0.0,0.0
s03T0323,0.06548086151174777,0.0,0.0,0.0,0.0,0.0,0.0,0.0,0.0006258482695850352,0.05756079736388706,0.014579207260486542,0.0,0.039423992398515996,0.0,0.00562524471575475,0.240477401579637,0.0,0.4450887400408995,0.12306605836720108,0.0,0.0,0.00028039126560484785,0.00699947489185432,0.0,0.0,0.0007919823348261056,0.0
s04T0323,0.0016864406477589326,0.0,0.0,0.0,0.0,0.0,0.0,4.395859386056293e-05,0.0,0.03766123251861342,0.0073202945629940435,0.0,0.010059561981809656,0.0,0.0033369545770408912,0.20378752674288328,0.0,0.18794412660981605,0.5404621229738072,0.0,0.0,0.00011338887925356,0.0051624855778910714,0.001399182008810165,0.0,0.0,0.0010227243254610967
s05T0323,0.17883964693783005,0.0,0.0,0.0,0.0,0.0034073438283438555,0.0,0.000563632793852594,0.00010830238810879848,0.02852245029687034,0.008882348644551487,0.0,0.02948389868194182,0.0,0.004979786500015999,0.11724134843910476,0.0,0.15689968482940223,0.4496626706736558,0.0,0.0,0.0003651596635788562,0.010012494086433841,0.0,1.8575656359544905e-05,0.0,0.011012656579949898
s06T0323,0.4897081465870189,0.0,0.0,0.0,0.0,0.0,0.0017924381119493369,0.00010559942802090621,0.00029481204977114005,0.021541829609224294,0.008056826705903202,0.0,0.023718848413627026,0.0,0.0008678295580527148,0.07584543448276619,0.0,0.12667318134044936,0.206782992714035,0.0,0.0,0.0007934228663869159,0.027976200452432664,0.0,0.0013772499920208937,0.0,0.014465187688341603
s07T0323,0.08219295354441014,0.0,0.0,0.0,0.0,5.0533113562397874e-05,0.0,0.0002779269924896897,0.0,0.03020355800174949,0.0077509012745428756,0.0005702103864212894,0.012888209405531805,0.0,0.0036725811161919994,0.1153367624767006,0.0,0.15813308364862647,0.5814551741427165,0.0,0.0,0.0003002254462197354,0.004977054834351936,7.47297408008582e-05,0.001048172629310175,0.001067923246374038,0.0
s08T0323,0.0,0.6946143121385122,0.0,0.09949291831856093,0.0,0.0,0.0,0.0,0.0,0.0,0.0,0.003925114631240478,0.0,0.0,0.0,0.0,0.05238710295502773,0.0,0.0019514023543849236,0.007055558937126806,0.09578115085394481,0.0,0.000309150542678118,0.0,0.0,0.0,0.04448328926852393
s09T0323,0.026929462253277206,0.565580580942361,0.0,0.04617074226472473,0.0,0.000499573776594879,0.0,0.0,0.0,0.0022669551635471218,0.0024865609187737225,0.029756592259274333,0.007145581997780568,0.0,0.016664495997512532,0.009925592817193563,0.05545724125133977,0.030347738255042167,0.00047867854985524604,0.003686613675023501,0.15610750918019184,0.0,0.0,0.003939784272779053,0.0,0.0008535802330974884,0.0417027161916313
s10T0323,0.0,0.18711408077499836,0.0,0.023223781089135517,0.0,0.0,0.0,0.0,0.0,0.03312983176861317,0.020110614193384044,0.006659821479001676,0.055728243940342835,0.0,0.011213006864335445,0.1990484772714909,0.014028512171759903,0.30911474613867745,0.00568127671956682,0.0005012773473206225,0.11274611818243932,0.0,0.0,0.0,0.0,0.0,0.02170021205893398
s11T0323,0.015642738763516285,0.36377939227379064,0.0,0.04165100545687985,0.0,0.0,0.0,0.0,0.0,0.02035654795099302,0.012237082504792962,0.015444786082188055,0.03564438888386752,0.0,0.001972871124816798,0.09836730452345009,0.03400193146715766,0.18630810027921832,0.004818159422484311,0.0025515718867148173,0.132483614053673,0.0,0.0,0.002603491252169231,0.0,0.0,0.032137014074287366
s12T0323,0.048758820359589616,0.2360513318743392,0.0,0.02942618391134344,0.0,0.0,0.0,0.0,0.0,0.03477570489209635,0.014717058382101553,0.0032970043101745498,0.033550486215170275,0.0,0.01371207220941265,0.16824851536802296,0.0163785923139678,0.24829252649776323,0.027427646305035868,0.00010023161565269711,0.11356935593060827,0.0,0.0,0.002025317390151696,0.0,0.0,0.009669152424569725
s13T0323,0.0,0.1488618916849931,0.0,0.020216069879537866,0.0,0.0,0.0,0.0,0.0,0.05353655899939528,0.020628027394423355,0.0019002382953889646,0.04864271208195856,0.0,0.0020768918687466427,0.18698813816162732,0.011413350874667766,0.35430499505195384,0.042740614170860634,0.0,0.10869051153644674,0.0,0.0,0.0,0.0,0.0,0.0
s14T0323,0.0,0.12262735748638647,0.0,0.00923268129676831,0.0,0.0,0.0,0.0019619004443293246,0.0,0.06070889051773078,0.020972988499686696,0.0,0.04193165108166813,0.0,0.013830321996073298,0.08627060016536482,0.007136949785382041,0.28324129825128846,0.2266967302217146,0.00014179862826422564,0.12516005549644402,8.677612889868744e-05,0.0,0.0,0.0,0.0,0.0
s15T0323,0.0,0.0702922215368264,0.0,0.009821020033901116,0.0,0.0,0.0,0.0,0.0006353200559513905,0.065513111738396,0.016540991515109113,0.0,0.08131705260502767,0.0,0.010152256247591269,0.24110731087247247,0.00258654161604992,0.3892144675628424,0.04392147770522983,0.0,0.06650701326298904,0.0,0.0,0.0,0.0,0.0,0.0023912152476131807
s02M0423,0.4330058362850842,0.0,0.0,0.0,0.0,0.0,0.0,0.0,0.0010448060373935235,0.009320316037968424,0.0073761544098935,0.0009511330009611907,0.06816659071987982,0.0,0.0068549224507542875,0.20125860279025287,0.0003216116529972136,0.18746912071223132,0.012066636071700675,0.0,0.0,0.0009900700650776,0.004388888996457442,0.0,0.0007187280133128236,0.0,0.066066582756035
s03M0423,0.2765390173158931,0.0,0.0,0.000676675184301187,0.0,0.0,0.0,0.0,0.0004740079126630402,0.029752366855508108,0.01194219776885649,0.0008926000197131269,0.075577761966478,0.0,0.0021562598354592246,0.2356685901524367,0.0,0.21620950485866977,0.05363427057501886,0.00033764392866084694,0.0,0.001050059563513095,0.02527480131101013,0.0,0.0009803960208361778,0.0004382613932677819,0.06839558533771434
s04M0423,0.9138901587136382,0.0,0.0,0.0,0.0,0.0,0.006749343835030743,0.0,0.0002290044356413939,0.0,0.0010905419439135521,0.0,0.0037450333145314977,0.0,0.0,0.0,0.0,0.004153216192315168,0.008489024652986232,0.0,0.0,0.0012367114782306792,0.033186907931725344,0.0,0.004287638665875836,0.0026131446163654374,0.020329274219745966
s05M0423,0.6876514608085695,0.0,0.0,0.0003416918070229887,0.0,0.0,0.00271600064640079,0.0,0.000520832325064301,0.009061617098932634,0.007682117358549455,0.0,0.02577696557922939,0.0,0.0,0.014539272367343552,0.0,0.06653550639313394,0.11995603088665067,0.0,0.0,0.0012563574062316686,0.015912708036509654,0.0,0.0013779958578157916,0.002682680992607623,0.04398876243593792
s06M0423,0.2218889905791674,0.0035915339055129303,0.0,0.0012699418767791514,0.0,0.0,0.0,0.0,0.0011854031910853214,0.030923735218992995,0.007171919171870151,0.0,0.014736358438036641,0.0,0.004121533984650452,0.1627735509805663,0.0,0.13177545390614465,0.3780544088122764,0.00028601406540583734,0.019820640961378404,0.0008167559119114669,0.006845405673963323,0.0,0.0,0.0007992955659140357,0.013939057756344436
s07M0423,0.24016609994165963,0.005044587432639968,0.0,0.006027993753589445,0.0,0.003197684377708647,0.00048418218451263655,0.0008698804460994885,0.0,0.06238583662565848,0.0,0.0007265859119315067,0.023711629277463783,0.0,0.0,0.42746532170401647,0.0009807692172629345,0.0019868950235640346,0.1778333652134672,0.0,0.0,0.0007396157564654409,0.007705491438143837,0.01155857668384664,0.0014180421526407564,0.0013887329633815277,0.026308709895947538
s08M0423,0.0,0.704111601760077,0.0,0.06473970416148928,0.0,0.0,0.0,0.0,0.0,0.0,0.0,0.028182068411205224,0.0,0.0,0.0,0.0,0.0604759515170434,0.0,0.0,0.007696415487248163,0.10316240849599502,0.0,0.0,0.0,0.0,0.0,0.03163185016694184
s09M0423,0.0,0.5629575418443364,0.0,0.12851267653915635,0.0,0.0,0.0,0.0,0.0,0.0,0.0010406013143695121,0.055092746151508665,0.0004719686188510571,0.0,0.0,0.0,0.06482572457360467,0.006855748370605818,0.0,0.005854087904342908,0.13045906192831783,0.0,0.0,0.0,0.0,0.0017056689207451228,0.042224173834161764
s10M0423,0.0,0.5816613333732373,0.0,0.11811008694941823,0.0,0.0,0.0,0.0,0.0,0.00037044732910922906,0.002063817025933221,0.042065545012870235,0.004353475123861541,0.0,0.0,0.0,0.057494868648632694,0.009379071379133458,0.003210446405837446,0.003314119130436221,0.13363340758130368,0.0,0.0003352049063572706,0.00013427240025891293,0.0,0.0,0.04387390473361041
s11M0423,0.0,0.5935572692781503,0.0,0.10795495336186037,0.0,0.0,0.0,0.0,0.0,0.0,0.00206356756804215,0.049616859802184464,0.0014259802135676105,0.0,0.0088375299533664,0.0,0.04951505281534394,0.0053115538331450435,0.00830464805461171,0.002484403743949346,0.12345152396430573,0.0,0.0002964291305336016,0.0035883928606763767,0.0,0.00011447996027376784,0.04347735545998916
s12M0423,0.009338547451428498,0.5595398479391914,0.0,0.13576832069537442,0.0,0.0,0.0,0.0,0.0,0.00042702001499690613,0.0,0.035321116121423954,0.0,0.0,0.013380120493154844,0.0,0.05426045173063487,0.0,0.024351111276626217,0.002435412721682838,0.12060198705044604,0.0,0.0,0.005039304075184937,0.0,0.00021576382027758978,0.03932099660957758
s13M0423,0.0,0.36293349777058076,0.0,0.13614122717464885,0.0,0.0,0.0,0.0,0.0,0.0004926476899834198,0.005567999855040068,0.0774929869525736,0.013447611366194732,0.0,0.0,0.0,0.06102844350660954,0.028840827128566792,0.061255053525361376,0.003765738576423926,0.22202944592770324,0.0,0.0,0.0,0.0,0.0,0.027004520526313695
s14M0423,0.0,0.3645767608012771,0.0,0.0614272890399842,0.0,0.0,0.0,0.0,0.0,0.02380438022218126,0.007536168987045615,0.0,0.03442101795100053,0.0,0.0,0.06695632365801203,0.03707101560694733,0.12997720212309338,0.06524514326646186,0.0021903016327264905,0.18426701002564158,0.0,0.0,0.0,0.0,0.0,0.022527386685628665
s15M0423,0.0,0.6007169481830299,0.0,0.06802374857157394,0.0,0.0,0.0,0.0,0.0,0.00044710576637437276,0.003260739177978701,0.029833853029644457,0.004772845218565833,0.0,0.00890581513145111,0.0,0.05712038017808119,0.010260632401380705,0.007584381383496216,0.0022898358784098215,0.14946755658210095,0.0,0.00022761737398621003,0.002037991109561453,0.0,0.0,0.05505055001436504
s01X0423,0.3537664892818161,0.0,0.0,0.0,0.0,0.0,0.0,0.0,0.0,0.028971980095030353,0.00685252245327173,0.0008475947895337436,0.060151040516055077,0.006498559975757021,0.000915757191799452,0.23230716297033016,0.0,0.12766249014216902,0.029928422997021947,0.000524141025488003,0.0,0.000906030918595144,0.0,0.0028214244589378225,0.0,0.0029265775023196187,0.1449198056818749
s02T0423,0.30673151277268945,0.010033763170063752,0.000468196896673037,0.0,0.0,0.0,0.0,0.0,0.0,0.0,0.0,0.0,0.061253933136953057,0.1427818469749483,0.0,0.05402799122972976,0.0002639014537069026,0.0,0.02252332457774272,0.0010793995222525491,0.0,0.0,0.0,0.0,0.0,0.0,0.40083613026524045
s03T0423,0.357128764877906,0.0006111379251724236,0.00019972078209854193,0.0,0.0,0.0,0.0,0.0,0.0,0.0,0.0,0.0,0.03256004144335944,0.22689262196046062,0.0,0.029486945035754736,0.0,0.0,0.021088194284899494,0.0026253812132405185,0.0,0.0001410174738571397,0.13080603245465872,0.0,0.0,0.0,0.1984601425485924
s04T0423,0.6055119782305652,0.005577575786436489,0.0003131188283864249,0.0,0.0,0.0,0.0,0.0,0.0,0.0,0.0,0.0,0.03142285386029222,0.053401969222802916,0.0,0.012542343892881174,0.0,0.0,0.048615824628568824,0.0013659051985440939,0.0,0.0012826922890289152,0.011231397404951163,0.0,0.0,0.0,0.22873434065754247
s05T0423,0.7713375816359281,0.0,0.0,0.0,0.0,0.0,0.0,0.0,0.0,0.0,0.0,0.0,0.01614976357755348,0.03607913657396619,0.0,0.0,0.0,0.0,0.031740417976003674,0.001027551157208081,0.0,0.0013727156583494455,0.0,0.0,0.0007237111526267834,0.0,0.14156912226836418
s06T0423,0.726086155722572,0.0,0.00023850958635023836,0.0,0.0,0.0,0.0,0.0,0.0,0.0,0.0,0.0,0.01982174248550009,0.048026653772945675,0.0,0.014520591422321708,0.0,0.0,0.021225725919992094,0.00019699874263278937,0.0,0.0009146629363639781,0.0,0.0,0.0,0.0,0.16896895941132137
s07T0423,0.2279946296388936,0.0022531139760175694,0.000458210918867501,0.0,0.0,0.0,0.0,0.0,0.0,0.0,0.0,0.0,0.03674239405810133,0.19387890793923315,0.0,0.03683583121564587,0.0,0.0,0.21333874009547218,0.0003127835838250158,0.0,0.00017415891664635213,0.0,0.0,0.0,0.0,0.28801122965729753
s08T0423,0.0,0.7647589211318294,0.0,0.08236238838983637,0.0,0.0,0.0,0.0,0.0,0.0,0.0,0.0,0.0,0.0,0.0,0.0,0.04924042820748787,0.0,0.0002223034278168737,0.0020276215052083043,0.06186445730225773,0.0,0.0002637319140793794,0.0,0.0,0.0,0.039260148121484144
s09T0423,0.0,0.555949097865371,0.0,0.1409210386684875,0.0,0.0,0.0,0.0,0.0,0.0,0.0,0.09618944335882947,0.0,0.0,0.015186842461795271,0.0,0.05285701255374744,0.0,0.0,0.003383911125570782,0.10018206327461678,0.0,0.0,0.0005808666562908077,0.0,0.0,0.03474972403529104
s10T0423,0.09560083841749425,0.19470564910041385,0.0,0.15138515944653932,0.0,0.0,0.0,0.0,0.0,0.0011906420685024361,0.009762960352469595,0.1586328468551606,0.013310761676748013,0.0,0.033740305612545596,0.0,0.03726319596782259,0.03227581075634919,0.0066656919387460475,0.004336009634083199,0.23553678041966866,0.0,0.0,0.00501278867280415,0.0,0.0003604913802312703,0.020220067700421077
s11T0423,0.0,0.6628272021488391,0.0,0.11507437638336061,0.0,0.0,0.0,0.0,0.0,0.0,0.0,0.018460596267924196,0.0,0.0,0.0,0.0,0.05783935365726834,0.0004575270068761354,0.0012867057907699762,0.0015294038649350742,0.098845930260933,0.0,0.000278913746380801,0.001079978676141666,0.0,0.0,0.04232001219657099
s12T0423,0.0,0.6182962671633664,0.0,0.10023281962259631,0.0,0.0,0.0,0.0,0.0,0.0,0.0,0.012969768304224874,0.0019197413797192632,0.0,0.0,0.0,0.06178321049323445,0.007343709037838307,0.008073687848504157,0.004269159626997764,0.13339901361464263,0.0,0.0005252881358435652,0.0,0.0,0.0,0.05118733477303226
s13T0423,0.0,0.593699523151011,0.0,0.049272141906495835,0.0,0.0,0.0,0.0,0.0,0.00264454989805074,0.002136473330430979,8.494569049002839e-05,0.00985902954230249,0.0,0.0,0.012201616532082463,0.05262194254681636,0.02487957123825038,0.0654931983667571,0.004108186546564698,0.1459906564079687,0.0,0.0,0.0007117237415081583,0.0,0.0,0.03629644110127104
s14T0423,0.0856696926592243,0.048517553636985705,0.0,0.00424573018553475,0.0,0.0,0.0,0.0015083557178919896,5.6228535765360175e-05,0.01679883981037847,0.002802839331157422,0.0004200141682065895,0.033465963606550096,0.09771275224035368,0.002798558810172387,0.11622731107969789,0.0026926453108372813,0.04010389121211387,0.35258542731462317,0.0012531123546887133,0.05359991145394294,0.0002861260812517854,0.0,0.0,0.0,0.0,0.13925504649062362
s15T0423,0.0,0.010009761968169243,0.000310904843027171,0.0,0.0,0.0005384026364192555,0.0,0.0,0.0,0.002656383053035125,0.0,0.0,0.07943295284540138,0.27370069750611903,0.0,0.11863478577196283,0.0,0.0,0.12779384563242535,0.0009580120198089781,0.0,0.0,0.0,0.0,0.0,0.0,0.3859642537236316
s02M0523,0.5239019539064256,0.0,0.00013448750402975533,0.0,0.0,0.0,0.0,0.0,0.0,0.0,0.0,0.0,0.04032811366408491,0.1195835096818511,0.0,0.06385878107493315,0.0,0.0,0.009848588725214134,0.0013877814279452843,0.0,0.0002955554438028159,1.8422397154758473e-05,0.0,0.0,0.0008714782613012344,0.23977132791325723
s03M0523,0.7492182284046985,0.0,0.0003725353598801473,0.0,0.0,0.0,0.002236224161051027,0.0,7.768438317420051e-05,0.0,0.0,0.0,0.023330494294020728,0.044931718056607985,0.0,0.0,0.00027806395972734935,0.0,0.005714388590334497,0.0,0.0,0.0011775820691056651,0.03698770367778974,0.0,0.0,0.0017081980692833097,0.13396717897432706
s04M0523,0.7402575899625922,0.0017070677183206866,0.0,0.0,0.0,0.0,0.00044909533939826735,0.00013253819772822612,0.0,0.0,0.00025264068724897,0.0,0.025653909200766923,0.050337964233974596,0.0,0.01721624686574423,0.0,0.0,0.005324154736514328,0.00017739586817269707,0.0,0.0010428145817030722,0.0028329256043336795,0.0,0.0,0.00046919667860553175,0.1541464603248966
s05M0523,0.6781628982782493,0.001005686224657962,0.0,0.0,0.0,0.0,0.00010583431500701292,0.0,0.0,0.0,0.0,0.0,0.022738547379991255,0.04297461651912942,0.0,0.024565052019027183,0.0,0.0,0.07000574724297437,0.00018394604410991826,0.0,0.0009658287117078327,0.0,0.0,0.0,0.00011873863895224906,0.15917310462619363
s06M0523,0.6933853772616236,0.0010227030837717545,0.0003587234163384551,0.0,0.0,0.0,0.00028616738594751644,0.0,0.0,0.0,0.00018681312350270963,0.0,0.029431810888112846,0.04717348027743777,0.0,0.02013379307115881,0.0,0.0,0.035719725078947696,0.0005631585585467805,0.0,0.0015381214867044597,0.0010423771760014965,0.0,0.0,0.0,0.16915774919190601
s07M0523,0.255805994821073,0.0050294588123619656,0.000858575808842905,0.0,0.0,0.001047413363440773,0.0,0.0,0.0,0.0007810186719165421,0.0,0.0,0.04789799919484342,0.04700724352809392,0.0,0.18672494987617794,0.0,0.0,0.04424701139188367,0.0005616432339984352,0.0,0.0,0.0,0.0,0.0,0.00478139989116511,0.4052572914062022
s08M0523,0.0,0.7313599092166072,0.0,0.10807625199445257,0.0,0.0,0.0,0.0,0.0,0.0,0.0,0.014378922159032631,0.0,0.0,0.0,0.0,0.04863350834621932,0.0,0.0024496098722540686,0.001113234675960352,0.05706528939451976,0.0,8.028121249331487e-05,0.0,0.0,0.0,0.03684299312846076
s09M0523,0.0015985895626319442,0.6672771700710793,0.0,0.08976712124095639,0.0,0.0,0.0,0.0,0.0,0.0,0.000320596998551499,0.033956650597165315,0.0013881955808056545,0.0,0.0,0.0,0.053478778903049806,0.0022953341580320805,0.003899562877754615,0.0054787020079490505,0.1123682336733947,0.0,0.0006571630809593361,0.001530637328930075,0.0,0.0,0.02598326391874021
s10M0523,0.2359545131066281,0.01608257659416704,0.0,0.038630497268736484,0.0,0.0,0.0,8.239651110439672e-05,0.0,0.0,0.02742465545544884,0.02318331390468612,0.03172180467669903,0.06348778542345275,0.022153293149729126,0.0,0.0,0.021133326080702376,0.026954531856804475,0.003810471429240546,0.3955724771226219,0.00016859990115838762,0.0,0.007859066089195836,0.000737306471785513,0.004437787389953653,0.08060559756788553
s11M0523,0.07549016154675336,0.2254459745877858,0.0,0.04581673633602696,0.0,0.0,0.0,0.0,0.0,0.02070226898866449,0.015285117819101128,0.009139558474076591,0.0851051963648762,0.01769170675806433,0.003040865507734524,0.05986238792334639,0.01777561015921558,0.1234746461075817,0.004874240282640587,0.0014284353236663095,0.22313343693641516,0.0,0.0,0.0,0.0,0.0,0.07173365688405091
s12M0523,0.16850660049411556,0.21727979514361523,0.0,0.022209265641277044,0.0,0.00037885121363185156,0.0,0.0,0.0,0.01121837624704117,0.008715430924346438,0.03107177610933323,0.07151327821849565,0.011321058823374837,0.014455926292410206,0.043393187437479684,0.018549500712367342,0.058044812775413034,0.026246808088035933,0.0037833163274823786,0.22983416266145115,0.0002094066886870515,0.0,0.0,0.0005802632115619917,0.0,0.06268818298988015
s13M0523,0.00998609052598192,0.19882320767498107,0.0,0.02483037179444981,0.0,0.0,0.0,0.0,0.0,0.03471243847819626,0.01582713067795009,0.0,0.10490099120180196,0.006411374428901598,0.013493843894326348,0.05931640101683459,0.009306472575658762,0.17089920397221314,0.0,0.0002746970573019648,0.2511384738911,0.0,0.0,0.0,0.0,0.0,0.10007930281030258
s14M0523,0.06768350389349566,0.06914357853166361,0.0,0.0,0.0,4.722524623256566e-05,0.0,0.0,0.0,0.0416498945707399,0.011467278171386472,0.0,0.12320220595711251,0.05708762528785427,0.0021958614474408187,0.09766706866063503,0.0005738968216965283,0.09736977799855716,0.014297177399250963,0.0,0.11821784945768893,4.960395551957707e-05,0.0,0.0,0.0,0.0,0.2993474526007259
s15M0523,0.13512279443451058,0.03879858526176151,0.0,0.0,0.0,0.0,0.0,0.001882184995373213,0.0007297651017078145,0.015209994601917283,0.004428060369297518,0.0010420618284600381,0.11102047686840658,0.07555134419412615,0.0042540972210566574,0.10094233449755209,0.0004621676274222537,0.055503118885303834,0.03636562883599016,0.0010113898402393346,0.051223443096226555,0.0,0.0,0.0,0.0,0.0,0.3664525523406486
s01X0523,0.3570155766800826,0.0020747473244792495,0.00037300905293547853,0.0,0.0,0.0,0.0,0.0009257203999443927,0.0008395437880742135,0.0,0.002222972787247074,0.0,0.06870192049806732,0.13763991590064562,0.0,0.07931633982509737,0.0,0.04982265063889724,0.06275642292342026,0.0016871461660880804,0.0,0.0,0.0,0.0,0.0,0.0,0.23662403401502097
s02T0523,0.3349689489298266,0.009078959234115842,0.0,0.0,0.0,0.0,0.0,0.0009365817577493963,0.002666595298143525,0.03351617183841992,0.006118539618077771,0.0004151553874844758,0.08941395759381021,0.06084631733013274,0.004077382333020712,0.16221940260345888,0.005885500347976784,0.12575160993217702,0.0,0.002077833904927437,0.0,0.0008446456126570118,0.0,0.0,0.0,0.0,0.16118239827802167
s03T0523,0.3678888218070756,0.0017662338977408533,0.0,0.0,0.0,0.0,0.0,0.0005481929849319241,0.0032824967840065704,0.034635372440820385,0.009558244640334406,0.0,0.06213495147195937,0.0418541389235223,0.0,0.15439825108575328,0.001742333173495348,0.14962578179703634,0.0004196781521847243,0.002149100358060657,0.002542577429260654,0.0008637951785306445,0.0022569066235809576,0.0,0.0,0.006012306679706207,0.1583208165719998
s04T0523,0.451581664963738,0.006549096767213343,0.0,0.0,0.0,0.0,0.0,0.0022052621099122195,4.2170660650813804e-05,0.0074593737883125845,0.0031441405423739232,0.0,0.05858946303035223,0.048911256935396726,0.0,0.11322308205738728,0.0,0.056336719250786885,0.008596138803622814,0.0008054965948551525,0.0,0.0016602117136091717,0.0,0.002969892317903344,0.0,0.0,0.2379260304638854
s05T0523,0.4404104332785148,0.004509427377475748,8.437773414834548e-05,0.0,0.0,0.0,0.0,0.0008257113770534301,0.0003322037322662926,0.0,0.0012549396495465947,0.0,0.07476384422260932,0.04749419718756043,0.0015858054258853583,0.1183678220477295,2.4222565139669856e-05,0.052024427057078416,0.005761899137898087,0.0005487753403237644,0.0,0.0004530531830638384,0.011220662358492414,0.0,0.0,0.0,0.24033819832521394
s06T0523,0.32267606974414526,0.004766754288950148,0.0,0.0,0.0,0.0006013933811881044,0.0,0.0004451680236460597,0.000264850918522347,0.009988411820880248,0.003825593880231788,0.0,0.05853938095404766,0.06345865227341912,0.0,0.16264857566653743,0.0,0.05083144252783256,0.0687379969008055,6.0976070496330704e-05,0.0,0.00036369523514001594,0.016531526148983067,0.0,0.0,0.0009604434405366212,0.2352990687246378
s07T0523,0.04677286101385578,0.001210144996951828,0.0006969789820801541,0.0,0.0,0.0,0.0,0.0,0.0,0.007879416128603683,0.002374505544427966,0.0,0.06632315017369353,0.11613007758137128,0.0,0.09017550061125279,0.0,0.024380322742268236,0.40424989340219997,0.006095290957348632,0.0,0.0,0.0,0.0,0.0,0.0,0.2337118578659462
s08T0523,0.0,0.7345775047247352,0.0,0.0866344082742013,0.0,0.0,0.0,0.0,0.0,0.0,0.0,0.0,0.0,0.0,0.0,0.0,0.06590180220021909,0.0,0.0,0.00225729143087322,0.0770485995164346,0.0,1.577989491090088e-05,0.0,0.0,0.0,0.033564613958625714
s09T0523,0.0,0.6890753043994737,0.0,0.09685348011433043,0.0,0.0,0.0,0.0,0.0,0.0,0.0,0.007569262971596129,0.0,0.0,0.0,0.0,0.06774760058779938,0.0,0.0,0.0011661582228876053,0.11307591559049979,0.0,0.0004370100655275598,0.0,0.0,0.0,0.024075268047885356
s10T0523,0.0,0.15455020815693404,0.0,0.03447601126645031,0.0,0.0,0.0,0.0,0.0,0.009654932523769316,0.023844218438428835,0.0034104665463117988,0.046759728134690405,0.0,0.0,0.0,0.0047898235337907585,0.05241452472873736,0.0,0.0005137902718630653,0.663704817090924,0.0,0.0,0.0,0.0,0.0,0.005881479308100136
s11T0523,0.0,0.1914916939301188,0.0,0.03116450834505399,0.0,0.0,0.0,0.0,0.0,0.019750634771300717,0.020942492566180713,0.0,0.0707254959910656,0.0,0.0,0.00038609109970970325,0.010261105492014583,0.07640739213056391,0.0,0.0,0.568395141193574,0.0,0.0,0.0,0.0,0.0,0.01047544448041792
s12T0523,0.0,0.08780501388858955,0.0,0.004527395434320697,0.0,0.0,0.0,0.0,0.0,0.09762301195809174,0.01682458173976199,0.0,0.15540995016493117,0.0,0.0,0.12792278972709312,0.0,0.14809672177270752,0.0,0.0,0.3523407328645715,0.0,0.0,0.0,0.0,0.0,0.00944980244993266
s13T0523,0.0,0.06485038224841504,0.0,0.003970827135784486,0.0,0.0,0.0,0.0,0.0,0.08301121294163027,0.01897907741353307,0.0,0.15678856934346472,0.0,0.0,0.10761097816262045,0.0,0.14921417310027238,0.04832626506938264,0.0,0.3225640951814157,0.0,0.0,0.0,0.0,0.0,0.04468441940348124
s14T0523,0.0,0.03733873206664465,0.0,0.005686466455835558,0.0,0.0,0.0,0.0,0.0,0.05952676471849746,0.020400217848288934,0.0,0.14742413786312616,0.0324191151225135,0.0,0.0818866496478565,0.0,0.1431981512334766,0.059901683616129325,0.0,0.3037626575440952,0.0,0.0,0.0,0.0,0.0,0.10845542388353606
s15T0523,0.03844594566577661,0.008433779772718968,0.0,0.0,0.0,0.0,0.0,0.0,0.00039029279923454474,0.015683616295794123,0.00044388401876089233,0.0,0.11356001228050257,0.1968937689725582,0.0,0.09972783399691026,0.0,0.04620919214002017,0.18233498799314735,0.0009414049812070795,0.017079248947425126,0.0,0.0,0.0,0.0,0.0,0.27985603213594423
s02M0623,0.028827213346320765,0.013420827093433325,0.0,0.0,0.0,0.0,0.0,0.0,0.0008496026334813877,0.012059258927091641,0.0,0.0001826040705266373,0.1773128092671423,0.08514790773718964,0.0,0.43350065716214004,0.0005168114842537434,0.013130927560674273,0.0,0.0,0.0,3.073243965421286e-05,0.0,0.0,0.0,0.0,0.23502064827809208
s03M0623,0.0,0.008965073749589375,0.0002221711590285506,0.0,0.0,0.0,0.0,0.0,0.0004684706307144555,0.029883642975311833,0.006143801851374571,0.0,0.1639432726645924,0.06982686892345938,0.0,0.15616457272251058,0.0,0.053072697362611526,0.2625865524334316,0.0011993343681473293,0.0,0.0,0.0,0.0,0.0,0.0,0.24752354115922845
s04M0623,0.437811096559654,0.0,0.0,0.0,0.0,0.0,0.00567587799885821,0.0,0.00043273101102107766,0.0019318431936288332,0.0010297692332301043,0.0,0.022841169576820593,0.03719088996703245,0.0,0.014523255282617897,0.0,0.0,0.39506702917291053,0.0,0.0,0.0010458089640765914,0.0,0.0,0.0006704754617138714,0.0009153355530971989,0.08086471802533862
s05M0623,0.5052897166449045,0.002804818744920786,0.0,0.0,0.0,0.0,0.0012540489017113371,0.0,0.0,0.0,0.0024245422916220217,0.0,0.03376116086836608,0.04471419797385159,0.0,0.025523870420545228,0.0,0.0030961584783984844,0.2691245885800559,0.0,0.0,0.000409395936555135,0.0030571476400758943,0.0,0.0,0.0,0.10854035351899301
s06M0623,0.4356667453310166,0.0,0.0006518115474577693,0.0,0.0,0.0,0.0005879150002770518,0.0,0.0003899062422913745,0.004050293693785359,0.0006958497751388544,0.00021520168123793262,0.03783189377810125,0.0247643720952229,0.0,0.03776923419898939,0.0,0.0,0.34100358954122756,0.0,0.0,0.0003634565981041429,0.014404991731996166,0.0,0.0,0.0,0.10160473878515362
s07M0623,0.0563481625297166,0.003085097069975498,0.0,0.0,0.0,0.0014693423382300939,0.0,0.0,0.0,0.016345854932931596,8.397938275092136e-05,0.0,0.045494693406807986,0.052695615794307794,0.0,0.13209244929733224,0.0,0.0,0.5827450558358498,0.0,0.0,0.0,0.0,0.0,0.0,0.0,0.10963974941209742
s08M0623,0.0,0.7205810951820368,0.0,0.037118726068965914,0.0,0.0,0.0,0.0,0.0,0.0,0.0,0.0,0.0,0.0,0.0,0.0,0.0758411783667908,0.0006548763885976754,0.0,0.003259345366483608,0.1387647871061089,0.0,0.0,0.0,0.0,0.0,0.023779991521016376
s09M0623,0.0,0.7285424646192282,0.0,0.014083522778154712,0.0,0.00016310226150228067,0.0,0.0,0.0,0.0006335481307791513,0.0,0.0,0.0025342072371294906,0.0,0.0,0.0,0.0653299337027157,0.005041879307536599,0.0,0.0013784500209859548,0.16243099633000105,0.0,9.251111340270263e-05,0.0,0.0,0.00026162447668780854,0.019507760021876416
s10M0623,0.0,0.6580187622603496,0.0,0.028544977992833304,0.0,0.0,0.0,0.0,0.0,0.004053236582430628,0.0017219844626299781,0.0,0.00830435353110799,0.0,0.0,0.0,0.05218381592418054,0.006556840873362147,0.006017897582745619,0.0009282077160199125,0.20246034337877308,0.0,0.00011216898295132541,0.0,0.0,0.0,0.031097410712615778
s11M0623,0.0,0.6118652534707391,0.0,0.029015700201999308,0.0,0.00018158155283640843,0.0,0.0,0.0,0.0017699789073309733,5.8838098150878824e-05,0.0,0.00442014626883363,0.0,0.0,0.0,0.05851420541739559,0.0,0.09623965678407066,0.0036655342641202793,0.1688328289828419,0.0,0.0,0.0,0.0,0.0,0.025436276051681334
s12M0623,0.0,0.09504071566244589,0.0,0.0,0.0,0.0,0.0,0.0,0.0,0.07860085864920614,0.01361253755311317,0.0,0.10908772438398251,0.0,0.0,0.004563020625623983,0.0,0.04944654594041468,0.18878526000295234,0.0,0.4608633371822613,0.0,0.0,0.0,0.0,0.0,0.0
s13M0623,0.0,0.10921108446517219,0.0,0.0,0.0,0.0,0.0,0.0,0.0,0.09065870685542571,0.009989826543566,0.0,0.11044437383684626,0.0,0.0,0.01421967656283537,0.0,0.04271261888076623,0.2244686558222765,0.0,0.39829505703311163,0.0,0.0,0.0,0.0,0.0,0.0
s14M0623,0.0,0.0351118529525381,0.0,0.0053253714067448875,0.0,0.0,0.0,0.0,0.0,0.054302263450131345,0.01116961440986994,0.0,0.0649064264580659,0.0,0.0,0.0,0.0,0.04047255645542905,0.4622276661845843,0.0,0.2930041947947969,0.0,0.0,0.0,0.0,0.0,0.033480053887839714
s15M0623,0.0,0.04330181762214002,0.0,0.00615300107435007,0.0,0.0,0.0,0.0,0.0,0.06916950524197381,0.021206004298978242,0.0,0.159658097849837,0.01568703830825278,0.0,0.0024655707128633155,0.0,0.13980847386254455,0.0,0.0,0.4900833912144584,0.0,0.0,0.0,0.0,0.0,0.052467099814602104
s01X0623,0.16887166653105706,0.013354310774515446,1.709114588040549e-05,0.0,0.0,0.0,0.0,0.0,0.0014731579290221744,0.008959360622835158,0.0044461816230500235,0.0010966105537702133,0.21702148349031972,0.13630718647583254,0.0,0.1518672105159829,0.0,0.0499771774940027,0.025114723475214235,0.00011082892609587322,0.0,0.0004916097429638386,0.0,0.0,0.0,0.0,0.22089140069945778
s02T0623,0.6461896327039927,0.006055017642232502,0.0,0.0,0.0,0.0,0.0,0.0,0.0012421168890730926,0.004113114736285036,0.005329065998463603,0.0002685503113940962,0.0907989838275057,0.05828965005567156,0.0,0.056237064412860346,0.0,0.02317123635542892,0.0,0.0,0.012837764925501243,0.00039378731953177565,0.0,0.0,0.0,0.0,0.0950740148220595
s03T0623,0.0,0.01658906083921536,0.0002508224129491157,0.0,0.0,0.0,0.0,0.0,0.0010190793336368573,0.08924603644612121,0.007497747388249499,0.0,0.24457210790325282,0.049565764669783206,0.0,0.2978961125708252,0.0,0.04787779950825432,0.0,0.00014947132781984764,0.022913534901868725,0.0,0.0,0.0,0.0,0.0,0.2224224626980238
s04T0623,0.7895379223818811,0.003777216208583317,0.0,0.0,0.0,0.0,0.0023422702891339234,0.0,0.0009589190412103381,0.0,0.003229501219540939,0.00043761215997161596,0.040584358795350335,0.022325707695505754,0.0,0.021850744751124265,0.0,0.0045846337693571755,0.012207554346261421,0.0,0.005995513204160609,0.0010578622170064472,0.0,0.0,0.0,0.0015081389658175408,0.08960204495509513
s05T0623,0.7408904066601004,0.0026277125560124335,9.569804458329894e-06,0.0,0.0,0.0,0.0008007812828301354,0.0,0.0007076091986041956,0.0004176592823015706,0.0037632448780207835,8.110731969590985e-05,0.06648848623165321,0.07171333279630586,0.0,0.0026922313443584187,0.0,0.017849937887623707,0.0,0.0001927320839534533,0.0,0.0008383870429547825,0.0,0.0,0.0,0.0,0.09092680163112679
s06T0623,0.8281785809090335,0.0023017543385581256,0.0,0.0,0.0,0.0,0.00036267923004516453,0.0,0.001448035495155997,0.0025902373733998453,0.002790579285659009,0.0006406505845462949,0.03703534741720498,0.011367748921762955,0.0,0.009711544710465014,0.0,0.007525785081452251,0.0,0.0,0.0,0.0007728643679865635,0.0,0.0,0.0,0.0007530021125904682,0.09452119017213982
s07T0623,0.0,0.034420240257139856,0.0,0.0,0.0,0.0,0.0,0.0,0.0,0.047248730657959474,0.0068803912550706985,0.0,0.1991254985500653,0.08344434016149835,0.0,0.22389552661090056,0.0,0.07100136063142568,0.0,0.0,0.08903965430064657,0.0001679256012523837,0.0,0.0,0.0,0.0,0.24477633197404122
s08T0623,0.0,0.7801017694637995,0.0,0.018553543091475395,0.0,0.0,0.0,0.0,0.0,0.0,0.0,0.0,0.0,0.0,0.0,0.0,0.06435856007483365,0.0,0.0008218072532902076,0.0012170414392112417,0.1083720252967231,0.0,0.0,0.0,0.0,0.0,0.026575253380667012
s09T0623,0.0,0.584642264638484,0.0,0.07184296614888051,0.0,0.0,0.0,0.0,0.0,0.0,0.0008328539722169383,0.0,0.011896024497374817,0.0,0.0,0.0,0.07285038027601111,0.009926003194978543,0.0,0.002111254738107639,0.1911722254688435,0.0,0.0,0.0,0.0,0.0,0.05472602706510289
s10T0623,0.0,0.1312609739665326,0.0,0.010708865417408949,0.0,0.005647587809724423,0.0,0.0,0.0,0.0501403084577376,0.013698133031638554,0.0,0.17132189730741287,0.0,0.0,0.1612931466061765,0.0045029806709241255,0.09844704231582894,0.0,0.0,0.31561072199765383,0.0,0.0,0.0,0.0,0.0,0.03736834241896154
s11T0623,0.0,0.4100150279219967,0.0,0.02832157602419182,0.0,0.0,0.0,0.0,0.0,0.01871485842648543,0.00840752538726673,0.0,0.07657747131288012,0.0,0.0,0.026480491113577066,0.0471172678748752,0.06436545373452943,0.0,0.0008872142550739303,0.27450811354150734,0.0,0.0,0.0,0.0,0.0,0.04460500040761612
s12T0623,0.12694506939360278,0.1977046940236997,0.0,0.0,0.0,0.0,0.00011344756536001922,0.0,0.0,0.0456041835574837,0.01090932550525922,0.004475928871221729,0.11406688617913911,0.0,0.009396972370416933,0.04760348801615366,0.008932719023404095,0.0473721900188898,0.008482700101447742,0.0,0.3456875789520359,0.0006220811771462285,0.0030260785147911903,0.0,0.0017411795336272392,0.0,0.027315477196320825
s13T0623,0.0,0.17744064193232273,0.0,0.01455205690292344,0.0,0.0,0.0,0.0,0.0,0.06886360900863414,0.010407446206172758,0.0,0.15816210570754322,0.0,0.0,0.07986619832353552,0.000989745616561909,0.07181782570494852,0.0,0.0,0.379256192974177,0.0,0.0,0.0,0.0,0.0,0.03864417762318066
s14T0623,0.0,0.06495810135206932,0.0,0.02778446430496714,0.0,0.0,0.0,0.0,0.0,0.05480774008863371,0.020608814912838662,0.0,0.1257915013541906,0.001541158700244126,0.0,0.0,0.0,0.10163566567157731,0.013610878805650047,0.0,0.5729458040209392,0.0,0.0,0.0,0.0,0.0,0.016315870788889828
s15T0623,0.0,0.04613632151606799,0.0,0.007676496639250619,0.0,0.0,0.0,0.0,0.0,0.05698231127949982,0.019978229710036436,0.0,0.11662277910983501,0.0,0.0,0.015164960514874752,0.0,0.1250152944593011,0.09867404520049915,0.0,0.4650368337399088,0.0,0.0,0.0,0.0,0.0,0.04871272783072648
s02M0723,0.3109834303048683,0.0006566002534099668,0.0002118669039191832,0.0,0.0,0.0,0.0,0.0,0.0008163271231316931,0.009125044174444404,0.013553994807839581,0.0,0.12686624974904243,0.08056662812789812,0.0,0.11089086551497787,0.0,0.12254017811826065,0.05647401241426859,0.001123484520477455,0.0,0.0,0.05265070712323508,0.0,0.0,0.0,0.1135406108642269
s03M0723,0.40184678076106184,0.004253267072487991,2.4991758563437154e-05,0.0,0.0,0.0,0.0,0.0,0.0015197962895702303,0.019459626498616496,0.007592106167258621,0.0,0.1257156899283697,0.052244513140899805,0.0,0.14582168125406406,0.0,0.10153988200028759,0.005760986763310739,0.0005553253538810285,0.0,0.000637386239858355,0.008456264597559564,0.0,0.0,0.0,0.12457170217421047
s04M0723,0.3360028853156163,0.010733893970991207,0.0,0.0,0.0,0.0,0.0,0.0,0.0010615550753809001,0.006803838487504653,0.005939977651020966,0.0,0.10206702937446052,0.0,0.0,0.1830446014724583,0.0,0.07775793262279979,0.0005369605052676412,0.0004935631940458739,0.0,0.0,0.0966508335472458,0.0,0.00017706866071789766,0.0,0.17872986012249006
s05M0723,0.5421463333689385,0.0032700158045509543,0.00013146934204983304,0.0,0.0,0.0,0.0,0.0002537547434020471,0.000862919295481217,0.006944728280963859,0.00463868228079073,0.0,0.09863820900501867,0.05349005103628393,0.0,0.0822464571229449,0.0,0.06289247184950375,0.0,0.0008240561470756329,0.0,0.0006573830852704854,0.002446713619206393,0.0,0.0,0.0,0.14055675501851914
s06M0723,0.5559095522155415,0.003272765891129276,0.0002531354111793431,0.0,0.0,0.0,0.0,0.0007414683219034307,0.00029412621533115966,0.004167404988828782,0.004557894490214949,0.0,0.06777232978566299,0.01331321075504579,0.0,0.07228384594506412,0.0,0.024681397588976684,0.0,0.0002911342706752547,0.004577808932399073,0.0,0.07798167705443702,0.0,0.0,0.0015112235688010507,0.16839102456480956
s07M0723,0.0,0.006932296576463629,0.0006843702505024739,0.0,0.0,0.0,0.0,0.0,3.1912893664975844e-05,0.04230803424356958,0.005230350362875967,0.0,0.20152460737277123,0.016983620260835476,0.0,0.37035320958156565,0.0,0.05869223432878099,0.0,0.0008090363763051827,0.0,0.0,0.010613136376428188,0.0,0.0,0.0,0.28583719137623664
s08M0723,0.0,0.686567034015956,0.0,0.08419109612484223,0.0,0.0,0.0,0.0,0.0,0.0,0.0,0.032248727506947086,0.0,0.0,0.0,0.0,0.084800644418464,0.0,0.0,0.0010329394952306365,0.09249681391546778,0.0,0.0,0.0,0.0,0.0,0.018662744523092294
s09M0723,0.0,0.7956416433008775,0.0,0.0394833543114583,0.0,0.0,0.0,0.0,0.0,0.0,0.0,0.0,0.0,0.0,0.0,0.0,0.06820531710374461,0.0,0.0,0.0006114766700060042,0.08453647834914797,0.0,0.0,0.0,0.0,0.0,0.01152173026476574
s10M0723,0.0,0.5236334504227598,0.0,0.11296408666930959,0.0,0.0,0.0,0.0,0.0,0.0,0.0012391904947250975,0.04801708343156355,0.0,0.0,0.0,0.0,0.07518250812880796,0.0,0.0009277849085462497,0.0031291115967974265,0.21517824499151958,0.0,0.0,0.0,0.0,0.00015594207870174145,0.01957259727726919
s11M0723,0.0,0.673356985394644,0.0,0.028758707108241216,0.0,0.0008282664770169118,0.0,0.0,0.0,0.0,0.0,0.0,0.0,0.0012361969079109825,0.0,0.0,0.09965590569940745,0.0,0.0008387387186140215,0.0011119327654686515,0.1942132669286969,0.0,0.0,0.0,0.0,0.0,0.0
s12M0723,0.0,0.4329113018963213,0.0,0.0640651120381788,0.0,0.00017691376975981194,0.0,0.0,0.0,0.0,0.0,0.030517991756840723,0.0,0.0,0.0,0.0,0.10493320635976086,0.0008179621144551133,0.0009378193413330335,0.0026023499187359926,0.3441588886269778,0.0,0.0,0.0,0.0,0.0,0.01887845417763653
s13M0723,0.0,0.2461002892448173,0.0,0.0034052585151798883,0.0,0.00021080825947625102,0.0,0.0,0.0,0.014019572256600069,0.002486710778491725,0.0,0.027739804756456366,0.0,0.0,0.0,0.043515075605287674,0.01659033869796535,0.0,0.0,0.6393265781479609,0.0,0.0,0.0,0.0,0.0,0.006605563737764457
s14M0723,0.0,0.08061351195641281,0.0,0.0,0.0,0.0,0.0,0.0,0.0,0.062163796411558,0.01683095712235974,0.0,0.07756717351934134,0.0,0.0,0.015730357501600113,0.0,0.08136868451869837,0.0,0.0,0.6501659666586952,0.0,0.0,0.0,0.0,0.0,0.01555955231133439
s15M0723,0.0,0.04653813502995385,0.0,0.00048013284235069313,0.0,0.004458157041453854,0.0,0.0007775545950362975,0.0011932107184195303,0.26384666293663567,0.0,0.0005936238308809918,0.14252421780947885,0.02188224184305693,0.0,0.23307510792581812,0.0033378731468429396,0.0,0.14886262962738422,0.0,0.0,0.0,0.0064267678211760975,0.0,0.0,0.0,0.12600368483151192
s01X0723,0.0,0.0,0.0004396952243749288,0.0,0.0,0.0,0.0,0.0005185663502480539,0.0006773640951494085,0.03615960789098898,0.01660384188597404,0.0012928737336631172,0.1923589896534089,0.0,0.009335109274916816,0.11300147905213666,0.0,0.25680771309329464,0.14169250394024144,0.0017733343936454948,0.0,0.0,0.007161136807915108,0.0,0.001502370541408055,0.0,0.2206754140626344
s02T0723,0.1512796689620941,0.0,0.0,0.00019987400875106094,0.0,0.0,0.0,0.0,0.0,0.05867217246154538,0.0,0.0008562342355778177,0.09605689109462898,0.00307142836125745,0.0037112151521499627,0.4937635378884356,0.0,0.135494264729773,0.001861791901239887,0.001249478753910268,0.0,0.00030384038627722125,0.0,0.0,0.0,0.00019009127303146759,0.05328951079132766
s03T0723,0.13858022607084736,0.0,0.0,0.0,0.0,0.0,0.0,0.0,0.0005738568783882667,0.03717771352510491,0.0,0.0002692259075617316,0.09286487215212526,0.010109086595268286,0.0,0.44686772480542636,0.0,0.15082569606994753,0.06950923736070048,0.0015945693371974988,0.0,0.0,0.0,0.0,0.0,0.0005524297381114836,0.05107536155932086
s04T0723,0.5834787843845299,0.0,0.0,0.0008421246537685961,0.0,0.0,0.0,0.0,0.0004842228702807882,0.00872787545371023,0.0019351766807796577,0.0,0.04435357379754553,0.011700294244474144,0.00015668010676198169,0.07465635276097118,0.0,0.06314769830224151,0.14434934842070826,0.0009170223306638638,0.0,0.0009781694905916728,0.0008002047892650658,0.0,0.0,0.00013833582766548415,0.06333413588604206
s05T0723,0.5334781554161996,0.0022324155501865874,0.0,0.0,0.0,0.0,0.0,0.0,0.001564389313532346,0.012133096618248603,0.001958311928639829,0.0,0.058122899366281934,0.006649602453984412,0.0,0.06365990745045098,0.0,0.04996050691434134,0.20975130710389334,0.0006044388479783092,0.0,0.00030518957460387136,0.0,0.0,0.0,0.0,0.059579779461658856
s06T0723,0.6522945107280795,0.0,0.0,0.0,0.0,0.0,0.0,0.0,0.0011659864213268986,0.0038781340555214382,0.002249208261392863,0.00021509181237912078,0.043270017947964236,0.004473087858245669,0.0,0.056169193434696334,0.0,0.03950308009088272,0.1482129042198907,0.0006479112910382394,0.0,9.025340555282284e-05,0.0,0.0,0.0,0.0,0.0478306204730293
s07T0723,0.27731277296346574,0.0031587294537789097,0.0,0.0,0.0,0.0,0.0,0.0009001449902946354,0.0018708921801241043,0.02126021291055655,0.004941263584739233,0.00029781334419160064,0.0692084044413115,0.007272265829465539,0.003950000457512737,0.01919706249196406,0.0,0.09691454186411687,0.4044467244142863,0.001404926757239054,0.002905800509003158,3.6389194201466465e-05,0.0,0.0,0.0004305858418820237,0.0,0.08449146877186653
s08T0723,0.0,0.8189015109569842,0.0,0.017925663300780232,0.0,0.0,0.0,0.0,0.0,0.0,0.0,0.0,0.0,0.0,0.0,0.0,0.07714918234175401,0.0,0.0,8.419384910028349e-05,0.08279442264550092,0.0,0.0,0.0,0.0,0.0,0.003145026905880438
s09T0723,0.0,0.29271850397690286,0.0,0.06598996006787743,0.0,0.0,0.0,0.0,0.0,0.001390919813209299,0.006386016381805416,0.06422741816700538,0.01006345041977627,0.0,0.0,0.0,0.03767884160831409,0.002127668991681402,0.0,0.002520469796571712,0.4926467632751091,0.0,0.0,0.0,0.0,0.001671695454659896,0.02257829204708708
s10T0723,0.0,0.016072843854184667,0.0015801136856939348,0.0,0.0,0.0,0.0,0.0,0.0,0.016000031479150693,0.024294189634719205,0.0,0.07831807863627857,0.0,0.0,0.0,0.0,0.053055937038522336,0.0,0.0,0.8106788056714507,0.0,0.0,0.0,0.0,0.0,0.0
s11T0723,0.0,0.3576818972187072,0.0,0.02262733697136365,0.0,0.0,0.0,0.0,0.0,0.020227970491170262,0.009837001817711029,0.00598495384145985,0.02917213173067269,0.0,0.0,0.0008348525216632979,0.03652046082517077,0.02230927853964601,0.0,0.0006620971464629954,0.4777909767270029,0.0,0.0,0.0,0.0,0.0,0.016351042168969515
s12T0723,0.0,0.1538755605281127,0.0,0.0,0.0,0.0,0.0,0.0,0.0,0.032123617709700535,0.011464038920449211,0.0,0.06694035059111743,0.0,0.0,0.0,0.00541337320084707,0.036109781180714284,0.0,0.0,0.6940732778690588,0.0,0.0,0.0,0.0,0.0,0.0
s13T0723,0.0,0.10497545977343145,0.0,0.0,0.0,0.0,0.0,0.0,0.0,0.024256662892495576,0.012757263391575745,0.0,0.07887213316723857,0.0,0.0,0.0,0.001451548941961729,0.0579867962535054,0.01915372375702028,0.0,0.7005464118227713,0.0,0.0,0.0,0.0,0.0,0.0
s14T0723,0.0,0.0943860207792212,0.0,0.0,0.0,0.0,0.0,0.0,0.0,0.13548674522123008,0.007391055823157443,0.0,0.11592640643452953,0.0,0.0,0.034818428001694345,0.0,0.06012795192860406,0.0,0.0,0.5518633918115633,0.0,0.0,0.0,0.0,0.0,0.0
s15T0723,0.0,0.020168488108974276,0.0,0.0,0.0,0.0,0.0,0.0,0.0,0.06020912583898503,0.012154616480008231,0.0,0.09604731543884285,0.0,0.0,0.003726763580646654,0.0,0.07617752087714379,0.28431217620962945,0.0,0.40356759211374627,0.0,0.0,0.0,0.0007449192190559553,0.0,0.0428914821329675
s02M0823,0.0,0.0,0.0,0.0,0.0,0.0,0.0,0.0004968723094838878,0.002677531056091256,0.25312691055294023,0.009513398914966078,0.0,0.06702068261437777,0.0,0.002343859115044355,0.3504185229537689,0.0,0.24028152028947197,0.0030552609205840345,0.0,0.07084005182976184,0.00022538944350958026,0.0,0.0,0.0,0.0,0.0
s03M0823,0.44447243383163054,0.0,0.0,0.0,0.0,0.0,0.0,0.005453753416912224,0.00501208676928981,0.06581810196822879,0.013577607025317599,0.0,0.0624506609733411,0.004056258143891799,0.0007189449926999641,0.09522038515056468,0.0,0.15048694819738798,0.017691158264743417,0.0005165367661236674,0.11577117319992361,0.0005177611278585009,0.0,0.0,0.0,0.00015174971727697215,0.018084440454809208
s04M0823,0.13770791750657987,0.0,0.0,0.0,0.0,0.0,0.0,0.0028756708932612656,0.0014713879376378842,0.1831740572214604,0.018301524782173405,0.0,0.06430453886946508,0.0,4.388989106886181e-05,0.2103899743966442,0.0,0.20806572349727942,0.0018424802571761413,0.000747950163134578,0.14654773944878277,0.0002572911342848422,0.003335922750427916,0.0,0.0,0.0006729682473095697,0.020260963003313745
s05M0823,0.385928997395154,0.0,0.0,0.0015653429029342622,0.0,0.0,0.0,0.0050376235791463,0.006244245725973856,0.0997055777718898,0.009803252626310033,0.0,0.03282600059818264,0.0,0.0,0.15292647692443417,0.0,0.09939262343179661,0.07985953602813683,0.0,0.10042929681292784,0.00035423435988200715,0.0,0.0,0.0,0.0016887479432188236,0.0242380439000127
s06M0823,0.21942699658813336,0.0,0.0,0.0,0.0,0.0,0.0,0.005652512299677437,0.003282566940559781,0.14617760397849003,0.016947062178916054,0.0,0.059391187092958785,0.0,0.0,0.1333529211616567,0.0,0.15777640292521256,0.07986255732986193,0.0007766396854820418,0.13468925323255143,0.00014210939258065079,0.0021564929053999714,0.0,0.0,0.0,0.04036569428851941
s07M0823,0.0,0.0,0.0,0.0,0.0,0.0,0.0,0.0,0.0006803421673415016,0.366012294597927,0.011423950305796425,0.0,0.05572253275484595,0.0,0.0,0.2946943399455108,0.0,0.21547502126894882,0.011023496250936841,0.00016886305674667715,0.04479915965194589,0.0,0.0,0.0,0.0,0.0,0.0
s08M0823,0.0,0.7927674204701907,0.0,0.009587737379763536,0.0,0.0003178694791411615,0.0,0.0,0.0,0.0,0.0,0.0,0.0,0.0,0.0,0.0,0.0842842656539818,0.0,0.0,2.9426084451235e-05,0.1103922995039646,0.0,0.0,0.0,0.0,0.0,0.002620981428506906
s09M0823,0.0,0.7510287003172005,0.0,0.01262441740002715,0.0,0.0007105161913353546,0.0,0.0,0.0,0.0,0.0,0.0,0.0,0.0005077254831463299,0.0,0.0,0.09665935890926555,0.0001081968414886617,0.0,0.00038724570525453845,0.137937399477023,0.0,0.0,0.0,0.0,3.643967525880044e-05,0.0
s10M0823,0.0,0.003883429008281369,0.0010900900268750202,0.0,0.0,0.0,0.0,0.0,0.0,0.16703145591478682,0.009267301883552187,0.0,0.14118113854469289,0.0,0.0,0.17398336255068136,0.0,0.07276691527678616,0.0,0.0,0.43079630679434416,0.0,0.0,0.0,0.0,0.0,0.0
s11M0823,0.0,0.19930770815719448,0.0,0.0,0.0,0.0,0.0,0.0,0.0,0.10043061454638438,0.008236348280262484,0.0,0.07326400344104016,0.0,0.0,0.039232969727608695,0.011610604340076136,0.035026096895832255,0.017703526805239143,0.0,0.5151881278063623,0.0,0.0,0.0,0.0,0.0,0.0
s12M0823,0.03805709745941992,0.5265128668495834,0.0,0.0003102179617460553,0.0,0.001442918585080646,0.0,0.0,0.0,0.010889044143132558,0.002139982438831252,0.0,0.017929652415135423,0.0,0.0,0.006601360562182454,0.07477648435952985,0.00526666245249718,0.0197367469897807,0.00016753801562276204,0.28568832303174785,0.0,0.0024916406908515325,0.0,0.0,0.0,0.007989464044858294
s13M0823,0.0,0.022417242886249734,4.6474663264783946e-05,0.0,0.0,0.0,0.0,0.0,0.0,0.09649263946889254,0.009714990493130583,0.0,0.11891532976639749,0.0,0.0,0.07437719787860761,0.0,0.06681662032908166,0.16306725086837184,0.0,0.44815225364600386,0.0,0.0,0.0,0.0,0.0,0.0
s14M0823,0.0,0.0466399396828325,0.0,0.0,0.0,0.0,0.0,0.0,0.0,0.14273135227759015,0.0131862280589961,0.0,0.1585888373907081,0.0,0.0,0.02634999284777103,0.0,0.09452494524882905,0.017440712354451497,0.0,0.5005379921388216,0.0,0.0,0.0,0.0,0.0,0.0
s15M0823,0.0,0.022845362358603346,0.00015207851102606992,0.0,0.0,0.0,0.0,0.0,0.0,0.1262075387908296,0.005385530133607711,0.0,0.1534052039680688,0.0,0.0,0.08682143041369199,0.0,0.06681183911212409,0.1981964172810916,0.0,0.34017459943095674,0.0,0.0,0.0,0.0,0.0,0.0
s01X0823,0.0,0.0,0.0,0.0,0.0,0.0,0.0,0.005626276355584382,0.00425349382756994,0.3649408803165458,0.013617720272476475,0.0,0.04516525076695663,0.0,0.00013276302865461713,0.16120757269878513,0.0,0.2890162900786741,0.0,0.0,0.11603975265475294,0.0,0.0,0.0,0.0,0.0,0.0
s02T0823,0.0,0.0,0.0,0.0,0.0,0.0,0.0,0.0038793701023419665,0.004225505036710856,0.20055767768183208,0.006843120317828121,0.0,0.1502776292888944,0.0,0.009541399736871313,0.29454467859215844,0.001328468538833785,0.30500081478614416,0.01752482564342909,0.0,0.0,0.0,0.002548075790212296,0.0,0.00020049885907640262,0.0,0.0035279356256671967
s03T0823,0.0,0.0,0.0,0.0,0.0,0.0,0.0,0.0033042289469318955,0.003250796499099347,0.17366943122763756,0.002686549166348124,0.0,0.13709139062584064,0.0,0.002013189560493137,0.4116706274163745,0.0,0.22743198754585506,0.030473300081777475,0.0,0.0,0.0,0.00044602498357802106,0.0,0.0,0.0,0.007962473946064287
s04T0823,0.3358500383957215,0.0,0.0,0.0007633613595833951,0.0,0.0,0.0,0.0015688837750258465,0.0031805862643168683,0.06856998210613943,0.005470933188331537,0.0,0.0768055803024712,0.0,0.0037675084909246158,0.2079097298751013,0.0,0.10433074136301286,0.14726742846412197,0.0,0.0,0.00021947326113627916,0.012567037721397625,0.0,0.0,0.0,0.031728715432715736
s05T0823,0.025361435284265797,0.0,0.0,0.0,0.0,0.0012485143837521711,0.0,0.0028643408764172803,0.0027754872852533787,0.12775459432608763,0.011455852325247304,0.0,0.12417701099752664,0.0,0.0,0.19283590353413077,0.0,0.183438351251004,0.2935621699328706,0.0,0.0,0.0,0.009800144292313283,0.0,0.0,0.0,0.02472619551113109
s06T0823,0.013183178085594228,0.0,0.0,0.0,0.0,0.0,0.0,0.0010739478350401755,0.0022111274510372776,0.1961110872525315,0.011553790341913207,0.0,0.04207720931966781,0.0,0.001995469331565611,0.1843886626752427,0.0,0.1439971428446992,0.3517826477435188,0.0,0.04595585476972995,0.00014775292344825874,0.004880910372418161,0.0,0.0,0.0,0.0006412190535929959
s07T0823,0.0,0.0,0.0,0.0,0.0,0.0,0.0,0.0,0.0010783045244244346,0.12096396451041705,0.005416464758186227,0.00037081538896062926,0.09731828385606742,0.0,0.001234650945376451,0.2624851153742674,0.0,0.12283440846062953,0.36336416864884125,0.0,0.0,2.1276007270474212e-05,0.008587097354872716,0.0,0.0001849348206460704,0.0,0.016140515350040286
s08T0823,0.026850009904145926,0.4482813354568886,0.0,0.04011918022809534,0.0,0.00023803054961732913,0.0,0.0,0.0,0.0005941438364553951,0.0008336266130531223,0.08373204186904595,0.0005630929777054864,0.00028847694184648104,0.009017137937224012,0.0,0.09681842139009601,0.0,0.029927046412853375,0.0015450677072379516,0.2551687087898555,0.0,0.0,0.00020825325196664648,0.0,0.0006256219430385313,0.005189804190874414
s09T0823,0.0,0.7748738356128188,0.0,0.034513078953613906,0.0,0.0,0.0,0.0,0.0,0.0,0.0,0.0003704140187182949,0.0,0.0006844937964692068,0.0,0.0,0.09711208348883262,0.0,0.004146649227108891,0.0002981216180956792,0.08800132328434275,0.0,0.0,0.0,0.0,0.0,0.0
s10T0823,0.0,0.04259161714350522,0.0,0.0,0.0016056747894195524,0.0,0.0,0.0,0.0,0.010146171501970362,0.010234633781682708,0.0010375286334546095,0.03382831124834853,0.0,0.000308112254155416,0.010329175331659737,0.0,0.013595746829878854,0.17335574362012468,0.00031999558025740295,0.6911100656055045,0.0002255354257504901,0.0,0.0,0.00043084147836828954,0.0002849419568169571,0.010595904819102695
s11T0823,0.03051037850402866,0.21944533593491708,0.0,0.005438593030910044,0.0,0.0,0.0,0.0,0.0,0.0022427600073411966,0.003355072569594753,0.04852176640475294,0.004904624226521922,0.0,0.016716399228080287,0.0,0.03740535357277697,0.0,0.29699895916137287,0.0007205768866187878,0.32166058122927715,8.25195456732093e-05,0.0,0.0,0.0,0.0,0.011997079698134126
s12T0823,0.0,0.055702162280423614,0.0,0.0,0.0,0.0,0.0,0.0,0.0,0.056442309778124075,0.004779721631853697,0.0,0.05930883920715232,0.0,0.0,0.001282728124161713,0.0,0.01927105404937325,0.28244933044819087,0.0,0.5207638544807204,0.0,0.0,0.0,0.0,0.0,0.0
s13T0823,0.0,0.04659506687008569,0.0,0.0,0.00022757977732613363,0.0,0.0,0.0,0.0,0.024354917744573483,0.005901218980895026,0.0,0.04536063284378742,0.0,0.0,0.0,0.0,0.005318310035174128,0.4566780468229824,0.0,0.4155642269251758,0.0,0.0,0.0,0.0,0.0,0.0
s14T0823,0.0,0.07188274875056354,0.0,0.0,0.0,0.0,0.0,0.0,0.0,0.1364705739508857,0.005624211679387994,0.0,0.09430148527657993,0.0,0.0,0.0072594729951601785,0.0,0.03135554380751222,0.23028725847435083,0.0,0.4228187050655597,0.0,0.0,0.0,0.0,0.0,0.0
s15T0823,0.0,0.011877265249046465,0.0005035025149377519,0.0,0.0,0.0,0.0,0.0,0.0,0.1633320833537958,0.012724172409658022,0.0,0.15228167940860968,0.0,0.0,0.024633132976624162,0.0,0.1315511344113107,0.12203349963471088,0.0,0.38106353004130655,0.0,0.0,0.0,0.0,0.0,0.0
s02M0923,0.0,0.006075266171056271,0.0005099841300665914,0.0,0.0,0.0,0.0,0.0,0.0,0.11194261437499715,0.010860157661508382,0.0,0.1424795593853072,0.0,0.0,0.34553649699463584,0.0,0.21721574705267702,0.010387543960019003,0.0,0.14055051784946382,0.0,0.014442112420268556,0.0,0.0,0.0,0.0
s03M0923,0.0,0.006533074795665684,0.0002950661043667538,0.0,0.0,0.0028244508818581196,0.0,0.0,0.0,0.11632335412293132,0.015581411209241535,0.0,0.14935395766241472,0.0,0.0,0.30105853708310815,0.0,0.20266387018134457,0.008005244862865054,0.0,0.17381377009025845,0.0,0.023547263005945635,0.0,0.0,0.0,0.0
s04M0923,0.05840708837094071,0.0024368424131073255,0.00044638385145982014,0.0,0.0,0.0,0.0,0.0,0.0,0.11683407844742282,0.017955893591628483,0.0,0.10684260833482424,0.0,0.0,0.25965255508849594,0.0,0.15857671120478758,0.005353736443198219,0.0,0.23298596497638935,0.00013424068998764025,0.029188934713944254,0.0,0.0005241396911050052,0.0,0.010660822182708422
s05M0923,0.4509517648722452,0.0,0.0,0.000616871842255705,0.0,1.3204332917275659e-05,0.0005505594892073535,0.00484885529573407,0.00032990932996484026,0.04839926493843103,0.01766059538690578,0.0,0.08364882307281694,0.0,0.0,0.011905299039134393,0.0,0.09945991414574576,0.02395784435334186,0.0,0.16105839539643127,0.0,0.058572152658558904,0.001352148879459948,0.00031634440405376254,0.00040380777242517895,0.03595424479037076
s06M0923,0.0,0.0,0.0003801879460158597,0.0,0.0,0.0,0.0,0.0,0.0,0.1490510768283361,0.01292644835167683,0.0,0.15005986280966666,0.0,0.0,0.27357726115833475,0.0,0.21157440945260297,0.023165962152069383,0.0,0.15397106203472025,0.0,0.01759700661888779,0.0,0.0,0.0,0.007696722647689514
s07M0923,0.0,0.0,0.0,0.0,0.0,0.0,0.0,0.0,0.0017447393948930555,0.19235099195257083,0.0010705809840753084,3.904883702957318e-05,0.15649851783755933,0.0,0.0,0.47075047333599057,0.0,0.17457050183365527,0.0,0.0,0.0029751458242258506,0.0,0.0,0.0,0.0,0.0,0.0
s08M0923,0.0,0.7497995149853075,0.0,0.0011211156281901587,0.0,7.122354532856703e-05,0.0,0.0,0.0,0.0,0.0,0.026481877283530717,0.0,0.0,0.006253448745028528,0.0,0.11301076299674785,0.0,0.0,0.0011537295793269888,0.09318864542620589,0.0,0.0,0.0,0.0,0.0,0.008919681810333672
s09M0923,0.0,0.7162841460985311,0.0,0.021321058182384934,0.0,4.650512140180153e-05,0.0,0.0,0.0,0.0,0.0,0.03372100900297508,0.0,0.0003048011348085336,0.01515101387534332,0.0,0.10482229507233931,0.0,0.0,0.0,0.10812234760130923,0.0,0.0,0.0,0.0,0.00022682391090657724,0.0
s10M0923,0.0,0.6956988611362952,0.0,0.030372071910289344,0.0,0.0,0.0,0.0,0.0,0.0,0.0,0.0,0.0,0.0006257859826017634,0.006820477645635899,0.0,0.10908366091169214,0.0,0.0003609964803376116,0.00024767425864279764,0.1514593376561126,0.0,0.001122115405120951,0.00025970933868803807,0.0,0.00021641341831448607,0.0037328958562690734
s11M0923,0.0,0.5096293791616138,0.0,0.052855493878125784,0.0,0.0,0.0,0.0,0.0,0.0,0.0,0.054850218493152816,0.0,0.0005447960814738738,0.0,0.0,0.13341374976809534,0.0,0.0,0.0011924630483379926,0.24751389956920042,0.0,0.0,0.0,0.0,0.0,0.0
s12M0923,0.0,0.4200290196521671,0.0,0.0010951353976757484,0.0,0.001564337036184274,0.0,0.0,0.0,0.00481271568528018,0.000274076643338003,0.0,0.000837118373863483,0.0008041125916385429,0.0047768388577521205,0.0,0.09260767271432639,0.0,0.004213501160807479,0.0009338061344608617,0.46442069257736646,0.0,0.0,0.0,0.0,0.0,0.003630973175139414
s13M0923,0.0,0.39049020626258807,0.0,0.014890105708231825,0.0,0.0012017428237206431,0.0,0.0,0.0,0.0016897051716490085,0.0,0.03399393730113568,0.0,0.0012104385656047088,0.011228573526182336,0.0,0.1291237308140851,8.760774235418136e-05,0.011940650380046337,0.0010462448018091648,0.40268108162250127,0.0,0.0,0.0,0.0,0.0,0.0004159752800916163
s14M0923,0.0,0.07862194098314176,0.0,0.0,0.0,0.0,0.0,0.0,0.0,0.02951792577919834,0.006424061160483736,0.0,0.06951808137162037,0.0,0.0055899335086307764,0.0,0.012398803025846315,0.03414914716586613,0.22849352700991749,0.0,0.535286579995295,0.0,0.0,0.0,0.0,0.0,0.0
s15M0923,0.0,0.00028081908828556475,0.0004633890289485227,0.0,0.0,0.0,0.0,0.0,0.0,0.1574383547795869,0.007527995733157238,0.0,0.12262593571755073,0.0,0.0,0.06259510333871286,0.0,0.12413744663357723,0.3510828656652286,0.0,0.1738480900149523,0.0,0.0,0.0,0.0,0.0,0.0
s01X0923,0.0,0.0,0.0,0.0,0.0,0.0,0.0,0.0,0.0005325265603168247,0.15640075217184396,0.0013199566630521813,0.0,0.13243177888003063,0.0,0.0,0.49436903270354426,0.0,0.2002547212976143,0.01469123172359786,0.0,0.0,0.0,0.0,0.0,0.0,0.0,0.0
s02T0923,0.0,0.0120237446600184,0.0002671888810657094,0.0,0.0,0.0,0.0,0.0,0.0,0.009806774853427945,0.00010986812123475635,0.0,0.25341697811966507,0.20177834091909064,0.0,0.23045940655442992,0.0008979636382785988,0.04669649458595854,0.0,0.00018763199319533452,0.0,0.0,0.0,0.0,0.0,0.0,0.24435560767363518
s03T0923,0.0,0.008372956967429401,0.00027740580226113767,0.0,0.0,0.0,0.0,0.00048324545932776195,0.0,0.0,0.0013388040312893668,0.0,0.24946002009073195,0.2493260996072986,0.0,0.1669289230140063,0.00035933116653489124,0.035762751439106594,0.0,0.007846892593797093,0.0,0.0,0.0,0.0,0.0,0.0,0.2798435698282169
s04T0923,0.0,0.005545489170693662,0.0012081789096222554,0.0,0.0,0.0,0.0,0.0,0.0,0.0,7.64740780603331e-05,0.0,0.21221304812314393,0.11511818030944046,0.0,0.20951070528539353,0.0,0.036532446353323596,0.0,0.2153832628020542,0.0,0.0,0.0,0.0,0.0,0.0,0.20441221496826792
s05T0923,0.16688652496535777,0.012886922197980887,0.0,0.003451328743848662,0.0,0.0,0.0,0.0003311237159431466,0.0,0.0,0.004592275383548255,0.0,0.18843118750854507,0.23763323809714484,0.0014091161472896047,0.06871193050855987,0.0,0.04535812435525678,0.008146056390528546,0.014832815365341383,0.0,0.0,0.0,0.0028324449894499386,0.0,0.0008429099088971464,0.24365400172230817
s06T0923,0.03684362170368081,0.003620038047800797,0.0008856129907380411,0.0004900753506472742,0.0,0.0,0.0,0.00033923342620967767,0.0,0.0,0.007861797749117778,0.0,0.16746204375303342,0.08306964774961136,0.0007557553418069768,0.008921347651736486,0.0,0.05325045980109881,0.004621800425772967,0.35927546721966686,0.0,0.0,0.08718861902203398,0.0009175976165231784,0.0,0.0004312827227364017,0.18406559942778516
s07T0923,0.0,0.012573078898833964,0.0008673672670315624,0.0,0.0,0.0,0.0,0.0005418251187668296,0.0,0.007110345297079118,0.007640859818666695,0.0,0.16893119398467388,0.23512944439065336,0.0,0.125285087043358,0.0006167994720937938,0.033850201419587535,0.006709072737728274,0.13040587931263983,0.0,0.0,0.0,0.00016687385368272038,0.0,0.0,0.2701719713852046
s08T0923,0.0,0.8221801615843198,0.0,0.0018079703914002732,0.0,0.0,0.0,0.0,0.0,0.0,0.0,0.0016514115482044623,0.0,0.0,0.0,0.0,0.10254649160430304,0.0,0.0,0.0,0.07181396487177232,0.0,0.0,0.0,0.0,0.0,0.0
s09T0923,0.0,0.7698390124755186,0.0,0.01085448666518889,0.0,7.568629551248978e-05,0.0,0.0,0.0,0.0,0.0,0.0,0.0,0.0006510976804185691,0.005029063545205464,0.0,0.11756009655461604,0.0,0.0,0.0,0.09520239275717178,0.0,0.0,0.0007694942667828168,0.0,1.8669759585462776e-05,0.0
s10T0923,0.0,0.7105058870496942,0.0,0.019501497184494673,0.0,0.0003313507636219264,0.0,0.0,0.0,0.00013698448736756608,0.0,0.0,0.0,0.0010675289963576553,0.010544808424102773,0.0,0.15597478678817928,0.0,0.0,0.00011878757466693962,0.10133304999050455,0.0,0.0,0.00013020254921887372,0.0,0.00035511619179164175,0.0
s11T0923,0.0023181975253899426,0.5921705123503319,0.0,0.032112667164130936,0.0,0.00045485695099394967,0.0,0.0,0.0,0.0,0.0,0.03598671003007207,0.0,0.0010337239692313253,0.013360009270667031,0.0,0.1718267565036276,0.0,0.0,0.0005071625481457622,0.15022940368740947,0.0,0.0,0.0,0.0,0.0,0.0
s12T0923,0.01136976186593758,0.4966675064062301,0.0,0.036756098954012016,0.0,0.00097790149957118,0.0,0.0,0.0,5.442133932281393e-05,0.0,0.006562654166819562,0.0,0.0008329990355648248,0.01615597063225754,0.0,0.2343919686489664,0.0,0.001048573816893792,0.00028188178402980597,0.19454892223408995,0.0,0.0,0.00035133961630438485,0.0,0.0,0.0
s13T0923,0.0033819436349209484,0.3055510129130311,0.0,0.020205385130835286,0.0,0.0014711241962005934,0.0,0.0,0.0,0.00042711999443596,0.0,0.0717323905478797,0.0,0.0,0.03596571307145533,0.0,0.2764956507874384,0.0,0.0008409958164673788,0.0006516528760455399,0.280717922092244,0.0,0.0,0.0,0.0,0.0,0.002559088939045651
s14T0923,0.05689479683034926,0.17051736936419462,0.0,0.02057015222040343,0.0,0.0018808449180037349,0.0,0.0,0.0,0.000992163109871339,0.0007303455180188961,0.06774411508273082,0.007609194811445823,0.0,0.028287277256517265,0.0,0.09671906724797355,0.002229766336273886,0.0071650797795842144,0.0013355732017214538,0.524546781467216,0.0,0.0,0.0,0.0,0.0,0.012777472855695741
s15T0923,0.0,0.1004860997803042,0.0,0.0,0.0,0.0,0.0,0.0,0.0,0.12548303383863385,0.004837510025484709,0.0,0.11803089241130688,0.0,0.008676015769104303,0.22485227657312953,0.008092880827054946,0.08126215179597542,0.01866432438297171,0.0,0.3096148145960344,0.0,0.0,0.0,0.0,0.0,0.0
s02M1023,0.13060312097999882,0.007539197148850227,0.0,0.0,0.0,0.0,0.0,0.0,0.0,0.0,3.9933216443208204e-05,0.0,0.16063917154463112,0.2953942671909868,0.0,0.1839487732864726,0.0,0.02755006408216396,0.0008071193631536159,0.0024526912008597758,0.0,0.0,0.013675177627669384,0.0,0.0,0.0,0.17735048435877065
s03M1023,0.0986908303352541,0.011947228109829601,0.0,0.0,0.0,0.0,0.0,0.0004600831355679841,0.0,0.004091733453260555,0.0008655285831740219,0.0,0.17026216972220184,0.24552485387786183,0.0,0.18402940165037873,0.0001643193780255899,0.028481741867712802,0.011689668290120653,0.0021254309505248595,0.0,0.0,0.04561965590857633,0.0,0.0,0.0,0.19604735473751111
s04M1023,0.33542633702969676,0.007291648491477555,0.0,0.00021342733432468559,0.0,0.0,0.0,0.0006129684706603914,0.0,0.006207106236866285,0.0,0.0,0.09004676098504259,0.11126915229852143,0.0,0.18307524565496197,0.0,0.0005331968292960051,0.045139989077710524,0.00047307823135019403,0.0,0.0,0.027450067759864822,0.0,0.0,0.000961002557542148,0.1913000190426847
s05M1023,0.22333284560554256,0.0037867488439508475,0.00040895235523904936,0.0008716235584714137,0.0,0.0,0.0,0.0,0.0,0.0045944221729815275,0.00023259260389232333,0.0,0.10468021416137936,0.0961891789901781,0.0,0.10053883044998461,0.0,0.0,0.2635677585842385,0.0012985335125248472,0.0,0.0,0.029841412721699483,0.0,0.0,0.0,0.1706568864399174
s06M1023,0.40520353295810324,0.011307228994954222,0.00023623801839006082,0.0,0.0,0.0,0.0,0.0,0.0,0.005911520219825873,0.0014284470170107008,0.0,0.10399331594441162,0.09169004650707169,0.0,0.12192854339388576,0.0,0.0016003936659119682,0.04628314342863861,0.0,0.0,0.0,0.011724883778649652,0.0,0.0,0.0,0.19869270607314662
s07M1023,0.0,0.017226104928690745,0.0,0.0,0.0,0.0,0.0,0.0,0.0,0.012962442500195953,0.0,0.0,0.18456698876464372,0.1419124029501218,0.0,0.37363626534310174,0.0,0.0,0.022553717338481962,0.00034814656697821353,0.0,0.0,0.0,0.0,0.0,0.0,0.24679393160778587
s08M1023,0.0,0.8098798141385555,0.0,0.00462412670339762,0.0,8.831483505922638e-05,0.0,0.0,0.0,0.0,0.0,0.0,0.0,1.7893637224015507e-05,0.0,0.0,0.12927279299223662,0.0,0.0,0.00040795912682373554,0.05569527548942529,0.0,0.0,0.0,0.0,0.0,1.3823077277863534e-05
s09M1023,0.0,0.6299960928056287,0.0,0.04658212971904212,0.0,0.0,0.0,0.0,0.0,0.0,0.0,0.06632050580729072,0.0,0.0,0.0009660801030679802,0.0,0.16424190412977657,0.0,0.0,0.0002114465417248616,0.09164116588745827,0.0,0.0,4.06750060107752e-05,0.0,0.0,0.0
s10M1023,0.012315307918269723,0.0168866364423344,0.0,0.02359637959502905,0.0,0.0,0.0,0.0,0.0,0.0005042053109729141,0.0013473542006807264,0.057085562579251126,0.0,0.0004538531566250218,0.011369890217204028,0.0,0.010215525630735895,0.0,0.0,0.0012498458930104285,0.8431306084893854,2.7263764347347432e-05,0.0,0.0,0.0,0.002868558435719552,0.018949008366434338
s11M1023,0.008085172445694568,0.5408609957934422,0.0,0.013404323037975415,0.0,0.00011770853513620746,0.0,0.0,0.0,0.0,0.0,0.04030128910316081,0.0,2.439936276402618e-06,0.03353684946321465,0.0,0.13512286934665046,0.0,0.0,0.00028278043760871955,0.22725618668794195,0.0,0.0,0.0008650064986919007,0.0,0.00016437871420651412,0.0
s12M1023,0.0,0.5672269269634044,0.0,0.04940933815976288,0.0,0.0,0.0,0.0,0.0,0.0,0.0,0.058282056581774905,0.0,2.8024923871429234e-05,0.012148573441109022,0.0,0.17406712992466428,0.0,0.0024648393292568626,0.000704368381436591,0.13157842512800413,0.0,0.0,0.0,0.0,0.0,0.00409031716671551
s13M1023,0.1251279911025264,0.2566003633574286,0.0,0.03766723726875155,0.0,0.0012460478618174615,0.0,0.0006907536329295871,0.0,0.0023121110974143244,0.0,0.03530238576451668,0.0028856741806299957,0.004385276507038401,0.07389979907616401,0.003703531389618849,0.1363592011085297,0.0,0.015366215290689602,0.0017597897118173606,0.2775310171450222,0.0,0.0,0.009830600015095623,0.0,0.0011303274684392002,0.01420167802157064
s14M1023,0.11194592768674413,0.13529495622806637,0.0,0.01895109210276533,0.0,0.0,0.0,0.0,0.0,0.012108712982821799,0.0070511141839391086,0.018158432500441295,0.13012597036794113,0.022330567335853528,0.010085779152772678,0.049265780249501415,0.036745663627306836,0.02743432621980887,0.023454502052244582,0.0017996051611563694,0.31195929443736,0.0,0.0,0.0006211986419550708,0.0,0.0007112981587480332,0.08195577891057336
s15M1023,0.10133409677691077,0.04902964151920512,0.0,0.012031795676091214,0.0,0.0,0.0,0.0011199750001238688,0.00023900342808543939,0.015815268707116827,0.0037378523976583284,0.014615562605432217,0.1931652181202335,0.09610614918174766,0.013776279098493304,0.02020056137095776,0.0063259222014824725,0.039387584560786365,0.1636003951551855,0.0006914684567355683,0.18089374882421386,0.0,0.0,0.0,0.0,0.0,0.0879294769195402
s01X1023,0.15548670375883855,0.0038435069133869867,0.0005188583035273836,0.0,0.0,0.0,0.0,0.0,0.0,0.0251577490698612,0.0029299246527529806,0.0,0.19289191109452908,0.17054077071793797,0.0,0.1547233717038099,0.0,0.06324069918075059,0.04423564335434995,0.001420631424771529,0.0,0.0,0.0,0.0,0.0,0.0,0.18501022982548393
s02T1023,0.04640357347864913,0.007172552682008789,0.0,0.0,0.0,0.0,0.0,0.0002483269064705821,0.0002682012049214326,0.05898087287969835,0.001046824215032181,0.0,0.1647524633619911,0.19545057891223433,0.0,0.2866959704913012,0.0044053102606801415,0.08015947888943772,0.008859314909936479,0.0017644305750086767,0.0,0.0,0.0,0.003440709611200921,0.0,0.0,0.14035139162142893
s03T1023,0.03847054758684442,0.00391533592324771,0.0,0.0,0.0,0.0,0.0,0.0005265491379213413,0.0,0.09477259774666941,0.0,0.0,0.10425259057114093,0.1142758194995721,0.0006569191849237271,0.4241671583751574,0.0,0.04952033266779998,0.041926596376921636,0.0,0.0,0.0,0.00195662626172949,0.0,0.0,9.871297626566399e-05,0.12546021369180632
s04T1023,0.21310480291510644,0.0069310489240109515,0.0,0.0,0.0,0.0,0.0,0.00020128797631129697,0.00019585126468533073,0.027048346559287978,0.0036958739329784247,0.0,0.17077605952339764,0.1520771567566511,0.004331772311812718,0.18880839160287144,0.0,0.06360296341727376,0.005464763120740099,0.0028624569333959757,0.0,0.0,0.0,0.0,0.0,0.0,0.16089922476147683
s05T1023,0.0017108535357807115,0.0002011694350641168,0.001314590629606719,0.0,0.0,0.0,0.0,0.0,0.0,0.0862753316175145,0.0,0.0002413861614048222,0.21357849401604448,0.025918367320845837,0.0,0.4406634682808465,0.0,0.013833501593237449,0.0,0.001966392665942498,0.0,0.0,0.0,0.0,0.0,0.0,0.21429644474371243
s06T1023,0.1986444607401502,0.006001112270751705,0.0006556959173501852,0.0,0.0,0.0,0.0,0.0,0.0,0.028032177843053646,0.0010984032702578376,0.0,0.160561933567412,0.10923354616629544,0.0,0.26073278769527686,0.0,0.0,0.0,0.002283800712980121,0.0,0.0,0.0,0.0,0.0,0.0031711773940658545,0.2295849044224062
s07T1023,0.08229265929822849,0.013412579211189723,0.00012952771188695327,0.0,0.0,0.0,0.0,0.00013823873053630235,0.0,0.04233486052789018,0.002763714452453981,0.0,0.21995601914291354,0.23569131623533573,0.0,0.10773678797478714,0.0,0.041559309106604686,0.0,0.0012736220027260907,0.0,0.0,0.0,0.0,0.0,0.0,0.25271136560544727
s08T1023,0.0,0.5849957205279152,0.0,0.037981310343143664,0.0,0.0,0.0,0.0,0.0,0.0,0.0,0.16011177776982086,0.0,0.0,0.001179689069436169,0.0,0.1436665801917859,0.0,0.0,0.0003369517239402456,0.071727970373958,0.0,0.0,0.0,0.0,0.0,0.0
s09T1023,0.04552708413018278,0.3232071465370892,0.0,0.05919747360871033,0.0,0.0,0.0,0.0,0.0,0.00037009942716427887,0.0,0.028966376031578252,0.0015690353175493344,0.004669067714617025,0.05609666094335848,0.0,0.2655177486983859,0.0,0.0,0.0018925326864603622,0.2000959083179016,0.0,0.0,0.010571024621345767,0.0,0.0004780389478042468,0.0018418030178524462
s10T1023,0.0,0.2537510882747496,0.0,0.04403191259291956,0.0,0.0,0.0,0.0,0.0,0.0,0.0,0.10745441541405225,0.0,0.0,0.006600876519881262,0.0,0.1976638810469967,0.0,0.0008917447239716727,0.001201315743184455,0.38311663802556045,0.0,0.0,0.0,0.0,0.0,0.005288127658683963
s11T1023,0.0011465484522867335,0.1701002844516166,0.0,0.01724388708495979,0.0,0.0,0.0,0.0,0.0,0.00010926289620528826,0.0014070360417628466,0.07298370545182173,0.0002135084348953517,0.0014835135480260088,0.03993675645755549,0.0,0.08060991522698252,0.0,0.041102743680477324,0.0009113970487084472,0.5613770621123769,0.0,0.0,0.0,0.0,0.0005250244460215407,0.010849354666303358
s12T1023,0.0,0.4569087001394742,0.0,0.014089646142547062,0.0,0.0,0.0,0.0,0.0,0.0,0.0,0.031826847586172394,0.0,0.0008696805438291617,0.02652313879160616,0.0,0.2363483953468327,0.0,0.07812594123115246,3.2879174651192774e-05,0.1552747710437346,0.0,0.0,0.0,0.0,0.0,0.0
s13T1023,0.0,0.5402532304137807,0.0,0.007270641490330874,0.0,0.0,0.0,0.0,0.0,0.0,0.0,0.0,0.0,0.000504396757164482,0.003073047725494601,0.0,0.2431649139730515,0.0,0.1552184281850655,0.0,0.05051534145511227,0.0,0.0,0.0,0.0,0.0,0.0
s14T1023,0.0,0.48047546729469215,0.0,0.0014688888168031646,0.0,0.0003993619360939737,0.0,0.0,0.0,0.0036838552587756526,0.0,0.0,0.007751452498799976,0.002495701367133604,0.0044375974160890475,0.0009488865678927775,0.15444983955963537,0.0,0.15848062408665547,0.0,0.1854083251974289,0.0,0.0,0.0,0.0,0.0,0.0
s15T1023,0.07081146290914521,0.048428230674628925,0.0,0.006311037529544002,0.0,0.0,0.0,0.0005698906322815693,0.0,0.02051591782287202,0.003781317964428189,0.014026708521436084,0.18584669459157746,0.14368841963533974,0.008193823411403527,0.01803767666206091,0.0019517590528326184,0.0211059343094167,0.03452263296595922,0.0,0.37587908336991843,0.0,0.0,0.0,0.0,0.0,0.04632940994715544
s02M1123,0.0,0.01476012059300859,0.0,0.0,0.0,0.0018338191768023993,0.0,0.0,0.0,0.085437785932535,0.0010248327112242137,0.0,0.22316410439334414,0.17255270145858906,0.0,0.23359066468242035,0.0018570118097284334,0.023079789810008064,0.004090537230497583,0.0,0.0,0.0,0.0,0.0,0.0,0.0,0.23860863220184203
s03M1123,0.0,0.0038669247829585317,0.00031030452222183513,0.0,0.0,0.0,0.0,0.0,0.0,0.10064472048430759,0.0,0.0,0.1848074912962863,0.1815427368593552,0.0,0.3410486504413704,0.0,0.0,0.0,0.0004466612790688711,0.0,0.0,0.0,0.0,0.0,0.0,0.18733251033443113
s04M1123,0.0,0.005009025723302508,0.0007980522761157191,0.0,0.0,0.0,0.0,0.0,0.0,0.05616013569411717,0.0,0.0,0.1635701072544618,0.1565850301391194,0.0,0.3052326156555102,0.0,0.0,0.002314071416007007,0.00032147995234453066,0.0,0.0,0.0,0.0,0.0,0.0,0.3100094818890216
s05M1123,0.1924407272947816,0.0031413424804373883,0.0006109038771628357,0.0,0.0,0.0,0.0,0.0,0.0,0.016967211572853774,0.0,0.0,0.1334901431245325,0.23454386863910034,0.0,0.1676866580168596,0.0,0.0,0.0272999842362805,0.004666096245809275,0.0,0.0,0.0,0.0,0.0,0.0,0.21915306451218228
s06M1123,0.08755425139805098,0.011095397257216847,0.0,0.0,0.0,0.0,0.0,0.0005191701026601893,0.0,0.06593534115781814,0.0,0.0,0.1520775419227428,0.053593406902151364,0.00012296225779846382,0.24011361415383417,0.0,0.0,0.12927520165021722,0.0012960201009461084,0.0,0.0,0.0,0.0,0.0,0.0,0.25841709309656363
s07M1123,0.0,0.0037857889161033212,0.0001239960883357752,0.0,0.0,0.0,0.0,0.0,0.0,0.06479299363800524,0.0,0.0,0.16426554776666777,0.22218543282292824,0.0,0.2846294699384835,0.0,0.0,0.04694107639186482,0.0,0.0,0.0,0.0,0.0,0.0,0.0,0.21327569443761143
s08M1123,0.0,0.7010329759219084,0.0,0.028510635920396033,0.0,0.0,0.0,0.0,0.0,0.0,0.0,0.0,0.0,0.0006604150137717073,0.0,0.0,0.23112656640468468,0.0,0.0,0.0,0.03866940673923921,0.0,0.0,0.0,0.0,0.0,0.0
s09M1123,0.010919641019540896,0.42290534026794663,0.0,0.008627501023462547,0.0,0.0,0.0,0.004742431395440338,0.0,3.5362042252448443e-06,0.0,0.0,0.012087301442795625,0.0007830702232200176,0.00825063407449331,0.0,0.1346662284012618,0.0004133561790844606,0.0012271422440079526,0.0,0.37707094598151814,0.0,0.0,0.0017373811594039532,0.0,0.0,0.016565490383599182
s10M1123,0.04838157320276192,0.03411429348727835,0.0014335035833789374,0.0,0.007400231170695765,0.0,0.0,0.0,0.0,0.03054796004818793,0.004555210785412267,0.0,0.05707609026257842,0.006470251956247815,0.0020992492257606915,0.0,0.0,0.0070089925092169806,0.0,0.0,0.7974135355901724,0.00016970714459562,0.0,0.0,0.0012044576287366232,0.0,0.0021249434049764038
s11M1123,0.02229344451671021,0.2253306259963336,0.0,0.008228356868359396,0.0025477878542729013,0.0,0.0,0.0,0.0,0.0028954672056113236,0.0005900401698210646,0.01856194195332221,0.038040295558905264,0.0016899060556853115,0.010508579780842013,0.0016964462411516328,0.06163495399672831,0.005225206106694876,0.0015650484854419261,5.249193026605753e-05,0.5940325845462985,0.0,0.0,0.0,0.0,0.0,0.005106822733555276
s12M1123,0.0021112999366560757,0.2253001211067162,0.0,0.0,0.0,0.0,0.0005830295017316439,0.0,0.0,0.02810824812395537,0.0,0.013345797896714,0.061028153392221514,0.0,0.0,0.0051278938159275336,0.03117296720433783,0.0,0.12079822518990099,0.0,0.5117711615727093,0.00025257776783540813,0.0,0.0,0.0004005244912941122,0.0,0.0
s13M1123,0.0,0.11720653758363879,0.0,0.000596224848064783,0.0,0.0,0.0,0.0,0.0,0.06582844335707617,0.0,0.0,0.07513794810537056,0.0,0.0,0.007638833004938639,0.015629693419182963,0.0,0.027217893294745662,0.0,0.6907444263869824,0.0,0.0,0.0,0.0,0.0,0.0
s14M1123,0.0,0.100397993602279,0.0,0.0,0.0,0.0,0.0,0.0,0.0,0.10249026470825609,0.0,0.0,0.08231805279597619,0.0,0.0,0.0,0.003344191153005652,0.0,0.10063547968075635,0.0,0.6108140180597266,0.0,0.0,0.0,0.0,0.0,0.0
s15M1123,0.0,0.049096523884015815,0.0,0.0,0.0,0.0,0.0,4.6378344428968747e-05,0.0,0.1328936675787952,0.0,0.0,0.12162913226568582,0.03234214424321228,0.0,0.05706164014999036,0.000991480376051432,0.0,0.2841011039253934,0.0,0.3135762174210283,0.0,0.0,0.0,0.0,0.0,0.0082617118113984
s01X1123,0.1636204841191474,0.00040168509551910005,0.0005640943613686206,0.0,0.0,0.0,0.0,0.0,0.0,0.017194704601967387,0.0,0.0,0.12235772158313848,0.39831374583954543,0.0,0.13207811002373923,0.0,0.0,0.04935403669992782,0.0010778066118391793,0.0,0.0,0.0,0.0,0.0,0.0,0.1150376110638074
s02T1123,0.0,0.0016026596590385564,0.0007060601185185495,0.0,0.0,0.0,0.0,0.0,0.0,0.06885215107110954,0.0,0.0,0.17523877630818058,0.13824027566846736,0.0,0.45330448046176985,0.0,0.0,0.0,0.0018167348836304077,0.0,0.0,0.0,0.0,0.0,0.0,0.1602388618292852
s03T1123,0.051801473172898224,0.0,0.0,0.0,0.0,0.0,0.0,0.0,0.0,0.0403899793441924,0.0,0.0,0.14301026517920853,0.15298947325432982,0.0,0.47214207178047113,0.00010667842238239865,0.0,0.0,0.0029528712717119877,0.0,0.0,0.0,0.001525201873332965,0.0,0.0013251351078276787,0.13375685059364495
s04T1123,0.0,0.0003700368714055531,0.0007271693760009853,0.0,0.0,0.0,0.0,0.0,0.0,0.019158195513771372,0.0,0.0,0.1359391310858404,0.24384477743161642,0.0,0.24844126589222823,0.0,0.0,0.0,0.24232552448031622,0.0,0.0,0.0,0.0,0.0,0.0,0.10919389934882091
s05T1123,0.1993312860193276,0.007401342009891375,3.257934555705266e-05,0.0,0.0,0.0,0.0,0.0,0.0,0.01978039914948452,0.0,0.0,0.14883626733064445,0.291268161148337,0.0,0.15813057228206306,0.0,0.0,0.0,0.0003173391939462292,0.0,0.0,0.0,0.0,0.0,0.0,0.1749020535207487
s06T1123,0.0761201298654725,0.0048151097394491665,0.0012662512888830606,0.0,0.0,0.0,0.0,0.0,0.0,0.010811167203554042,0.0,0.0,0.19320896350477298,0.2333991009213843,0.0007969588608983368,0.2531350521966181,0.0,0.0,0.0,0.006149865964500833,0.0,0.0,0.0,0.0,0.0,0.0,0.22029740045446666
s07T1123,0.10551325933033665,0.0033215275316022955,0.0005273784951800534,0.0,0.0,0.0,0.0,0.0,0.0,0.021885940838416648,0.0,0.0,0.16910932824555802,0.34175227817013976,0.0,0.1765310007391111,0.0,0.0,0.0,0.0031005701711772377,0.0,0.0,0.0,0.0,0.0,0.0,0.17825871647847838
s08T1123,0.0,0.7122778104269735,0.0,0.0,0.002075789150896441,0.0,0.0,0.0,0.0,0.0,0.0,0.0,0.0,0.00031938148253185175,0.0,0.0,0.24058939402187357,0.0,0.0,0.0,0.04473762491772457,0.0,0.0,0.0,0.0,0.0,0.0
s09T1123,0.0,0.668803372201544,0.0,0.0,0.00026629978425360054,0.0,0.0,0.0,0.0,0.0002950143478942055,0.0,0.0,0.00029543070201872734,0.0,0.0,0.0003273496958017729,0.31586611363535033,0.0002582191918223282,0.0,0.0,0.012996196475665986,0.0,0.0,0.0,0.0,0.0,0.0008920039656491538
s10T1123,0.014089154492707109,0.44315400673735134,0.0,0.0,0.0,0.0,0.0,0.0,0.0,0.0009373707999839043,0.0,0.0,0.006715873444138739,0.0021328181041396117,0.021126677008353443,0.0,0.319126890674549,0.00043541527393783263,0.0,0.0004635806966072185,0.18837684579653494,0.0,0.0,0.0013916696133446697,0.0,0.00013934561939537128,0.001910351738956551
s11T1123,0.0,0.3860391374271439,0.0,0.0,0.002933325472973211,0.0,0.0,0.0,0.0,0.02042449367303787,0.0,0.0,0.0316069747456295,0.0,0.0,0.005265538661177769,0.1787897003501509,0.0,0.0,0.0,0.37494082966988684,0.0,0.0,0.0,0.0,0.0,0.0
s12T1123,0.0,0.41454093010294796,0.0,0.005676261086079708,0.0,9.842022157413015e-05,0.0,0.0,0.0,0.0025497206973868146,0.0,0.0,0.007598106600205569,0.0004840162132597858,0.0,0.0010883590510774408,0.34551579366060975,0.0,0.0,0.0,0.21720882865252786,0.0,0.0,0.0,0.0,0.0,0.005239563714331009
s13T1123,0.0,0.47010569990814716,0.0,0.0,0.0009615658759808602,0.0,0.0,0.0,0.0,0.00788645110693509,0.0,0.0,0.020263651565051444,0.0,0.0,0.00219417925447408,0.2617017959878392,0.0,0.0,0.0,0.2368866563015721,0.0,0.0,0.0,0.0,0.0,0.0
s14T1123,0.0,0.3121692293084311,0.0,0.0,0.0,0.0,0.0,0.0,0.0,0.060698681230162546,0.0,0.0,0.08853720888398896,0.0,0.0,0.012045208281535387,0.08203158986753807,0.0,0.00031320068432598696,0.0,0.44420488174401795,0.0,0.0,0.0,0.0,0.0,0.0
s15T1123,0.0,0.04662262398524028,0.0,0.0,0.0,0.0,0.0,0.0036192064947934287,0.0018521753780212698,0.187501340683583,0.001063069748834456,0.0,0.1738052305461249,0.040653893626646544,0.0,0.08019104620697215,0.0,0.0,0.0,0.0,0.42395264969130475,0.0,0.0,0.0,0.0,0.0,0.04073876363847923
s02M1223,0.0,0.006851685565940077,0.00043731959922538684,0.0,0.0,0.0,0.0,0.0,0.0,0.13950952385745705,0.0,0.0012867330179313268,0.28803878644154696,0.16029514949258267,0.0,0.2766902710441753,0.0008399400908411255,0.0,0.0026237846092197754,0.0012882554178255845,0.0,0.0,0.0,0.0,0.0,0.0,0.12213855086325483
s03M1223,0.5243407791046152,0.0113716872105621,0.0,0.0,0.0,0.0,0.0,0.001052449166663842,0.0024401388662548223,0.048341613381854324,0.0,0.0,0.11139172112704694,0.0,0.0021283019030649123,0.15355500724316012,5.001190659778882e-05,0.0,0.024301684280212246,0.0,0.0,0.0,0.004862714199566901,0.0,0.0,0.0009398844714470636,0.11522400713895364
s04M1223,0.3999768507600673,0.005273141704503164,0.0003560280488031086,0.001166573976641061,0.0,0.000608872112910622,0.0,0.0001413016410969562,0.0008845633095400254,0.028024042252561346,0.0018250815302054064,0.0,0.12791260595588283,0.14115193047473132,0.0,0.08399872584066166,0.0,0.0012740925049414915,0.045946455928343434,0.001051931738559911,0.03282297811827809,0.0,0.021439195826810552,0.0,0.0,0.0,0.10614562827546187
s05M1223,0.2576067453159201,0.007818438300277099,0.00043115822647787926,0.00671384732080006,0.0,0.0,0.0,0.0,0.002318580622700597,0.08251162628029503,0.0,0.00023686114370146725,0.18003285228720808,0.09176408426105838,0.0,0.17035289523418798,7.27217097380193e-06,0.0,0.023299451364494368,0.0016287485826029886,0.0,0.0,0.04063886349989213,0.0,0.0,0.0,0.1346385753894101
s06M1223,0.32604480558736537,0.004496283794113639,0.00031118327089712725,0.005270048638727156,0.0,0.0,0.0,0.0,0.0027890098341520134,0.09132744704776685,0.00048739825276493165,0.0,0.17570195467444313,0.06330371067872521,0.0,0.19546348696071963,0.0,0.0,0.003701984581819346,0.0010496521232859785,0.0,0.0,0.00848438585346851,0.0,0.0,0.0,0.1215686487017511
s07M1223,0.0,0.018355344680130194,0.0,0.0,0.0,0.0,0.0,0.0,0.001499313748426829,0.26713965148106245,0.0,0.0,0.24254314533649302,0.07127897295750363,0.0,0.2609716340795145,0.0,0.0,0.0,0.0,0.06060652968579276,0.0,0.0,0.0,0.0,0.0,0.0776054080310766
s08M1223,0.0,0.499471403402968,0.0,0.0,0.0016014826527635808,0.0,0.0,0.0,0.0,0.0,0.0,0.0,0.0,0.0,0.0,0.0,0.4989271139442684,0.0,0.0,0.0,0.0,0.0,0.0,0.0,0.0,0.0,0.0
s09M1223,0.0,0.08790680390920405,0.003230978595178938,0.0,0.004759094362834909,0.0,0.0,0.0013172947062840114,0.0,0.0018891386465839167,0.0,0.0,0.006180085290558262,0.0018500497163154864,0.001860325499750377,0.0,0.8355326715169937,0.0,0.00018243378009506067,0.0,0.055074983281415614,0.0,0.0,0.0,0.00021614069478555588,0.0,0.0
s10M1223,0.0,0.02916526259804607,0.0030752813376838666,0.0,0.0,0.0,0.0,0.0,0.0,0.06118257952836257,0.0016930323509333168,0.0,0.0510769511828912,0.0,0.0,0.0,0.0,0.0,0.0,0.0,0.853806893002083,0.0,0.0,0.0,0.0,0.0,0.0
s11M1223,0.0,0.09655868544617233,0.0,0.0,0.001654031026201466,0.0,0.0,0.004480600299270706,0.0,0.028078237527099655,1.1428093847405636e-05,0.0,0.016314122209867266,0.002192573954761004,0.0029640710445924846,0.0,0.274979560789552,0.0002731387641254924,0.0,0.0,0.5723166010275983,0.0,0.0,0.0,0.0,0.0,0.00017694981691187926
s12M1223,0.0,0.21021913484403285,0.0,0.0,0.0,0.0,0.0,2.5181913422233384e-05,0.0,0.07144568286064677,0.0,0.0,0.05152540009142619,0.0,0.0,0.0,0.07044740778975984,0.0,0.0,0.0,0.596337192500712,0.0,0.0,0.0,0.0,0.0,0.0
s13M1223,0.0,0.09515807749537077,0.0,0.0,0.0,0.0,0.0,0.002215084796963266,0.0,0.31487204993851303,0.0,0.0,0.11419518802250651,0.0,0.0,0.0,0.012692123785920783,0.0,0.0,0.0,0.4608674759607257,0.0,0.0,0.0,0.0,0.0,0.0
s14M1223,0.0,0.0626161271905388,0.0,0.0,0.0,0.0,0.0,0.0,0.0,0.28447692844927386,0.0,0.0,0.15943334112569116,0.0,0.0,0.07766289226609872,0.003678213943946856,0.0,0.0,0.0,0.4121324970244507,0.0,0.0,0.0,0.0,0.0,0.0
s15M1223,0.0,0.06772037888827354,0.0,0.0,0.0,0.0,0.0,0.0024456577817657415,0.0016964040566042344,0.2961257552523455,0.0,0.0,0.154268607512021,0.0,0.0,0.2557781104541103,0.0,0.0,0.0,0.0,0.22196508605487952,0.0,0.0,0.0,0.0,0.0,0.0
s01X1223,0.029126210227276236,0.010344064474411947,0.0011514208525947758,0.020564468125409296,0.0,0.0,0.0,0.0043260830697488695,0.0,0.0323200920538503,0.012070359770807056,0.0,0.30568093377716643,0.3244313368918617,0.0,0.0017092657098606722,0.0,0.027716386196990496,0.024681014312418426,0.002725575127982085,0.0,0.0,0.00316617838006201,0.01165205795972103,0.0,0.0,0.18833455306983873
s02T1223,0.25340994488991364,0.016124713535223163,0.0,0.007866727375146378,0.0,0.0,0.0,0.0012807753483590068,0.0,0.05450709408476057,0.00013747666290437452,0.0,0.21574105581151545,0.23550765493355907,0.0,0.0814719515574901,0.005599795787111051,0.0,0.0,0.0,0.0,0.0,0.0,0.0,0.0,0.0,0.12835281001401708
s03T1223,0.19827404562392853,0.00437320690452715,0.0,0.00012653475436960498,0.0,0.0,0.0,0.0,0.0,0.10343949176415525,0.0,0.0,0.20308493239224676,0.22990109991111926,0.0,0.13614615621004214,0.0,0.0,0.015286964797592372,0.0,0.0,0.0,0.0,0.0,0.0,0.0,0.10936756764201908
s04T1223,0.26431723056473766,0.007027478298050597,0.000362111345700923,0.0068361309891869955,0.0,0.0,0.0,0.0,0.0,0.048134262284997224,0.0029777393374124175,0.0,0.18074459003021395,0.11055568324945665,0.0,0.09945891986272941,0.0,0.0,0.1375341310638354,0.012123651049180197,0.0,0.0,0.0,0.0,0.0,0.0,0.12992807192449873
s05T1223,0.35679935329018075,0.007832417224068758,0.00014357387064109782,0.0,0.0,0.00043459902710481885,0.0,0.0,0.0,0.08213582222271754,0.0,0.0,0.20321916066738413,0.10523436771099733,0.0,0.10194771566618661,0.0,0.0,0.0,0.0,0.0,0.0,0.0,0.0,0.0,0.0,0.14225299032071903
s06T1223,0.08849001530697427,0.006172061171118289,0.0,0.0016534677796859701,0.0,6.1572147872108e-05,0.0,0.0002082511196039416,0.0,0.13275337898533845,0.006268931068817836,0.0,0.1936314000615907,0.16331107400607897,0.00119079247163804,0.04881910345984436,0.0,0.0,0.23959378483984206,0.00024591225860142287,0.0,0.0,0.0,0.0,0.0,0.0,0.11760025532299345
s07T1223,0.1882596159143386,0.0,0.0,0.01279403318225689,0.0,0.0,0.0,0.0012328351640012928,0.0,0.05292887743800982,0.008939768025292418,0.0,0.14677964515437802,0.15059849639857836,0.0,0.0,0.0,0.0,0.30804429443705844,0.0023434287740096453,0.0353465118187357,0.0,0.0,0.0,0.0,0.0,0.09273249369334091
s08T1223,0.0,0.35872394645770733,0.0,0.0,0.004344176831157786,0.0,0.0,0.0,0.0,0.0,0.0,0.0,0.0,0.0008143691692441903,0.0,7.994766323150446e-06,0.6361095127755677,0.0,0.0,0.0,0.0,0.0,0.0,0.0,0.0,0.0,0.0
s09T1223,0.06726792182226396,0.18924420011451107,0.0,0.0,0.001025979874760519,0.0,0.00018882009570947843,0.003281273490316569,0.0,0.0043348933305074,0.0002051014618761566,0.0,0.02330537848951243,0.006294948453159589,0.026339033604713905,0.0,0.5111049718624531,0.0,0.00887628582685491,0.00022228472060829355,0.14824202174687728,1.9092967514767023e-05,0.0,0.005208825418010777,0.0,0.0,0.004838966720349816
s10T1223,0.0,0.016822087052003255,0.001751113051197749,0.0,0.0,0.0,0.0,0.005525266270841841,0.00019482381116146008,0.1213307005913064,0.0023466563174581122,0.0,0.12310454179011147,0.017094196565305256,0.0,0.03144441723542814,0.0,0.001771542869352926,0.013782208309354982,0.0,0.640645040188177,0.0,0.0,0.0,1.3791758174458893e-05,0.00270469114734847,0.021468923042778493
s11T1223,0.014335098263379602,0.2666744528875763,0.0,0.0,0.00527222035603314,0.0,0.0,0.002407094409914889,0.0,0.01879397172481296,0.0,0.0,0.03459427046039564,0.00311023778046176,0.010167732341125744,0.003230080870661155,0.36495230452027955,0.0,0.05098445977016416,7.090405002382393e-05,0.21019334436997542,0.0,0.0,0.0025141822372254335,0.0,0.0,0.01269964595797032
s12T1223,0.0,0.3227360165471771,0.0,0.0,0.0,0.0,0.00010080678570595844,0.0025387302830628903,0.0,0.0899926349171088,0.0,0.0,0.07736643826623461,0.0,0.012974529697481245,0.016536826110076574,0.0735477455949282,0.0,0.028637935723686617,0.0,0.375568336074538,0.0,0.0,0.0,0.0,0.0,0.0
s13T1223,0.0,0.10889166749662979,0.0,0.003953972451536091,0.0,0.0,0.0,0.004404431645432687,0.0013436012930846304,0.1588503065165805,0.00045241545299931987,0.0,0.0961351815394667,0.00570397181428019,0.0027969388000429877,0.02217916815271548,0.03634629442782444,0.0,0.06775173816829347,0.0,0.48620010701693683,0.0,0.0,0.0,0.0,0.0,0.004990205224176913
s14T1223,0.0,0.07435034295294923,0.0,0.0,0.0,0.0,0.0,0.0021274637530462864,0.0,0.21254279419998473,0.0,0.0,0.13278198167120975,0.0,0.0,0.07088472443372448,0.015566740938516517,0.0,0.03450250805151424,0.0,0.45724344399905476,0.0,0.0,0.0,0.0,0.0,0.0
s15T1223,0.0,0.012426719517943965,0.001130091800836518,0.007847117861928904,0.0,0.0,0.0,0.007684493683032543,0.0060085468400266975,0.11938524728456217,0.002405446303466307,0.0,0.10817952271977321,0.1071991726649282,0.00020056490274953355,0.0,0.0,0.0,0.1870217392400498,0.0006640193314562287,0.418771535467958,0.0,0.0,5.6668424944060104e-05,0.0,0.0,0.021019113956343972
s02M1323,0.5853538178529731,0.013267047659980177,0.0,0.0,0.0,0.0,0.0,0.001132711716836016,0.002347296675790146,0.04030924775466956,0.004895515345149635,0.0,0.10371991673819267,0.14549773164787191,0.0,0.0,0.0061050452137488866,0.0009712417790461243,0.0001140347632905412,0.0,0.0623057067127817,4.820872744890241e-07,0.0,0.0,0.0,0.0,0.03398020405239499
s03M1323,0.5796695118050342,0.005223878878013584,0.00012876829249626256,0.0,0.0,0.0,0.0,0.00041854947318945625,0.0016213318122932422,0.12638371900940565,0.0003213338495949611,0.0,0.11855371271795845,0.0503244805597601,0.0,0.03440981533135128,0.0,0.0,0.0,0.0,0.0,0.0,0.014082135832324595,0.0,0.0,0.0,0.06886276243857829
s04M1323,0.3011461833623014,0.0016149274551885912,1.7770570936261623e-06,0.00028280868673583655,0.0,0.0025038472246689328,0.0,0.0,0.00018446743601782748,0.055715862318076445,0.0007062456166158982,0.0,0.05934448599661414,0.02707227236750274,0.0,0.025544984926978966,0.0,0.0,0.003919221564991621,0.0,0.0056138000451694215,0.0,0.48704642029655454,0.0,0.0,0.0,0.02930269564548988
s05M1323,0.4467821654402081,0.008833392919072746,0.0,0.000958104022608605,0.0,0.01010654881829296,0.0,0.0,0.0,0.1154574324093724,0.0024099306581957737,0.0,0.11297120142652749,0.03965462938714706,0.0,0.06218509485323257,0.0,0.0,0.0,0.0,0.0,0.0,0.13733149028889977,0.0,0.0,0.0,0.06331000977644247
s06M1323,0.395397191372461,0.008539458634542968,3.012106847056853e-05,0.001175993881721668,0.0,0.003462214016343755,0.0,0.0,0.0,0.13242887955787178,0.0,0.0,0.16083321471169637,0.07842233520287108,0.0,0.10826621353090748,0.0,0.0,0.0,0.0,0.0,0.0,0.027320956030606094,0.0,0.0,0.0,0.08412342199250726
s07M1323,0.16745791238038904,0.008860018271192694,0.000551023914223413,0.004577648389312938,0.0,0.00040022156116384513,0.0,0.0014565648979194474,0.001363011823914049,0.2550569664753752,0.0008810335630831205,0.0,0.25730034316790407,0.13809394900085534,0.0,0.0681370095446318,0.0,0.0,0.0,0.0,0.013675173336365068,0.0,0.0,0.0,0.0,0.0,0.08218912367366993
s08M1323,0.0,0.4663546836481467,0.0,0.005929914334506203,0.0008717041614339253,0.0,0.0,0.0,0.0,0.0,0.0,0.053928502069081695,0.0,0.0,0.0,0.0,0.3981891581160765,0.0,0.0,0.0021996015751745285,0.053888347681235044,0.0,0.0,0.0,0.0,0.0,0.018638088414345427
s09M1323,0.0,0.5983149193658429,0.0,0.0,0.0020604830796613688,0.0,0.0,0.0,0.0,0.0,0.0,0.025251674777132842,0.0,0.0,0.0,0.0,0.3370255303417365,0.0,0.0,0.0,0.03609834172932906,0.0,0.0,0.001249050706297295,0.0,0.0,0.0
s10M1323,0.0,0.19969247165781193,0.0,0.0,0.0011455580571462722,0.000907084998302107,5.294114105559165e-05,0.0003615179321897293,0.0,0.025300737209048484,0.0,0.01461627138296623,0.019924889351834438,0.00016956577340901892,0.0,0.0,0.20692397398192547,0.0,0.0,0.0,0.5198632569930048,0.0,0.0,0.0,0.0,0.0,0.011041731521305949
s11M1323,0.010041192372116313,0.22275115156325595,0.0,0.0,0.0015930013226952045,0.0009154519409640033,6.269545164653463e-05,0.0019092624452451562,0.0,0.005730340646608271,0.0,0.016508029899126173,0.005775406706941094,0.0019047662303617874,0.012621535300409657,0.0,0.41419077503963964,0.0,0.000920491565476596,5.5547374140730755e-05,0.29977538194601594,6.345987380715049e-05,0.0,0.002026496926265798,0.0,0.0,0.003155013395283906
s12M1323,0.0,0.03414215057461031,0.0013436771103135375,0.002029972077969931,0.0,0.003394080306301691,0.0,0.006988748879799249,0.002335309396026397,0.17433499847585404,0.0019045213765672155,0.0,0.10214363197877797,0.0,0.0,0.06226407483569871,0.0,0.0,0.0,0.0,0.609118834988081,0.0,0.0,0.0,0.0,0.0,0.0
s13M1323,0.0,0.01922161442495147,0.001205210351290448,0.0,0.0,0.0006956847870620645,0.0,0.0004872589949692931,0.0,0.26271232616379664,0.0006148207808668498,0.0,0.12567335329182816,0.0,0.0,0.06317307778587526,0.0,0.0,0.00022240339536538635,0.0,0.5259942500239945,0.0,0.0,0.0,0.0,0.0,0.0
s14M1323,0.0,0.025157764192655932,0.0,0.0,0.0,0.0,0.0,0.011897188577710193,0.010051472083944371,0.2844363805130144,0.0,0.0,0.11902837092410008,0.0,0.0,0.06744578140834094,0.0,0.0,0.11923692751132303,0.0,0.3592891537143014,0.0,0.0,0.0,0.0,0.0,0.003456961074609641
s15M1323,0.01669792052540205,0.010618070104485035,9.085530919664448e-05,0.0024872999298901793,0.0,0.004713045472830983,0.0,0.005873245012575279,0.005232771879180496,0.1148139374139109,0.0014566973097494996,0.0,0.08954282081559632,0.04348357679175026,0.00022555039228615905,0.001850650166098576,0.0,0.0,0.45494441819569126,0.0,0.23603992648412692,0.0,0.0,0.0,0.0,0.0,0.011929214197229365
s01X1323,0.17473283868046538,0.0,0.0,0.00801792954009161,0.0,0.0020728025409596277,0.0,0.0012664835432689332,0.0,0.17025840137752746,0.005405721670089187,0.0,0.26579357769788914,0.2320463190753242,0.0,0.0028862062526815776,0.0,0.03305495710714984,0.059263280391217185,0.0012705196926673064,0.0,0.0,0.0,0.0018399895555013294,0.0,0.002473518197214799,0.03961745467795261
s02T1323,0.07527634118829452,0.0,0.0,0.0013570814984028422,0.0,0.0,0.0,0.0,0.00014640882377494986,0.3537334304777603,0.003087483334122296,0.0,0.2586904772130585,0.12161075298555346,0.0,0.0938345105037582,0.0,0.005312555533196262,0.008055185239110163,0.0,0.05335083856341471,0.0,0.0,0.003204679423276597,0.0,0.005579327851482688,0.016760927364794398
s03T1323,0.0,0.0,0.0,0.0,0.0,0.0,0.0,0.0,0.0,0.5750456502515148,0.0,0.0,0.31867959006758023,0.06264440308153905,0.0,0.011058804041518494,0.0,0.0,0.025356591076515788,0.0004856879052439398,0.0,0.0,0.0,0.0,0.0,0.0009084099543397508,0.0058208636217479265
s04T1323,0.0,0.0,0.0,0.0016025523741946372,0.0,0.0,0.0,0.0,0.0,0.4455620952576405,0.0,0.0,0.2675446300783229,0.019969273203822923,0.0,0.058706392864913075,0.0,0.0,0.17454413339358468,0.0012441107309821013,0.0,0.0,0.0,0.0,0.0,0.007027213582654369,0.023799598513884856
s05T1323,0.0,0.0,0.00012808851793093582,0.0021006134851562805,0.0,0.0,0.0,0.0,0.0,0.4638335897880852,0.0,0.00035304438845504255,0.21458054690969253,0.02568311446108627,0.0,0.1577200779376877,0.0,0.005775143239754398,0.06566453135778068,0.0,0.0,0.0,0.0,0.0,0.0,0.004804164891716242,0.05935708502265467
s06T1323,0.0,0.0,0.0,4.299821723063508e-05,0.0,0.0,0.0,0.0,0.0,0.3520081989944191,0.0,0.00032659310847977217,0.1143512282544461,0.027943800719781014,0.0,0.3218177185245443,0.0,0.0,0.1270112110063286,0.0021167347375332882,0.0,0.0,0.0,0.0011821375638009636,0.0,5.19819918946961e-05,0.053147396881541555
s07T1323,0.14710837225495324,0.0,0.0,0.025932123667598256,0.0,0.0,0.0,0.0,0.0,0.05983993874525159,0.012494425574751581,0.0,0.3919429937969561,0.03929523095109194,0.0,0.0,0.0008178916938563116,0.057147573278150024,0.0849178632834509,0.00416596129996202,0.0,0.0,0.04161071599473255,0.04305760947718913,0.0,0.03289455510280768,0.058774744879248615
s08T1323,0.0,0.4935349997521573,0.0,0.010208954840295898,0.0011190583818633897,0.0,0.0,0.0,0.0,0.0,0.0,0.0,0.0,0.0008759229205129575,0.0,0.0,0.4852059398335677,0.0,0.0,5.098441023256449e-05,0.008251368940900197,0.0,0.0,0.0,0.0,0.0,0.000752770920469802
s09T1323,0.06109827380341351,0.1360160893092511,0.0,0.03934068087425282,0.0,0.0,0.0,0.0024083453961826397,0.0,0.002042342671693568,0.0,0.12089054186075149,0.01249710399197523,0.00754582345085758,0.008670363783224267,0.0,0.33276323238305766,0.0,0.0,0.0030628363270120275,0.2583258469218009,0.0,0.0,0.008610540735998694,0.0,0.0,0.006727978490528592
s10T1323,0.016283624429018276,0.13107080893534565,0.0,0.007247010037263316,0.00132577553770676,0.001759816304035682,0.0,0.009054474844116547,0.005674377933056393,0.06804710714236081,0.002292767111144402,0.030029304023631707,0.06320507503926942,0.0,0.001753031443597666,0.01713278088928222,0.06091098581172405,0.0,0.0,0.0,0.5780890287599061,0.0,0.0,0.006124031758540949,0.0,0.0,0.0
s11T1323,0.08925972744757465,0.23397799354738474,0.0,0.012472485350912055,0.0,0.0018814867142864266,0.0,0.013052164622527533,0.0,0.07508331759409399,0.0,0.0,0.018924536430291555,0.004430564853527152,0.012941403878299663,0.020908001545350212,0.22149134653471325,0.0,0.0,0.0011997221949827535,0.2686041601143812,0.0,0.0,0.01778522009441337,0.0,0.0,0.007987869077261369
s12T1323,0.04337620140961098,0.06434417337690111,0.0,0.007648230363303683,0.000887862613245824,0.0010485484908054853,0.00044889837117138994,0.004905132453236899,0.0,0.01886834987610077,0.0013319933433739643,0.057788139473711,0.010090252921711859,1.9243318717865432e-05,0.005723019750552561,0.0,0.06112892075431877,0.0,0.0,0.0005902487296249684,0.711205955009289,0.00010174355048658487,0.0,0.0052130098019018255,0.0,7.711468732235525e-05,0.00520296170461315
s13T1323,0.0,0.03977816110919914,0.0010887259693726434,0.008643115073070456,0.0032295665112288176,0.00011352497528045223,0.0002126051607113763,0.002129202815451001,0.0,0.02312441223074594,0.0019753831473139677,0.0,0.01392956439027685,0.0050422287647345155,0.006235504305472582,0.0,0.14373697159267726,0.0,0.0,0.0008615311313848036,0.739913670587807,4.861289116549826e-05,0.0006961659656198473,0.0045727697905396875,0.0003156226097136667,0.0008407838609089408,0.0035118771173256523
s14T1323,0.0,0.06124454154939439,0.0,0.01383017000373857,0.002010059067858358,0.0005957611087623486,0.0,0.003719554733085048,0.0,0.04990654971374247,0.0022019878657157797,0.02203836403167924,0.04093707200955073,0.012888820260474885,0.0,0.0,0.053585682477816476,0.0007719579470362833,0.0,0.0004951618062789727,0.7214628759253744,0.0,5.5624965950765557e-05,0.004734539564568332,0.0,0.0014565116131425113,0.008064765355830521
s15T1323,0.09673581772843902,0.024880832884992026,0.00032927269861900875,0.014595329262400841,0.0,0.0026198170866061554,0.0,0.013758767946828891,0.008589080249878204,0.03192860652597687,0.012002465133089755,0.007149078169647744,0.11469831440728309,0.037699866294087885,0.011515271392811603,0.0009274495508879168,0.018255957887118885,0.02454996440680628,0.010632033258891461,0.0009491009736871317,0.49983241951074403,0.0,0.0,0.03044125580046847,0.0,0.0029030564393056806,0.035006242391429014
s02M1423,0.5804234551930597,0.0036589488481520525,0.0,0.005745147739743998,0.0,0.0,0.0,0.0022022235131990246,0.0,0.006450040592894256,0.004952768420920067,0.0,0.1248689963767245,0.0643884253520598,0.0,0.0,0.002840997575927324,0.05544157304249055,0.03519214566228212,0.0007852717212717302,0.06470479204768652,0.0,0.0012517408301005479,0.03035167616457404,0.0002817752366681902,0.011594828391711236,0.004865193290534261
s03M1423,0.6803968351322324,0.0,0.0,0.004876923829441303,0.0,0.0,0.00036770722878145477,0.0012940830688845946,0.0,0.0,0.0035058172911697416,0.0,0.07053608670786472,0.06431102263497525,0.0,0.0,0.00021367686754920776,0.023538436344215798,0.031593191005218166,0.0010852701872268039,0.02860087694246369,0.0,0.06471216121531434,0.008756567442166595,0.003928784959162166,0.012282559143333874,0.0
s04M1423,0.44672109090670964,0.004853865606198623,0.0,0.005650096472963789,0.0,0.0024443378986204094,0.0,0.00442885058104108,0.0,0.04663504951730139,0.00312116706950688,0.0,0.1202380706244635,0.0,0.0,0.056916783012722565,0.0,0.04909798756941971,0.020986928991533368,0.001002668426919981,0.0898870379425902,0.0,0.06486615640630473,0.03661919535634593,0.001136387768450685,0.015527303757361978,0.029867022091545493
s06M1423,0.4182713040843754,0.006315555725675072,0.0,0.0032866861124352838,0.0,0.004081032736050501,0.0,0.004072620953187902,0.001898600327477605,0.07040556338147556,0.003884766360803544,0.0,0.1453826446109652,0.05316472527950466,0.0,0.055394852264855146,0.0,0.09120760853405946,0.0074703129577455485,0.0003866242954180705,0.09460736960985441,0.0,0.0026181842324039975,0.018456120584985518,0.0,0.002468685724081816,0.016626742224645344
s07M1423,0.3276625051549978,0.0,0.0,0.006742584797772059,0.0,0.0,0.0,0.0032441254166055587,0.0,0.11582085913330109,0.003512775633571119,0.0,0.2493154747658039,0.06627276119523766,0.0,0.009958094085194205,0.00214196311365163,0.10038629113031679,0.026106272480993307,0.0013141216773647046,0.01475236763301173,0.0,0.0,0.041518701561427486,0.0,0.0312511022207509,0.0
s08M1423,0.0,0.47991807406208786,0.0,0.0041528789515535465,0.0,0.0,0.0,0.0,0.0,0.0,0.0,0.08153699497669259,0.0,0.0022853544840908463,0.015729853407551286,0.0,0.4041352520348598,0.0,0.0,0.000418639576758133,0.011822952506405969,0.0,0.0,0.0,0.0,0.0,0.0
s09M1423,0.013541666469436855,0.21970311703123313,0.003263216851922082,0.03289539567251037,0.0,0.0,0.0,0.0,0.0,0.0,0.0,0.08737540308292671,0.0,0.008027443215679282,0.030698759848946395,0.0,0.6028694019477846,0.0,0.0,0.0,0.0,0.0,0.0,0.0016255958795605577,0.0,0.0,0.0
s10M1423,0.02811541988429592,0.3206560324446611,0.0,0.02515373750368754,0.0,0.0,0.0,0.0,0.0,0.0,0.0,0.09116076342459291,0.0,0.0024869495537158874,0.049348934119699824,0.0,0.4456829840003227,0.0,0.0,0.0,0.03467106051742939,0.0,0.0,0.0027241185515945268,0.0,0.0,0.0
s11M1423,0.06520866505618492,0.04055486287261285,0.0,0.04056294248599446,0.0,0.0,0.0,0.008413409691723814,0.0019326460130365721,0.000706071436048673,0.0,0.1236709648782505,0.0,0.006331605200421275,0.03192839114263905,0.0,0.4387879836261875,0.0,0.0,0.0,0.23028792990968683,0.0,0.0,0.010250225894158298,0.0,0.0,0.0013643017930552107
s12M1423,0.14920961477245656,0.03391816025364321,0.0,0.02054322193393133,0.0,0.0,0.0,0.0222145536434691,0.015555657458985612,0.008911689436354186,0.0,0.05386202547160418,0.003320861609293939,0.00604391313800295,0.020467560759460834,0.0,0.09061879956933581,0.0,0.0,0.0006827646094228186,0.543454755291871,0.0,0.0,0.026784928886483532,0.0,0.0,0.004411493165684917
s13M1423,0.10322879419413644,0.07249323212805811,0.0,0.012000173058797801,0.0,0.0,0.0,0.01237895569017118,0.0,0.0052226169470836435,0.0,0.10041940318460606,0.0,0.004667252486053364,0.028024023881281397,0.0,0.20427726706603777,0.0,0.0,0.00037987320981839646,0.44070167082772815,0.0,0.0,0.016176447458583012,0.0,0.0,3.0289867644612818e-05
s14M1423,0.11511353944196713,0.0662728044111583,0.0,0.0013027302158498547,0.0006524243187194929,0.0004702398058329646,0.0001895563352190047,0.016294443659860026,0.0034011469065250107,0.08890625233457823,0.001514428654885682,0.012442388029137354,0.026744427099672074,0.001708860018588282,0.008949793396621645,0.0,0.024711019558800104,0.0,0.0,0.00030935833140526844,0.6001962341088971,0.0,0.0,0.02752183758959856,0.00011920681300872436,0.0004335873103188412,0.0027457216593562168
s15M1423,0.17085181243304018,0.02687165887751317,5.6763646856714357e-05,0.022186917013489012,0.0,0.0,0.0,0.015324621588436598,0.009188940533867226,0.11524650684703916,0.003378301279958084,0.0,0.14012287290436293,0.02817571404186864,0.0,0.0012596924083183455,0.002656989992278671,0.03841170965628677,0.01279756829126301,0.0009838559229505132,0.3429174486306845,0.0,0.0,0.04301155280965533,0.0,0.014010064289607205,0.012547008832523883
s01X1423,0.045324288784974326,0.0061830850573831725,0.00020954510758771616,0.0,0.0,0.007652265404075777,0.0,7.097619157897582e-05,0.0,0.3171441724661534,0.0008150180375642364,0.0,0.3413755707007731,0.22848497574966697,0.0,0.01593460575957354,0.0,0.03298980570982204,0.0,0.0,0.0038156910308467236,0.0,0.0,0.0,0.0,0.0,0.0
s02T1423,0.06837898178958986,0.010148723809958524,0.00041390264917245663,0.00324102545631039,0.0,0.009488869027943148,0.0,0.0,0.0,0.13795137256218695,0.006710938144346643,0.0,0.32355016053579416,0.27551011062288977,0.0,0.0,0.0,0.017170678202221155,0.0,0.0,0.11615648608254572,0.0,0.0,0.03127875111704133,0.0,0.0,0.0
s03T1423,0.06880594697890119,0.003732937098507649,0.0005274498998119198,0.0,0.0,0.0037120417344473364,0.0,0.0,0.0,0.16555446296194778,0.006829754412888886,0.0,0.250542283079958,0.2718502320923114,0.0,0.0,0.0,0.005917987321988458,0.0,0.0,0.13318088641681822,0.0,0.06297337375642684,0.02637264424599226,0.0,0.0,0.0
s04T1423,0.3058724143724193,0.037167121262840254,0.0,0.0004854472680450499,0.0,0.011493053372718089,0.0,0.0022320483461088798,0.0,0.1518659126701765,0.007271575474320424,0.0,0.19007963119178534,0.12891852918086041,0.004171706096071569,0.01287436906716224,0.0,0.0,0.0,0.0,0.10161198133584588,0.0,0.0,0.024745264323801638,0.0,0.0,0.021210946037844403
s05T1423,0.3144101103613726,0.032635100233752164,0.00011352056714285674,0.0018704527703977947,0.0,0.014519410457657408,0.0,0.0008946985935462568,0.0,0.18915634695997247,0.0031150433491308315,0.0,0.1790209601303607,0.06711270511985802,0.004090425200406844,0.055694888250387424,0.0,0.0,0.0,0.0,0.08090881492444518,0.0,0.0,0.024769680918529664,0.0,0.0,0.03168784216303976
s06T1423,0.3724442383290726,0.032624993913953314,0.0,0.005704363510469162,0.0,0.007590943705226953,0.0,0.0002836347612636332,0.0,0.17573725911540972,0.004293059644330919,0.0,0.20100647420500728,0.10310916294661018,0.0043243496810914436,0.0062466511280309485,0.0,0.0,0.0,0.0,0.05124604595349555,0.0,0.0,0.027890093878136787,0.0,0.0,0.0074987292279014356
s07T1423,0.1641047534706156,0.033391153087893394,0.0002754113695309641,0.005204970291923778,0.0,0.013445536011925812,0.0,0.0009587712298833127,0.00019241437001030884,0.1770886731378266,0.003210253466851191,0.0,0.3122591233263009,0.14881426307533463,0.006162454184748459,0.021377279985124543,0.0,0.0,0.0,0.0,0.06846384689657621,0.0,0.0,0.03187854690442021,0.0,0.0,0.013172549191034104
s08T1423,0.0,0.47584538325196185,0.0,0.03913803790371643,0.0,0.0,0.0,0.0,0.0,0.0,0.0,0.07724772621734909,0.0,0.007776082682885319,0.0,0.0,0.3648622136137363,0.0,0.0,0.0,0.03513055633035102,0.0,0.0,0.0,0.0,0.0,0.0
s09T1423,0.0,0.2556951620604101,0.007668184753196408,0.025993208946495608,0.0,0.0,0.0,0.0,0.0,0.0,0.0,0.09251315460843784,0.0,0.009249556575843653,0.012902185765488891,0.0,0.5959785472901274,0.0,0.0,0.0,0.0,0.0,0.0,0.0,0.0,0.0,0.0
s10T1423,0.027213416923625958,0.0,0.0,0.026341008948897023,0.0,0.0,0.0,0.004825892431821119,0.0,0.0004717606187214366,0.0,0.12186608451081613,0.0,0.007568102848545671,0.04604029317506122,0.0,0.571228766168365,0.0,0.0,0.0,0.1866477389783755,0.0,0.0,0.007796935395770852,0.0,0.0,0.0
s11T1423,0.016558094510865252,0.14122174128161438,0.0,0.06418199875964896,0.0,0.0,0.0,0.0007977297541875227,0.0,0.00017143228593529905,0.0,0.08104418918541353,0.0,0.01246491949241415,0.03217037944651772,0.0,0.5497214159883392,0.0,0.0,0.0,0.0940507512194379,0.0,0.0,0.0076173480756259885,0.0,0.0,0.0
s12T1423,0.0,0.24887646677497727,0.0,0.044075941152493484,0.0,0.0,0.0,0.0,0.0,0.0004767980397140156,0.0,0.08291733785829415,0.0,0.009823562206969144,0.0,0.0,0.49127057150115133,0.0,0.0,0.0,0.1209450441116334,0.0,0.0,0.0016142783547672358,0.0,0.0,0.0
s14T1423,0.009259941731797517,0.07792658900650136,0.004253009934253723,0.05252005837819004,0.0,0.0,0.0,0.0017168070415444097,0.0,0.0007793813650932885,0.0,0.0,0.0,0.009856500594815458,0.02282939045641027,0.0,0.7740747171231085,0.0,0.0,0.0,0.04078542195658655,0.0,0.0,0.005998182411698925,0.0,0.0,0.0
s15T1423,0.061364153829710825,0.1644953961560546,0.0,0.04024820405910501,0.0,0.0004491672588654477,0.0,0.008466865096777057,0.000876780963445541,0.0029096279737652066,0.0,0.07033093978082001,0.0,0.005672183537228613,0.010649035436924444,0.0,0.3014578075777517,0.0,0.0,0.00047712746385936985,0.31527457103640244,0.0,0.0,0.01717813864075124,0.0,0.0,0.00015000118853858354
s02M1523,0.4206835448672777,0.0,0.0,0.004103684436073787,0.0,0.0,0.0,0.0,0.0,0.0,0.003608583827561199,0.0,0.10714629183825494,0.03250544218713949,0.0,0.025408764943781217,0.0008836212689114463,0.12462583934686546,0.18788920871041223,0.0,0.0,0.0,0.030320790673193414,0.04005864436402229,0.00421409038082857,0.0185514931556783,0.0
s03M1523,0.23061950551295063,0.0,0.0,0.0012379175317348739,0.0,0.0,0.0,0.0013986703665254704,0.0,0.016025253119374055,0.00017302590396055617,0.0,0.05709069215951902,0.0127528793110959,0.0,0.01870808319712427,0.00015525750687985854,0.047362897335786844,0.5808379388971349,0.0,0.0010888666547583675,0.0,0.0,0.020953675891201545,0.0012300580814099881,0.010365278530543828,0.0
s04M1523,0.1415245308387615,0.0,0.0,0.0,0.0,0.0,0.0,0.0015181533286835185,0.0,0.03822769799413854,0.0,0.0,0.015217459329390809,0.006471088649660927,0.0,0.03197704778194096,0.0,0.01325204412188888,0.7253659836588903,0.0,0.012507720295049615,0.0,0.0,0.011453579784679821,0.0,0.0024846942169153416,0.0
s05M1523,0.11756632901919416,0.0,0.0,0.0,0.0001712467566442055,0.0,0.0,0.0012460332984222725,0.0,0.03197018347390135,0.0004497270434956244,0.0,0.010982884668178608,0.005151794084140855,0.0,0.009574536348697706,0.0,0.014955226719663295,0.7894997748128555,0.0,0.005714048255669539,0.0,0.0,0.010763125685713934,0.0,0.0019550898334231297,0.0
s06M1523,0.14220969515966997,0.0,0.0,0.0,0.0,0.0,0.0,0.0013710020289625091,0.00016154996716106769,0.013255449759064786,0.0,0.0,0.008133419748159015,0.0074932909019760074,0.0,0.027245450401728852,1.9622458092620724e-05,0.0034835670125337777,0.7774080538469765,0.0,0.00360131656392805,0.0,0.0,0.011175611195113231,0.0,0.0044419709566335935,0.0
s07M1523,0.26818691501448794,0.0,0.0,0.004532562774299252,0.0,0.0,0.0,0.00037057612297815154,0.0,0.0,0.00065168896695696,0.0,0.06604503177323848,0.036373119550722435,0.0,0.0,0.0014923150879496922,0.0,0.5457392318661811,0.0007175937177552617,0.0,0.0,0.0,0.04779212866483055,0.00411281432485526,0.023986022135744956,0.0
s08M1523,0.0,0.18711847601229778,0.0,0.06747437022904608,0.0,0.0,0.0,0.0,0.0,0.0,0.0,0.17896506054164704,0.0,0.012407212784500977,0.0,0.0,0.3594387918941634,0.0,0.19459608853834473,0.0,0.0,0.0,0.0,0.0,0.0,0.0,0.0
s09M1523,0.06321816455819453,0.0,0.0030806766208726325,0.055551738122280134,0.0,0.0,0.0,0.0007507021413285652,0.023448422676053095,0.0,0.0,0.08345764483816794,0.0,0.019101350008300388,0.019728086258696317,0.0,0.5521617736072711,0.0,0.09995993873629272,0.0,0.07954150243254253,0.0,0.0,0.0,0.0,0.0,0.0
s10M1523,0.07734769127654634,0.014104851466403676,0.0,0.027729670663395125,0.0,9.260302982724089e-05,0.0,0.0,0.13085115435190217,0.0008142602254002832,0.0,0.13156713092352432,0.0,0.012747917219328197,0.0,0.0,0.26369136455364245,0.0,0.0052710486118209875,0.0001707578718225904,0.33561154980638663,0.0,0.0,0.0,0.0,0.0,0.0
s11M1523,0.11784683507455966,0.0,0.0,0.04608423609904879,0.0,0.0,0.0,0.00995912745952139,0.06476078743375649,0.0007947309479795711,0.0,0.13318529954940034,0.0,0.01432101812310384,0.00816841781193513,0.0,0.11402537867295828,0.0,0.17326203294119763,5.242456623451973e-05,0.3175397113203045,0.0,0.0,0.0,0.0,0.0,0.0
s12M1523,0.09428783809376011,0.0036073966782891754,0.0,0.03541519268452877,0.0,0.0,0.0,0.004257673194744645,0.07145174707610306,0.00036388065334699084,0.0,0.12477524474140754,0.0,0.009423357299318195,0.010545308683712491,0.0,0.22240289708542918,0.0,0.07025820878922315,0.0,0.3530954288681768,0.00011582615196001647,0.0,0.0,0.0,0.0,0.0
s13M1523,0.07655444211659303,0.010683964513307833,0.0,0.021056608639478863,0.0,0.0,0.0003369674357247096,0.003943700833981545,0.06497913240603109,0.0012409884401886973,0.0,0.24063209389348564,0.0,0.004358510766081456,0.0036684522151638217,0.0,0.12380314135775432,0.0,0.07934534211333634,0.0,0.3693966552688727,0.0,0.0,0.0,0.0,0.0,0.0
s14M1523,0.07274218408588266,0.11497634043612373,0.0,0.0061071744182253866,0.0,0.0007521242557608408,0.00018040683620778342,0.008015020887108133,0.07515439504268011,0.07363723118756775,0.0,0.026180420151368552,0.016320577287427245,0.0,0.0061471725404240625,0.0,0.098685989267391,0.0,0.0,0.0,0.4990876234765432,7.34650046206781e-05,0.0,0.0019398751226688982,0.0,0.0,0.0
s15M1523,0.2848619276508289,0.01871675805297344,0.0,0.011619115680716129,0.0,0.0,0.0,0.009998866664458258,0.05616878961655847,0.022201591560765715,0.0015944974847757365,0.027175921509325934,0.038643933982220616,0.006313753578004947,0.007646645438816881,0.0,0.022302045627081064,0.02629688229879652,0.11784092832870321,0.0,0.3070761349646729,0.0,0.0,0.03527244373628442,0.0015311353305823743,0.004738628494434531,0.0
s01X1523,0.5944395172541583,0.012732803051666805,1.0084996658645945e-05,0.0017801997487376605,0.0,0.00010026535538863587,0.0,0.0014935617570747762,0.0,0.010191191817276637,0.0021737927939115423,0.0,0.14338102745519285,0.10319089014902653,0.0074038805808506435,0.019011638898070376,0.0,0.022097910659226415,0.038094137597973296,0.0,0.02146476895912479,0.0,0.0,0.022434328925662012,0.0,0.0,0.0
s02T1523,0.5563091740466954,0.010111540450643377,0.0,0.0,0.0,0.0,0.0,0.00010083752777361309,0.0,0.0,0.0036602143187975163,0.0,0.15934582681262072,0.1707027693082123,0.0,0.0,0.0044263502193773166,0.0,0.0,0.0,0.08213866714577882,0.0,0.0028518455633266626,0.01035277460677429,0.0,0.0,0.0
s03T1523,0.6615739030935728,0.0011792322305216399,0.00044773022699661006,0.0,0.0,0.0,0.0,0.0002322418167219195,0.0,0.0002699229977849564,0.004193985522118714,0.0,0.10710572259616781,0.1482324201518818,0.0,0.0,0.0,0.0,0.0,0.0,0.06853067495058225,0.0,0.00043517584575864443,0.007798990567892897,0.0,0.0,0.0
s04T1523,0.40970430468456437,0.010862946655194501,0.0011059239579584333,0.0,0.0,0.0016807685271159518,0.0,0.0,0.0,0.05603042331711496,0.0,0.0,0.3507461266439789,0.12342199211939185,0.0,0.0,0.0,0.0,0.0,0.0,0.0464475140946811,0.0,0.0,0.0,0.0,0.0,0.0
s05T1523,0.7202601540830658,0.0051668370731068084,0.00021740518396434403,0.001773522702488796,0.0,0.0,0.0,0.00010506118072967662,0.0,0.007014423260173417,0.00537220052901591,0.0,0.09273275322961749,0.05711343882897594,0.0,0.0,0.0,0.0,0.0,0.0,0.09160588143453299,0.0002529700897311582,0.0,0.018385352404597786,0.0,0.0,0.0
s06T1523,0.6411758327933204,0.001373602209202011,0.0002600714957542988,0.001068480443134623,0.0,0.0,0.0,0.0,0.0,0.011142301189575859,0.008086312510308674,0.0,0.1042044071116837,0.10589266916926726,0.0,0.0,0.0,0.0023718117445687,0.0,0.0,0.10463451243299339,0.0,0.002240680186903836,0.0175493187132873,0.0,0.0,0.0
s07T1523,0.4724337566033047,0.0043435162580167195,0.00047083560827244295,0.0,0.0,0.0,0.0,0.0013602902740608408,0.0,0.060893743977199495,0.005118119738495852,0.0,0.18998440382924614,0.15878434119237378,0.0011308429100673975,0.0,0.0,0.02380226482547954,0.0,0.0,0.06071398471773683,0.0,0.0,0.020963900065746242,0.0,0.0,0.0
s08T1523,0.0,0.32774186114155063,0.0,0.0384049268747361,0.0,0.0,0.0,0.0,0.0,0.0,0.0,0.2069268597711229,0.0,0.016102450531256595,0.0,0.0,0.4106657918616952,0.0,0.0,0.00015810981963858365,0.0,0.0,0.0,0.0,0.0,0.0,0.0
s09T1523,0.02156607178157259,0.0,0.004674137848395489,0.09381575852497809,0.0,0.0,0.0,0.0,0.005144073556518993,0.0,0.0,0.21158289674464928,0.0012087464650444482,0.03351147734924802,0.0,0.0,0.5196353768676114,0.0,0.0,0.000558581916611431,0.10772879740023139,0.0,0.0,0.0004417811618555427,0.0,0.00013230038328329116,0.0
s10T1523,0.08751143138377941,0.004596778260775774,0.0,0.02106932325720239,0.0,0.0,0.0,0.0017989538165699517,0.03603554869866198,0.000766558069577355,0.002465054172337342,0.10313539061112095,0.0,0.009608213973700834,0.003507511648086281,0.0,0.03428590930468302,0.0,0.0,0.0005303686204859696,0.679714819308658,0.0,0.0,0.010512100511446921,0.00016121938774495183,0.002527766201170294,0.0017730527739986755
s11T1523,0.0572347346676504,0.046838668780934664,0.0,0.0,0.006791721317452802,0.0005837833943912548,0.0005784265713975377,0.0033214692690674576,0.0013027396968784168,0.03812579357929493,0.0017616201437932373,0.019045813718963456,0.0,0.0008537359425523228,0.0,0.000712833287225565,0.015317396058636568,0.003657838147196076,0.0,3.687769230717482e-05,0.7820865454612616,0.0003858373659758612,0.0,0.02064281761765738,0.0007081739986807668,1.3173288682522344e-05,0.0
s12T1523,0.06662263539819924,0.0973763928430566,0.0,0.03089747834570957,0.0,0.0,0.0,0.0,0.04048306123449265,0.007866954279854739,0.0,0.1010276403925769,0.0,0.0031888513958172222,0.0023002314301837435,0.0,0.21521992020437342,0.003231263277565774,0.0,0.0005423746193112399,0.43039697578476765,0.0,0.0,0.0004948779783816057,0.0,0.00035134281570968755,0.0
s13T1523,0.04510313750231722,0.0037822187004758205,0.0,0.010588877766682355,0.0022036865288994865,0.0,0.0,0.002227129467303612,0.013626937444983583,0.012427903488057,0.004697606345379793,0.0337438140092739,0.0,0.008666204940809918,0.0,0.0,0.012131545093173225,0.0,0.0,0.0004271911877231803,0.8218263313347798,0.0,0.0,0.021429716055410213,0.0,0.0026258873175755465,0.004491812817155574
s14T1523,0.09002021759543286,0.007239373785289171,0.0007071839367976594,0.004464614232610839,0.000751307580320057,0.0,0.00011976414420095139,0.005053319389743323,0.006782363725093969,0.06895591917359721,0.007499981654423314,0.0,0.010716995716155099,0.0061518869796252556,0.0,0.0,0.0,0.02429988098161674,0.0,0.00039630312629210246,0.7315483187533548,8.303438516980472e-05,0.0,0.032505989754491996,9.112890707769365e-05,0.001681717265603214,0.0009306989131039875
s15T1523,0.2107578257302538,0.0026493898726998714,0.0006773748199772606,0.0027289756403464298,0.0,0.0,0.0,0.007589662419283829,0.02030911387032918,0.12792114143676805,0.007331241101547644,0.0,0.08421994448888453,0.026591981291694006,0.0,0.007391520879682046,0.0,0.057840125669515456,0.0,0.0,0.4018354804157417,0.0,0.0,0.040026561886884214,0.0012440956064651261,0.0008855648699268266,0.0
s02M1623,0.6953879037258677,0.0188956442387192,0.0,0.0006226816453233344,0.0,0.0,0.0,0.0018612876006606186,0.0,0.023068878999628208,0.00035439556551982327,0.0,0.0607719574087107,0.06662164679118718,0.00038467054334307283,0.007626729320674101,0.0069905100626832745,0.03466565471381085,0.0,0.0,0.05754827728896102,0.0,0.0,0.025199762094910913,0.0,0.0,0.0
s03M1623,0.36374054654031296,0.005866794155822146,0.00048266589097616867,0.0018865042613137699,0.0,0.0,0.0,0.009892123919162504,0.005490222060783276,0.09656863898226639,0.005187276363743296,0.0,0.09368701749949626,0.04616491877472851,0.0,0.012482223008034634,0.0,0.07660314010895564,0.0,0.0,0.24572168872954117,0.0,0.0,0.03340535581512656,0.0028208838897365827,0.0,0.0
s04M1623,0.5897737454745452,0.011284850193007219,8.348319066280638e-05,0.004489523534225176,0.0,0.0,0.0,0.002901233991887398,0.0,0.0,0.0026087281465023127,0.0,0.05469271327391388,0.21106462923793637,0.009404110588681992,0.0,0.0,0.016975601536929265,0.0004947492896914981,0.0,0.06818114889009359,0.0,0.004745547382650805,0.023299935269272383,0.0,0.0,0.0
s05M1623,0.7332337043404971,0.010616569455845895,6.940503393349549e-05,0.008907762263175025,0.0,0.0,0.0,0.0037273535947792355,0.0,0.003557223977348021,0.00362502519623214,0.0,0.036303569024063724,0.05563705539377277,0.008225141766520392,0.0,0.0,0.01413448081504999,0.00361085799113214,0.0,0.07847016924785348,0.0,0.015587677841612173,0.021505244169932727,0.0005246197204696985,0.0,0.002264140167782089
s06M1623,0.5429155295322781,0.009235461063827671,9.740219490471232e-06,0.005116621021391896,0.0,0.0,0.0,0.003296255209172267,0.0,0.0805453409629023,0.0036704699443885435,0.0,0.05581175505286908,0.018699632531083345,0.0,0.04259344338735869,0.0,0.03286146709673094,0.0,0.0,0.1262927248715351,0.0,0.057497164095536915,0.02103904705208736,0.0,0.00041534795934749114,0.0
s07M1623,0.5538983880603253,0.004978753647453311,0.0004222196589671811,0.0018730497632010285,0.0,0.0,0.0,0.004983163926329022,0.0,0.061854392326353744,0.005192418099488398,0.0,0.07468167973741434,0.027589595588160726,0.0,0.0,0.0,0.05464261181629111,0.0,0.0,0.17929613767600083,0.0,0.0,0.030587589700015017,0.0,0.0,0.0
s08M1623,0.0,0.09795095959199202,0.0,0.07747903381332946,0.0,0.0012589997961968426,0.030790247211402794,0.0,0.0,0.0,0.0,0.45156072697481825,0.0,0.050602916277137006,0.0,0.0,0.2468684343369595,0.00222821344631347,0.0,0.005083039390743232,0.03338316285355826,0.0,0.0,0.0,0.0,0.002794266307549178,0.0
s09M1623,0.0,0.3422836017704816,0.0011266713118686905,0.04242683048190039,0.0,0.0,0.0,0.0,0.0,0.0,0.0,0.15244198945753712,0.0,0.03170027584501984,0.0,0.0,0.42981428992350235,0.0,0.0,0.0,0.0,0.0,0.0,0.0,0.0,0.0002063412096899657,0.0
s10M1623,0.0,0.07692915498905847,0.0013125826123547555,0.06821623670421072,0.0,0.0,0.0,0.0,0.0018789902733096727,0.0,0.0,0.20721610195789558,0.0,0.029967767454221018,0.0,0.0,0.4940417890460435,0.0,0.0,0.0,0.11817293689083624,0.0,0.0,0.002264440072070099,0.0,0.0,0.0
s11M1623,0.0,0.010002478190639324,0.004461061353881391,0.07529601315987097,0.0,0.0,0.0,0.0,0.017340928172800682,0.0,0.0,0.12084463922224432,0.0,0.026645609324981286,0.0034312639745382226,0.0,0.5779785202377861,0.0,0.0,0.0,0.1577530717793937,0.0,0.0,0.006246414583863873,0.0,0.0,0.0
s12M1623,0.0,0.0,0.0,0.03778412341487483,0.0,0.0,0.0,0.00016494229668899906,0.02937941088520979,0.0,0.0,0.2277025322734887,0.0,0.025326497235517536,0.011489610526775393,0.0,0.3579741304922177,0.0,0.0,0.0,0.30760391376043816,0.0,0.0,0.0025748391147888683,0.0,0.0,0.0
s13M1623,0.0,0.0,0.0,0.01551433015212247,0.0,0.0,0.0,5.2749223840811974e-05,0.02176353520558263,0.0,0.0,0.1297371112529243,0.0,0.01609987940698278,0.0,0.0,0.10890520325723947,0.0,0.0,0.0,0.6981242264775916,0.0,0.0,0.00980296502371585,0.0,0.0,0.0
s14M1623,0.09703535055177989,0.0009617146979554173,0.0018337750726873157,0.0,0.0,0.0,3.814612659928209e-06,0.008173718686492654,0.034187354164833136,0.016790138496023316,0.0018582565480653283,0.02585598884620095,0.0,0.0018707201835547111,0.0,0.0,0.007820334966350179,0.0,0.0,0.0,0.7735083482101551,0.0,0.0,0.02997435892620651,0.00012612603703549496,0.0,0.0
s15M1623,0.20696475655753052,0.0,0.0,0.0009295680595104061,0.0,0.0,0.0,0.012162009331450715,0.016662833732015835,0.045338666023005764,0.012527280249318873,0.0,0.024299914062247022,0.02415155669033983,0.0,0.0,0.0,0.030371146319142953,0.0,0.0,0.5763629427020356,0.0,0.0,0.047763796643354776,0.00017591636319234951,0.002289613266855497,0.0
s01X1623,0.6389755977152507,0.0038705380848929076,0.0,0.0044857716504779046,0.0,0.0,0.0,0.00198538694358322,0.0,0.01642956292883588,0.004654705714919534,0.0,0.055569494343481546,0.0737993255473297,0.009291611304696199,0.0,0.0,0.047606122249064214,0.013961868789388243,0.0,0.08870851734188506,0.0,0.0,0.033523859263270235,0.0037764612760255722,0.0033611768468991476,0.0
s02T1623,0.8455939314201486,0.0008002963338879359,0.0,0.0006051234534579493,0.0,0.0,0.0,0.0023919973262411334,0.0002716242039537689,0.005345167450630733,0.0009063725860098355,0.0,0.024065522420054084,0.011677107727605386,0.0,0.0,0.0007241387504802326,0.0260563031775489,0.0018179107327275668,0.0,0.041885877009069115,0.0,0.017032526974288423,0.012906753003405717,0.005187411312982855,0.002731936117507675,0.0
s03T1623,0.838224382093948,0.0,0.0,0.0,0.0,0.0,0.0,0.0005853575914065698,0.0018154543378287166,0.0,0.001124329925294399,0.0,0.026907660590232304,0.022162993733347118,0.0,0.0,0.0,0.018208716664677833,0.020408174237036253,0.0,0.025342803487154564,0.0,0.01582063838277205,0.006150666379833363,0.015058872921229649,0.00818994965523905,0.0
s04T1623,0.880532186290971,0.0,0.0,0.0,0.0,0.0,0.0,0.0002873487551919358,0.0003976471492253175,0.0004133415112130016,0.0006705066659917731,0.0006001937273655208,0.007204052407304015,0.003622352716989962,0.0,0.0,0.0,0.003353152622475883,0.007988361385024893,0.0,0.031222868782450876,0.0,0.04859562111441328,0.005599323167797324,0.008104394736710575,0.0014086489668747371,0.0
s05T1623,0.6275124001264613,0.0,0.000245881604463542,0.0,0.0,0.0,0.0,0.0024678046388889566,0.0007024747209464138,0.028330151132650097,0.001857940061172741,0.0,0.04171770757276377,0.021043207165272623,0.0,0.0,0.0,0.045992631073037894,0.0490855238465882,0.0,0.10392489422928854,0.0,0.04715824587625123,0.017367863289246777,0.008928933473057694,0.0036643411899101937,0.0
s06T1623,0.442095585415408,0.0,0.0,0.0,0.0,0.0,0.0,0.004750064829244735,0.0031156999939439146,0.04005806469665484,0.005258364731447254,0.0,0.04008621747123186,0.01374961570565851,0.0,0.0,0.0,0.0569964552067152,0.1363592203929839,0.0,0.20852804825050422,0.0,0.009857719383957343,0.03095979595551793,0.004527175427678388,0.0036579725390540026,0.0
s07T1623,0.5886882427333122,0.0,0.0,0.0015561381279683636,0.0,0.0,0.0,0.001726354766544274,0.0,0.04664395107846827,0.0004107360019969782,0.0,0.048852393502523586,0.032346736192337,0.0,0.022730726860456307,0.0,0.05559233440460199,0.04287283793878327,0.0,0.09607220168661433,0.0,0.0,0.041864027637358574,0.007987219709231984,0.012656099359803117,0.0
s08T1623,0.0,0.45532084406638207,0.0,0.050698988479467993,0.0,0.0,0.0,0.0,0.0,0.0,0.0,0.15402221615230088,0.0,0.026390584456247024,0.0,0.0,0.29350735293500285,0.0,0.0,0.0006971517674921791,0.01750384623199226,0.0,0.0,0.0,0.0,4.218191040370047e-05,0.0018168340007109483
s09T1623,0.022393816451318518,0.3750343839753213,0.0,0.015084397156491812,0.0,0.0,0.0,0.0,0.08144702113492823,1.3117578479509879e-05,0.0,0.14425138321412456,0.0,0.012973629524540094,0.0,0.0,0.24985484460719343,0.0,0.0046524967721748725,0.0,0.0942949095854278,0.0,0.0,0.0,0.0,0.0,0.0
s10T1623,0.0,0.07722805525176872,0.0,0.013557015894637729,0.0,0.0002881160639022098,0.0,0.0,0.22530291611473155,0.0026058417328856417,0.0,0.17258345731999714,0.0,0.03319226502726073,0.0,0.0,0.24223155036434293,0.0,0.004746016831466041,0.0001896843437260178,0.22807508105528143,0.0,0.0,0.0,0.0,0.0,0.0
s11T1623,0.05233001975033978,0.0,0.0,0.018257312099632772,0.0,0.0,0.0,0.0,0.1373602720034959,0.00018197953540256535,0.0,0.2668393297642033,0.0,0.03646656819105781,0.036030510304874176,0.0,0.23570079958122492,0.0,0.01191537767559272,0.0,0.2041008523094695,0.0008169787847065892,0.0,0.0,0.0,0.0,0.0
s12T1623,0.03910634563093855,0.005984095460072095,0.001336497696089404,0.013624547696279342,0.0,0.0,0.0002695849821274581,0.0,0.12793716407610053,0.004490418524314587,0.0,0.28536638875275716,0.0,0.009388478256134362,0.0,0.0,0.19342996324874986,0.0,0.03982979288692186,0.0,0.2792367227895148,0.0,0.0,0.0,0.0,0.0,0.0
s13T1623,0.026175032986665257,0.0015545375218320894,0.007081804342691072,0.014827771119029373,0.0,0.0,0.0,0.0,0.09706600062592523,0.0027792779573217415,0.0,0.3061654426342549,0.0,0.034392732117301185,0.0,0.0,0.25131588003243754,0.0,0.010402252100663614,0.0,0.24823926856187808,0.0,0.0,0.0,0.0,0.0,0.0
s14T1623,0.046459741604688375,0.006687094929146616,0.0,0.008636968307803422,0.0,0.0,4.6165679859417396e-05,0.0013438485104200028,0.11409629768582975,0.01569193229437987,0.0,0.17860836597171165,0.0002446097683309734,0.01923210948517328,0.005836419537141257,0.0,0.0948184477447182,0.0,0.04128126386690655,0.0,0.4348555671253776,8.1252045789905e-05,0.0,0.03207991544272307,0.0,0.0,0.0
s15T1623,0.26875400747399897,0.002534348383738862,0.00035127676083690355,0.005551425248530686,0.0,0.0,0.0,0.014501488506888633,0.02941549549637876,0.09284783316194699,0.010199193352487727,0.0,0.039038942129163284,0.0052906380218367775,0.0,0.013075342966966321,0.0,0.04311924688777026,0.0923693362197422,0.0,0.3416185615679029,0.0,0.0,0.04133286382181072,0.0,0.0,0.0
s02M1723,0.4385242205368208,0.004138471790649101,0.0,0.0,0.0,0.0,0.0,0.001415263042622278,0.0,0.006272426399831062,0.0004853068399349131,0.0,0.0107201025535014,0.12965937538746777,0.00044066710668798896,0.0,0.0,0.008940202112216267,0.25258029546153427,0.0,0.07807802590115026,0.0,0.049508659829031874,0.01794490579396171,0.0012920772445905232,0.0,0.0
s03M1723,0.5706998861494375,0.005790787659732295,0.0002365588057613018,0.008194895181170017,0.0,0.0,0.0,0.0004584851986782977,0.0,0.06662745723066997,0.0003747345700448387,0.0,0.05841356594297478,0.04294233374888606,0.0,0.05409313675149388,0.0,0.06400659502431431,0.012992830097235971,0.0,0.090564912932216,0.0,0.0,0.02356517508965785,0.0010386456177271695,0.0,0.0
s04M1723,0.48257853596242445,0.019757844063731187,0.000452368893665339,0.004395934765790185,0.0,0.0005562482967338481,0.0,8.053066625549677e-05,0.0,0.04958231833274685,1.9248473183113127e-05,0.0,0.056812641729412194,0.07177872130396375,0.009757618974285532,0.030855621734808717,0.0,0.010576816720985505,0.027235829708082665,0.001570045078860738,0.2213213284814407,0.0,0.0,0.012668346813629574,0.0,0.0,0.0
s05M1723,0.5594293583802201,0.01174742348146993,5.211425528185599e-05,0.005306884147510392,0.0,0.003535533796674202,0.0,0.0006413156234299686,0.0,0.037927324393789576,0.00010117646620544764,0.0,0.05271774841248448,0.06772835592814638,0.0013014176841198068,0.053368105701231905,0.0,0.023618143307271012,0.03427058647782436,0.0,0.11300995006816483,0.0,0.017291701534866585,0.01783155880247116,0.00012130153883804409,0.0,0.0
s06M1723,0.627133646440238,0.014479690249717738,0.00022509274554738452,0.0005997163578430624,0.0,0.001869224698960835,0.0,0.0010259344828264397,0.0,0.027699367944087887,0.0007245969745034653,0.0,0.030537628392807662,0.031268740267569366,0.008588901332136707,0.02122009938076089,0.0,0.002312417414898098,0.08626722629473928,0.0027502519795647683,0.1290340383151228,0.0,0.0,0.009916951184734884,0.0,0.0,0.00434647554394073
s07M1723,0.643816629729806,0.00052641317191428,0.0,0.004874917844005947,0.0,0.0,0.0,0.004147201411615427,0.0,0.01493481231351971,0.0,0.0,0.011759175132565287,0.09252048703404483,0.01600087677925387,0.0,0.0006764794432397671,0.0,0.18248862031241303,0.00033984461978367453,0.012928537105967287,0.0,0.0,0.014986005101870916,0.0,0.0,0.0
s08M1723,0.0,0.18553915232043358,0.027568810109928236,0.0616026526014919,0.0,0.0,0.0,0.0,0.0,0.0,0.0,0.5249144682851457,0.0,0.05492436315857114,0.0,0.0,0.1246174027878432,0.0,0.0,0.0,0.020358202049220935,0.0,0.0,0.0,0.0,0.0004749486873653273,0.0
s09M1723,0.09711485881504166,0.0,0.019379875509691356,0.02850651102354966,0.0,0.0,0.0,0.005574033006248493,0.07252586364784483,0.0,0.0,0.35444874668614484,0.0,0.022970022412346167,0.04348364246893979,0.0,0.05738895427641127,0.0,0.0,0.0,0.29587952006718443,0.00019895181604997925,0.0,0.00252902027054745,0.0,0.0,0.0
s10M1723,0.05257823050683328,0.0,0.0009238234974136633,0.0028679325649528177,0.0,0.0,0.0,0.011145186339969365,0.11339030849773432,0.0,0.0,0.09413824297492619,0.0,0.01090025379022365,0.012007814944367335,0.0,0.006491306287523918,0.0,0.0,0.0,0.6798052401528797,0.0,0.0,0.015751660443175875,0.0,0.0,0.0
s11M1723,0.05175055164609072,0.015441592965794672,0.0009527346812103181,0.004281358929041293,0.0,0.0,0.0002559129963276038,0.0005767265714287878,0.2809857220778769,0.001956282752422209,0.0,0.07907546065725664,0.0,0.010472913059972182,0.0,0.0,0.028240156979076298,0.0,0.041323487818405544,0.0,0.48451329909249274,0.00017379977260405932,0.0,0.0,0.0,0.0,0.0
s12M1723,0.04590982176739037,0.011759774243334874,0.0,0.0013200438626124183,0.0,0.0,0.0,0.012008725528187715,0.13403504718364498,0.012824624206852096,0.004406595358368782,0.001638923250329184,0.0,0.0,0.0,0.0,0.0,0.0,0.042388195299834994,0.0,0.6792101167701722,0.0002999817620772666,0.0,0.054198150767195065,0.0,0.0,0.0
s13M1723,0.042054516112142476,0.0,0.0,0.002188240607265174,0.0,0.0,0.0,0.013165593958502336,0.06563716440815702,0.00021432819334323634,0.0034049477066139585,0.08310807906706497,0.0,0.013241293833518148,0.03752612099948986,0.0,0.007028300629514615,0.0,0.0,0.0,0.6810005602589053,0.0,0.0,0.05055563597156145,0.0,0.0008752182539215198,0.0
s14M1723,0.10473694745785209,0.011398142226113484,0.0,0.006693082822713722,0.0,0.0,0.0,0.020334030875668718,0.09198763840182672,0.11000898158081499,0.00648157299568176,0.0,0.0,0.00017473589994393144,0.0,0.0,0.0,0.006474556577368962,0.05251120776929304,0.0,0.5199798774413874,0.0,0.0,0.06921922595133514,0.0,0.0,0.0
s15M1723,0.39628845039726374,0.0008767531774753562,0.0003365886389638426,0.000847554037393779,0.0,0.0,0.0,0.008279147139873214,0.014733811292446358,0.06312446286701454,0.0022317800600990686,0.0,0.026554561253718682,0.043327119804158605,0.01671664612303333,0.0,0.0,0.028450887845433422,0.19552046947461837,0.0005676346273212556,0.1711445396550651,0.0,0.0,0.030282616726022765,0.0007169768800986392,0.0,0.0
s01X1723,0.7452754259443675,0.0,0.0,0.0038073512908823664,0.0,0.0,0.0,0.0005059699623630588,0.0,0.005629731953099909,0.0014041178084266163,0.0,0.018683152950954792,0.08999240161557906,0.009391288444356213,0.0,0.0,0.005102407983275009,0.03149655358714207,6.854713185718056e-05,0.06749797658741595,0.0,0.0,0.019934860192757874,0.0006598309021733058,0.00010871049580954988,0.00044167314953971786
s02T1723,0.6273048851780781,0.003230753224697884,0.00017714684936565803,0.0,0.0,0.0,0.0,0.0017034490421238013,0.0,0.0388494350539868,0.012871637289435665,0.0,0.014519579392751374,0.17185476199379718,0.009953527301215332,0.0,0.0,0.015747845481088863,0.012888205220893111,0.0,0.06621875050167626,0.0,0.01624287349648151,0.008437149974408397,0.0,0.0,0.0
s03T1723,0.6056062881076618,0.007759564052626471,0.0,0.0,0.0,0.0016333076907073592,0.0,0.002246993834783158,0.0,0.044927403538654626,0.015303415620925864,0.0,0.014705806627926084,0.12828416489324868,0.01079727695464414,0.0032942464801549616,0.0,0.017017471710620954,0.05328681531741095,4.166468809092899e-05,0.08602915753142196,0.0,0.0,0.009066422951121934,0.0,0.0,0.0
s04T1723,0.6333591350386074,0.00047430665578661535,6.317862110321438e-05,0.0,0.0,0.0006723333763311729,0.0,0.0010969926894234543,0.0,0.018307029662999987,0.006306858831120299,0.0,0.0010244699169688768,0.03493888949907751,0.005913280605546218,0.0,0.0,0.0,0.20837663615786234,0.0005723353886812225,0.07815181806102266,0.0,0.010742735495469067,0.0,0.0,0.0,0.0
s05T1723,0.5075186792235872,0.010960265937172014,0.0004202977358998081,0.0,0.0,0.0055960802499683,0.0,0.0,0.0,0.0662757029705844,0.004389087654818942,0.0,0.01742922019433857,0.04261522697376287,0.0,0.010889672003790738,0.0,0.019002870660588186,0.010796278098328988,0.0,0.25774358462564295,0.0,0.04276943329184465,0.001977222302446379,0.0,0.0,0.0016163780772258354
s06T1723,0.5602349851689884,0.008142456630867666,0.0002841888237112793,0.0,0.0,0.002539281730685182,0.0,0.0,0.0,0.04065499618875382,0.0014620635980365168,0.0,0.011218817161747914,0.026760543393279,0.0,0.0033243480317454504,0.0,0.007955925775481052,0.07825038550758885,0.0,0.16078817764398126,0.0,0.09741392062789708,0.0009699097172365389,0.0,0.0,0.0
s08T1723,0.0,0.0,0.031705869251172476,0.05438101921369784,0.0,0.0,0.0,0.0,0.0,0.0,0.0,0.7827012915209708,0.0,0.09095739664174098,0.0,0.0,0.0,0.0,0.03563833592981836,0.0,0.0,0.0,0.0,0.0,0.0,0.004616087442599645,0.0
s10T1723,0.013307092880467724,0.0,0.025832312370113783,0.05273597521621991,0.0,0.0,0.0,0.0,0.011858962572916345,0.0,0.0,0.8032106728497876,0.0,0.05729096429752146,0.0,0.0,0.0,0.0,0.006404914914100882,0.0,0.027627640698114624,0.0,0.0,0.0,0.0,0.0017314642007575578,0.0
s11T1723,0.06556803014037282,0.0,0.020029581653822966,0.053885841096322495,0.0,0.0,0.0,0.0,0.019215174353960533,0.0,0.0,0.6471614524005841,0.0,0.0317562846613409,0.0,0.0,0.0,0.0,0.06971400898213602,0.0,0.09266962671146022,0.0,0.0,0.0,0.0,0.0,0.0
s12T1723,0.06047745853677668,0.0,0.028773073503029326,0.036004729588533735,0.0,0.0,0.0,0.009643728188670495,0.05393022621491276,0.0,0.0,0.4873964098844694,0.0,0.04273032520498836,0.047242810301417665,0.0,0.008509271361219133,0.0,0.0045503451722278335,0.0,0.19859991743651437,0.0,0.0,0.02197782402495762,0.0,0.00016388058228271606,0.0
s13T1723,0.007561596659639913,0.0,1.9729082806556016e-05,0.00353167357237892,0.0,0.0,0.0,0.0,0.08591981949325475,0.0,0.006355496628458093,0.16821797656184645,0.0,0.02791721438007786,0.0,0.0,0.0,0.0,0.03020040324010948,0.0,0.527803339848285,0.0,0.0,0.1397409147353627,0.0,0.0027318357977803493,0.0
s14T1723,0.20106157162370053,0.004584164546816555,0.00012219635992493519,0.007556444167720136,0.0,0.0,0.0,0.002180373787718805,0.05533507631709221,0.017433741749438205,0.01210930341748606,0.020558945954947002,0.00024184354369522065,0.04440049922051114,0.0,0.0,0.0,0.0019564118733897727,0.26019262076484045,4.9159986087782014e-05,0.28820443540298096,0.0,0.0,0.08401321128365037,0.0,0.0,0.0
s15T1723,0.2975559017266431,0.002700591841963892,0.000361412992782352,0.0,0.0,0.002596324856234905,0.0,0.004822127247963478,0.010717705353879552,0.11098568179872488,0.006149565485911102,0.0,0.040063227635737754,0.07723591931537786,0.0,0.013819057253784153,0.0,0.038792972741977204,0.10752550462999602,0.0,0.25465953555311305,0.0,0.0,0.03201447156591074,0.0,0.0,0.0
s02M1823,0.5172072243488705,0.00729547130675975,0.0,0.007998895786560541,0.0,0.0,0.0,0.0,0.0,0.022333199401105615,0.0059145431965817825,0.0,0.011099050109643138,0.1665310353911258,0.0,0.014017571166246343,0.0,0.012730805975686904,0.040547111722538345,0.0,0.15843651880039958,0.0,0.011330995227939294,0.0245575775665425,0.0,0.0,0.0
s03M1823,0.6190807533342814,0.006550065676047735,0.0,0.0036282126526211407,0.0,0.0,0.0,0.0,0.0,0.03215284922289564,0.0032266530950009363,0.0,0.0116357312435846,0.175450985553087,0.0,0.009446661576624753,0.0,0.019375143134991342,0.007202042283261749,0.0,0.07490932307465571,0.0,0.008899706315757263,0.026203747584825243,0.002238125252365573,0.0,0.0
s04M1823,0.6003743481013029,0.008858775106616845,0.0,0.0006165725166274781,0.0,0.0016734184620859757,0.0,0.0,0.0,0.05108550449272985,0.005901608690893169,0.0,0.012150245026221905,0.14789354264420534,0.0,0.003623777873120542,0.0,0.01784448429278462,0.015355583004471336,0.0,0.1076108333551523,0.00010985471896040199,0.0,0.024670611744176753,0.0022308399706505067,0.0,0.0
s05M1823,0.6662320555799788,0.009604086242426906,1.3915519344536009e-05,0.0024271066635490994,0.0,0.0006618730788880018,0.0,0.0,0.0,0.03153079361015766,0.004246369114725114,0.0,0.00960163188104423,0.10965825408553287,0.0,0.0,0.0,0.007370038211531422,0.019062810587772983,0.0,0.11640040574677457,0.0,0.0,0.022985203838457743,0.0,0.0,0.00020545583981611127
s06M1823,0.5824051512150693,0.006518923713900776,0.0005480789751731249,0.0,0.0,0.001888913987203325,0.0,0.0,0.0,0.062175173704258964,0.004025581410322678,0.0,0.004431166237385227,0.04519921055956268,0.0,0.00013906293961557726,0.0,0.009628465222640268,0.004143997970902017,0.0,0.24535189653074702,0.0,0.010401794279820556,0.015512496681100453,0.0,0.0,0.007630086572297999
s07M1823,0.45414849127026047,0.0,6.607289263098002e-05,0.0,0.0,0.006092292257489007,0.0,0.0,0.0,0.08328726802529329,0.005273922144044773,0.0,0.01269226890972583,0.05570297484376931,0.0,0.0003868669220184135,0.0,0.027456483303320782,0.0,0.0,0.2443404468141279,0.0,0.10446958153002014,0.0060833310872991835,0.0,0.0,0.0
s08M1823,0.0,0.061145618675703464,0.0363350531801764,0.011906409054596069,0.0,0.0,0.0,0.0038516436719116106,0.0,0.0,0.0,0.6158178685161063,0.0,0.0679858852704872,0.0029244349017795226,0.0,0.19505305783216084,0.0,0.0,0.0,0.0,0.0003588524322525919,0.0,0.0,0.004621176464825973,0.0,0.0
s09M1823,0.03265991352604959,0.0,0.05818303894362836,0.022488131027861614,0.0,0.0,0.0,0.022456876936293425,0.1885824526368425,0.002123140355809033,0.0,0.3916305899643352,0.0,0.050638772672862216,0.011411416364915366,0.0,0.10414629394985674,0.0,0.0,0.0,0.10268064764570066,0.0,0.0,0.01136137343037622,0.0,0.0016373525454690117,0.0
s10M1823,0.12331514250980946,0.0015340272247739816,0.0,0.0,0.00310517888250827,0.0,0.0,0.009443133645313562,0.08407233938170747,0.0005119959684508918,0.005452569339187102,0.14780933398703314,0.0,0.007769453312985711,0.06658963021724759,0.0,0.0,0.0,0.0,0.0,0.3310612250323068,0.0005769965532785471,0.0,0.21818845236006998,0.0,0.0005705215853275349,0.0
s11M1823,0.045013162747852185,0.0,0.031282526256895156,0.012622746935366714,0.0,0.0,0.0,0.024155952491214577,0.14984639105597267,0.002857654893979225,0.0,0.26805295343607877,0.0,0.029583531220322225,0.04829612628463073,0.0,0.023965502833175504,0.0,0.0,0.0,0.2373245225704481,0.0,0.0,0.1267826627123628,0.0,0.0002162665617013944,0.0
s12M1823,0.0,0.006753224495081754,0.006200965084571883,0.0,0.0,0.0,0.0,0.0,0.3914069613158844,0.010477598468186607,0.008375279980754673,0.10827539526065194,0.0,2.5318905851513195e-05,0.0,0.0,0.01773098228714239,0.0,0.0,0.0,0.18618108506688952,0.0,0.0,0.2645731891349853,0.0,0.0,0.0
s13M1823,0.0028516822984610375,0.020390949866582186,0.010780737626214223,0.0070255749345231044,0.0,0.0,0.0,0.016932058501960265,0.44986609319925314,0.03359253780844603,0.0010655057674656778,0.06522984689117976,0.0,0.012560980327009882,0.0,0.0023427003912500823,0.014822497740094382,0.0,0.0,0.0,0.18610778585090293,0.0,0.0,0.17473356172327575,0.0,0.0,0.0016974870733815171
s14M1823,0.0,0.01380397206660776,0.0006227782227266274,0.0,0.0,0.0,0.0,0.0,0.25401010108648653,0.023701471339410043,0.027541915814922623,0.0,0.0,0.01283634091804816,0.0,0.005938458147214583,0.007312372521955603,0.0,0.0,0.0,0.3125419828186672,0.0,0.0,0.3416906070639609,0.0,0.0,0.0
s15M1823,0.27353981035620245,0.020915001244836653,0.0002995730725719046,0.004870683215123702,0.0,0.0002800714838266501,0.0,0.018639408817908962,0.17653842258808908,0.05578082224190008,0.015234147720172094,0.0,0.011534910921779296,0.08443665602064436,0.0,0.008762145919664368,0.001959984127182769,0.011379738865968225,0.0,0.0,0.18979890316169504,0.0,0.0,0.1260297202424343,0.0,0.0,0.0
s01X1823,0.6128726311299542,0.010248644216310106,0.0,0.0,0.0,0.004278968344604582,0.0,0.0,0.0,0.02619651422218729,0.011851068981185056,0.0,0.008712369255201361,0.17429118542070368,0.003737215098431455,0.0373933853368541,0.0,0.016286833941526725,0.02820702068483692,0.0,0.05693032263974729,0.0,0.0,0.007535882965255737,0.0014579577632017138,0.0,0.0
s02T1823,0.4432826679922036,0.011998139526822525,0.0,0.004115788469712227,0.0,0.017975394527675537,0.0,0.0,0.0,0.1111210740688101,0.002697488860770801,0.0,0.0,0.1366966134181597,0.0,0.1334717050785612,0.0,0.02848469465296168,0.0,0.0,0.09107283375262068,0.0,0.0,0.019083599651701907,0.0,0.0,0.0
s03T1823,0.36501986901749384,0.0156851329164482,0.0,0.005845485109848116,0.0,0.018580140287549365,0.0,0.0,0.0,0.08571892821541412,0.00594769784133439,0.0,0.00781631580086835,0.18499048652147493,0.0,0.12259907978734443,0.0,0.022586437677398517,0.014445494904058035,0.0,0.13007518900495454,0.0,0.00502257232392618,0.015667170591886975,0.0,0.0,0.0
s04T1823,0.31105622677679995,0.015178997079022346,9.872183046158107e-05,0.00035015709066264035,0.0,0.04346018358413517,0.0,0.0,0.0,0.19567086177288726,0.013336546588386547,0.0,0.0,0.07265467056228732,0.0,0.16739526281524789,0.0,0.02572190452992549,0.011414511591882372,0.0,0.13420116069354762,0.0,0.0,0.00946079508475387,0.0,0.0,0.0
s05T1823,0.38766468550553723,0.012782344018332316,0.0,0.0,0.0,0.033319581433764886,0.0,0.0,0.0,0.15136673532138084,0.012381687402126716,0.0,0.0,0.09563779343074094,0.0,0.09381394135934115,0.0,0.007799055266790079,0.03529297939963919,0.0,0.14400512158024376,0.0,0.0161421737173762,0.009793901564726823,0.0,0.0,0.0
s06T1823,0.4153132412694059,0.012268947233863813,0.0,0.0,0.0,0.04105638040858855,0.0,0.0,0.0,0.18354807707092993,0.005328651340588996,0.0,0.0036996372230181564,0.06136402955234376,0.0,0.08312560732598415,0.0,0.022533936970670965,0.025501836274689795,0.0,0.12927929654160406,0.0,0.0,0.01698035878831183,0.0,0.0,0.0
s07T1823,0.3287880283750825,0.00778071415196538,2.9411177494187733e-05,0.0,0.0,0.06349029416749807,0.0,0.0,0.0,0.22660886987700046,0.000334780296539509,0.0,0.0,0.07822850165405064,0.0,0.13901417932141022,0.0,0.022249294193937993,0.030465843039199178,0.0,0.09149348827442083,0.0,0.0,0.011516595471401136,0.0,0.0,0.0
s08T1823,0.0,0.005010766215292729,0.0541422448529651,0.032476510986437855,0.0,0.0,0.0,0.0,0.01623913659249856,0.0,0.0,0.7024760340888838,0.0,0.10954801041657819,0.0,0.0,0.07797121130181865,0.0,0.0,0.0,0.0,0.0,0.0,0.0,0.0,0.0021360855455251457,0.0
s09T1823,0.0,0.0,0.027293452361636886,0.0,0.0,0.0,0.0,0.0,0.017973884120174696,0.0,0.0,0.8198145714405914,0.0,0.06483491250954736,0.0,0.0,0.05965332279256549,0.0,0.0,0.0,0.010429856775484162,0.0,0.0,0.0,0.0,0.0,0.0
s10T1823,0.12272497609594359,0.004430602582155417,0.0287491565509011,0.009269623109108944,0.0,0.0,0.0,0.013658540742518294,0.2671480251320967,0.0003470301987738461,0.0,0.3245833652832409,0.0,0.07564071787487936,0.0,0.0,0.048412536556634425,0.0,0.0,0.0,0.030140072107037553,0.0,0.0,0.07489535376670997,0.0,0.0,0.0
s11T1823,0.0,0.0,0.04580229812531149,0.0006259554992301929,0.0,0.0,0.0,0.005559247450023115,0.1910801768131919,0.00048322063791941556,0.0,0.5161469365326237,0.0,0.06071087914614902,0.0,0.0,0.07886801681952157,0.0,0.0,0.0,0.04171563660419395,0.0,0.0,0.059007632371835705,0.0,0.0,0.0
s12T1823,0.09187879983297789,0.0,0.017795197862133544,0.009814373297072033,0.00048720488942689436,0.0,0.0,0.00786024861354137,0.15606555679540332,0.0029652101796478043,0.0,0.32535358093722616,0.0,0.043717661551343566,0.08002407712897733,0.0,0.032852038914788384,0.0,0.0,0.0,0.11010141238607678,0.0,0.0,0.11655239190384444,0.0,0.004532245707540488,0.0
s14T1823,0.22686399507243718,0.0,0.015166854440824704,0.021002167412595394,0.0,0.0,0.0,0.03053604190334873,0.14140638347477721,0.0077274553013102435,0.0,0.23204377994368863,0.0011480949986686733,0.08582101523968574,0.034294700236910614,0.0,0.03303281703913073,0.0,0.022767665081492538,0.0,0.09044247769420798,0.0,0.0,0.05496873795938102,0.0,0.0027778142015404796,0.0
s15T1823,0.24541917041717057,0.001977168647400498,0.0,0.011634543203503279,0.0,0.00622987338401128,0.0,0.018044389853158507,0.10449705307880847,0.13065669174160077,0.032470368490112,0.0,0.010848539697789884,0.08806610835872154,0.0,0.03066341422137714,0.0,0.03454461982603639,0.0,0.0,0.14700572196790218,0.0,0.0,0.13794233711240753,0.0,0.0,0.0
s04M1923,0.40440513723189203,0.0,0.0,0.0020059878122739186,0.0,0.0,0.0,0.0007452935336783657,0.0,0.004312636120852784,4.782542237398454e-05,0.0,0.008006699888669904,0.5058992736264787,0.0,0.0,0.0,0.008357589884079227,0.039522883522165084,0.0,0.0,0.0,0.0,0.010456593575525377,0.01624007938201068,0.0,0.0
s05M1923,0.47152726330037215,0.003741125015232285,0.0,0.005868219730972722,0.0,0.0,0.0,0.0009111951349401426,0.0,0.003288981946638294,0.00016180245316203587,0.0,0.007834014210769152,0.364825730979382,0.0,0.0,0.0,0.01778115620318895,0.08559245270031712,0.0,0.009468777312493303,0.0,0.0,0.018954330998667314,0.0071097458020870355,0.0029352042117774665,0.0
s06M1923,0.39376156797623235,0.0,0.0,0.0,0.0,0.0,0.0,0.001246533063454555,0.0,0.011246179515789169,0.0012688664548826099,0.0,0.0,0.26249631718215377,0.0007326413280355603,0.0046366651081092315,3.366653662801085e-05,0.033744898658218364,0.25027018790604516,0.0,0.014748044654426582,0.0,0.0,0.010539508453336779,0.010965225932093542,0.0043096972305942385,0.0
s07M1923,0.5027965265842796,0.0,0.0,0.00010939167159721031,0.0,0.002072236079266469,0.0,0.001834327068116901,0.0,0.036027161226069505,0.0005113317778672349,0.0,0.010515056180865755,0.13268348112492326,0.0013873853608580035,0.05189862635944313,0.0,0.09572859441976889,0.07644315742227846,0.0,0.03106277580741247,0.0,0.0,0.04079696897360766,0.008615664232879478,0.007517315710765862,0.0
s08M1923,0.0,0.0,0.01329096341378464,0.0,0.0,0.0,0.0,0.0,0.015231837182668488,0.0,0.0,0.8409665938025044,0.0,0.050140732601486715,0.0,0.0,0.0797102486656533,0.0,0.0,0.0,0.0,0.0,0.0,0.0,0.0,0.0006596243339025624,0.0
s09M1923,0.2006332537684479,0.0,0.0007916851575466205,0.0,0.0,0.0,0.0,0.02277808470308619,0.24973703098138736,0.0,0.0,0.32105665203986744,1.3119233770524237e-05,0.02810542855065403,0.046486024006725385,0.0,0.0,0.0005969412379832846,0.0,0.0,0.0625311861370399,0.0,0.0,0.0668483461382294,0.0004222480452619702,0.0,0.0
s10M1923,0.07849380550222498,0.0,0.0,0.0,0.0,0.0,0.0005956731116618695,0.0,0.5041237188096118,0.0,0.010116958255864632,0.1792231585773733,0.0012782559618399107,0.021683908422531515,0.0,0.0,0.011848711257368881,0.0,0.0,0.0003690191229401737,0.04608237883970554,0.0,0.0,0.1390936601011512,0.0008446593361839519,0.0,0.0062460927015423225
s11M1923,0.012482070367155304,0.0,0.0,0.0,0.0,0.0,0.0,0.0,0.6331683084659364,0.0,0.011473284221274324,0.10961763864655033,0.002424300162559313,0.01844102425538246,0.0,0.00029350586390070835,0.019441219202497,0.0,0.0,0.000563586576726408,0.013053787509667106,0.0,0.0,0.1723346071080043,9.303273691896812e-06,0.0,0.006697364346654326
s12M1923,0.2235997733688736,0.0,0.0,0.0025154556378337925,0.0,0.0,0.0,0.04440723506948632,0.3012639371247002,0.0006224265557096139,0.005541661941328923,0.11718120360799275,0.0,0.0,0.0,0.0,0.0018558161164547414,0.0,0.0,0.0,0.11958642178134797,0.00034365774736562325,0.0,0.1785678337684676,0.0,0.0,0.004514577280438992
s13M1923,0.15688762749886664,0.007229701628986652,0.0,0.0,0.0,0.0,0.0,0.03085585567757051,0.37695872364776617,0.004142719363968433,0.001251302682534648,0.08326045259586921,0.0,0.02236805064158495,0.06672266619517589,0.0005452184446253648,0.0,0.0,0.02662431164769978,0.0,0.0707922879763218,0.0,0.0,0.14870919842905542,0.001569845482605697,0.0,0.0020820380873688305
s14M1923,0.028156441313019125,0.00784736767554162,0.0,0.00915284231567872,0.0,0.0015351430846337764,0.0,0.048988794501719765,0.31068586419866745,0.020796290200690695,0.023950739745064745,0.0,0.0,0.0,0.02102452608258789,0.006127190088002883,0.0,0.0010320591789040664,0.0,0.0,0.18434691787050048,0.0,0.0,0.3335577955470236,0.0,0.0,0.0027980281979651006
s15M1923,0.09826155132441945,0.0,0.0,0.0,0.0,0.0017958337602013133,0.0,0.0,0.3228214227299014,0.024655076777778385,0.04552731755151292,0.0,0.004135297437255792,0.05935344128564931,0.0,0.010937359723108676,0.0017736572763702696,0.009004304389594025,0.043318234597878355,0.00026950928423452776,0.0816898586334196,0.0,0.0,0.2844847196326908,0.005316823238905279,0.003994962894427003,0.0026606294626527346
s02T1923,0.4688028860760367,0.006564319640392845,0.0,0.0040753595625995405,0.0,0.0,0.0,0.0,0.0,0.012358109002095604,0.0008382638637999555,0.0,0.0027779492656027577,0.3523248336307058,0.0,0.013626174528516789,0.0010181721239417854,0.05569954954816324,0.0013582554349874753,0.0,0.02267313175118489,0.0,0.005920355454054741,0.02636982415104394,0.015517934025173128,0.010074881941700767,0.0
s03T1923,0.36831947446553914,0.017937296382640064,0.0,0.0,0.0,0.0,0.0,0.0024960701164129444,0.0,0.010807910411011333,0.001004580488059878,0.0,0.001317396194379564,0.35699486514931406,0.0,0.0,0.023894853890938265,0.014328013573523866,0.0,0.0,0.07247544591466236,0.0,0.08166926685135213,0.0226035290295649,0.01692450902542986,0.00922678850717158,0.0
s04T1923,0.3902624036643424,0.006013968599502743,0.0,0.0,0.0,0.0,0.0,0.0014789877740489987,0.0,0.014156920638679621,0.0004227346179378183,0.0002813184974181739,0.0031937746301593313,0.4944125266417478,0.00017534999958877752,0.0,0.0,0.0315896745578527,0.0,0.0,0.0037204423481178197,0.0,0.0,0.020747963720277814,0.017760592583562117,0.01578334172676381,0.0
s05T1923,0.560177081898594,0.006369657958945107,0.0,0.006908434178166161,0.0,0.0,0.0,0.00015309942239220419,0.0,0.013144714931961194,0.0025514065008664763,0.0,0.009942002266155622,0.24574388893651597,0.0,0.0021255709185318238,0.0,0.07660796872695089,0.0,0.0,0.021473947950901007,0.0,0.00925480885400108,0.03133104849294801,0.009462638896076845,0.004753730066993601,0.0
s06T1923,0.6616323044040086,0.002099657747443714,0.0,0.0014304645821501256,0.0,0.0,0.0,0.002183596496192549,0.0,0.008801717492586193,0.00092347211267228,0.0,0.001756583452822789,0.2022987042683217,0.0,0.02282700006927101,0.0,0.03203952649066324,1.3335836614528626e-05,0.0,0.016042299163550277,0.0,0.01937552025119342,0.015352727361895826,0.004257463881803518,0.008965626388810457,0.0
s07T1923,0.3543524822668544,0.0,0.0,0.0,0.0,0.0,0.0,0.00029033740600453505,0.015800449723259315,0.021462883513849746,0.0130136948220024,0.0,0.00863766852532849,0.3698391430585363,0.0,0.006175844317651956,0.0,0.06969585874423638,0.0,0.0,0.035688751068782096,0.0,0.0,0.06253895458182533,0.028399276710570746,0.014104655261098279,0.0
s08T1923,0.0,0.0,0.03392401855993102,0.0,0.0,0.0,0.0,0.0,0.027867016561835014,0.0,0.0,0.8353674913301828,0.0,0.06996412976816335,0.0,0.0,0.028387201498282846,0.0,0.0,0.0,0.0,0.0,0.0,0.0,0.0,0.0044901422816048305,0.0
s09T1923,0.05084913152404682,0.0,0.012800148217600385,0.0,0.003056617091799597,0.0,0.0,0.023333483268254105,0.13031801272469276,0.0,0.0,0.5979566171823524,0.0,0.05131341646030353,0.0,0.0,0.003913699691399946,0.0,0.0,0.0,0.11761336192384672,0.0,0.0,0.0038253401238847783,0.00032555012576458654,0.0046946216660543475,0.0
s10T1923,0.0,0.0,0.0,0.0,0.0,0.0,0.0,0.01827511472305856,0.37269776174639535,0.0,0.00960626036151966,0.25708336454297637,0.0,0.03308899680041096,0.0,0.0,0.0,0.0,0.0,0.0,0.19685225168028736,0.0,0.0,0.10702682421008533,0.0002915630334312138,0.005077862901835141,0.0
s11T1923,0.09513211877535879,0.0,0.0,0.0022160450013769387,0.004319392513575803,0.0,0.0,0.012018794762332788,0.16094123845560124,0.0006954163198699955,0.004902702355757774,0.26334955578016656,0.0,0.05623144467424576,0.0,0.0,0.0,0.0,0.0,0.0,0.2632350552083277,0.0,0.0,0.12987423739155146,0.0011718482162644643,0.005912150545570638,0.0
s12T1923,0.0,0.005395449577766213,0.0,0.0,0.0,0.0,0.0,0.0,0.9228941348838302,0.0,0.020335019099002705,0.0,0.008008765097247607,0.019507374888029623,0.0,0.0017290536466735514,0.01054905222629111,0.003269146425224078,0.002609416001395965,0.000519256346857094,0.0,0.0,0.0051833318076817715,0.0,0.0,0.0,0.0
s13T1923,0.021384172409141297,0.005195017359116957,0.0,0.0,0.0,0.00032777095595217534,0.0,0.0,0.7919197169881924,0.0011538818530233896,0.03092079773881554,0.025583103330383036,0.007636873368282182,0.030692757459349428,0.0,9.109129623088884e-05,0.01273001520407337,0.002363308253874434,0.0,0.00017831207382833878,0.0,0.0,0.0,0.0674919091740471,0.0,0.0023312725356895107,0.0
s14T1923,0.22890286570558066,0.0,0.0,0.0,0.0,0.0037665308116102618,0.0,0.02050420391519117,0.16991251912199043,0.03862159728165009,0.060210484372828645,0.0,0.0022990517761988546,0.04610474191402308,0.03503170455738261,0.0,0.0,0.018570577628136763,0.0,0.0,0.09552595546507434,0.0,0.0,0.2780444334212183,9.97355449050232e-05,0.0024055984842097965,0.0
s15T1923,0.3353871976159075,0.0,0.0,0.0045374394319734135,0.0,0.00397282431785986,0.0,0.017773648699325587,0.08379042459918801,0.07654326441855377,0.03488099565047746,0.0,0.013020349642962658,0.1396780349671124,0.0,0.013089961664596956,0.0,0.0642639526043966,0.0,0.0,0.06172808304548361,0.0,0.0,0.1369395245823912,0.007789462042415669,0.006604836717355313,0.0
s05M2023,0.6774314333473723,0.004274251353726593,0.0,0.00369340681967617,0.0,0.005896652745341732,0.0,0.002420800985163582,0.0026528053241522834,0.016780283429278578,0.0006196845448510439,0.0,0.0,0.03388483648497305,0.0,0.07972486090180031,0.0,0.009055065780576391,0.0,0.0,0.00913748251661377,0.0,0.1449258615451097,0.0025166441897997867,0.0018890840071010995,0.005096846024463705,0.0
s06M2023,0.5657399752209448,0.00849716977467629,0.0,0.0038531450612947285,0.0,0.011810014564610309,0.0,0.004096334082766346,0.0029617726086763572,0.040805829961233435,0.006640964126035168,0.0,0.0,0.19444674128834727,0.0030906749296866413,0.039466699023433714,0.0,0.04759651375993667,0.0,0.0,0.023934230227874626,0.0,0.018784885189637467,0.021679774520013205,0.0033278907039492375,0.0032673849568837844,0.0
s07M2023,0.4348060018290732,0.006898920897713155,0.0,0.0009372121009525097,0.0,0.005643411493581276,0.0,0.0018125980390224757,0.012313932430887126,0.021367910807617126,0.007184526027838801,0.0,0.0,0.3313095868366253,0.0024375826157708785,0.054246288980777595,0.0,0.052964113819297616,0.0,0.0,0.018446378614568867,0.0,0.0,0.030325172829835958,0.009110370882145266,0.010195991794293003,0.0
s08M2023,0.0,0.0,0.3232095717868149,0.03370314462371159,0.0,0.0,0.0,0.0,0.02339330679349373,0.0,0.0,0.5865822164681593,0.0,0.03063530792725325,0.0,0.0,0.0,0.0,0.0,0.0,0.0,0.0,0.0,0.0,0.0,0.002476452400567219,0.0
s09M2023,0.0,0.0,0.17630820223674945,0.003692985766203303,0.0,0.0,0.0,0.01507205692566035,0.37091665227040416,0.0,0.0,0.3630491724940064,0.00016977718657885927,0.02518880187140196,0.0,0.0,0.0,0.0,0.0,0.0,0.0,0.0,0.0,0.0392706033455051,0.0058320590434772675,0.0004996888600131725,0.0
s10M2023,0.0,0.001064685363166984,0.0,0.0,0.0,0.0,0.0,0.0,0.5507012102661292,0.0005176782459452345,0.006378100641846048,0.12706773677512057,0.0,0.013585003869569656,0.045690942605339346,0.0,0.0,0.0,0.0,0.0,0.0,0.0036459001966705267,0.0,0.22503498637598113,0.02631375566023137,0.0,0.0
s11M2023,0.07902799981986211,0.00971093895053193,0.0,0.0,0.0,0.0,0.0,0.028461858280855627,0.4828198565757321,0.0017441894168412724,9.1553971311803e-05,0.08199904986905218,0.0,0.017641092139394996,0.11143381010866744,0.00048556512651806873,0.0,0.0,0.0,0.0,0.0,0.0,0.0,0.1722961498413973,0.012683508611733122,0.0016044272881021086,0.0
s12M2023,0.0892880475876124,0.002229513088290295,0.0,0.0,0.0034704717806680906,0.0,0.0,0.040851721500333046,0.32295327999143275,0.02386238778626261,0.016822629415325818,0.0,0.0,0.021783281250237044,0.15169093602325598,0.0005561553846735716,0.0,0.0,0.0,0.0,0.016518888199427244,0.0,0.0,0.29936257878206884,0.008490970803751807,0.002119138406660631,0.0
s13M2023,0.07990918329292333,0.0046792639100102255,0.0,0.0,0.01101083497940975,0.0,0.0,0.05997720679559686,0.24306347022019306,0.03777967837534971,0.013857182051048715,0.022419187382784835,0.0,0.018095898596868047,0.15560565607445362,0.0,0.0,0.0,0.0,0.0,0.0,0.0,0.0,0.33305880874973504,0.01718316633572702,0.0033604632358998476,0.0
s14M2023,0.025844800263833886,0.16661539484965038,0.11348429387295947,0.0,0.0,0.006214085160793331,0.0,0.04439387672761139,0.15991552844462398,0.03763663100284945,0.049994011392962105,0.02547260879744203,0.0,0.020777136143776378,0.0,0.012495515842586078,0.029197611751795704,0.0163929496011794,0.0,0.0,0.09743152052705882,0.0,0.0,0.19215599888948037,0.0019442195121145988,3.3817219282616647e-05,0.0
s15M2023,0.23180170503474043,0.002431644271227142,0.0,0.0013923435819978883,0.0,0.01466000603619134,0.0,0.008823259697085048,0.05777062763144092,0.06601374690625755,0.041191010721686815,0.0,0.012352150787971947,0.21989944158374705,0.003092028580501239,0.01583611682929998,0.0,0.1681430667477396,0.0,0.0,0.034970136699308464,0.0,0.0,0.0998914815527123,0.015213975157602798,0.006517258180489509,0.0
s01X2023,0.36673438028659133,0.0,0.0,0.0,0.0,0.00971881891353412,0.0,0.0,0.00303582592071856,0.026477736191501334,0.0022627077763270166,0.004304117898675518,0.0,0.31668364915909797,0.0,0.07243008305625588,0.0,0.15350011860617152,0.0,0.0,0.00814725171984592,0.0,0.0,0.00272845096324942,0.009867873189838193,0.024108986318193106,0.0
