,0,1,2,3,4,5,6,7,8,9,10,11,12,13,14,15,16,17,18,19,20,21,22,23,24,25,26,27
s02T1622,0.4071499057527663,0.0,0.0,0.0,0.0,0.008542610169973165,0.0,7.465900430800865e-05,0.010962304709595451,0.1391921963367278,0.0,0.0,0.020005667279950817,0.0006100085286994966,0.0,0.22507410373511327,0.0,0.18696440373556164,0.0,0.0,0.0,0.0,0.0,0.001424140747303961,0.0,0.0,0.0,0.0
s03T1622,0.49104460736345684,0.0,0.0,0.0,0.0,0.007314071525804701,0.0,0.0005242599966690909,0.014672577405979484,0.09070906348091319,0.0,0.0,0.0353906321875464,0.003935119607944499,0.011271187752809799,0.13853896128877022,0.0,0.1939300151439811,0.0,0.0,0.007084050263357456,0.0,0.0,0.004611399004355486,0.0009740549784117439,0.0,0.0,0.0
s04T1622,0.589154270012145,0.0,0.0,0.0,0.0,0.0032878890123395612,0.0,0.0031913939022803527,0.015311832627152062,0.06813480111836966,0.0,0.0,0.023099381681850956,0.0007767004801808019,0.0029390339645237445,0.18253444707008248,0.0,0.1047584713507525,0.0,0.0,0.0,0.0,0.0,0.006236436416534689,0.0005753423637881252,0.0,0.0,0.0
s05T1622,0.5325103323891364,0.0,0.0,0.0,0.0,0.0063656667295248865,0.0,0.003643553050548851,0.027523812165113723,0.0863094803507943,0.002433411533552108,0.0,0.020023503315307827,0.0,0.0,0.15810482723082864,0.0,0.1547996024870897,0.0,0.0,0.0,0.0,0.0,0.008285810748103514,0.0,0.0,0.0,0.0
s06T1622,0.5530255140024359,0.0,0.0,0.0,0.0,0.0004496796663096642,0.0,0.0018237748874430355,0.0230209767009059,0.03357209359686348,0.005715665336999519,0.0,0.04340366477714683,0.02361441203785073,0.008713684223010056,0.08025822677561725,0.0,0.18831571472248282,0.0029868224734684494,0.0,0.025331945967619136,0.0,0.0,0.008459908024878993,0.0007424465552112735,0.0005654702517568034,0.0,0.0
s07T1622,0.7057315781413568,0.0,4.9462308464659694e-05,0.0,0.0,0.0,0.0,0.0018615333404648905,0.006557027622247792,0.014919479220096345,0.0032570873534098856,0.0,0.05779505259802442,0.007620788736350451,0.020027231859483116,0.020417647442978422,0.0,0.13757803527439758,0.00387851324833001,0.0,0.0,0.0,0.0,0.015801369441863788,0.001996104454079111,0.0025090889584527126,0.0,0.0
s08T1622,0.0,0.0,0.0,0.008786776901558173,0.0,0.0,0.0,0.0,0.0023472927034552905,0.0,0.0,0.27075213115358165,0.0,0.011076832433166803,0.0,0.0,0.21213698577140652,0.0,0.0,0.0,0.0,0.0,0.0,0.0,0.0,0.0,0.01869829211129571,0.47620168892553594
s09T1622,0.08670238399944218,0.02099093999588168,0.00815275196608454,0.006675833445866116,0.004407955786179641,0.0,0.0,0.003377176904263935,0.01907638912579754,0.0010510060662900186,0.0,0.20436976534628518,0.0,0.012875679380011966,0.05408598396611723,0.0,0.20784520612884372,0.0,0.0,0.0,0.0,0.0,0.0,0.020179313640663138,0.0,0.0,0.0,0.35020961424827324
s10T1622,0.19632439799793353,0.08988763497933902,0.0037147393990865788,0.0,0.021477026538535046,0.0006732668516432661,0.00023194180106249555,0.018280427195380967,0.06829377093523938,0.005488484556321171,0.0,0.16778442590136777,0.0,0.007663697807877046,0.001939369710811139,0.0,0.15288975630868382,0.0,0.0,0.0,0.0,0.0003414889601782738,0.0,0.19489479192284317,0.0,0.0,0.0,0.07011477913369735
s11T1622,0.285655915166434,0.15175900920227542,0.0015882558378913416,0.01498690647046688,0.0,0.0,0.0,0.025225491249097298,0.07549510337039829,0.002250918787589801,0.0,0.23011587032896091,0.0,0.012045797855738246,0.03255302123063987,0.0,0.09503331764272901,0.0,0.0,0.0,0.0,0.0,0.0,0.07329039285777891,0.0,0.0,0.0,0.0
s12T1622,0.5435134039684667,0.0031508194489340805,0.0,0.0,0.0,0.0,0.0,0.051374796408027924,0.11629476068222568,0.0068306510689357895,3.719129913001211e-05,0.04806182109940782,0.0,0.0,0.08199018802814509,0.0,0.011050119112124557,0.0,0.0,0.0,0.0,0.0,0.0,0.13566502792062782,0.0,0.0,0.0,0.002031220963974612
s13T1622,0.5185202848027884,0.008632581142601016,0.0,0.0,0.014334248069489935,0.002316697285343305,2.7403654943654217e-05,0.050193174136275706,0.09923697036031576,0.01777426133621728,0.0011269305818131358,0.03499450204310215,0.0,0.0,0.04400740667975936,0.0,0.018874447372460645,0.0,0.0,0.0,0.0,0.0,0.0,0.15896309738325867,0.0,0.0,0.0,0.03099799515163095
s14T1622,0.6023200072286813,0.0,0.0,0.0,0.016990600401305327,0.0024915505368332145,0.0,0.04277078468483192,0.11283463292469408,0.03366176254395484,0.010720375789592519,0.00914798476210915,0.0,0.0,0.03631849609054817,0.0,0.006741438609928501,0.0,0.0,0.0,0.0,0.0,0.0,0.11707515852018392,0.0,0.0,0.0,0.008927207907336952
s15T1622,0.6511539891335444,0.0,0.0008604477954370387,0.0,0.010864442702734354,0.0,0.0,0.023462876483848396,0.07873105234275761,0.05687302191197378,0.016366119016327438,0.0,0.014909363971526526,0.0011971137866212864,0.004082034466242523,0.03195571081904087,0.0,0.058042878327955155,0.0,0.0,0.0,0.0,0.0,0.0499137070621737,0.0,0.0,0.0,0.0015872421798168873
s02M1722,0.47201310808065794,0.0014585772790040744,0.0,0.0,0.0,0.020301552278531667,0.0,0.0009188711877714219,0.012745453251408082,0.11644334819773244,0.00012941239653097315,0.0006294280992851732,0.041581745742594226,0.0,0.0,0.1870357050571509,0.0011498052598242939,0.12979494960724527,0.009590300003482273,0.0,0.0,0.0,0.0,0.0062077435587810596,0.0,0.0,0.0,0.0
s03M1722,0.4459176832443067,0.0,0.0,0.0,0.0,0.016417836818074318,0.0,0.0017759879361524493,0.014831991759342467,0.11781245698007616,0.0006572401879900539,0.0,0.026273157050827476,0.005048721638338018,0.0,0.17956989222636094,0.0,0.14834348600424255,0.026200624827777116,0.0,0.01184708193180317,0.0,0.0,0.00530383939470868,0.0,0.0,0.0,0.0
s04M1722,0.5768246554666026,0.0,0.0,0.0,0.0,0.010728899175008993,0.0,0.005371174020301074,0.019207102696147,0.0682261141744295,0.0023287959097136727,0.0,0.014638509141852996,0.0,0.0,0.13857210556628743,0.0,0.12368298526640391,0.023511317994181293,0.0,0.008641482879561796,0.0,0.0,0.008266857709509742,0.0,0.0,0.0,0.0
s05M1722,0.5077031825555901,0.0,0.0,0.0,0.0,0.009290668825742563,0.0,0.003941937256394469,0.014475175444833422,0.04200560166165971,0.00013390437848399668,0.0018968764354659257,0.02648330274570117,0.001363287769018198,0.0,0.11893338832514999,0.0,0.1026740037250208,0.14168204137613186,0.0,0.017699685275030505,0.0,0.0,0.011716944225777206,0.0,0.0,0.0,0.0
s06M1722,0.49122282932068834,0.0,0.0,0.0,0.0,0.0019993262656267537,0.0,0.0035896519481627867,0.009012750582941952,0.02885316472042363,0.001564441332765933,0.003383469742949683,0.026165642509706107,0.0053638815224058755,0.00545751919156229,0.07348293298814382,0.0,0.12614095187641639,0.15979906312553735,0.0,0.05428423625517055,0.0,0.0,0.009439638339646166,0.00024050027785258373,0.0,0.0,0.0
s07M1722,0.6016746564264345,0.0,0.0,0.0,0.00043281046610618414,0.006864116378136296,0.0,0.006524444915718384,0.01337456664775464,0.02198155627595823,0.005887107819996058,0.00046955330761007077,0.04933191394721724,0.028170212505166745,0.014367414418862485,0.021767523631304287,0.0,0.10781898610353548,0.08363421466786188,0.0,0.017160181309015754,0.0,0.0,0.019632403292491076,0.0009083378868307911,0.0,0.0,0.0
s08M1722,0.0,0.0,0.020709914176098895,0.06256541323712547,0.0,0.0,0.0,0.0,0.0,0.0,0.0,0.4160229115042453,0.0,0.02062480063328735,0.0,0.0,0.19825442951141645,0.0,0.003346726031139899,0.0,0.0,0.0,0.0,0.0,0.0,0.0,0.0,0.27847580490668655
s09M1722,0.3299681088693826,0.1309713984698121,0.0,0.009551980670146535,0.0,0.0,0.0,0.03351326410908412,0.0717655578961189,0.0017595839286463294,0.0,0.21509728898550806,0.0,0.004541752095855174,0.029176286542276216,0.0,0.02927985681388524,0.0,0.059306405160699995,0.0,0.0013736409488123162,0.0,0.0,0.0836948755097724,0.0,0.0,0.0,0.0
s10M1722,0.4588008629070836,0.08888969865692622,0.0002704254195663432,0.0,0.0009664310268441338,0.0012197759185929526,0.0,0.04628701550326145,0.06845117536915205,0.00754292577836658,0.0,0.14766201296989998,0.0,0.0,0.05722797934669468,0.0,0.015503349170116526,0.0,0.0,0.0,0.0,0.0,0.0,0.0967633172464526,0.0,0.0,0.0,0.01041503068704301
s11M1722,0.3159627141571902,0.19608295603938958,0.0,0.0035329771700584,0.0,0.0,0.0,0.02226298086731358,0.059602768319089575,0.0006634447428494499,0.0,0.22526407184845884,0.0,0.004718704710356487,0.055750694955083384,0.0,0.001591575900893613,0.0,0.05420831964367515,0.0,0.0031960693651175457,0.0,0.0,0.05716272228052417,0.0,0.0,0.0,0.0
s12M1722,0.418349079360027,0.06577790545027608,0.0,0.0,0.0,0.0,0.0,0.022154340968781265,0.055658871739632736,0.002089139158728293,0.0,0.13449832301515266,0.0,0.003150221505070551,0.18472899944760482,0.0,0.01007602699934905,0.0,0.01216851955608366,0.0,0.0,0.0,0.0,0.09134857279929387,0.0,0.0,0.0,0.0
s13M1722,0.37891264211505876,0.10637823035695226,0.0,0.0,0.0,0.0,0.0,0.019076779274649194,0.05494407251589663,0.0016185248896333467,0.0,0.16320175377681262,0.0,0.008226742253129605,0.15909573472053587,0.0,0.00868070087194324,0.0,0.0,0.0,0.0,0.0,0.0,0.09986481922538855,0.0,0.0,0.0,0.0
s14M1722,0.5716872524585896,0.018549496332395034,0.0,0.0,0.0019290546967446107,0.0,0.0,0.02738545136120835,0.06227239821179448,0.006544104235604074,0.005224453631858739,0.05192439337887675,0.000527757200157864,0.0,0.12710274574444205,0.0,0.00045875587161835175,0.0009326415823712413,0.0141172168934567,0.0,0.0,0.0,0.0,0.11134427840088201,0.0,0.0,0.0,0.0
s15M1722,0.6591621530125623,0.0,0.0,0.0,0.008045102325396932,0.004523290874549917,0.0,0.018346009712673934,0.05943349473327315,0.020368820061983973,0.021367426520459608,0.0027957994164713547,0.023234171929028834,0.0011808857949117126,0.049950908164001454,0.002241824811001009,0.0,0.03942810515138942,0.0041526199815069284,0.0,0.0,0.0,0.0,0.08516021757435038,0.0,0.0006091699364389547,0.0,0.0
s01X1722,0.6991459421049051,0.0,0.00029148494624057635,0.0,0.006739950145097769,0.0,0.0,0.003876699209890064,0.0015291899444872788,0.005475360396808748,0.0011756940356249666,0.0,0.05332105917912975,0.08228862016066342,0.04370855389372021,0.0,0.0,0.07184928911488206,0.00676949137389347,0.0,0.0,0.0,0.0,0.016208093976351486,0.004734033539583053,0.0027735925194348724,0.0,0.00011294545928715004
s02T1722,0.648286628103715,0.0029241876075694986,0.0,0.0,0.0,0.0013434220716929239,0.0,0.0036715715634056617,0.015047746081393185,0.028940450309897787,0.0007704993286110428,0.0,0.042109991929165,0.07081545434447974,0.023565756331036795,0.0614216292873502,0.0018866932117304182,0.08187074806613169,0.0,0.0,0.0,0.0,0.0,0.008258014030560177,0.0,0.00016823524720732398,0.0,0.008918972486053594
s03T1722,0.6977876867628114,0.0,0.0001424598237661307,0.0,0.0,0.00087981060280996,0.0,0.002605763525210279,0.011968419897732573,0.012121900632999255,0.0017416747032438001,0.0,0.04840555541071099,0.09208411359440369,0.02559057806941803,0.02983804954758031,0.0,0.0630107006471707,0.0,0.0,0.002977142214226797,0.0,0.0,0.0059452626821333435,0.0013316088367815667,2.1172325816447915e-05,0.0,0.003548100723184712
s04T1722,0.6683517817963069,0.0,0.00027808415653166865,0.0010133629755205457,0.0,0.002881055439223464,0.0,0.002218085498929224,0.021021742156200264,0.059148699615275774,0.0008766613177789001,0.0,0.018908759288367074,0.01057384127293816,0.006719004368335335,0.10790703402447836,0.0,0.057425112939757765,0.03590495093900652,0.0,0.0,0.0,0.0,0.0031491728844367083,0.0,0.0,0.0,0.003622651326913145
s05T1722,0.7121269895081455,0.0,0.00023200400075178696,0.0030419631084336765,0.0,0.0,0.0,0.002379666941325573,0.013811618337637353,0.03206709130257387,0.00021100739580564518,0.0,0.02166529723011837,0.020716411066254835,0.0031215768949459785,0.10767396360872634,0.0,0.04894663259660304,0.0306905525185548,0.0,0.0,0.0,0.0,0.0017348963017578332,0.0,0.0,0.0,0.00158032918836547
s06T1722,0.671539082595527,0.0,0.00023266658870719736,0.00014645604619333935,0.0,0.0007731784556208419,0.0,0.003194195928817136,0.014334429438968918,0.05714055401514375,0.000427686650382712,0.0,0.0066824181846995645,0.0,0.0,0.07279249592556437,0.0,0.03435668313983769,0.10825832925790288,0.0,0.026764858609771555,0.0,0.0,0.0007731085069240073,0.0,0.0,0.0,0.002583856655938935
s07T1722,0.7299945668670308,0.0,8.343660970898419e-05,0.0017469875684418099,0.001163046294187923,0.0,0.0,0.005616618100176828,0.009187275994703427,0.0,0.0028427196648261864,0.0,0.021553674629675276,0.08535008049279694,0.04007853933448302,0.0,0.0,0.02234205745129683,0.06068081293210383,0.0,0.0,0.0,0.0,0.01703142846329658,0.0014782299622826962,0.0008505256349889879,0.0,0.0
s08T1722,0.0,0.014327701541463901,0.0666487609198785,0.10411991170506432,0.0,0.0,0.0,0.0,0.0,0.0,0.0,0.6184238291953447,0.0,0.02453156235953648,0.0,0.0,0.10900746837923224,0.0,0.0,9.407161930754499e-05,0.0,0.0,0.0,0.0,0.0,0.0,0.0,0.0628466942801723
s09T1722,0.0268610976602961,0.21989192673319002,0.03126095761546058,0.07283004171331903,0.0,0.0,0.0,0.0,0.015662878892390784,0.0,0.0,0.4440430582960774,0.0,0.008676824406995399,0.0,0.0,0.059194147151774255,0.0,0.05714341357467336,0.0,0.0,0.0,0.0,0.0025260039399698023,0.0,0.0,0.0,0.06190965001585325
s10T1722,0.15082127582186025,0.18243354327484104,0.00666591116874166,0.0,0.0,0.0,0.0,0.003457120278615417,0.04812603029465029,0.0022524576808396557,0.0,0.287735456916352,0.0,0.0233378199806366,0.07666580490515368,0.0,0.019014643330278035,0.0,0.06085595819327121,0.0,0.0,0.0,0.0,0.13863397815476022,0.0,0.0,0.0,0.0
s11T1722,0.13613187951458228,0.16557629668521967,0.013326595601006156,0.007896885387428226,0.0,0.0,0.0,0.0005454961365453839,0.049405891990537625,0.0004426908987758346,0.0,0.3033079918910926,0.0,0.022083901888244238,0.0910094747702011,0.0,0.022771212236675012,0.0,0.06271293496008191,0.0,0.0,0.0,0.0,0.1247887480396099,0.0,0.0,0.0,0.0
s12T1722,0.2977935946083793,0.05273197534296424,0.0,0.0,0.0,0.0,0.0,0.00886902375627898,0.05457066313214581,0.0027523471810314945,0.0,0.15473367171424393,7.001716338526059e-05,0.0,0.18807556251623272,0.0,0.0,0.0,0.06278266595517279,0.0,0.0,0.0,0.0,0.1776204786301654,0.0,0.0,0.0,0.0
s13T1722,0.42355401466476317,0.0,0.0,0.0,0.013892356430207566,0.001952239486876272,0.0,0.028019465726627026,0.023918787274095778,0.027646369866508497,0.0,0.11526208504759138,0.0,0.008996099284352986,0.16761503134229191,0.0,0.0036351052552533298,0.0,0.0895498532844967,0.0,0.0,0.0,0.0,0.09532664723468375,0.0,0.0,0.0,0.0006319451022516457
s14T1722,0.4848866734427873,0.0,0.0,0.0,0.0,0.0,0.0,0.006017480341846116,0.04178636401102181,0.0028805396011515566,0.010528025621442581,0.026664432657134987,0.007093577084500394,0.0,0.13245075869071485,0.0,0.0,0.0,0.12235015935895453,0.0,0.0,0.0,0.0,0.16534198919044585,0.0,0.0,0.0,0.0
s15T1722,0.6923945640036484,0.0,0.0,0.0,0.001074409875728394,0.0,0.0,0.014371285931310976,0.030815662094632153,0.014876152516249352,0.017939665078005797,0.0,0.028952458879764397,0.04678092310344069,0.04328828257344845,0.0,0.0,0.038870386212465545,0.00608431428973998,0.0,0.0,0.0,0.0,0.06396591052196815,0.0005859849195978148,0.0,0.0,0.0
s02M1822,0.7484140384270654,0.0,0.0,0.009794211395140402,0.0,0.0,0.0,0.004086197468361935,0.006457713241655913,0.0013653754002554608,0.0004855311716407545,0.0,0.013372704556781778,0.1746946622161877,0.020589062149448643,0.0,0.0002681436468331997,0.001701698409940566,0.0,0.000247245091961171,0.0,0.0,0.0,0.010729304501888954,0.0,0.0,0.0,0.007794112322838025
s03M1822,0.7623691541275879,0.0,0.0,0.005633708495659738,0.0,0.0,0.0,0.003157614349739825,0.015575751227679577,0.03909916957546272,0.00093676879961968,0.0,0.01800429863775819,0.0864183904512077,0.020880702161156263,0.013852330490701401,0.0,0.009347714474067695,0.0,0.0,0.00031621139747111017,0.0,0.0,0.010344161681157253,0.0,0.0,0.0,0.014064024130730896
s04M1822,0.6656806902296782,0.0,0.0,0.0038515867324923256,0.0,0.0015527998469812604,0.0,0.004628816519874744,0.0034457661502263533,0.030431278997944913,0.0,0.0,0.002457398578816525,0.1572013688741629,0.010213759728365208,0.02461362173189942,0.0,0.0,0.08255143339137964,0.0,0.0030269639521815083,0.0,0.0,0.0,0.0,0.0,0.0,0.010344515265997025
s05M1822,0.6595936264384246,0.0,0.0,0.008784916678621113,0.0,0.010502283233581667,0.0,0.001069295874680454,0.015220922881531474,0.1102332542697676,0.0,0.0,0.02870046644821971,0.019188585469700984,0.003633728546216969,0.1105364697758777,0.0,0.0,0.016693066594739566,0.0,0.0020320841203096012,0.0,0.0,0.0,0.0,0.0,0.0,0.013811299668328681
s06M1822,0.4416347405405173,0.0,0.0,0.0037182097634553485,0.0,0.002795455831446253,0.0,0.000171403720125132,0.023591715019076948,0.26140530472216283,0.0,0.0,0.017898448541746697,0.040855307326982955,0.0039989805400942125,0.07357945602908159,0.0,0.0,0.09818664272261846,0.0,0.020977628928061754,0.0,0.0,0.002939880233499701,0.0,0.0,0.0,0.008246826081130743
s07M1822,0.5659556228194044,0.0,0.0,0.005314753445441133,0.0,0.008974402256937221,0.0,0.002848755374720874,0.014472354814756555,0.1829847132066181,0.0,0.0,0.02758773625083748,0.10734247625225662,0.021830860257646807,0.020091113139180133,0.0,0.0006019463648304618,0.01811151708054936,0.0,0.0,0.0,0.0,0.012698923840640568,0.0,0.0,0.0,0.011184824896180286
s08M1822,0.0,0.08953987538890286,0.077412555610653,0.09016036681269651,0.0,0.0,0.0,0.0,0.0,0.0,0.0,0.45605002766414865,0.0,0.01936676674869493,0.0,0.0,0.04495433355838746,0.0,0.10090338080329356,0.0,0.008160538175613408,0.0,0.0,0.0,0.0,0.0,0.0,0.11345215523760964
s09M1822,0.0,0.17803536285541713,0.03703746236190374,0.0559691637947649,0.0,0.0,0.0,0.0,0.015921210152283233,0.0,0.0,0.48987784243520643,0.0,0.021497578239003973,0.0,0.0,0.04734474404981376,0.0,0.10088194608917767,0.0,0.006462184502979546,0.0,0.0,0.001442363818688038,0.0,0.0,0.0,0.04553014170076163
s10M1822,0.02814857802396308,0.1118164959632256,0.045822374866724525,0.03714651541163445,0.0,0.0,0.0,0.0,0.013026679981547155,0.0,0.0,0.3457800792022855,0.0,0.03470067148646439,0.05450415311147497,0.0,0.02758528653050305,0.0,0.24133928547758188,0.0,0.02012034727085925,0.0,0.0,0.04000953267373611,0.0,0.0,0.0,0.0
s11M1822,0.0030282355976467812,0.17890373598294115,0.03805558468782056,0.014057830259933853,0.005589975628813033,0.0004956974705280885,0.0,0.0038198909056544306,0.02185395476845128,0.006786379126094601,0.0,0.3593823509293784,0.0,0.020305087307878632,0.06015069209336091,0.0,0.027598824724562772,0.0,0.07868334371679298,0.0,0.01176135164786719,0.0,0.0,0.13161722777576707,0.0,0.0,0.0,0.0379098373765082
s12M1822,0.10763172754748311,0.23785031001044502,0.0019358441324994788,0.01541831802948827,0.0,0.0,0.0,0.0,0.026215727834315028,0.0,0.0,0.33423687999607987,0.00044798994279667296,0.034600666458994296,0.13942263596776377,0.0,0.0,0.0,0.011359228281937774,0.0,0.0,0.0,0.0,0.09088067179819678,0.0,0.0,0.0,0.0
s13M1822,0.12802600193628902,0.1545246060584251,0.01681706567466072,0.009609509303428338,0.0,0.0,0.0,0.006012005449986429,0.027521873240995445,0.0020991150565036116,0.0,0.31491324317867986,0.0019170944534696774,0.0386198324021324,0.15516439539934745,0.0,0.0066015713657513065,0.0,0.014215124684659764,0.0,0.0,0.0,0.0,0.12395856179567097,0.0,0.0,0.0,0.0
s14M1822,0.39876891261683906,0.02488249902267269,0.0,0.0,0.0,0.0,0.0,0.0,0.021349766906802094,0.0,0.0055498047586393685,0.10019393130924636,0.008056920954650512,0.012896437017345901,0.19561361054063314,0.0,0.0,0.00040135675331396,0.012993458845265673,0.0,0.0,0.0,0.0,0.21929330127459143,0.0,0.0,0.0,0.0
s15M1822,0.5575467862214856,0.0,0.0,0.0,0.0,9.107304884089498e-05,0.0,0.021108262064206854,0.01812032009866054,0.04437484021618995,0.025757788262906478,0.0,0.010789355778072132,0.03685724545936304,0.11590036093656353,0.0,0.0,0.013290363073861165,0.018163554623517646,0.0,0.0,0.0,0.0,0.1380000502163323,0.0,0.0,0.0,0.0
s01X1822,0.6960529027131844,0.0,0.0,0.0033578101339773693,0.003420955110998065,0.0,0.0,0.003282480801724662,0.008976525541709498,0.025179972686471496,0.0005380816034831219,0.0,0.01665856331008285,0.15308527194907517,0.036869549630118514,0.0,0.0,0.006268123880035127,0.016408305162909437,0.0,0.0,0.0,0.0,0.017907607293820477,0.0,0.0,0.0,0.01199385018240977
s02T1822,0.6257983058641965,0.0,0.0,0.000919008002934608,0.0,0.0,0.0,0.0023353616439898577,0.011451569034987365,0.052343490100047324,0.0,0.0,0.0167827875855482,0.19546588977344143,0.010444730934059203,0.040409528226366995,0.0,0.03131269806665258,0.0,0.0,0.0,0.0,0.0,0.0065240343865360555,0.0,0.0,0.0,0.006212596381239951
s03T1822,0.5882667767965379,0.0,0.0,0.0,0.0,0.0016412136018877648,0.0,0.0009088997550325695,0.011959737410169887,0.045166466828296815,0.0,0.0,0.007532869073807923,0.13257790263064667,0.0005042812128246826,0.0808274393648374,0.0029166567324526473,0.016631340279697156,0.0,0.0,0.10021961375113496,0.0,0.0,0.0002922506758894847,0.0,0.0,0.0,0.010554551886784124
s04T1822,0.7310430517920098,0.0,0.0,0.0019382589024103415,0.0,0.0005792260409515599,0.0,0.0013683565587741867,0.00727112640527002,0.0507285318277529,0.0,0.0,0.004994838610983519,0.08876276576488049,0.0,0.04035428948109982,0.0,0.014882819187649343,0.01891072013200109,0.0,0.032760692461917325,0.0,0.0,0.0,0.0,0.0,0.0,0.006405322834299572
s05T1822,0.718830980915217,0.0,9.099970417591013e-05,0.0019964350044753376,0.0,0.00354721529037487,0.0,0.0006377722023366635,0.008467636777172502,0.07135302233870773,0.00021773316546743894,0.0,0.012320848703002199,0.05772561864401099,0.003702171622390016,0.004229107242128519,0.0,0.006801104896574236,0.03507831019350355,0.0,0.06768945085231724,0.0,0.0,0.0,0.0,0.0,0.0006598136305820203,0.006651778817563897
s06T1822,0.5820839396166083,0.0,0.0,0.004214032070206002,0.0,0.005129367746380958,0.0,0.0,0.009354772123459826,0.08665292027606836,0.0,0.0015797007664429701,0.0003993090668831273,0.022327711034143237,0.0,0.014960860748171177,0.0,0.0,0.12738179828338092,0.0,0.13857452383492613,0.0,0.0,0.0,0.0,0.0,0.0011916860878220822,0.006149378345506841
s07T1822,0.43848639176895404,0.0,0.0,0.003227327378155993,0.0,0.006540977851944437,0.0,0.0014943326970204218,0.007357841063155193,0.0734519927736277,3.5675680926757165e-05,0.0,0.01022111223121138,0.14853252717618246,0.010750179261786652,0.018815189366828532,0.0,0.0,0.1646293651507313,0.0,0.10357752858727885,0.0,0.0,0.004577831524148189,0.0,0.0,0.0,0.008301727488048185
s08T1822,0.0,0.10499911887967309,0.038414560860272416,0.09612081883124207,0.0,0.0,0.0,0.0,0.0,0.0001654397673615728,0.0,0.6516522762294996,8.157980303896432e-05,0.018262753350528696,0.0,0.0001841013251217794,0.001384738494459459,0.0,0.0,0.0003217336175841343,0.0,0.0,0.0,0.0,0.0,0.0,0.0,0.0884128788412184
s09T1822,0.017637691096219245,0.21231793376368813,0.03530073598313452,0.03783089774872727,0.0,0.0,0.0,0.0017190459450242576,0.0033602975224406363,0.0,0.0,0.4936154089813683,0.0,0.029800966178045177,0.04629129993005064,0.0,0.0,0.0,0.05512515373330401,0.0,0.02283534325336944,0.0,0.0,0.03948686127492108,0.0,0.0,0.0,0.004678364589707443
s10T1822,0.17685003331380567,0.08420665162551196,0.0,0.0,0.0,0.0,0.0,0.004290228322412327,0.0,0.0002102765744878579,0.0,0.33755802358323833,0.0,0.027092873738587545,0.20642904761980596,0.0,0.0,0.0,0.040425354183413205,0.0,0.0071862414042031765,0.0,0.0,0.115751269634534,0.0,0.0,0.0,0.0
s11T1822,0.07925498610129168,0.16736846394497978,0.0055760021463581435,0.010886575200520693,0.0,0.0,0.0,0.0028172228920533035,0.0,0.0008187317412400156,0.0,0.36277219365822566,6.660563287628744e-05,0.04892230717961889,0.1308957673089675,0.0,0.0,0.0,0.03648472699127154,0.0,0.0065705255744819835,0.0,0.0,0.1475658916281146,0.0,0.0,0.0,0.0
s12T1822,0.14537251327957454,0.06266658204101924,0.0058909428807294405,0.0,0.0,0.0,0.0,0.011143321414918573,0.0,0.002352905725849689,0.0,0.31251411806257257,0.0004991199928053673,0.03252428980815981,0.15590366446707737,0.0,0.0,0.0,0.04336043630688744,0.0,0.014409827513377972,0.0,0.0,0.213362278507028,0.0,0.0,0.0,0.0
s13T1822,0.2695222027671047,0.037794625653582666,0.0,0.0,0.0,0.0,0.0,0.02477524913910447,0.0,0.0,0.0,0.19363445274190474,0.001132381302584138,0.019160182980060114,0.20779708701218705,0.0,0.0,0.0,0.07857244603745973,0.0,0.013276865089123291,0.0,0.0,0.15433450727688902,0.0,0.0,0.0,0.0
s14T1822,0.3966575034800683,0.0,0.0,0.0,0.0,0.0021771089497747077,0.0,0.017854875929132992,0.0,0.01264072340210124,0.021445629998340498,0.011820435835384615,0.00487757007286067,0.013658904445155747,0.1699555047852072,0.0,0.0,0.0020166023841690778,0.10207888312559353,0.0,0.02621299243636188,0.0,0.0,0.21030913794287728,0.0,0.0,0.0,0.008294127212972409
s15T1822,0.58606800381089,0.0,0.0,0.0,0.010100998014867505,0.014644556901267026,0.0,0.027356954157723896,0.011553479668370323,0.05981968332772278,0.01342652248489934,0.0,0.014714021373783671,0.09221125812128425,0.05799111386112448,0.0005252141420926474,0.0,0.02369903784483245,0.006125412450318082,0.0,0.0,0.0,0.0,0.07163236336534454,0.0,0.0,0.0,0.0101313804754791
s02M1922,0.553504835378743,0.0,0.0,0.0,0.0,0.0009585958842704751,0.0,0.0015839907586807842,0.0063983846329279895,0.06945792522188497,0.0,0.0,0.003175706542011448,0.2978083267237122,0.0,0.043618137558307034,0.0004198972593746623,0.007898249028526013,0.0,0.0,0.0,0.0,0.0,0.0027470892739224974,0.0,0.0,0.0,0.012428861737638838
s03M1922,0.4688501216880647,0.0,0.0,0.0,0.0,0.003886271170711071,0.0,0.0003526644138087049,0.017086132669448126,0.1646736449481765,0.0,0.0,0.0,0.23531139059339845,0.0,0.06852526381456929,0.0,0.0002638203345096066,0.026519130624626745,0.0,0.008022778199744658,0.0,0.0,0.0,0.0,0.0,0.0,0.0065087815429422545
s04M1922,0.23715279698500674,0.0,0.0,0.0001665095577127463,0.0,0.04260147691720163,0.0,0.0,0.027454378890591383,0.536185445380244,0.0,0.0,0.0014497911833273108,0.051590269767841354,0.0,0.01083677449031316,0.0017727021129386054,0.0,0.04515927929868376,0.0,0.04527771961440941,0.0,0.0,0.0,0.0,0.0,0.0,0.0003528558017299131
s05M1922,0.05823370522464783,0.0,0.0,0.0,0.0,0.04194616134074672,0.0,0.0,0.008558565660839675,0.7978817246574617,0.0,0.0,0.0,0.05249118883273441,0.0,0.018251559684186593,0.0006723441545843955,0.0,0.008440691611537335,2.220485697865388e-06,0.013521838347563575,0.0,0.0,0.0,0.0,0.0,0.0,0.0
s06M1922,0.44692505926079645,0.0,0.0,0.0,0.0,0.03316727784167773,0.0,0.0003564208669673521,0.008581393789027544,0.14317204156560515,0.001004410156417684,0.0,0.007689018078131345,0.17891646395051125,0.0032596920946172288,0.0010233205651229951,0.0,0.0,0.014808410997615026,0.0,0.1540285297701323,0.0,0.0,0.003406869407069686,0.0,0.0,0.0,0.0036610916563081437
s07M1922,0.33727286593974154,0.0,0.0,0.0006791018696021934,0.0,0.054432110443145776,0.0,0.0001578475132854807,0.020978726984324347,0.4790955880617132,0.0,0.0,0.002776376925646802,0.06624361636784032,0.0,0.0,0.0,0.0,0.005911706509930494,0.0,0.030248254732769774,0.0,0.0,0.0,0.0,0.0,0.0,0.002203804652000162
s08M1922,0.0,0.05584294156657312,0.09445910339134238,0.012394343661182874,0.0,0.0,0.0,0.0,0.0,0.0,0.0,0.4588822675644095,0.0,0.009976612477104936,0.0,0.0,0.004599341294539602,0.0,0.0,0.0,0.0,0.0,0.0,0.0,0.0,0.0,0.0,0.3638453900448475
s09M1922,0.12610967521329142,0.0,0.005948486549251179,0.0,0.0,0.0,0.0,0.08420243694632806,0.0,0.01832958380264525,0.0,0.31684748189016027,0.0,0.014281045503784288,0.18082142912772425,0.0,0.0,0.0,0.07734793443206511,0.0,0.023817400973206854,0.0,0.0,0.09994105645308934,0.0,0.0,0.0,0.052353469108453864
s10M1922,0.09372560645559784,0.08132474042315935,0.013601809484028528,0.0,0.0,0.0,0.0,0.06926591233708115,0.0,0.0027196332660013598,0.0,0.396466457674948,0.0,0.017956805139760806,0.1952257582828914,0.0,0.0,0.0,0.02247133125772779,0.0,0.016448371966040008,0.0,0.0,0.07478978299532103,0.0,0.0,0.0,0.016003790717442876
s11M1922,0.08446188999364512,0.01712554463419482,0.00642810298361073,0.0,0.0,0.0,0.0,0.11430873355901422,0.0,0.001156591862828062,0.0,0.3156046129133923,0.0,0.007995409511867153,0.2618628173682714,0.0,0.0,0.0,0.06177697824357447,0.0,0.027172306050136732,0.0,0.0,0.0956571252887173,0.0,0.0,0.0,0.006449887590747677
s12M1922,0.0901569438976779,0.006409952749428339,0.0,0.0,0.0,0.0,0.0,0.10930249469783096,0.0,0.0009834469202393366,0.0,0.3051073187544355,0.0,0.011157805869470414,0.2468035366990883,0.0,0.0,0.0,0.07090085367351685,0.0,0.03912229154176551,0.0,0.0,0.1059520917641064,0.0,0.0,0.0,0.014103263432440479
s13M1922,0.13953045864910954,0.0,0.006926669522979574,0.0,0.004185284543211628,0.0,0.0,0.12632035442801143,0.0,0.029153988849475013,0.0,0.24323782865908636,0.0,0.011013793655955383,0.20070131169127176,0.00032066937544750836,0.0047998285080907786,0.0,0.01578192826940009,0.0,0.005780094821951392,0.0,0.0,0.12215426415888024,0.0,0.0,0.0,0.09009352486712933
s14M1922,0.27125994700000283,0.0,0.0,0.0,0.0,0.0,0.0,0.13741692360535857,0.0,0.04719066628027955,0.0025836816332496775,0.1003009394895157,0.0,0.00969717614107232,0.17108463629597465,0.0,0.002913722423621536,0.0,0.01629312384646716,0.00121137792049838,0.004048067255367539,0.0,0.0,0.17686329738453976,0.0,0.0,0.005253778413603951,0.05388266231044854
s15M1922,0.3988816034920251,0.0,0.0,0.0,0.00726344428597626,0.0030116422255703243,0.0,0.04434377009276773,0.0,0.11368377064457684,0.017288988793363713,0.0,0.005230082218833354,0.16152969711595505,0.10558430982011398,0.01820444310896147,0.0005935366939008715,0.009250589135159547,0.0,9.344243630329588e-05,0.0,0.0,0.0,0.10761235753463677,0.0,0.0,0.0,0.007428322401855626
s01X1922,0.3992979515672751,0.0,0.0,0.0,0.0,0.0,0.0,0.003538485905956687,0.0013372753837088789,0.00845334799655053,0.0009015384549615127,0.0,0.003861202966934031,0.4626279851079536,0.004767202518257653,0.009726037173751003,0.0,0.057769708690817614,0.012385780190660589,0.0,0.0065841848964262985,0.0,0.0,0.0024157657273541208,0.012714210788302776,0.013619322631089668,0.0,0.0
s02T1922,0.3740404156066143,0.0,0.0,0.0,0.0,0.0009787083681866897,0.0,0.0029405471036682996,0.006342190784797305,0.015485022555598683,0.0022569822207596886,0.0,0.0,0.28858593069956734,0.009208562929094548,0.0,0.0,0.020287593311696557,0.022940965722457567,0.0,0.24240370149657764,0.0,0.0,0.014529379200981442,0.0,0.0,0.0,0.0
s03T1922,0.5905417700074845,0.0,0.0,0.0,0.0,0.001466178497245684,0.0,0.006578666330755513,0.007001914787239232,0.033524896194574376,0.0027180380446452895,0.0,0.0032802787448075487,0.27043789965832693,0.016658789440133118,0.0036942500831129974,0.0,0.033445565376295304,0.0020831297055529416,0.0,0.011026880972682843,0.0,0.0,0.016614019025345053,0.0,0.0,0.0,0.0009277231317986777
s04T1922,0.6954369179070563,0.0,0.0,0.0,0.0,0.01435403338783475,0.0,0.016433093676844368,0.009254694099877685,0.07743829854595935,0.0038229993402554563,0.0,0.0007308187473359347,0.015901408657628024,0.008785444075613267,0.01676355985620742,0.0,0.0074337563486814445,0.03955571219885958,0.0,0.07725588829163878,0.0,0.0,0.012428884563495815,0.0,0.0,0.0,0.004404490302711788
s05T1922,0.5298213072782909,0.0,0.0,0.0,0.0,0.013957433340150639,0.0,0.011693031687703076,0.004117365055430233,0.05954641056498511,0.00432486181766841,0.0,0.004459845221364185,0.24484234996594156,0.009025667055688073,0.016841138146262192,0.0,0.011186034472479008,0.012483506952415645,0.0,0.05479750283405812,0.0,0.0,0.019349945890739618,0.0,0.0,0.0,0.0035535997168231774
s06T1922,0.5755545598096362,0.0,7.788107166757476e-05,0.0,0.0,0.017677197961145922,0.0,0.015594716242945493,0.006300636599803745,0.051899657973389475,0.005204123931586578,0.0,0.0013662337775513602,0.14936647534137304,0.0007709387533604222,0.026996329092063415,0.0,0.007470372558857052,0.02617078622985846,0.0,0.0967021983299315,0.0,0.0,0.01544974875055421,0.0,0.0,0.0,0.0033981435762756897
s07T1922,0.43359842892613343,0.0,0.0,0.0,0.0,0.07145285232584828,0.0,0.024133319176733864,0.008684036539708746,0.11221716841716473,0.01150833918433028,0.0,0.00818212775389207,0.1363129458454268,0.01570513268934442,0.020288121747910445,0.0,0.012149640902837489,0.022303699762676446,0.0,0.07426671169461262,0.0,0.0,0.042491059148241514,0.0,0.0,0.0,0.006706415885138896
s08T1922,0.0,0.07183944461596348,0.03403845485141444,0.07113580635980303,0.0,0.0,0.0,0.0,0.0,0.0,0.0,0.6080724289339206,0.0,0.005486884821331838,0.016144539892162378,0.0,0.0,0.0,0.000410173594680548,0.0007054151434279128,0.08641165213252444,0.0,0.0,0.0,0.003581361363364689,0.0,0.0,0.10217383829140661
s09T1922,0.49492674751802185,0.0,0.0,0.0,0.0,0.0,0.0,0.05318828378978282,0.0,0.0,0.004517560155421101,0.030304678648019428,0.00432074461062706,0.0,0.18684817337270215,0.0,0.0,0.0011442772324261991,0.03268792698249118,0.0,0.059551366330460556,0.0,0.0,0.1325102413600477,0.0,0.0,0.0,0.0
s10T1922,0.3837278539312659,0.038396581282084105,0.0,0.0,0.0,0.0,0.0,0.08658214704565477,0.0,0.0,0.0,0.14345795517572824,0.0029193769849022648,0.03523202087665827,0.18844614133390783,0.0,0.0,0.0017402778577393623,0.004168172015148507,0.0,0.0009613350078980037,0.0,0.0,0.11192866667962711,0.0021741882279627885,0.0,0.0,0.00026528358142293833
s11T1922,0.2530061245600049,0.0145575638990549,0.0,0.0,0.0,0.0,0.0,0.06992542609438888,0.0,0.0,0.002510753534201754,0.07304048221543982,0.00045760078195571216,0.01620554594888524,0.17535119611190936,0.0,0.0,0.0,0.054794749327143226,0.0,0.1522932225975259,0.0,0.0,0.18685830048500693,0.0,0.0,0.0,0.0009990344444833885
s12T1922,0.39407068911358234,0.0,0.0,0.0,0.0,0.0,0.0,0.07799581306466684,0.0,0.0008924722068816366,0.012904887365218064,0.0249967671140302,0.004061222377805567,0.031204336215473777,0.17939212043973612,0.0,0.0,5.439671851918684e-05,0.017146690492594846,0.0,0.03724467558283094,0.0,0.0,0.217724566789821,0.0,0.000726421917267372,0.0,0.0015849406015718882
s13T1922,0.4134921166045188,0.0,0.0,0.0,0.0,0.0,0.0,0.04452089085472958,0.0,0.0006407925364670809,0.007515776038574107,0.007682369534325425,0.010373556737783025,0.07854021581926915,0.17612762322852912,0.0,0.0,0.0,0.03565332016768441,0.0,0.07765985803622273,0.0,0.0,0.14526916798571887,0.0,0.002181160385808392,0.0,0.0003431520703692946
s14T1922,0.3988238094674215,0.0,0.0,0.0,0.0,0.0011439887739101546,0.0,0.08399325028365327,0.0,0.010910749310201535,0.027963312302300355,0.0,0.0012366427564684868,0.08748360558378708,0.11721572645373897,0.0,0.0,0.0028921463006931587,0.02361289839240513,0.0,0.07395027091123661,0.0,0.0,0.16746196324862644,0.0,0.00021711873797127437,0.0,0.0030945174775861327
s15T1922,0.5566917960859012,0.0,0.0,0.0,0.0,0.012048030540085661,0.0,0.039838149483502804,0.005795050935428865,0.03663324241984023,0.013773801846942577,0.0,0.005941742145330345,0.19807103012238625,0.04447514093974998,0.0,0.0,0.020934132405727928,0.0,0.0,0.0,0.0,0.0,0.05842830958939098,0.0,0.0,0.0,0.007369573485713096
s02M2022,0.39916914473528803,0.0,0.0,0.0,0.0008646051703774486,0.015425934345827397,0.0,0.03260597859131185,0.01770295739223512,0.12446026051006259,0.030425706195334124,0.0,0.0,0.29486507110034954,0.05711005093720737,0.0,0.0,0.0226847223672333,0.0,0.0,0.0,0.0,0.0,0.004685568654773328,0.0,0.0,0.0,0.0
s03M2022,0.41920035708549136,0.0,0.0,0.0,0.0,0.0193671987460655,0.0,0.039113919850014674,0.024298953092827032,0.09081488263867891,0.053407854072531825,0.0,0.0,0.2569857410841989,0.07648647284133933,0.0,0.0,0.010120027570029399,0.0,0.0,0.0,0.0,0.0,0.010204593018823059,0.0,0.0,0.0,0.0
s04M2022,0.4185896672357382,0.0,0.0,0.0,0.0,0.06311127192097668,0.0,0.006751442117427355,0.008468285653003945,0.11883613078838902,0.0030019536457432656,0.0,0.0,0.19469650860387552,0.0014144016096023129,0.14036996843767086,0.0,0.04476036998757286,0.0,0.0,0.0,0.0,0.0,0.0,0.0,0.0,0.0,0.0
s05M2022,0.4330188969698694,0.0,0.00012701168697676734,0.0,0.0,0.051416343733153465,0.0,0.022586775713482683,0.02768113781820613,0.2428278783207506,0.020796764627463847,0.0,0.0,0.06380136190723033,0.030779256516460466,0.0063893513837056095,0.0,0.08940745032831998,0.0,0.0,0.0,0.0,0.0,0.007513028833624408,0.0,0.0,0.0,0.00365474216075617
s06M2022,0.3486811737232737,0.0,0.00018011398111674094,0.0,0.0,0.05101812589291811,0.0,0.014839428001400146,0.020799145623770568,0.20676819293218746,0.016136175577226526,0.0,0.0,0.20852451639260008,0.01994938881674862,0.008725673796465232,0.0,0.09257394017367819,0.0021562781466387816,0.0,0.00024364720822903327,0.0,0.0,0.00742182564239035,0.0,0.0,0.0,0.0019823740913564613
s07M2022,0.3218087612713737,0.0,8.85367047005139e-05,0.0,0.0,0.07261126103253085,0.0,0.009557392849578052,0.011359162883567898,0.18685207348780122,0.010559289533421069,0.0,0.00202812808768864,0.282304164946218,0.014228315196612738,0.009743125292761966,0.0,0.07219309920254516,0.0,0.0,0.0,0.0,0.0,0.006327316724730559,0.0,0.0,0.0,0.00033937278646952156
s08M2022,0.0,0.0,0.08190075077517882,0.08915374632842096,0.0,0.0,0.0,0.0,0.0,0.0,0.0,0.36448446023528347,0.0,0.014980103303681078,0.0,0.0,0.0,0.0,0.0,0.0,0.0,0.0,0.0017133163767248825,0.0,0.0,0.0,0.014080879820978708,0.43368674315973205
s09M2022,0.006663717602989997,0.0,0.254207285980429,0.16579193070798673,0.0,0.0,0.0,0.028745896881436743,0.005346125293372789,0.0,0.0,0.34327547315227425,0.0,0.045229977510173755,0.0497779639097018,0.0,0.011864566637630749,0.0,0.005811960414221693,0.00023123707786753132,0.006113357585813773,0.0,0.0,0.001634154702295809,0.0,0.0,0.0,0.07530635254380534
s10M2022,0.23809855408410144,0.022345837259077243,0.08429501299302859,0.049853111584533615,0.0,0.0,0.0,0.17275363024762766,0.0,0.0,0.0,0.25612919966507913,0.0011904589951520946,0.042398165834667365,0.10949990904954053,0.0,0.0,0.0010874566807732354,0.011991159633279305,0.0,0.0015239689336737454,0.0,0.0,0.008509335648941069,0.0003241993905249042,0.0,0.0,0.0
s11M2022,0.24275997952054656,0.011083119520561072,0.017061612497376272,0.018109080213217374,0.0,0.0,0.0,0.2859001025639929,0.0,0.001799617083523633,0.00362529221206473,0.16039292619460724,0.001048963247761874,0.035309502417845494,0.13928428576451493,0.0,0.0,0.0016662641705890787,0.015172728458731171,0.0,0.006716977340162042,0.0,0.0,0.051150895672209554,0.0,0.0,0.0,0.008918653122295889
s12M2022,0.1334539693968782,0.004289705671807456,0.04782577066457318,0.022172263065571476,0.0,0.0,0.0,0.22333170280913153,0.0,0.0007150769029040866,0.0003728237755035992,0.242403205384284,0.0,0.021799259158203303,0.13358472438017316,0.0,0.0,0.0,0.057246345949000674,0.0,0.0397492905138509,0.0,0.0,0.0608437499889023,0.0,0.0,0.00016327906659023623,0.01204883327262604
s13M2022,0.07448284471164836,0.024766238678284164,0.17048473326904437,0.04589405351546218,0.0,0.0,0.0,0.12267543498149627,0.0,0.0016713893081437823,0.0,0.31596709373071985,0.0,0.04269573029473449,0.09945005767990728,0.0,0.0,0.0,0.009033504264429506,0.0,0.0057962818101088675,0.0,0.0,0.05278578728909358,0.0,0.0,0.0,0.0342968504669273
s14M2022,0.31275083540885523,0.0,0.0075907574020668885,0.00889484531132791,0.0,0.0,0.0,0.18139755313211062,0.0,0.0012159887322532508,0.00677645478809233,0.1335918899039563,0.0005797774709493507,0.050125600084114104,0.14881209016643732,0.0,0.0,0.0,0.035159453042465996,0.0,0.018329512030536246,0.0,0.0,0.08084505052763172,0.0,0.0,0.0,0.013930191999202946
s15M2022,0.41542292733687025,0.0,9.218454524693094e-05,0.0,0.004249681412586349,0.018267800085870804,0.0,0.05413097808933486,0.0,0.08593155631483357,0.014484756391326325,0.0,0.006748301526010918,0.22001988595990457,0.03639507743694984,0.04865698827795598,0.0,0.04133465857561142,0.009817734386650094,0.0,0.0,0.0,0.0,0.030754863963781416,0.0004884365325101184,0.0,0.0,0.013204169164556573
s02T2022,0.5114546832646709,0.0,0.0,0.0,0.0,0.000532545854831603,0.0,0.0,0.0019286575253736758,0.011576768433946522,0.0,0.0,0.0,0.206162388595336,0.0,0.11449695479410453,0.0,0.049645029908762975,0.0,0.0,0.0,0.0,0.0,0.0,0.0,0.1042029716229739,0.0,0.0
s03T2022,0.4862774328481111,0.0,0.0,0.0,0.0,0.006578549542543531,0.0,0.0007958592823756532,0.0026596539615375498,0.04338593886089324,0.000535355462821165,0.0,0.0,0.18261404642333187,0.0,0.0887228673233954,0.0,0.1064619007203134,0.0,0.0,0.0,0.0,0.0,0.001850020885263077,0.002555235762339119,0.07756313892707478,0.0,0.0
s04T2022,0.5754626365270803,0.0,0.0,0.0,0.0,0.0015701265505498562,0.0,0.003930684499896692,0.0028129893632046765,0.023577088791709052,0.0016439426492314215,0.0,0.0,0.22381351966458318,0.0034298854886555606,0.04783023470753828,0.0,0.061931463647454256,0.0,0.0,0.0,0.0,0.0,0.0043064830552690505,0.0,0.04969094505482777,0.0,0.0
s05T2022,0.3896640494446307,0.0,4.033029547635293e-05,0.0,0.0,0.0028335042698299103,0.0,0.006082447542903636,0.0032145900260020094,0.029346135797315653,0.0018030555213332596,0.0,0.0,0.4209103032523217,0.010352492528145978,0.030132432045338216,0.0,0.02588309347326995,0.0,0.0,0.0,0.0,0.0,0.0067828813613567945,0.0,0.07208461217971124,0.0,0.0008700722623644889
s06T2022,0.3676913383160598,0.0,0.0,0.0,0.0,0.005767848882861919,0.0,0.007818360587579155,0.002968728947946914,0.03647726861893804,0.0011365754000490515,0.0,0.00120503157212829,0.4293517287916526,0.017789436145104896,0.01998288118216049,0.0,0.029594203464810908,0.004164173255009984,0.0,0.0,0.0,0.0,0.008527478771215668,0.0,0.06552170048764608,0.0,0.0020032455768361286
s07T2022,0.4769013309555869,0.0,0.0,0.0,0.0,0.0,0.0,0.003748394667931303,0.0009667790442219373,0.009760549168616513,0.0010917136751985457,0.00047950163855248656,0.0,0.3103030054445942,0.005921871211644214,0.0,0.0,0.0,0.014374218950015042,0.0,0.004165692617066577,0.0,0.0,0.0017586445806664912,0.003549654811934634,0.16697864323397116,0.0,0.0
s08T2022,0.0,0.0,0.09166238938177575,0.11923955162416244,0.0,0.0,0.0,0.0,0.0,0.0,0.0,0.43993733258015794,0.0,0.031434070631336956,0.0,0.0,0.0,0.0,0.0,0.0,0.0,0.0,0.0,0.0,0.0,0.0,0.0032893522386325223,0.3144373035439345
s09T2022,0.3471848000098625,0.0023948296468806213,0.00415741312136501,0.0,0.0,0.0,0.00011930879677962255,0.28243139648242815,0.0,0.0,0.0027658688363364986,0.11064407152852876,0.0,0.03997337040042197,0.10175039115957282,0.0,0.0,0.000723174348850933,0.03382056307999588,0.0,0.0,0.0,0.0,0.03626157595927124,0.030148597599221536,0.0,0.0,0.007624639030484406
s10T2022,0.33822021583367834,0.0,0.000981565569067038,0.008264091070066478,0.0,0.0,0.0011681839154291474,0.2208630994902015,0.0,0.0,0.02695490493881347,0.02077189164431918,0.0019352141418730983,0.11706723547046528,0.08941519637983757,0.0,0.0,0.0,0.039889260930586264,0.0,0.0031445338742526548,0.0,0.0,0.11309270421745606,0.018231902523953927,0.0,0.0,0.0
s11T2022,0.33469475960268247,0.0,0.0021838139396888993,0.011012055405427894,0.0,0.0,0.0007584765651319041,0.25241686574013855,0.0,0.003993355123641261,0.02679242375466699,0.042162974886954994,0.003445688688472285,0.089326653717921,0.09938915052835418,0.0,0.0,0.0,0.020119565852405045,0.0,0.0,0.0,0.0,0.09941887862360563,0.014285337570908743,0.0,0.0,0.0
s12T2022,0.32344552768136464,0.0,0.0,0.00792236212272091,0.0,0.0,0.0012051522261449195,0.4213106703898265,0.0,0.029646221044726962,0.041796454948689644,0.0,0.0022599042577954188,0.03171390129744522,0.06795551361882862,0.0,0.0013802769032466122,0.0,0.009678482315804256,3.0399032845319412e-05,0.0,0.0,0.0,0.06165513416056093,0.0,0.0,0.0,0.0
s13T2022,0.3338348386155989,0.0,0.0005000319327705924,0.011913225463675715,0.0,0.005769155430447087,0.0011874085426122059,0.19199219417218746,0.0,0.061361156158409605,0.0615406693297745,0.0,0.0,0.052383342398755126,0.07576214989988629,0.0013009881804265128,0.0,0.0,0.060214416973287804,0.0006794970619570181,0.009338077582185751,0.0,0.0,0.11579568014541315,0.0,0.0,0.006666860340501698,0.009760307772110753
s14T2022,0.4077849182727915,0.0,0.0,0.0,0.0,6.204795946840492e-05,0.0009014344194791209,0.2793043402320981,0.0,0.005335717080730724,0.03774967569255795,0.0,0.001837847835310023,0.05202398525512133,0.1171004716731342,0.0,0.0,0.0,0.016469042298767583,0.0,0.0,0.0,0.0,0.0782606438421627,0.0,0.0031698754383781957,0.0,0.0
s15T2022,0.40966148752664416,0.0,8.780749326027184e-05,0.0,0.0,0.0002979386050581355,0.0,0.14981713598053628,0.0,0.03107741507414862,0.033590882053668426,0.0,0.0017277157042417492,0.1322130197593598,0.08027757258741727,0.0,0.0,0.0,0.02271733685852093,0.0,0.0,0.0,0.0,0.08461603753811628,0.002643753829086834,0.034818909744225,0.0,0.016452987245716266
s02M2122,0.3813025352872115,0.0,0.0,0.0,0.0,0.011534423160727704,0.0,0.0,0.0007436828059148472,0.08798373583100512,0.002856539769033209,0.0015023718647806349,0.0023254073710846255,0.37254137469310206,0.030998885992326614,0.007331295747849821,0.0,0.02065851934186191,0.0,0.0,0.0,0.0,0.0,0.01794538599971041,0.0,0.06227584213539164,0.0,0.0
s03M2122,0.4831433130174756,0.0,0.0,0.0,0.0,0.03756900441153523,0.0,0.004927152155467313,0.00640140232498079,0.23768370138346284,0.019420545179372764,0.0,0.0,0.07587273125279359,0.036843939936606215,0.0,0.0,0.02901402377909904,0.0,0.0,0.0370883966274554,0.0,0.0,0.012577141958244033,0.0,0.019458647973507322,0.0,0.0
s04M2122,0.2515464957970705,0.0,0.0,0.0,0.0,0.04022532617926491,0.0,0.0044773999395881356,0.004526105962887375,0.45367966797906584,0.021703464881928362,0.0,0.0,0.05592508083436484,0.0193052687089824,0.05403984286134307,0.0,0.08492497894797636,0.0,0.0,0.0,0.0,0.0,0.005603024646659618,0.0,0.0040433432608686735,0.0,0.0
s05M2122,0.24556460760691987,0.0,0.0,0.0,0.0,0.09125837780092454,0.0,0.011938193977418151,0.008049684751378575,0.44547987176777676,0.006012539870492133,0.0,0.0,0.014803256483828036,0.018667918821741628,0.041532224367398625,0.0,0.11362005477765513,0.0,0.0,0.0,0.0,0.0,0.003073269774466558,0.0,0.0,0.0,0.0
s06M2122,0.0,0.0,0.0,0.0,0.0,0.16311126179676774,0.0,0.012352224695623987,0.0022572202829092484,0.7358355279645911,0.002160706313741342,0.0,0.0,0.007089349505684159,0.010630448421270217,0.0033774811516829157,0.0,0.05831425924562716,0.0,0.0,0.0,0.0,0.0,0.004871520622102206,0.0,0.0,0.0,0.0
s07M2122,0.20069710072388328,0.0,0.0,0.0,0.0,0.15728385625574376,0.0,0.009551052587418753,0.0020664210156834503,0.39853480138245156,0.0,0.0,0.0,0.18256255550746495,0.009443979571017004,0.013832998903761693,0.0,0.0,0.0,0.0,0.0,0.0,0.0,0.0022105964184591987,0.0,0.02381663763411631,0.0,0.0
s08M2122,0.0,0.0,0.043944372530706946,0.11582609257075852,0.0,4.57485078752725e-05,0.0,0.0,0.0,0.0,0.0,0.3759134886258582,0.0,0.0,0.0,0.0,0.0,0.0,0.013282717914787658,0.00020637127259819186,0.0,0.0,0.0,0.0,0.0042120951203687244,0.0,0.005355194531606363,0.4412139189254402
s09M2122,0.1369900619669465,0.0,0.017058987343756743,0.06026236261665908,0.0,0.0,0.0,0.2914622721709061,0.0,0.0,0.0016123202617558802,0.3251499419077826,0.0,0.025390635993688494,0.004766538449913835,0.0,0.0,0.0,0.025209560599942154,0.00014392771069807693,0.0,0.001046483748784076,0.0,0.0,0.06253731772233417,0.00020500521176947082,0.0,0.04816458429506275
s10M2122,0.28174352191922775,0.0,0.0004897344904263977,0.021279546295421517,0.0,0.0,0.002133286412620243,0.3078296493252567,0.0,0.0,0.0143375291162614,0.05060381046698459,0.0,0.0810963501701828,0.07839942718310071,0.0,0.0,0.0,0.03275566209456597,0.0,0.0022143814887835307,0.0,0.0,0.050825284604997814,0.07158191820459295,0.00470989822757757,0.0,0.0
s11M2122,0.2299996322832152,0.0,0.0008423776364343782,0.0,0.01634185845118226,0.02290313236657204,0.0028102576992514723,0.12684701652589492,0.0,0.08283410021245109,0.05192465836757893,0.0,0.0,0.045996288012819464,0.04914076215417596,0.050413526039266805,0.0,0.0037477807178506344,0.05810078572816255,0.0,0.0,0.0,0.0,0.1365796658211727,0.03915452275495635,0.007109876615226148,0.0,0.07525375861378909
s12M2122,0.35305042192653824,0.0,0.0,0.0,0.0,0.0,0.0037911113256574643,0.3758736624516051,0.0,0.005389499472541246,0.0,0.041015733946908196,0.0,0.12342607482607683,0.0,0.0,0.0,0.0,0.020051183810095772,0.0,0.0,0.0,0.0,0.0,0.0533659947904095,0.01130724763697038,0.0,0.012729069813197175
s13M2122,0.25619728735549885,0.0,0.0010365889552570579,0.014636442877871901,0.0,0.0,0.003648235597209026,0.240775222470245,0.0,0.001025031388449242,0.03316500535961556,0.03238363529933424,0.0,0.12549647238949177,0.050834588191188426,0.0,0.0,0.0,0.0713068462456709,0.0,0.000603368487801947,0.0003948671760009304,0.0,0.09155747097302092,0.0691766574838737,0.0053189222904930986,0.0,0.0024433574589775124
s14M2122,0.371584912338942,0.0,0.0007554951665851154,0.002105419286212438,0.0,0.003587778698049441,0.0015458388340237033,0.19436337576430654,0.0,0.013548384145099086,0.04199023168605795,0.0,0.0,0.14980698349420232,0.05925683883482292,0.0,0.0,0.0,0.03925935018277513,0.0,0.0,0.0,0.0,0.07955402259646961,0.014823260395742121,0.017712537644336,0.0,0.010105570932375688
s15M2122,0.2620484242354187,0.0,0.0001451459364019896,0.0,0.0,0.017567906606678448,0.0,0.01892281223357012,0.0,0.0621659060095559,0.006010831153706627,0.0,0.0,0.39898997226643457,0.039580340974830555,0.023450034115567595,0.0,0.02762197969120484,0.02705178433642175,0.0,0.0,0.0,0.0,0.018628003381393112,0.012527046418449898,0.07973251004861238,0.0,0.005557302591753559
s02T2122,0.4049607339996855,0.0,0.0,0.0,0.0,0.009825229698294064,0.0,0.0,0.0,0.060952688249639946,0.0,0.0021817512806171445,0.0032809354817455944,0.35292966294554784,0.02858665616170512,0.018218808657545372,0.0,0.0041484214112951405,0.0,0.0,0.0,0.0,0.0,0.016394295358334494,0.0,0.09852081675558978,0.0,0.0
s03T2122,0.46444696396064655,0.0,0.0,0.0,0.0,0.010310458221080385,0.0,0.0,0.0008535225714930203,0.05321633273685979,0.0,0.0032500041742923344,0.0015676726181802394,0.2766743870411612,0.0210861479203501,0.015332229428786679,0.0,0.0025111907959894956,0.0,0.0,0.06403503686661284,0.0,0.0,0.010570625694172383,0.0,0.07614542797037506,0.0,0.0
s04T2122,0.7394877554412346,0.0,0.0,0.0,0.0,0.011821082298556931,0.0,0.002230486591383662,0.003559447485153929,0.05219525470924272,0.0007323450989845168,0.0,0.0013626164737822086,0.09562274209504697,0.016447620352824863,0.009207732230140809,0.0,0.008348727562078084,0.0,0.0,0.023348762043200414,0.0,0.008356158830661676,0.0,0.0,0.02727926878770863,0.0,0.0
s05T2122,0.6552712803903644,0.0,0.0,0.0,0.0,0.015200252105947531,0.0,0.0010630494833426091,0.003678980744460095,0.06186900479520684,0.0011406958418160016,0.0,0.00299784127604638,0.17122954250280042,0.02093506956289463,0.0,0.0,0.010776263689271542,0.0,0.0,0.0021259668922723046,0.0,0.006294817247174745,0.004209447658572064,0.0,0.042921608301228494,0.0,0.00028617950860217775
s06T2122,0.749330858048698,0.0,4.4093963439703396e-05,0.0,0.0,0.02121766102817677,0.0,0.004712888231734391,0.0022519938984254567,0.0661711425496069,0.0011660614911843047,0.0,0.0,0.05005349451699746,0.0,0.014913678899230409,0.0,0.0038602091400038218,0.0,0.0,0.07315518470014847,0.0,0.0,0.0,0.0,0.012309784781881232,0.0,0.0008129487504731051
s07T2122,0.4462867246936451,0.0,0.0,0.0,0.0,0.13286318534120217,0.0,0.005418390003177513,0.0016538123073998683,0.20366377534858918,0.0012363969273777586,0.0,0.002217110865533119,0.12281179290766049,0.02723594695923468,0.002815774089310451,0.0,0.004593297576494339,0.0,0.0,0.009358977056560051,0.0,0.0,0.008972326391439238,0.0,0.030872489532375966,0.0,0.0
s08T2122,0.0,0.0,0.0,0.04303573157525567,0.0,4.108851364966319e-05,0.0,0.0037031976846533593,0.0,0.0,0.0,0.22534218488259736,0.0,0.0,0.0,0.0,0.0,0.0,0.0,0.0,0.0,0.0010209020647862868,0.02715675862111191,0.0,0.0034164518990651895,0.0,0.0107138669593065,0.685569817799574
s09T2122,0.2700920911448638,0.0,0.00017757131294362727,0.0,0.0,0.0,0.0024989571193289356,0.3880894307037475,0.0,0.0,0.0040550648105655545,0.0190910948450581,0.00018666124288682688,0.04524778944950781,0.023102804479114638,0.0,0.0,0.0,0.0,0.0,0.0,0.0,0.0,0.0,0.2412971698865933,0.0023781986382602764,0.0,0.003783166367129512
s11T2122,0.23781137180991474,0.0,0.0007195151934718627,0.0,0.006572792877978868,0.006728767519202262,0.0032951687011867144,0.28260285297525706,0.0,0.05667751631958666,0.057604943056612734,0.0,0.0,0.07031306181608434,0.05537175702246217,0.0,0.0003021031425093173,0.0,0.0,0.0,0.0,0.00040696194532379777,0.0,0.06319003901715799,0.1548243157383746,0.0003772113372664098,0.0,0.0032016215276104106
s12T2122,0.25111303642546035,0.0,0.0009594092488514168,0.005229704919334586,0.0,0.002624057539973669,0.0047208149596547405,0.38198848589729656,0.0,0.010402990963166575,0.06575591207188118,0.0,0.0,0.08587245797357089,0.03771813515694382,0.0,0.0009411179951090524,0.0,0.0,0.0,0.0,0.0,0.0,0.030229936431782938,0.1203687694909854,0.001184965341117035,0.0,0.0008902055848718886
s13T2122,0.2840255534737268,0.0,0.0006148139897019562,0.004258095713929649,0.00022556090149050253,0.003818787720084568,0.005340945391328823,0.23813043021345565,0.0,0.07046665197779027,0.07575614246037127,0.0,0.0,0.14694950154307046,0.04254953622125505,0.0,0.0,0.0,0.0,0.0,0.0,0.0,0.0019432875299951768,0.03658393334501698,0.07440377542828774,0.008109473759726205,0.0,0.00682351033076873
s14T2122,0.38026039625206687,0.0,0.000407733454890487,0.0,0.006242006702404601,0.004948455978376926,0.0044905590332897415,0.23563441576885935,0.0,0.08969427323031104,0.07478093203424421,0.0,0.0,0.08796872280224156,0.06168996468706422,0.0,0.0,0.0021171571276516594,0.0,0.0,0.0,0.0,0.0,0.020326141163974208,0.02225593177777074,0.004470432897887337,0.0,0.004712877088967036
s15T2122,0.26796322012594354,0.0,0.00032114903926714705,0.0,0.0,0.003598738997108672,0.0033561268754256535,0.06186354806257799,0.0,0.06365497095796474,0.03086388780691813,0.0,0.0,0.36175185830388157,0.04074030973601778,0.003991016255643097,0.0,0.0014491081143400532,0.0,0.0,0.0,0.0,0.0,0.024819418778643163,0.0584848869547982,0.07270304570051916,0.0,0.0044387142909510895
s02M2222,0.36769302036910123,0.0,0.0,0.0,0.0,0.018843702753826314,0.0,0.001756663303017677,0.0023429187804095,0.051267525675372884,0.0024409602594900656,0.0,0.0,0.325172761354778,0.025869286211858956,0.03554757302221606,0.0,0.07342578763253477,0.0,0.0,0.0,0.0,0.0,0.008769382210587297,0.0,0.08687041842680714,0.0,0.0
s03M2222,0.3984353963907977,0.0,0.0,0.0,0.0,0.012166090760058791,0.0,0.0027934533361401643,0.002547445808849114,0.061089153502856174,0.0,0.0005781644619322181,0.0,0.27103926632698544,0.014576211312402105,0.06697856813477748,0.0,0.08847063387383759,0.0,0.0,0.0,0.0,0.013236607903559565,0.0027665367547231212,0.0,0.06532247143308051,0.0,0.0
s04M2222,0.3942301089417571,0.0,0.00015544767993862633,0.0,0.006283913039044231,0.018776447795632718,0.0,0.028732984498969646,0.01611936611400627,0.08110066185572229,0.01781189913661296,0.0,0.0,0.12423862355379296,0.04134339591708947,0.005654376770910595,0.0,0.11921325146254075,0.02990484791477833,0.0,0.01592065284561784,0.0,0.0755388653472188,0.001047932476287241,0.0,0.019352202933547502,0.0,0.00457502171653272
s05M2222,0.2952747926846369,0.0,0.00023742964203811784,0.0,0.0,0.018338404334060254,0.0,0.03491697460239987,0.01028419664580196,0.10512546124971946,0.019805001667938273,0.0,0.0,0.10543343198591267,0.04283256889463607,0.00946736762636652,0.0,0.2011494256346343,0.015719777122259436,0.0,0.0001032679291448888,0.0,0.11825655994594884,0.003417364908045092,0.0,0.016646630134147883,0.0,0.0029913449923092625
s06M2222,0.3197363673473427,0.0,0.0004204950966471226,0.0,0.03655011673356555,0.02705732951943141,0.0,0.05973823094606191,0.005114169845565394,0.18184492585522438,0.010004862160732993,0.0,0.0,0.025372477552931223,0.035584172541075196,0.14620362267759493,0.0,0.0864516105157441,0.0,0.0,0.0005415396897361448,0.0,0.056427093533908276,0.0,0.0,0.0003522954820756665,0.0,0.008600690502362996
s07M2222,0.20127433713151754,0.0,0.00011783935106598361,0.0,0.004695278888268033,0.02687908329820039,0.0,0.015997292828025495,0.00282898032270983,0.174542620591384,0.020129190682913398,0.0,0.0,0.17575518231861967,0.043348448424936604,0.08614877569790216,0.0,0.15141412948969976,0.0,0.0,0.0,0.0,0.0487276908662246,0.0038392621660994627,0.0,0.042391487836276956,0.0,0.0019104001061560896
s08M2222,0.0,0.0,0.0,0.1448037336226836,0.0,0.0,0.0,0.0,0.0,0.0,0.0,0.2643843924942939,0.0,0.0,0.0,0.0,0.0,0.0,0.02376186980631482,0.0,0.0,0.002344255790847756,0.012518517270871108,0.0,0.005970408468877786,0.0,0.027048949645375873,0.5191678729007352
s09M2222,0.0,0.0,0.0,0.11944828969612527,0.0,0.0,0.0005333047005945754,0.5264860579404188,0.0,0.017292258232027145,0.0069808422462954494,0.11535255894987274,0.0,0.0,0.0,0.003180760051189861,0.0,0.0,0.0,0.0001156546277179857,0.0,0.004734717274064768,0.0,0.0,0.047067802847408344,0.0,0.016557578430227933,0.1422501750040572
s10M2222,0.16717468837107827,0.0,0.0,0.1072437353270611,0.0,0.0,0.0010518467421749707,0.24744201701037066,0.0,0.0,0.0,0.0716382985123032,0.0022120947442514152,0.01963726887999916,0.21724412797108897,0.0,0.0,0.0,0.043104809687197404,0.000836126719593709,0.0,0.00456786705372116,0.0,0.0,0.10863546866440416,0.0,0.0016079224529358307,0.007603727863819771
s11M2222,0.0,0.0,0.0,0.09521579742479014,0.0,0.0,0.0,0.5673879169649346,0.0,0.004142128411523116,0.015470563950231617,0.1857061194676326,0.0,0.0009900054717891706,0.029783262979944637,0.0,0.0,0.0,0.0,0.00044946846353491777,0.0,0.011941484296250455,0.0,0.0,0.0419014955622823,0.0,0.011585650706480053,0.03542610630060642
s12M2222,0.0,0.0,0.0,0.10741521393150197,0.0,0.00046117287195610756,0.0003683333636770138,0.5018010597624962,0.0,0.011249860854402141,0.01889270532693786,0.1687295690797468,0.0,0.0044439505289664205,0.039668754108244796,0.0,0.0,0.0,0.021115665997271407,0.0003153151428743394,0.0,0.013562289766808832,0.0,0.0,0.04846009994805294,0.0,0.008861597247222614,0.054654412069840536
s13M2222,0.19158179439676382,0.0,0.0,0.062057514039393975,0.0,0.0,0.002524674355762786,0.20657484751991734,0.0,0.0,0.0,0.06829961182723869,0.0009093098922854485,0.02426897643686653,0.25539533285573096,0.0,0.0,0.0,0.054582359194518024,0.00048086689522268156,0.0,0.0,0.0,0.0,0.128371457019521,0.0,0.0,0.004953255566778637
s15M2222,0.30004748086804256,0.0,0.001164023329405966,0.009456532720758222,0.01859671907946002,0.0027545934082647185,0.010903069116583971,0.15780198825610547,0.0,0.08816992497978862,0.037495599093289596,0.0,0.0,0.12412440860294795,0.053565669965336286,0.05426424021571629,0.0,0.021339047020956067,0.0,0.0,0.0,0.0,0.0,0.0,0.08277546480809703,0.008678490207599487,0.0,0.028862748327647816
s01X2222,0.48762685611393464,0.0,0.0,0.0,0.015052059264589452,0.033578002201525035,0.0,0.005513867877822558,0.009389597964469528,0.029817716406527642,0.016372261802300395,0.0,0.0,0.24366324403365838,0.048958419714708615,0.002641590422891604,0.0006747415558183707,0.05992693528341437,0.0,0.0,0.0,0.0,0.006119415955195226,0.00857484499538336,0.0,0.03209044640776085,0.0,0.0
s02T2222,0.5017591167132223,0.0,0.0,0.0,0.002558039854517723,0.012400663808200875,0.0,0.0034089937363265257,0.001924438162249995,0.03185205689582845,0.000530343052290292,0.002349944727191646,0.0,0.24115664774910064,0.010507109581717295,0.03773693342595126,0.0,0.07150480280001734,0.0025647177675862127,0.0,0.0038622704339929216,0.0,0.026368226876067612,0.0,0.0,0.04951569441573877,0.0,0.0
s03T2222,0.554806789880337,0.0,0.0,0.0,0.003697683873791852,0.0067012932012394276,0.0,0.003193896200641305,0.0,0.015562634448837175,0.0,0.002355137481134775,0.0,0.22057483244129875,0.010838243703330551,0.022671786854629148,0.000965121761265376,0.05077727268285996,0.047701212081174796,0.0,0.0,0.0,0.009320845242880993,0.0,0.0,0.049912289610573035,0.0,0.0009209605360059127
s04T2222,0.6308315935280994,0.0,0.0,0.0,0.007464562237081442,0.022333844668036406,0.0,0.005231293287800665,0.0032380637573016457,0.04419065886112052,0.0,0.0,0.0,0.0917623404948181,0.0029960915724142477,0.05891621296337896,0.0002082289676636487,0.05560326329494605,0.012425769789044755,0.0,0.013917181377480749,0.0,0.02041706357850152,0.0,0.0,0.028325012854595114,0.0,0.0021388187677170182
s05T2222,0.5874625422899832,0.0,0.0,0.0,0.018196290185924245,0.03307037605540463,0.0,0.0022184478065939836,0.004369473437055566,0.0515585035272558,0.0006585263045898803,0.0,0.0,0.07993451014254473,0.006524054821310975,0.10492717587582862,0.0007235365112886191,0.07876633439687193,0.0,0.0,0.0,0.0,0.007168275389878249,0.0,0.0,0.024421953255469517,0.0,0.0
s06T2222,0.650771698754941,0.0,6.774856632281552e-05,3.7599762726381745e-05,0.019768419940606824,0.027809030797092685,0.0,0.004334907531121319,0.0016526087250259272,0.042858854411298726,0.00027401839190835316,0.0,0.0,0.05085883382316875,0.0,0.08324197031112335,0.00011036910235383897,0.06122834999023839,0.004182165558814913,0.0,0.020509244618462097,0.0,0.013643497082403757,0.0,0.0,0.016260373107603577,0.0,0.002390309524787494
s07T2222,0.4802975325129214,0.0,8.604173611276438e-05,0.0,0.006112544580205496,0.0530869809749389,0.0,0.002191829646536787,0.007030631278546219,0.0732453513848354,8.309822640819832e-05,0.0,0.0,0.12369784083214047,0.014295695168740451,0.07904131006000095,0.0003724839081978478,0.11419664792088476,0.002650788732721353,0.0,0.0,0.0,0.008385458702964315,0.0,0.0,0.03383288138702373,0.0,0.0013928829468208698
s08T2222,0.0,0.0,0.0,0.09077320370109539,0.0,0.0,0.0,0.0,0.0,0.0,0.0,0.17269508546920298,0.0,0.0,0.0065576500868648815,0.0,0.0,0.0,0.0,0.0,0.0,0.0002589448260662616,0.012502941092014188,0.0,0.002772876300534819,0.0,0.019102664370164862,0.6953366341540567
s09T2222,0.1976725683602442,0.0,0.0,0.11120022180534805,0.0,0.0,0.0,0.19053808902303443,0.0,0.0,0.0,0.13803875842869662,0.0,0.0018756368202187336,0.1733413483484411,0.0,0.0,0.0,0.04274407286118876,0.00041135685439818576,0.0,0.0015573999812846036,0.0,0.0,0.12759227379031518,0.00012069609771140735,0.0,0.01490757762911877
s10T2222,0.24689480877210532,0.0,0.0,0.09292969373703555,0.0,0.0,0.0017337416644939792,0.19135119881821727,0.0,0.0,0.01457450630958927,0.04067626795441343,0.0008895818476687296,0.01682996849143325,0.11375984636379242,0.0,0.0,0.0,0.0016485600279004795,0.00023903903075489123,0.0,0.0,0.0,0.0,0.25510083190833976,0.0,0.0010560988464075208,0.022315856227847996
s11T2222,0.2569213898188072,0.0,0.0,0.14319506023244988,0.0,0.0,0.0,0.05490544580562373,0.0,0.0,0.0,0.10311339094636178,0.0005054618180675699,0.0,0.3739088384585558,0.0,0.0,0.0,0.00548820026984322,0.0002199171850562891,0.0,0.00044107829912716636,0.011333982242245893,0.0,0.03532607053176043,0.0,0.0,0.014641164392101039
s12T2222,0.209732838963013,0.0,0.0,0.07287244639994057,0.0,0.0,0.0,0.17681369136660702,0.0,0.0036951008458756653,0.0,0.07216374431105084,0.0,0.0,0.42097761799749184,0.0,0.0,0.0,0.009410256214057904,0.0,0.0,0.0014447139779019409,5.203632133971177e-06,0.0,0.014338127422971518,0.0,0.0027492910256665683,0.015796967843288913
s13T2222,0.2554712285315501,0.0,0.0,0.09017688883760241,0.0,0.0,0.0,0.12696220967195487,0.0,0.0034100551564031157,0.0,0.07423877230870583,0.00025843415449220954,0.0,0.3677510380355241,0.0,0.0,0.0,0.011421199138797833,0.0,0.0,0.000653386167280996,0.006236840477956173,0.0,0.04975650575916774,0.0,0.0004045699750125476,0.013258871785552033
s14T2222,0.2712532457695668,0.0,0.0003173790200550217,0.02939986237003495,0.004971778553367005,0.001108497271673683,0.008962050313658695,0.0888820911633059,0.0,0.019680784904092512,0.010884261540959717,0.0,0.0,0.1599138372226586,0.05510356826704558,0.023734264168000195,0.0,0.0,0.24652432567722835,0.0,0.0,0.0,0.0007518451946456762,0.0,0.053800559371246566,0.020786746581232272,0.0,0.003924902611228644
s15T2222,0.1161271686319579,0.0,0.0017117440210895397,0.051758392760708545,0.0,0.0,0.003009599341890537,0.5126013447861537,0.0,0.10635388055494176,0.026807014168383266,0.0,0.0,0.005746298667080767,0.08873203574743417,0.0,0.0,0.0,0.0,0.0,0.0,0.0,0.0,0.0,0.010039264343764072,0.0,0.00623427011305181,0.070878986863544
s02M2322,0.23836821919929463,0.0,0.0,0.0,0.0,0.0018878172396535244,0.0,0.0011963229677876299,0.004176736368587767,0.03955470361635229,0.0,0.0,0.0,0.36810934236363285,0.01348306576428599,0.0005968619210595586,0.0,0.22495643145566352,0.0,0.0,0.0,0.0,0.0,0.0,0.0,0.10767049910368229,0.0,0.0
s03M2322,0.6098077712827588,0.0,0.0,0.0,0.0,0.016741290878994963,0.0,0.005051346624749821,0.008001628740797202,0.0223066820503729,0.0,0.0,0.0,0.11689037212746121,0.016102618536852836,0.011502073439820248,0.0,0.14269289404555205,0.0007989127485070278,0.0,0.0,0.0,0.0,0.0,0.0,0.050104409524133,0.0,0.0
s04M2322,0.20002211383105928,0.0,0.0,0.0,0.0,0.00034088892239823545,0.0,0.000568828700869544,0.0029946243670381833,0.031429756978443246,0.0,0.0008510642924231332,0.0,0.3871808355821029,0.013508291055496432,0.0,0.0,0.174002630112725,0.0,0.0,0.0,0.0,0.0,0.0003801436024528416,0.0,0.1887208225549912,0.0,0.0
s05M2322,0.5240400564813879,0.0,0.0,0.0,0.0043675222676009375,0.017882051639829612,0.0,0.0044686351625583065,0.002317410153679386,0.040234373582139535,0.0,0.0,0.0,0.14229195890842755,0.004019079972870777,0.05598954799569157,0.0,0.16423500983392733,0.0,0.0,0.0,0.0,0.002898436396380007,0.0,0.0,0.03725591760550697,0.0,0.0
s06M2322,0.6229901147871486,0.0,0.00010860640078564893,0.0,0.0,0.0033976466825776618,0.0,0.004637174712126848,0.0,0.008245535402058456,0.001045696463615105,0.0,0.0,0.1363667880395451,0.0,0.007029197472304131,0.0,0.06839460994731457,0.0,0.0,0.08853265565939097,0.0,0.009917134821970533,0.0,0.0,0.047824356105331395,0.0,0.0015104835058309455
s07M2322,0.26624362666120227,0.0,0.0,0.0,0.0,0.0,0.0,0.004032127327209056,0.0025087683988901416,0.0,0.0,0.0031947056569726334,0.0,0.5877060552859739,0.013186674920106407,0.0,0.0,0.0,0.0,0.0,0.0,0.0,0.0,0.0,0.00020845921546020234,0.1229195825341855,0.0,0.0
s08M2322,0.0,0.0,0.0,0.024642595155556307,0.0,0.0,0.0,0.011888839179416815,0.0,0.0,0.0,0.5091871296691696,0.0,0.0,0.10722327739127109,0.0,0.0,0.0,0.0,0.0,0.0,0.005356396233350897,0.0,0.0,0.02092112513850327,0.0,0.0,0.32078063723273204
s09M2322,0.0,0.0,0.0011175116029229595,0.11221866474354068,0.0,0.0,0.0,0.1273050439385331,0.14530166735669714,0.0,0.04216651040658476,0.0,0.0,0.0,0.44213168146611065,0.0,0.0,0.0,0.0,0.0,0.0,0.013636388127830587,0.0,0.08837280068560432,0.024616968246419936,0.0,0.0,0.003132763425755814
s10M2322,0.01947044884877479,0.0,0.0,0.13902031621569486,0.0,0.0,0.0,0.10590773330826339,0.046127147692838835,0.00026231830585694697,0.02866804052838372,0.038483970580216915,0.0,0.0005634608449195354,0.42393673450214836,0.0,0.0,0.0,0.09804755585575856,0.0,0.0,0.006575377997233447,0.028140200119991344,0.03404926964970658,0.024773368875555125,0.0,0.0,0.005974056674657561
s11M2322,0.0,0.0,0.0009033366458240079,0.14761749395440918,0.0,0.00012972974509137313,0.0,0.11243570660724204,0.043040854054073104,0.004284977959680603,0.09555600421858389,0.0,0.0,0.0,0.5259797188239763,0.0,0.0,0.0,0.00989023670896391,0.0,0.0,0.008313084927584018,0.0,0.03493182841034581,0.0151460081704887,0.0,0.0,0.0017710197737370657
s12M2322,0.03283409149616392,0.0,0.0,0.14707367433259283,0.0,0.0,0.0,0.10394008477657857,0.03503777732767457,0.0,0.04608102746402236,0.012102092677045434,0.0,0.0,0.5902686377434412,0.0,0.0,0.0,0.0,0.0,0.0,0.005383751395700058,0.0,0.007872262566356179,0.014297954692311989,0.0,0.0,0.005108645528112956
s13M2322,0.05932636869294286,0.0,0.0,0.1436883843469915,0.0,0.0,0.0,0.06371787947714302,0.03394920320083224,0.0,0.039213404622542844,0.02549267902246504,0.0,0.0,0.5646164789069592,0.0,0.0,0.0,0.0,0.0,0.0,0.005672107167778804,0.03540349665722738,0.010282935383594455,0.013906926336596764,0.0,0.0,0.004730136184925901
s14M2322,0.05363495402527692,0.0,0.0005743751521678579,0.13431691779013952,0.0,0.002717008402223343,0.0,0.28820825460366745,0.00787243586888059,0.00740746921318706,0.08178318127539383,0.0,0.0,0.0021637529896512864,0.3759721229048214,0.0013057091594320112,0.0,0.0,0.0,0.0,0.0,0.0,0.030899122731327028,0.0,0.0002902563946721865,0.0,0.0,0.012854439489159479
s15M2322,0.15495006925665752,0.0,0.0006735827967100249,0.06235104706598524,0.0,0.004052219658654227,0.0,0.1778637973558521,0.0,0.029657059057085114,0.10327445274730977,0.0,0.0,0.004609342868276561,0.23595897142677447,0.0,0.0,0.0,0.16608971964664637,0.0,0.0,0.0,0.04984876550012088,0.0,0.0,0.0,0.0,0.010670972619927749
s02T2322,0.585560738061669,0.0,0.0,0.0,0.0,0.0022424273061427726,0.0,0.0,0.007079697366635017,0.0,0.0,0.0,0.0003835857374476933,0.2212403376022566,0.0,0.004911233779155716,0.017569022467904018,0.08810057973820057,0.0,0.0,0.0,0.0,0.03305994520639401,0.0,0.0,0.03176770727516992,0.0,0.008084725459024757
s03T2322,0.7766692436100895,0.0,0.0,0.0,0.0,0.006399510333957288,0.0,0.0,0.0,0.0028536238408495606,0.0,0.0,0.0022717314724287375,0.05784956617505118,0.002765863491131935,0.002022681689486873,0.0,0.08349570256987555,0.003568105939574708,0.0,0.0,0.0,0.04688515967718131,0.0,0.0,0.015218811200373593,0.0,0.0
s04T2322,0.757728732458117,0.0,0.0,0.0,0.0,0.009113187797326205,0.0,0.007438380215250431,0.0,0.0,0.0,0.0,0.0,0.04212201483958684,0.04480203649501475,0.05065139154917093,0.0,0.05381406191162215,0.007019191960561075,0.0,0.0,0.0,0.0,0.0,0.0,0.02731100277335066,0.0,0.0
s05T2322,0.7560948055836406,0.0,0.0,0.0,0.0038992334105282,0.018143777457343226,0.0,0.0,0.0,0.008315504168153624,0.0,0.0,0.0,0.050408202725352826,0.0,0.019295373735591814,0.0,0.09953513280264006,0.0014817646212242812,0.0,0.0,0.0,0.028125447501750566,0.0,0.0,0.01470075799377478,0.0,0.0
s06T2322,0.7422549293815902,0.0,0.0,0.0,0.0028726128275501626,0.01701641179221924,0.0,0.010127526593751697,0.0,0.007486125828121462,0.0016213418440105592,0.0,0.0,0.06673511691528376,0.0,0.014232562485275635,0.0,0.05920137659446694,0.023067663630747616,0.0,0.012818398058248293,0.0,0.027558511265208186,0.0,0.0,0.015007422783526151,0.0,0.0
s07T2322,0.6002751245077491,0.0,0.0,0.0,0.0,0.0019349323432623297,0.0,0.003207497126692787,0.0,0.00016854490937114,0.0014650466733107147,0.000784576935111792,0.0,0.2830867910512394,0.01767831868184255,0.0,0.0,0.029597535325634926,0.0032358433340062723,0.0,0.0,0.0,0.0,0.0,0.0,0.05856578911177895,0.0,0.0
s08T2322,0.0,0.08732679623231514,0.0,0.0,0.0,0.0,0.0,0.004426771765545438,0.0,0.0,0.0,0.16383947562312165,0.0,0.0,0.029327909687809024,0.0,0.0,0.0005221198845005175,0.0,0.0,0.0,0.0008101002838704199,0.0034014374291580626,0.0,0.00604528284506343,0.0,0.0,0.7043001062486164
s09T2322,0.0,0.0,0.0006883391504704407,0.11655048016164948,0.0,0.0,0.0,0.4125059127719551,0.014120165290732232,0.0006215778175409516,0.007720501029178979,0.0,0.0,0.0,0.3826708896121968,0.0,0.0,0.0,0.0,0.0,0.0,0.00026296424761827606,0.042322764055180866,0.022171743244654568,0.0003646626188222567,0.0,0.0,0.0
s10T2322,0.0,0.0,0.0014524456318576805,0.15679867706124206,0.0,0.0,0.0,0.35534804145686644,0.014415106152332102,0.0020211067653009935,0.025950177064213854,0.0,0.0,0.0,0.4021961324001091,0.0,0.0,0.0,0.0,0.0,0.0,0.0,0.04139133862193207,0.0,0.0,0.0,0.0,0.0004269748461457219
s11T2322,0.0,0.0013349116558756694,0.0,0.16342070235948364,0.0,0.0,0.0,0.28066729426672377,0.003382923066837085,0.0018572460881214684,0.009734295077739008,0.03876793378437157,0.0,0.0,0.4597342365918665,0.0,0.0,0.0,0.0,0.0,0.0,0.0,0.026095453856607144,0.0,0.002253666776760226,0.0,0.0,0.012751336475613908
s12T2322,0.0,0.0,0.0020622489633940924,0.147885559093892,0.0,0.0,0.0,0.5434165681010414,0.011881599951481683,0.0338872623450317,0.011431517288248084,0.0,0.0,0.0,0.21142039201426588,0.0,0.0,0.0,0.0,0.0,0.0,0.0,0.028685831295222022,0.0,0.0,0.0,0.0,0.009329020947423125
s13T2322,0.0,0.0,0.00023222266282416925,0.2350234568651633,0.0,0.0,0.0,0.09849216292281178,0.014719974210321682,0.0007587225373083625,0.03257604197644894,0.0,0.0,0.0,0.5383204667049429,0.0,0.0,0.0,0.0,0.0,0.0,0.0,0.046299298156203546,0.027918033999529062,0.004863364386162723,0.0,0.0,0.0007962555782835382
s14T2322,0.0,0.0,0.0010017517115814823,0.09749308917432338,0.0,0.0,0.0,0.23096476291072404,0.007261915249330757,0.009078771392594354,0.05297921208294356,0.0,0.0,0.0,0.5057439040864357,0.0,0.0,0.0,0.0,0.0,0.0,0.0,0.09547659339206689,0.0,0.0,0.0,0.0,0.0
s15T2322,0.42327765900829806,0.0,0.0006373552090744804,0.009623783286145233,0.004031221868022834,0.00702203623945477,0.0,0.08316061401679982,0.0,0.028935938855398025,0.011035812623287563,0.0,0.0,0.09829532944150243,0.06544178310428883,0.010395563746434884,0.0,0.05673987571212914,0.14843388869182358,0.0,0.0,0.0,0.006636035198855662,0.0,0.0,0.02908931381922205,0.0,0.017243789179262548
s02M2422,0.5345555692961628,0.0,0.0,0.0,0.0,0.3710442134081199,0.0,0.0,0.0014307243491763029,0.02410586166040103,0.010108920344152082,0.0,0.004798491574167555,0.05205947974302782,5.721028936842522e-05,0.0,0.0011761381653108977,0.0,0.0,0.0,0.0,0.0006633911701132265,0.0,0.0,0.0,0.0,0.0,0.0
s03M2422,0.5722986094335037,0.0,0.0,0.0,0.0,0.2739092253216506,0.0,0.00024981326608985977,0.004010030648281873,0.032987434501100976,0.007025084211053456,0.0,0.0,0.035858899946980945,0.030091066804957312,0.0,0.004050096458791177,0.0,0.01514862356430457,0.0,0.02027297313962007,0.0,0.0,0.0,0.0004195768146937635,0.003678565888971652,0.0,0.0
s04M2422,0.0,0.0,0.0,0.0,0.0,0.8446409333450686,0.0,0.0,0.0,0.1477898121425783,0.0,0.0,0.005096388630095636,0.0,0.0,0.0012218800877836905,0.0010183091148310052,0.0,0.0,0.0,0.0,0.0,0.0,0.00023267667964281123,0.0,0.0,0.0,0.0
s05M2422,0.6192206953296786,0.0,0.0,0.0,0.0,0.12684015929780862,0.0,0.00046592461592763967,0.0,0.1476660650499045,0.0,0.0,0.0,0.031874096589689434,0.0,0.021143409794747724,0.0,0.022969319561794713,0.005151473644562187,0.0,0.0037107334831444944,0.00027814562859646095,0.020037652010596603,0.0,0.0,0.0006423249935488851,0.0,0.0
s06M2422,0.3667238200832677,0.0,0.0,0.0,0.0,0.47660634596809565,0.0,0.0,0.0,0.0970371106753305,0.0,0.0,0.0,0.013573255386012967,0.0,0.0216818849525493,0.00020016456899162743,0.0,0.0,0.0,0.024177418365752212,0.0,0.0,0.0,0.0,0.0,0.0,0.0
s07M2422,0.6144166498579734,0.0,0.0,0.0,0.0,0.1670378684777632,0.0,0.00035575641415890773,0.0,0.05459275921749722,0.0,0.0,0.0,0.07149432104147832,0.005648586967372645,0.0342662146030646,0.0,0.014557798876115175,0.0,0.0,0.025243149040404107,0.00024573048219378826,0.0,0.0,0.002634418541735258,0.00950674648024323,0.0,0.0
s08M2422,0.0,0.0,0.0,0.0336946120319086,0.0,0.0,0.0,0.005514781197478987,0.0,0.0,0.0,0.3197962790199952,0.0,0.0,0.06114425837719441,0.0,0.0,0.0,0.0,0.0,0.0,0.00296870141849835,0.0,0.0,0.012840409342288915,0.0,0.0,0.5640409586126356
s09M2422,0.0,0.0,0.0,0.07536382560343483,0.0,0.0,0.0,0.07032287893793202,0.002418263337022944,0.0,0.0013122611974855157,0.060821547876414014,0.0,0.0,0.6841497025719019,0.0,0.0,0.0,0.0,0.0,0.0,0.011112859260018303,0.0,0.02124374734420596,0.06379173965648129,0.0,0.0,0.009463174215103336
s10M2422,0.024534502135071825,0.0,0.00020394032961270383,0.2138390807154631,0.0,0.0003109161457164319,0.0,0.059565378776851925,0.0,0.0005816366675664363,0.037068433781693694,0.0,0.0,0.0005770324601752661,0.5073881206891668,0.0,0.0,0.0,0.0,0.0,0.0,0.0037816747087906877,0.03726330973732924,0.03395952109517202,0.08092645275738983,0.0,0.0,0.0
s11M2422,0.029135862932801,0.0,3.64701780399903e-05,0.11256604125639767,0.0,4.546551951868368e-05,0.0,0.06138418949060835,0.0006091469726022414,0.0023479565079250523,0.014962185834315998,0.0,0.0,0.005219317458419313,0.6163444321562469,0.0005471940965818828,0.0,0.0,0.0047923443189752755,0.0,0.0,0.0046021211825827395,0.06486780173343369,0.033402405809868335,0.04868708435026351,0.0,0.0,0.0004499802014193085
s12M2422,0.10452781587079396,0.0,6.903095769553375e-05,0.10805477912472404,0.0,0.004824686782234359,0.0,0.06732511215671658,0.0,0.011370408892475925,0.02173493208031316,0.0,0.0,0.0030540594006901413,0.5373201461184927,0.0,0.0,0.0,0.02143143651328839,0.0,0.0,0.0,0.057280557588855106,0.03181511091271932,0.023127504434441323,0.0,0.0,0.008064419166559486
s13M2422,0.11069742476284962,0.0,0.0008540173371359757,0.1355512339591991,0.021506911500542927,0.00946412629133427,0.0,0.07366375104780651,0.0,0.021904649113733438,0.04066720150689567,0.0,0.0,0.0,0.47845733852137984,0.0,0.0,0.0,0.0,0.0,0.0,0.00012636844487167473,0.044964632834403814,0.03862517782466751,0.01938647368091543,0.0,3.1240209661961e-05,0.004099452964602039
s14M2422,0.08437978963900804,0.0,0.001264153926683814,0.2004949947862296,0.0,0.007441916777775998,0.0,0.1306819331411029,0.0,0.06025178200046254,0.0630956062198519,0.0,0.0,0.0006612964053514094,0.39592835886780364,0.0,0.0,0.0,0.0,0.0,0.0,0.0,0.043686651517797034,0.007408270298515797,0.0,0.0,0.0,0.004705246419417306
s15M2422,0.5129678132968865,0.0,0.0005044918136153505,0.021080964592663093,0.0,0.09279566395131139,0.0,0.0240669706241612,0.0,0.0895525661777119,0.007228468388141965,0.0,0.0,0.06756720463681393,0.051419192571048176,0.02823285154321486,0.0,0.03674920043359399,0.00448170542586622,0.0,0.0,0.0,0.031386475273301274,0.0,0.0028976735745057966,0.00962317690820287,0.0,0.019445580788961386
s01X2422,0.06750726021422696,0.0,0.0003768184135902055,0.0,0.0,0.4756076801725133,0.0,0.04039585598037419,0.0,0.3052137296047815,0.00882294467309291,0.0,0.0,0.0019625114310184264,0.04568489106330122,0.0,0.0,0.027354173646194295,0.0,0.0,0.0,0.0,0.027074134800907108,0.0,0.0,0.0,0.0,0.0
s02T2422,0.0,0.0,0.0,0.0,0.0,0.44931376785388044,0.0,0.04635704478640355,0.0,0.4488327928232019,0.0,0.0,0.0,0.009107403598431896,0.04548365947153326,0.0,0.0009053314665489702,0.0,0.0,0.0,0.0,0.0,0.0,0.0,0.0,0.0,0.0,0.0
s03T2422,0.23317316106308328,0.0,0.0,0.0,0.07565870402422535,0.14763914539416068,0.0,0.030126561719505365,0.0,0.2842764441628364,0.012558921814191902,0.0,0.0,0.0,0.10860821720547413,0.0,0.0002291115915168959,0.0,0.0,0.0,0.0,0.0,0.10772973302500614,0.0,0.0,0.0,0.0,0.0
s04T2422,0.29112179849993486,0.0,0.00021080528021222194,0.0,0.015283685114936755,0.17479823659865326,0.0,0.0035521995175493938,0.0,0.334921625393055,0.021148946863809047,0.0,0.0,0.014821723573716316,0.027170224991718298,0.012162106443016622,0.0,0.038768355753799784,0.0,0.000144662734868715,0.0,0.0,0.06426710384308057,0.0,0.0,0.0,0.0,0.0016285253916491923
s05T2422,0.0,0.0,0.0,0.0,0.0,0.4459506974515534,0.0,0.00593282837151385,0.0,0.5155085232042178,0.014104452931660351,0.0,0.0,0.0,0.009136716581774586,0.0006272038399254112,0.0,0.0,0.008524465104779678,0.0,0.0,0.00021511251457493404,0.0,0.0,0.0,0.0,0.0,0.0
s06T2422,0.6138388051852333,0.0,0.00013451592066067672,0.0,0.03751793716813396,0.12594720635536347,0.0,0.003753436047424177,0.0,0.12468545042404734,0.011164292028085934,0.0,0.0,0.0115310449228299,0.0,0.024285848928519607,0.0,0.008250569267373924,0.009811803498122199,0.0,0.004425647408476159,0.0,0.02107893806443031,0.0,0.0019019404196664463,0.0,0.0,0.0016725643616327893
s07T2422,0.6226057824884725,0.0,0.00022810359504070137,0.007298879041254287,0.017186544280148413,0.10906618367469957,0.0,0.005120988443956669,0.0,0.02920717737085157,0.004512791017357959,0.0,0.002063110542270758,0.0738030536787756,0.03555059120286191,0.03936102445789554,0.0,0.0028919224409775946,0.006757176594157849,0.0,0.013346528606888104,0.0,0.016033374599709736,0.0,0.006275257519608088,0.002584671901162936,0.0,0.0061068385439100115
s08T2422,0.0,0.0,0.0,0.12515502338449624,0.0,0.0,0.0,0.0,0.0,0.0,0.0,0.20919627928779885,0.0,0.0,0.022809472339468572,0.0,0.0,0.0,0.0,0.0,0.0,0.0005676415446464829,0.0,0.0,0.005579551186488809,0.0,0.0,0.636692032257101
s09T2422,0.0,0.0,0.0,0.026405602823955952,0.0,0.0,0.0,0.025264697994650042,0.0,0.0,0.0,0.1030946125561588,0.0,0.0,0.7355250004218243,0.0,0.0,0.0,0.0,0.0,0.0,0.013935977164415414,0.0,0.007712404382790121,0.07180832002469838,0.0,0.0,0.016253384631506978
s10T2422,0.04351718719032436,0.0,0.00032411684170006213,0.058796190910587666,0.0,0.001983315564225313,0.0,0.012919786831936118,0.0,0.0009959725160603534,0.017858678853464784,0.0,0.0,0.001170378024523105,0.6777999151992464,0.0,0.0,0.0,0.0,0.0,0.0,0.01587465069964082,0.0,0.03941341241493329,0.1253190931538893,0.0,0.0,0.004027301799468402
s11T2422,0.002763685001569656,0.0,0.00010971903288206846,0.09614187956534699,0.0,0.0,0.0,0.015340320689569092,0.0,0.0,0.01651837772930624,0.0,0.0,0.0,0.5924486514919579,0.0,0.0,0.0,0.0,0.0,0.0,0.003827925197796495,0.040433622868183604,0.0386643026329653,0.19375151579042266,0.0,0.0,0.0
s12T2422,0.08809544376020899,0.0,0.0003027012264105506,0.1410917388143344,0.0032623399079983293,0.004602800965069798,0.0010020196430192197,0.023135200212750326,0.0,0.0046764786803958815,0.030084372549784917,0.0,0.0,0.011124272405774764,0.49335166647299467,0.0,0.0,0.0,0.003995171080937459,0.0,0.0,0.002976840352348567,0.04956262198912521,0.028113363669475065,0.1095425834710487,0.0,0.0,0.005080384798323026
s13T2422,0.011367505287592729,0.0,0.0,0.10492235027257574,0.0,0.0023852456316183403,0.0,0.017258610227003316,0.0,0.002170865620737792,0.02950985106900671,0.0,0.0,0.0030299996632010364,0.5552647494112319,0.0,0.0,0.0,0.0,0.0,0.0,0.004523347876800782,0.052815617250749194,0.04595222215529309,0.1707996355341893,0.0,0.0,0.0
s14T2422,0.2353793340368911,0.0,0.00132511402252336,0.11675152601862322,0.038702692895839094,0.0233526681872537,0.0,0.06696302602930547,0.0,0.057085303022881326,0.06694350740266367,0.0,0.0,0.010664200969939253,0.2768528969607264,0.0,0.0,0.0033627361510262404,0.0,0.0,0.0,0.0,0.06369490835044393,0.009264616155084567,0.006198864423274721,0.0,0.0,0.02345860537352404
s15T2422,0.1696501747460471,0.0,0.0013219406490151697,0.06711155606683587,0.027583476472064154,0.07448026758128977,0.003186909352072222,0.049792273033731446,0.0,0.11228269974889309,0.044256605127052345,0.0,0.0,0.036292437735564315,0.18102765833471748,0.0,0.0,0.06755428156291585,0.011896816613814485,0.0,0.0,0.0,0.06170428680744718,0.007885696472867954,0.043828101173653225,0.0010561574789850867,0.009938132811143325,0.029150528231889745
s02M2522,0.336320980021439,0.0,0.0,0.0,0.045115992022057676,0.1132642334068354,0.0,0.008796454054023406,0.016091088637675388,0.08810028196132656,0.0040548218502693386,0.0,0.0,0.10779062387791624,0.03721776560919621,0.0,0.017541842589129563,0.12036301771263434,0.0,0.0,0.0,0.0,0.05292389525286793,0.00043007809802042833,0.0015840897643508442,0.03334794130341007,0.0,0.01705689383884749
s03M2522,0.41498963661652005,0.0,0.0005546990380876835,0.0,0.04974798165559266,0.17547281336002205,0.0,0.01411476313116342,0.0050253518742940755,0.03611043872798831,0.002374251757742283,0.0,0.0,0.07733571718829824,0.032360642891349004,0.0,0.0,0.11816563896186538,0.0,0.0,0.0,0.0,0.04406595675469105,0.00048194936366330494,0.0,0.01984810340937963,0.0,0.009352055269342758
s04M2522,0.49609547066485726,0.0,0.00021672450576111035,0.0,0.13967675605456323,0.09630079029425265,0.0,0.000954710037432198,0.0013088695334950789,0.058486344990323666,5.0559619518933e-05,0.0,0.0,0.048306976662765115,0.0,0.06522488372920074,0.0,0.03031978369242721,0.0,0.0,0.0,0.0,0.04218479680109576,0.0,0.0,0.018626769264456854,0.0,0.0022465641498501717
s05M2522,0.6059464277982791,0.0,0.000254865761647663,0.0,0.06818730898064035,0.055030890110063485,0.0,0.007198344977942481,0.0006842423179745115,0.025349832585057262,0.0018751954034436694,0.0,0.0,0.04700655563062914,0.011714221810070227,0.011360189357609973,0.0,0.05288954407017618,0.025851583351285064,0.0,0.0,0.0,0.057042252145712784,0.0,0.0,0.022918333540798082,0.0,0.006690212158670028
s06M2522,0.4895936539490163,0.0,0.000305269903767313,0.005927445606305385,0.06070969499862836,0.05989790317279448,0.0,0.006924085010011945,0.0006727742308038633,0.05107381606334576,0.007937705040328032,0.0,0.0,0.052460976954562706,0.023618859014673074,0.014782655697065009,0.0,0.11967449205863104,0.013648838939437974,0.0,0.0,0.0,0.07336401614066485,0.0,0.00041267780594303526,0.013480386875504536,0.0,0.005514748538516297
s07M2522,0.4464760811014741,0.0,0.00030918838686049525,0.025618857485800277,0.028168228485845683,0.02094910552217616,0.00014084373845151742,0.008676073712918182,0.0,0.0223172732841134,0.010959076000642616,0.001518623836318085,0.0,0.15087826699726906,0.03941313050447294,0.012597441390318556,0.0,0.06061020765919176,0.0,0.0,0.03550506456872606,0.0,0.04614731796229869,0.0,0.04174458327257598,0.041349660899232775,0.0,0.006620975191313488
s08M2522,0.0,0.0,0.0,0.08592625945560416,0.0,0.0,0.0,0.0,0.0,0.0,0.0,0.4599140617520331,0.0,0.0,0.055258847064929326,0.0,0.0,0.0,0.007435020088515637,0.0,0.0,0.0021870955648182963,0.0,0.0,0.007805118857153134,0.0,0.03995104912286847,0.3415225480940779
s09M2522,0.0,0.0,0.0015089517295599018,0.09914955447644039,0.0,0.0,0.0,0.026132372466937694,0.00181276015944377,0.0030284377228374437,0.003300912477572453,0.0,0.0,0.0,0.7403021797110129,0.0007429508293965674,0.00018862132844713075,0.0,0.0,0.0,0.0,0.003928860553367163,0.013811759039684054,0.0,0.09640426706923341,0.0,0.0,0.009688372436067244
s10M2522,0.007290570021073946,0.000781280364698856,0.0007936882723928617,0.1415626517273271,0.0,0.0,0.0014975173589430785,0.016511319383246122,0.001518503969138452,0.0011273358392811074,0.0058052210379735,0.00522617325531838,0.0,0.0008499567845792121,0.6942987268217007,4.301868738173962e-06,0.0,0.0,0.0,0.0,0.0,0.0,0.025441765927745993,0.0,0.0972909873678425,0.0,0.0,0.0
s12M2522,0.0,0.0,0.0,0.26122074363502806,0.0,0.0,0.0,0.014448264856327931,0.004207381460754252,0.001731160942282472,0.0015026165834141317,0.0,0.0,0.0,0.6557493604655241,0.000600584407132748,0.0,0.0,0.0,0.0,0.0,0.0,0.004809353349139282,0.0,0.05573053430039696,0.0,0.0,0.0
s13M2522,0.0,0.0,0.0,0.13086411916886478,0.0,0.0,0.0,0.014380781385258336,0.002140299558079855,0.005598990898432959,0.002995951800750321,0.0,0.0,0.0,0.7813736920620158,0.0,0.0,0.0,0.0,0.0,0.0,0.0,0.02457202378416097,0.0,0.038074141342437,0.0,0.0,0.0
s14M2522,0.0,0.0,0.0,0.14967273272299952,0.0,0.0,0.0,0.01879891611132838,0.0,0.012850612736146655,0.03849412720921499,0.0,0.0,0.0016757130613573065,0.6545070155063866,0.0,0.0,0.0,0.0,0.0,0.0,0.0,0.12400088265256656,0.0,0.0,0.0,0.0,0.0
s15M2522,0.1457436682132253,0.0,0.0,0.15175795047670254,0.03617297004179422,0.009569768036478658,0.020228459896101742,0.035183460948439084,0.0,0.04649605625213413,0.038562831253016225,0.0,0.0,0.07127835709961311,0.25603091714062975,0.0,0.0,0.01402798918457483,0.0,0.0,0.0,0.0,0.11726084642491155,0.0019341759642866234,0.04377997013723,0.011972578930862425,0.0,0.0
s01X2522,0.4199539078391156,0.0,6.120707944395671e-05,0.0,0.049388477257460865,0.14174933897545272,0.0,0.0037799269463412956,0.0,0.025954990735394007,0.0,0.00575425015839383,0.0,0.09716233808813171,0.028033385332305833,0.05727331494220718,0.0,0.1138291811612807,0.0,0.0,0.0,0.0,0.02412257121525852,0.0,0.0,0.03271109450239516,0.0,0.00022601576681846605
s02T2522,0.33962917549172245,0.0,0.0,0.0,0.07849578586501668,0.0832634452426575,0.0,0.008195357136794671,0.0,0.16807218223057122,0.005101128815076768,0.009608092637500378,0.0,0.07444110656796393,0.0132811421201066,0.011165676187176898,0.0,0.09921055453559978,0.0,0.0,0.0,0.0,0.08592612322066652,0.0,0.0,0.02361022994914682,0.0,0.0
s03T2522,0.0,0.0,0.0,0.0,0.06459465196715793,0.15134746704928279,0.0,0.01722312530695866,0.0,0.3236946424864899,0.026322920501503654,0.0,0.0,0.006830370471109228,0.03333911534674862,0.0,0.0,0.2560103978759638,0.0,0.0,0.0,0.0,0.11053476570431373,0.010102543290471631,0.0,0.0,0.0,0.0
s04T2522,0.25447215984350857,0.0,0.00038297915583222736,0.0,0.1363220074050793,0.1305478581187155,0.0,0.013083741792576459,0.0,0.29411649871210005,0.0,0.0,0.0,0.0,0.0,0.055404762355557,0.0,0.06351283881334006,0.0,0.0,0.0,0.0,0.04813030660646397,0.0,0.0,0.003378857519465564,0.0,0.0006479896773611625
s05T2522,0.20030299313322653,0.0,0.00035621964076768843,0.0,0.16519110352892796,0.09320595331366133,0.0,0.019447042283136113,0.0001460770271205202,0.23949569860277542,0.0007200448652609993,0.0,0.0,0.0,0.0,0.042185676270099746,0.0,0.1540626170464173,0.0,0.0,0.0,0.0,0.08155035874490492,0.0,0.0,0.0,0.0,0.0033362155437014758
s06T2522,0.4408853689307442,0.0,0.0005071664871292474,0.0,0.15695273988449399,0.0720293122049415,0.0,0.007453475403237683,0.0014105150786573064,0.1216536745869605,0.0,0.0,0.0,0.0,0.0,0.06861574641053866,0.0,0.056064620371947656,0.0,0.0,0.0,0.0,0.06069054560130714,0.0,0.0,0.0006701054260039723,0.0,0.01306672961403823
s07T2522,0.3686470788004651,0.0,0.00031785862121160914,0.00032290905077696013,0.08999262359851491,0.09002361453215965,0.0,0.007360835857331619,0.0008272098970719919,0.07871192017895133,0.002356868560310415,0.0,0.0,0.04012249713057113,0.02119075154231198,0.052745221476426,0.0,0.15822683609755578,0.0,0.0,0.0,0.0,0.07027681434246745,0.0,0.0,0.012262130063618431,0.0,0.006614830250255443
s08T2522,0.0,0.0,0.0,0.09001452306667661,0.0,0.0,0.0,0.0,0.0,0.0,0.0,0.12669437467583208,0.0,0.0,0.014273317328253661,0.0,0.0,0.0,0.0,0.0,0.0,0.00018221654982590658,0.0,0.0,0.002889322370839209,0.0,0.055943571894174975,0.7100026741143974
s09T2522,0.0,0.0,0.011151033441929567,0.07450394928203903,0.0,0.0,0.0,0.0032496877789416397,0.0,0.0,0.0,0.11772169192941669,0.0,0.0,0.6910770342333098,0.0,0.0,0.0,0.0,0.0,0.0,0.039173450416945,0.0,0.0,0.04042769417055875,0.0,0.0,0.022695458746859458
s10T2522,0.03888763754011202,0.0,0.00782586990083961,0.05251107422003752,0.0,0.0,0.0,0.002016200390116602,0.0,0.0,0.0,0.041017384184474544,0.0,0.0,0.732475306965225,0.0,0.0,0.0,0.0,0.0,0.0,0.03596742019895031,0.0,0.0,0.08871097011076208,0.0,0.0,0.0005881364894822222
s11T2522,0.06190270825551788,0.0,0.004021932647477513,0.10808288405400102,0.0,0.0,0.000559051329604423,0.001217865876240104,0.0003424845841331286,0.0,0.0,0.0164659986945461,0.0,0.0,0.6819569118172256,0.0,0.0,0.0,0.0,0.0,0.0,0.03496298108275109,0.0,0.0,0.09048718165850325,0.0,0.0,0.0
s12T2522,0.08987883485167597,0.0,0.0027120711390367755,0.1706925818681587,0.0,0.0,0.0072422458327678916,0.0,0.0,0.0002658576811949782,0.0014453736781396072,0.0,0.0,0.002399105555342157,0.5908164901457501,0.0,0.0,0.0,0.004552155263076782,0.0,0.0,0.028464159518834315,0.0,0.0,0.10053789334855763,0.0009932311174654692,0.0,0.0
s13T2522,0.041686478399700216,0.0,0.002501866460252045,0.19093991941707664,0.0,0.0,0.014619048924033477,0.0,0.0,0.0002724035174589617,0.002181952812398395,0.0,0.0,0.005828184899652988,0.6203153757398212,0.0,0.0,0.0,0.003809562350578562,0.0,0.0,0.027030680265613817,0.0,0.0,0.08979392709461069,0.0010206001188028942,0.0,0.0
s14T2522,0.0,0.0,0.0,0.2972068699598058,0.0,0.0,0.026554693826870986,0.009683070481855972,0.0,0.006435677228768008,0.02255822858058691,0.0,0.0,0.01126918958671826,0.5366885035706311,0.0,0.0,0.0,0.0006613900256469054,0.0,0.0,0.0,0.08473884611601368,0.0,0.004203530623102486,0.0,0.0,0.0
s15T2522,0.1752208481150134,0.0,0.0006746324491322545,0.07152273757015452,0.07694594874660199,0.01927870464845551,0.017408506705473132,0.022925255337261908,0.0,0.10618619782958298,0.02361254489111316,0.0,0.0,0.040020796987037435,0.16756269215783734,0.027224187988129398,0.0,0.10650749499771524,0.0,0.0,0.0,0.0,0.11691042055725516,0.0,0.00880333578727897,0.005114572081288891,0.005208518002891939,0.008872605147776675
s02M2622,0.540846907028282,0.0,0.0,0.0,0.08316343443234449,0.04371606909366283,0.0,0.0,0.0,0.002650425001030501,0.0,0.004560736041283095,0.0,0.0,0.014212505131939229,0.044117811371427014,0.0,0.13861775899038023,0.0,0.0,0.0,0.0,0.12316457802487452,0.0,0.0,0.0033752296251247055,0.0,0.0015745452596514712
s03M2622,0.18612038595028174,0.0,0.00018678064608432506,0.0,0.08445922082244953,0.22747964135401386,0.0,0.004234276598825504,0.0,0.02824722166889601,0.01277103118207652,0.0028545927561218613,0.0,0.08611216589372148,0.05013324942567352,0.0,0.0,0.19041723118565426,0.0,0.0,0.0,0.0,0.1096633827651321,0.004553338768846038,0.0,0.011347773005103342,0.0,0.0014197079771198222
s04M2622,0.502839650607236,0.0,0.00025106773012867876,0.001043190225142683,0.11680166673532764,0.08970161759564095,0.0,0.00544401774083197,0.0,0.03354209375913899,0.0,0.0,0.0,0.01914402801871618,0.012004227030488082,0.039183253017800956,0.0,0.08236605279735128,0.0,0.0,0.004496476375375033,0.0,0.07939946582617254,0.0,0.0,0.008935064658621813,0.0,0.004848127882027233
s05M2622,0.5025032556495558,0.0,0.0003589412782799811,0.005689556856558975,0.10470876252145989,0.06999947661772345,0.0,0.006924709499102454,0.0,0.03062356479922284,0.000525993255614539,0.0,0.0,0.023527620423078915,0.01674545666119523,0.008166347352045461,0.0,0.09791476053243361,0.0006481339350992868,0.0,0.007085575417167245,0.0,0.10447324330075447,0.0,0.0,0.010370569055314728,0.0,0.009734032845393202
s06M2622,0.39877381348002044,0.0,0.0005234570726673403,0.00476748229889999,0.1529898394182143,0.09812946327147193,0.0,0.010148649178942083,0.0,0.050783019095131596,0.0,0.0,0.0,0.0017091619755485515,0.030428943830331654,0.03153924325651921,0.0,0.08756235511951378,0.0,0.0,0.0,0.0,0.11493970663626432,0.0,0.0,0.003936590282007355,0.0,0.013768275084467471
s07M2622,0.49020429413970956,0.0,0.0,0.020824591754494425,0.0501497741449081,0.013218453615399896,0.013025668103446898,0.002218028142970657,0.0,0.0025613622066612855,0.004641832750572849,0.011335403908637402,0.0,0.11550426470173908,0.04575984464493567,0.004453080855977642,0.0,0.026482280694655372,0.0022517538355356892,0.0,0.043091393618766884,0.0,0.1149008624572344,0.0,0.008213445821569158,0.03098404011995057,0.0,0.0001796244828345691
s08M2622,0.0,0.0,0.0,0.1342153324782721,0.0,0.0,0.0,0.0,0.0,0.0,0.0,0.23488974668278537,0.0,0.0,0.0058263517694543045,0.0,0.0,0.0,0.0,0.0,0.0,0.0052850260221138845,0.0,0.0,0.009961679586710043,0.0,0.07966928922086329,0.5301525742398011
s09M2622,0.0,0.0,0.0040029153186415195,0.2672328407456745,0.0,5.8206230385498464e-05,0.008927664414973563,0.014080476202116278,0.0,0.004032751500589671,0.0009733565113189338,0.024974089196849795,0.0,0.0,0.511880158621287,0.0014276243332569756,0.0,0.0,0.0023215324754082755,0.0009357947916323605,0.0,0.06610239976148585,0.001870347893733296,0.035945966611308756,0.039105304752756156,0.00016985897462452103,0.000529464315132294,0.01542924734882472
s10M2622,0.020428107353760074,0.0,0.005545116490046993,0.21831941486575548,0.0,0.0008285005474691221,0.025246152071598537,0.012676229956384363,0.0,0.010800076743620988,0.0024397330748090655,0.0,0.0,0.0046297563856876785,0.5106154857132083,0.0022234202448433394,0.0,0.0,9.383524249539955e-05,0.0006384273419686124,0.0,0.031169358313711655,0.05551947452777128,0.0068910316114035,0.03216342213268738,0.0,0.0,0.05977245738277816
s11M2622,0.0,0.0,0.003587550528753153,0.3660020657697758,0.0,0.0,0.02499027764383318,0.003884819822840166,0.0,0.004154978848274079,0.003955136606329867,0.0,0.0,0.006098786262587301,0.4656880588292453,0.0012333598810673196,0.0007873416386480087,0.0,0.0,0.0008104164757111193,0.0,0.045547447236530925,0.030463429666292452,0.002559168487321718,0.03363908036497837,0.0,0.0,0.0065980819378112605
s12M2622,0.0,0.0,0.0012726916434398971,0.4749668353988764,0.0,0.0,0.03889067185890806,0.0,0.0,0.002864497069503594,0.00292075940318072,0.0,0.0,0.0051136730300599615,0.4198079679222562,0.0,0.0012510156407194754,0.0,0.0,0.0,0.0,0.01189284419000894,0.04034083966401278,0.0,0.00024111542782860815,0.0,0.0,0.00043708875120539127
s13M2622,0.0,0.0,0.0020445323131336145,0.519868764073524,0.0,0.0,0.0310345648307799,0.0,0.0,0.004953160341012323,0.005217927435657992,0.0,0.0,0.006919566176459256,0.3345126303785059,0.0,0.0005956273031521149,0.0,0.0,0.0008033843865382783,0.0,0.02955781950566955,0.04323256482509027,0.0,0.02125945843047682,0.0,0.0,0.0
s14M2622,0.0,0.0,0.0013750764262046738,0.421888618092725,0.0,0.0,0.05883845462965815,0.0,0.0,0.004717056226936547,0.017394453717430883,0.0,0.0,0.00833997106665565,0.4271480063944566,0.0,0.0004168370192419363,0.0,0.0,0.0,0.0,0.0031722153615445724,0.05615786425682993,0.0,0.0,0.0005514468083158248,0.0,0.0
s15M2622,0.04439531184879296,0.0,0.0008312798850864171,0.1413212597914217,0.005906991051279474,0.004288853051616297,0.1525748508546923,0.012048081881124635,0.0,0.03755270995794164,0.019056597255488875,0.0,0.0,0.10923059528006825,0.1702478880746816,0.0,0.0,0.06761295472440404,0.0,0.0,0.0,0.001134812822036616,0.17239932579798284,0.0,0.001823328833114522,0.04394392439563763,0.0,0.015631234494630327
s01X2622,0.5053335362029381,0.0,0.0,0.0,0.05181681251568896,0.012527219243044785,0.0,0.0,0.0,0.0,0.0,0.026161903692300897,0.0,0.1756686231703703,0.0,0.02453089635733628,0.0,0.03702330458402267,0.0,0.0,0.0,0.0,0.13964497429063683,0.0,0.0,0.025629962026307077,0.0,0.0016627679173541945
s02T2622,0.23947817031772872,0.0,0.0,0.0,0.052098310269908805,0.05555296158942859,0.0,0.0,0.0,0.0,0.0,0.02105043193253079,0.0,0.25636845228074867,0.0,0.03822102375041703,0.0,0.13574394872536483,0.0,0.0,0.0,0.0,0.04869704479171063,0.0,0.0,0.1527896563421619,0.0,0.0
s03T2622,0.40432368417344955,0.0,0.0,0.0,0.08878591427644088,0.09338229798092403,0.0,0.002792778906962971,0.0,0.001351111897136723,0.0,0.003603020120658872,0.0,0.06779612564452772,0.0016413140798956173,0.0,0.0,0.198413045794293,0.0,0.0,0.0,0.0,0.0982111395235227,0.0,0.0,0.03527410499542412,0.0,0.004425462606763828
s04T2622,0.5203957986561422,0.0,0.0,0.0003513358651898107,0.07536092754353166,0.009060237770625668,0.005011364863889974,0.0,0.0,0.0,0.0,0.0033986247624492563,0.0,0.1450042698186465,0.0,0.0006970872534164317,0.0,0.08068344355478699,0.0,0.0,0.0,0.0,0.07226342858634241,0.0,0.0,0.08435534877569856,0.0,0.003418132549280637
s05T2622,0.43537424668723756,0.0,0.00012455470453044917,0.001128195723405844,0.1248018696805864,0.0591424003650089,0.0,0.0,0.0,0.010969232388731955,0.0,0.0,0.0,0.02214816823991429,0.0,0.0060654366974886185,0.0,0.20267116674085592,0.0,0.0,0.02005010668209977,0.0,0.09977170865071748,0.0,0.0,0.015439332643133285,0.0,0.0023135807962895534
s06T2622,0.528856080990969,0.0,0.0004742290673102669,0.022825963681874534,0.09812705030637366,0.07721046639917482,0.0005223870757089061,0.0024483546876269504,0.0,0.007488651889611229,0.0011122613204962051,0.0,0.0,0.010827122750039015,0.017388373030194023,0.011036233406021967,0.0,0.07342105992911993,0.0,0.0,0.005637886909336186,0.0,0.12004768938868196,0.0,0.0,0.008011256454372818,0.0,0.014564932713088487
s07T2622,0.16098260665916833,0.0,0.0,0.06376185441482715,0.001899084444772017,0.002364394326879509,0.08130292764885681,0.002646118771518664,0.0,0.005833294701968282,0.00783393398445629,0.033304400606083306,0.0,0.323855030272979,0.04359642644419371,0.0,0.0,0.0,0.0,0.0,0.0,0.0,0.1369544702413924,0.0,0.0062549508207947165,0.12941050666210985,0.0,0.0
s08T2622,0.0,0.0,0.0,0.16922512574549298,0.0,0.0,0.0,0.0,0.0,0.0,0.0,0.07426339890095952,0.0,0.0,0.03264962270143068,0.0,0.0,0.0,0.0,0.0,0.0,0.0008353537937124821,0.0,0.0,0.0011847346855341626,0.0,0.0951711343945287,0.6266706297783414
s09T2622,0.0,0.0,0.003119691168369722,0.464207696189269,0.0,0.0,0.0,0.0,0.0,0.0007164299262529696,0.00253661758696553,0.021356283308452084,0.0,0.0002808806135942959,0.19322949180774704,0.0,0.0,0.0,0.0,0.0,0.0,0.2995509399746451,0.0,0.0,0.0,0.0,0.0,0.015001969424704328
s10T2622,0.0,0.0,0.006712508613772328,0.3375172774595415,0.0,0.0,0.0,0.0,0.0,0.0,0.00982440765140359,0.0,0.0,0.0,0.35487745790130065,0.0,0.00022060252259371635,0.0,0.0,0.0,0.0,0.2908477458513883,0.0,0.0,0.0,0.0,0.0,0.0
s11T2622,0.0,0.0,0.0052420440759845775,0.30113472559513704,0.0,0.0,0.0,0.0,0.0,0.0007157257407886628,0.0038312855681669174,0.0,0.0,0.0,0.31366935494683007,0.0,0.0011347518273809316,0.0,0.0,0.0,0.0,0.3702174739506832,0.0,0.0,0.0,0.0,0.0,0.004054638295028664
s12T2622,0.0,0.0,0.007717708423298161,0.32612369634013305,0.0,0.0,0.001247108458183435,0.0,0.0,0.0,0.005257679572889401,0.0,0.0,0.0010989082275972399,0.3863931555481804,0.0,0.0006330028195258759,0.0,0.0,0.0,0.0,0.27152874061019244,0.0,0.0,0.0,0.0,0.0,0.0
s13T2622,0.0,0.0,0.0075343428148953425,0.3163662855516459,0.0,0.0,0.0,0.0,0.0,0.0005807788713563976,0.003110287420854928,0.0,0.0,0.00012002614782373914,0.3237741749400448,0.0,0.0012128515103886556,0.0,0.0,0.0,0.0,0.34730125274299023,0.0,0.0,0.0,0.0,0.0,0.0
s14T2622,0.0,0.0,0.006130814281974193,0.3545897409592724,0.0,0.00014327209676714988,0.01572780127328212,0.0,0.0,0.0017539668502170212,0.01049052021887705,0.0,0.0,0.005238608420718286,0.3804478656558658,7.28320574681931e-05,0.0002548673026472828,0.0,0.0009595517184345837,0.0,0.0,0.17833020884861495,0.04585995031586098,0.0,0.0,0.0,0.0,0.0
s15T2622,0.10889533783464483,0.0,0.0,0.3262807075332547,0.003379150101285127,0.0015095574874679095,0.0759030575946135,0.0,0.0,0.014694134783574094,0.02415498266672275,0.0,0.0,0.04666953452407191,0.22560138678857938,9.786910871551143e-05,0.0,0.0030918921329411734,0.0,0.0,0.0,0.025330135003084845,0.11838469590512814,0.0,0.0,0.026007558535916093,0.0,0.0
s02M2722,0.5425806230931846,0.0,0.0,0.0,0.07076789209427274,0.009582420548826636,0.0,0.0,0.0,0.0,0.0,0.015463851221071983,0.0,0.11022890513156289,0.0,0.05460256527819147,0.0,0.027109353831076124,0.0,0.0,0.0,0.0,0.13901719762157821,0.0,0.0,0.024356040367469262,0.0,0.00629115081276614
s03M2722,0.5954292641086882,0.0,0.0,0.0,0.04393217820166274,0.006053632701751594,0.0,0.0,0.0,0.0,0.0,0.019595772273631552,0.0,0.08383096288988118,0.0,0.01147491161913544,0.0,0.04737570200582104,0.0,0.0015461102435709753,0.0,0.0,0.16939701029888182,0.0,0.0,0.015348071993531444,0.0,0.00601638366344415
s04M2722,0.750618311938968,0.0,0.0,0.0,0.023128985342456054,0.004231036864012003,0.0,0.0,0.0,2.882004364145109e-05,0.0,0.010134747134295663,0.0,0.062317156645010176,0.0,0.0,0.0,0.001106321674948671,0.0,0.0014081504572256893,0.0,0.0,0.13694083529927614,0.0,0.0,0.007512949136817401,0.0,0.002572685463348812
s05M2722,0.7745504485157648,0.0,0.0,0.0,0.005496747201165186,0.0032107433260972107,0.0,0.0,0.0,0.0006024062875194328,0.0,0.006956941510963101,0.0,0.07669253558104779,0.0,0.0013461013202480632,0.0,0.0,0.0,0.0006082814143049771,0.0,0.0,0.11256279539061509,0.0,0.0,0.00982306632813977,0.004823953305493803,0.0033259798186407643
s06M2722,0.8182054521840385,0.0,0.0003241986258199584,0.0,0.01296841576377823,0.0028570038898078818,0.0,0.0,0.0,0.00014776168179316717,0.0,0.0,0.0,0.01868696604494108,0.0,0.008071189299434737,0.0,0.0,0.0,0.0,0.02680765011601982,0.0,0.08364430553692959,0.0,0.0031926445548960286,0.004574569559566875,0.01526047722960618,0.005259365513368013
s07M2722,0.6163006069218729,0.0,0.0,0.0,0.01301234790851365,0.00906708386825803,0.0,0.0,0.0,0.0011687595241925623,0.0,0.016824050128047663,0.0,0.1313124985667552,0.0,0.00869269412055459,0.0,0.01650681361793069,0.0,0.0004385843767942868,0.045034988809640124,0.0,0.12387621091546477,0.0,0.0,0.016697343725294345,0.0,0.0010680175166811027
s08M2722,0.0,0.0,0.021097030387093523,0.11191182341083278,0.0,0.0,0.0,0.0,0.0,0.0,0.0,0.015539512149556114,0.0,0.0,0.003248047182659465,0.0,0.0,0.0,0.0,0.0,0.0,0.00027784605048077553,0.0,0.0,0.0010617869059921885,0.0,0.03547465685655352,0.8113892970568316
s09M2722,0.10714254338056883,0.0,0.0031063380423348476,0.27123371450114103,0.0,0.00345143323198992,0.01166172967353639,0.0,0.0,0.0015138937000710787,0.029721680619320536,0.0,0.0,0.002784554475410356,0.2435699444724567,0.0,0.0,0.007404114491814897,0.0,0.0,0.0,0.24271557518385273,0.03881349072295896,0.0,0.0,0.0002776145720398194,0.0,0.03660337293250383
s10M2722,0.006126549065512228,0.0,0.0021844460481301926,0.24951086851556858,0.0022065687466902837,0.0035933893535134705,0.0122869254038492,0.0,0.0,0.0,0.06848119210065724,0.0,0.0,0.0030218661576964538,0.3925905196235411,0.0,0.0,0.0,0.0,0.0,0.0,0.20321232260983452,0.02413091194651639,0.0,0.018401286501684933,0.0,0.0,0.014253153926805342
s11M2722,0.20998510957068792,0.0,0.0013366005314717462,0.2502104986418697,0.0,0.0017239435888070447,0.008689783387307737,0.0,0.0,0.0038553831906208377,0.03095854193647549,0.0,0.0,0.0,0.15160110684317057,0.0020215761198304114,0.0,0.004263258616810276,0.0,0.0,0.0,0.2564841988343469,0.06431880940757459,0.0,0.0,0.0,0.0,0.014551189331026651
s12M2722,0.15660681025425816,0.0,0.0012931422002269229,0.373342552232141,0.0,0.000665871512064866,0.010423187325760176,0.0,0.0,0.005676683278237458,0.03861696680040168,0.0,0.0,0.00021782704581129212,0.151465313605066,0.002927709752096891,0.0,0.0014087108231955196,0.0,0.0,0.0,0.1860820932147133,0.06569279689948877,0.0,0.0,0.0,0.0027908737472599992,0.0027894613092778304
s13M2722,0.10631914504367407,0.0,0.0009125433232551229,0.36094226472934665,0.0,0.0020685863201307564,0.011588931620237308,0.0,0.0,0.017761869186192658,0.07625578179512588,0.0,0.0,0.004279613788490435,0.14308728232179155,0.00042859928890205033,0.0,0.014511494645139284,0.0,0.0,0.0,0.18592636955089684,0.07510031267438938,0.0,0.0,0.0,0.0,0.0008172057124279827
s14M2722,0.09438053067447003,0.0,0.0,0.28373881715983307,0.07923362232534878,0.0032465962929338916,0.015882045094045345,0.0,0.0,0.02019378016778131,0.07181864674205787,0.0,0.0,0.0038050060966035902,0.2221733399644524,0.03108658973386527,0.0,0.026241840171724526,0.0,0.0,0.0,0.017771049796655235,0.11422731261929629,0.0,0.0,0.00407186602879268,0.012128957132139523,0.0
s15M2722,0.4384864288818001,0.0,0.0,0.0263929260473926,0.039419579554975784,0.0021980767823401607,0.025569700516631086,0.000627406358230739,0.0,0.00552308930990323,0.005531545958096784,0.029471671075685983,0.0,0.19441301929509847,0.01154615059153531,0.0,0.0,0.006835882256883191,0.0,0.0,0.0,0.004238425079842531,0.1647877911731506,0.0,0.0,0.044958307118433426,0.0,0.0
s01X2722,0.7865847537833837,0.0,0.0,0.0,0.0,0.002276668756405717,0.0,0.0,0.0,0.0,0.0,0.01908434223905053,0.0,0.03815955151340064,0.0,0.0,0.0,0.0,0.0,0.01123837565039803,0.0,0.0,0.1355629289447808,0.0,0.0,0.007093379112580593,0.0,0.0
s02T2722,0.6337303609952765,0.0,0.0,0.0,0.009561495990046688,0.03857684192294839,0.0,0.0,0.0,0.03851989197751367,0.00019978376214369292,0.01553276318114728,0.0020303713082167494,0.05013012226181914,0.0,0.009624128647073047,0.0,0.017206575553439726,0.0,0.0032679202834245153,0.0,0.0,0.17760050901673102,0.0,0.0,0.0,0.0,0.00401923510021959
s03T2722,0.5703051513925582,0.0,0.0,0.0,0.017723450947248556,0.0925307081499953,0.0,0.0,0.0,0.06258508211621716,8.621897140856176e-05,0.015700845462981217,0.0005065417333483929,0.05235352893278721,0.0,0.01047908976618164,0.0,0.016143358291681363,0.0,0.003191296790483862,0.0,0.0,0.15510033700233583,0.0,0.0,0.0008231841772473351,0.0,0.00247120626552555
s04T2722,0.5918943200861884,0.0,0.00017282342689386266,4.357711548820038e-06,0.04184339647893207,0.15253067514910518,0.0,0.0,0.0,0.08966836890967597,0.0,0.0,0.0,0.0,0.0,0.014602793864669193,0.0,0.013488810712720987,0.0,0.0,0.0,0.0,0.08046742820811983,0.0,0.0,0.0,0.004872507175211826,0.010454518276933845
s05T2722,0.46700700648105475,0.0,0.00018853903447809295,0.0,0.08042538253045743,0.2445105334141235,0.0,0.004867481896572684,0.0,0.10625110852489547,0.0,0.0,0.0,0.00826993744368084,0.0,0.018421838187856792,0.0,0.0,0.0,0.0,0.0,0.0,0.04753342128629148,0.0,0.0,0.0,0.00676735760127669,0.015757393599312153
s06T2722,0.5568493746750034,0.0,0.00046914218765354047,0.0,0.0940096543403475,0.0878967567895651,0.0,0.0,0.0,0.06672168273176625,0.0,0.0,0.0,0.0,0.0,0.0323004131517616,0.0,0.01821027415983593,0.0,0.0,0.0,0.0,0.09434572468013912,0.0,0.0,0.0,0.024166888041287096,0.025030089242640583
s07T2722,0.34133976587271847,0.0,0.00018587337873817402,0.0,0.06791376932331022,0.15670644575434978,0.0,0.0,0.0,0.18868605139601755,0.0,0.0,0.0,0.022418610775378642,0.0,0.030107415591569642,0.0,0.05495046716863532,0.0,0.0,0.0,0.0,0.12256444540718515,0.0,0.0,0.0,0.005022035202127512,0.010105120129969588
s08T2722,0.0,0.0,0.012367165272271389,0.3387217172316225,0.0,0.0,0.0,0.0,0.0,0.0,0.0,0.017566854875294823,0.0,0.0,0.0,0.0,0.0,0.0,0.0,0.0,0.0,0.0,0.0,0.0,0.0,0.0,0.05031551649451947,0.5810287461262917
s09T2722,0.0971600181779631,0.0,0.046058833909594435,0.17356569751550147,0.0027067853212369743,0.006850867542863749,0.011238608616926393,0.0,0.0,0.00409965337872462,0.014021386847066893,0.010799772177600232,0.0,0.0002893613402178126,0.279603943158894,0.004473446776014133,0.0,0.003005440822578445,0.0,0.00010696067132076138,0.0,0.23804021457192226,0.038793524861214915,0.005528304100590023,0.019692371649841132,0.0,0.0,0.04396480855992848
s10T2722,0.22444278559497785,0.0,0.009333953453958547,0.16948065962178685,0.04237948548727422,0.0010411814779595172,0.027751185834349153,0.00318948021236542,0.0,0.0,0.05263953225532222,0.0,0.0,5.093125844574948e-06,0.25012809436826994,0.0,0.0,0.0,0.0,0.0,0.0,0.0988325407820981,0.10276594237938413,0.0,0.0064196484130751175,0.0,0.0,0.011590416993334282
s11T2722,0.16993496328139954,0.0,0.04331330751670642,0.21176123275587058,0.0,0.004540416773758029,0.038802760195022594,0.0,0.0,0.0089799025781347,0.045078388994504365,0.0011637707748711505,0.0,0.005986415339053654,0.1686302465782282,0.0022362182391139807,0.0,0.002566243732603782,0.0,0.0,0.0,0.1556993920804086,0.11190165074242232,0.013894460510346283,0.0019290568019938426,0.0,0.0010116620554315007,0.01256991105013029
s12T2722,0.1894342210389453,0.0,0.004659622586642572,0.19865327002767103,0.012747774499556355,0.0,0.03056178418975356,0.005523603199883644,0.0,0.0,0.13513094175475893,0.0,0.0,0.00043237507869625685,0.24522782290096345,0.0,0.0,0.0,0.0,0.0,0.0,0.06736081544563731,0.10902133685683253,0.0,0.0,0.0,0.0,0.0012464324206591091
s13T2722,0.1466420475601285,0.0,0.001034413844790748,0.2328677873659462,0.07828690742991841,0.015236042890664119,0.0766473567512985,0.0,0.0,0.02995467122878572,0.12936676011291812,0.0,0.0,0.014490613392213744,0.12343973806865385,0.0,0.0,0.02745960353414565,0.0,0.0,0.0,0.00692497702272398,0.1026712765277458,0.0,0.0,0.0,0.0,0.014977804270066588
s14T2722,0.24204720750108252,0.0,0.0005957308975735124,0.08406812133097341,0.10145952862300181,0.03514270703296425,0.056260398720208035,0.0,0.0,0.10250045239546916,0.04194580764493558,0.0,0.0,0.01948087019173324,0.04804836145754733,0.0,0.0,0.11724889504507703,0.0,0.0,0.0,0.0007266833571362505,0.12788122684257588,0.0,0.0,0.0,0.009172359270614067,0.013421649689107907
s15T2722,0.48937502860307214,0.0,0.00045170529665505604,0.021404755496456044,0.07688230363864153,0.10244376655867588,0.012276015012201946,0.0,0.0,0.07846889879563171,0.007600060106183863,0.0,0.0,0.03753059871833646,0.014843805976980099,0.00219363331124591,0.0,0.05943538374343873,0.0,0.0,0.0,0.0,0.06431519410500598,0.0,0.0,0.0002701454195543179,0.023071559000884454,0.00943714621703575
s02M2822,0.3668894425367172,0.0,0.0,0.0,0.10538199508010228,0.017518205309442716,0.034599328341563276,0.0,0.0,0.02337491897866855,0.0,0.004878967482526982,0.0,0.03920631395431753,0.0,0.04586400676504338,0.0,0.07308682204536594,0.0,0.0003436587747779549,0.0,0.0,0.2662970586369214,0.0,0.0,0.019800452216060485,0.0,0.0027588298784923747
s03M2822,0.3928338219081214,0.0,0.0,0.0,0.10457864725277065,0.019883417595000764,0.033879125218801855,0.0,0.0,0.014720947183810704,0.0,0.006297091716982254,0.0,0.07008262500039962,0.0,0.03089897920082648,0.0,0.04838107295893842,0.0,0.00027672652652533617,0.0,0.0,0.24545525003244953,0.0,0.0,0.030357054889368313,0.0,0.002355240516004548
s04M2822,0.5389977167636053,0.0,0.0001404787397770101,0.0,0.06782476919250749,0.06867362559295198,0.00777656403189823,0.0,0.0,0.059085994113129515,0.0,0.0,0.0,0.015041904277409415,0.0,0.0,0.0,0.07806171585476965,0.0,0.0,0.0,0.0,0.15286976393357388,0.0,0.0,0.007117839709234874,0.0033461529902216536,0.0010634748009208902
s05M2822,0.48228924592548866,0.0,0.0001912450429309737,0.0017304235316333196,0.12845460168168643,0.042577772871550436,0.012975177562519027,0.0010896784436054613,0.0,0.04225768855791183,0.001630110293953563,0.0,0.0,0.040314136225455204,0.0,0.008402497832540282,0.0,0.04960521628611088,0.0,0.0,0.0,0.0,0.15989778684129763,0.0,0.0,0.005461357740388351,0.01212419068913889,0.010998870473789049
s06M2822,0.3924518436677126,0.0,1.4886668332994676e-05,0.0,0.1816661806036453,0.07704312710130173,0.0006592501131479581,0.0,0.0,0.09597919888412182,0.0,0.0,0.0,0.006573669131365114,0.0,0.05992056482862004,0.0,0.03901452590449267,0.0,0.0,0.0,0.0,0.12417342492335912,0.0,0.0,0.0,0.01237325382350374,0.010130074350396841
s07M2822,0.3123484042797271,0.0,0.00020656644302072038,0.0,0.10735622228790849,0.12803689943726498,0.007408767241183304,0.0018847564890709808,0.0,0.13160162923134627,0.0,0.0,0.0,0.05231536114496769,0.0,0.042450428592022846,0.0,0.05839999628757842,0.0,0.0,0.0,0.0,0.14031664208440306,0.0,0.0,0.0010185227744064216,0.008919391150798296,0.007736412556301538
s08M2822,0.0,0.0,0.0,0.3656933532039826,0.0,0.0,0.0,0.0,0.0,0.0,0.0,0.025233246843313583,0.0,0.0,0.0,0.0,0.0,0.0,0.0,0.0,0.0,0.0,0.0,0.0,0.00017839703013969446,0.0,0.06061122610753084,0.5482837768150333
s09M2822,0.06885602512645903,0.0,0.045612347310329884,0.2248296403577347,0.0,0.0010557201828032682,0.0,0.020255398643110573,0.0,0.0017489981395696977,0.002281636558017318,0.06499459058707305,0.0,0.0,0.13406437219915615,0.0,0.0,0.0,0.0,0.0,0.0,0.3415637795344275,0.0,0.0034426780846872475,0.0,0.0,0.0,0.0912948132766316
s10M2822,0.0,0.0,0.0012766226924529297,0.5471091759199692,0.0529190698662095,0.0,0.0,0.047618099872244524,0.0,0.0,0.05858864965141158,0.0,0.0,0.0,0.16050970156138777,0.0,0.0,0.0,0.0,0.0,0.0,0.033254035468650196,0.06344155017572853,0.03528309479194577,0.0,0.0,0.0,0.0
s11M2822,0.0,0.0,0.0024315150042767803,0.32113882044770037,0.07385292884528324,0.00035854406327422476,0.0024741311310389124,0.05639619306383896,0.0,0.0034034616526098294,0.06900683028870232,0.0,0.0,0.0,0.25820981300067547,0.0,0.0,0.0,0.0,0.0,0.0,0.043693828563592996,0.11518426653034754,0.04665657667659502,0.0,0.0,0.0,0.007193090732064377
s12M2822,0.07566879845935628,0.0,0.0006572077115439992,0.16210883769606368,0.05941850520256916,0.004912095221937022,0.19060424558872863,0.0,0.0,0.07439427975474823,0.13904954986703694,0.0,0.0,0.011772650827655851,0.11739350067127659,0.0,0.0,0.03511562801254988,0.0,0.0,0.0,0.0011788835208855683,0.12154938734497436,0.0,0.0,0.0,0.0006557714862535129,0.005520658634420286
s13M2822,0.06509492204443029,0.0,0.00035529049405902006,0.21977953812188653,0.023537968519042773,0.008574020674589709,0.3233770989666238,0.0,0.0,0.0608502945735627,0.09979444213534924,0.0,0.0,0.01685574548303711,0.05794674817873947,0.0,0.0,0.004007428517151061,0.0,0.0,0.0,5.068301253915776e-05,0.11086250452859205,0.0,0.0,0.001684998918009392,0.0022656609829955683,0.004962654849392092
s14M2822,0.16955306502815579,0.0,0.0006360372011149719,0.16494891265204478,0.05890288779262734,0.00565266628754487,0.20010594245866106,0.0,0.0,0.0743542378891917,0.07423470864805992,0.0,0.0,0.016789882938876267,0.04085775904432561,0.0,0.0,0.05924343227474509,0.0,0.0,0.0,0.0,0.10790599206776616,0.0,0.0,0.0,0.016009104582273902,0.010805371134612557
s15M2822,0.15879218669151582,0.0,0.000644699594595633,0.12924473418895063,0.07984259115606492,0.012942231749860221,0.1936082585635175,0.0,0.0,0.09205113248218061,0.027032901709847727,0.0,0.0,0.022765030425245126,0.008531454813231101,0.037213809420737445,0.0,0.07476397424079165,0.0,0.0,0.0,0.0,0.12072066779116478,0.0,0.0,0.007133612032820626,0.02383531317423379,0.010877401965242409
s01X2822,0.42252838300960666,0.0,0.0,0.0,0.017349510987141898,0.004277170388083507,0.005150246612028103,0.0,0.0,0.0,0.0,0.016744767787249242,0.0,0.12611021219620974,0.0,0.009179050446027149,0.0,0.021969815897993326,0.0,0.0023940900047375174,0.0,0.0,0.33468775422956737,0.0,0.0,0.03960899844135552,0.0,0.0
s02T2822,0.1338076728315609,0.0,0.00021537944738775903,0.0,0.14889939784743084,0.048936615859083606,0.07257887582372873,0.0,0.0,0.09483909079589657,0.0016027314620379585,0.0,0.0,0.016571262112884278,0.0,0.03360772371857105,0.0,0.18343504992834203,0.0,0.0,0.0,0.0,0.26016005962638517,0.0,0.0,0.00424013392721094,0.0,0.0011060066194802508
s03T2822,0.32872917084888065,0.0,0.0,0.0,0.09469444951733658,0.040946337393038046,0.08725632931137665,0.0,0.0,0.06990248579220895,0.0,0.0012965726010130251,0.0,0.018902206128297988,0.0,0.02863840817600626,0.0,0.12069261940828582,0.0,0.0,0.0,0.0,0.19599321786754648,0.0,0.0,0.012502868589380869,0.0,0.00044533436662858386
s04T2822,0.40644812693659926,0.0,6.797297549668624e-05,0.0,0.05701819715126307,0.043170477660746887,0.06418742971464216,0.0,0.0,0.03294021188651372,0.0,0.0009061068576653564,0.0,0.061779112009783664,0.0,0.05645535159468032,0.0,0.08273844417571648,0.0,0.0,0.0,0.0,0.17702548073553734,0.0,0.0,0.015725805658249718,0.0,0.0015372826431053683
s05T2822,0.4211636601659621,0.0,0.00026967938431687145,0.0,0.10582257895596991,0.06642178007161,0.0070633206344211325,0.0,0.0,0.051159383686694114,0.0,0.0,0.0,0.03435109800656291,0.0,0.02837496294385823,0.0,0.06370411094880012,0.0,0.0,0.0,0.0,0.19235268538838782,0.0,0.0,0.01114692719177211,0.008883725343973995,0.009286087277670841
s06T2822,0.42345154032661864,0.0,5.3510334911464244e-05,0.0,0.1608962884773454,0.037646456478942394,0.034228222800472614,0.0,0.0,0.027017294914197167,0.0,0.0,0.0,0.037599730084912526,0.0,0.07785587206246815,0.0,0.03520820116264912,0.0,0.0,0.0,0.0,0.14529893085698778,0.0,0.0,0.009159477056018895,0.005024583886577591,0.006559891557898242
s07T2822,0.3704784414762021,0.0,0.0,0.004567296245896041,0.07868627506041367,0.02704256407824202,0.07264085642314456,0.0,0.0,0.018613675075653705,0.0,0.00018122228853779523,0.0,0.11739024393828582,0.0,0.03570955241594019,0.0,0.05214083894248808,0.0,0.0018716928616881875,0.0,0.0,0.20341852025164212,0.0,0.0,0.0092418045382232,0.0011016750936888211,0.006915341309953618
s08T2822,0.0,0.0,0.0,0.20786215134680397,0.0,0.0,0.0,0.0,0.0,0.0,0.0,0.0,0.0,0.0,0.0,0.0,0.0,0.0,0.0,0.0,4.2529015912557315e-05,0.0,0.0,0.0,0.0,0.0,0.05414214538718126,0.7379531742501022
s09T2822,0.0,0.0,0.001313160982270856,0.3288134895722057,0.04120170700429689,0.0,0.0,0.2784659110118078,0.023148362947333183,0.0024557916453648216,0.0,0.0,0.0,0.0,0.025326916858890935,0.0,0.0,0.0,0.0,0.0,0.0,0.1505550219599485,0.08824206963916545,0.060477568378715964,0.0,0.0,0.0,0.0
s10T2822,0.0,0.0,0.0024711791595274746,0.29304083346978443,0.11152158666262886,0.0,0.0,0.21034424331982657,0.011523042359662422,0.06491348152142569,0.007004698358819297,0.0,0.0,0.0,0.12612547472680763,0.0,0.0,0.0,0.0,0.0,0.0,0.012580011435850143,0.1100365957741276,0.03902193702657411,0.0,0.0,0.0,0.011416916184965667
s11T2822,0.0,0.0,0.0,0.32851503220185374,0.10516823051344545,0.0,0.0014206174067080118,0.18688675162199664,0.012388008665601207,0.023706033880386123,0.01758900972196539,0.0,0.0,0.0,0.14537750002812516,0.0,0.0,0.0,0.0,0.0,0.0,0.020148126609684354,0.12083350820403152,0.03796718114620237,0.0,0.0,0.0,0.0
s12T2822,0.0,0.0,0.0,0.3362856224353342,0.1050749846049621,0.0,0.01417054449319207,0.15547194389043234,0.009246759450880321,0.015222201583948287,0.01412274330581148,0.0,0.0,0.0,0.17463460856813948,0.0,0.0,0.0,0.0,0.0,0.0,0.02813100269197524,0.12910979772721493,0.018529791248109523,0.0,0.0,0.0,0.0
s13T2822,0.0,0.0,0.0007984016185665193,0.34726190802186424,0.10432193909858849,0.0,0.051681511792776816,0.10521310116168471,0.002068886988987754,0.06351572443602253,0.036301643238818807,0.0,0.0,0.0,0.14913118726646082,0.0,0.0,0.0,0.0,0.0,0.0,0.00753603172198573,0.12353752475909115,0.008632139895152326,0.0,0.0,0.0,0.0
s14T2822,0.0185900054452194,0.0,0.0,0.25917029557226534,0.08427014348246126,0.0010288748810193644,0.347149382644936,0.04566321990043649,0.0010853523842132768,0.030916943738320858,0.03276758151966731,0.0,0.0,0.010780014119649245,0.05301859877475095,0.0003871044482123307,0.0,0.0,0.0,0.0,0.0,0.0,0.11517248308884813,0.0,0.0,0.0,0.0,0.0
s15T2822,0.20637966353362666,0.0,0.0006524481807814099,0.048581534321233945,0.07584716138232668,0.004559165069443145,0.27568689761414966,0.0074544598528022265,0.0,0.06150689400546859,0.00881775670432117,0.0,0.0,0.06329290179770238,0.011071624500574324,0.007812560747909186,0.0,0.04371001759077665,0.0,0.0,0.0,0.0,0.14627297673075182,0.0,0.0011506883290114366,0.007429730803263557,0.013209188183203395,0.016564330652653798
s02M2922,0.1576815429679338,0.0,0.0,0.0,0.0,0.008056804713579552,0.3498112363710459,0.0,0.0,0.012281313657373191,0.0,0.009201185000728834,0.0,0.07397768619903908,0.0,0.027881384244547558,0.0,0.055572122252615944,0.0,0.002711013140778777,0.004090596874263924,0.0,0.2601138432837965,0.0,0.0,0.038621271294296745,0.0,0.0
s03M2922,0.1326949539719438,0.0,0.0,0.0,0.022656600079318256,0.0074609327530747015,0.39555088682210615,0.0,0.0,0.03314700973621824,0.0,0.007616067304260456,0.0,0.07480570189797199,0.0,0.01833157166340558,0.0,0.0464285091839258,0.0,0.0007447187161082195,0.0,0.0,0.22701097777841944,0.0,0.0,0.03355207009324737,0.0,0.0
s04M2922,0.0,0.0,0.0,0.0,0.2577301938128678,0.010159596970633794,0.22299070005202234,0.0002416078024009504,0.0,0.28633307627660404,0.0062731432026085785,0.0,0.0,0.0,0.0,0.04154335550505144,0.0,0.035663647001208304,0.0,0.0,0.0,0.0,0.13906467937660263,0.0,0.0,0.0,0.0,0.0
s05M2922,0.0,0.0,0.0003192644537714816,0.0,0.41308342111309126,0.025186790177725047,0.0,0.0,0.0,0.2647672197214284,0.006071621662318833,0.0,0.0,0.0,0.0,0.04150441763453879,0.0,0.05369091964047398,0.0,0.0,0.0,0.0,0.1922963455094985,0.0,0.0,0.0,0.0,0.003080000087153873
s06M2922,0.0,0.0,0.00029672373183273876,0.0002635262134439138,0.19296525735500647,0.04204637309394719,0.22230403134153565,0.0,0.0,0.2523273095320314,0.007001934313005138,0.0,0.0,0.0,0.0,0.04396424662184402,0.0,0.08058681757357514,0.0,0.0,0.0,0.0,0.14316242283373273,0.0,0.0,0.0,0.009432049384250627,0.005649308005794929
s07M2922,0.0,0.0,0.0,0.0,0.052372428378533654,0.02331341753911647,0.5950431684026267,0.0,0.0,0.14935699825064377,0.0,0.0,0.0,0.004273256971599742,0.0,0.04697894113939253,0.0,0.08483158218544606,0.0,0.0,0.0,0.0,0.04214083491277085,0.0,0.0,0.0016893722198700898,0.0,0.0
s08M2922,0.0,0.0,0.0,0.3230609275105585,0.0,0.0,0.0,0.0,0.0,0.0,0.0,0.2186839994648722,0.0,0.0,0.023290520328928865,0.0,0.0,0.0,0.0,0.0,0.0,0.002110595777041455,0.0,0.0,0.007358657639372259,0.0,0.05662450021684645,0.3688707990623803
s09M2922,0.0,0.0,0.19428480719513894,0.12158961306284227,0.0,0.0,0.0,0.14332268415185204,0.0030437708260580795,0.0,0.0,0.01823883260734799,0.0,0.0,0.2269962124506845,0.0,0.0,0.0,0.0,0.0,0.0,0.2692512651618303,0.0,0.023056590742924158,0.0,0.00021622380132168623,0.0,0.0
s10M2922,0.13067074724939928,0.0,0.03418942515789659,0.2470084256944055,0.1442112438671257,0.0,0.007511140279733449,0.12308245678208714,0.006499273810114857,0.0,0.0014043087463957073,0.0,0.0,0.0,0.2585305527952311,0.0,0.0,0.0,0.0,0.0,0.0,0.03367215082054153,0.0,0.009866071070333932,0.0,0.00035591690533636605,0.0,0.0029982868213986966
s11M2922,0.09294810766624982,0.0,0.28683197198913013,0.14393265304392203,0.004014770128312942,0.0,0.00958229670845438,0.11499179548443814,0.0024118391489453975,0.0,0.0,0.042055352113643314,0.0,0.0,0.17351640103365717,0.0,0.0,0.0,0.0,0.0,0.0,0.1227590836106791,0.0,0.0054260910139045096,0.0,0.0015296380586630495,0.0,0.0
s12M2922,0.14448112686487694,0.0,0.1991538827650051,0.1548595535791853,0.05471863232540808,0.0,0.020808243025156922,0.11236289833671584,0.0033611048704984105,0.0,0.0,0.02876407134141557,0.0,0.0,0.20988813173912924,0.0,0.0,0.0,0.0,0.0,0.0,0.061704837629540855,0.0,0.009416405716407101,0.0,0.0004811118066606111,0.0,0.0
s13M2922,0.1668672039346883,0.0,0.07141343967930729,0.23458464628002643,0.09259276857131972,0.0,0.03171304305330496,0.09867526588409606,0.003261723293220924,0.0005633963531727434,0.0017879574656746579,0.0,0.0,0.0,0.22143457452806065,0.0,0.0,0.0,0.0,0.0,0.0,0.04538523082522047,0.016253372816756637,0.006093802729105623,0.00882963925052777,0.0005439353355179115,0.0,0.0
s14M2922,0.15370280822364846,0.0,0.017546610891648228,0.25320799057580895,0.10199822602302518,0.0,0.11485221879494625,0.09944723979130689,0.004451327415055624,0.00784748905343622,0.005329367677321899,0.0,0.0,0.0,0.16727646183202582,0.0015866100141041773,0.0,0.0,0.0,0.0,0.0,0.016149473688457577,0.039994135985965275,0.0034215460775201354,0.0,2.6289708009465765e-05,0.0,0.013162204247719857
s15M2922,0.018026960649491094,0.0,0.00098909360111065,0.17001509747234717,0.010736114280096694,0.0015512343350279469,0.49463174659767617,0.0028335945693952827,0.0,0.09049237332714519,0.03584323479629744,0.0,0.0,0.0080526642136104,0.008635798946822145,0.00853021147631215,0.0,0.03902012399603268,0.0,0.0,0.0,0.0,0.058546824988891966,0.0,0.020435490992920264,0.0019452329198762716,0.007886276185438171,0.021827926651508435
s01X2922,0.289272385949941,0.0,0.0,0.0,0.022962624222771146,0.002854349651808256,0.450541910090295,0.0,0.0,0.006265183945448304,0.0,0.0,0.0,0.03183366791742714,0.0,0.0436125698651036,0.0,0.0,0.0,0.002393092381298191,0.0,0.0,0.13264505315749486,0.0,0.0,0.017619162818412453,0.0,0.0
s02T2922,0.6404043254895718,0.0,8.605554219892859e-05,0.0,0.03834942437721485,0.0,0.08787468098294951,0.0,0.0,0.0,0.0,0.0011457819762487284,0.0,0.008182258887862708,0.0,0.006516917602830128,0.0,0.0,0.0,0.0012396115928815915,0.0,0.0,0.20801451110144914,0.0,0.0,0.007100051272773532,0.0009310313013334313,0.00015534987268554223
s03T2922,0.5032913700030587,0.0,0.0003131159863902334,0.0,0.06718060358175429,0.0,0.1701895495519677,0.0,0.0,0.0,0.0,0.0016071920700153532,0.0,0.012180168543966937,0.0,0.009666545413719583,0.0,0.0,0.0,0.00015960264295708802,0.0,0.0,0.22493004195563102,0.0,0.0,0.010481810250539297,0.0,0.0
s04T2922,0.6842943845670683,0.0,0.0002707177908864568,0.0,0.04436960793357895,0.0,0.08394526948659421,0.0,0.0,0.0,0.0,0.0,0.0,0.0,0.0,0.016511819335116102,0.0,0.0,0.0,0.0,0.0,0.0,0.15136534103867702,0.0,0.0,0.006148720129321267,0.010184318800752662,0.0029098209180049048
s05T2922,0.6513859628122323,0.0,0.00016939117409793227,0.0061960425045870645,0.016607281531557702,0.0023718844325984444,0.0766792557133282,0.0,0.0,0.0,0.0,0.00012914497285938643,0.0,0.003837409499796251,0.0,0.0,0.0,0.006567108546416329,0.0034230620295000232,0.0008584636503787291,0.030981612905789987,0.0,0.17614045750834725,0.0,8.150532952225855e-05,0.010084619554633837,0.01448679783435446,0.0
s06T2922,0.7096540632449944,0.0,0.0,0.0,0.08876658504000016,0.009564166422713112,0.03204042714425289,0.0,0.0,0.007559984662131108,0.0,0.0,0.0,0.0,0.0,0.010874831594663655,0.0,0.0,0.0,0.0,0.0,0.0,0.1240620757495823,0.0,0.0,0.00414445110023529,0.01333341504142712,0.0
s07T2922,0.34115083016335057,0.0,0.001334692820885868,0.026551758200844305,0.05881756994652203,0.003349850087518235,0.21809789888615597,0.010553535867063216,0.0,0.006735179812446197,0.002971389942300218,0.0018288922327162787,0.0,0.06966237078145825,0.0006135176851698544,0.004794854696015481,0.0,0.017192624794203797,0.0,0.00046032198772232074,0.0,0.0,0.19025506423817504,0.0,0.00651001562339569,0.027111422286484495,0.0,0.012008209947572155
s08T2922,0.0,0.0,0.0,0.1429591903029221,0.0,0.0,0.0,0.0,0.0,0.0,0.0,0.08781372689949644,0.0,0.0,0.044661751452259035,0.0,0.0,0.0,0.0,0.0,0.0,0.003204963709619118,0.0,0.0,0.006252716043084982,0.0,0.007895083585576751,0.7072125680070417
s09T2922,0.013901937087733601,0.0,0.01894313330782622,0.4057798062206233,0.03089174008337506,0.0,0.22073310988302697,0.07989083682158354,0.0,0.0008463110144583005,0.022881629500976528,0.0,0.0,0.0,0.06376800983534937,0.0,0.0,0.0,0.0,0.0,0.0,0.008528978854489274,0.017045446899174845,0.0004545604632331452,0.11479460690562998,0.00030031313504376065,0.0,0.0012395799874760046
s10T2922,0.028610852804255772,0.0,0.009262225020138007,0.3836177765294805,0.021516926087828264,0.0,0.24456909159282755,0.04750182267661418,0.0,0.0,0.04013112231489134,0.0,0.0,0.0004118512225825783,0.07733739301844635,0.0,0.0,0.0,0.0,0.0,0.0,0.008707162919594749,0.023243668907521508,0.0,0.11441090459081932,1.381279209767133e-06,0.0,0.0006778210357899928
s11T2922,0.04354035556763139,0.0,0.017187479825618034,0.3669782938357426,0.020613926657254606,0.0,0.29035474538751804,0.03850330614331116,0.0,0.0024442286040224585,0.02655877366538724,0.0,0.0,0.0,0.10434912197904678,0.0,0.0,0.0,0.0,0.0,0.0,0.006999186874036154,0.017712054784660657,0.0,0.06459717043698893,0.0001613562387819099,0.0,0.0
s12T2922,0.04736185468921617,0.0,0.018937935402593142,0.3093969729799331,0.028735194775330083,0.0,0.3432672813278986,0.07025741179913042,0.0,8.529073516685364e-05,0.014923537856973581,0.0,0.0,0.0,0.10563621473188531,0.0,0.0,0.0,0.0,0.0,0.0,0.009150457360433443,0.015055780682447298,0.0,0.037192067658992155,0.0,0.0,0.0
s13T2922,0.04441979817909784,0.0,0.013201068671534366,0.4015722824845337,0.046300935799803766,0.0,0.18965933911687455,0.06928158889446441,0.0,0.0,0.019334160314123747,0.0,0.0,0.0,0.10199958857505516,0.0,0.0,0.0,0.0,0.0,0.0,0.007363066183042238,0.023823911379277214,0.0,0.08304426040219294,0.0,0.0,0.0
s14T2922,0.0,0.0,0.006275705098546945,0.31136641706129276,0.0,0.0,0.49336893094698275,0.05565744492702577,0.0,0.00227823499190859,0.01927537487626312,0.0,0.0,0.0012780639711991724,0.04790577641044026,0.0,0.0,0.0,0.0,0.0,0.0,0.0013485059214467902,0.0288208551382002,0.0,0.024624711533015035,0.001956401010711437,0.0,0.005843578112967146
s15T2922,0.030378726312155976,0.0,0.0009425047249997748,0.17557400087243272,0.0,0.0,0.6615578547223246,0.009437067666147707,0.0,0.00625447567214814,0.02766731021683101,0.0,0.0,0.007139463542537506,0.014506525638664803,0.0,0.0,0.015993834936293933,0.0,0.0,0.0,0.0,0.019014278421032833,0.0,0.015222431434402774,0.010856448334394777,0.0,0.005455077505633317
s02M3022,0.16789431143964112,0.0,0.0,0.0,0.1025143100371887,0.009018610547346227,0.2743162626799374,0.0,0.0,0.02602033057644928,0.0002776043589939469,0.006956531875690421,0.0,0.11692220702772219,0.0,0.012583549861463757,0.00017173934100165754,0.03685609088588493,0.0,0.0012735298320055472,0.0,0.0,0.23867364450117792,0.0,0.0,0.004763937616029828,0.0,0.001757339419467111
s03M3022,0.05308431701513665,0.0,0.00020176938928973364,0.0,0.33750096761458426,0.00935503447241938,0.136890603650606,0.0,0.0,0.09421780358622003,0.008921509639626369,0.0,0.0,0.04943731888496285,0.009012375757779731,0.0,0.0,0.014083166500381676,0.0,0.0,0.0,0.0,0.2813307450800993,0.0,0.0,0.0,0.0,0.005964388408893908
s04M3022,0.19303767219719817,0.0,0.0010106643007526622,0.0,0.19756195829454273,0.08131688970478283,0.03167883157565473,0.0,0.0,0.009116200510035305,0.0,0.0,0.0,0.013261682094879277,0.0,0.15482338931344947,0.0,0.04103347427593864,0.0,0.0,0.0,0.0,0.1871348345198083,0.0,0.0,0.0016958526110988836,0.0552417699898453,0.033086780612013714
s05M3022,0.0,0.0,0.001083486594462841,0.0,0.12310223712069401,0.48526626857253824,0.021748169307528258,0.0,0.0,0.11964598334027236,0.0,0.0,0.0,0.0,0.0,0.05864088461837246,0.0,0.10383402009796636,0.0,0.009280508637543913,0.0,0.0,0.024412072619398362,0.0,0.0,0.0,0.020146249127287654,0.032840119963935446
s06M3022,0.0,0.0,0.000979162864887243,0.00526534651912118,0.16155350991992595,0.23667319828091296,0.045205578813644016,0.0034270832849054695,0.0,0.12058618134718493,0.0,0.0,0.0,0.006787050935749831,0.0,0.14219803775627207,0.0,0.09928025162010592,0.0,0.0,0.0,0.0,0.10849568954418214,0.0,0.0,0.0,0.03307723192486007,0.03647167718824835
s07M3022,0.16583751501636185,0.0,0.000446449602489674,0.0,0.034075340582343454,0.04580881041330275,0.20228732895926024,0.0,0.0,0.01031767197067039,0.0,0.0,0.0001543179433530427,0.14905947543774226,0.0,0.03960055032877912,0.0,0.09628049951082886,0.0,0.0008064978386818103,0.0,0.0,0.21064935174768887,0.0,0.0,0.004211605798646611,0.019281871849723724,0.02118271300012718
s08M3022,0.0,0.0,0.0,0.09553670427415728,0.0,0.0,0.0,0.0,0.0,0.0,0.0,0.1504015484412639,0.0,0.0,0.08400910621225988,0.0,0.0,0.0,0.0,0.022067502195409337,0.0,0.004179666507929236,0.0,0.0,0.008011230068840807,0.0,0.027778403907081577,0.6080158383930581
s09M3022,0.06108328757488992,0.0,0.0071203948045643305,0.38560396891482,0.07552008314331964,0.0,0.20770662386665353,0.02687340001565158,0.0,0.003011957814114477,0.032725994882750624,0.0026227906497596947,0.0,0.0,0.10326317856857545,0.0,0.0,0.0,0.0,0.0014134874787781484,0.0,0.011985300523037458,0.04174184064167312,0.0,0.018775799587603195,0.0,0.0,0.020551891533808767
s10M3022,0.0,0.0,0.002928779629802844,0.2918042623202938,0.15672950278451903,0.0,0.18543580497155696,0.12655478836129547,0.0,0.0009395769943279146,0.022827195254102213,0.0,0.0,0.0,0.16197025237351204,0.0,0.0,0.0,0.0,0.0,0.0,0.0018913873502147576,0.04052773878525383,0.0,0.0,0.0,0.0,0.008390711175121258
s11M3022,0.030998674568483563,0.0,0.006782551394086419,0.3980510081650863,0.06629330440505292,0.0,0.33603206987562056,0.02944064262584852,0.0,0.007131663178645111,0.02172253588972289,0.0,0.0,0.0,0.07975894886241738,0.000995173840611411,0.0,0.0,0.0,0.0003449687722424207,0.0,0.003899423214521879,0.0,0.0,0.005755159485676385,0.0,0.0,0.012793875721984102
s12M3022,0.11296412295421021,0.0,0.006314103777087942,0.2677432683988529,0.14931058614038847,0.0027005412963154703,0.14678696581358183,0.08948160869074777,0.0,0.023026473919931137,0.029234337959072956,0.0,0.0,0.0,0.1039309768128657,0.0013842853653946849,0.0,0.0010942737730328795,0.0,0.0,0.0,0.004564897765891187,0.0015171881902752006,0.0,0.00019064210228203685,0.0,0.0017580357989290308,0.05799769124114054
s13M3022,0.04948755463081999,0.0,0.003935779306652947,0.33716694745433723,0.1532541975151682,0.00236746813765199,0.13815974135281325,0.08332571907888585,0.0,0.02520443001085302,0.04292628961003022,0.0,0.0,0.0,0.09596922781219826,0.0047752352313903,0.0,0.0,0.0,0.0,0.0,0.0008930953228675989,0.013215066823274169,0.0,0.0,0.0,0.0,0.04931924771305701
s14M3022,0.0,0.0,0.002550993223958457,0.2842380531170688,0.1496229475772454,0.005053117708728106,0.19959704218672233,0.09157703426697968,0.0,0.08993259856310239,0.0496182831360861,0.0,0.0,0.004415425765578831,0.03719182726687475,0.01357585635883767,0.0,0.012942244043880977,0.0,0.0,0.0,0.0,0.00746594853634553,0.0,0.0,0.0012987445625740064,0.004350402868156731,0.04656948081786018
s15M3022,0.204345262398603,0.0,0.001178643786484748,0.027264988580358182,0.10127597818071528,0.007374775153617273,0.3680074203476543,0.005735702954582575,0.0,0.015635256445189802,0.005186100462778863,0.0,0.0,0.0337764979230061,0.006344033242869111,0.028134692402991424,0.0,0.03407977232688021,0.0,0.0,0.0,0.0,0.09391737561437703,0.0,0.015178663682410441,0.0056862846144744815,0.015727496491009303,0.03115105539199774
s01X3022,0.03091573292259173,0.0,7.008186140358503e-05,0.0,0.07382601182880286,0.05820032971482953,0.33831990720657157,0.0,0.0,0.05065475223367745,0.0,0.002218294640694465,0.0,0.11251899556703968,0.0,0.03636046996583647,0.0,0.07603229508480042,0.0,0.0009728223130073469,0.0,0.0,0.19530407919956358,0.0,0.0,0.00919700289980709,0.0024884696304749536,0.012920754930899326
s02T3022,0.0010947172296948042,0.0,0.0006717463396948806,0.0,0.14439136531050148,0.06077660577495463,0.1885268027864299,0.0,0.0,0.1237725719382968,0.004097894852779489,0.0,0.0,0.03683884873063378,0.0,0.09746435506510562,0.0,0.09930197724402427,0.0,0.0,0.0,0.0,0.19546758665298447,0.0,0.0,0.0009983127137056366,0.03243013931353727,0.014167076047657174
s03T3022,0.17488955097271933,0.0,0.0008224838906114215,0.01243972305963855,0.17704216012877472,0.060125915552229396,0.059324288958033704,0.0,0.0,0.08088364672694173,0.01104280172560943,0.0,0.0,0.007167294787891474,0.0,0.0732194297947494,0.0,0.07995164478417748,0.0,2.5982278756069652e-05,0.0,0.0,0.18514749148416468,0.0,0.0,0.001894577176123851,0.047038459077631614,0.028984549601946973
s04T3022,0.13145846381201698,0.0,0.00048068348605614925,0.00679250182425342,0.14162738113765813,0.06225665857039444,0.07781341841377801,0.0,0.0,0.1066478170678101,0.020171679631465954,0.0,0.0,0.011153681499875825,0.0,0.04783360610740059,0.0,0.11470891488413727,0.0,0.0,0.0,0.0,0.2125801626758883,0.0,0.0,0.0,0.04201124086072096,0.024463790028543844
s05T3022,0.029862478770351336,0.0,0.0006281216169690322,0.010656708655445702,0.14426252760874753,0.10443585877524399,0.10701798344330647,0.0,0.0,0.12401872801575153,0.023251089116838458,0.0,0.0,0.006755682338241692,0.0,0.04715717152257011,0.0,0.1298540157703547,0.0,0.0,0.0,0.0,0.19934849432074753,0.0,0.0,0.0,0.049761003128688655,0.02299013691674315
s06T3022,0.12586175190451823,0.0,0.0006458305984842799,0.0028977628585763423,0.21522417353423304,0.06153482222824985,0.08374427260680292,0.0,0.0,0.07483367583541821,0.013309525940947902,0.0,0.0,0.0009485908524682271,0.0,0.07275985441924054,0.0,0.05861724815277373,0.0,0.0,0.0,0.0,0.20889595831990956,0.0,0.0,0.0,0.05103820905150804,0.029688323696869103
s07T3022,0.0,0.0,0.0006302176729436257,0.0,0.20533893230805486,0.1400548421988838,0.16783490215615357,0.0,0.0,0.17112261467740095,0.0,0.0,0.0,0.023946519838425964,0.0,0.1314601761630582,0.0,0.0,0.0,0.0,0.0,0.0,0.10938301766575251,0.0,0.0,0.00040384566668725955,0.03500372100504408,0.014821210647595139
s08T3022,0.0,0.0,0.0,0.09935373988550601,0.0,0.0,0.0,0.0,0.0,0.0,0.0,0.2648270609989496,0.0,0.0,0.0281618540611084,0.0,0.0,0.0,0.0,0.017847738627690905,0.0,0.006150808280554526,0.0,0.0,0.017317170561051733,0.0,0.024244739941820068,0.5420968876433188
s09T3022,0.0,0.0,0.004555589077991069,0.28124997922143097,0.15598386003617953,0.0010966011391486206,0.059945564519058345,0.0757857851631912,0.0,0.028677381707767714,0.027853992289786595,0.0,0.0,0.0,0.18674259456900705,0.004538923499716655,0.0,0.0,0.0,0.001638649477346736,0.0,0.02970236282426979,0.07129409340366566,0.0,0.03621359485758477,0.0,0.0,0.034721028213855136
s10T3022,0.0,0.0,0.0012744458396462947,0.34378935842201946,0.12256518886960303,0.0040069053397660545,0.11057224492230297,0.043376859789987586,0.0,0.05703592294261026,0.10050950744888644,0.0,0.0,0.0,0.07520684369674242,0.00467433842467278,0.0,0.0,0.0,0.0012753667716587363,0.0,0.0018921047643230093,0.10649218749727142,0.0,0.005049311355189283,0.0,0.0,0.022279413915320206
s11T3022,0.0,0.0,0.0011624564441192317,0.33235401209303683,0.18104725942806665,0.001169119319777946,0.09019698372761145,0.09604705481443447,0.0,0.09416562098177134,0.056296293589094916,0.0,0.0,0.0,0.0492965420868367,0.009081742661556175,0.0,0.0,0.0,0.0,0.0,0.0,0.07368859297069855,0.0,0.0,0.0,0.0,0.015494321882995644
s12T3022,0.0,0.0,0.0011164330971638289,0.304437310788488,0.15306587841709055,0.0014044139810794182,0.2600404855188255,0.05902664084020038,0.0,0.1312497464164911,0.00913916669394109,0.0,0.0,0.0,0.0005432154857377726,0.01525084968690832,0.0,0.0,0.0,0.0,0.0,0.0,0.031209409994425043,0.0,0.0,0.0,0.006452355558892434,0.02706409352075661
s13T3022,0.0,0.0,0.0006609675143846544,0.32621908990234944,0.1366153546477934,0.0023230510455329186,0.1821948078440074,0.015635066902246076,0.0,0.14033712549628055,0.05407094922675625,0.0,0.0,0.0,0.07149563929443173,0.009090241587639955,0.0,0.012814359965494971,0.0,0.0,0.0,0.00021776296865263904,0.02581453578105427,0.0,0.0,0.0,0.010784786636207121,0.011726261187168565
s14T3022,0.0,0.0,0.0008779506396806907,0.13827063057112426,0.11750299131126912,0.006423112826534457,0.3192848942220449,0.005243876599450384,0.0,0.08582322889827192,0.021681959515761292,0.0,0.0,0.01111139262030783,0.007274829968643187,0.09094407686540236,0.0,0.049619681544894816,0.0,0.0,0.0,0.0,0.09351573280479196,0.0,0.004552295543005506,0.003004533485882862,0.02246965222628281,0.022399160356651605
s15T3022,0.1765928828746434,0.0,0.0004257479094082258,0.0035728145990237535,0.059397610432396025,0.030556455378347648,0.29837552373827625,0.0,0.0,0.04574444201109491,0.005966186096068348,0.0,0.0,0.04754632272101936,0.0,0.03249450753457658,0.0,0.09453152929952635,0.0,0.0,0.0,0.0,0.16946035758706784,0.0,0.0,0.002659682528383203,0.021534796940898566,0.01114114034926952
s02M3122,0.48514653321561785,0.0,0.00010258869950227078,0.0,0.0,0.0009051038992093585,0.24528574528278319,0.0,0.0,0.0,0.0,0.0010823344736444372,0.0,0.053786936689690354,0.0,0.0044230141008989666,0.0,0.0,0.0,0.0015904057276207493,0.004279832794424192,0.0,0.17568838518737237,0.0,0.0,0.007881071612418689,0.018238610502395492,0.0015894378144219155
s03M3122,0.5427664582693797,0.0,0.0006701900889445373,0.0,0.1008242312546148,0.007642043660006677,0.10265431934929282,0.0,0.0,0.0030927705417003624,0.0,0.0,0.0,0.0,0.0,0.01871485862749272,0.0,0.0,0.0,0.0,0.0,0.0,0.1468506511175537,0.0,0.0,0.0015241988421023738,0.062103830112363076,0.013156448136549247
s04M3122,0.6062845171234618,0.0,0.0005116089310881754,0.0,0.013544577801021043,0.004570741978122125,0.16723655291158676,0.0,0.0,0.0033059485985116616,0.000355629290652986,0.0,0.0,0.011358904109391273,0.0,0.0,0.0,6.56829198392818e-05,0.0,0.0,0.0,0.0,0.1398505658548932,0.0,0.0,0.0036458699809863715,0.043988782512511926,0.0052806179879335115
s05M3122,0.6543563070403975,0.0,0.0004068256290614348,0.0,0.06718520335474,0.008969461780075318,0.04729568963816673,0.0,0.0,0.006706182017616425,0.001871628569001059,0.0,0.0,0.0,0.0,0.0,0.0,0.0,0.0,0.0,0.061147792394564256,0.0,0.11021344164385267,0.0,0.0011311929369183203,0.0,0.034688995825672905,0.006027279169933529
s06M3122,0.458133404758099,0.0,0.0003082410235020618,0.0,0.026997684537384794,0.0022605201793374327,0.26516793794937804,0.0,0.0,0.0010991161129916029,0.0,0.0,0.0,0.043927555592372824,0.0,0.010051011467455292,0.0,0.0006678982182179105,0.0,0.0,0.0,0.0,0.14544002690974003,0.0,0.0,0.0070539051290119115,0.03177783007328912,0.007114868049219853
s07M3122,0.3190205458531256,0.0,0.0,0.0,0.0,0.0034432943569870722,0.15494136784295465,0.0,0.0,0.0,0.0,0.007816828972158185,0.0,0.07961859985705912,0.0,0.030463102776972322,0.0,0.0042935826681795115,0.0,0.04417596487259736,0.0,0.0,0.32525032312596397,0.0,0.0,0.01781400234571359,0.00864910219377989,0.004513285134508611
s08M3122,0.0,0.0,0.003354732795961222,0.15875909171931696,0.0,0.0,0.0,0.0,0.0,0.0,0.0,0.08401375940729691,0.0,0.0,0.0052452799070408914,0.0,0.0,0.0,0.0,0.0,0.0,0.0027312490640198123,0.0,0.0,0.008445104065536233,0.0,0.0,0.7374507830408279
s09M3122,0.00039946648511604923,0.0,0.00039667326057927235,0.1564088277900541,0.01830613956075317,0.0,0.6842246751692383,0.024655356413696775,0.0,0.0,0.02240613057095319,0.0,0.0,0.0,0.05763341183449836,0.0,0.0,0.0,0.0,0.0,0.0,0.0,0.0,0.0,0.03100819830966338,0.0,0.0,0.00456112060544739
s10M3122,0.04374794816692638,0.0,0.00021466546423270388,0.12012187397140484,0.13495896355217216,0.002239382010618169,0.45254337467070416,0.07264717687897863,0.0028842318788812604,0.006267081749558828,0.01722317771496747,0.0,0.0,0.0,0.09395605761296545,0.001431397954566013,0.0026367306544391664,0.0,0.0,5.428306128174167e-06,0.0,0.0013246063385520292,0.0,0.0,0.021855440647521006,0.0,0.0,0.025942462427383697
s11M3122,0.0077778586902642055,0.0,0.0008163082972861991,0.09205392225074814,0.04250992437720215,0.00024947482776599216,0.7077654930175823,0.04725925520552597,0.0,0.001821164464606745,0.008325120970999118,0.0,0.0,0.0,0.06520234648613854,0.0007085688735180104,0.0,0.0,0.0,0.0,0.0,0.0,0.0,0.0,0.009267078641213865,0.0,0.0,0.01624348389714857
s12M3122,0.009519098930407935,0.0,0.000378267908307907,0.10015789242922633,0.02431368243808311,5.463462355444478e-05,0.7308215215248948,0.04337035991985824,0.0004060659351349965,0.0005431076241378112,0.008978949636961813,0.0,0.0,0.0,0.05826616001134292,0.0012099220979435148,0.0,0.0,0.0,0.0,0.0,0.0,0.0,0.0,0.01966315874404392,0.0,0.0,0.0023171781761021737
s13M3122,0.034440426523323284,0.0,0.00022137840349442656,0.0677434213381856,0.0,0.0005600025558305138,0.7922860024025912,0.013537928613552148,0.0,0.0012648616645241746,0.022309293432437167,0.0,0.0,0.011730329327454436,0.032363812878406416,0.0013498557418307696,0.0,0.0008128467612745424,0.0,0.0,0.0,0.0,0.010867987942104288,0.0,0.0014142508711744034,0.00428456857234674,0.0,0.004813032971469769
s14M3122,0.23735377395841062,0.0,0.0004886850522854266,0.00463151016857914,0.0,0.003992299224340032,0.5014436949447572,0.0,0.0,0.009841941006120476,0.007759535656238779,0.0,0.0,0.04085943706100671,0.0,0.004934448391066976,0.0,0.030895778131277144,0.0,0.0,0.0,0.0,0.10623554550710572,0.0,0.00455884003867471,0.009895343441243775,0.024536739525368435,0.012572427893524902
s15M3122,0.051991517972380344,0.0,0.000747586655022751,0.11157277724928782,0.08183545880565596,0.0,0.514660410389354,0.03468482397751217,0.0,0.00043594458711236134,0.012682266721276658,0.0,0.0,0.0,0.09489923731408971,0.0,0.0,0.0,0.0,0.0,0.0,0.002672656856136954,0.0,0.0,0.08225745551524155,0.0,0.0,0.011559863956929782
s01X3122,0.36622160438741125,0.0,0.0,0.0,0.0017192857495556763,0.004916093991370535,0.12380574489639205,0.0,0.0,0.0,0.0009427694241309497,0.008553112179564516,0.0,0.0759931694341896,0.0,0.0,0.0,0.0,0.003688474246559647,0.12328121116905072,0.0,0.0,0.25154804953604,0.0,0.0,0.024088623801305376,0.006796472787007696,0.008445388397422034
s02T3122,0.10357737314316315,0.0,0.0,0.0,0.0,0.014734088951415527,0.3867531840951924,0.0,0.0,0.005541538793888419,5.6397878747432576e-05,0.0012379716665341382,0.0,0.09147343230857272,0.0,0.01609238522161007,0.002576727689917198,0.06524096336022986,0.0,0.0029507200717338337,0.0,0.0,0.2953316002549878,0.0,0.0,0.011716747317637461,0.0,0.0027168692463700453
s03T3122,0.09081457419087202,0.0,0.0001023613559555245,0.0,0.07535862174097833,0.05506171527162608,0.44826574323449064,0.0,0.0,0.043214030386730856,0.0033413364867314267,0.0,0.0,0.031020792861243655,0.0,0.0010378722918185164,0.0,0.027717080806414697,0.0,0.0,0.0,0.0,0.2147119533759532,0.0,0.0,0.004826071273465055,0.0011888503717096908,0.0033389963520102585
s04T3122,0.0,0.0,0.0005338633977599463,0.0,0.17377535221418755,0.16918470872794142,0.17913053075319785,0.0,0.0,0.024586394821483195,0.0,0.0,0.0,0.011334020843754395,0.0,0.0811919306780544,0.0,0.09346681729333474,0.0,0.0,0.0,0.0,0.20527558191290388,0.0,0.0,0.0005757550481232827,0.04746723218938691,0.013477812119872108
s05T3122,0.0,0.0,0.0003035416372653482,0.0,0.1476488575658174,0.1807726384201092,0.19723516333494248,0.0,0.0,0.1033695774479349,0.0002410612374945657,0.0,0.0,0.0,0.0,0.0,0.0,0.13582319255421557,0.0,0.0,0.0,0.0,0.21587697244613296,0.0,0.0,0.0,0.005071833202712724,0.013657162153374845
s06T3122,0.0,0.0,8.082039793736705e-05,0.0,0.19788033872695487,0.1298715945663781,0.2527841101386942,0.0,0.0,0.15045871205290032,0.0,0.0,0.0,0.005723810419582622,0.0,0.0,0.0,0.06172736177575835,0.0,0.0,0.0,0.0,0.19102620826265146,0.0,0.0,0.0,0.004515560262212405,0.005931483396930308
s07T3122,0.0,0.0,0.0,0.0,0.025159336462260387,0.00874640159580562,0.5723536494430472,0.0,0.0,0.006284048335927582,0.03322798391099961,0.0,0.0,0.045560780326285785,0.0,0.0,0.0,0.07522581479095718,0.0,0.0,0.0,0.0,0.22927825017961714,6.373000889249942e-05,6.028873827663355e-05,0.0040397162079302724,0.0,0.0
s08T3122,0.0,0.0,0.006415250379090022,0.1343077619487055,0.0,0.0,0.0,0.0,0.0,0.0,0.0,0.43983443078315887,0.0,0.0,0.1212653516264903,0.0,0.0,0.0,0.0,0.0063403168659960625,0.0,0.008553569925449478,0.0,0.0,0.021521101719329163,0.0,0.03443180067715859,0.22733041607462195
s09T3122,0.0,0.0,0.0008269647406862343,0.06498352516448568,0.1075170310154486,0.0,0.48683834135448034,0.05539885999835512,0.0,0.004206126814239143,0.0,0.0,0.0,0.0,0.12041058054256941,0.0,0.0,0.0,0.0,0.0002168160315700336,0.0,0.02467046102610818,0.0,0.0,0.10248527870426206,0.0,0.0,0.032446014607795184
s10T3122,0.0,0.0,0.0,0.028590459506748305,0.0,0.0,0.8086278046945042,0.018589981260996664,0.000618425794950471,0.0,0.0010864145707166148,0.0,0.0,0.0007194070782072043,0.059961274676614995,0.0,0.0,0.0,0.0,0.0,0.0,0.004279040541222129,0.006281294499722536,0.0,0.0712458973763165,0.0,0.0,0.0
s11T3122,0.003465324952209328,0.0,0.0,0.06360342127211815,0.0059328336153763464,0.0,0.730386789831356,0.007005922032072601,0.0,0.0,0.0,0.0,7.070510476408325e-06,0.0,0.07743912373752966,0.0,0.0,0.0,0.0,0.0,0.0,0.008023721071546802,0.0,0.0,0.10413579297731464,0.0,0.0,0.0
s12T3122,0.01918025772459376,0.0,0.0,0.05275280806215724,0.0,0.0,0.8218874798972968,0.007044954080042205,0.0,0.00012651518577709188,0.0,0.0,0.0,0.0,0.02895649021720853,0.0,0.0,0.0,0.0,0.0,0.0,4.32853896461058e-05,0.0,0.0,0.07000820944327839,0.0,0.0,0.0
s13T3122,0.0007762283561096476,0.0,0.0,0.05315008954892513,0.024195827355925573,0.0,0.8093507235322324,0.02111099770687982,0.0,0.00044499870900703694,0.0005069383566390258,0.0,0.0,0.0,0.04701635173923719,0.0,0.0,0.0,0.0,0.0,0.0,0.0006900379776090472,0.0,0.0,0.04275780671743495,0.0,0.0,0.0
s14T3122,0.0,0.0,0.0,0.0525976386899575,0.05443436343087849,0.0,0.7722821051430416,0.03931921241364644,0.0003248977930935289,0.0006586995885242755,0.005837751455445277,0.0,0.0,0.0,0.05780862575340352,0.000984540583309264,0.00035370209309387436,0.0,0.0,0.0,0.0,0.0,0.015398463055606122,0.0,0.0,0.0,0.0,0.0
s15T3122,0.07115935907546678,0.0,0.00027009257612517994,0.014287270153152325,0.003951586037048649,0.0009654096278625187,0.7670793242472583,0.00236823346861081,0.0,0.002056254938441248,0.006166688793419361,0.0,0.0,0.02445856359081065,0.0042005609900327145,0.0017890346328173219,0.0,0.002509730426372665,0.0,0.0,0.0,0.0,0.0745838858152212,5.280601131743145e-05,0.008131699610194106,0.004642565541115521,0.0022770740624613703,0.009049860402271525
s03M3222,0.0,0.0,0.0,0.0,0.044367044975653,0.28241114916005366,0.2118376117406258,0.0,0.0,0.1580134131382974,0.0,0.0,0.0,0.011542647499468298,0.02562374471289027,0.0,0.0,0.0,0.0,0.0,0.0,0.0,0.2662043887730115,0.0,0.0,0.0,0.0,0.0
s04M3222,0.0,0.0,0.00034503838929036284,0.0,0.04577864082691228,0.11054309383575767,0.2438393103923808,0.0,0.0,0.11245153441722969,0.0,0.0,0.0,0.01617416779501991,0.0,0.04517870937531131,0.0,0.07268537783121488,0.0,0.0,0.0,0.0,0.3103398825326479,0.0,0.0,0.0,0.02983962163940565,0.012824622964829616
s05M3222,0.0,0.0,4.5110419204085704e-05,0.0,0.2560757759859753,0.08134036109339333,0.06132794522737519,0.0,0.0,0.19795818254583883,0.0,0.0,0.0,0.0,0.000493365193378208,0.0,0.0,0.0,0.0,0.0,0.0,0.0,0.3825518471060848,0.0,0.0,0.0,0.009466702482245007,0.010740709946505144
s06M3222,0.0,0.0,3.850074266139103e-05,0.0,0.1813913132404524,0.08118278499767362,0.12262955131310647,0.0,0.0,0.23638819515039705,0.002318948607485135,0.0,0.0,0.0,0.0,0.009696991054880318,0.0,0.03383744574043338,0.0,0.0,0.0,0.0,0.29637389664841407,0.0,0.0,0.0,0.016922913192863105,0.01921945931163292
s07M3222,0.0660064645382994,0.0,0.0,0.0,0.0,0.057154560564418054,0.632372569429245,0.0,0.0,0.03976591385032858,0.0,0.0,0.0,0.030277365644280504,0.0,0.010343811555001834,0.0,0.05043016091333201,0.0,0.003315732643733751,0.005559168433867887,0.0,0.08440964057247913,0.0,0.0,0.005424361996998752,0.01245898148231173,0.0024812683757035017
s08M3222,0.0,0.0,0.01973708155333173,0.22100384243517193,0.0,0.0,0.00630318110344019,0.0,0.0,0.0,0.0,0.0850234987255121,0.0,0.0,0.009581711363884108,0.0,0.0,0.0,0.0,0.0,0.0,0.0017860971130983791,0.0,0.0,0.005556725161751178,0.0,0.015184920800774514,0.635822941743036
s09M3222,0.0,0.0,0.0009478341474178002,0.30763644986022154,0.19026188815537146,0.0,0.12216642703381,0.052183168021535664,0.0,0.00867702432267372,0.003573626889012227,0.0011927980445990073,0.0,0.0,0.1410891867355527,0.0,0.0,0.0,0.0,0.0,0.0,0.1315987216466686,0.0,0.0,0.0234332420449112,0.0,0.0,0.017239633098225966
s10M3222,0.0,0.0,0.0006580992176085977,0.28446675805922234,0.19895820510900686,0.0,0.2137181292769586,0.032721113691982565,0.0,0.002714171155248718,0.009426632944444837,0.0,0.0,0.0010893655459022922,0.10808440398689127,0.0,0.0,0.0,0.0,0.0,0.0,0.12360675813302538,0.0,0.0,0.02051908147911145,0.0,0.0,0.00403728140059698
s11M3222,0.0,0.0,0.0006831771241097172,0.25974047746888396,0.1679480702356656,0.0,0.3216887960999362,0.003432760127482681,0.0,0.0,0.009648643185424162,0.0,0.0,0.0022880541364223347,0.12338227552253474,0.0,0.0,0.0,0.0,0.0,0.0,0.08395056772012854,0.0,0.0,0.01940268666481954,0.0,0.0,0.007834491714592468
s12M3222,0.004202875240353482,0.0,4.814379328612617e-05,0.22332092245922638,0.14744417517906352,0.0,0.5448576917923633,0.0005238138772360022,0.0,0.00310298481625122,0.01100381421666067,0.0,0.0,0.0,0.05219796167934898,0.0,0.0,0.0,8.173611359663335e-05,0.0,0.00022152237656058177,0.009833753557211493,0.0,0.0,0.0013260243725820933,0.0,0.0,0.0018345805262594346
s13M3222,0.0,0.0,0.0,0.1118597766428964,0.1718162779137035,0.0,0.6238719161541785,0.02250783490232825,0.0,0.005644905049768002,0.016667249271035148,0.0,0.0,0.0,0.04308748416416217,0.0,0.0,0.0,0.0,0.0,0.0,0.004544555901928096,0.0,0.0,0.0,0.0,0.0,0.0
s14M3222,0.09329527007194137,0.0,0.0002769917532927185,0.11069192740335693,0.20296965271454706,0.003400440994209911,0.40360030658814916,0.0038713706990753283,0.0,0.0034043681272308305,0.015704659755055677,0.0,0.0,0.0019472321800822992,0.03008363694258726,0.0048972563791324945,0.0,0.0030952240530992296,1.5264040172420313e-05,0.0,0.0,0.0,0.10883790756654436,0.0,0.0,0.0,0.0,0.013908490731522997
s15M3222,0.011163361327448973,0.0,0.0,0.0,0.0,0.016921762467800052,0.660422002678695,0.0,0.0,0.011910589489416167,0.0,0.0,0.0,0.047070656407156936,0.0,0.010830509564233134,0.0,0.07174661957351176,0.0,0.0038985278367978647,0.0,0.0,0.15550914434936222,0.00017436207783526987,0.0,0.005011116604880688,0.002762520766633039,0.002578826856228934
s01X3222,0.07918924656950856,0.0,0.0,0.0001358636429575747,0.0,0.02147087985274382,0.37111257508200163,0.0,0.0,0.015885642339699323,0.0,0.0,0.0,0.08591752770823512,0.0,0.007188069074517427,0.0,0.006389686903794307,0.0,0.06618379753228565,0.0,0.0,0.27687056884889255,0.0029807095989764797,0.0,0.025760178571074537,0.020724047358600183,0.020191206916713025
s02T3222,0.0,0.0005747691877436546,0.0,0.0,0.0,0.07616597911333034,0.07671875414166303,0.0,0.0,0.0802662368091821,0.0,0.0,0.0,0.0,0.003338960040855105,0.0,0.0020797820532947086,0.3248594351123032,0.0,0.0,0.0,0.0,0.28298669455951947,0.001119718499938222,0.0,0.1518896704821704,0.0,0.0
s03T3222,0.0,0.0,0.0,0.0,0.0,0.056578879470993014,0.09157919746721921,0.0,0.0,0.12657266607233045,0.0,0.0,0.0,0.0,0.0,0.0,0.0,0.28440329896507394,0.0,0.0,0.0,0.0,0.28488234616251673,0.0,0.0,0.15598361186186674,0.0,0.0
s04T3222,0.12243584423107441,0.0,0.00018147758400768809,0.005125300043345914,0.026104958384619053,0.03354660156704792,0.3523106056381604,0.0,0.0,0.032285307703871495,0.0001802598123090344,0.0,0.0,0.010680057825317467,0.0,0.034892162331630235,0.0,0.049008839259387316,0.006017337086513816,0.0,0.0,0.0,0.27044983941118106,0.0,0.0,0.0012492517859063817,0.03900973404521251,0.016522423290415235
s05T3222,0.3093451207558244,0.0,0.0,0.0,0.008981589744506196,0.03575540180714183,0.059575208529590376,0.0,0.0,0.03857026196305123,0.002267276120915802,0.0,0.0,0.0,0.0,0.0,0.0,0.20395349770964558,0.0,0.0,0.0,0.0,0.2926539372592448,0.0,0.0017831264659971073,0.04711457964408277,0.0,0.0
s06T3222,0.0,0.0,0.0,0.0,0.0,0.11904995854274944,0.032969724209584536,0.0,0.0,0.12129960712948153,0.0,0.0,0.0,0.0,0.0,0.0,0.0,0.4766081018101804,0.0,0.0,0.0,0.0,0.20317567455774196,0.0,0.0,0.0468969337502621,0.0,0.0
s07T3222,0.0,0.0,0.0,0.0,0.0,0.08098634262288254,0.08068035173194203,0.0008587233091600907,0.0,0.07661519929085113,0.0,0.0,0.0,0.0,0.009861641054614673,0.005176397198093132,0.0,0.25710702516576633,0.0,0.0,0.0,0.0,0.34973335302867853,0.0,0.0,0.13898096659801157,0.0,0.0
s08T3222,0.0,0.0,0.00597068517416744,0.15317130853697322,0.0,0.0,0.0,0.0,0.0,0.0,0.0,0.22373531504039945,0.0,0.0,0.016707134629748738,0.0,0.0,0.0,0.0,0.006748719952943732,0.0,0.004314965996778806,0.0,0.0,0.013221791640773944,0.0,0.01766478349099677,0.5584652955372179
s09T3222,0.0,0.0,0.00047186501363596174,0.180578295978061,0.3382738636682092,0.0,0.11618071928051639,0.015979404290821415,0.0,0.0,0.009812634113846164,0.0,0.0001516794113081899,0.0,0.18114500515918636,0.0,0.0,0.0,0.0,0.00044087200190240204,0.0,0.0975033006605015,0.017671516379175006,0.0,0.03711855641870607,0.0,0.0,0.004672287624130255
s10T3222,0.09199425440772814,0.0,0.0,0.19243838943609243,0.21269096191593792,0.0,0.1703047470241016,0.0,0.0,0.0,0.003758271934323749,0.0,0.0,0.0,0.13702928669406855,0.0,0.0,0.0,0.0,0.000192339689520609,0.0,0.16147460716298223,0.0,0.0019474565081903567,0.028169685227054476,0.0,0.0,0.0
s11T3222,0.08437679977568183,0.0,0.0,0.1064178490257384,0.19682285198610852,0.0,0.15691076879691737,0.026491437847450644,0.0,0.0,0.0020313912728881283,0.0,0.0,0.0,0.19831852321582683,0.0,0.0,0.0,0.0,0.0,0.0,0.2077316610844068,0.00514423249805953,0.0,0.01575448449692197,0.0,0.0,0.0
s12T3222,0.07222632934542728,0.0,0.0,0.14930600032019334,0.19181058640016152,0.0,0.3267713476157399,0.011615763256556307,0.0,0.0,0.0,0.0,0.0,0.0,0.15628357106336324,0.0,0.0,0.0,0.0,0.0,0.0,0.04328924811298365,0.04665211820559209,0.0,0.0020450356799825357,0.0,0.0,0.0
s13T3222,0.15967995250301875,0.0,0.0009815563904485747,0.1908815211670058,0.2589765776009523,0.0,0.1881592243410858,0.004149995051901205,0.0,0.0,0.004771875041229078,0.0,0.0,0.0,0.12273540965594407,0.0,0.0,0.0,0.0,0.0,0.0,0.03736088275266997,0.009047895520796701,0.0,0.01062800110169228,0.0,0.0,0.01262710887325548
s14T3222,0.008976591814106562,0.0,5.993950476310459e-05,0.031000355311219745,0.00680806212751238,0.0011892770175105517,0.8715057336426921,0.0,0.0,0.006040998018625583,0.0014448943647190455,0.0,0.0,0.007534843963871704,0.00013295920856362298,0.0,0.0,0.012183610807035073,0.0,1.3218087892483996e-05,0.0,0.0,0.049086048908074394,0.0,0.0,0.0,0.0,0.004023467223413615
s15T3222,5.355331469804624e-05,0.0,0.0,0.15463629259178915,0.15463325437440392,0.0,0.60382447623551,0.00314340960292027,0.0,0.017450940919899714,0.019649087268201384,0.0,0.0,0.0,0.041433471414586934,0.0,0.0,0.002629645024596204,0.0,0.0,0.0,0.0004276107309790061,0.0,0.0,0.0,0.0,0.0,0.002118258522415134
s02M3322,0.0,0.0,0.0,0.0,0.024423128614731837,0.0254366774659196,0.36919109931571287,0.0,0.0,0.05387877087995463,0.0,0.0,0.0,0.019348488970152986,0.009551170134476643,0.020946839253107585,0.0,0.07068655888269212,0.0,0.0,0.0,0.0,0.4044904598512422,0.0,0.0,0.0,0.0,0.002046806632009565
s03M3322,0.0,0.0,0.0,0.0,0.11215118333462804,0.0829592283953077,0.2178580819834859,0.0,0.0,0.10321899679197655,0.0,0.0,0.0,0.0,0.04526389053968946,0.0,0.0,0.038154538573796526,0.0,0.0,0.0,0.0,0.4003940803811159,0.0,0.0,0.0,0.0,0.0
s04M3322,0.0838165180402687,0.0,0.0,0.0,0.0,0.003720497096246228,0.546991101165158,0.0,0.0,0.0004930314038677495,0.0015348863426752886,0.0,0.0,0.030564845404449977,0.0,0.004965060045390327,0.0,0.006133398205116516,0.0,0.002972529489247258,0.004275655561154075,0.0,0.30370981808959324,0.0012270486795829642,0.0,0.005133056403709713,0.0022668034305917805,0.002195750642948148
s05M3322,0.0,0.0,0.0,0.0008367905519675412,0.12119227513989556,0.026589306281201,0.28282949045539063,0.0,0.0,0.05103776481279625,0.0005077341115032617,0.0,0.0,0.0,0.016789413952709425,0.018856382676332828,0.0,0.0,0.0,0.0,0.0,0.0,0.4654985156071476,0.0,0.0,0.0,0.00907229560053562,0.006790030810520311
s06M3322,0.0,0.0,1.7146444556718455e-05,0.0,0.2580792652207823,0.05072925173370753,0.0335122987899159,0.0,0.0,0.1724822022883884,0.0,0.0,0.0,0.0,0.036575513612917755,0.0,0.0,0.0,0.0,0.0,0.0,0.0,0.4476330035314571,0.0,0.0,0.0,0.0,0.0009713183782743873
s07M3322,0.0,0.0,5.08857348915383e-05,0.002457496884499599,0.15398528606607711,0.03577209295460117,0.1844760313272203,0.0,0.0,0.03159884193237347,0.0,0.0,0.0,0.0,0.020020299059857007,0.038770954550024044,0.0,0.027471207129751377,0.0,0.0,0.0,0.0,0.47264403123628035,0.0,0.0,0.0,0.017625116934896334,0.0151277561895277
s08M3322,0.0,0.0,0.013431313360076191,0.33980258441392963,0.0,0.0,0.0,0.0,0.0,0.0,0.0,0.13773071670643214,0.0,0.0,0.008173152766840493,0.0,0.0,0.0,0.0,0.0026494992424121767,0.0,0.0009771260618438066,0.0,0.0,0.006094936954233751,0.0,0.0006769296495658211,0.49046374084466604
s09M3322,0.0,0.0,0.0007994095064568766,0.13960501993963836,0.23137478930626967,0.0,0.09010157315851434,0.011821970426881193,0.0,0.0,0.01174199382153441,0.0,0.0,0.000616499398664176,0.2025966339901057,0.0,0.0,0.0,0.0,8.05103152562499e-05,0.0,0.26559213923250824,0.0,0.009002758344294702,0.03666670255987604,0.0,0.0,0.0
s10M3322,0.0,0.0,0.0008218895685109605,0.22977076500560056,0.35069417290918997,0.0,0.18873191277527632,0.0,0.0,0.0020009337804845484,0.0032432258855950445,0.0,0.0004997074296512914,0.00043852122595283564,0.13128637801681195,0.0,0.0,0.0,0.0,0.0016038661335811674,0.0001670018665552047,0.05403300998283925,0.01379783045321986,0.0,0.0017296647443481924,0.0,0.0,0.021181120222382832
s11M3322,0.025953792893379204,0.0,0.00035959900192390727,0.2451384033796591,0.3117805995200268,0.0,0.19940481076278016,0.0016418561010139504,0.0,0.002373883643266988,0.0009946306414569343,0.0,0.0004063930584878253,0.0,0.0865328863289439,0.0,0.0,0.0,0.0,0.0013000259056222374,0.0,0.05642321028845583,0.04344187454790273,0.0,0.014699308892961515,0.0,0.0,0.009548725034118985
s12M3322,0.08617908886942818,0.0,0.0013647620881916532,0.1563473881956769,0.34807039792984645,0.0,0.18880485616170406,0.004837276703327129,0.0,0.009167766314727375,0.004613018832446485,0.0,0.0,0.0,0.08115503670545719,0.0,0.0,0.0,0.0,0.0013496734043673838,0.0,0.03497904004945123,0.04102413519217939,0.0,0.0,0.0,0.0,0.04210755955319667
s13M3322,0.061241799052928064,0.0,0.000987690029082375,0.0836133856297947,0.36678796612579145,0.0,0.1750159856573726,0.03576246604313711,0.0,0.002854830900179536,0.0,0.0,0.00033943000608645734,0.0,0.1416649402609307,0.0,0.0,0.0,0.0,0.0008700322540348086,0.0,0.03727153567599052,0.0662204784235308,0.0,0.0,0.0,0.0,0.027369459941140685
s14M3322,0.0,0.0,0.00039927194819242196,0.11623387983962316,0.29844943277504915,0.0,0.3461110780783382,0.024655434559039208,0.0,0.013188557400809464,0.001201623792003832,0.0,0.0,0.0,0.06534218683228506,0.0,0.0,0.0,0.0,0.0012255255297415034,0.0,0.011965530797491904,0.10370124188538107,0.0,0.0,0.0,0.0,0.01752623656204497
s15M3322,0.047844582865847654,0.0,0.0008007731422969056,0.07358589423658901,0.16500916098759547,0.00116497322296954,0.38419586332698275,0.006031659961657684,0.0,0.005016393188758722,0.004707614496198401,0.0,0.0,0.0,0.031328911523929436,0.0,0.0,0.031114981318160113,0.0011419421709608533,0.002045930812945137,0.0,0.014856743652450613,0.16248214302719288,0.0,0.0044693034779945745,0.03646418013980658,0.0,0.027738948447663694
s01X3322,0.23269077148253214,0.0,0.0,0.0026297260743764184,0.0,0.03336479507233124,0.0661017824013877,0.0,0.0,0.021662633603261712,0.00015116324292647793,0.0,0.0,0.0,0.011034216727500898,0.0,0.0,0.06464431887729406,0.0015177514885567909,0.006398918505780563,0.0,1.6814798491084158e-05,0.45712677565454296,0.0,0.0003845385627001517,0.10227579350831764,0.0,0.0
s02T3322,0.0,0.0,0.0,0.008335039737908941,0.0,0.016406436767090308,0.029441684627049904,0.0,0.0,0.0,0.0,0.0013346327616352276,0.0,0.037141226053608124,0.0,0.003474105639959976,0.0,0.10762878105652804,0.0,0.03966875560203075,0.0,0.0,0.7322036245137135,0.0014326268482452746,0.0008994733284050027,0.0184974903594085,0.0,0.0035361227044165837
s03T3322,0.42302518060030514,0.0,0.00016477769318913628,0.00319333327980775,0.0,0.012143244491496705,0.0,0.0,0.0,0.0008817459600231583,0.0,0.0,8.235705268613704e-05,0.0035554829310725455,0.03109246127592678,0.0,0.0,0.009728129718273942,0.0,0.0,0.0,0.0,0.5102287014085842,0.0,0.0007789447177309592,0.0,0.0011995153601908669,0.0039261255107126605
s04T3322,0.4296815982500128,0.0,0.0,0.005156206601280777,0.0,0.023343241305666187,0.02003830248439985,0.0,0.0,0.014862283494303349,0.0,0.0,0.0,0.028004525733841535,0.0,0.0014964975631024274,0.0,0.030333635510033305,0.0029058575871282076,0.0004073356464655525,0.00012791061230007586,0.0,0.3817486347540091,0.0,0.00612582938416009,0.008895629016148699,0.03689614032237718,0.009976371734770959
s05T3322,0.2987427425585555,0.0,6.996188170212842e-06,0.01307214895007175,0.0,0.020789827939086094,0.01894652498809236,0.0,0.0,0.018673182258206036,0.0,0.0,0.002014916647264494,0.028489426699507416,0.017881806083851634,0.0,0.0,0.039444664897619955,0.00021065249922540163,0.0,0.0,0.0,0.4971909635263099,0.0,0.0037656167021477317,0.0,0.03014085872544126,0.010629671336450468
s06T3322,0.038762841321205756,0.0,0.0,0.02339755649724149,0.0,0.03719118997930801,0.002968545545658825,0.0,0.0,0.02530544426783827,0.0,0.0,0.00262063382311984,0.04669433311453239,0.05144716003985303,0.009047771513684428,0.0,0.06917815988419242,0.002574514550970633,0.008421034659859678,0.015363450175779307,0.0,0.6430866804112565,0.0,0.004978821760669638,0.0,0.006594457215262459,0.012367405239567355
s07T3322,0.2822169401463312,0.0,1.4079227040998225e-05,0.013922702366663235,0.0,0.004383625750228051,0.04944415470128823,0.0,0.0,0.0,3.0922437659505215e-05,0.0,0.002262966708350786,0.09620433513718551,0.0,0.0,0.0,0.058708101395482576,0.0,0.02225386410473202,0.0,0.0,0.4273395111098996,0.0,0.006931582344157033,0.022982918908461696,0.004980520473909256,0.0083237751886101
s08T3322,0.0,0.0,0.0,0.12175509229968037,0.0,0.0,0.0,0.0,0.0,0.0,0.0,0.1815364384328374,0.0,0.0,0.0,0.0,0.0,0.0,0.0,0.0,0.0,0.004563929826095019,0.0,0.0,0.013160110515684203,0.0,0.00457865067095383,0.6744057782547492
s09T3322,0.11383971834870106,0.0058711652931802555,0.0,0.0685600964912527,0.13940801594147606,0.0,0.19398436020931586,0.0,0.0,0.0,0.00017438103530400214,0.002381789719184896,0.0,0.0,0.042003900615242146,0.0,0.0,0.0,9.543566077868194e-05,0.00021145347587202224,0.0,0.14038037712543197,0.0002481087969706154,0.0,0.28966568201965154,0.0,0.002312707219025435,0.0008628080486127308
s10T3322,0.048489591944168305,0.0,0.0,0.1099624686495372,0.16307485725779455,0.0,0.423125677837796,0.0,0.0,0.0,0.0,0.0,0.0,0.0001850425270052865,0.06367758267310082,0.0,0.0,0.0,0.002463339286113127,0.0,0.0,0.04786732717066623,0.050492480408296334,0.0,0.09066163224552226,0.0,0.0,0.0
s11T3322,0.07039846910776423,0.0,0.0,0.08951012367476888,0.22215595305600688,0.0,0.20837599878429033,0.0,0.0,0.001192049915870758,0.0015463968939926965,0.0,3.988414143937158e-05,4.8566838448875184e-05,0.06058541911830977,0.0,0.0,0.0,0.0015664816922775283,0.00025222300588477334,0.0,0.10324577930245787,0.009084552373053771,0.0,0.2319981020954342,0.0,0.0,0.0
s12T3322,0.005958173151949522,0.0,0.0,0.10879903276789596,0.18089471055865985,0.0,0.5192669180934532,0.0,0.0,0.008345357001448511,0.007785151401743263,0.0,0.00021868779001805392,0.0024496596289648597,0.0330107299414201,0.0,0.0,0.0028310577681457914,0.0015573657664542345,0.0,5.0859554168713185e-05,0.021930089452013662,0.03722458359559529,0.0,0.06679853944778204,0.0028790840802869816,0.0,0.0
s13T3322,0.0,0.0,0.0,0.054791583384772684,0.15506208665029436,0.0,0.4472917611062625,0.005702779394792603,0.0007054162468583954,0.028401450406115355,0.01276294694146824,0.0,0.0,0.008383191592169182,0.032377882069231936,0.0,0.0,0.03758999512212439,0.0,0.0,0.0,0.0030026282048686587,0.20626260373632288,0.0,0.0021884255222950205,0.00547724962242377,0.0,0.0
s14T3322,0.0,0.0,0.0003545091411589041,0.020298172885964565,0.037562556516591884,0.0,0.34252200675558236,0.007191112962346271,0.0,0.004211386238908551,0.0031312205144753843,0.0,0.0,0.03702389724321515,0.033522306206055154,0.0,0.0,0.09010199151148433,0.0,0.0,0.0,0.0013343144665785751,0.4002345317283715,0.0,0.0025808850660369483,0.013534653023070647,0.0,0.006396455740159871
s15T3322,0.0,0.0,0.00029681118419459346,0.032839184522743516,0.003612561298699828,0.0010855038240367165,0.33005790094136084,0.005373915023923517,0.0,0.004164860146857965,0.0027467869610633584,0.0,0.0,0.03987209530562613,0.007385011615536384,0.0,0.0,0.1529172002378877,0.0,0.0,0.0,0.0023042149139016112,0.38377876481332424,0.0,0.004542733787631961,0.019785116767394285,0.0,0.009237338655817369
s02M3422,0.19343375930970544,0.0,0.0,0.012460146715466995,0.0,0.022043264434630075,0.011131596886699919,0.0,0.0,0.013979811886268009,8.607775712200639e-05,0.0038483060747549216,0.0012258958844950883,0.026874452638187,0.0,0.001045704304470893,0.00014027149990563224,0.0,0.0,0.030985725259634896,0.0,0.0,0.6776334574900049,0.0,0.0008556585701801027,0.0,0.0,0.004255871288473958
s03M3422,0.056534834383216895,0.0,0.0,0.01993686012271675,0.0,0.00906413616977153,0.015619998187995176,0.0,0.0,0.013938323922713136,0.0010915509598406015,0.0003743087408947517,0.0016286872796725457,0.05176207741385351,0.0,0.0022573930859207053,0.0,0.0,0.0,0.029298526355133154,0.009435710474392464,0.0,0.780636176121291,0.0,0.003000345985004671,0.0,0.0,0.005421070797583277
s04M3422,0.16433536277372982,0.0026842386858097695,0.0,0.015582127453220442,0.0,0.03663641372424343,0.009164226979281417,0.0,0.0007169780652502731,0.01159662548279625,0.0,0.0,0.00025661092723174906,0.04055959644558606,0.0,0.01086872214916165,0.0,0.0,0.0,0.025405745089569973,0.008787820677142618,0.0,0.6103879766871613,0.0,0.012401330169738281,0.00209769298695845,0.034190007781864276,0.014328523921254346
s05M3422,0.38006217751795246,0.0,0.0,0.012401476351537096,0.0,0.00349450691368865,0.026384763672480802,0.0,0.0,0.0,0.0,0.0,0.0,0.016533435878784815,0.0,0.0035599012454080306,0.0,0.0,0.0,0.0008362123586220508,0.0,0.00020064611551376052,0.5028397830610749,0.0,0.0022231963124263524,0.0,0.04339229221224183,0.008071608360269149
s06M3422,0.0,0.0,0.0,0.006894218391259103,0.0,0.14121449386946683,0.0,0.003129600647847543,0.0,0.05104464393396173,0.0,0.0,0.0,0.00024870390231648967,0.07297232524947915,0.0,0.0,0.0,0.0,0.0,0.0,0.0,0.7070738913346216,0.0,0.00023682576519939644,0.0,0.00836966476257599,0.008815632143272236
s07M3422,0.1649356390079188,0.0,0.0,0.015031469432232002,0.0,0.0,0.04618194501392305,0.0,0.0,0.0,0.0,0.0023217461083950303,0.0,0.10208399576804526,0.0,0.0,0.0,0.0,0.0,0.08683785663938386,0.0006089005538760408,0.0,0.5670735443393486,0.0,0.006916408999998673,0.0051796951206233115,0.0,0.00282879901625533
s08M3422,0.0,0.0,0.016356874671240865,0.04347899714122491,0.0,0.0,0.0,0.0,0.0,0.0,0.0,0.021539223739781194,0.0,0.0,0.01234617462625766,0.0,0.0,0.0,0.0,0.00023778528009440493,0.0,0.002396687789366206,0.0,0.0,0.005037286889402553,0.0,0.009241918700677329,0.8893650511619549
s09M3422,0.0,0.0,0.0,0.007903374619264974,0.031696644788314535,0.0,0.010638502406462788,0.015611823586709006,0.0,0.0003084200041287115,0.0,0.06105228001261796,0.0,0.0,0.01612333725233088,0.0,0.0,0.00038056168285166884,0.0,0.0,0.0,0.4538550745100384,0.0,0.0,0.38364036158256015,0.0,0.0,0.018789619554720884
s10M3422,0.0,0.0,0.00019807445961196086,0.0,0.0,3.488489933762142e-05,0.04420904606228782,0.0,0.0,0.0003087505755607192,0.0006702353000652562,0.0,0.0,0.0,0.0,9.955534647766597e-05,0.0,0.00045921211931289,0.0,0.0,0.0,0.28338212880803737,0.0,0.0,0.6706381124293086,0.0,0.0,0.0
s11M3422,0.0,0.0,0.0,0.014346394190068388,0.11591992422157442,0.0,0.04395791058902478,0.002580289013263221,0.0,0.0,0.0,0.0,0.0,0.0,0.01393283354331596,0.0,0.0,0.0,0.0,0.0,0.0,0.33449261033248784,0.03506631428055916,0.00029193471984250715,0.4394117891098637,0.0,0.0,0.0
s12M3422,0.0,0.0,0.0,0.0449176089101337,0.06319440677128504,0.0,0.5383457207599094,0.0,0.0,0.0,0.005277123462178286,0.0,0.0,0.03663608097186929,0.01975940327187253,0.0,0.0,0.0,0.0,0.0,0.0,0.012359377373427592,0.2508694180118347,0.0011181473004425637,0.025865145642191143,0.0016575675248558606,0.0,0.0
s13M3422,0.0,0.0,0.0,0.02785886653079512,0.12556373530074985,0.0007391301088060079,0.24534769632573813,0.009992636002634048,0.0,0.021046825324601736,0.00517406723227351,0.0,0.0,0.03566605061439286,0.04335468810759657,0.0,0.0,0.0033930745694553213,0.0011699321134733887,0.0,0.0,0.00017426866290549354,0.476311862936278,0.0,0.0042071661702998715,0.0,0.0,0.0
s14M3422,0.0,0.0,0.0,0.023130185162127143,0.01592591253692701,0.0,0.32497356677230216,0.005177424115821579,0.0,0.007694191798362804,0.0038592515747200616,0.0,0.0,0.06748335535933611,0.0,0.0,0.0,0.0,0.0005814504060929825,0.0026966748590994084,0.0,0.0018784540549297193,0.5390312639130345,0.002934797605875238,0.0046334718413712644,0.0,0.0,0.0
s15M3422,0.0,0.0,0.0,0.01767256952572155,0.0,0.0,0.3021785640825596,0.0,0.0,0.0007765663293257276,0.0002053527649764699,0.0007898428894559694,0.0,0.08221772129904738,0.0,0.0,0.0,0.0,0.00822718448410646,0.007212572543944284,0.0,0.0,0.5764079856656598,0.0014522632166482302,0.002859377198554512,0.0,0.0,0.0
s01X3422,0.0,0.0,0.0,0.0013357797145980826,0.0,0.022182296230381975,0.034794330438237986,0.0,0.0,0.003610702479752476,0.0,0.0,0.0,0.0455238632655142,0.0,0.0,0.0,0.013952906919596046,0.0017473788143060347,0.029413476053452594,0.0,0.0,0.817739276296679,0.00022188839150239444,0.0,0.029478101395979346,0.0,0.0
s02T3422,0.0,0.0,0.0,0.0009430919705461592,0.0,0.0,0.21592410612776566,0.0,0.0,0.018307432535329654,0.0,0.0,0.0,0.04050922099692872,0.0,0.0023243857860003707,0.00016799608846166552,0.20858365464329026,0.0,0.0006199160348837815,0.0,0.0,0.39228222953754227,0.0,0.0,0.12033796627925163,0.0,0.0
s03T3422,0.0,0.0,0.0,0.0008438993675916126,0.0,0.009991992965530338,0.12343578193026276,0.0004363128274641133,0.0,0.06401245136877876,0.00021293101751949516,0.0,0.0,0.016034773063912048,0.005208473832552879,0.0,0.0,0.28902445078538924,0.0,0.0,0.0,0.0,0.4149502560638436,0.0,3.08343020495434e-05,0.07581784247510569,0.0,0.0
s04T3422,0.1587847481983811,0.0009837192438470449,0.0,0.013114007951555946,0.0012873358618525174,0.012312157027601932,0.1555839452576907,0.0,0.0,0.02206377788379985,0.002301591435929523,0.0,0.0,0.01618347842558856,0.0,0.00289309224326896,0.0,0.16905893613406686,0.0,0.0008904901329662328,0.0,0.0008098779735141935,0.3575833878172569,0.0,0.005577403279850264,0.07053866989550361,0.007216082980585,0.0028172982567407144
s05T3422,0.12575154568617203,0.0,1.2129994984081263e-05,0.024958602594454593,0.04811620960014235,0.00460308751860504,0.13277991883609389,0.0,0.0,0.022952737303178528,0.0011183956457309946,0.0,0.0,0.010239931274425847,0.012091054309812933,0.010009545287295423,0.0,0.14195244529206666,0.0,0.0,0.003259992261951515,0.0,0.4062075443157771,0.0,0.0023050896790834745,0.05135083127155372,0.0,0.002290939128671692
s06T3422,0.0,0.0,1.0389072738213322e-05,0.017836389133304445,0.04185922781110851,0.008778745535763587,0.21826776456813934,0.00043916538447412266,0.0,0.034069734483225325,0.00189523088870582,0.0,0.0,0.033604398919818576,0.0,0.01556964202876651,0.0,0.1922905508318066,0.0,0.0,0.0,0.0,0.38288556985491995,0.0,0.0004280576541460684,0.03261315888206849,0.009016855618286197,0.010435119332728393
s07T3422,0.0,0.0,0.0,0.013252012551817995,0.0,0.0,0.5938787537384211,0.0,0.0,0.004810286266929584,0.0006740611349583995,0.0,0.0,0.03572678566026987,0.0,0.0,0.0,0.045837747761737956,0.0,0.0,0.0,0.0,0.19911239472338532,0.0002347101252422554,0.0,0.10647324803723744,0.0,0.0
s08T3422,0.0,0.0,0.0,0.05281187851404796,0.0,0.0,0.0,0.0,0.0,0.0,0.0,0.05943322301184567,0.0,0.0,0.012465232491493115,0.0,0.0,0.0,0.0,0.001971506302336047,0.0,0.004951848592672745,0.0,0.0,0.0067971434663085945,0.0,0.0010613614969974192,0.8605078061242984
s09T3422,0.0,0.0,0.0,0.21877508562629125,0.3989447310028478,0.0,0.24358242001704572,0.0,0.0,0.005055982509279185,0.008491731701790121,0.0,0.0,5.910644554299306e-07,0.02476686488380114,0.0,0.0,0.0,0.0,0.0,0.0,0.10038259319448936,0.0,0.0,0.0,0.0,0.0,0.0
s10T3422,0.0,0.0,0.0,0.3192914382462475,0.23897451529052788,0.0,0.32257418193536647,0.0,0.0,0.0010134507075387684,0.0012676967587307113,0.0,0.0,0.0006080667436288417,0.026791980075471546,0.0,0.0,0.0,0.0,0.0,0.0,0.056322602865623024,0.031428518136153605,0.0,0.001727549240711667,0.0,0.0,0.0
s11T3422,0.0,0.0,0.0,0.16816428276145673,0.250761395092384,0.0,0.44482052795343996,0.0,0.0,0.0009067101732480034,0.0018097774966963115,0.0,0.0,0.0021213668793463873,0.054020999440910544,0.0,0.0,0.0,0.0,0.0,0.0,0.051293693223303426,0.021517473490000816,0.0,0.004583773489213791,0.0,0.0,0.0
s12T3422,0.0,0.0,0.0,0.0918073286313765,0.31827344222374504,0.0,0.3963738132055194,0.0,0.0,0.004568481268823394,0.005369696553829938,0.0,0.0,0.002595720520417978,0.0605426519053124,0.0,0.0,0.0,0.0,0.0,0.0,0.06725962664954227,0.05223044463507554,0.0,0.0009787944063574983,0.0,0.0,0.0
s13T3422,0.0,0.0,0.0,0.1561685505840173,0.17479572332457874,0.0,0.5364227580645304,0.0,0.0,0.0014612623118319512,0.0,0.0,0.0,0.0028166392520750172,0.02025054524767632,0.0,0.0,0.0,0.0,0.0,0.0,0.05858624120064863,0.046818173253421844,0.0,0.002680106761219763,0.0,0.0,0.0
s14T3422,0.0,0.0,0.0,0.11541751257391634,0.22569515152507702,0.0,0.5482622901620868,0.0,0.0,0.006238192464199174,0.002428385585131781,0.0,0.0,0.0030051665365502227,0.04352357944489229,0.0,0.0,0.0005564606548586077,0.0,0.0,0.0,0.018999213996573214,0.032431977803242425,0.0,0.003442069253471952,0.0,0.0,0.0
s15T3422,0.016989358292301422,0.0,0.00040776983691327544,0.057775019281254884,0.23596905594169737,0.02822310292399161,0.24895931178487138,0.0,0.0,0.03601638400287053,0.010586582809552918,0.0,0.0010682243977175774,0.0,0.01090621332053034,0.03464528077160006,0.0,0.15782289836678712,0.0,0.0,0.0,0.005988607012672703,0.08665967180361922,0.0,0.013949537335421498,0.018618174560990196,0.019112410689702288,0.016302396867505647
s02M3522,0.015777017443194194,0.0,0.00011356672936128536,0.0030053142864654068,0.08055778589040662,0.04491988763251743,0.0420880082701116,0.0,9.224849721978005e-05,0.039341385223007765,0.0025604454139910777,0.0,0.0,0.03801251744726935,0.0,0.0,0.0,0.054915245929013534,0.0018606418322479204,0.009878429819712854,0.00907562668780552,0.0,0.5836030179597819,0.0,0.0031182952965467447,0.005554616717113301,0.058128405949792676,0.007397542974441219
s03M3522,0.23397205748498673,0.0,0.0,0.013645226962112164,0.05986965158589258,0.008987691880506849,0.01966203545409415,0.0,0.0,0.0015550720825468678,3.0018048178906922e-05,0.0,0.0,0.029338251233777167,0.0,0.0,0.0,0.0,0.007759327234677227,0.0069003525666061685,0.0011801108106688166,0.0,0.5183884247962843,0.0,0.0028182198594169368,0.004013274188070083,0.07414363741931217,0.017736648392868905
s04M3522,0.05086243432984772,0.0,0.0,0.025725258386782624,0.08780468435132678,0.06931281833288913,0.0035706034183793254,0.0,0.0034913112368618864,0.05038147682222991,0.0,0.0,0.0,0.03407910639982513,0.0,0.04473693431819407,0.0,0.020981888922562985,0.015467729079159002,0.0024860960126227207,0.012083281648015651,0.0,0.490454693033924,0.0,0.00257807488147775,0.005724201462682107,0.06336822170483825,0.01689118565838124
s05M3522,0.13834011768940452,0.0,0.0,0.019533843616492005,0.044016504887131346,0.03214888386534331,0.02319875118606388,0.0,0.00040959358016215923,0.012880076541291363,0.00024663876777337795,0.0,0.0019471950249032044,0.04322246199882919,0.0,0.006054528775429105,0.0,0.0,0.0024543908589141706,0.0,0.0043010449507273,0.0,0.548653630751443,0.0,0.0016549402043355263,0.0001736088782251749,0.09849483764655191,0.022268950776979483
s06M3522,0.12628891087286714,0.0,0.0,0.023640747264581905,0.051032536213534735,0.03486295818924195,0.029174554324130766,0.0,0.0010869376143477444,0.005842397961503237,0.0,0.0,0.0,0.033443447340445416,0.0,0.018286836791629926,0.0,0.0,0.010737296789271133,0.0,0.011023556931779898,0.0,0.5341465686351199,0.0,0.005323735320878247,0.0,0.08980564640764034,0.025303869343027634
s07M3522,0.0,0.0,0.0,0.011091758571813964,0.03999312552968266,0.07344719509365058,0.027631311029056596,0.0001840705190273417,0.0003104664008136299,0.026047955406356054,0.0,0.0,0.0008231582729638678,0.04875976800190582,0.002508047979207754,0.011489371792309109,0.0,0.0005931074308485544,0.006264540742372072,0.0,0.0,0.0,0.616014819824466,0.0,0.001607342947816628,0.0,0.10727956517857717,0.025954395279132098
s08M3522,0.0,0.0,0.008301958134164818,0.033424711366945734,0.0,0.0,0.00030386673536283445,0.0,0.0,0.0,0.0,0.0,0.0,0.0,0.0,0.0,0.0,0.0,0.0,0.0,0.00024927295566067856,0.0,0.0,0.0,0.0,0.0,0.027643082153824338,0.9300771086540416
s09M3522,0.0010820286174385392,0.04209717060986473,0.0,0.11065779432946583,0.23392940678282528,0.0,0.22422629521053813,0.0,0.0,0.0,0.0,0.004146027153029446,0.000991505080344424,0.0013205848156620525,0.09764893796079938,0.0,0.0,0.0,0.002685624652795543,0.0011740358509338294,0.0007923300053142738,0.20380402493548685,0.03927459927146524,0.0,0.031321235771297154,0.0,0.004848398952739331,0.0
s10M3522,0.08024472836758416,0.001573552036622461,0.0,0.13664353184304934,0.20316295974599577,0.0,0.3717847672316577,0.0,0.0,0.0,0.0,0.0014963076287641875,0.0,0.0,0.10919555195096219,0.0,0.0,0.0,0.012081348481756083,3.811179346138692e-05,0.0,0.02013828452953489,0.06364085639061184,0.0,0.0,0.0,0.0,0.0
s11M3522,0.0,0.0,0.0,0.1916114573067137,0.1781753801095435,0.0,0.547965667303146,0.0,0.0,0.0,0.0023388516471278624,0.0,0.0,0.00019661132033176086,0.03517193882087609,0.0,0.0,0.0,0.00042193470985657554,0.0,0.0,0.019978126170250556,0.020410841754840064,0.0,0.003729190857314002,0.0,0.0,0.0
s12M3522,0.0,0.0,0.0,0.10200759186540077,0.1948415767541455,0.0,0.34898638026455564,0.0,0.0,0.0,0.023515788555231773,0.0,0.0006474321223272216,0.05513538067823486,0.02065602904235151,0.0,0.0,0.0,0.001153052097358123,0.0007147561457154625,0.0,0.004227159893487356,0.24240413815119705,0.0,0.00040946549281599046,0.005301248937178893,0.0,0.0
s13M3522,0.0,0.0,0.0,0.051314037413909316,0.1336045062097255,0.0,0.3342968227821535,0.0,0.0001617220293987472,0.0,0.01284979676149147,0.0019861099967737076,5.689144177187419e-06,0.09026339138083565,0.006673638442326041,0.00013083054454536645,0.00020855189487417977,0.0,0.0006651414584197165,0.0031488686796493407,0.0,0.0,0.35760467343868163,0.0,0.0,0.007086219823038655,0.0,0.0
s14M3522,0.27562308491938414,0.0,0.0,0.05808205393455758,0.06723024267853084,0.0,0.21229804751560832,0.0,0.0,0.0,0.012631724921995685,0.001424386242521887,0.0005311710299583778,0.08865161490890333,0.0,0.00040048744536495205,0.00033679426081794885,0.0,0.0,0.0013942987284636802,0.0,0.00579936642826391,0.24090175842908085,0.0,0.0007304376510922073,0.02188290209583536,0.012081628809620973,0.0
s15M3522,0.06860369454362691,0.0,0.0,0.02152062324381362,0.0,0.01910603454507302,0.14385187958275816,0.0,0.0009174930275783665,0.002803011826009227,0.0020893209777412772,0.00021735560414983665,0.002420951418596959,0.13264461290095417,0.0,0.0010587388803895818,0.0,0.019813389847346645,0.00015242658672239858,0.0010943909713674433,0.0,0.0006368984833199553,0.5303607892825734,0.0001127177138021945,0.0,0.008172323596042655,0.03559617238159062,0.00882717458654363
s01X3522,0.0,0.0,0.0,0.012644447011557126,0.10114052413890383,0.08127176175372579,0.0,0.0,3.3165699994563715e-05,0.036449087038944575,0.0,0.0012437490901787043,0.0,0.005954775817297621,0.0,0.002775952957343529,0.0,0.04576899287892252,0.0,0.010116581348768345,0.0,0.0,0.5274865766748612,0.0,0.0,0.0,0.15961172475757945,0.015502660831922772
s02T3522,0.0,0.0,0.0,0.016319452386842598,0.0,0.01368723878379227,0.2086675462310489,0.0,0.0,0.006127511193234245,0.0,0.0,0.0,0.12427236846775613,0.0,0.009057758201161238,0.0,0.09707496454574975,0.0,0.001667902815864193,0.0,0.0,0.4355929397562652,0.0,0.0,0.02921519200203269,0.0520122240418088,0.006304901574444099
s03T3522,0.0,0.0,0.0,0.011081765302134353,0.0,0.018842958170662207,0.29251042970666147,0.0,0.0,0.007693441079133037,0.0,0.0,0.0,0.10006860851902702,0.0,0.003135963252384295,0.0,0.08996899366654153,0.0,0.0,0.0,0.0,0.38954951846289587,0.0,0.0,0.04091291495828331,0.043313598714404634,0.0029218081678723906
s04T3522,0.0,0.0,0.0,0.019306817872673954,0.09189342152885129,0.035900796789071245,0.11965779230189992,0.0,0.0,0.012659712243694264,0.0,0.0,0.0,0.050942633351294064,0.0,0.018501925324512607,0.0,0.09657368008650559,0.0,0.0005919824293957218,0.0,0.0,0.42016214426105947,0.0,0.0,0.012966829075895362,0.10789922600784971,0.012943038727296765
s05T3522,0.104023699960289,0.0,0.0,0.009780930180022199,0.171162743970328,0.008250858456081972,0.05792517142003191,0.0,0.0,0.012344246747799372,0.004217083166830538,0.0,0.0,0.004291640779913169,0.0,0.0028223408369422234,0.0,0.04250381908538037,0.0,0.0,0.031476290060142964,0.0,0.4844761352756306,0.0,0.00446968703109995,0.00039153849496344976,0.05348659194732386,0.008377222587220486
s06T3522,0.19491780781960957,0.0,0.0,0.006917958164854775,0.10897936869871215,0.04561290753934227,0.06790504766943045,0.0,0.0,0.02270712304682443,0.002028021188705733,0.0,0.0,0.0007570734306169254,0.0,0.003166579296242794,0.0,0.05631385433432189,0.0,0.0,0.008065331956691636,0.0,0.3506523804382966,0.0,0.0009422706042273253,0.008898792929137676,0.10746357556177989,0.014671907321205964
s07T3522,0.0,0.0,0.0,0.01980597048617568,0.05912959426401668,0.011714433227514932,0.31380794966061903,0.0,6.125179018399652e-05,0.005758897804692559,0.0034179052452299845,0.0,0.0,0.07417148363879356,0.0,0.026911076086940097,0.0,0.05290968949102031,0.0,0.005693953232297358,0.0,0.0,0.32652709741411684,0.0,0.0012332428752630717,0.03468871058094444,0.05547146854883754,0.00869727565335383
s08T3522,0.0,0.0,0.0288519125565914,0.05857366670809985,0.0,0.0,0.0002716657427192463,0.0,0.0,0.0,0.0,0.014324133314203805,0.0,0.0,0.01630527181628475,0.0,0.0,0.0,0.0,0.0032616022742339664,0.0,0.0016027306262925926,0.0,0.0,0.0015240479434907267,0.0,0.029055166636870074,0.8462298023812136
s09T3522,0.0,0.00819714947273669,0.0007798197863950767,0.1185788597934641,0.2287095392176958,0.0,0.2535338000233627,0.0,0.0,0.0016323107651096942,0.008127354577886792,0.02889780477266483,0.0,0.002624398733058825,0.09476132100416738,0.0,0.0,0.0,0.0,0.0007276478129578398,0.0,0.16956992880603247,0.0024051954829545246,0.0,0.034514444606987785,0.0,0.005393211556041346,0.04154721358848412
s10T3522,0.0,0.0026553035383355787,2.7086366539715417e-05,0.14475489699797428,0.2296998718111721,0.0,0.33349974603071475,0.0,0.0,0.0012825875209331442,0.01256162394351499,0.0,0.0,0.008156457965036733,0.10019416705991317,0.0003527656597351153,0.0,0.0003601880085540112,0.00013288557936579586,0.0005216257728375423,0.0002971334124304176,0.09895819062494715,0.02186711251730588,0.0,0.03529729310376142,0.0032289578464887087,0.006152106240439503,0.0
s11T3522,0.0,0.0,0.0,0.12618134794470015,0.2502771516888085,0.0,0.41385926387510935,0.0,0.0,0.001962625399431756,0.017341090124597,0.0,0.00035362913415942765,0.009374119904621727,0.07215389441777097,0.0,0.0,0.0005578459790254117,0.00030786831183728124,0.00014254731349250127,0.0,0.04322664004311026,0.04730125759847552,0.0,0.011042047553435847,0.001454320446708854,0.004464350264715376,0.0
s12T3522,0.0,0.0,0.0,0.1328545757322817,0.26021144137058766,0.0,0.38739895022752885,0.0,0.0,0.016543686116369263,0.023237853244526284,0.0,0.0,0.0059346128799986925,0.0516329350475953,0.0075756768444344945,0.0,0.009128912780563736,0.0,0.0,0.0,0.021320341966987375,0.06616850452734471,0.0,0.006360838095025731,0.00029257568476393945,0.011201541745339157,0.00013755373665300853
s13T3522,0.0,0.0,0.0,0.13057467108140114,0.24084925149953945,0.0,0.4014682718044179,0.0,0.0,0.008270796998220115,0.015217467549154899,0.0,8.476035269577248e-05,0.007756880946990932,0.08339481931665764,0.0,0.0,0.0,0.0001806306863817688,0.0,0.0,0.024417348482738136,0.0825905236889354,0.0,0.00519457759286682,0.0,0.0,0.0
s14T3522,0.029447724647496273,0.0,0.0,0.10240721835742368,0.2785997370162688,0.0052541738385100956,0.3697183311178265,0.0,0.0024723409089765073,0.025490526609103618,0.043938055049301,0.0,0.0,0.009397422566043005,0.009121297413597493,0.011230003408739805,0.0001586418898917497,0.02946562564089425,0.0,0.0,0.0,0.0,0.0629167871597848,0.0,0.0006727071539342292,0.007078903781378183,0.010835462677309352,0.0017950407635206514
s15T3522,0.010438134998544828,0.0,0.0,0.0645751803470137,0.18434248382733578,0.009133459021168785,0.27885403861175856,0.0,0.0010069734627514526,0.02584256725737617,0.014767219456044664,0.0,0.0,0.04259511079965941,0.0,0.0387410836430089,0.0,0.060243598413438716,0.0,0.0,0.0,0.0,0.19353143485314286,0.0,0.0,0.028245442243819537,0.04307512980839313,0.004608143256543597
s02M3622,0.0,0.0,8.920309704040655e-05,0.0,0.0,0.0,0.06021532085901702,0.0,0.0,0.0034924677226699724,0.0,0.0,0.02765289647099675,0.0,0.0,0.0,0.0,0.31859319479939735,0.007042134822878686,0.0,0.0,0.0,0.0,0.0,0.0085706799111727,0.5743441023168271,0.0,0.0
s03M3622,0.0,0.0,0.0,0.0,0.0,0.0,0.0704341542637662,0.0,0.0,0.0059599227171267125,0.0,0.0,0.024919747818127284,0.0,0.0,0.0,0.0,0.376806029821155,0.0041482766261170916,0.0,0.0,0.0,0.0,0.0,0.005992144881965304,0.5117397238717424,0.0,0.0
s04M3622,0.13151012791180888,0.0,0.00029129097867659586,0.0010111315890444863,0.04577658648233107,0.019286097714114856,0.07052602344664333,0.0,0.0,0.002987654888661146,0.0016700017868187217,0.0,0.03806157707124059,0.0,0.0,0.0,0.0,0.2910151963900023,0.010129795656481482,0.0,0.008058079717808956,0.0,0.04563322816281672,0.0,0.014762328154792169,0.30289917714106224,0.014423517164200084,0.0019581857434962453
s05M3622,0.056021333599296334,0.0,0.00021522489018138276,0.0015122476153580193,0.05571971896089233,0.014359040619721214,0.0774189947973258,0.0,0.0,0.01631803639718697,0.0,0.0,0.03371956180441059,0.0,0.0,0.01173777808957793,0.0,0.486580854623804,0.007224829505037909,0.0,0.0,0.0,0.03177981676937518,0.0,0.0005397249041864226,0.20469372342212563,0.0016833881233531045,0.0004757258781671113
s06M3622,0.09983467058000582,0.0007149412220543664,0.0,0.0,0.0,0.0258498596867694,0.022806309365655367,0.0,0.0,0.010978629037374895,0.0025111005332982446,0.0,0.03944371821008746,0.0,0.0,0.0,0.0,0.599394134439026,0.008358525757435124,0.0,0.006471326152840559,0.0,0.043508390728352817,0.0,0.009761308226901399,0.13036708606019845,0.0,0.0
s07M3622,0.0,0.0,0.00039668336000045273,0.008036584372312378,0.0,0.0,0.06075181469285431,0.0,0.0,0.0,0.0031457882487504582,0.0,0.0609682416310129,0.0,0.0,0.0,0.0,0.4681443151671723,0.026314149301159846,0.0,0.0,0.0003936373503147005,0.0,0.0,0.008028144463794058,0.3638206414126286,0.0,0.0
s08M3622,0.0,0.0,0.0,0.12304593637560932,0.0,0.0,0.0,0.0,0.0,0.0,0.0,0.0,0.0,0.0,0.0,0.0,0.0,0.0,0.0,0.0,0.00017423250188179396,1.5204851807173893e-05,0.0,0.0,0.0,0.0,0.04022837456773906,0.8365362517029628
s09M3622,0.04112295819479828,0.0,0.0,0.112109721776586,0.37908767696262446,0.0,0.23879318470399502,0.0,0.0,0.02368855886554178,0.04142674952010042,0.0042281410427786915,0.0026203979077976357,0.0,0.047673949367942,0.004882504408704854,0.0,0.035327504465517044,0.001014387804620045,0.0004274764188298242,0.0,0.009706307150413911,0.01682902957227777,0.0,0.020165941561746246,0.014558468541393676,0.0030981746392130805,0.003238867095119133
s10M3622,0.033983994986047455,0.0,0.0,0.15451760641913784,0.3054827381380257,0.0,0.34254752555680495,0.0,0.0,0.006067074583700557,0.03493973348096304,0.0031020016112361373,0.002241468709199349,0.0,0.05338011815319844,0.00017793812876330854,0.0,0.014922469234467403,0.0007469703162399037,0.0003369335149565089,0.0,0.009920919456364348,0.015005070685472325,0.0,0.012784113386720867,0.00984332363870196,0.0,0.0
s11M3622,0.032200099114658744,0.0,0.0,0.1268691845134685,0.24470831763892958,0.0,0.41244550490268306,0.0,0.0,0.005309984684660314,0.01898449803748614,0.0,0.0020950645202557927,0.0015081885117001865,0.06991985139512741,0.0,0.0,0.006673032723262396,0.0007960846184355374,0.00020381333145442717,0.0,0.015413045941956449,0.031624694674255126,0.0,0.018584301692861318,0.012664333698804944,0.0,0.0
s12M3622,0.008744387087218553,0.0,0.0,0.14207574043625484,0.2509214285028171,0.0,0.41844650933304395,0.0,0.0,0.0041225635385706005,0.029793001131767846,0.0,0.0010888492135617128,0.0008909230214656656,0.060118266665577264,0.0,0.0,0.006291250552392208,0.00013508835333671002,0.0,0.0,0.009092941909790354,0.051514140013867955,0.0,0.008598214815613393,0.008166695424721808,0.0,0.0
s13M3622,0.0,0.0,0.0,0.1818064744063904,0.32823242853225343,0.0,0.2582087750593746,0.0,0.0,0.0031686474325115944,0.03750778044493639,0.0,0.0011511119094845632,0.0,0.09733692679781683,0.0011718224150471701,0.0,0.0,0.0010667766689585,0.0,0.0,0.006527552200693671,0.07911443511862992,0.0,0.004147026004993227,0.0005602430089097693,0.0,0.0
s14M3622,0.006462992275275494,0.0,0.0,0.1477089504877831,0.3575103165279722,0.0005891806929121827,0.237303742813825,0.0,0.0,0.02877267857947842,0.04432175642503231,0.0,0.00038906182705012837,0.0,0.09915973780753842,0.0015876164157648106,0.0,0.018886069749502684,0.00029668796818781677,5.572049563589277e-05,0.00024121601254378534,0.0031125266523709632,0.047741770170403756,0.0,0.0008538653218710598,0.0020881908331215216,0.0029179189437302734,0.0
s15M3622,0.0,0.0,0.0,0.07185430427600445,0.1705344227370304,0.0,0.41831595857478676,0.0,0.0,0.020347667046070897,0.024239431222414936,0.0,0.011452982435681802,0.0,0.02065404967758183,1.694103177136277e-05,0.0,0.15858926109818544,0.0023808151401952253,2.943642106904057e-06,0.0,0.0002123680246423512,0.0,0.0,0.009183290320719188,0.09221556477280848,0.0,0.0
s01X3622,0.0,0.0,0.0,0.0007620563530939961,0.0,0.03021136707687019,0.15984350957996835,0.0,0.0,0.013322068648226035,0.0,0.0,0.007406912739295135,0.0067650254540738445,0.0,0.0,0.0,0.3144813685994866,0.0,0.0,0.0,0.0,0.007312856348566285,0.0,0.015027115382932674,0.42589103247596605,0.015646115289657134,0.00333057205186373
s02T3622,0.007537899450246457,0.0,0.0,0.013795587506429957,0.03965316001323925,0.00323080645068891,0.15819408084446288,0.0,0.004049589589330014,0.0002043607960462313,0.0,0.0,0.0,0.19630359085294985,0.0,0.03636792373832256,0.006578678241961943,0.00872885928480968,0.0,0.0,8.146697996742106e-05,0.0,0.18986779705773366,0.0008886571896779945,0.002622378675912156,0.12299353629630068,0.18831018470963828,0.02059144232228197
s03T3622,0.03848809834321119,0.0,0.0003450963742257754,0.012114534771500438,0.0600974763494353,0.0047378546843903566,0.13329783544912538,0.0,0.0,0.0017721879318480782,0.0,0.0,0.0,0.17244969000708024,0.0,0.040809636782742915,0.0,0.04117026798039173,0.0,0.0011671054065702903,0.0,0.0,0.17169077607679192,0.0,0.00397211824883936,0.12128598248270073,0.18005016059135895,0.0165511785197872
s04T3622,0.11146969131660554,0.0,9.507693344840005e-05,0.013229943262841128,0.08487526167513296,0.012665686013998834,0.12186330545847139,0.0,0.0,0.0047990554205798565,0.0,0.0,0.0,0.060300156455046335,0.0,0.06618965647276419,0.0,0.09065346637954617,0.0,0.0,0.0,0.0,0.12452218620083676,0.0,0.00637973932763619,0.1514800942007786,0.1417694779368512,0.009707202945462422
s05T3622,0.20086424594879126,0.0,0.0005455899060024508,0.0006988922467063606,0.16774782569207647,0.002977029038513473,0.09470125250817481,0.0,0.0,0.003551348599445519,0.0,0.0,0.0,0.02292982810296298,0.0,0.04104996922651139,0.0,0.0540760979008344,0.0,0.0,0.0,0.0,0.11485706503572378,0.0,0.0,0.08937139687908789,0.18895220653021175,0.017677252384957428
s06T3622,0.18665493170966607,0.0,0.0,0.005704034386660891,0.0444966262424138,0.0013976073835541176,0.1484901258557748,0.0,0.0,0.0031771062814234833,0.0,0.0,0.0033186254673860938,0.04833813768615693,0.0,0.005141549931602138,0.0,0.054953634092403475,0.0015787455963145924,0.0,0.0206597327278083,0.0,0.11706539892523034,0.0,0.009658557050270668,0.23554664755208998,0.10541246380309172,0.008406075308152478
s07T3622,0.0,0.0,7.236294081918743e-05,0.0036993656758094354,0.0,0.0,0.22490328525786238,0.0,0.0,0.012775548850287267,0.0,0.0,0.0,0.08170576295505057,0.0,0.0,0.0,0.10736514967324433,0.0,0.0,0.0,0.0,0.01888875862910561,0.0,0.011820051967956699,0.5063159718397707,0.029082845828425574,0.003370896381668237
s08T3622,0.0,0.0,8.801426199408391e-05,0.13747326947193794,0.0,0.0,0.0,0.0,0.0,0.0,0.0,0.0,0.0,0.0,0.0,0.0,0.0,0.0,0.0,0.0,0.000509678030960939,0.0,0.0,0.0,0.0,0.0,0.02936271028180971,0.8325663279532974
s09T3622,0.02105134772637242,0.0,0.0,0.07072005249304557,0.19950589655201742,0.0,0.3695491452640963,0.0,0.0,0.024889509170636412,0.05174204095377347,0.0,0.008694609780670066,0.0,0.013613749894374964,0.0,0.0,0.12799064225341686,0.005121855688387658,0.0,0.0,0.0007124797074002481,0.0,0.0005701139712287485,0.014167497732604775,0.08439347270727011,0.0,0.007277586104705013
s10T3622,0.008852806386758897,0.0,0.0,0.042723663407875805,0.25828015589677505,0.002518100216135751,0.3065457003245851,0.0,0.0,0.06396446207663804,0.06412980991686368,0.0,0.00268982448215813,0.0,0.019787235115217846,0.004993244658562959,0.0,0.16089901405478263,0.0014654147862474436,0.0,0.0,0.0,0.0,0.00026081297574708846,0.0077961707440457155,0.05088285795111496,0.0,0.00421072700649095
s11T3622,0.045342126662708836,0.0,0.0,0.055349280706750784,0.1835562350236338,0.0,0.4830839409372836,0.0,0.0,0.022958884228427474,0.03705579233045688,0.0,0.004708401209285714,0.0,0.01947949538991954,0.00026765398834696695,0.0,0.07670027127676378,0.002652229467909471,0.0,0.0,0.0,0.0,0.0,0.010977158586634984,0.0578685301918783,0.0,0.0
s12T3622,0.013098674934409268,0.0,0.0,0.057466861250185026,0.12376457715433078,0.0,0.6161012323758497,0.0,0.0,0.018689816876925433,0.03515917220759997,0.0,0.002716891976522625,0.0,0.015918003407668548,0.000534640261678942,0.0,0.05338213667872646,0.0026343335510186166,0.0,0.0,0.0,0.0,0.0,0.004509583611003735,0.05602407571408099,0.0,0.0
s13T3622,0.0384711725693288,0.0,0.0,0.08971318280096313,0.275714785182499,0.0,0.36728791839051406,0.0,0.0,0.028023920546985222,0.06930436110619345,0.0,0.0032354166200028647,0.0,0.031697890533560126,0.0,0.0,0.0627191166950006,0.0031861967089775126,0.0,0.0,9.168718723543984e-05,0.0,0.0,0.005762543319423712,0.02479180833931612,0.0,0.0
s14T3622,0.0,0.0,0.0,0.0957807085512015,0.1875978119296623,0.0,0.5222510218536528,0.0,0.0002685141009581489,0.03464658100187777,0.043288369532481996,0.0,0.003663972884049771,0.0,0.018332986460197792,0.0034703026473661617,0.0,0.04507012657501208,0.002310539719359487,0.0,0.0,0.0,0.0,0.0,0.006608378047619985,0.03671068669656018,0.0,0.0
s15T3622,0.0,0.0,0.0,0.030455653350381695,0.07794064695907406,0.0021967686677447965,0.29887769904527645,0.0,0.0,0.03807745338479486,0.013483482249830219,0.0,0.0013220338084800254,0.021600887322927816,0.0,0.013491639948808636,0.0,0.24835525724272967,0.0,0.0,0.0,0.0,0.0,0.0,0.015511269737208256,0.22374539874591734,0.014041272030811566,0.0009005375060145201
s02M3722,0.0,0.0,0.0,0.01550273549098986,0.15490832965893886,0.018641134818256546,0.19199958195525246,0.0,0.030084631142915597,0.013138833038126229,0.0010554151594908607,0.0,0.0,0.07633317285048145,0.0,0.03759540687984785,0.04924687882678642,0.02915069868818753,0.0,0.0076955107090917515,0.0,0.0,0.1501908299864154,0.0,0.0,0.03240728006484639,0.15059268746631468,0.04145687326405826
s03M3722,0.09385850287938126,0.0,0.0,0.025785001780940276,0.06500419524644396,0.00716080650129378,0.3360470930964494,0.0,0.0,0.007656386682169136,0.0005805665447627437,0.0027701424899600024,0.0,0.12576189901153884,0.0,0.0,0.0005988597662560682,0.0,0.0,0.014101358549808077,0.0289232948545943,0.0,0.1718505153514709,0.0,0.0,0.0442355887137132,0.07456107658201469,0.001104711949203407
s04M3722,0.0,0.0,0.00017161262604600244,0.022771017381254376,0.20815404481771455,0.05819424822463476,0.1217450547123764,0.0,0.0,0.05699187872220125,0.004132933293270976,0.0,0.0,0.0,0.0,0.039562574834767994,0.0,0.0943817230693748,0.0,0.0,0.0,0.0,0.14609361847268346,0.0,0.0,0.020286418642955214,0.2087916467658882,0.018723228436832006
s05M3722,0.09474028770769938,0.015835757309977733,0.0,0.05034340054421852,0.19328539394725353,0.01744954212351561,0.14827830625332553,0.0,0.0,0.05610382078247467,0.0095985451775274,0.006231440487132639,0.002688959833872343,0.045950327580082134,0.0,0.0,0.00021635546178468037,0.0,0.0,0.07368441780364128,0.0,0.0,0.13811280466558631,0.0,0.0011216351967653423,0.02614344524697175,0.11705831824565849,0.003157241632512835
s06M3722,0.2449227063854133,0.0005909446741859823,0.0,0.02509989408505783,0.12037184636055548,0.014553265211960759,0.033827679845686714,0.0,0.0,0.07472782278408323,0.004939571709648689,0.0,0.0,0.0,0.0,0.00552297770481164,0.0,0.016007261645588036,0.0,0.0,0.055253852364535415,0.0,0.14885237261627535,0.0,0.000696321622892199,0.012636422202863777,0.22155744691240883,0.020439613874032706
s07M3722,0.0227255833269443,0.0,0.0004120248834513594,0.028837892835807205,0.09776269279865217,0.00772000770011549,0.20070317484346994,0.0,0.0,0.0189818414496811,0.000786665836000632,0.0006317097505036713,0.0025635322553504434,0.1602143523728495,0.0,0.010062804771943958,0.0,0.0290603318034792,0.0,0.0,0.0,0.0,0.19016061522227354,0.0,0.0,0.08909911336832171,0.13463924421146894,0.005638412569686796
s08M3722,0.0,0.12694889270883836,0.0,0.2121355561985344,0.0,0.0,0.0,0.0,0.0,0.0,0.0,0.23667130286350832,0.0,0.0,0.0851627339961821,0.0,0.0,0.0,0.0,0.0,0.0,0.005629363099711693,0.0,0.0,0.013991887867643035,0.0,0.04354161109843306,0.2759186521671491
s09M3722,0.0,0.012005610338586319,0.0,0.10869900976484158,0.2959840732507154,0.0,0.3262447212850139,0.029276226910614742,0.0,0.0,0.01751782561415881,0.03444801577358486,0.0024092534634666406,0.0,0.08680210603539988,0.0,0.0,0.0,0.0004770225189902456,0.0,0.0,0.004448404516780362,0.004967066158307091,0.0,0.052494328730973,0.024226335638567242,0.0,0.0
s10M3722,0.0,0.009793690370584428,0.0,0.08954865291740165,0.2645430478127756,0.0,0.36078894616712914,0.03560908216789889,0.0,0.001243302428398041,0.03801266990684233,0.04086071644095794,0.00031545986619219786,0.0,0.07251609794752344,0.0,0.0,0.0,0.0,0.0,0.0,0.006626453025963996,0.0,0.010573871422609855,0.044611160722080594,0.022601922837105284,0.0,0.002354925966536634
s11M3722,0.009292026008239355,0.0,0.0,0.06588117858659999,0.25968957857538033,0.0,0.4533563443081668,0.005233140482138464,0.0,0.001105784388337666,0.06865986909539469,0.012268223881804922,0.0022872037552528874,0.0,0.06371831233934427,0.0,0.0,0.004239555960318595,0.0011619538066970122,0.0,0.0,0.0023430659592788713,0.0,0.0011880360661395042,0.023819236631873478,0.02575649015503309,0.0,0.0
s12M3722,0.0,0.004763588235198953,0.0,0.04658229182554758,0.2980784572843668,0.0,0.3651662351988826,0.027804136721756,0.0,0.0005210560045129815,0.05710417659334818,0.03322969204840392,0.00035818270665430524,0.0005940966892200529,0.07002439781766666,0.0,0.0,0.0,0.0,0.0,0.0,0.007011236730046105,0.003509540034585884,0.009218268711862983,0.043080915316168485,0.03130941729863148,0.0,0.0016443107831470185
s13M3722,0.00873951695754287,0.002050864407935638,0.0,0.05156656695090922,0.3375828624949776,0.0,0.32529325687983895,0.03432859604972631,0.0,0.014700600291606448,0.03517114387477145,0.02563780942577886,0.001854408801564648,0.0038608084825313195,0.06565477356169347,0.0,0.0,0.0,0.0,0.0,0.0,0.004063155048334412,0.018282204015835173,0.0024681527275029107,0.03881010794712162,0.029935172082329275,0.0,0.0
s14M3722,0.10785352671021753,0.0,0.0,0.03907104515364058,0.1449535484672952,0.0,0.24785841915270687,0.0,0.0,0.03445174756611757,0.027303698348342433,0.0,0.00218040001772792,0.1155170567704685,0.0,0.0016324530544272523,0.00020885733730812111,0.0677946767870882,0.0,0.0,0.0,0.0,0.07027397914557373,0.0,0.002957732446220557,0.07666016770990737,0.06121710955357633,6.558177938162476e-05
s15M3722,0.16616961309361325,0.0,0.0,0.02388665230495812,0.0,0.0,0.3249062182353117,0.0,0.0,0.0,0.0,0.002564188458561736,0.0,0.13560330037464163,0.0,0.0,0.0,0.0,0.003918705795090411,0.0,0.0,0.0,0.1217969390466527,0.0,0.0,0.10597793695577203,0.10641349348767047,0.00876295224772799
s01X3722,0.0,0.0,0.0,0.017926952209965943,0.06744042295854669,0.013271436447552595,0.3181102789656615,0.0,0.0,0.003297937314479233,0.0,0.0021693820679997322,0.0,0.1004320906241445,0.0,0.013531940012023793,0.0,0.045603663600199316,0.0,0.0,0.0,0.0,0.19396333358742804,0.0,0.0,0.04830098829215349,0.16950475368947324,0.00644682023037199
s02T3722,0.0,0.0,0.0010646394164779839,0.01166512776644472,0.018882069913810563,0.07078820999083528,0.10583290017604034,0.0,0.00031504574622604067,0.06550061412960131,0.011574640999449895,0.0,0.0019438343362065777,0.07683079230976368,0.0,0.039047866448120305,0.0,0.03996706689987804,0.0,0.0,0.0,0.0,0.11543557446493886,0.0,0.0,0.005433420404205989,0.4095575638970026,0.02616063310099768
s03T3722,0.0,0.0,0.0011290104056048062,0.007421127796573133,0.02367913513659995,0.07635306030883186,0.1010395986539326,0.0,0.0008916962395251712,0.04706417504857018,0.010026720942894867,0.0,0.007199011153382879,0.09706901068402704,0.0,0.06727823347553373,0.0,0.013645395764193016,0.0,0.0,0.0,0.0,0.1343250814312722,0.0,0.0,0.0021208783392066073,0.38654688080654637,0.024210983813305654
s04T3722,0.0,0.0,0.0,0.010137882735201827,0.039424748331789904,0.15887469921718547,0.0888450633015322,0.0,0.009259921841523015,0.07462056085040758,0.029452358567421545,0.0,0.004509171482955518,0.03792864064499439,0.0,0.01763096912909625,0.0,0.018043443513854587,0.0,0.0,0.0,0.0,0.11243103413952812,0.0,0.0,0.0037360515823561414,0.35449225300311615,0.04061320165903732
s05T3722,0.0,0.0,0.0,0.007567266359002711,0.030683297611796428,0.2720442288381502,0.058609918575398844,0.0,5.6977580406776616e-05,0.09914203102035922,0.02894535274879833,0.0,0.00688620154915596,0.007497163315624042,0.0,0.013291486647526074,0.0,0.02073313614115871,0.0,0.0,0.0,0.0,0.04576216950142753,0.0,0.0,0.00015550392843616037,0.3735575136464992,0.03506775253625978
s06T3722,0.0,0.0,0.0,0.009896185128952517,0.055095507319211756,0.16074421899853442,0.06438708089855777,0.0,0.00045761062691678753,0.07726842844697941,0.02961213422297572,0.0,0.005699008065871244,0.025490984354964514,0.0,0.013955332153711905,0.0,0.041364027399230355,0.0,0.0,0.0,0.0,0.1043493327145694,0.0,0.0,0.0,0.37561613347231626,0.036064016197207914
s07T3722,0.0,0.0,0.00031157443380987356,0.010156579864021551,0.0,0.2959120760909077,0.10635020769841819,0.0,0.0,0.09384837702068534,0.010658744512424512,0.0,0.003757794055765346,0.03165647406743576,0.0,0.014976034431830586,0.0,0.03413344686252211,0.0,0.0,0.0,0.0,0.07072762636963062,0.0,0.0,0.004879349310966593,0.3003915951026222,0.02224012017895945
s08T3722,0.0,0.021647446777222117,0.0,0.07789924073285533,0.0,0.0,0.0,0.0,0.0,0.0,0.0,0.21324424377248874,0.0,0.0,0.037490003975455356,0.0,0.0,0.0,0.0,0.0,0.0,0.003048327193294112,0.0,0.0,0.011269657522415278,0.0,0.025611315854870222,0.609789764171399
s09T3722,0.0,0.006129550173454105,0.0,0.06500452977630251,0.3655958658401261,0.0,0.19415959339366468,0.04663256269153121,0.0,0.0,0.016682728972584566,0.009779018959831009,0.0,8.299445965223905e-05,0.10333514696744676,0.0,0.0,0.0,0.0,0.0,0.0,0.0023106321984889735,0.08667231477405501,0.007368748176907145,0.08959876563363878,0.006647547982316924,0.0,0.0
s10T3722,0.0,0.0,0.0,0.10398747458412616,0.3238505393174987,0.0,0.3522784847997003,0.013623022747700615,0.0,0.045853903737561694,0.06154962484502702,0.0,0.0,0.0009461862857714755,0.030701950570017834,0.0019026801144623713,0.0,0.008675993035139058,1.5140982665519044e-05,0.0,0.0,0.0,0.026167417468659478,0.0007709612548329398,0.017962073302919233,0.011714546953917633,0.0,0.0
s11T3722,0.03566102234063193,0.0,0.0,0.08553495840126818,0.20816952142578762,0.0,0.3656863433067107,0.0,0.0,0.006969740917324748,0.055542365249563276,0.0,0.0023436590095133095,0.0793845280689989,0.022955621876146734,0.0,0.0,0.007852833096471678,0.0,0.00011220963612768175,0.0,0.0,0.05468064730767698,0.0,0.01691736929763474,0.03081490792293978,0.027374272143203794,0.0
s12T3722,0.03215987943751802,0.0,0.0006346658439263467,0.05770449037569056,0.1954754138277356,0.011031717565089041,0.18930600888818672,0.0,0.0,0.08316774605985093,0.039546111114003406,0.0,0.0,0.08143735208490711,0.0,0.027851239024076963,0.0,0.07476230567402303,0.0,0.0,0.0,0.0,0.04421051728220801,0.0,0.004632778094645213,0.017820657686032703,0.1339189148443941,0.006340202197712345
s13T3722,0.05654183049874632,0.0,0.0,0.057324272161169906,0.18857291865481215,0.0,0.3127036619035331,0.0,0.0,0.04471269461947414,0.04077675509999236,0.0,0.0035794291906280453,0.10720691903598217,0.0,0.0006401348402480455,0.0,0.01929649071686825,0.00013921083980218078,7.10882054067265e-05,0.0,0.0,0.05774696583464329,0.0,0.009625104176767612,0.028799996680376916,0.07226252754154881,0.0
s14T3722,0.0,0.0,0.0003983171684924548,0.016214649349691114,0.15347258968034894,0.017623111551616586,0.19720603126334416,0.0,0.0,0.12666568745249743,0.02183783276849007,0.0,0.0,0.07153099054057463,0.0,0.04376538714903146,0.0,0.12499651032402477,0.0,0.0,0.0,0.0,0.07100330172589431,0.0,0.0042758290671608854,0.01711907309427531,0.1296388337278102,0.004251855136747733
s15T3722,0.0,0.0,0.00018317867955765663,0.029520261007752117,0.060726223396960544,0.05318927751908811,0.22424849503859273,0.0,0.0,0.07782913764191035,0.010649363280852694,0.0,0.0017116216533360567,0.10528730042021907,0.0,0.029855801721130296,0.0,0.0736509223847428,0.0,0.0,0.0,0.0,0.09836685376394914,0.0,0.0,0.019179118194354555,0.20630774476723662,0.009294700530317387
s02M3822,0.0,0.0,0.0005127486234010311,0.03714767341548681,0.041496373388282735,0.03923528709289964,0.1299151735322914,0.0,0.0,0.10637889403607205,0.013845664207909836,0.0,0.0009303881783411601,0.07151369572878606,0.0,0.027759064101791058,0.0,0.04369024905584143,0.0,0.0,0.0,0.0,0.13528303839175557,0.0,0.0,0.00036318930537251794,0.3343551078851171,0.017573453056651575
s03M3822,0.006011151096942874,0.0,0.000718293369062893,0.048553410607958675,0.03682696764805329,0.033525549770150355,0.11690746656951165,0.0,0.0,0.07759625139535686,0.012475338404353328,0.0,0.0,0.04852350613441791,0.0,0.0245963095957342,0.0,0.027451580752761797,0.0,0.0,0.0017174759865913804,0.0,0.12498451849039759,0.0,0.0,0.003911644528031194,0.42005464258678704,0.016145893063888882
s04M3822,0.0,0.0,0.00012262691274986573,0.027238158534573998,0.09004961775512578,0.05841277206765296,0.11250152000336024,0.0,0.0,0.061964817927935296,0.013699338305047236,0.0,0.0,0.031358733783064766,0.0,0.017195390641890504,0.0,0.022517868353432644,0.0,0.0,0.0,0.0,0.1252725350602752,0.0,0.0,0.002172188410870704,0.4150788009764639,0.022415631267557024
s05M3822,0.0,0.0,0.00105855625820438,0.009094816422304574,0.03133117042910882,0.058492214937075744,0.09155101704532122,0.0,0.0,0.10858818056198594,0.010938303175057175,0.0,8.712496519234921e-05,0.02698677812814191,0.0,0.028975699086424205,0.0,0.01632362673353117,0.0,0.0,0.0,0.0,0.11949039606402369,0.0,0.0,0.0,0.47170540885182327,0.025376707341805395
s06M3822,0.0,0.0,0.0001544948591931146,0.023267505407997238,0.031371042411584185,0.05972707753814633,0.08386565158101528,0.0,0.0,0.06908744937754985,0.00799294063870631,0.0,0.005736856684011436,0.03767729289825406,0.0,0.07255793820273716,0.0,0.0,0.0,0.0,0.0,0.0,0.10890045687136604,0.0,0.0,0.0,0.47057068089058784,0.02909061263885111
s07M3822,0.0,0.0,0.0,0.015159456157401986,0.0,0.017644843380140045,0.1297328607877499,0.0,0.0,0.018960051809519235,0.0,0.0,0.0022667963415810336,0.16560205937178293,0.0,0.042012548357134805,0.0,0.0,0.0,0.005332390676097232,0.0,0.0,0.13159207887063976,0.0,0.0,0.005540505212690324,0.4479007101900275,0.018255698845235226
s08M3822,0.0,0.0,0.05473461507148047,0.08966333532544113,0.0,0.0,0.0,0.0,0.0,0.0,0.0,0.06486506159285599,0.0,0.0,0.0,0.0,0.0,0.0,0.0,0.0007080723995379784,0.0,0.0,0.03954859388954019,0.0,0.0025468379254365743,0.0,0.0,0.7479334837957076
s09M3822,0.0,0.008363465633331872,0.0,0.12462448652198235,0.34082229297134176,0.0,0.0151134379160836,0.1606831343166187,0.0016385635883833945,0.0,0.011903991329622412,0.10169141274905483,0.0,0.0,0.14215578144982882,0.0,0.0,0.0,0.0,0.0,0.0,0.005549501023850502,0.004787262936634829,0.031161952296789426,0.030798398290588544,0.0,0.0,0.02070631897588893
s10M3822,0.0,0.0,0.0,0.11704597969555025,0.4955063735317009,0.0,0.02043061465119315,0.12196359705052294,0.004350944436718067,0.026884703252200156,0.04491038875677873,0.0,0.0,0.0023509070453446887,0.04470264807960238,0.0,0.0,0.0,0.0,0.0,0.0,0.0,0.06895398180863509,0.035225630284570625,0.017674231407182998,0.0,0.0,0.0
s11M3822,0.0,0.0,0.0,0.12548683805287938,0.4442720847657565,0.0,0.04293471246007081,0.09452067177744658,0.00174342878712367,0.04017070559616297,0.03549700416890101,0.0,0.0,0.008611997868124345,0.053815614877456834,0.0,0.0,0.0,0.0,0.00021309452227100324,0.0,0.0,0.09029614313971429,0.01947944566490835,0.021026676222605935,0.0,0.021931582096578427,0.0
s12M3822,0.01388259137304207,0.0,5.167361472917967e-05,0.0698348164002455,0.1837477090310182,0.012286639853083826,0.11012891124999244,0.0,0.0,0.09974043766131975,0.019612303397462016,0.0,0.0003884886722179988,0.0421038409507097,0.0,0.02461168492093171,0.0,0.03358770724634427,0.0,0.0,0.0,0.0,0.08857008853996143,0.0,0.002043405803311693,0.0022338464669478084,0.2816583898824909,0.015517464936191421
s13M3822,0.008716727923179977,0.0,0.00014888223423443228,0.051069807066133184,0.1168723903221225,0.021086401830875342,0.13022161246052602,0.0,0.0003821223156948063,0.09843980952129551,0.01818245566340681,0.0,0.0032713955236246643,0.051491307122101475,0.0,0.008359019743848298,0.0,0.017263573936372224,0.0,0.0,0.0,0.0,0.11343822224103148,0.0,0.002134073377747993,0.0024451991489423666,0.33263273432137536,0.023844265247487537
s14M3822,0.05764958088067755,0.0,0.0007890654899012707,0.06196607585402951,0.11976755377952479,0.012100535801550185,0.13341723506936562,0.0,0.0,0.053610808145706026,0.01611832902419344,0.0,0.0018629793349671001,0.0682136130254212,0.0,0.004196182815922708,0.0,0.02091663379780718,0.0,0.0,0.0,0.0,0.09090438821579926,0.0,0.0015109897807140942,0.0038031690257740243,0.3380454445424249,0.015127415416221148
s15M3822,0.07424080885622455,0.0,0.00011912415588972186,0.033179500161636906,0.05275356407386343,0.013933170872756227,0.12293221404428867,0.0,0.0,0.036705941000194524,0.005295750674218348,0.0,0.004224123144478129,0.11288642666126011,0.0,0.011245912474404951,0.0,0.005921236541168391,0.0,0.0005496599900434835,0.0,0.0,0.11660980308651299,0.0,0.0,0.005349484137018302,0.3886221677836852,0.01543111234235611
s01X3822,0.0,0.0,0.0006334395864538801,0.030327175571043943,0.05475267337803621,0.0684599347915926,0.1615829646970373,0.0,0.0,0.1095322968273486,0.007039465449156535,0.0,0.0022125649595060894,0.05579318505374712,0.0,0.017431071253716488,0.0,0.03188332352896636,0.0,0.0,0.0,0.0,0.08822442717964145,0.0,0.0,0.0,0.3519386277610543,0.02018884996269918
s02T3822,0.30195016470537434,0.0,0.0,0.02476607000897872,0.06271562613492654,0.017721844030952866,0.12009335515769368,0.0,0.0,0.028378522756055877,0.001335780974436962,0.0001589928906377002,0.002709349592973012,0.026940780194982677,0.0,0.015548434071079482,0.0015468494291594286,0.06178350542109432,0.0,0.0,0.0,0.0,0.10947049190847481,0.0,0.0,0.04656296309091852,0.17171857585025044,0.0065986937820106855
s03T3822,0.21587071174876962,0.0,0.0003954616270877925,0.055832354587888544,0.01925529595639211,0.004903963619801571,0.2267582699050811,0.0,0.0,0.00937334815157572,0.0016782860980203542,0.0001571283835698328,0.0006971735880455396,0.06479058191225714,0.0,0.0,0.0,0.020044337582374932,0.0,0.0009408405509053136,0.015597972409236568,0.0002222572670686856,0.12445979828833309,0.0,0.0,0.0707723745686922,0.1637945718471999,0.004455271907699913
s04T3822,0.029716715601231253,0.0,0.00018655151448530093,0.07090446333110752,0.06279136298536754,0.01581997800403906,0.17494400139743863,0.0,0.0,0.027586492589043544,0.00016763218390815032,0.0,0.0,0.041297701311282436,0.0,0.03170604809111669,0.0,0.03783051125270984,0.0,0.0,0.0,0.0,0.11655002284326489,0.0,0.0,0.024129226846956685,0.35183073097074247,0.014538561077305992
s05T3822,0.26989071065634246,0.0,0.0001632971874475491,0.05903172134570257,0.028706983794475716,0.010598248538224359,0.10166873608967383,0.0,0.0,0.00814871437175707,0.0005910695739222065,0.0,0.0,0.023649195239124916,0.0,0.0,0.0,0.0,0.0,0.0007799286015232235,0.15990512495309786,0.0,0.07066283091417892,0.0,0.015267846498786479,0.012369523823335612,0.2267353601355699,0.011830708276837213
s06T3822,0.0,0.0,0.0,0.0413053589988262,0.12269648460591372,0.023623304109961402,0.054137031384150214,0.0,0.0,0.09061969373606384,0.003981787598676711,0.0,0.0,0.0,0.0,0.08238325214163911,0.0,0.029560669717898842,0.0,0.0,0.0,0.0,0.07415433324114953,0.0,0.0,0.005962277820982839,0.4485086242085115,0.023067182436226196
s07T3822,0.29518964544729115,0.0,0.0005636392516769236,0.07941763717604837,0.15363624503338125,0.007347318819701698,0.0,0.0,0.0,0.02950954246028697,0.00902950401854495,0.0,0.0,0.0,0.0,0.0,0.0,0.01583479890957147,0.0,0.0012607939315102943,0.0,0.0,0.06472450922329037,0.0,0.0,0.0033388009586719507,0.32904510946218474,0.011102455307839796
s08T3822,0.0,0.0051523209508583185,0.02162208297214018,0.042834290346830256,0.0,0.0,0.0,0.0,0.0,0.0,0.0,0.18289909742774355,0.0,0.0,0.0,0.0,0.0,0.0,0.0,0.0023608086477415646,0.0,0.0,0.10732223253301774,0.0,0.0048319734846706775,0.0,0.009887173239907752,0.6230900203970899
s09T3822,0.0,0.010119059264539064,0.001561825760340185,0.28438543835307567,0.13067212967469258,0.0,0.010085366781061712,0.06057656625841882,0.0037735038527238777,0.0,0.005568198070103777,0.09344118713090273,0.0,0.0,0.2648492261607623,0.0,0.0,0.0,0.0,0.0,0.0,0.009336167296298674,0.026857379374704442,0.009811345491313265,0.07843345480675844,0.0,0.0,0.010529151724304705
s10T3822,0.0,0.004960248183722321,0.0,0.2687188438121119,0.18114784876748122,0.0,0.013916307634670017,0.05704455856125082,0.005398615191902734,0.0,0.019294985957324116,0.011908814733248656,0.0,0.0059986327772988705,0.26250970773613186,0.0,0.0,0.0,0.0,0.0003539405205941018,0.0,0.0036290109265513697,0.07390802407115145,0.02074643003284465,0.07005741608125429,0.0,0.0004066150124613952,0.0
s11T3822,0.0,0.004895010831401109,0.0,0.18145723740202938,0.19338620806370546,0.0,0.0019208720322699817,0.08352028940362285,0.005324149396329155,0.0,0.008709157919992445,0.06320636777581193,0.0,0.0,0.3296846163498613,0.0,0.0,0.0,0.0,0.0,0.0,0.007486082870549981,0.06464396885617897,0.011339794565072432,0.04007792860821749,0.0,0.0,0.004348315924957536
s12T3822,0.0,0.00593218408185651,8.297261430501298e-05,0.18265598720011741,0.26325794903768546,0.0,0.005326978385849802,0.10720016325957249,0.012245954172805402,0.0,0.016601964904117944,0.01838840372463483,0.0,0.0,0.24078318546800834,0.0,0.0,0.0,0.0,0.0,0.0,0.0,0.07874539555455091,0.038626783663862976,0.02353161175657781,0.0,0.0,0.0066204661760550804
s13T3822,0.0,0.004042803890517635,0.0,0.24713175540368892,0.17403929747821786,0.0,0.019586882667526912,0.08286307731425945,0.009861211971089775,0.0,0.0033802612530415064,0.047281428361255394,0.0,0.0024333234248626345,0.2734305587530713,0.0,0.0,0.0,0.0,0.00018439870072580914,0.0,0.004182684283307473,0.07128623447374871,0.02095136278265576,0.037301434583565746,0.0,0.0,0.0020432846584652023
s14T3822,0.0,0.0043720438555187955,0.0013665198844176056,0.26602523919905613,0.2402778096215025,0.0,0.041251225261792736,0.047471755774329924,0.00675193730804299,0.03380466516804731,0.04234308615475887,0.001185317086117899,0.0,0.018278631743807054,0.1549670568173182,0.0,0.0,0.0,0.0,0.0016171881942616095,0.0,0.0,0.01923182391275944,0.02314269446529804,0.009384923942983315,0.0,0.07157033878399709,0.016957742825990257
s15T3822,0.0,0.0,0.000722358439402813,0.1461804706766416,0.2181068041116398,0.0022213148238628007,0.13118274706406685,0.012831345119206371,0.000755438879127227,0.048625473553659385,0.05187664642650681,0.0025103616320070053,0.0030711698944973615,0.05645172613064853,0.05512699074401571,0.0,0.0006231349954279397,0.010208025492369412,0.0,0.0020552839640797307,0.0,0.0,0.06985737162751054,0.00808634749323934,0.014884761263077171,0.007073859150040293,0.15494999637861387,0.002598372140359451
s02M3922,0.0,0.0,0.0,0.02526515675122752,0.10273712251107174,0.019613703262202808,0.14132226703562084,0.0,0.0026554889626978937,0.02705181699219291,0.0,0.0,0.0,0.03425768067643584,0.0,0.05157624768232828,0.007916111756282667,0.02870028444170275,0.0,0.0,0.0,0.0,0.06692471993073093,0.0,0.0,0.021781462416899065,0.44331561219854687,0.026882325382060045
s03M3922,0.0,0.0,0.0,0.01109191931762418,0.0965348509787269,0.00617966805396549,0.19824850126251253,0.0,0.0,0.010540896218152927,0.0,0.010857949412157028,0.0,0.107718080272076,0.0,0.04119574907960783,0.0,0.00263856169474896,0.0,0.0018738127709680367,0.0,0.0,0.09964337936286397,0.0,0.0,0.03991716834656607,0.3592502184741164,0.014309244755913582
s04M3922,0.0,0.0,0.0,0.023289711523844563,0.0798902067676641,0.011984253597283143,0.1902886535713729,0.0,0.0,0.023481241152134995,0.0,0.0,0.0,0.023182606655833177,0.0,0.0466506738249868,0.0,0.00784638288342219,0.0,0.0006392049651804982,0.0,0.0,0.0775315557876906,0.0,0.0,0.02181642063646051,0.46905603284626796,0.024343055787858496
s05M3922,0.0,0.0,0.0003974026213748077,0.054975920721813794,0.06963529375520056,0.010283683261111714,0.17043466705141455,0.0,0.0,0.011534320074682107,0.0,0.0,0.0,0.05138712815216636,0.0,0.043729592580240374,0.0,0.01338388045502563,0.0,0.0,0.0,0.0,0.07402076061130539,0.0,0.0,0.02423381871074359,0.45730804237634387,0.018675489628577385
s06M3922,0.0,0.0,0.0,0.029144328597604945,0.12684416633809706,0.0916748438752186,0.040330566836402404,0.0,0.0,0.1530895780847697,0.0053640480811131715,0.0,0.0,0.0,0.0,0.10004575595814133,0.0,0.06175091120364575,0.0,0.0,0.0,0.0,0.0067570869364147615,0.0,0.0,0.00746098108455674,0.3610556115303574,0.016482121473677936
s07M3922,0.0,0.0,0.0003832331121314241,0.04888155855233563,0.10929095269406539,0.0374373730093438,0.18088362097934274,0.0,0.0,0.054112436899545126,0.006604253223950927,0.0030726956855851007,0.0,0.09276709222975686,0.0,0.004887312642827105,0.0,0.04424517589156625,0.0,0.0,0.0,0.0,0.07661871633744985,0.0,0.0,0.03565742734120722,0.2876956447621169,0.017462506638775663
s08M3922,0.0,0.0056506109159513785,0.005598138384792264,0.033710464510944047,0.0,0.0,0.0,0.0,0.0,0.0,0.0,0.10245327055964093,0.0,0.0,0.0,0.0,0.0,0.0,0.0,0.0004958845686779359,0.0,0.0,0.08804544628461489,0.0,0.0016658695910758664,0.0,0.009809996801400593,0.7525703183829021
s09M3922,0.0,0.0,0.0002686643894612421,0.1494362429119262,0.2268253217096886,0.0,0.010781428680766182,0.06407859379096638,0.007146841291198929,0.010075036512894434,0.02286574625202122,0.0,0.0,0.004672798376008687,0.0,0.0,0.0,0.0,0.0,0.004786914248202555,0.0,0.0,0.2061375408958604,0.02690596785229054,0.2425586883763594,0.0,0.023460214712355473,0.0
s10M3922,0.0,0.0,0.0,0.22161539695493596,0.2691773506755375,0.0,0.015307809598720287,0.07068390260695413,0.008218685629421406,0.004186888370934994,0.04307477960683865,0.0,2.564587311270601e-05,0.005139788923026006,0.024399826112038323,0.0,0.0,0.0,0.0,0.004366841428813126,0.0,0.0,0.17136891768680407,0.025865036347371383,0.09496737287612464,0.0,0.041601757309366674,0.0
s11M3922,0.0,0.0,0.001531352519294181,0.16455611534621106,0.21636122616228345,0.0,0.008904616272176159,0.09187242014534984,0.010198649349666775,0.023681895555382915,0.014308700813245916,0.0,0.0,0.00471453612687606,0.0,0.0,0.0,0.0,0.0,0.003507331217358045,0.0,0.0,0.1704428940827614,0.0381891661836791,0.23545663121459995,0.0,0.016274465011115104,0.0
s12M3922,0.0,0.0,0.0004456900158643721,0.12260996349506238,0.3546073721997918,0.0,0.007115223483324468,0.16497114116634012,0.0126056318114894,0.09663397286429272,0.010763659820967513,0.0,0.0,0.0,0.0,0.0,0.0,0.0,0.0,0.0,0.008006923824963853,0.0,0.07612077781699146,0.026156487974920598,0.053805837838941745,0.0,0.05076077299427518,0.015396544692774291
s13M3922,0.0,0.0,0.00017311101035868872,0.1684258134138045,0.3616182060059724,0.0,0.005732754559914179,0.1255225171221853,0.01232334078852819,0.05920421601366538,0.018382749120123117,0.0,0.0,4.951554375714603e-05,0.0,0.0,0.0,0.0,0.0,0.001537647096615612,0.0,0.0,0.11444893337470398,0.030360756367267313,0.06645857358955562,0.0,0.035761865993548574,0.0
s14M3922,0.0,0.0,0.0008411222491088726,0.14673257760544295,0.3240045649181076,0.0,0.006361154547174058,0.1071167763071688,0.004360071927582122,0.20354814084400868,0.017736264791554202,0.0,0.0,0.0,0.0,0.0,0.0,0.019649534196585303,0.0,0.0,0.0,0.0,0.062299913532749336,0.011914959218960065,0.020009169728848145,0.0,0.0664124591008439,0.009013291031866029
s15M3922,0.0,0.0,0.000715051935931864,0.16159241937821345,0.32187441704057135,0.0,0.020369219882579746,0.07995342110741084,0.008095646766063029,0.08385911707023058,0.022523351382528683,0.0,0.0,0.008240991816082734,0.0,0.0,0.0,0.01868242179418445,0.0,0.0018279988821071074,0.0,0.0,0.12325161891873226,0.021247103003087207,0.056639780877141076,0.000815263154402038,0.06794026300551624,0.0023719139852172123
s01X3922,0.0,0.0,5.4965207539581176e-05,0.0496000156303302,0.06866507260542877,0.010403209615392893,0.2055161343341385,0.0,0.0,0.00906496755025467,0.0,0.011496455965620567,0.0,0.12968212385213077,0.0,0.019046685320668118,0.0,0.008640431897392017,0.00021305632090285414,0.006743582514980083,0.0,0.0,0.06530383302672359,0.0,0.0,0.046538369713604456,0.3557324203189483,0.013298676125944703
s02T3922,0.04247789973429507,0.0,0.0005954433957937531,0.02416373808377594,0.03291692029593465,0.01253417325530795,0.09682609867553282,0.0,0.0,0.011803907815411298,0.0008146803920005195,0.0003366351219165693,0.0,0.029015210083980742,0.0,0.0,0.0,0.023282616564345108,0.0,0.0,0.39106215492856955,0.0,0.056837343636940915,0.0,0.0,0.025858500221564915,0.24147427133159885,0.010000406463031507
s03T3922,0.0,0.0,0.0005943720801443309,0.03744353673571894,0.11662951060247537,0.021330058079006797,0.11449222283125304,0.0,0.0,0.025512763426435065,0.003320202675338482,0.0,0.0,0.013342327908086782,0.0,0.012085900415708593,0.0,0.07746786720581171,0.0,0.0,0.0077812527419295115,0.0,0.07238280961563025,0.0,0.0,0.019288865697501722,0.4569263204027228,0.02140198958223652
s04T3922,0.0,0.0,0.00012915531705730374,0.0399003088153054,0.13531402970078463,0.035079127333486115,0.10058586163123713,0.0,0.0,0.02061639403235015,0.003728942092708366,0.0,0.0,0.0,0.0,0.007686564136062036,0.0,0.046433730369733285,0.0,0.0,0.021604327880467213,0.0,0.07252864498898777,0.0,0.0006815828179319695,0.013230090644068456,0.4753929154459257,0.02708832479389448
s05T3922,0.0,0.0,0.00042658152838439086,0.02457462013355896,0.07473758494937568,0.0293354961309189,0.07826941436765218,0.0,0.0,0.017740356469469674,0.0,0.0,0.0,0.0,0.0,0.018610923660299063,0.0,0.028808363226248055,0.0011904552276530696,0.0,0.24431421723158295,0.0,0.06292243496345712,0.0,0.0,0.01209089786923679,0.3905507903456277,0.016427863896535447
s06T3922,0.0,0.0,0.0,0.04607602166750497,0.11770949843051212,0.03756413629666781,0.040082653643852516,0.0,0.0,0.03485812947216781,0.005245459839901316,0.0,0.0,0.0,0.0,0.01337611478508805,0.0,0.015272769922215013,0.0,0.0,0.11747479206159142,0.0,0.037654722677609616,0.0,0.0,0.005604706194142516,0.4979098303584391,0.031171164650307736
s07T3922,0.0,0.0,0.0,0.040420909143996826,0.08628693436571584,0.047103820835518895,0.13295219572562372,0.0,0.0,0.024493834353072584,0.0032956959809774615,0.003227802394783664,0.0,0.052924811586233494,0.0,0.02461746066127959,0.0,0.04305632539059,0.0,0.0,0.01842641243095586,0.0,0.0885160490087913,0.0,0.0,0.028808517998654484,0.391077574979139,0.014791655144667317
s08T3922,0.0,0.14323256100631113,0.26166514143516034,0.04351415933899621,0.0,0.0,0.0,0.0,0.0,0.0,0.0,0.031058799445442157,0.0,0.0,0.0,0.0,0.0,0.0,0.0,0.0,0.0,0.0,0.04165920306245614,0.0,0.0008407331197291316,0.0,0.0,0.4780294025919049
s09T3922,0.002670058633505634,0.01881882184490659,0.005632639419029082,0.18346209516358317,0.25430564600309413,0.0,0.006058104846221317,0.0942204980429075,0.0058819813278952054,0.0,0.0028176937367460375,0.030335442252403547,0.0,0.0008081046833680033,0.05566767085732013,0.0,0.0,0.0,0.0,0.0019915654187900238,0.009054391177371088,0.0,0.064803014944513,0.006424157392194249,0.22824318026452994,0.0,0.028202941650577046,0.0006019923410443914
s10T3922,0.0,0.0,0.0,0.2287113463418184,0.23083336190413048,0.0,0.014735174591817645,0.1156492869079849,0.010874831321857828,0.0,0.017400677619216216,0.0,0.0,0.0025351010358578407,0.0,0.0,0.0,0.0,0.0,0.002445454029628652,0.0,0.0,0.1348606409880499,0.02510136925235743,0.1902397201108662,0.0,0.026613035896414443,0.0
s11T3922,0.0,0.03077511396274254,0.009877048483911903,0.17214728465344553,0.24184478645523658,0.0,0.005387777313383591,0.10262597248540818,0.008679467665742631,0.016462763706352603,0.018187739595059968,0.012270321108061756,0.0,0.0020079486784799466,0.01924570181499957,0.0,0.0,0.0,0.0,0.00163070228117563,0.0,0.0008266443903987645,0.05573176420273889,0.02785058937281053,0.21108462991182375,0.0,0.02501234761912226,0.03835139629910545
s12T3922,0.0,0.0,0.0012512214696679433,0.14077633028686184,0.35900465539833165,0.0021754274783691427,0.00015010683949437427,0.13814625331065833,0.010210317715104262,0.12202880474380363,0.03240953229745115,0.0,0.0,0.0,0.0,0.0,0.0,0.003763469247306053,0.0,0.0,0.0,0.0,0.04883884428427327,0.02683044098420995,0.04302905290264468,0.0,0.048971008635107414,0.022414534406716296
s13T3922,0.0,0.0,0.0013685018737043745,0.2858992378468952,0.26230476257000723,0.0,0.013394063565498463,0.07860883373401313,0.008239310318434338,0.03414711000349223,0.02571749173366266,0.0,0.0,0.0007629048462587924,0.03093066640283879,0.00010657597521177687,0.0,0.0,0.0,0.0019266267716926523,0.0,0.0,0.10259268371766736,0.01905070215210102,0.07030759787849805,0.0,0.05785885010540539,0.006784080504618659
s14T3922,0.0,0.0,0.0009890516006255802,0.10502645548136395,0.36127806906274673,0.008844040101635312,0.0,0.11468468162510759,0.007167437156318814,0.20540455437817626,0.021519141778523324,0.0,0.0,0.0,0.0,0.0,0.0,0.016649642467307522,0.0,0.0,0.0,0.0,0.04940342411177119,0.0048470254859029945,0.0017392605062870015,0.0,0.08217242497879375,0.020274791265440097
s15T3922,0.0,0.0,0.0,0.1113541955980198,0.23872355133980896,0.011406116505055136,0.047851292521383856,0.05360534675802428,0.0024584698740656914,0.11492605737417777,0.014817134228897412,0.0,0.0,0.013725321606296722,0.0,0.0021253253416059457,0.0,0.03708379851293775,0.0,0.0,0.0,0.0,0.123884860630958,0.007010423846066755,0.01976004255067611,0.0037163626743920907,0.17399600215133118,0.02355569848630275
s02M4022,0.0,0.0,0.000236326460618912,0.026819338796028637,0.08895295968467411,0.02156872209226771,0.029337752901038763,0.0,0.0006100612371469701,0.11348074992399479,0.029038088328979295,0.0,0.0,0.004865459721291148,0.0,0.007460302439846427,0.0,0.06457604090943063,0.011170262541376335,0.0,0.3524486453392389,0.0,0.07613137846877917,0.0,0.0,0.0,0.16647712076676954,0.006826790388518544
s03M4022,0.0,0.0,0.0001999279604853851,0.03267855027612807,0.08353058173248373,0.02904826191360744,0.03263754243476907,0.0,0.004745532304413059,0.07978961985318166,0.03269573874752002,0.0,0.0,0.0015200068613474952,0.0,0.005287981849985954,0.0,0.04784572403932277,0.018183474004404017,0.0,0.377765418460324,0.0,0.08244925410740334,0.0,0.0,0.0022520470660686385,0.15965603239287784,0.009714305995677573
s04M4022,0.0,0.0,0.0003321727226097332,0.052147516784524735,0.09154301132561128,0.06048988092663009,0.06010340017873215,0.0,0.0,0.04963296111123768,0.02024304809928919,0.0,0.0,0.012989395066803912,0.0,0.06335999202146339,0.0,0.08410502003173417,0.0,0.0,0.11149008818152512,0.0,0.05807227876083919,0.0,0.0011604987994737123,0.012392213171255731,0.3023239315104884,0.01961459130778136
s05M4022,0.0,0.0,0.0,0.03247936839224895,0.0652237292588959,0.047021375136482114,0.1017542170756913,0.0,0.0,0.02228911948016791,0.012139916802292464,0.0,0.0,0.02770450612904895,0.0,0.025008968928698996,0.0,0.08508130934206636,0.009482700937407513,0.0,0.10315452942898673,0.0,0.0989711475026853,0.0,0.0,0.02574909285825875,0.32581675902673,0.018123259700338595
s06M4022,0.0,0.0,0.0005009585010541834,0.02386112251807722,0.10696650868783504,0.052901263896523706,0.0731422530199762,0.0,0.0,0.014334956128116565,0.006788628392343215,0.0,0.0,0.007859112624754845,0.0,0.054962640042323915,0.0,0.08995472165687267,0.0,0.0,0.07140452215819221,0.0,0.06828458772356157,0.0,0.0,0.01661197897842802,0.39356323579936137,0.018863509872579152
s07M4022,0.0,0.0,0.0,0.02408428355617275,0.11836132948110172,0.09825374750463171,0.11373009411639266,0.0,0.0,0.028671320963318637,0.0,0.0,0.0,0.02193105698274689,0.0,0.06445353405321315,0.0,0.0,0.004043899874597409,0.0,0.09284382501184436,0.0,0.03926635478817759,0.0,0.0,0.02036540628309701,0.35639708583089635,0.01759806155380981
s08M4022,0.0,0.0749723554814743,0.5649073281502113,0.018091771722274632,0.0,0.0,0.0,0.0,0.0,0.0,4.507951471287632e-05,0.07745129318154138,0.0,0.0,0.0,7.437002612965554e-06,0.0,0.0,0.0,0.00010133491280684595,0.023947446984258176,0.00030031581627111667,0.016304860655877593,0.0,0.0017193651024617577,0.0,0.0023273635474097484,0.21982404792808738
s09M4022,0.0,0.009151025130583109,0.009095651187176203,0.4139393372338287,0.23847432620656242,0.0,0.009517833969049006,0.04178232024863058,0.004700037831821603,0.024531690730945566,0.04133173460025052,0.0,0.0018726251360164047,0.0015967373802868452,0.03501552525006718,0.0,0.0,0.0,0.0008194628522339035,0.001965436431936247,0.007820330682466415,0.0,0.0,0.012604312463614752,0.1111330526638253,0.0,0.03464856000070526,0.0
s10M4022,0.0,0.0,0.0012052727657909498,0.2674246119072323,0.3020703635323915,0.012072505047691272,0.008302405455715483,0.05898050504503527,0.012287125557947611,0.11888012965619435,0.04859592201091205,0.0,0.0017742485509101575,0.0,0.0,0.004772713189313605,0.0,0.0420305209251876,0.0,0.00045834066117851445,0.0033681864639121414,0.0,0.0,0.008278048368858483,0.03710736229443611,0.0,0.06583713861136185,0.006554599955930766
s11M4022,0.0,0.0,0.000548475846048998,0.269536781774158,0.3163190985164608,0.0022391841459451526,0.0034725647946913575,0.06942671243133124,0.010554206561140237,0.17327401607694262,0.04352872062394836,0.0,0.0005317767328105941,0.0,0.0,0.00026009310453540434,0.0,0.030030575453319764,0.0,0.00035863451605844065,0.0,0.0,0.0,0.009704533106081345,0.017199687207025315,0.0,0.05301493910950251,0.0
s12M4022,0.0,0.0,0.0005880764757235533,0.24289443131673225,0.3257012394208281,0.009416333690741014,0.009759793145603305,0.07746262507988484,0.006546636309228136,0.21746302155034955,0.0,0.0,0.0,0.0,0.0,0.0013756923936410126,0.0,0.008876618491782172,0.0,0.0,0.000608434914805304,0.0,0.0,0.0,0.008237568067143639,0.0,0.07941174141959953,0.011657787723937595
s13M4022,0.0,0.0,0.0007659912136937579,0.23452595747234314,0.30392687314378597,0.0063917627654848305,0.008382284696019556,0.05530158569274241,0.002262175528730636,0.18485189172565697,0.03214947504565919,0.0,0.0,0.0,0.00989724890474314,0.0011045841878521434,0.0,0.04120989954422715,0.0,0.0,0.0,0.0,0.0,0.0,0.01762194121057153,0.0,0.09045223688136765,0.011156091987121978
s14M4022,0.0,0.0,0.0006833597324196337,0.19211022433041908,0.23268115769824138,0.0004853969637447643,0.012043843426901558,0.04920023367760336,0.0,0.2349337096933013,0.025899000559487538,0.0,0.0,0.0,0.0,0.006137514197743161,0.0,0.05172451664741892,0.0,0.0,0.0,0.0,0.03483913356157285,0.0,0.03990480058400897,0.0008281810206175512,0.1017866568078063,0.016742271098713655
s15M4022,0.0,0.0,0.0,0.07127126533589445,0.12566467527271497,0.06645959485538375,0.05818650793655687,0.00164713548554249,0.0,0.07623275964756936,0.02459196871803085,0.0,0.0,0.009830656743439598,0.0,0.07855774665730798,0.0,0.11327334413569182,0.0,0.0,0.0,0.0,0.04491368598405159,0.0,0.0018335421569572585,0.009322032934925532,0.3037307321903021,0.01448435194563159
s01X4022,0.0,0.0,0.0008150619240613615,0.029931552301567344,0.1005223179073803,0.0493618157227874,0.055635334090151034,0.0,0.0,0.09949439762391661,0.012944272604045941,0.0,0.0,0.007165546137921087,0.0,0.12821492165418272,0.0,0.09646412418681491,0.0,0.0,0.0,0.0,0.05137246044558636,0.0,0.0,0.007478951003579227,0.3499302110508397,0.010669033347165905
s02T4022,0.16889107475487913,0.0,0.0004515471466097145,0.019554651799979627,0.07903711091637448,0.033825594347506205,0.06814741699097764,0.0,0.0,0.028683699953677977,0.01184227713683441,0.0,0.0,0.00802874180230404,0.0,0.009202845386923474,0.0,0.07084667398869017,0.0,0.0,0.03251232647581435,0.0,0.07581510786604975,0.0,0.006951592973617622,0.017758874723155044,0.3559330659848575,0.01251739775174882
s03T4022,0.129382443393154,0.0,0.0,0.02874353184824185,0.04975060802933649,0.012794955098891054,0.11008669110647591,0.0,0.0,0.011338629617044002,0.004440159797927792,0.001049925216593568,0.0,0.030345712020399346,0.0,0.027654522152710508,0.0,0.04568124282998968,0.0,0.0,0.04138272927309664,0.0,0.09811250329314838,0.0,0.002371482489043867,0.030055479433190403,0.36275214735124667,0.014057237049509931
s04T4022,0.2245427097504182,0.0,0.0,0.03359639935116266,0.09202851081292426,0.014217414166378601,0.0447571409457029,0.0,0.0,0.03530100413019739,0.015919097169785783,0.0,0.0,0.0,0.0,0.00017157027904819328,0.0,0.058889821463633384,0.0,0.0,0.0511313704315768,0.0,0.08238965528674472,0.0,0.00018701760802621807,0.0060721472870576615,0.32426162563845934,0.016534515678883848
s05T4022,0.1224495896746782,0.0,0.0003677352213828414,0.03728801321904263,0.0985113490962444,0.03247857251037645,0.04222569280691436,0.0,0.0,0.060115104689064856,0.021575643037158435,0.0,0.0,0.0,0.0,0.02427628637973607,0.0,0.0683724890689248,0.0,0.0,0.05322397704716706,0.0,0.09690673477503772,0.0,0.0,0.005756622034999049,0.32272080223539773,0.013731388203875296
s06T4022,0.030504632914142446,0.0,0.0005436565247058574,0.04354019589825957,0.11573844661026701,0.016520480552809757,0.049988037363459636,0.0,0.0,0.05371522927616168,0.012410664025989173,0.0,0.0,0.0,0.0,0.04043994637417387,0.0,0.05846704376735863,0.0,0.0,0.026895590804027467,0.0,0.09264858046310998,0.0,0.0,0.011936059059075022,0.42894890550838066,0.017702530858079216
s07T4022,0.0,0.0,0.0008230369069861032,0.03441676014137709,0.10837338486436401,0.05092841886762266,0.04940479802691219,0.0,0.0,0.0873100595997651,0.01796748712440571,0.0,0.0,0.0,0.0,0.05391775074581,0.0,0.09465119167230089,0.0,0.0,0.029703378027846228,0.0,0.07831153375807652,0.0,0.0,0.008763788217890882,0.36786400992276524,0.017564402123877464
s08T4022,0.0,0.09093881011855935,0.5620731253652118,0.002205977084192012,0.0,0.0,0.0,0.0,0.0,0.0,0.0,0.020286094766781334,0.0,0.0,0.0,0.0,0.0,0.0,0.0,0.0,0.0,2.406253960910479e-05,0.017718056011184053,0.0,0.0,0.0,0.0,0.30675387411446237
s09T4022,0.06421945642117179,0.02387322554232966,0.023007587752715723,0.2783908646159215,0.2518941329336923,0.0,0.00690141277202851,0.06409923887779591,0.005344061862173118,0.005765539004369137,0.01581874922324449,0.012164318411299533,0.0004908172792171105,0.0,0.0765438100903275,0.0,0.0,0.002527318537818443,0.0,0.0012561078011159806,0.0,0.0,0.0,0.017472310311217647,0.09040491418018719,0.0005050027313677313,0.05151642869856135,0.00780470295344547
s10T4022,0.011086571693973818,0.0,0.0017981697586953122,0.3160049230422823,0.29991578118091555,0.0,0.009592431891889124,0.051476018099123756,0.004813063701902779,0.07352306604361854,0.036085451425976654,0.0,0.0,0.0,0.026976926164643113,0.0062959626229176155,0.0,0.02160175268450164,0.0,0.0005747587249761013,0.0,0.0,0.0,0.0023567715343096414,0.04674628815133001,0.0,0.08480950686170816,0.006342556417235979
s11T4022,0.0,0.007484589305907868,0.009812708759318273,0.31151665478694357,0.3014399542662639,0.0,0.007033185487896809,0.06706049989305551,0.0071421488125125625,0.07151830642163257,0.024899189056862864,0.0,0.0,0.0,0.004018000294446314,0.015152990706848828,0.0,0.016463689729066994,0.0,7.288695593388174e-05,0.0,0.0,0.0,0.01841278790915962,0.05567197213603943,0.0,0.06898309054624599,0.013317344931865083
s12T4022,0.2065994469123984,0.01049372890005507,0.005955793772246181,0.12336866526777472,0.2621726584607843,0.0030392855598449105,0.006528344420765551,0.06615672869253092,0.007923836415060365,0.05454087808123388,0.012671404049123506,0.0,0.0,0.0,0.008410566948836483,0.01433763076347327,0.0,0.01948195136073077,0.0,0.0,0.012543659129413813,0.0,0.0,0.0071416980241803376,0.024788077216593686,0.0,0.09784870119899781,0.05599694482595607
s13T4022,0.0021074764679235598,0.0,0.002558720096317568,0.2546144725324115,0.3050636032983582,0.0003944845164672496,0.010254141894214175,0.059645453292168936,0.001677007114898403,0.11099129193546059,0.025025359086367768,0.0,0.0,0.0,0.0,0.019146262157891423,0.0,0.04004864127857899,0.0,0.0,0.0,0.0,0.0010958157748179097,0.000876887298526908,0.029449142770351083,0.0,0.11021424660244947,0.026836993882796464
s14T4022,0.0,0.0,0.0009638139034580066,0.15411816472141796,0.28593393322835664,0.0065935448114942865,0.011336137535817496,0.04329721634056299,0.0,0.09233924866193473,0.01273605320991927,0.0,0.0,0.0,0.0,0.10320453849048206,0.0,0.04285911507122961,0.0,0.0,0.0,0.0,0.019712180063567623,0.0009217559524006054,0.017338849933880362,0.001522983873916335,0.17712507784969514,0.02999738635186692
s15T4022,0.04839204884561731,0.0,0.0010782346873307762,0.14874328541414092,0.20557498292062956,0.009601738685747303,0.03858599794397624,0.014729575296786715,0.0,0.07939166651440054,0.021609868904601127,0.0,0.0,0.014493586479608068,0.0,0.043275662275670805,0.0,0.06836505052494793,0.0,0.0,0.0,0.0,0.03600691842341145,0.0,0.033941840430323576,0.00807552117247447,0.2022548025960842,0.025879218884249197
s02M4122,0.13002356231173756,0.0,0.0,0.009817583050020699,0.13056993608151013,0.007772641306598013,0.028473340672847184,0.0,0.0,0.0,0.00032938692445706876,0.004911078644009042,0.0,0.020855384357184367,0.0,0.13986005763102907,0.0,0.11633869895435252,0.0,0.0,0.0,0.0,0.04547955706567095,0.0,0.010119969785159815,0.050658711190475464,0.2987514239089378,0.006038668116010319
s03M4122,0.02828520027512871,0.0,0.0,0.06561980027380848,0.1778122465128652,0.01066115440958318,0.06872830374896054,0.0,0.0,0.010829529748407344,0.01272629069137709,0.0033718539986138246,0.0,0.03528220935675797,0.0,0.015289355369687438,0.0,0.06675238570917692,0.0,0.0,0.007842268979197748,0.0,0.058201943719107696,0.0,0.0013455521282692122,0.03507418358749096,0.3909796743808685,0.011198047110699183
s04M4122,0.0,0.0,0.0,0.024118342438321488,0.13232505295114597,0.09604068053973086,0.013364665209602526,0.0,0.0,0.08093991014945501,0.020338078395314246,0.0,0.0,0.0,0.0,0.06459307617377552,0.0,0.18523740549778966,0.0,0.0,0.0,0.0,0.018913779182142147,0.0,0.0,0.0008092474991322887,0.34872874479706156,0.014591017166528652
s05M4122,0.0,0.0,0.0,0.03760614415462299,0.12219187518078206,0.10387053269347923,0.0059962813222091795,0.0,0.0,0.10029860889532695,0.027438737361342534,0.0,0.0,0.0,0.0,0.07103696286408957,0.0,0.20160063066745149,0.0,0.0,0.0,0.0,0.017408808414498246,0.0,0.0,0.0,0.2995606202688457,0.012990798177351928
s06M4122,0.0,0.0,0.00048638111200318025,0.03794796969647279,0.07849125744078024,0.14088794508909844,0.008377549414892143,0.0,0.0,0.10863707474263978,0.0231094417756037,0.0,0.0,0.0,0.0,0.08326810448148586,0.0,0.21334378732858536,0.0,0.0,0.0,0.0,0.0,0.0,0.0,0.0,0.294794040586098,0.010656448332340498
s07M4122,0.0,0.0,0.0008350926282103778,0.0586473850527535,0.09917675030741646,0.06679090866709188,0.029520364611151855,0.0,0.0,0.06932457890066857,0.02184046602289351,0.0,0.0,0.0,0.0,0.06833992609916442,0.0,0.20316799594536358,0.0,0.0,0.0,0.0,0.022511125827482194,0.0,0.0,0.008009002460902557,0.3459548408894774,0.0058815625874236305
s08M4122,0.0,0.08021778768134992,0.5455946056998034,0.0,0.0,0.0,0.0,0.0005588531675661223,0.0,0.0,0.0,0.03002672945826984,0.0,0.0,0.0051343213811127445,0.0,0.08191172959396562,0.0,0.0,0.0,0.0,0.0005022955517644526,0.004930270441973234,0.0,0.001988054561642366,0.0,0.0,0.24913535246255225
s09M4122,0.08986512039301824,0.012028057425926207,0.009013930272619916,0.29450255184683755,0.2445509734769633,0.0,0.010471757210873905,0.050395210974073255,0.0019771027310351258,0.016168428689898384,0.02772901585275614,0.003168233430196222,0.00012242809032380613,0.0,0.03180029382285541,0.0038937267069500425,0.0,0.010443159819747694,0.0,0.0009117886915226794,0.0,0.0,0.0,0.005499861467076964,0.09872986594247539,0.0006831010012343028,0.08218103368638291,0.0058643584672325106
s10M4122,0.012785827683050154,0.015194850992899838,0.008999485255217498,0.4406431036678634,0.24917600827546663,0.0,0.008405396487343031,0.053531852927620374,0.0053322800391591456,0.0062734178392003246,0.022588314733406476,0.010490896592120656,0.0,0.0005652644060793379,0.0314186684692285,0.005877461476680977,0.0,0.0,0.0,0.001139263043197289,0.0,0.0,0.0,0.010073849343747837,0.04278375910441034,0.0013595249999831095,0.06568468353980617,0.007676091123518755
s11M4122,0.05161007831417795,0.035343309566978905,0.04459295683366563,0.38072185279527787,0.19214790445901872,0.0,0.009686082384947997,0.03995202443886809,0.0,0.003809460134693608,0.0216334002324106,0.03747974309516224,0.0010923334249733436,0.0005980373283903122,0.054184119365857215,0.0,0.0,0.0,0.0,0.0014638655749029542,0.0,0.0,0.0,0.0054504357846671325,0.06600663037614482,0.00026074822107789253,0.050875985046407946,0.003091032622376798
s12M4122,0.008789748005489512,0.004682486993722417,0.008196652881534865,0.31173280310685253,0.29615807147059003,0.0,0.00462281550754012,0.07863016551991722,0.009662380459664553,0.06911165663038475,0.021081252330590855,0.0,0.0,0.0,0.023304396161850854,0.0011290217213870155,0.0,0.005917616430172519,0.0,7.89592528938532e-05,0.0,0.0,0.0,0.0029799100086596478,0.024404003019455164,0.0,0.08345762680262941,0.046060433696664634
s13M4122,0.0,0.0,0.004253153580929856,0.3115750153794677,0.32454823267106486,0.0,0.001635973264181076,0.06647220985828396,0.010507511828262836,0.06946902818264841,0.023234623567846065,0.0,0.0,0.0,0.0,0.004616172748505534,0.0,0.010106782417472055,0.0,0.0,0.0,0.0,0.0,0.005495715553118534,0.015770926678529397,0.0,0.10205363843508497,0.05026101583460457
s14M4122,0.04005730001694272,0.0,0.0009147752821063467,0.21791667079244423,0.28075627878355336,0.0019093191578151085,0.0029777057385156685,0.0526789355642941,0.006357971511386537,0.09292648136421294,0.021295050275647195,0.0,0.0,0.0,0.003963534510609694,0.027984149858389925,0.0,0.031444651085168425,0.0,0.0,0.0002016790099749183,0.0,0.0,0.0026997061711996288,0.011325196579670701,0.0,0.1483425417279114,0.056248052570157164
s15M4122,0.0396072541125687,0.0,0.00126506090377262,0.1585541857905529,0.2860607302648216,0.006752979011301293,0.01265236309703614,0.02604681245345283,0.0017814923537565624,0.06524950280174406,0.013668845657842979,0.0,0.0,0.004261526029254202,0.0,0.0461052072266082,0.0,0.05211883215155537,0.0,0.0,0.0,0.0,0.0,0.0,0.025075770937785468,0.009426043476915363,0.21755062160183916,0.03382277212919254
s01X4122,0.0,0.0,0.0,0.07530813560193657,0.16538458067701622,0.011328399903847215,0.056221257806882544,0.0,0.0,0.03099228977235422,0.012310911637540233,0.01081404706719981,0.0,0.07928227468099408,0.0,0.017908971140910532,0.0,0.08624311131239878,0.0,0.0,0.0,0.0,0.018732837545988357,0.0,0.01933267901422787,0.06919822157565927,0.33012573053008465,0.01681655173295961
s02T4122,0.1836815963250527,0.0,0.0,0.015549275505093798,0.1519014739281984,0.03567593492846046,0.024361689007976094,0.0,0.0,0.0,0.008766428367354718,0.004139423778112108,0.000790939222113919,0.013658220551613417,0.0,0.0318756417831614,0.0,0.3025248912238493,0.0,0.0,0.0,0.0,0.013029563141145447,0.0,0.010536175242521362,0.06221953224977699,0.13853154701146347,0.0027576677341064186
s03T4122,0.09456656276633446,0.0,0.0,0.008095214207834385,0.13854074697915336,0.029540769532941658,0.02597429678295961,0.0,0.0,0.0,0.008055834111456306,0.0003713380406696812,0.0,0.008877026294329033,0.0,0.0706200667597329,0.0,0.3861923659212099,0.0,0.0,0.0,0.0,0.021987320360469388,0.0,0.003008004319734612,0.06046974579509488,0.14139903160539732,0.0023016765226825343
s04T4122,0.12531070437020567,0.0,0.0,0.009384935019969147,0.1637383690488341,0.019697271467340034,0.013245714422352542,0.0,0.0,0.0,0.010314431806127294,0.0,0.0,0.0,0.0,0.08375991205914271,0.0,0.35126682173284557,0.0,0.0,0.014045379116544866,0.0,0.007599816288171916,0.0,0.0017888356398899315,0.04453932264649721,0.15180416160183355,0.003504324780245473
s05T4122,0.19424104764598193,0.0,0.0,0.013625762860788784,0.13962793507931484,0.02167975903036004,0.01950026383991859,0.0,0.0,0.003949438523644003,0.018349158991021627,0.0,0.0005322130597549645,0.0,0.0,0.039462455354943235,0.0,0.34297559934385685,0.0,0.0,0.0011108350275952407,0.0,0.013000553829968845,0.0,5.8220634938412463e-05,0.040030053557378556,0.15003962894006823,0.0018170742804659815
s06T4122,0.17578596134955768,0.0,0.0,0.0193538708155772,0.14133263082736425,0.006922876829676464,0.02800468009911941,0.0,0.0,0.002396901467982589,0.012622306937386807,0.0033913070589659308,0.0,0.02079107843262576,0.0,0.017635035953223646,0.0,0.31776909028016875,0.0,0.0,0.008278925662203548,0.0,0.03464510023722677,0.0,0.008744389181293645,0.06564263070363438,0.13668321416399318,0.0
s07T4122,0.20918124668801297,0.0,0.0,0.03888757691038032,0.1141807409242588,0.0,0.05184761030795638,0.0,0.0,0.00036318465001092834,0.00978862659355252,0.027842189571055203,0.0,0.1310202370358903,0.0,0.0,0.0,0.02608727994732684,0.0,0.0,0.026428936203745375,0.0,0.0624462633632912,0.0,0.0510416154978408,0.1583978449276711,0.09248664737900737,0.0
s08T4122,0.0,0.3124153817503788,0.4423820308490265,0.008757055370327092,0.0,0.0,0.0,0.00033381776401460606,0.0,0.0,0.00017833672017497756,0.16650948963239928,0.0,0.0,0.016065158754201687,0.0,0.0,0.0,0.0,0.0,0.0,0.0022796134384102298,0.0,0.0,0.005835330679632957,0.0,0.0035096886160053973,0.04173409642542854
s09T4122,0.05190172390933615,0.030659859686094176,0.03496441407748115,0.3819690412002796,0.12759722683430527,0.0,0.007386305446507532,0.029889637671757414,0.0,0.0,0.005756948742484012,0.03980981272423122,0.0003386570865820769,0.002617760531839236,0.0316438358675707,0.0,0.0,0.0,0.0,0.0020797453974371683,0.0,0.0,0.0034669354439545563,0.0,0.18452698805333165,0.0015426472066398748,0.06384846012016823,0.0
s10T4122,0.12303761661064308,0.014292498239746314,0.006891218306033983,0.3447390646101345,0.18184603792655737,0.0,0.009434534922710465,0.02584369191376403,0.0,0.0,0.02197262586715584,0.017076448140498003,0.0003181554054307238,0.0,0.06893819356814163,0.0,0.0,0.0,0.0,0.0018668202381038604,0.0,0.0006718174500559273,0.007310249204104378,0.0,0.10170035875239153,0.0018117256442104527,0.072248943200318,0.0
s11T4122,0.07901994547440389,0.02836085462357021,0.03045104371496556,0.36283228606321916,0.19854500033570943,0.0,0.00039650661101403264,0.053525087627682065,0.00020013500182557048,0.001112632527638408,0.02195756395304875,0.03403711669379679,0.0007290937762894274,0.0,0.037706272688299514,0.0,0.0,0.0,0.0,0.0012518220782412337,0.0,0.0,0.0,0.00651965610386844,0.0794412170369536,0.0002715164664964692,0.063518005988267,0.00012424323471046928
s12T4122,0.01099324266905928,0.008161036468835257,0.007039886114695369,0.37438160961730654,0.281801329434946,0.0,0.0023199223772886394,0.06300062519663996,0.006464591957231706,0.04806595884929893,0.03631796195155167,0.009977755026600805,0.00038667907089349703,0.0007325763985678679,0.0,0.0,0.0,0.0028481139029673704,0.0,0.0008827384210219942,0.0,0.0,0.0,0.007491725988539605,0.032932204787728264,0.0,0.07082900567433466,0.03537303609249262
s13T4122,0.053630028001714874,0.010242335393095795,0.01243295184330521,0.4279928209882542,0.21053811648660864,0.0,0.010785749362062606,0.023877900470174344,0.0,0.003784283571662298,0.04016665985897142,0.01827114807677283,0.0016096915940356819,0.005418692691391953,0.027957673954389434,0.0,0.0,0.0,0.0,0.00168635401635018,0.0,0.0,0.0,0.004607744791774191,0.072274093268721,0.0011966325933403692,0.07058687434862423,0.002940248688750647
s14T4122,0.017096944762194824,0.0,0.002335233164241628,0.30953608592092074,0.3016794499899631,0.0,0.005872728417489935,0.04272576933771618,0.00904355702056996,0.06739584986462613,0.054791382530424884,0.0,0.0,0.0,0.0,0.0022053229242655448,0.0,0.02770553416671147,0.0,0.0,0.0,0.0,0.0,0.0018149000830052155,0.018702055651343384,0.0,0.10418543984172103,0.034909746324805944
s15T4122,0.10567414406952307,0.0,0.0009594222459782365,0.1294548753222835,0.2591608587741775,0.0040774288206475336,0.013797627459158975,0.020297844992715874,0.0007331749193933029,0.06144880302757434,0.07344944493549513,0.0,0.00119801903054652,0.007085433584037683,0.0018518318110600292,0.007674355413529567,0.0,0.11906792421931259,0.0,1.862818463546826e-05,0.0,0.0,0.0021546600292066706,0.0,0.02488354471723749,0.015157984377919438,0.12719534975779884,0.02465864430776842
s02M4222,0.13958650760002206,0.0,0.0,0.02039208871672878,0.13995162127889313,0.03232435817382542,0.0,0.0,0.0,0.01385470909258717,0.007816514098694868,0.0,0.0,0.0,0.0,0.036389273722166486,0.0,0.3822395997374019,0.0,0.0,0.0,0.0,0.035366855550190916,0.0,0.009259989801650334,0.02264628760927187,0.15803163186039254,0.002140562758174494
s03M4222,0.0,0.0,0.0,0.021797184862804277,0.11111431878159615,0.0,0.041184612499388804,0.0,0.0,0.0206676635736588,0.016917041295842535,0.001825888766222933,0.0,0.04347904806594496,0.0,0.011855855741846895,0.0,0.5167537340572813,0.0,0.0,0.0,0.0,0.03876742252261939,0.0,0.0,0.08055545299572973,0.0950817768370641,0.0
s04M4222,0.0,0.0,0.0,0.012792004361385894,0.08128767246013227,0.19913940483890288,0.0,0.0,0.0,0.10902321269615711,0.030316303767489363,0.0,0.0,0.0,0.0,0.02270814014735956,0.0,0.4303185710838075,0.0,0.0,0.0,0.0,0.0,0.0,0.0,0.0,0.11159914662078022,0.0028155440239852024
s05M4222,0.0,0.0,1.7274257951283168e-05,0.01073668483165702,0.09381404381673275,0.12641698205860918,0.007688894499026954,0.0,0.0,0.05954095146031489,0.0077595143491416985,0.0,0.0,0.0,0.0,0.08119703619142264,0.0,0.40592312452829393,0.0,0.0,0.0,0.0,0.0,0.0,0.0,0.011462047689564003,0.19337672572280204,0.0020667205944836196
s06M4222,0.0,0.0,0.0,0.025561324059091353,0.1688135693957999,0.07713738557220519,0.0,0.0,0.0,0.18657466945399753,0.03604004575258164,0.0,0.0,0.0,0.0,0.04911156877259855,0.0,0.32349950508885245,0.0,0.0,0.007876878147443546,0.0,0.0,0.0,0.0,0.0,0.12164505164537849,0.0037400021120513258
s07M4222,0.0,0.0,0.0,0.09381863857411533,0.10330398130657073,0.0,0.04311552059860335,0.0,0.0,0.0025534148357971914,0.047285027615048526,0.006928262163825616,0.0,0.0867625594115946,0.0,0.0,0.0,0.27515006387446644,0.0,0.0,0.08974564299832166,0.0,0.005978283043766989,0.0,0.05911754492148612,0.13949222866348884,0.04674883199291462,0.0
s08M4222,0.0,0.0,0.9245941534279143,0.0,0.0,0.0,6.992056279369302e-05,0.0,0.0,2.1534585675892476e-05,0.0,0.0,0.0,0.00035195470314538,0.0,0.0,0.008549547510053065,4.778439157726291e-05,0.0,0.0,0.0,0.0,0.0,0.0,0.0,3.2447331164398275e-05,0.0,0.06633265748767618
s09M4222,0.0,0.04074593077443738,0.15531649426768973,0.1959287399975639,0.25395863117709366,0.0,0.0,0.10153759012317184,0.0,0.006322759801490081,0.07634437828359296,0.00882711862291297,0.0,0.0,0.0,0.0,0.0,0.01288013549240381,0.0,8.006736663111054e-05,0.0,0.0,0.0,0.04685684556189001,0.08139586027279704,0.0021239447599760383,0.017681503498349342,0.0
s10M4222,0.0,0.0,0.008636535997078155,0.27195696722653645,0.30155882658151106,0.0,0.0023188910634403498,0.07129571561317954,0.0,0.0,0.21344973144977386,0.0,0.0,0.0025825383459831238,0.0,0.0,0.0,0.028418192117935198,0.0,0.0007243026055170535,0.0,0.0,0.0,0.018760782013413763,0.06910859821063152,0.005536836282332233,0.005652082492667694,0.0
s11M4222,0.0,0.012269071597265794,0.011056388339578371,0.4005281335104147,0.23047936122335072,0.0,0.006492960073247227,0.06825499161260996,0.0,0.0,0.1003046852094832,0.0022117777271861787,0.0,0.004082831184638562,0.0,0.0,0.0,0.0,0.0,0.0009136712753763762,0.0,0.0,0.0,0.020177766508118245,0.11094852481280566,0.008193433105571211,0.024086403820353694,0.0
s12M4222,0.0,0.003675330284152047,0.01042409711957958,0.3729318586432933,0.23643952372916113,0.0,0.0,0.050265446960406995,0.0,0.04554099477927452,0.17111991496468748,0.0,0.0,0.002907090209792904,0.0,0.000728191812475907,0.0019239424243306133,0.027899667896135627,0.0,0.0,0.0012407788315342903,0.0,0.0,0.0175894614071588,0.04456891996914626,0.0,0.0127447809688706,0.0
s13M4222,0.0,0.0,0.00440830276184846,0.2221223874893463,0.30405842108255793,0.0,0.0,0.06497844940647197,0.0,0.04431762231617222,0.28181714381514233,0.0,0.0,0.0,0.0,0.0,0.0,0.03534363726431777,0.0,0.0,0.0,0.0,0.0,0.026578523880530596,0.01637551198361238,0.0,0.0,0.0
s14M4222,0.0,0.0,0.0013026147075640847,0.2093035350423498,0.2817129110737041,0.0,0.0,0.06986072792998721,0.0,0.08749126290588113,0.18081661952830422,0.0,0.0,0.0,0.0,0.0,0.0,0.1509313432146216,0.0,0.0,0.0,0.0,0.0,0.0,0.00045804783198759893,0.0,0.017870278238030446,0.0002526595275697963
s15M4222,0.2537004903218391,0.0019147245997346801,0.0,0.15151717549737062,0.22959933897687143,0.0,0.02016272208525182,0.029778220070051202,0.0007063046633438611,0.006674393694878744,0.08012294938187836,0.0,0.004398243410863686,0.011917850926125448,0.0006049593112418178,0.0,0.0,0.04404224329473988,0.008044198912294187,0.0011359930384347832,0.0,0.0022905270666719333,0.015669663972492486,0.0,0.017035577933120584,0.036928408540063296,0.08375601430273215,0.0
s01X4222,0.35766938071807414,0.002370556750856711,0.0002398047622802692,0.0205573656554589,0.029033886935724798,0.030118277510935463,0.013982985684573316,0.0,0.0,0.0,0.05322576743391169,0.0002651799119032908,0.0,0.005615506687809304,0.0,0.0,7.953056895109657e-05,0.23552798661451535,0.020496944795105665,0.0,0.11451395532636068,0.00144894759921793,0.0,0.0,0.005146629731201904,0.0748689788044262,0.03483831450869323,0.0
s02T4222,0.03757066847477754,0.0,0.0,0.004816389484555488,0.04976685190597859,0.0,0.005033474347770967,0.0,0.0,0.0005185195894621065,0.0014105485212867848,0.0,0.0,0.0044927785028957504,0.0,0.06763464582268389,0.00465381009276563,0.7230658643465602,0.0,0.0,0.0014622722329774597,0.0,0.008320505666972533,0.0,0.00030705619539863184,0.06169741061974457,0.02694044484079735,0.002308759355372435
s03T4222,0.0,0.0,0.0001656241195437903,0.012735577977552318,0.027201196113049206,0.0,0.0043333288803051795,0.0,0.0,0.010064575980661494,0.009330925025804203,0.0,0.0,0.005823041327329165,0.0,0.01032026696995883,0.0,0.7771173577672477,0.0,0.0,0.014679228005068457,0.0,0.044491364572854075,0.0,0.0,0.0650806043628705,0.01833278826580813,0.0003241206319470651
s04T4222,0.15420695849329083,0.0011434658897876322,0.0,0.013597882929980603,0.12000413036277452,0.08668208177543776,0.0,0.0,0.0,0.01839884873388236,0.018445086777984017,0.0,0.0,0.0,0.0,0.034405146956426755,0.0,0.4150340125234604,0.0,0.0,0.02713673325530118,0.0,0.0,0.0,0.0,0.01760632654673431,0.0922972551238192,0.0010420706311203476
s05T4222,0.0,0.0005025535263499904,8.29868568457065e-05,0.009690312750489108,0.043830079337208526,0.16433058503144926,0.0,0.0,0.0,0.0,0.01186214731970081,0.0,0.0,0.0,0.0,0.05897516667582836,0.0,0.6690974490281011,0.0,0.0,0.0,0.0,0.0,0.0,0.0,0.01182404241626704,0.028129798450864458,0.0016748786068955656
s06T4222,0.19246140493012434,0.0030246031176948606,0.002040763738654183,0.003829606778008119,0.042157789095901774,0.056760319264797666,0.0025665844282592846,0.0,0.0,0.02145676734384939,0.020014528906486643,0.0004636093831828582,0.0,0.0,0.0,0.0017516899000588938,0.0,0.16207558863373994,0.025794516565168107,0.0,0.42148092448330793,0.0,0.0065205712736805315,0.0,0.0,0.00804939610359456,0.028640762501491585,0.0009105735519994423
s07T4222,0.36461094058724375,0.0,0.0005946961295047859,0.04265364867340193,0.08083627860870549,0.005451840804239127,0.046379259264130196,0.0,0.0,0.006065425037450192,0.00818646455062294,0.009330301809001653,0.0,0.06901927690030872,0.0,0.0,0.0,0.0034679890881414797,0.03089791898964395,0.0,0.0,0.0,0.030443950021218767,0.0,0.008301399701593128,0.19544379740468223,0.09398183407168438,0.004334978358427254
s08T4222,0.0,0.011107773621701207,0.9508233713864384,0.0,0.0,0.0,0.0,0.0,0.0012040931805738428,0.0,0.0,0.0006018906231191279,0.0,0.0,0.0007222168727347317,0.0,0.0,0.00016212488053800252,0.0,0.0,0.0,0.0,0.0,0.0,0.0,0.0,0.0024713186131111514,0.0329072108217836
s09T4222,0.0,0.11421548083133637,0.2761476378303938,0.1164661355845311,0.18613382304541629,0.0,0.0,0.129073016275565,0.004599031806768578,0.0,0.02980794980993831,0.05775938825991807,0.0,0.0,0.0,0.0,0.0,0.0,0.0,0.0,0.0,0.0,0.0,0.035778986821031304,0.05001854973510116,0.0,0.0,0.0
s10T4222,0.0,0.02022464590879423,0.00810484344096629,0.24336881554932002,0.3482576229604401,0.0,0.0,0.12616740139012889,0.0009500955433695283,0.024956620674737844,0.10791372566122513,0.0,0.0,0.0,0.0,0.0,0.0,0.026185787888145868,0.0,0.00025063448867987094,0.0,0.0,0.0,0.02715294505817954,0.061919744139627864,0.004547117296384725,0.0,0.0
s11T4222,0.0,0.022662161194344808,0.01534376643375756,0.3462835674341657,0.23647235043800577,0.0,0.0016314456361562902,0.058858707224816266,0.0,0.0,0.11470534999639502,0.0,0.0,0.003089385469675534,0.0,0.0,0.0,0.0033637181444531603,0.0,0.0007842826401745517,0.0,0.0,0.0,0.014909173152147025,0.17266889084726655,0.00922720138864181,0.0,0.0
s12T4222,0.0,0.028144881160500995,0.020737353707731585,0.3549813509113255,0.2630799814483942,0.0,0.00026372680233757354,0.07328507567422,0.0,0.0,0.08925496381972578,0.0016454290738581623,0.0,0.001841791873274408,0.0,0.0,0.0,0.0018369828484821197,0.0004276713652288377,0.00040055581736637497,0.021342678734271224,0.0,0.0,0.01446020867959786,0.12025665405700126,0.008040694026684234,0.0,0.0
s13T4222,0.0,0.009446210366329514,0.010862537176829685,0.3588346470046139,0.2821851790623207,0.0,0.0,0.06977264902924102,0.0,0.024640550570477746,0.16320584198496738,0.0016007507343305085,0.0,0.0012194905476065306,0.0,0.0,0.0,0.03375547972263884,0.0,0.0001450381826645573,0.0,0.0,0.0,0.008793804922796732,0.030843883693270263,0.003554521534236013,0.0011394154676765363,0.0
s14T4222,0.0,0.0,0.0023162988121514815,0.32158239133337385,0.3045226601678333,0.0,0.0,0.09524367741636722,0.0050926169567746754,0.014234721291911478,0.12415765093427501,0.0,0.0,0.0,0.0,0.0,0.0,0.09891254783337505,0.0,0.0,0.0,0.0,0.0046928573662872765,0.008385106743063352,0.003962534740186512,0.0006290483643670216,0.009692639170388883,0.006575248869645033
s15T4222,0.0,0.0,0.0,0.3078565939943956,0.18600467604134832,0.0,0.0037494806609224885,0.0039216557677096186,0.0,0.04865680435943568,0.18631465623535384,0.0,0.00143312510286686,0.002957140160745369,0.0,0.01187064815606032,0.0,0.1913981964674333,0.0,0.0,0.0,0.0,0.0,0.0,0.02553287078874893,0.011980377068129239,0.018323775196850443,0.0
s02M4322,0.0,0.0,5.3723577815782845e-05,0.0,0.0,0.08154891344031522,0.0,0.0,0.0,0.0,0.045851601464392974,0.0,0.0,0.0,0.0,0.03610570465485443,0.0,0.8095119234286657,0.0,0.0,0.0,0.0009197661958211405,0.0,0.0,0.0017033983362273661,0.024304968901907406,0.0,0.0
s03M4322,0.0,0.0,0.0006904077042268612,0.005027856470808622,0.02253457747880968,0.042630531355248656,0.0,0.0,0.0,0.0,0.041788461295721224,0.0,0.0,0.0021869639513730247,0.0,0.029549026168321627,0.0,0.7476060007545232,0.0,0.0,0.0,0.00010995409397317374,0.0,0.0,0.006197351485388711,0.09800939733382716,0.0023234880090313623,0.0013459838987465351
s04M4322,0.08427209093158926,0.0,0.0,0.03497151863457432,0.07575070885623067,0.02020676398292219,0.0017685634162915346,0.0,0.0,0.010679592705150925,0.04543905958969031,0.0,0.0,0.0013135644153869544,0.0,0.052064661735195,0.0,0.5401639211629614,0.0,0.0,0.0022279055845242004,0.0,0.0,0.0,0.009926625667340379,0.08480935287577265,0.031550146349848235,0.004855524092521651
s05M4322,0.26709189052649973,0.0,0.0003428150677347341,0.02310536798781905,0.09676465096897341,0.010388592538075885,0.0,0.0,0.0,0.004942823073539422,0.0369126760442729,0.0,0.0,0.0,0.0,0.09878161021149645,0.0,0.37288108633243644,0.0,0.0,0.02600274461292365,0.0,0.0,0.0,0.0,0.037760957722436005,0.02259291942243744,0.002431865491354765
s06M4322,0.12980806118212876,0.0,0.00016682039679993848,0.04421854346102775,0.07643632311141378,0.008813161049158814,0.0,0.0,0.0,0.02970664134729422,0.059277339797161814,0.0,0.0,0.0,0.0,0.050521674397895594,0.0,0.45936464085993983,0.0,0.0,0.10804318082916298,0.0,0.0,0.0,0.0,0.015438989569617426,0.017646259484168154,0.0005583645142308304
s07M4322,0.185492076049077,0.0,0.0,0.08033646305452272,0.13468788503108856,0.0,0.011287352499696382,0.00416205016051148,0.0,0.00045486258488369887,0.0815008425799943,0.0,0.0,0.017813474967713093,0.002298983890709154,0.0,0.0,0.0948284704307153,0.0027240891580725102,0.0,0.023232868922084992,0.0,0.0,0.0,0.10352146330495751,0.24316850669625395,0.01449061066971943,0.0
s08M4322,0.0,0.1827271011028522,0.7759141085398676,0.0,0.0,0.0,0.0,0.0,0.0,0.0,0.0,0.01784438179529143,0.0,0.0,0.0023106862505654284,0.0,0.010341486254417033,0.0,0.0,0.0,0.0,9.844454680447398e-05,0.0,0.0,0.0004958544762778074,0.0,0.003148008943335758,0.007119928090588178
s09M4322,0.08112963491703253,0.020068979834940454,0.008130610265146871,0.36451776971238586,0.1528770807502982,0.0,0.0007786037286505299,0.02018068635518975,0.0,0.00814327599682665,0.0383758380213382,0.010134245954587756,0.0025615126778059834,0.0,0.0,0.0,0.0,0.0364041472620169,0.0,0.0,0.0,0.0,0.0,0.0,0.23602160346873396,0.007650338960163299,0.013025672094883152,0.0
s10M4322,0.0010155303435698854,0.016307429894986892,0.004243908438256419,0.33575338942787897,0.22019040510177776,0.0,0.0009066843631670505,0.012856485385269926,0.0,0.0375513905741034,0.11430055007291219,0.004817636133505855,0.01563271993283521,0.0,0.0,0.0,0.0,0.06878115087453311,0.001546298002106808,9.047093238993382e-05,0.0015826474336325799,0.0,0.0,0.0,0.12251504209599721,0.012261511577759739,0.026385699881708958,0.0032610495336082112
s11M4322,0.0,0.016013791017484545,0.006740683833391513,0.37694523752702164,0.1783350947496891,0.0,0.0,0.014868376269059293,0.0,0.10481082999210584,0.09162173577459991,0.009632694675587547,0.007736470620949963,0.0,0.0,0.0011810428773268923,0.0,0.07356917629384983,0.0,5.643624505240997e-05,4.731029514121923e-05,0.0,0.0,0.0,0.10078965487781293,0.004270276076820657,0.013381188874106567,0.0
s12M4322,0.0,0.0,0.00040925056081182965,0.31825136394948955,0.2156228587539213,0.0,0.0,0.03973741021379258,0.0,0.13119341585123,0.07664829120172696,0.0,0.004688828517904506,0.0,0.0,0.0,0.0,0.16687813651692127,0.0,0.0,0.0,0.0,0.0,0.0,0.013131005040494671,0.0,0.02116575898043909,0.012273680413268144
s13M4322,0.0,0.0,0.0011332213228801842,0.35237440879692383,0.2827651861300932,0.0,0.0,0.05551361388601811,0.001661755420789932,0.05423027885969974,0.10665287874736334,0.0,0.010457779077822627,0.0,0.0,0.005316556446571305,0.0,0.08416570462682496,0.0,0.0,7.785361051182477e-05,0.0,0.0,0.0007067682222326194,0.02167537892619562,0.0013520777293837484,0.018948685398467145,0.0029678527982218332
s14M4322,0.0,0.0,0.0005813038505865412,0.2628453866928962,0.3006763067473034,0.0023652210996676594,0.0,0.0743527778764706,0.0,0.1784887186654598,0.01827301385800073,0.0,0.010483672157752569,0.0,0.0,0.011958707397904512,0.0,0.07771604298505015,0.0,0.0,0.002856302127203753,0.0,0.0,0.0,0.0009237832916600216,0.0,0.0495292959269463,0.008949467323097749
s15M4322,0.0,0.0,0.0007411050170245525,0.22770872514803062,0.21200781852988326,0.0,0.0,0.010079169302935547,0.0,0.09057292258941842,0.08177757084058646,0.0,0.009514076105265296,0.0,0.0,0.03483496931488909,0.0,0.24951374563751416,0.0,0.0,0.0,0.0,0.0,0.0,0.037450777763058676,0.0077461811279519194,0.03465749735018465,0.0033954412732574734
s01X4322,0.0,0.0,0.0,0.008862918608367123,0.0,0.0,0.004913564305283887,0.0,0.0,0.0007257504291695205,0.004303004716250017,0.0,0.0,0.04782369847780914,0.0,0.031972807659382096,0.0,0.27176981093444197,0.0,0.0,0.0,0.0,0.0,0.0,0.2565492713823801,0.3651838519793675,0.007895321507548635,0.0
s02T4322,0.0,0.0,4.317118858451167e-05,0.017562184228537808,0.002602923366943441,0.0,0.03243154165032156,0.0,0.0,0.00794879316105465,0.002116139316647134,0.0,0.00043384682691324295,0.4200856587999245,0.0,0.03800877910945618,0.0008865610133924777,0.16806101376863547,0.0,0.0,0.0,0.0,0.021008772917422567,0.0,0.029632813688118757,0.054387339772943126,0.20295420827679256,0.0018362529143120746
s03T4322,0.0,0.0,0.0,0.004022516703964558,0.011014262434880295,0.0,0.02755690705106714,0.0,0.0,0.011549359826847277,0.0016081956916472236,0.0,0.0,0.3497964729096004,0.0,0.017454711208520796,0.0,0.20909841179821073,0.0,0.0,0.013521099294303854,0.0,0.019219105457421285,0.0,0.009037509168591914,0.045467584950707296,0.27523079294404407,0.005423070560193258
s04T4322,0.0,0.0,0.0,0.010876479469869613,0.0,0.0004577434411395186,0.03208036740913383,0.0,0.0,0.006473470015795703,0.0,0.0,0.0,0.6510489473899835,0.0,0.002182162959213922,0.0,0.0,0.0,0.015262811839058,0.0005114961968116343,0.0003567993196119893,0.03357914517714528,0.0,0.0029623973349461492,0.005162001523437344,0.23323875911355543,0.005807418810298103
s05T4322,0.0,0.0,0.0,0.026484520082339036,0.0,0.0,0.048223208033290554,0.0,0.0,0.002991462364926787,0.0,0.003284641087943154,0.0,0.5262749917049715,0.0,0.0,0.0,0.0,0.0,0.00970701977748291,0.0,0.0001822155349710837,0.0,0.0,0.0008386496959507418,0.0110638698579303,0.3709494218601939,0.0
s06T4322,0.0,0.0,0.00037083568122150637,0.017614573008922784,0.0,0.0,0.029742843574313015,0.0,0.0,0.008654461217578483,0.0,0.0,0.0002987319357605448,0.6113391364210203,0.0,0.0,0.0,0.008908273479697856,0.0,0.018409814143178473,0.01897242273081971,0.0,0.0,0.0,8.756259829146707e-05,0.0,0.28560134520919583,0.0
s07T4322,0.0,0.0,0.0,0.0047772350380974596,0.0,0.0,0.037123133573516695,0.0,0.0,0.001605673924473466,0.0,0.0,0.0,0.8000381977595894,0.0,0.0,0.0,0.003056028869608353,0.0,0.0,0.0,0.0002954738545751005,0.010692492399279597,0.0,0.002235467578087615,0.019000597330931242,0.12117569967184105,0.0
s08T4322,0.0,0.33461566449481783,0.64748558063306,0.0,0.0,0.0,0.0,0.0,0.0,0.0,0.0,0.0,0.0,0.0,0.0,0.0,0.0,0.0,0.0,0.0,0.0,0.0,0.0,0.0,0.0,0.0,0.0,0.017898754872122256
s09T4322,0.0,0.07281593425093831,0.012928618313185423,0.14238275560007602,0.32634021955042997,0.0,0.0,0.12690403992436142,0.00022939521296682993,0.005940637099762688,0.08099708752961829,0.014532817723222199,0.005799927174521678,0.0,0.0,0.0,0.0,0.050296726096518876,0.0,0.0,0.0,0.0,0.0,0.024015486445627926,0.12939614850451284,0.0006512173235778345,0.0,0.006768989250679787
s10T4322,0.0,0.015795614666607647,0.005093549837050069,0.3132990049430624,0.265170674956959,0.0,0.0,0.07183050820584934,0.0,0.00012569660421018992,0.1717715778753106,0.0,0.008327263651361128,0.0,0.0,0.0,0.0,0.04098998364727369,0.0,0.0,0.0,0.0,0.0,0.006671272879195872,0.09453128017753146,0.006393572555588571,0.0,0.0
s11T4322,0.0,0.14412361677799435,0.03720031929490159,0.11712330417483116,0.29397111605503257,0.0,0.0,0.10724109526391618,0.0004256926122703194,0.002094715876913842,0.08913424377254592,0.045080377663634284,0.005003151521604233,0.0,0.0,0.0,0.0,0.020992331235013668,0.0,0.0,0.0,0.0,0.0,0.03871265493977733,0.0988973808115647,0.0,0.0,0.0
s12T4322,0.0,0.029510844327745492,0.004026690599996544,0.1279009425713516,0.2836079720662485,0.0,0.0,0.10742481003306098,0.0,0.1591640513697673,0.13545495431585913,0.003318569307659205,0.004060804939684932,0.0,0.0,0.0,0.0,0.11126177819632314,0.0,0.0,0.0,0.0,0.0,0.013223200387817408,0.016771223821315805,0.0,0.0,0.004274158063169993
s13T4322,0.0,0.013834486357909292,0.002354583949935229,0.2318099126256973,0.29539663622256124,0.0,0.0,0.08232326319227547,0.0,0.04749253752423272,0.1737970080290549,0.0,0.013056929757872218,0.0,0.0,0.0,0.0,0.06457388371510961,0.0,0.0,0.0003398458140482709,0.0,0.01490044163343679,0.012900489174309832,0.04721998200355735,0.0,0.0,0.0
s14T4322,0.0,0.0,0.0006748298086163707,0.17792041383488566,0.2809542352882273,0.0,0.0,0.059857823140400036,0.0,0.10774756854009877,0.0960551533734097,0.0,0.011437737926732014,0.000594592774712316,0.0,0.0,0.0,0.21873808373046214,0.0,0.0,0.0,0.0,0.016078189153162614,0.0,0.006898084938209256,0.0,0.021299846203594156,0.0017434412874896838
s15T4322,0.0,0.0,0.0,0.025508696292118997,0.0,0.0,0.03175758675665754,0.0,0.0,0.0014420288624736291,0.006213426116732034,0.0,0.0,0.7650406667917856,0.0,0.0,0.0,0.01618271352385799,0.0,0.0015444425411467084,0.0,4.2010441494866625e-05,0.007061153095867088,0.0,0.009207821096741944,0.011164423785514393,0.12483503069560926,0.0
s02M4422,0.0,0.0,0.0006527689622050742,0.011340746618273646,0.013649677188320134,0.0017125666880534135,0.02394068248788675,0.0,0.0,0.029452508110011565,0.0009852869714707159,0.0,0.0,0.41844166997239035,0.0,0.0,0.0,0.05449923082884754,0.0,0.0014872066135521802,0.0,0.0,0.0,0.0,0.0,0.0,0.439081763617942,0.00475589194104655
s03M4422,0.0,0.0,0.00045929624461250754,0.013790512126250194,0.0,0.0,0.026169381967825298,0.0,0.0,0.00991612606797025,0.001413332030985966,0.0,0.0,0.5406947825266806,0.0,0.0,0.0,0.04839016271391215,0.0,0.0017608623722666838,0.06070639642591656,0.0,0.0,0.0,0.0,0.0010421008896117012,0.2956570466339681,0.0
s04M4422,0.0,9.356852133955899e-05,0.0001317125743939937,0.004359330984471462,0.0,0.000837030032644972,0.022270036449199046,0.0,0.0,0.013255241914154017,0.001968897740446088,0.0,0.0,0.31397412030086863,0.0,0.0,0.0,0.031043268782553955,0.0,0.0,0.048989056869935495,0.0,0.0029715300680303253,0.0,0.0,0.007871802908699248,0.5413670680634293,0.010867334789833824
s05M4422,0.0,0.0,0.0017323230498150284,0.015664158499158313,0.0,0.0,0.01935286211029239,0.0,0.0,0.022142480914613124,0.003900215619587389,0.0,0.0,0.29886204059644533,0.0,0.0,0.0,0.05383698650469889,0.0,0.0,0.015367518895662128,0.0,0.0,0.0,0.0,0.0,0.5655149356966073,0.003626478113120224
s07M4422,0.0,0.0,0.0,0.014134954591011994,0.0,0.0,0.03629953181180067,0.0,0.0,0.006077747337526387,0.0013300014507110058,0.00060685547412943,0.0,0.7317550016869647,0.0,0.0,0.0,0.0139716456030758,0.0,0.0,0.0,0.0002982191211392801,0.022227378890724243,0.0,0.0,0.011540386546575243,0.1617582774863413,0.0
s08M4422,0.0,0.05325242803768116,0.888950616321899,0.0,0.0,0.0,0.0,0.0,0.0,0.0,0.0,0.0013788974100780674,0.0,0.0,0.0,0.0,0.056418058230341905,0.0,0.0,0.0,0.0,0.0,0.0,0.0,0.0,0.0,0.0,0.0
s09M4422,0.0,0.08787597572426652,0.07113886295428744,0.2564385211590489,0.18229130407077562,0.0,0.0,0.12906708608241818,0.0041617990080733145,0.0,0.08427583657595619,0.017209914611598934,0.0,0.0,0.0,0.0,0.0,0.0,0.0,0.0,0.0,0.0,0.0,0.0395386340453298,0.12800206576824516,0.0,0.0,0.0
s10M4422,0.0,0.001574081558949947,0.0,0.19767225315215595,0.3017919219512048,0.0,0.0,0.12142348513405704,0.0,0.058297519639443095,0.13349229312004723,0.0,0.003915134861310495,0.05022823146849124,0.0,0.0,0.0,0.04553710683126031,0.0,0.00011320857034183606,0.0,0.0,0.0,0.008549526334909267,0.0645894185100498,0.004341768433310363,0.008474050434468482,0.0
s11M4422,0.0,0.02967121378158371,0.0189753717188107,0.13907390327841126,0.31344380733568095,0.0,0.0,0.14542367806479126,0.0,0.05387768777116857,0.19821499468582768,0.0,0.006324186493000967,0.007431419788353189,0.0,0.0,0.0,0.01878610703394019,0.0,0.0,0.0,0.0,0.0,0.017718927360664338,0.051058702687767195,0.0,0.0,0.0
s12M4422,0.0,0.00991307081178765,0.005236242170985556,0.17789111930202434,0.26880800073076183,0.0,0.0,0.1044619498404762,0.0,0.10028547417374911,0.17142481132851178,0.0,0.011188581740531257,0.025297343535638315,0.0,0.0,0.0,0.06726180576550389,0.0,0.0,0.0011338195652095557,0.0,0.0,0.014491161231172356,0.042606619803648244,0.0,0.0,0.0
s13M4422,0.0,0.0018368218565681753,0.0018626611248814132,0.28369693876728413,0.22651018282191734,0.0,0.0,0.05311894637800645,0.0,0.046983164960729844,0.19524927175819928,0.0,0.011226097802523066,0.06272648992324258,0.0,0.0,0.0,0.04846072887728323,0.0,1.680695443114658e-05,0.0006146271659571843,0.0,0.0,0.0,0.04908642200686298,0.0006156369929478653,0.01799520260916519,0.0
s14M4422,0.0,0.0,0.0,0.22236993978931902,0.1499988837487858,0.0,0.00797070453204553,0.017890046183907864,0.0,0.04841453570417696,0.07767159858422426,0.0,0.014340550224185292,0.1875240465546019,0.0,0.006869716602012471,0.0,0.1008675278483067,0.0,0.001105505348024412,0.0,0.0,0.0,0.0,0.013925697149957287,0.005831766956568416,0.14521948077388416,0.0
s15M4422,0.0,0.0,0.0,0.045101359803222725,0.01042820047208427,0.0,0.026597966037199754,0.0,0.0,0.005326705434355847,0.007001917647624588,0.0,0.0,0.6571915223456186,0.0,0.0,0.0,0.018585033929279866,0.0,0.0027175223759797335,0.0,0.0,0.0,0.0,0.002688312871885153,0.0,0.22436145908274951,0.0
s01X4422,0.027892895796615507,0.0,0.0,0.0,0.01564319166847362,0.038098188524026425,0.0,0.0,0.0,0.0005898586485605745,0.016848717153948742,0.0,0.0017216891155174,0.009439220226551337,0.0,0.0,0.0,0.7630682649609533,0.0,0.0,0.0,0.00047191538756633026,0.0,0.0,0.0075139797620065426,0.11008016955492016,0.008631909200860186,0.0
s02T4422,0.0,0.0,0.0004351259383396674,0.025297953259703694,0.040370732605705166,0.0005007153312362095,0.0048977702212987615,0.0,0.0,0.01739931086560643,0.010345909767297557,0.0,0.0018253481654479237,0.2138811406847647,0.0,0.022241652505687756,0.0,0.35994364517743527,0.0,0.0,0.0,0.0,0.0,0.0,0.0005201691472622455,0.06373681748613814,0.2372608661090057,0.0013428427350710155
s03T4422,0.0,0.0,0.0001607507986689619,0.024893853715764143,0.020201144838036048,0.0,0.007870623281734499,0.0,0.0,0.011567993449857103,0.015693216985399383,0.0,0.0,0.22303031374275947,0.0,0.0,0.0,0.37434268281917554,0.0,0.0,0.0,0.0,0.0,0.0,6.246318992637636e-05,0.08019103593748633,0.23841795587424125,0.003567965366950915
s04T4422,0.0,0.0,0.00041417105691094505,0.03329573574705642,0.05506227095031981,0.0,0.008845693817384105,0.0,0.0,0.025104044778665926,0.01269944071507102,0.0,0.0,0.15650124703841448,0.0,0.026364597090907556,0.0,0.2788120731190114,0.0,0.0,0.0,0.0,0.0,0.0,0.0,0.04620470143913541,0.3525456914466275,0.004150332800495294
s05T4422,0.0,0.0,0.0,0.01027849142624362,0.06722798266745436,0.00202506846199395,0.0006873281900144144,0.0,0.0,0.03315604204247067,0.012023241599352799,0.0,0.0,0.03448041962897167,0.0,0.11014360655813642,0.0,0.3105392669073055,0.0,0.0,0.0,0.0,0.0,0.0,0.0,0.01346849630492715,0.3985495949210454,0.007420461292084056
s06T4422,0.0,0.0,0.0,0.01718945762570202,0.07961811624618934,0.01058959979204199,0.0,0.0,0.0,0.08451404223646175,0.03053428567208054,0.0,0.0,0.0012010140923895017,0.0,0.02466481532819413,0.0,0.35850093218810325,0.0,0.0,0.0,0.0,0.0,0.0,0.0,7.961434112823367e-05,0.38287229724123084,0.010235825236478377
s07T4422,0.08069133115615945,0.0,0.0,0.027042648108241408,0.04650862360519145,0.0026969754959583273,0.01228873777532473,0.0,0.0,0.010603355711337524,0.014874461490766917,0.003286348021567388,0.0036324847421076696,0.3662711848362941,0.0,0.0,0.0,0.10671115051891757,0.0,0.0,0.005145893866067032,0.0,0.019785673075855225,0.0,0.02294813380745308,0.037601064978039875,0.23332221618132512,0.006589716629393243
s08T4422,0.0,0.16340438909090968,0.0682030901513911,0.0,0.0,0.0,0.0,0.0,0.0,0.0,0.0,0.0,0.0,0.0,0.0,0.0,0.0,0.0,0.0,0.0,0.0,0.0,0.00337937850388522,0.0,0.0,0.0,0.0,0.7650131422538139
s09T4422,0.0,0.21024171408103726,0.02457463517950938,0.14488862709660674,0.1745625132634846,0.0,0.0,0.07069727322635634,0.0,0.0,0.019938487967345,0.07590036963165822,0.0,0.0,0.0,0.0,0.0,0.0,0.0,0.0,0.0,0.0,0.001356936119026907,0.0323715866477421,0.22936490864772036,0.0,0.0,0.016102948139513143
s10T4422,0.08032184382726365,0.017265619149795387,0.0016546749192705252,0.21207897287970925,0.2717052750836138,0.0,0.0,0.07852448466500335,0.0,0.019091538802124625,0.07331093488569838,0.0,0.005078786982774523,0.0061934604682501665,0.0,0.0016581723699469406,0.0,0.05413861667986892,0.0,0.00017648521239721154,0.0,0.0,0.0007156352408765588,0.008389446574679809,0.15796282623755759,0.002474840432636954,0.009258385588532316,0.0
s11T4422,0.04006605073875915,0.04219861610680962,0.00508389546123041,0.17220193728708727,0.29658752557301676,0.0,0.0,0.09257255931561457,0.0,0.009219753561494536,0.0689459457702819,0.009095182104842166,0.0038440191988995988,0.003176998272169488,0.0,0.0,0.0,0.028929605453973356,0.0,0.0003030500058938566,0.0,0.0,0.016300313954522135,0.024864532506396295,0.18483228120535355,0.001302538655351948,0.0,0.00047519482830349406
s12T4422,0.059358846112183006,0.0038273448923001395,0.001763499346413955,0.2475854337825761,0.2854842018345152,0.0,0.0,0.08288295285228343,0.0,0.052247021055615725,0.07380002363595482,0.0,0.005810381587197042,0.00809033055180417,0.0,0.0,0.0,0.08629572696798522,0.0,0.0,0.0,0.0,0.0,0.003046020472558473,0.06571485545732358,0.00180843190487522,0.013414350072018485,0.00887057947439551
s13T4422,0.0,0.004152049456129556,0.001945142384223598,0.2840743287787283,0.23809818105863562,0.0,0.0,0.052495205166763446,0.0,0.06567692598570198,0.08005050962163844,0.0,0.006573141370826746,0.011009818224421512,0.0,0.0,0.0,0.1287693604083134,0.0,0.0,0.0,0.0,0.0,0.00040373993910175623,0.1083552599567648,0.001563120791293316,0.013954473258545756,0.002878743598911812
s14T4422,0.0029793105367077032,0.0,0.0011561320429748848,0.3175564480603257,0.2265274855169262,0.0,0.0,0.036620761335598204,0.0,0.05523774468193669,0.09521206649173998,0.0,0.005309880390769782,0.01873053679358369,0.0,0.0004306954542305018,0.0,0.16426569703510863,0.0,0.00036252678440609363,0.0,0.0,0.0,0.0,0.01847016181943914,0.0027523755122731437,0.05245373849963895,0.0019344390443406085
s15T4422,0.0,0.0,0.000374860804104423,0.059134664693683454,0.042733127299527274,0.0,0.014027312363616004,0.0,0.0,0.03738977136506967,0.03028521134533857,0.0,0.002350255838198377,0.3569792268077986,0.0,0.0047126335192944485,0.0,0.22281386002995235,0.0,0.0,0.0,0.0,0.0,0.0,0.020226797765531317,0.03767309439175979,0.17129918377612588,0.0
s02M4522,0.04128186169341854,0.0,5.412870584384478e-07,0.010705902754098757,0.0,0.01311710839601635,0.005216993637001051,0.0,0.0,0.006620233977237758,0.007090162815884698,0.0,0.0,0.08779355391864804,0.0,0.08679745866264647,0.0,0.3775794867292967,0.0,0.0,0.06630372845492101,0.0005698580615130188,0.0034286927683435512,0.0,0.00759367413737676,0.09929798811376452,0.18660275459277442,0.0
s03M4522,0.028455104992213487,0.0,0.00023398493653127808,0.006877031762229864,0.0136480495604356,0.024256420136087996,0.0,0.0,0.0,0.017678489404536875,0.01531387082436844,0.0,0.0,0.02858453849110859,0.0,0.09973263325165484,0.0,0.5702562283605839,0.0,0.0,0.0,0.0006435434878403267,0.012628796195731741,0.0,0.0,0.034892214592600924,0.14679909400407626,0.0
s04M4522,0.1506518102032394,0.0,0.00044051005526135855,0.014979290694266857,0.01878352068477394,0.0,0.0009549253487568483,0.0,0.0,0.010668290548028628,0.007004989763997057,0.0,0.0,0.08958636375778335,0.0,0.0,0.0,0.1536216125634327,0.0,0.0,0.0,0.0,0.0017338128626281496,0.0,0.006873425259619821,0.05138759950139349,0.48767570812561734,0.005638140631201076
s05M4522,0.0,5.890817015209946e-05,0.0005187161171107963,0.027091756751381438,0.012141824717899739,0.002563395731606772,0.00490386037527095,0.0,0.0,0.013430933566805548,0.005528101223751915,0.0,0.005080455703044536,0.2614972013453396,0.0,0.041747825602322056,0.0,0.12995442272330957,0.0,0.001307848881620571,0.0,0.0,0.0,0.0,0.01503737579971507,0.07109169327014833,0.40254028701195466,0.0055053930085664044
s06M4522,0.11383312964444292,0.0,0.001009715491586372,0.024250959212118308,0.000883786731083466,0.00028747924491806943,0.007373557622388794,0.0,0.0,0.008760961476556476,0.002173054868577666,0.0,0.0018503439162224319,0.22913706085485122,0.0,0.006759867673130024,0.0,0.0682612524505654,0.0,0.00118640221437051,0.00457699901193371,0.0002796794132155909,0.0037657145753832405,0.0,0.017418451886480443,0.07312799243950606,0.4321781007754547,0.002885490497214699
s07M4522,0.0,0.0,0.00037231752787298143,0.0344214830900849,0.0,0.0003464897666703891,0.004277538925753878,0.0,0.0,0.0157010587170896,0.024725998220415588,0.0,0.0,0.38281557356415497,0.0,0.0,0.0,0.24818616144123795,0.0,0.000175476185012343,0.0,0.0,0.0,0.0,0.004402373709461741,0.09521072325288618,0.1887342166687838,0.000630588930575648
s08M4522,0.0,0.18009306497053829,0.044651122812718935,0.0,0.0,0.0,0.0,0.0,0.0,0.0,0.0,0.0,0.0,0.0,0.0,0.0,0.0,0.0,0.0,0.0,0.0,0.0,0.005837524025134856,0.0,0.0,0.0,0.0,0.7694182881916078
s09M4522,0.04993460434319204,0.004032161029417344,0.0007134890987947488,0.18971015103238828,0.2598947541707839,0.0,0.0,0.058754657356330516,0.0,0.03114845207172388,0.10550158807746682,0.0,0.0027825444633823417,0.016095571179011572,0.0,0.016784189304887797,0.0,0.16179159791479392,0.0,0.0003956108758492135,0.0,0.0,0.0,0.00858606918511587,0.05853049352895156,0.007107315590383881,0.026771915617214856,0.0014648351603114788
s10M4522,0.027292411425917654,0.007737520510787717,0.0007974060766619081,0.26156204014724976,0.19298473445482509,0.0,0.0,0.01901403157188451,0.0,0.07895009723107281,0.08626833549017122,0.004878027520088196,0.008315919124920877,0.015825105065258162,0.0,0.02116745528017103,0.0,0.16158931128506027,0.0,0.0,0.0,0.0,0.0,0.0,0.038945442189413274,0.004465548742143897,0.058179677365874725,0.01202693651849913
s11M4522,0.014147853136478556,0.047730274209243584,0.0012917378652360758,0.1740048065120056,0.25201090200604476,0.0,0.0,0.05113226275961904,0.0,0.06254992329984174,0.10603544451222613,0.008653693828245367,0.007474422843020821,0.004302342880172652,0.0,0.004525035402385958,0.0,0.1292553418373206,0.0,0.00029432278217596865,0.0,0.0,0.0,0.039407343798777965,0.043029423549471736,0.0009495735330183814,0.019170270486524536,0.03403502475819061
s12M4522,0.18828040688734252,0.013739444047478365,0.0,0.07758107933788576,0.19458220371790466,0.0,0.0,0.05824530451064211,0.0,0.08636899527778034,0.05220053620433902,0.009361624403415716,0.004037371377567081,0.0,0.0,0.026998668008844148,0.0,0.13661951227050786,0.005477523923735515,0.0,0.0,0.0,0.0,0.0,0.014003280426726978,0.0,0.030665029839907952,0.1018390197659219
s13M4522,0.09539900968556986,0.0038180404612265647,0.0003256761655548511,0.14318168162540004,0.2426879176930402,0.0,0.0,0.057327679612316176,0.0,0.09232912582280896,0.05091719396427349,0.0,0.0,0.0014924239541729896,0.0,0.04726705889557641,0.0,0.17822346176067955,0.0,0.0,0.0,0.0,0.0,0.0,0.011281194688683351,0.0015304946200394352,0.03956021323793692,0.03465882781272096
s14M4522,0.08723072695024958,0.0,4.3193268935816336e-05,0.0901658046854609,0.20557102476276085,0.0,0.0,0.041087387658731704,0.0,0.0875927973939848,0.030507514597114677,0.0,0.0,0.004920842665082229,0.0,0.17958339742051221,0.0,0.19229437966356203,0.0,0.0,0.0,0.0,0.006894996748882081,0.0,7.920888564071962e-06,0.007679863420533588,0.05229169190750847,0.014128457968116891
s15M4522,0.0,0.0,0.0,0.036565368268978105,0.019037197049310863,0.0,0.005284853210448477,0.0,0.0,0.00697679950159395,0.007601002690129833,0.0,0.0,0.5283595711008848,0.0,0.018943784906769175,0.0,0.051959604509108734,0.0008545005037043483,0.0071270311043707705,0.0,0.0,0.0,0.0,0.0014607174138100102,0.044574493016493515,0.2712550767243975,0.0
s01X4522,0.0,0.0,0.0,0.00197861532324518,0.0,0.0,0.007346668616081911,0.0,8.42404567292934e-05,0.00294868396442608,0.001490540157413548,0.003175448056898062,0.0,0.6045152746543988,0.0,0.0,0.0,0.022577598793774453,0.032000801136073696,0.0026951733982377942,0.0,0.0,0.0,0.0,0.0,0.07965135183974702,0.24153560360297413,0.0
s02T4522,0.10448664764143792,0.0,0.0,0.002382136500988095,0.01626491631050548,0.013934112250079577,0.005255407920454675,0.0,0.0,0.007108236439600731,0.006332141381332912,0.00036882106594405124,0.001614829887334472,0.27405909532531103,0.0,0.01933853522206069,0.0,0.10953249432593334,0.0,0.0,0.012819072232713894,0.00031581536073174325,0.012007354718377208,0.0,0.013906073327323855,0.0777645855002375,0.31735975400752964,0.005149970582103377
s03T4522,0.3574244066534722,0.0,0.0,0.0058857543593436755,0.01692568659768424,0.017996748020536177,0.0012222144239138874,0.0,0.0,0.008632411927337427,0.010919348456574801,0.0,0.0,0.015004770743438952,0.0,0.0025178297472362794,0.0,0.08346101085146042,0.0,0.0,0.0036789039816743207,0.0,0.02796696149520789,0.0,0.002407427332504485,0.015039597926582935,0.4229550862062318,0.007961841276800581
s04T4522,0.08507108275742808,0.0,0.0,0.017155157255853606,0.0,0.024418517687085337,0.008817047782117695,0.0,0.0,0.0077618732238810455,0.008512432723238653,0.002275803856496765,0.0,0.20887860014874826,0.0,0.027514159203422726,0.0,0.10733975334558299,0.0,0.0,0.01598492425693948,0.0010069401154560364,0.022108553237978956,0.0,0.004595993873946733,0.06877053536099119,0.38285625705940257,0.00693236811142979
s05T4522,0.181244946576968,0.0,0.0,0.02228233538496434,0.02785158185140608,0.02484073147709794,0.003085590259607855,0.0,0.0,0.0033197307144696322,0.009811425322159588,0.0,0.002511856026168678,0.11133314877333605,0.0,0.01638627832590056,0.0,0.09304485210922117,0.0029620422169464246,0.0,0.02708417608927669,0.0,0.014350894247583193,0.0,0.004774414657610251,0.04065162530441861,0.40550449096539026,0.008959879697474714
s06T4522,0.0744579815601013,0.0,8.796661355318114e-05,0.03170583586466731,0.0197033463294387,0.012049251611577516,0.0003095828735283107,0.0,0.0,0.009701420169372681,0.009543771168359614,0.0,0.0,0.010797840075713442,0.0,0.027417733097185645,0.0,0.09775669430340832,0.0,0.0,0.03802717478817271,0.0,0.0,0.0,0.0023629968525981713,0.019305320539100702,0.6344477950756224,0.012325289077599862
s07T4522,0.0,0.0,0.0,0.011680604565687659,0.006324105687987994,0.0006255185746495052,0.006779428781527669,0.0,0.0,0.013881944131806828,0.007095842525259083,0.006366492771181854,0.0,0.6246817290672325,0.0,0.009111306271004203,0.0,0.06349385897676034,0.0,0.0,0.0017316428531258816,0.0003042405154671472,0.0,0.0,0.0,0.04913131409306307,0.19879197118524639,0.0
s08T4522,0.0,0.17224910160213974,0.047522499096491685,0.0,0.0,0.0,0.0,0.0,0.0,0.0,0.0,0.0,0.0,0.0,0.0,0.0,0.0,0.0,0.0,0.0,0.0,0.0,0.008672757053535209,0.0,0.0,0.0,0.0,0.7715556422478335
s09T4522,0.0,0.0032868210560427933,0.0,0.22116601944488248,0.11935890020183279,0.0009445480832380323,0.0,0.18360280603546764,0.0,0.0,0.10017969491395762,0.19904509117428779,0.0,0.0011373736626678467,0.0,0.0,0.0,0.0,0.0,0.00025763468137952753,0.0,0.0,0.0,0.0,0.13761544688109287,0.0011923325392869894,0.022753992674709865,0.009459338651153712
s10T4522,0.0,0.0011839906858242078,0.0007377697300424535,0.2511982198780257,0.21148823818551268,0.0,0.0,0.027597056743309315,0.0,0.12480206165934361,0.07287552383611468,0.0003259619769290895,0.008809254699410886,0.02257748740278047,0.0,0.007923612508363017,0.0,0.16252701310602122,0.0,1.518382489181129e-05,0.0,0.0,0.0,0.0,0.01729388964686006,0.0018380237795810848,0.07542873641225623,0.013377975924733384
s11T4522,0.0,0.012291423090308468,0.0008443705074624073,0.2677149465375495,0.23646400525720138,0.0,0.0,0.0448229911203785,0.0,0.09615673954455951,0.124785451160204,0.005026091087278957,0.005322328590270259,0.004582417942690698,0.0,0.00035320146996956666,0.0,0.10367100278258669,0.0,0.000606642763086744,0.0,0.0,0.0,0.007723122808377707,0.01954080930321868,0.0012039166659920189,0.04857183453512462,0.02031870483374033
s12T4522,0.0,0.0009693622922029175,0.0005356523339618736,0.14515631513561214,0.25604347923622606,0.0011588469165766428,0.0,0.05103793195490702,0.0,0.159877705599536,0.11001437838522214,0.0,0.001773178327159377,0.0,0.0,0.01863772590034896,0.0,0.1710646375943922,0.0,0.0,0.0,0.0,0.0,0.004340979570306706,0.003043947891764228,0.0,0.044814510870137665,0.03153134799164604
s13T4522,0.0,0.0,9.129297107911264e-05,0.15296784251438536,0.24550189867999356,0.0,0.0,0.04382095095263646,0.0,0.13180092066323856,0.05004385235911134,0.0,0.0018752653794090787,0.008479045042945848,0.0,0.06443826244406274,0.0,0.21209936506100813,0.0,0.0,0.0,0.0,0.0,0.0,0.0036923665842483033,0.00042584159793055104,0.07171239374358165,0.013050702006369349
s14T4522,0.0,0.0,0.0005214163094116618,0.19205074960926977,0.23061022962214517,0.0,0.0,0.04196851069199431,0.0,0.1450823787496077,0.05906799982004966,0.0,0.002415394969495044,0.016006397949607253,0.0,0.016713660937496617,0.0,0.1822846975117015,0.0,0.0,0.0,0.0,0.0,0.0,0.0004094467535041218,0.0008710082177598468,0.1042898920996835,0.007708216758273862
s15T4522,0.0,0.0,0.0013564790190523518,0.1088096363736297,0.08565577853100034,0.0,0.0,0.0021083087976017123,0.0,0.09189280578385355,0.02751023121496315,0.0,0.005818654967236475,0.25687605475292086,0.0,0.0,0.0,0.13671286997873547,0.0,0.0013965437566906725,0.0,0.0,0.0,0.0,0.0005701667958943447,0.008519662046989528,0.2679226864695285,0.004850121511903286
s02M4622,0.3324389702485335,0.0,0.0,0.007776649855319004,0.010280788895677278,0.002787345102851915,0.0,0.0,0.0,0.0,0.012488132483235232,0.0,0.0,0.010563482838589157,0.0,0.09233961389804735,0.0041161433187337,0.41009335003487724,0.0,0.0,0.0,0.001179008525647892,0.0,0.0,2.338104960659772e-05,0.08722722427149837,0.02868590947738275,0.0
s03M4622,0.44905520561709666,0.0,0.0,0.004674898152843243,0.013904252735366126,0.008393578319700666,0.0,0.0,0.0,0.0,0.007564566205542233,0.0,0.0,0.006486004426071098,0.0,0.08749073466168827,0.0,0.29972745455005745,0.0,0.0,0.008853999116825198,0.0010780743209167704,0.0,0.0,0.0008614053452933931,0.06558813992703348,0.04632168662156543,0.0
s04M4622,0.5404097124116091,0.0,0.0,0.005269490171750304,0.005222631222849491,0.008148927291180476,0.0018756990000649639,0.0,0.0,0.0,0.00766912305672629,0.0,0.004966627060654884,0.0,0.0,0.03240609043441129,0.0,0.18998514648096215,0.004436533473369659,0.0,0.07087487850099741,0.0012999462426365373,0.0,0.0,0.0038474090953473155,0.055454946021503915,0.0681328395359362,0.0
s05M4622,0.680008506384436,0.0,0.0,0.0,0.0145234827570211,0.001753758196229678,0.001286389375808342,0.0,0.0,0.0,0.006535473132862321,0.0,0.0024583042134978376,0.0,0.0,0.009815787259457105,0.0,0.15308823688546674,0.0,0.0,0.03167968642782605,0.0015188917257898725,0.001076721479027501,0.0,0.00015490215083837117,0.04108324490912225,0.05501661510261682,0.0
s06M4622,0.4854632981645742,0.0,0.0,0.0029208773579148437,0.0,9.87788371752793e-05,0.0025118788645501038,0.0,0.0,0.0,0.004527123612867141,0.0,0.0,0.0029005755353583187,0.0,0.0,0.0,0.06537490285281815,0.03447210872221129,0.0,0.2916422342364599,0.0008840766065247002,0.015282345992268404,0.0,0.004723321583519305,0.03743074461498982,0.05176773301876855,0.0
s07M4622,0.38818802395799545,0.0,0.0,0.008791957514010377,0.0,0.004103137613861274,0.002352809516886936,0.0,0.0,0.0,0.008907892689055936,0.0,0.009246434945905805,0.05895661267448317,0.0,0.010133884032593656,0.0,0.20692436976665177,0.0,0.0,0.009519449596750952,0.0014523280789366154,0.0,0.0,0.01806871826760918,0.20677256436399996,0.06658181698125899,0.0
s08M4622,0.0,0.17827108851828785,0.010948948472611849,0.017315250934537188,0.0,0.0,0.00018916556666296846,0.0,0.0,0.0,9.652482608608338e-06,0.028640391325635423,0.0,0.0,0.0,0.0,0.0,0.0,0.0,0.0,0.0,0.0,0.0,0.0,0.0,0.0,0.0,0.764625502699656
s09M4622,0.017914054169536016,0.0425928174153011,0.0,0.5504000054299613,0.11886340494441096,0.0,0.0,0.02026235134973049,0.0,0.0,0.04423533427669317,0.06521768117776891,0.00017214369499262157,0.011843343894986326,0.0,0.0,0.0,0.0,0.0,0.001913126889294575,0.0,0.0,0.0,0.0,0.04642850001082493,0.00478495520503348,0.060077719582672384,0.015294561958793605
s10M4622,0.05439323974251741,0.009364913481832831,0.0,0.23399838548474486,0.25679969419685456,0.0,0.0,0.04176438414354316,0.0,0.08181436495810632,0.1347340033386684,0.015241833606715676,0.0036247731283365206,0.0035944312508425784,0.0016043242730576451,0.0,0.0,0.07778239593097046,0.0,0.00104006365626373,0.0,0.0,0.0,0.009356731481635332,0.011877774839547347,0.0,0.044422515172750435,0.018586171313612704
s11M4622,0.02460931248345567,0.0039383310959266275,0.0,0.32617921945608513,0.18457395730566808,0.0,0.0,0.01433377176600217,0.0,0.12114685134374274,0.10271259154000581,0.014359432085883856,0.004984075630088882,0.008830089360922473,0.0,0.0001952327391828019,0.0,0.08506498664857177,0.0,0.0004587463210963619,0.0,0.0,0.0,0.0025651988174715205,0.011070661731936722,0.0,0.07515746375880429,0.019820077915154763
s13M4622,0.0,0.004608133032606473,5.076772360757052e-05,0.26684441861180813,0.2569540129110149,0.0,0.0,0.03715885565077418,0.0,0.13339837265711454,0.09141412119100224,0.00960552508039875,0.004931157121544959,0.0,0.0,0.0,0.0,0.10825783493552726,0.0,0.00015220330395472907,0.0,0.0,0.0,0.0,0.006753630851894911,0.0,0.06524850693694949,0.014622459991801822
s14M4622,0.02339404360551525,0.0037826605777286307,0.0,0.21749695808773148,0.2218497878372328,0.0,0.0,0.03553540480480917,0.0,0.1730939077802554,0.05315362104142196,0.013188028252336406,0.0018735095175831306,0.0,0.0,0.02592462686658721,0.0,0.11223837752314549,0.0,0.0,0.0,0.0,0.0,0.0,0.0018214248006283322,8.210638308868919e-05,0.09080247304883025,0.025763069873105903
s15M4622,0.008082043000052322,0.0009503880692840493,0.00017639038611637418,0.17399129162696403,0.1263207253045333,0.007188723948402916,0.0,0.005437915813507197,0.0,0.16617816347521394,0.04375863932885525,0.000730603388173952,0.003412150738011336,0.027517855085664046,0.0,0.03703779233126026,0.0,0.23064301441924298,0.0,0.0,0.0,0.0,0.0,0.0,0.0029012022179764323,0.00874309153586441,0.1487291407056903,0.008200868625186996
s01X4622,0.3996167013856045,0.00044427824973256903,0.0,0.0,0.0,0.010485719817169444,0.0,0.0,0.0,0.0,0.03811437441990712,0.0,0.015943788228999858,0.0,0.0,0.003818123339959608,0.0,0.3705925238712579,0.01206326177858046,0.0017618569186064398,0.0,0.001982330983281729,0.0,0.0,0.005081762756651428,0.12182041329623934,0.01827486495400967,0.0
s02T4622,0.8827647193627257,0.003788733699743251,0.0,0.0,0.0,0.0,0.003437414769921816,0.0,0.0,0.0,0.00066110052912233,0.0,0.0,0.0,0.0,0.0,0.00013193689515368472,0.032466911623489046,0.0,0.0,0.003348683346746392,0.0021982562556913895,0.029831081535455904,0.0,0.0044161973992665905,0.019505159587218542,0.01744980499546525,0.0
s03T4622,0.9022031544630355,0.0018600181987908592,0.0,0.0,0.0,0.0,0.004834717100070933,0.0,0.0,0.0,0.0,0.0,0.0,0.0,0.0,0.0,0.0,0.004357936004844765,0.0,0.0,0.014861776690862093,0.0025932387041003703,0.032769421584741894,0.0,0.002228505476306622,0.013264741585033577,0.021026490192213386,0.0
s04T4622,0.8291903959457865,0.0016516180590796447,0.0,0.0,0.0,0.0,0.004498696347448251,0.0,0.0,0.0,0.0036708085112840665,0.0,0.0,0.0,0.0,0.0,0.0,0.022563383212873264,0.0,0.0,0.07011947920162061,0.0023141738902028967,0.023160056916882738,0.0,0.006915120070745286,0.01235029944627708,0.02356596839779977,0.0
s05T4622,0.7546146100570629,0.00300768097541968,0.0,0.0008372491281756332,0.0,0.0,0.005631780336626421,0.0,0.0,0.0,0.008455113017111087,0.0,0.0007984120049883771,0.0,0.0,0.0,0.0,0.04938514820736608,0.007309580837725911,0.0,0.12090770143828111,0.0017277841143367545,0.004813194597714293,0.0,0.004423512608541866,0.019494867429960764,0.018593365246689118,0.0
s06T4622,0.7762573151731625,0.0025651196286126496,0.0,0.0003372278073671681,0.0,0.0,0.005913406558335354,0.0,0.0,0.0,0.007343560350653365,0.0,0.0016261102452063885,0.0,0.0,0.0,0.0,0.09375705704329501,0.0,0.0,0.03697988175040673,0.002404399822694189,0.0206461263863509,0.0,0.005759789106203129,0.02644432245730792,0.019965683670404646,0.0
s07T4622,0.8991530189947837,0.0033328433911571256,0.0,0.0005447154862894493,0.0,0.0,0.0004913804136561564,0.0,0.0,0.0,0.0010178806998946076,0.0,0.0,0.0,0.0,0.0,0.0,0.06260284452951695,0.0,0.0,0.0,0.0021843626873799087,0.0051351719339591375,0.0,0.0,0.018392841161185836,0.007144940702177142,0.0
s08T4622,0.0,0.3381453309007891,0.01640708643543982,0.0,0.0,0.0,0.0,0.0014527658312919617,0.0,0.0,0.0,0.021467146575666434,0.0,0.0,0.00853150299263949,0.0,0.0,0.0,0.0,0.0,0.0,0.0004205652926417214,0.0,0.0,0.0022484638209878407,0.0,0.0,0.6113271381505436
s09T4622,0.2304785375922777,0.18944440846293367,0.0034674747606942887,0.09508924205827003,0.07304649914722187,0.0,5.642781557271748e-05,0.0,0.0,0.003107772255749489,0.07391058710939646,0.06271364302104178,0.006967618153186875,0.0,0.0013595504942107816,0.0010552648468099344,0.0,0.09286907395145565,0.011076778756750052,0.0011061924559705846,0.0,0.0007754365742953676,0.0,0.0,0.016610948171320004,0.014715349509391467,0.03835831587481081,0.08379087898864042
s10T4622,0.21120470593931015,0.0018235755270724966,0.0,0.2004288795895233,0.09401793386033856,0.0,0.0,0.0,0.0,0.012629363782149992,0.1561020011685066,0.012300119388427986,0.007169443519784245,0.005692000205884159,0.0,0.0,0.0,0.21657838076935004,0.0,0.0012559189672165566,0.0,0.0010940530673992218,0.0,0.0,0.014687918865275037,0.015767481228910325,0.04025630951503694,0.0089919146058144
s11T4622,0.0002279543266338205,0.0023656448017572453,0.0004267176892834813,0.2091206515480876,0.12278059640937389,0.0,0.0,0.0,0.0,0.0889536129209877,0.12780117134072144,0.005196255929364475,0.010684048891176214,0.01018597119162774,0.0,0.006527169249679681,0.0,0.3087293069447693,0.0,0.0004539978324106013,0.0,0.0,0.0,0.0,0.015414808934559562,0.00904056537015399,0.07053783794926939,0.011553688670143747
s12T4622,0.0887159791857868,0.0,0.0,0.2065493932746894,0.15949259391598203,0.0,0.0,0.013349743336292366,0.0,0.05229094440789339,0.1246084380026699,0.0032774009230951214,0.00678816382649374,0.002899169181966796,0.0,0.001153870058147877,0.0,0.2589756350635059,0.0,0.0007076365947056911,0.0,0.0,0.0,0.0,0.009749544417370908,0.0034471131571993663,0.05713227348446132,0.010862101169739492
s13T4622,0.13327472831550352,0.0003791301114115173,0.00024881780310325325,0.17674554061588835,0.2018227855847366,0.0,0.0,0.016670737231960577,0.0,0.052995364946556954,0.12002066712529592,0.0029320849207278158,0.006266265010789626,0.002398302122341429,0.004190902055256687,0.01467771514840322,0.0,0.18756732991694944,0.0,0.00044106847856017833,0.0,0.0,0.0,0.0,0.008408503110634628,0.004166947386892029,0.057381238400829294,0.00941187171415875
s14T4622,0.0,0.0,0.0,0.28341039011814323,0.19820962441139114,0.0,0.0,0.015577265270415176,0.0,0.12102076837340861,0.10179472888348003,0.001233309793764065,0.00982741269883187,0.0016740299391457224,0.0,0.002091442872007205,0.0,0.18753203752392522,0.0,4.830452710110182e-06,0.0,0.0,0.0,0.0,0.0013900877590830353,0.00026025597720305587,0.0642747040723096,0.01169911185418163
s15T4622,0.24693645582658488,0.0026684157275756793,0.0,0.04171989289827494,0.09934328560068433,0.009504463652955219,0.0,0.009772432555899723,0.0,0.04993452575358698,0.08228840505613548,0.0,0.013206241357586395,0.0,0.0013482250588154811,0.006611713044815408,0.0,0.32677245946697364,0.02390037025282032,0.0009495903463000517,0.0,0.0004901808280125147,0.0,0.0,0.005640321059732704,0.009595729768684055,0.05836951205507269,0.010947779689489378
s02M4722,0.4113519031512261,0.0013901656805383625,6.807014726331487e-05,0.007048964772285342,0.01700917232147533,0.0055591524949788005,0.0003988784481070091,0.0,0.0,0.022309833721151175,0.011964597294730922,0.0,0.019139046683871456,0.022587463815732022,0.007306120850796717,0.036399840124795975,0.0,0.12400816276820364,0.01889546082243466,0.00205041138174365,0.0018097400199250616,0.0024499542199159174,0.0012749416709054349,0.0,0.0,0.009986906810139955,0.27013079347801056,0.006860419321768641
s03M4722,0.33381829409160485,0.0002882901405888444,0.0007870650657408319,0.016860919085962024,0.010888296389259929,0.0011814806174773552,0.0,0.0,0.0,0.02417252199303261,0.01307342493776728,0.0,0.014542356573352257,0.047941185856210405,0.002632819604680977,0.039777602719514735,0.0,0.15116655090649048,0.0,0.0008508278240900713,0.011839891366376809,0.002525220387436257,0.001394063184904642,0.0,0.0,0.011847914633672955,0.31188228038734056,0.002528994234496185
s04M4722,0.014038882760038689,0.0,0.0,0.0,0.002658670875086518,0.003497595497975246,0.0,0.0017373274612428203,0.0,0.025086082411332568,0.0007079154242731668,0.0,0.015464007902702116,0.14254130771516962,0.005791560274419506,0.03516933797634988,0.0,0.038295251121112345,0.0,0.014177867365131767,0.0,0.0008782983170987068,0.0,0.0,0.0,0.004074716201417336,0.6783952557797336,0.017485922916916165
s05M4722,0.0,0.0,0.00073509748852238,0.0035860529361278655,0.0,0.00012893963514270254,0.0,0.0,0.0,0.009797053248822973,0.0,0.0,0.01680442905183142,0.34257277919805684,0.0,0.0436407932008589,0.0,0.019751478808335613,0.0,0.004755807146992485,0.0,0.0005777372397304251,0.0,0.0,0.0005904042630041334,0.0,0.5519113483783672,0.005148079404207003
s06M4722,0.27076727443101917,0.0,0.0,0.0,0.018967455973413008,0.001598968566283772,0.00013823432114085278,0.0,0.0,0.009851358894964583,0.0012519063380352848,0.0,0.015699431545247583,0.11337112572399596,0.0031811975212144433,0.007446000499763595,0.0,0.038400965042134305,0.0,0.0031111567306832534,0.0,0.0038665144537527577,0.0,0.0,7.762521577281722e-05,0.005400582043545587,0.49195461743465724,0.014915585264375766
s07M4722,0.2833075750527702,0.0,0.00033053496470290426,0.008566339628783714,0.010355635073385282,0.00804192734381337,0.0,0.0,0.0,0.024843321843120988,0.004615805297282241,0.0,0.022205725371765652,0.039206641649625534,0.0015778541587893144,0.09236508987142478,0.0,0.1304147163392921,0.0,0.0,0.0,0.0025250080960413997,0.012582478517350903,0.0,0.0,0.008782598785299736,0.3456257837646747,0.004652964241877201
s08M4722,0.0,0.7851943992059008,0.03759609225587347,0.0,0.0,0.0,0.0,0.00015767249510635205,0.0,0.0,0.0,0.0,0.0,0.0,0.001047499784062113,0.0,0.007376185433965706,0.0,0.0,0.0,0.0,0.0,0.0,0.0,0.0,0.0,0.0,0.16862815082509158
s09M4722,0.12785698453243763,0.3797870401152623,0.004153208112991916,7.576544824780257e-05,0.044506085970892506,0.003932175637384861,0.0,0.02088245933298414,0.0,0.0017416392673237884,0.07576722548550945,0.16669396644037834,0.0023582100831698546,0.0,0.0,0.0,0.0,0.022799750085482597,0.0,0.0,0.0,0.0012832645206967619,0.011768405646441734,0.0,0.013281757842456042,0.0009857937102009046,0.0,0.12212626776813928
s10M4722,0.32107954955564866,0.04448579527624045,0.0005429222058482901,0.09380339805759426,0.07361205710982445,0.0,0.0,0.007781540735110237,0.0,0.0,0.1877406603406913,0.02401175805244941,0.0,0.013815142310472296,0.014029660439555246,0.0,0.0,0.10555012698363833,0.0,0.0023906880322547954,0.0,0.0017898390518511916,0.0,0.0,0.0065147271543258035,0.027970059239554444,0.06472847208453149,0.010153603370409414
s11M4722,0.09961903197866358,0.5888285406443806,0.015526002801334331,0.054871716249615766,0.03667493841047432,0.0,0.0,0.01380549414269051,0.0,0.0,0.030650767228515383,0.09497094068650178,0.0,0.0,0.015326428238611162,0.0,0.0,0.0015408803691532805,0.0,0.0005566756618356801,0.0,0.0006687021871243368,0.0,0.0,0.006146915125386981,0.006492897214656072,0.01348931700858621,0.020830752052470026
s12M4722,0.08674183264821758,0.2011653805380399,0.004548606930246255,0.01742335580132404,0.011348596776336012,0.0060968668297133365,0.0,0.0011859030160746731,0.0,0.027806929311550318,0.18463318122818045,0.042239440648078386,0.006319729512140876,0.0004994530980988753,0.0031718026395877526,0.013654390643937574,0.0,0.17534449132385935,0.0,0.0011417302434438862,0.0,0.0018466771585075048,0.0029187839350312,0.006899252147303925,0.003916676914316568,0.003334643815724674,0.01754114630031484,0.18022112853997208
s13M4722,0.08224782505786951,0.13871739381518236,0.0021254699466974497,0.022839999084460383,0.01895149605872415,0.025041367881651722,0.0,0.004101308386217592,0.0,0.07205269026605941,0.14923328665983515,0.021706847685518886,0.008467315081047463,0.0022976142011221713,0.0,0.03864421603552975,0.0,0.21541605332669217,0.006292870517699447,0.0002933670317967863,0.0,0.0013216416821864362,0.0,0.015241285143403142,0.001878603590093894,0.007442752674796,0.07021551934878162,0.09547107652463468
s14M4722,0.0,0.011346251167810885,0.0,0.01326034255682939,0.024667286348821836,0.03201208559840126,0.0,0.004117090023129282,0.0,0.09439711489572065,0.11215873202420013,0.006036779226763429,0.020732139123957452,0.0027937408365530203,0.006717669725124058,0.020919232237213092,0.0,0.4044145078762793,0.0025654150411721925,0.0,0.0,0.0007813777436504147,0.0,0.0003857012244486891,0.00039431571692740867,0.008696119501037387,0.18127303502044673,0.052331064111513545
s15M4722,0.4221057194040855,0.0031183502664306945,0.0004472266985736763,0.0020182253929216824,0.02035659547313732,0.005650359777655754,0.0,0.001245548111876731,0.0,0.024450386717320978,0.01771036534750092,0.0,0.015166728785936341,0.027723836103121666,0.00650616535535074,0.02638117719192416,0.0,0.18009488604544552,0.03356206852379004,0.0025720689467279138,0.0,0.0025435040434111074,0.005778200554005228,0.0,0.0,0.009416577517633548,0.1905304343090214,0.002621575434129273
s01X4722,0.16371832403433725,0.0015987419650270419,0.00019279355438122178,0.005865009033833747,0.006027613722322173,0.007400015978657686,0.0,0.0003900961228122945,0.0,0.0070300530421491605,0.019060845309205866,0.0,0.012308551718688396,0.03721050107557408,0.00876217647659388,0.053939723819411,0.0,0.4566446599511423,0.025329471592787867,0.001790427224419209,0.0,0.0014769608112200296,0.0,0.0,0.0010618429494645711,0.0740067332907265,0.11618545832724576,0.0
s02T4722,0.3063666768794238,0.002569815255219315,0.0,0.003030741309831534,0.0,0.005229856118956111,0.0,0.0,0.0,0.0,0.0064920957617389,0.0,0.002841633874083074,0.0,0.0,0.11151621143545905,0.0,0.5037522761396508,0.004471022204039361,3.093716817813152e-05,0.007146987618997682,0.0013580390465213886,0.0,0.0,0.0,0.04145427786084743,0.003739429327053417,0.0
s03T4722,0.40360230538363606,0.0029790515239786403,0.0,0.0027618344856992464,0.0,0.0075490802550985,0.0,7.60484351285026e-05,0.0,0.004338940164280416,0.009075295425878663,0.0,0.004217058371507058,0.0,0.0,0.07385928391615637,0.0,0.3881230426461665,0.003862220839158094,0.0002606898693026432,0.0193806059550897,0.0015632975932908862,0.0,0.0,0.0,0.05489501618876793,0.02345622894686071,0.0
s04T4722,0.2465691143600801,0.0027416979527033415,0.0,0.000625285823529038,0.013565968845128373,0.0025510905360579374,0.0,0.0,0.0,0.012359552497509129,0.008660978081504738,0.0,0.019884909431315177,0.04751878716841152,0.0,0.025657479233303884,0.0,0.4051779963175827,0.0023843440961755103,0.0008378440924531609,0.002613850776148312,0.0014741101074680816,0.0,0.0,0.0067903713892343955,0.06632462450828745,0.13426199478310694,0.0
s05T4722,0.3530193296592286,0.001102211943891248,0.0,0.0035100592717163663,0.002803419360363216,0.01472836565683155,0.0,0.0,0.0,0.006656529078017788,0.006848644042654731,0.0,0.0029054034546044504,0.005661410970676141,0.0,0.11648969154813735,0.0,0.39210287000867616,0.0035265856495627665,0.0,0.0005311498274673282,0.001439353364006014,0.0,0.0,0.0004940630472823369,0.04917327958392357,0.03900763353296047,0.0
s06T4722,0.043705976234045714,0.0,0.0,0.004628923302257762,0.0,0.0574323542500013,0.0,0.0,0.0,0.020795181416231732,0.02446024502488298,0.0,0.0012376154858374198,0.0,0.0,0.136538046933038,0.0,0.6808741545438671,0.0,0.0003645388381816872,0.0,0.000838200911913284,0.0,0.0,0.0,0.013763868062753508,0.015360894996989607,0.0
s07T4722,0.2711845191763437,0.0017725893625542138,0.00014665399771391296,0.009002440305292066,0.0,0.03801715326313628,0.0,0.0004737715764335076,0.0,0.0019137634726734065,0.03141184920862084,0.0,0.028765011421357824,0.010456010676505288,0.0003676803155374523,0.022522756260275077,0.0,0.3965413872834258,0.0024425139085184535,0.0009076289357867529,0.0005434670677817052,0.001576768510800328,0.0,0.0,0.008551353111797833,0.10404045706986902,0.06851486738005237,0.0008473576955240587
s08T4722,0.0,0.8864054398989284,0.019777135101526018,0.0008082000332903414,0.0,0.0,0.0,0.0,0.0,0.0,0.0,0.0,0.0,0.0,0.004195980464782028,0.0,0.0,0.0,0.0,0.0,0.0,0.0,0.0,0.0,0.0,0.0,0.0,0.08881324450147321
s09T4722,0.16259000771367338,0.6509951652883853,0.008889437308716636,0.024847482976775005,0.034750407646837136,0.0,0.0,0.013081551795178168,0.0,0.0,0.009068850522657134,0.05752076251111277,0.0003019764508724357,0.0,0.0172515808616,0.0,0.0,0.0009898181840618224,0.0,1.5152666402194511e-05,0.0,0.0012294028080329458,0.0,0.0,0.007535066789258122,0.0036948939030323606,0.007238442573404651,0.0
s10T4722,0.2638431658485314,0.12476785681953616,0.002183355053258314,0.03043391850544638,0.028281320877450576,0.0,0.0,0.007129468497256965,0.0,0.002825785823165057,0.24524651017733548,0.03437321352615127,0.0051440601945116895,0.0,0.01499108895191899,3.4410811930519336e-05,0.0,0.17450810998131358,0.0,0.00011145849713211888,0.0,0.0022300827767126074,0.009771520392025577,0.0,0.0025733437764271215,0.008884534691612106,0.009122332630318173,0.03354446216796589
s11T4722,0.06285367127473733,0.13345943864239776,0.0057444362789365756,0.011753323081545383,0.005256835379214219,0.0033614840936005193,0.0,0.0021963918469140695,0.0,0.09418883349954518,0.19441651299557242,0.017981577517713145,0.008162899235341718,0.0,0.003006144141269164,0.01886569511424397,0.0,0.3336049699725281,0.0,0.0,0.0,0.0016697682236671784,0.011303730252327612,0.001969775068626674,0.0009647260178773828,0.002229034295162975,0.0,0.08701075306877856
s12T4722,0.06846450587294799,0.03523146814595473,0.001865530750875945,0.01770785034862552,0.02992092805438778,0.013628988761790379,0.0,0.00574404775489256,0.0,0.1591464932474467,0.18400792297021837,0.013478820540618035,0.014421486096580376,0.0,0.0032255961957880002,0.026749419899925905,0.0,0.3181857462845685,0.0,0.0,0.0,0.0012334014724168427,0.0,0.0,0.001168025999269721,0.0025845298426152644,0.024830720199882004,0.07840451756119529
s13T4722,0.03466414054132272,0.010866408356435436,0.0010114228223324986,0.00459637232951164,0.023937988275044716,0.023015553495874096,0.0,0.006865878614949361,0.0,0.16926077248577315,0.15077322878272903,0.0,0.0,0.0,0.0,0.08889022337434364,0.0,0.3579829472877537,0.0,0.0,0.0,0.0008651380101164731,0.0,0.0,0.0,0.0018166883131562448,0.00715193519809714,0.1183013021125601
s14T4722,0.23295689782969706,0.0062969223749188,0.0,0.00656597317273335,0.01753679110096102,0.02224873098422954,0.0,0.002831391364824702,0.0024551281382531936,0.0702131803843531,0.08961696038044732,0.0018351811406084855,0.014182551145646176,0.0,0.008491554806749112,0.004986018789157555,0.0,0.44021086440429624,0.008150387560866045,0.0,0.0,0.001730477624558926,0.0,0.0,0.0,0.011975050849356553,0.05062490283480657,0.007091035113536092
s15T4722,0.0,0.0,0.0,0.01834318181646028,0.02851241962729385,0.013696893318282199,0.0,0.004615941522825274,0.0,0.22900941933129756,0.16068793595792383,0.003047173274624745,0.006828202084102312,0.0,0.0,0.04561426567489108,0.0,0.39814683724274336,0.0,0.0,0.0,0.0008785478515107748,0.0,0.0,0.0,0.0009147348558140591,0.04165888009528278,0.04804556734694781
s02M4822,0.2958800841482605,0.002967938568647311,0.0,0.0004003019980581065,0.0,0.005703762957254667,0.0,0.0,0.0,0.0,0.0017803860515228918,0.0,0.0,0.010242057982591075,0.0,0.21311554423104714,0.0,0.3546344901734482,0.01109377646537289,0.000767451302140858,0.0,0.0014545501972362757,0.0,0.0,0.0005365376259575653,0.051474371207987084,0.04994874709047526,0.0
s03M4822,0.1787544648128275,0.10306339849983534,0.0,0.005926587483871537,0.0,0.011889985846585908,0.0,0.0,0.0,0.0,0.004113435921194558,0.0,0.0,0.006773591896958163,0.0,0.20764600041311518,0.0,0.20814010433419716,0.0033431152151185113,0.02713261559711134,0.00987188579325887,0.0031653937992692743,0.0,0.0,0.0,0.198642843526196,0.03153657686046074,0.0
s04M4822,0.32727921892597556,0.004637129589866674,0.0,0.0,7.547495202592293e-05,0.025369307197336922,0.0,0.0,0.0,0.0008618166283577733,0.012903471542398787,0.0,0.0,0.0015660096324805264,0.0,0.14876089669976358,0.0,0.3672259892323965,0.0,0.001247602379574167,0.009817922959834233,0.002122231659165174,0.0,0.0,0.0,0.027208776433849054,0.07092415216697523,0.0
s05M4822,0.4790994140698069,0.00010702294517388562,0.0,0.003383982410399152,0.002050272946158915,0.010300949250830582,0.0,0.0,0.0,0.002746423943354439,0.007225554461549366,0.0,0.005874842842376787,5.1649755414261194e-05,0.0,0.12408667347205102,0.0,0.2600467257575972,0.0,0.00020234456415697529,0.0012397034224734382,0.0017600554740288324,0.0,0.0,0.0,0.0271647584077873,0.07465962627684086,0.0
s06M4822,0.7799690642362823,0.0008832599618421477,0.0,0.0004516098144811432,0.0,0.0,0.0,0.0,0.0,0.0029855724830906176,0.008135294073856405,0.0,0.0070599250306964895,0.0,0.0,0.0,0.0,0.10018481238106963,0.0,0.00024758117747803067,0.0,0.0028013779519504897,0.021100330193813382,0.0,0.0,0.01031597190513535,0.06586520079030408,0.0
s07M4822,0.2604220392697044,0.0,0.0,0.006454429801335026,0.02083293727314364,0.00975576297846921,0.0,0.0,0.0,0.013876389146200112,0.04564012233184693,0.0,0.011330863349353657,0.0,0.003377541834046167,0.0954598546810509,0.0,0.39899927883063835,0.0,0.0,0.0,0.0014836634532535682,0.0,0.0,0.0009487934043261658,0.01092659179487128,0.11491142085928031,0.0055803109924803355
s08M4822,0.0,0.7792647173956492,0.016353628078734184,0.009318191303270416,0.0,0.0,0.0,0.0,0.0,0.0,0.0,0.10039119493070328,0.0,0.0,0.0,0.0,0.09467226829164292,0.0,0.0,0.0,0.0,0.0,0.0,0.0,0.0,0.0,0.0,0.0
s09M4822,0.11557069439250492,0.4247036997299634,0.004677094118270939,0.029256783269784942,0.01396624409517372,0.012422590437431606,0.0012748439340962469,0.010915228468769944,0.005987894907560015,0.014188761816578433,0.1391004726501107,0.08453096618256849,0.010945956066596983,0.0005282034865973247,0.0,0.005300496446254397,0.0,0.07327920193720475,7.941097063365315e-05,0.0029651695492738583,0.0,0.0006358150818837012,0.0,0.007175564253138928,0.008642638251778278,0.01611386731847576,0.007800275724715836,0.009938126910633274
s10M4822,0.05258345005324471,0.12296636766026246,0.0018368529563908662,0.0027746522085321805,0.0,0.0,0.0,0.0,0.0,0.0034852954665416805,0.5787706788712191,0.03234883482298461,0.0,0.004729421557625263,0.0,0.01781786359433015,0.0037837162707096707,0.12588960318137818,0.0,0.0,0.0,0.0017993490227351948,0.006773132009713407,0.011043113631214357,0.0,0.01030727962949276,0.0,0.023090389063625434
s11M4822,0.0,0.04828038131774636,0.0017343935471653628,0.0,0.0,0.0,0.0,0.0,0.0,0.03554417883551069,0.6306030800877075,0.015018299853916273,0.0,0.0038591079683173318,0.0,0.012722184542379564,0.0,0.21175987913477806,0.0,0.0,0.0,0.001024167169793468,0.0035629218604173447,0.00719126794277082,0.0,0.0030680083201806868,0.0,0.02563212941931641
s12M4822,0.0,0.03787823028566859,0.0030036358164137775,0.0,0.0,0.0003533166642575121,0.0,0.0015470050025329627,0.0,0.06986360858370048,0.5171688291540635,0.0066046909227959905,0.0,0.0,0.0,0.020602246696858534,0.0,0.2671226015377806,0.0,0.0,0.0,0.0008008045336129013,0.01571001326149378,0.00993143887681859,0.0,0.001552323102886209,0.0,0.04786125556111661
s13M4822,0.0,0.0,0.00038690108063213464,0.0,0.0,0.003217797505571464,0.0,0.0,0.0,0.29573940518349945,0.2684158127512486,0.0,0.0004255991016717923,0.0,0.0,0.03628438674984498,0.0,0.34162632358651884,0.0,0.0,0.0,0.0,0.0,0.0,0.0,0.0,0.0,0.05390377404101296
s14M4822,0.0,0.0,0.0,0.0,0.0,0.020816865850302423,0.0,0.0,0.0,0.2546264913746086,0.20416869737289672,0.0,0.0,0.005356103925808033,0.0,0.09229806631087743,0.0,0.3382982013392374,0.0,0.0,0.0,0.0,0.0,0.0,0.0,0.0013499401139002074,0.023497921641847858,0.059587712070521257
s15M4822,0.0,0.0,0.00016109631737092222,0.01212733068521976,0.0,0.011347073417485877,0.0,0.0019574197507665246,0.007056366038110322,0.022554017679107374,0.09344145616864839,0.0,0.021712067241987827,0.1554902516939326,0.009012234388597978,0.027167271572054397,0.0,0.393925303695435,0.0,0.00142317923898302,0.0,0.0006518849965892303,0.0,0.0,0.0022188078960102605,0.026399114054249995,0.202787122469761,0.010568002695689584
s01X4822,0.33862642464805925,0.0055180508551404845,0.0,0.0,0.004388892339244434,0.00045200103580336456,0.0,0.000525358323839326,0.0,0.0,0.007652163921464405,0.0,0.0033534809261864785,0.0,0.0048334921321299094,0.09457911180980508,0.0006187611433870439,0.4156290148954077,0.04001583651840521,0.003003872355363943,0.001036030148634558,0.0010180954854213324,0.0,0.0,0.008850095475954278,0.0618590676197492,0.008040250366004018,0.0
s02T4822,0.37315326481998873,0.00431417304609463,0.0,0.0064739268690680715,0.0,0.0,0.0,0.0,0.0,0.0,0.0037084160113913583,0.0,0.0,0.0,0.0,0.1657862163750475,0.0,0.3993041687698679,0.0,0.0,0.0,0.0013871410924432422,0.0,0.0,0.0,0.0458726930160986,0.0,0.0
s03T4822,0.0757966758402445,0.1388598700582044,0.0,0.0012413070146082984,0.0,0.0,0.0,0.0,0.0,0.0,0.010832135764564155,0.0,0.0,0.0,0.0,0.15428738077460416,0.0,0.3373201863784018,0.0,0.03391782049556431,0.005477484535436724,0.002729471093750033,0.0,0.0,0.0,0.2395376680446217,0.0,0.0
s04T4822,0.3389911042049169,0.007460862135795584,0.0,0.0035549687188923262,0.009379645029446949,0.006390560121068312,0.0,0.0,0.0,0.0015556308323919276,0.019741320894784527,0.0,0.01044410481464683,0.0,2.741380620585933e-06,0.1061736176555392,0.0,0.3742516341178722,0.001184042247627714,0.002406116724897832,0.000876852829084162,0.0018705116665454205,0.0,0.0,0.0,0.03711198155553463,0.07642930525314474,0.0021749998171901965
s05T4822,0.5533106821148602,0.000982571735948755,0.0,0.0,0.01158827984189488,0.0,0.00022161022797312013,0.0,0.0,0.0024865007183828723,0.02166473628633872,0.0,0.016030853308589194,0.009012455185783553,0.0,0.0010341960755492412,0.0,0.25184722192063486,0.0038969510421836572,0.0011664329505354052,0.01756223242570192,0.0022176415214590827,0.0,0.0,0.000657061080464952,0.04407141753989578,0.0622491560238038,0.0
s06T4822,0.29268643236329767,0.004243383107161911,0.0,0.040614294281433476,0.03972667710675997,0.0,0.0,0.0,0.0,0.0,0.13633649937009437,0.0,0.023886361838911584,0.03102271919013544,0.029432669430164288,0.0,0.0,0.1086748499241884,0.022427024761304905,0.006061699949608769,0.02582554462415351,0.0002220575586928807,0.0,0.0,0.001896552735431612,0.049663188476348326,0.18728004528231293,0.0
s07T4822,0.017786109586265288,0.003938825783708093,0.0005518507768476276,0.014283241737521605,0.004841683961701089,0.023260157694700676,0.0,0.0021794339366814183,0.0007665789244229877,0.05582401658221203,0.08551774505377967,0.0,0.027650947397433335,0.03765891737092362,0.0015042701381851901,0.059255983271650436,0.0,0.4879648099274654,0.004404676087936668,0.001106646140774933,0.0,0.001521023113022468,0.0,0.0,0.002001679675426356,0.03194590671264259,0.12841874875282913,0.0076167473738694555
s08T4822,0.0,0.4386574535705972,0.0239181429791371,0.0,0.0,0.0,0.0,0.0,0.0,0.0,0.0,0.0,0.0,0.0,0.0,0.0,0.5048946174882935,0.0,0.0,0.0,0.0,0.0,0.0008048294038455398,0.0,0.0,0.0,0.0,0.03172495655812659
s09T4822,0.05434176030502272,0.7080245454624704,0.0,0.029783669178171455,0.023059947505223555,0.0,0.0,0.01597917020981452,0.0029894998065465683,0.0,0.004799286924790717,0.03692217182957762,0.002109026089677425,0.0013020481464091132,0.0,0.0,0.08901857880450084,0.0,0.0017876812877249196,0.0012044004723789391,0.0,0.0,0.002735130629346187,0.001975110131687155,0.0019103944664857827,0.008670152626590797,0.013387426123581413,0.0
s10T4822,0.044385795177662085,0.36005889423368936,0.0,0.023342849479831406,0.013474089076418172,0.0,0.0005533803335223162,0.012545524080937273,0.0,0.0,0.3600020644584159,0.00890995342387288,0.0,0.008893884546739311,0.012133113823369474,0.0,0.1195811050579446,0.0,0.005241353212677644,0.0009610052677238614,0.0,0.00031211547981154305,0.004715898057444684,0.006890809279721081,0.0019292938328156802,0.01606887117740257,0.0,0.0
s11T4822,0.0,0.2582137597973203,0.007243398271003933,0.0,0.0,0.0019298374782215873,0.0,0.008457775616514632,0.0052574453999643285,0.0,0.5234076712199003,0.0,0.0007439380877157917,0.004308568745615468,0.0,0.0009857769699761583,0.0748397191922941,0.06971597076494969,0.0034650029642595073,0.00027582634946688535,0.0,0.0006158472145489706,0.0121429704724498,0.019601653977193798,0.000808386409196947,0.00600262050848068,0.0,0.0019838305609271444
s12T4822,0.0,0.22865305993541077,0.008035861770140908,0.0,0.0,0.0011879935675423784,0.0,0.0,0.0,0.008349307845480337,0.6005730939983764,0.0,0.0,0.002533398452781863,0.0,0.0012865613508646807,0.06139614470471358,0.06346929828902037,0.0,0.0,0.0,0.0,0.0015192191558388894,0.018999466225616917,0.0,0.003996594704212951,0.0,0.0
s13T4822,0.0,0.11011215786929572,0.0038812198123911075,0.0,0.0,0.0,0.0,0.004260104661518266,0.0017279982901814322,0.054755906936519265,0.5017112856590421,0.003174178152131731,0.009251475829157094,0.0006832943730186674,0.008481903245902561,0.0,0.02955441566353399,0.20622011804481544,0.013336182332916032,0.00032068047436277383,0.0,0.00043624530769774725,0.007788948558542753,0.014561474288161399,0.0,0.00686406452701581,0.0,0.022878345973795837
s14T4822,0.0,0.03262254460385946,0.003483949109180293,0.0,0.0,0.0,0.0,0.005597516019681727,0.0,0.13863669044299892,0.511669054191098,0.0,0.001738132046421751,0.0017291103343831298,0.002196450446770703,0.012799235338605651,0.010474999478835062,0.24823836607813546,0.0,0.0,0.0,0.00012478113380186084,0.00755124276217988,0.0025122978878617296,0.0,0.0031436616638407344,0.0,0.017481968462345576
s15T4822,0.04943463320111709,0.017220088507096908,0.0004483861213332038,0.0009995547931453729,0.0,0.0404460321657605,0.0,0.00527360489125476,0.007578187972241359,0.10527586488251171,0.1677163204847567,0.0,0.03125430848870852,0.0062425055697232735,0.0,0.019830454186564622,0.0,0.45830048760770886,0.016012973210968787,0.0011861814842884476,0.0,0.001235212125253472,0.0,0.0013854909648718817,0.00046680223011875683,0.011853311056411318,0.04028759754004311,0.01755200251612136
s02M4922,0.3063095010712214,0.002025280675902005,3.638968715548411e-05,0.0014016310558495994,0.0,0.0,0.0002224448229969604,0.0,0.0,0.0034649384205634993,0.01616550334856268,0.0,0.01291674466815404,0.011132053725788914,0.0011302143340241539,0.0011418981471081758,0.0,0.22135229704339043,0.015978488221962205,0.001098337678336264,0.32128540384803256,0.0016340616948473424,0.0,0.0,0.003798637372771152,0.019174205780907477,0.05973196840242586,0.0
s03M4922,0.394047211498631,0.01206204401894768,0.0,0.0005012614757150413,0.0015530580154674658,0.0,0.0006790254029887757,0.0,0.0,0.004190338679451836,0.015408017801068537,0.0,0.011520344140142738,0.0014212204593422437,0.0,0.006207474313732948,0.0,0.22542281811206374,0.011086633980424154,0.003481307009910654,0.2047409562437575,0.002524032991755789,0.0,0.0,0.0037844077975967465,0.03505238676929062,0.06631746128971264,0.0
s04M4922,0.6271147785757019,0.0028984061093892104,0.0,0.0,0.0,0.0,0.002025373003702049,0.0,0.0,0.0,0.006789425353863469,0.0,0.0008194341202982511,0.014517052588770554,0.0,0.0,0.0,0.019404233424817407,0.006572121180279114,0.0,0.17955204886568454,0.0017317015817153926,0.0333364242088128,0.0,0.011622430869739905,0.0170328361016889,0.07658373401553645,0.0
s05M4922,0.634066354819001,0.002540385360284601,0.0,0.0020390858548930747,0.008594218067645164,0.0036956399214828576,0.0003034733109470249,0.0,0.0,0.0037639541960080842,0.01892934682093997,0.0,0.012744041028541913,0.0,0.0,0.0020786550746053514,0.0,0.14674938689752257,0.01955634173388953,0.0005164687364623463,0.01185996309888704,0.003041483492965933,0.010746572370102136,0.0,0.003213325229150717,0.015047367086180393,0.1005139369004903,0.0
s06M4922,0.18997606216083204,2.7552624975730557e-05,0.0,0.0,0.0,0.0,0.0006428518005812466,0.0,0.0,0.0,0.006152375845476614,0.0,0.0,0.0,0.0,0.0,0.0,0.0358820977239125,0.007666074637935743,0.0,0.7446890994249066,0.00041568526212648794,0.0,0.0,0.002378424006383687,0.0033569465004049987,0.008812830012464282,0.0
s07M4922,0.3545541316152606,0.003906890717348628,0.0,0.0,0.0,0.006581348438292455,0.0009067141555613043,0.0,0.0,0.0,0.025927049357631366,0.0,0.018495235551723145,0.005933152135941895,0.0,0.05852052173913666,0.0,0.4205243277871521,0.021064436002809515,0.001578507267428038,0.007521288056728706,0.0018821212970612975,0.0,0.0,0.008399425615210482,0.03633663299890037,0.027868217263813302,0.0
s08M4922,0.0,0.46519895615428447,0.0078022027209633275,0.020097076991357966,0.0,0.0,0.0,0.0,0.0,0.0,0.0,0.0,0.0,0.0,0.0,0.0,0.23207648505249034,0.0,0.0,0.0,0.0,0.0,0.0,0.0,0.0,0.0,0.0,0.274825279080904
s09M4922,0.08820259307495394,0.37379694912676964,0.0,0.04904324438630062,0.006510347730294262,0.0,0.00029505912087425193,0.014901758068616459,0.008820931739905334,0.0,0.24235416832487214,0.06410809747563842,0.0,0.0,0.011240306266445064,0.005128002120896761,0.08319459731840757,0.0,0.0017740943166897208,0.00489608899729698,0.0,0.0007473222990878369,0.0,0.0,0.0038738691065974117,0.02700778711928016,0.00446171757684221,0.009643065830231258
s10M4922,0.08058345644152067,0.15015749719783894,0.0006061462852712638,0.01524933734588312,0.0,0.0,0.0002411712908280665,0.0299682497409652,0.022573153730027985,0.0,0.5864240024655066,0.01393250277438001,0.0,0.007391622517559283,0.0,0.004776267809949524,0.010540414772293415,0.0,0.02740623349066382,0.0009879529255293297,0.0,0.0005025548009303166,0.013997802290171408,0.0185209816346023,0.0027248806300618667,0.012603631645875728,0.0,0.0008121402101410634
s11M4922,0.0,0.08335229554485717,0.001661904373422717,0.0,0.0,0.008020875055429201,0.0,0.002949645344765635,0.015333395347678217,0.060638906083836396,0.5304436643120833,0.0061357879646097456,0.02171051032363851,0.0,0.0,0.010308733986681824,0.010148583871883892,0.19946693795822243,0.009958066045736966,0.0,0.0007943482067249327,0.0,0.0,0.021455539011276756,0.0002792397541645949,0.0027636798146598624,0.0,0.014577887000327904
s12M4922,0.023449405045187333,0.11287240289745826,0.00018805208111967236,0.0054271036894501965,0.0,0.0006055501561107406,0.0,0.016904601357853575,0.015473679968904573,0.09441834626966485,0.5249549456527085,0.009430523240620861,0.011238702410887041,0.0020804740953329665,0.0,0.01666548526128207,0.010921560334667074,0.07571649122230861,0.030875054594265264,0.001032514418388319,0.0009699320738046742,0.0005134592670045216,0.010053949640753686,0.021083329792245645,0.0012478380228893348,0.009572627566439364,0.0,0.004303970940652817
s13M4922,0.0,0.049736178646026405,0.0003534322958204731,0.0,0.0,0.007198264518483171,0.0,0.006627729349350495,0.0021546797076834366,0.267268963300032,0.3635145868684239,0.0,0.030195135458781233,0.0,0.0,0.0,0.00732867974409694,0.24309032998767452,0.0010644408824093963,0.0,0.003828172964506164,0.0,0.0,0.00671889443749511,0.0,0.0,0.0,0.010920511839216974
s14M4922,0.0,0.0,0.0003428137651515651,0.019123360930160427,0.030935318762173595,0.10891405621358159,0.0,0.011210074035292308,0.015948568278176756,0.15837143278523258,0.09500018913362747,0.0,0.06129310228592142,0.0,0.0,0.14495855899761498,0.011370098759708415,0.17764108832602843,0.035705887066381496,0.0,0.003057868297906666,0.0,0.0,0.015922349972277604,0.0,0.0,0.03161558348116257,0.07858964890960231
s15M4922,0.03934204144913373,0.0004918702658048294,9.079101863365608e-05,0.0,0.0,0.025164611413822077,0.0,0.004063199510710224,0.010409236660490187,0.10515062803471681,0.1473336132966438,0.0,0.015601620163530408,0.0,0.0,0.09247285706045351,0.0,0.49095576682925685,0.031165040924268122,0.002026736254782389,0.0,0.0004209143198556496,0.0,0.0,0.0,0.007222783666446032,0.020473770095036353,0.007614519036415429
s01X4922,0.0,0.001440759103294299,0.0014090226013716831,0.0,0.0,0.0,0.0,0.000615990004579393,0.0,0.0,0.0,0.0,0.02649874271507633,0.304328870479269,0.0033946740446753037,0.04388739119750252,0.0,0.0,0.030947289553945854,0.007349926455606116,0.0,0.0009869896263800116,0.0,0.0,0.0,0.0,0.5758863277513638,0.003254016466935548
s02T4922,0.3214404961417465,0.0,0.0,0.004377386007498688,0.0,0.0011407669849085153,0.0,0.0,0.0,0.0,0.0009741014420862111,0.0,0.02402870253267466,0.11868008722584344,0.0,0.02520157362247814,0.0010469964447941,0.026540442358331865,0.0003275215276453873,0.000889810479371636,0.09296576896011423,0.0023837444810133374,0.003989428054049636,0.0,0.0,0.003466997832838901,0.35462993830954487,0.01791623759506003
s03T4922,0.04212261267720167,0.0007438663807401659,0.0001435287375994284,0.0027804139906486883,0.0,0.0009448123109876868,0.0,3.03832506787624e-05,0.0,0.0,0.0,0.0,0.02945832456317601,0.2566124701015637,0.004241482610469919,0.03976101639754185,0.0,0.007085128487303182,0.0,0.0023118143071530757,0.025010214681418112,0.0018018815909547705,0.0,0.0,0.0,0.0,0.5745280951017385,0.012423954810824383
s04T4922,0.35859958291096494,0.00043807388947552305,0.0008406237942585635,0.000982173317127634,0.0,0.0012743038129780849,0.0004753281854169769,0.0,0.0,0.0002499008785346915,0.0006340246458462544,0.0,0.02322342386175382,0.08620748986791005,0.0,0.004088058616515374,0.0,0.0,0.0,0.0016371292399799853,0.022461540122215674,0.0016267925837091055,0.0,0.0,0.0005416368254578436,0.0037978615015304335,0.4831702188313309,0.009751837114994225
s05T4922,0.4688434935901357,0.0,0.0008584077891669695,0.009020313165987098,0.0,0.0,0.0,0.0,0.0,0.0,0.0,0.0,0.003136951648524725,0.02709773493140385,0.0,0.0,0.0,0.0,0.0,0.0009562392543665526,0.02294814462081827,0.001469783074432806,0.0,0.0,0.0,0.0005651643634485858,0.45438161900441304,0.010722148557302337
s06T4922,0.2823905588139156,0.0,0.0,0.0,0.005833712164021905,0.0027198395700829352,0.0,0.0,0.0,0.001989496455887946,0.002800286114090073,0.0,0.05223887280774004,0.04716042774950514,0.005301004812324145,0.03625052981019711,0.0003659460897340041,0.016910044858202192,0.002750925672818467,0.0018376792656659504,0.042676755250401315,0.002314141481670856,0.0,0.0,0.0,0.0,0.4772479779918927,0.01921180109184961
s07T4922,0.4163153530060421,0.0,0.000488456490241359,0.004543808537072219,0.0,0.0,0.005103918885958207,0.0,0.0,0.0,0.0,0.0,0.005660889898270062,0.05714907609345984,0.0,0.0,0.0,0.0,0.0,0.00012217054828348128,0.07458407066198311,0.0019989573903802255,0.007817727563482669,0.0,0.0058547819476005595,0.0025539309021937896,0.40584311904728665,0.01196373902774556
s08T4922,0.0,0.4367864151144592,0.0,0.05778425736279447,0.0,0.0,0.0,0.0,0.006108287765972917,0.0,0.00024910659130166515,0.12463896302051582,0.0,0.0,0.0,0.0,0.05569869590955627,0.0,0.0,0.003066240569070336,0.0,0.0,0.0,0.0,0.0,0.0,0.007713170773397867,0.3079548628929315
s09T4922,0.0,0.18675091731558652,0.0,0.016880336562974396,0.0,0.00010142792168888989,0.0,0.0,0.03775417458606564,0.002315965119584152,0.5583077221848003,0.0488801910059513,0.007830762634081195,0.008310716000508398,0.0,0.0,0.010277549116599012,0.022050070525898302,0.0,0.002169277594793514,0.0,0.0004889479002363107,0.009159322335276374,0.05137281519520616,0.0,0.0020659021099102915,0.0005116442126849453,0.03477225767815423
s10T4922,0.03242020805634554,0.48428746723775246,0.0,0.05992941950880107,0.0,0.0,0.0,0.004728314740054621,0.032365023735513705,0.0,0.09630694649858088,0.21610664975854008,0.0,0.0,0.0,0.0,0.03400263064189416,0.0,0.0,0.004842329957382107,0.0,0.0006434333287098253,0.00047241713084614787,0.0009243728073535651,0.003966357105567157,0.004029231344610116,0.009508450642629092,0.015466747505419426
s11T4922,0.021729959408696858,0.4808900939107913,0.0,0.0623457832187596,0.0,0.0,0.0,0.0016358854563409146,0.02549272970536888,0.0028116144493258144,0.1582131247494429,0.10335265174780138,0.0030431912912897616,0.0033542159491967167,0.0,0.0,0.06363942240146718,0.00244028002881394,0.0,0.004548513350209244,0.0,2.4547805849914983e-05,0.006595448661239611,0.012495307540674967,0.002659794817566484,0.0030154620645740835,0.02052360944029001,0.02118836400230052
s12T4922,0.012416474818036939,0.4511313159991083,0.0,0.08207331634505538,0.0,0.0,0.0,0.0066021914647165615,0.03269211196226138,0.0,0.1745372661485506,0.1451649331410954,0.0,0.0,0.0,0.0,0.0609450700278182,0.0,0.0,0.0034588909419276137,0.0,0.00010913182066384268,0.0032615945049625367,0.008059917194733464,0.0025794729760017514,0.0011721186251167132,0.008384336673841872,0.007411857356109433
s13T4922,0.0,0.0,0.0,0.0,0.0,0.004117229679539413,0.0,0.0013197833222517255,0.0,0.0,0.0,0.0,0.031020244708063263,0.16572845179649015,0.003980162763858404,0.08668864090712299,0.0,0.0,0.0,0.0,0.00035810209629924853,0.0,0.0,0.0,0.0,0.0,0.6874532004745317,0.019334184251843106
s14T4922,0.0,0.2050363456308517,0.0,0.01958784641201585,0.0,0.0,0.0,0.0,0.03364811037273881,0.08004283628928095,0.35215208045257024,0.056018968032883594,0.019611749288346587,0.0034904554905176477,0.0,0.0,0.013651909770953636,0.08182199700338987,0.0,0.002742445472443186,0.0,0.0008093593194799426,0.004114565290967734,0.055229888484274146,0.0,0.00037080249221921015,0.035141907411086755,0.036528732785980185
s15T4922,0.08561695631270082,0.0017793161823386032,0.00047636751980835565,0.00945488196555227,0.0,0.0,0.0,0.0005164032504482955,0.0,0.010141374663083855,0.016778099660728785,0.0,0.03990443031770612,0.22982100454052648,0.005215463778280969,0.008248941709907821,0.0008575910566531845,0.04581538249369624,0.01681146721644453,0.020447143670269795,0.0,0.0019109365840445827,0.0,0.0,0.0,0.0,0.4985052288666873,0.007699010211122015
s02M5022,0.053731868260689805,0.0,0.0009147751804600702,0.01798275240745875,0.0,0.0,0.0,0.0,0.0,0.005799497931259639,0.010593917229651794,0.0,0.03609884400673337,0.31234158352953006,0.002023380986331562,0.009284607675440367,0.0,0.02643014327177687,0.0,0.007493672493678999,0.0,0.002246891186906173,0.0,0.0,0.0,0.0,0.5125277310746464,0.0025303347654361827
s03M5022,0.19347733199195072,0.0,0.0008361592710005225,0.006871158054771838,0.0,0.0,0.0,0.0,0.0,0.0,0.0022727257517967106,0.0,0.02325648944174986,0.15487000296117354,0.0,0.011597951764830985,0.0,0.003269356176824357,0.0007244148291623884,0.0032989773265752107,0.11879900000355292,0.0009168549135107814,0.0,0.0,0.001028219532787992,0.002365265129473414,0.47002802969442803,0.006388063156410756
s04M5022,0.23767780915752817,0.0,0.0,0.0,0.005442960292579449,0.004359723610435482,0.0,0.0,0.0,0.0,0.0014391755389994618,0.0,0.03491843589252204,0.10726324900091491,0.0027503372027132588,0.025077569960132624,0.0,0.010302453491260318,0.001280756519512983,0.0006495486377455286,0.06717794581102764,0.0022136637922991614,0.0,0.0,0.0,0.0,0.4786235696020692,0.020822801490259994
s05M5022,0.13873523553797532,0.0,0.0005587127544720689,0.0,0.0,0.0021589571217539294,0.0,0.0001704001958194776,0.0,0.0,0.0025737254580640067,0.0,0.03141134028298367,0.13506470992347439,0.0016548313959216447,0.0448239498395336,0.0,0.0072250495047288255,0.0,1.3359116490409468e-05,0.0,0.0009908890280184736,0.0,0.0,0.0,0.0,0.61951142654368,0.015107413297084274
s06M5022,0.1363405458121488,0.0,9.238333284927123e-05,0.0,0.0,0.0010693597953902736,0.0,5.498298131318823e-05,0.0,0.0,0.0026937162671356665,0.0,0.037258801980784906,0.18505387261046108,0.0046509573288728775,0.014216950885300308,0.0,0.012126026700636857,0.0032388991079789057,0.0,0.013339998102796676,0.0006385663682579147,0.0,0.0,0.00030021270581902617,0.0,0.5726977823120772,0.016226943708177052
s07M5022,0.0,0.0,0.0,0.005468323076246248,0.008045386233674354,0.0053461747946121595,0.0,0.0,0.0,0.0,0.009389071848785919,0.0,0.054909913236828076,0.3673407040658549,0.0019618681926418646,0.017580787885032464,0.0,0.03536936048303138,0.0005476001866618138,0.002537897048967382,0.006172674516726072,0.0006560490796627766,0.0,0.0,0.0010100660700066752,0.0,0.46459967989202733,0.019064443389240536
s08M5022,0.0,0.15934182263382793,0.0010939734627869579,0.030434228842789172,0.0,0.0,0.0,0.0,0.0,0.0,0.000275237141460169,0.0,0.0,0.0,0.0,0.0,0.3277616461965452,0.0,2.9233692409656666e-05,0.0075258812339497405,0.0,0.0,0.0,0.0,0.0,0.0,0.013067386057841569,0.46047059073838964
s09M5022,0.020795582218446965,0.4544244446810384,0.0,0.07324443936624943,0.0009856725107006044,0.0,0.0,0.004461176355925476,0.020036700340976904,0.005684325981185461,0.03579000873421037,0.11064675605671065,0.0007199123538954568,0.007523882391661091,0.0,0.0,0.15592205543066953,0.0004754149872939609,0.014541536105264399,0.009198476402766881,0.0,0.0,0.0006151486515720773,0.014202440116952089,0.0007982423973923309,0.0020453631365312196,0.032723931320354574,0.035164490460202244
s10M5022,0.0,0.10577199046992072,0.0,0.0022516177062828647,0.0,0.0,0.0,0.0018279987175890556,0.041670069142803245,0.2289386504912471,0.27518285487898214,0.030753100729734965,0.03355107929700311,0.061762181812555904,0.0,0.0,0.0021765861484113833,0.026077669372089305,0.007017795646385889,0.004545050983413903,0.0016541280736685048,0.0016528945894846987,0.0,0.033322646512997156,0.001600727139793817,0.003774156355224611,0.12933462482569366,0.007134177106717983
s11M5022,0.0,0.09687252054990164,0.0,0.0299117862498181,0.0,0.0,0.0,0.0068935852779942585,0.02765496661366611,0.21368358944090432,0.2419146305571328,0.02323925446592941,0.022807425555519616,0.05924490015511833,0.0,0.01809149769269755,0.012981698353870698,0.05111973882048968,0.0,0.0038761887398855686,0.0,0.0006986232923674796,0.0,0.03851830479378539,0.0007270884364790525,0.0,0.12561373505252746,0.02615046595191273
s12M5022,0.0,0.0013026709554114304,0.0008919632419388398,0.003685753167380426,0.0,0.0,0.0,0.001362401640119017,0.00750921045106177,0.14071006051972196,0.12016291672756968,0.0,0.054933393675889855,0.1354135343739117,0.004388130441110744,0.0,0.0,0.17144112541412293,0.0028147100413379125,0.0038609573572028926,0.0,0.0010341838112341577,0.0,0.0,0.0,0.0,0.341422636697281,0.009066351484705705
s13M5022,0.0,0.0,0.000767483883342602,0.006775128648761743,0.0,0.00011786387679314925,0.0,0.0006335573143143813,0.0054772288038196565,0.1120748682449744,0.09230688623308797,0.0,0.051073236871498805,0.18883603415144126,0.0,0.0,0.0,0.1817204907767537,0.0004359226023004153,0.0029044426195459897,0.0,0.0007843854865680692,0.0,0.0,0.0,0.0,0.3499668286897466,0.006125641797051282
s14M5022,0.0,0.0008704191839224027,0.0005539670072843017,0.007266963589946473,0.0,0.001746656142274718,0.0,0.002575484147281388,0.013492070710650911,0.1547968619200957,0.08005070849748813,0.0,0.052997165677871924,0.06780883762547149,0.0,0.06506444377546358,0.0,0.19254110692788218,0.019588598873095664,0.0035966442254372955,0.0,0.0010066030290564445,0.0,0.0,0.0,0.0,0.3266906494748527,0.009352819191924776
s15M5022,0.0,0.0,0.0006233135862910523,0.007816468463509158,0.0,0.0040615150523691315,0.0,0.0010109651715344606,0.0023775694211678167,0.022098437642922783,0.0217676895863972,0.0,0.035132960690386815,0.2049527399753066,0.0022101415861400927,0.08499508514964095,0.0,0.053189671934725284,0.023282423500071623,0.003357867771610341,0.0,0.0,0.0,0.0,0.0,0.0,0.5260676662576119,0.007055484210314769
s01X5022,0.09206492633440555,0.0,0.0,0.0,0.009550839704115247,0.007409525558045615,0.0,0.0,0.0,0.003944966361078549,0.0042516121127311665,0.0,0.06961539929633312,0.2358678561497981,0.00852925502377686,0.04136545702551578,0.0,0.029385095992895068,0.0008680960596696068,0.0007952647062680537,0.0011827508796625958,0.002190675752993705,0.0,0.0,0.0,0.0,0.4752694458025741,0.01770883324013683
s02T5022,0.0834459952354836,0.0,0.0004802012484686419,0.0,0.0,0.0027764126767420147,0.0,0.0008221259186686091,0.0,0.0064800009895631975,0.008496555921952283,0.0,0.04002123538911943,0.2490688430072894,0.0014019592769277667,0.046939988340798405,0.0,0.024107815150043743,0.0,0.003755165859108035,0.023886047399405072,0.00059522389944618,0.0,0.0,0.001223568713266069,0.0,0.4989049470445593,0.007593913929158326
s03T5022,0.042597235976439024,0.0,0.0005241215442653157,0.019095858775047773,0.0,0.0019269509739673078,0.0,0.0,0.0,0.0,0.008802728968916795,0.0,0.04709452353277916,0.3236706826972839,0.0026557582941743266,0.020690946601325453,0.0,0.029177527846499362,0.00532722885175995,0.011006406298302946,0.044939744454941324,0.0011409583012450813,0.0,0.0,0.0006908804403242309,0.0,0.43239875144684403,0.008259694995884194
s04T5022,0.0,0.0,0.00016361473632282232,0.0,0.003076061748942807,0.0,0.0,0.0,0.0,0.004837033026267634,0.002675923640334146,0.0,0.0005269041099534084,0.0,0.0015542877158491255,0.005897181370848378,0.0,0.004875469062402741,0.004399364116434383,0.8903999699956342,0.005064784975654311,0.0,0.0,0.0,0.0,0.0,0.0750680748871829,0.0014613306141730024
s05T5022,0.1939303453352821,0.0,0.000196826558055878,0.0031723407008490572,0.0009152425469922268,0.0009582656053589721,0.0,0.0,0.0,0.0,0.0054483437514401736,0.0,0.03209488527379122,0.2593377408460275,0.0010595731875339847,0.005834650254742645,0.0,0.016242287151079497,0.03922866407545617,0.021145391426899935,0.0,0.0021980953062997236,0.0,0.0,0.0,0.0,0.4137076852702374,0.004529662709953595
s06T5022,0.4411560226586993,0.0,0.0,0.0,0.01770368705659965,0.0,0.0,0.0,0.0,0.002181503981221885,0.005567992018967702,0.0,0.02658271760347732,0.1521803626436277,0.0,0.0,0.0,0.014354260931151766,0.02162540257140747,0.007901885955570285,0.0,0.0038680820100297697,0.0,0.0,0.0,0.0,0.29979902541633846,0.007079057152908668
s07T5022,0.02731421323722573,0.0,0.00044584211653406235,0.014583642802647971,0.0015606921961565429,0.0011810612963566555,0.0,0.0,0.0,0.0,0.006971363619522234,0.0,0.03873067296231323,0.4503927598148575,0.0014315405847815914,0.026073344699627316,0.0,0.023690351942458648,0.004924388269471067,0.01627641109223584,0.0,0.001246289267312347,0.0,0.0,0.00032133287080876735,0.0,0.38021575533545293,0.004640337892237468
s08T5022,0.0,0.12320734225347654,0.003114313364668392,0.027476521635878628,0.0,0.0,0.0,0.0,0.0,0.0,0.000749289860884521,0.0,0.0,0.0,0.0,0.0,0.4563677281666331,0.0,0.0,0.0059140652328361805,0.0,0.0,0.0,0.0,0.00024815021208325817,0.00029262757107958564,0.008019142907154296,0.3746108187953053
s09T5022,0.12252997634318948,0.30284419960941394,0.0,0.08940429123050508,0.0,0.0,0.0,0.007903367950592639,0.010128107896205643,0.001483977850990688,0.016036754646292926,0.12463216442656379,0.00037307974986834825,0.013086173134719365,0.0071282542989188815,0.0,0.240059082497649,0.0,0.0,0.004757653305217386,0.0,0.0007555467368978346,0.0,0.0,0.00430058466057114,0.002281445469873708,0.05229534019253009,0.0
s10T5022,0.02600402672044334,0.018444657016383315,8.6557279462431e-05,0.011916496953918122,0.0,0.0,0.0,0.00673604472602189,0.03160458579276095,0.2053148897466971,0.21586535075636126,0.0067928890319419455,0.03181345565066542,0.06796181469689823,0.0,0.03875681975343531,0.00019935943079250367,0.10810880374100863,0.0,0.004010095550559878,0.0,0.0014867010902812519,0.008690687590543303,0.0026457189133409086,0.0,0.002228192585907288,0.20317099159644034,0.008161861376136515
s11T5022,0.07267730915466802,0.09147816382727873,0.0,0.04655940567993173,0.0,0.0,0.0,0.005841078324995412,0.039022749400176505,0.07444278627561017,0.13444581609969533,0.005148038491109808,0.02508656187199885,0.05570953669882606,0.0,0.007977035902709399,0.11156070990054215,0.06810765498249342,0.0,0.012368214070097914,0.0,0.0011053841988833285,0.0,0.015434614915385225,0.0007338068680301287,0.0023281206527138456,0.15659485124168568,0.07337816144316839
s12T5022,0.0,0.01573478124572739,0.0,0.03705352707408778,0.0,0.0,0.0,0.00383559328177009,0.0354552343061432,0.27786951652155073,0.17972402803959917,0.0010550343508866952,0.030769031528720688,0.05568189806029256,0.0,0.03327571206156147,0.020336618937792008,0.08155201619483333,0.0,0.0038841985768384825,0.0,0.00014761007977976407,0.0,0.0020320233143365125,0.0,0.0,0.16269377380355476,0.0588994026225254
s13T5022,0.0,0.011994582687830239,0.0,0.021120322838353984,0.0,0.0,0.0,0.01223192613797147,0.031979455429962216,0.2698159269178925,0.1197276401643251,0.0037416034580500337,0.040392797624100925,0.04246167441110393,0.0,0.06853577205010732,0.01729551073650105,0.0796610752459101,0.0,0.004153011790814598,0.0,0.00031444859473853625,0.0,0.006499313307549265,0.0,0.0,0.20943842360397052,0.060636515000818146
s14T5022,0.0,0.00035138128631634547,0.0,0.012283704029741035,0.0,0.0,0.0,0.0069769782108540426,0.03798835943696877,0.3036470155210698,0.09661767381047458,0.0,0.04274057908387735,0.032401379245996134,0.0,0.06029635787675003,0.0032611195653097654,0.1164679315600347,0.001885274932862264,0.001990860256400515,0.0,8.636993187120462e-06,0.0,0.0,0.0,0.0,0.2352153860685823,0.04786736212157519
s15T5022,0.0,0.0,0.0,0.0,0.0,0.0030193538916360317,0.0,0.0013108358479916027,0.0005742893968958099,0.0245202817177554,0.00936814002029691,0.0,0.04325964836057893,0.25718055790727257,0.0003651801861770683,0.050164828826657605,0.0,0.02997398168979751,0.035430839078846636,0.0011706931843285542,0.0,0.000298608264600928,0.0,0.0,0.0,0.0,0.530960740723836,0.012402020903328276
s02M5122,0.13390228790401756,0.0,0.00046635377800795133,0.0,0.0,0.010627030117311705,0.0,0.0,0.0032268700090875135,0.007267763059674911,0.0552302853244625,0.0,0.055428077651055965,0.15580545619218625,0.0,0.04251608037255744,0.0,0.2519066271069931,0.002661161835179789,0.0023408052494128385,0.0,0.0008775611046776165,0.0,0.0,0.0,0.0010435469755781753,0.2726458622651066,0.004054231054690164
s03M5122,0.18442442551138716,0.0,0.0008796209130245456,0.002733482320900301,0.0,0.005979758344545001,0.0,0.0,0.0,0.02367876235441621,0.04925217826961682,0.0,0.06013364436462215,0.14757482402555008,0.0016033275014953469,0.012673901190323423,0.0,0.1924418421597749,0.0,0.0027211106787482595,0.017885150990486442,0.0017396741174966522,0.0,0.0,0.0,0.0,0.29275878136456046,0.003519515893052111
s04M5122,0.0,0.0,9.183783083948525e-05,0.0,0.0,0.0014798067818268322,0.0,0.0010075215779554155,0.0005055366478961073,0.034205824691609085,0.029840895686920277,0.0,0.046190302668297115,0.08157180865572036,0.0001047692242314979,0.11583088126705081,0.0,0.05299143847302626,0.0032901043516951824,0.0010971641033433522,0.0,0.0,0.0,0.0,0.0,0.0,0.6205038304937224,0.011288277545866
s05M5122,0.501688601128799,0.0,0.0009572597512638733,0.002550917878935423,0.0,0.0,0.0,0.0,0.0,0.0006417134699909427,0.009853105886457976,0.0,0.023097914385466906,0.03329313001887876,0.0,0.0,0.0,0.01093315891377932,0.0,0.003098156610693934,0.041076018305186486,0.0012900085919342324,0.0,0.0,0.0,0.0022548383095693817,0.36530347198937735,0.003961704759666459
s06M5122,0.337086332883785,0.0,0.0009560365187117863,0.00356278107318964,0.0,0.0,0.0,0.0,0.0,0.0071549375172511,0.025080418079543036,0.0,0.03976073141264821,0.14959718036214983,0.0,0.0,0.0,0.04548785098600204,0.0,0.0025463963009317377,0.0,0.0011885411059442573,0.0,0.0,0.0,0.0,0.3838715872699025,0.0037072064899408524
s07M5122,0.0,0.0,0.0,0.0014348859967182111,0.0,0.0033214618483415606,0.0,0.0007842243320962788,0.0038318959165111986,0.01596071595078892,0.029081961867424976,0.0,0.07637732621359117,0.17139201935802087,0.0032514646848757394,0.03863669339135032,0.0,0.08239604060669367,0.00385674128246446,0.0029459303581239426,0.0,0.0,0.0,0.0,0.0,0.0,0.5532472189176062,0.013481419275392478
s08M5122,0.0,0.16137069752905217,0.0,0.10704965888621229,0.0,0.0,0.0,0.0,0.01094217780850204,0.0,0.0014326408153654921,0.14346916708146132,0.0,0.0,0.0,0.0,0.15918241813966377,0.0,0.006968103064232652,0.009034800468270193,0.0,0.0,0.0,0.0,0.0,0.0,0.027136682594763033,0.37341365361247714
s09M5122,0.059221021912461376,0.2546628961819108,0.0,0.07277217835296888,0.0,0.0,0.0,0.00430852860386259,0.017481561571246324,0.0,0.012971978506301253,0.0822824605766322,0.0,0.003137803374535886,0.014131385292651504,0.0,0.3365092573222107,0.0,0.014741167309654113,0.010286585160970266,0.0,0.0007338155845620757,0.0,0.0,0.004251741861096075,0.002213299200701491,0.034145917058673196,0.07614840212956103
s10M5122,0.08485435905613559,0.307851790880394,0.0,0.09689506987494019,0.0,0.0,0.0,0.0028424458089977905,0.042608303336037476,0.0,0.018669730126844586,0.1720277809257661,0.0,0.004295150447978268,0.012522360553119142,0.0,0.16305065613502484,0.0,0.011331961000493433,0.011811916569184866,0.0,0.00022028482604708588,0.0,0.0,0.0011670728369849602,0.0016284394957305026,0.039694861579231126,0.028527816547089968
s11M5122,0.05185617741544766,0.260997794886125,0.0,0.09079474565885587,0.0,0.0,0.0,0.0036997684312094054,0.03750341999182653,0.0,0.022168910031817722,0.10112176917275204,0.0,0.013705036352380521,0.0,0.0,0.3000221047453494,0.0,0.026108752002833937,0.012081025701368825,0.0,0.0004990197104996039,0.0,0.0,0.0025699058621370366,0.0,0.04716941432761877,0.029702155709777606
s12M5122,0.0,0.12222478788877841,0.0,0.06109190131784189,0.0012349876271520934,8.724290239509915e-05,0.0,0.0037504043311328075,0.10847686981297891,0.016079795403115625,0.04506172032229068,0.033556436209143156,0.0017426392777031674,0.019719663072194592,0.0,0.0010113649120370202,0.2173803495166893,0.005924887744054509,0.14111573418943626,0.021600037049536926,0.0,0.00041259875916946543,0.0005105799256502458,0.026935366746749546,0.0006754017699780938,0.0012775227348332976,0.07001436971826595,0.10011533876887298
s13M5122,0.0,0.001268487138662778,0.0,0.007974525470083607,0.0,0.0,0.0,0.000386919905333047,0.06917325934165008,0.11777619410411984,0.06544631811935095,0.0,0.02648243064322192,0.01655241965765295,0.0,0.020188244403359756,0.015645777564358927,0.07871781046327543,0.4311428779922961,0.005847020923339532,0.0,0.0001096257073360159,0.003315248721229893,0.0,0.0,0.0,0.11269059742457027,0.02728224242015896
s14M5122,0.0,0.0,0.00017554314153657481,0.0,0.0,0.0,0.0,0.0035206156043015597,0.09549031512758757,0.1891842438552228,0.125229721567421,0.0,0.04484573021120367,0.008957375610199877,0.0,0.017232619806954428,0.0,0.1452284860421735,0.21465841034461292,0.0021128910574613655,0.0,0.00024142603304363398,0.00889202769676063,0.0,0.0,0.0,0.12100214276022526,0.023228451141295146
s15M5122,0.0,0.0,0.0009020546819828621,0.004684152608187389,0.0,0.0,0.0,0.0,0.10060782210775077,0.10995841322980027,0.08555176938221033,0.0,0.03950072103692552,0.052039533371214676,0.0,0.0,0.0,0.1216241938977303,0.3241769022450908,0.005272583297550059,0.0,0.0008524286230035168,0.0,0.0,0.0,0.0,0.15096032127669948,0.0038691042418539526
s01X5122,0.08301329194181818,0.0003539778672325793,0.0006863896041747827,0.006663183228829086,0.0,0.0004734249866854619,0.0,0.0,0.0,0.0009539743921997017,0.015608899944285185,0.0,0.03957493674965753,0.405463019782188,0.0,0.012939729196772817,0.0,0.03019047284592812,0.02540657054451675,0.00515857668990096,0.0,0.0011876922961721477,0.0,0.0,0.0,0.0,0.36960760410180954,0.002718255827829226
s02T5122,0.07947525842807703,0.0,0.0006404623046483374,0.01917081685911718,0.0,0.0,0.0,0.0,0.0,0.0013318019201377664,0.009659762543717412,0.0,0.05011238885630082,0.22769625717018638,0.0,0.06852045297323428,0.0,0.029520215221847314,0.0014121726493944225,0.005689778030498638,0.04239644791095881,0.0007031186301274283,0.0,0.0,0.0,0.0,0.45795237850972137,0.005718687992032768
s03T5122,0.17210087449833594,0.0,0.0011795122267585774,0.009281281731920324,0.0,0.0,0.0,0.0,0.0,0.0014370587223770021,0.01001984434442337,0.0,0.035463014613622355,0.17109733699294774,0.0008996857688765862,0.01066407450495086,0.0,0.029719327867251698,0.05371976877332755,0.006729907771666559,0.07206066056432317,0.0011690324058714035,0.0,0.0,0.0,0.0,0.41960910658832135,0.004849512625025395
s04T5122,0.0,0.0,0.00099204193830681,0.0,0.0,0.0002723269617383116,0.0,0.0,0.0,0.010431957483538869,0.022024503759891897,0.0,0.042790651571506876,0.10860076936273719,0.0,0.058494212769567615,0.0,0.04299240640014441,0.11997966084092153,0.002594390333069709,0.023026431751588593,0.0,0.0,0.0,0.0,0.0,0.5625730988101691,0.00522754801681904
s05T5122,0.09205874258806959,0.0,0.0008215732020292596,0.009636555805189148,0.0,0.0,0.0,0.0,0.0,0.0,0.017177257170863904,0.0,0.03254891994631137,0.421534808220696,0.0007013524084193376,0.0,0.0,0.037727476016331876,0.09510436580978664,0.006022201770402015,0.0,0.0016236516750327962,0.0,0.0,0.0,0.0,0.2837616255701692,0.001281469816698868
s06T5122,0.18543789474831607,0.0,0.0005693413908631727,0.0033503510920820795,0.0,0.0,0.0,0.0,0.0,0.0050350059199728405,0.02615237822751946,0.0,0.020116250294660392,0.07186208954401738,0.0,0.0,0.0,0.014475128588036745,0.2626990387775836,0.002337568302771325,0.02273576200329051,0.00055593975146333,0.0,0.0,0.0,0.0,0.3785757492531696,0.0060975021062536295
s07T5122,0.0,0.0,0.0,0.0,0.0,0.002201759633237931,0.0,0.000618365047737942,0.0,0.006932409914590712,0.011354983021224932,0.0,0.026479327447720396,0.01737747579816512,0.0,0.1584707578338958,0.0,0.009393737068860214,0.1999446531000024,0.0,0.0,0.0,0.0,5.086135832267906e-05,0.0,0.0004990500129949716,0.5507852724877513,0.015891347275495668
s08T5122,0.0,0.0,0.0,0.007842677829584902,0.0,0.0,0.0,0.0,0.03779016700211833,0.0,0.0003303112538368204,0.0,0.0,0.0,0.0,0.0,0.17085830193995843,0.00013942767185540426,0.0,0.015174074941501614,0.0,0.0,0.0,0.0,0.0,0.0,0.07329839736748911,0.6945666419936554
s09T5122,0.0,0.0007940037287506072,0.0,0.021102470239427375,0.007543710774134692,0.0012092024884246004,0.0,0.010594647032258674,0.07009271368065081,0.013648438334548678,0.028554322733395945,0.0,0.017101436899338827,0.0,0.000687894626206602,0.0009243568588132061,0.28516020617380117,0.019208774868325857,0.0,0.04516171039480674,0.006889219475262642,0.00021413385635667584,0.0,0.0016327290256862546,0.0003998770450100235,0.0020597192104933686,0.09190916310937307,0.3751112694449341
s10T5122,0.0,0.0,0.0,0.0,0.0,0.0,0.0,0.0,0.4292319960275158,0.12493782666295933,0.30272628303680904,0.0,0.010270743514513007,0.023337342843880223,0.0,0.0,0.0,0.058635344790839816,0.006391060813201905,0.0,0.005261807997116196,0.0,0.015553018684810191,0.0,0.0,0.0,0.023654575628354598,0.0
s11T5122,0.27599031488323034,0.05269335981678826,0.0,0.029870020092129433,0.0,0.0,0.010640255626793577,0.00802220481673269,0.09416796131771825,0.005938450899898891,0.037801927053912,0.10266991676746223,0.005936731602937514,0.0,0.0,0.0,0.09799317101758569,0.00038466508186206527,0.05648963864489721,0.03660557248643486,0.0,0.002080124800661839,0.016465044110435624,0.0,0.0029850293894746116,0.0023215595535010943,0.06398517108180544,0.09695888095573824
s12T5122,0.12695464664197084,0.04060491866272371,0.0,0.006377168125741785,0.0,0.0,0.0,0.0024690128296667485,0.3068981976328146,0.007184978619220452,0.13610320695614786,0.03379197498414404,0.02638110843785424,0.036420768223006,0.0,0.0,0.022201798315779397,0.022570108145563705,0.09408314304867701,0.008952715316812628,0.0019734070606043444,0.0019700708193622156,0.01966843191271513,0.0013253923050057148,0.0,0.0,0.05904694119417307,0.04502201076801653
s13T5122,0.0,0.02615359131325402,0.0,0.0,0.0,0.0,0.0,0.0,0.37977034333826326,0.06276259444485745,0.19254011735757906,0.0,0.03788160000849249,0.006316194540287228,0.0,0.0,0.0,0.05539170347960704,0.08636747836391699,0.006523188963116872,0.002024392452924558,0.0,0.013011774085317023,0.0,0.0,0.0,0.048026271045704824,0.08323075060667919
s14T5122,0.0,0.0,0.0011469176865553387,0.0003713600278307258,0.0,0.0,0.0,0.0,0.31571458118002904,0.11390731734930078,0.1622737068168189,0.0,0.03640702851766962,0.021146613258509486,0.0,0.0,0.0,0.10721599155563344,0.11499257186902252,0.0020347527918074047,0.0,0.0002568002938339689,0.003966127435633034,0.0,0.0,0.0,0.09047774519432229,0.030088486023033406
s15T5122,0.0,0.0,0.0012845121566107613,0.0,0.0,0.0,0.0,0.0,0.20466356312728656,0.11391954179710394,0.10673179011007876,0.0,0.03515618765559092,0.04716128505582262,0.0,0.0,0.0,0.131579317709041,0.2419487168865307,0.0015899439104662375,0.0,0.0001328123467874009,0.01444831880553643,0.0,0.0,0.0,0.09901936296579351,0.0023646474733510646
s02M5222,0.13686231135736737,0.0,0.0001581133344707774,0.0027532536693502174,0.00022527627113267166,0.0007392781516810027,0.0,0.0013046340890940397,0.0,0.007306564434578598,0.01628616895481347,0.0,0.05923484264154551,0.14377610518898168,0.004584149223752147,0.07078868930354883,0.0006556305553244214,0.09245974182323076,0.0245339487009425,0.0031647588909262695,0.020880440707984452,0.0014054922096127544,0.0,0.0,0.0,0.0,0.4041250020353903,0.00875559845627226
s03M5222,0.5446394243681433,0.003140925996278554,0.0,0.020127740212281985,0.0,0.0,0.0,0.00023202311301940732,0.0,0.0,0.008223462113282527,0.003784834948588589,0.012841282971271262,0.1298807173978844,0.0,0.0,0.0014272661510007587,0.021493492538579937,0.026875752206669358,0.005617900061662153,0.0,0.0019104445574128239,0.0,0.0,0.0,0.002866991717957982,0.21693774164596705,0.0
s04M5222,0.15038494476418454,0.0,0.0,0.0039391845632367846,0.0,0.0,0.0,0.0,0.0,0.0,0.00997259707123663,0.0,0.02058185757816147,0.007059780529917158,0.0,0.03524728610830343,0.0,0.07299176004592489,0.020448785020443262,0.0009937328700892504,0.5321107435661283,0.0002688252891989655,0.0,0.0,0.0,0.0038786747670838373,0.14075832620270579,0.0013635016233858243
s05M5222,0.3968567973513506,0.0,3.0189099193383927e-06,0.0034779702990639207,0.0,0.0,0.0,0.0,0.0,0.0038231806185586976,0.010720662730381162,0.0,0.018884265434380453,0.020822237848025806,0.0,0.0316123667790543,0.0,0.07517125439413026,0.030427524962111575,0.000928539742398544,0.23851493325798112,0.00038401229787726754,0.0,0.0,0.0,0.004760019316682851,0.1636132160580841,0.0
s06M5222,0.251647173517125,0.0,0.0,0.0050394242514862995,0.003630746534271815,0.0,0.0,0.0,0.012703417773509664,0.03672960034942499,0.02371404046482583,0.0,0.045901684707272385,0.029503254060801398,0.0,0.03075279441732473,0.0,0.14207783957836645,0.059117287453797115,0.00013921453983644293,0.09995598686154533,0.0013478686344352232,0.0,0.0,0.0,0.0016909217323893284,0.24887062300970486,0.00717812211388302
s07M5222,0.0,0.0,0.00012787848935667896,0.0022636600442830514,0.0,0.0,0.0,0.0009716781065574996,0.02837204221951461,0.05549651118460315,0.032120583771821705,0.0,0.05436867677597448,0.06853741760317579,0.0,0.06116326501323619,0.0,0.22545197606963815,0.2265830205062508,0.0008337532544439056,0.012777142310304477,0.0004550122804041525,0.0,0.0,0.0007245108255141994,0.0,0.2265033451947987,0.0032495263501225637
s08M5222,0.0,0.0,0.0,0.004797295790254503,0.0,0.0,0.0,0.0,0.057741994460477425,0.0,0.0,0.0,0.0,0.0,0.0,0.0,0.21240279385573296,0.0015053458508584422,0.004334692317585242,0.02671133953458316,0.0017668970864606094,0.0,0.0,0.0,0.0,0.0,0.09365248634023977,0.5970871547638078
s09M5222,0.0,0.0,0.0,0.019062119568225098,0.014064189227510293,0.0,0.0,0.019862935413336114,0.24103446099470505,0.0850459637270175,0.07971155247066951,0.004059232848403982,0.05456533491225669,0.0,0.0,0.0,0.11022511017281995,0.05170119979615643,0.00509645287866908,0.0231163200188692,0.007581956901810093,0.00012326436821284855,0.002299182298645327,0.0,0.0010886195353606554,0.0,0.11358756751812642,0.1677745373492058
s10M5222,0.015093505822150598,0.0,0.0027222221333852987,0.0,0.0,0.0,0.0,0.010535262651102191,0.3497131112184983,0.08067356665385364,0.21018504286070927,0.0,0.07578863966482656,0.005506749406920614,0.0,0.0,0.0,0.11277755453489756,0.002140807535806631,0.0,0.009687156828060099,0.0003552981646137075,0.04011779978107245,0.0,0.0,0.0,0.08233390496136427,0.002369377782738787
s11M5222,0.0,0.008313785727878225,0.0,0.00909384526915439,0.0,0.0,0.0,0.005787701387955678,0.32099605998953307,0.1583260182747864,0.14953237041486933,0.0,0.08508214322333589,0.002094625331790377,0.0,0.0,0.0,0.12541606335802363,0.0,0.006612803879881069,0.002198342003095077,0.00013500104659154162,0.013517993152125353,0.0,0.0,0.0,0.06064910442006383,0.052244142520916255
s12M5222,0.0,0.0,0.0,0.0,0.0,0.0,0.0,0.0,0.30901082154092807,0.21012531178104996,0.14671095121266028,0.0,0.11675876632979433,0.0,0.0,0.0,0.0,0.13425832305203972,0.0,0.0004929026869641149,0.0,0.0007207559366105172,0.023555559942769415,0.0,0.0,0.0,0.021490143798480826,0.036876463718702644
s13M5222,0.0,0.0,0.0006638852745917621,0.0,0.0,0.0,0.0,0.0,0.2788982194808645,0.2343960947127296,0.14249805194449514,0.0,0.10781089962992445,0.0,0.0,0.002634482561278993,0.0,0.18618887742376622,0.0,0.0,0.0,0.0,0.0,0.0,0.0,0.0,0.030473157334278616,0.01643633163807079
s14M5222,0.0,0.0,0.0,0.0,0.0,0.0,0.0,0.0,0.18538246574970751,0.24495942736348955,0.08313519054182925,0.0,0.10951344008125298,0.0,0.0,0.08504585974554703,0.0,0.199601912693813,0.0,0.0,0.0,0.0,0.0,0.0,0.0,0.0,0.06587457065272657,0.02648713317163421
s15M5222,0.0,0.0,0.0,0.0,0.0,0.0,0.0,0.0,0.17838953807013325,0.1987358756457693,0.08537729720982791,0.0,0.09878291245798246,0.008314094785693072,0.0,0.09413295366768101,0.0,0.2280586530928524,0.0,0.00043281022924146023,0.0,0.0,0.0008291305226069577,0.0,0.0,0.0,0.09145243952530478,0.015494294792907622
s02T5222,0.04942613028016439,0.0,0.00032223617535462307,0.02278842944513314,0.0,0.0,0.0,0.0003079232739619362,0.0,0.021595091179606254,0.023855990462727482,0.0,0.06530266154927389,0.04450932425029696,0.007283446225068364,0.09582905316366483,0.0006443057665683647,0.16418231213692575,0.04908687705060678,0.0033721916649851877,0.08656488285681464,0.0,0.0,0.0,0.0,0.0031681917574123974,0.35281997484079425,0.008940977920640946
s03T5222,0.10299300407082816,0.0,0.0,0.009596765543072068,0.0,0.0,0.0,0.0,0.0,0.035210490852583126,0.019932381695713132,0.0,0.0524202439087526,0.042350601697402575,0.00038408503655555144,0.15139071453004754,0.0,0.11998248725512818,0.012892935904265311,0.0009215545008751614,0.12674750566738666,0.0,0.0,0.0,0.0,0.0034902407229120223,0.3144675485082513,0.007219440106226605
s04T5222,0.30825967318473674,0.0,0.0,0.006567032808413765,0.0,0.00041497487226836716,0.0,0.0,0.0,0.011635021106340182,0.017913594943236345,0.0,0.025503495088359324,0.016399828419316972,0.0,0.01104863255270687,0.0,0.051357786173671274,0.0037953403378693886,0.00020517796452847588,0.29139145899083485,0.0003423807937745536,0.0,0.0,0.0,0.0017854326382477472,0.2450724995698152,0.008307670555879854
s05T5222,0.46533223840961946,0.0,0.0,0.0004929582810084651,0.0,0.0009171144840822918,0.0,0.0,0.0,0.0,0.004545396668362683,0.0,0.0034489376953670005,0.00474816924328303,0.0,0.0,0.0,0.002456701140732627,0.0,0.0,0.44075760715066953,0.0,0.0,0.0,0.0,0.0006814193460671299,0.07661945758080774,0.0
s06T5222,0.4641575769919872,0.0,5.869299525208884e-05,0.0020365240434363414,0.0,0.0005703038922352015,0.00045587142020350947,0.0,0.0,0.0,0.005534846017515236,0.0,0.003283249925271375,0.0,0.0,0.0,0.0,0.0,0.0,0.0,0.42699916601283644,0.00024205522416477607,0.0,0.0,0.0,0.0009126023863928929,0.09574911109070496,0.0
s07T5222,0.0,0.0,0.0,0.007322190557878799,0.0,0.00030253023354986127,0.0,0.0005873839176122378,0.0,0.025855821822078143,0.018729247841954583,0.0,0.06216017184701744,0.06941786743867118,0.0,0.23504169650201467,0.0,0.11685653360578324,0.004512759365646543,0.0007887057822504013,0.049314111715133474,0.0,0.0,0.0,0.0,0.0,0.4029786521732891,0.006132327197120257
s08T5222,0.0,0.015313689280356833,0.0,0.03179068392965995,0.0,0.0,0.0,0.0,0.025967302190736515,0.0,0.0,0.07817927174088683,0.0,0.0,0.0,0.0,0.15138747084880685,0.0,0.005769912965294436,0.012245791540921178,0.0,0.0,0.0,0.0,0.0,0.0,0.15078681516216158,0.5285590623411758
s09T5222,0.14101345372498364,0.10461906071839895,0.0,0.05757819484696751,0.0,0.0,0.0,0.006104396499420753,0.15430354248276368,0.0,0.06724159456458427,0.10846818750669637,0.020446173975403308,0.008605707205886905,0.0037268516417931588,0.0,0.08383229947891346,0.04396823440573732,0.016486295884054473,0.015158539778366191,0.0,0.0008885491554671216,0.0055223145716094485,0.0,0.002956701439918374,0.0028650124127546066,0.07322015612173295,0.08299473358454754
s10T5222,0.0,0.0008639167364810528,0.0,0.0,0.0,0.008553215967131872,0.0,0.004323861387532772,0.17842831138007503,0.12550916776807722,0.07791435228711255,0.0,0.14462736461261957,0.0,0.0,0.1194527626729832,0.0,0.19604718490620587,0.008186635153293877,0.0057302743258817275,0.0,0.0,0.0,0.0,0.0006325833450841121,0.0,0.08528214962876365,0.04444821982875766
s11T5222,0.0,0.008951155648959366,0.0,0.012353604934018539,0.0,0.0,0.0,0.003552053210674261,0.20146200942549405,0.08835917110839055,0.07565115772672726,0.014093765979322844,0.09290315520592042,0.0,0.0,0.020977625467520022,0.050877693714874876,0.15213122205023383,0.016922938119817568,0.01604450707662427,0.0,0.0005315950923289387,0.011080686397635353,0.0,0.0,0.0,0.08135290643359123,0.15275475240786673
s12T5222,0.0,0.0,0.0,0.008779585554368502,0.0,0.0,0.0,0.0,0.2040476905094074,0.2042151852274132,0.09510504085251464,0.0,0.13094384800497402,0.0,0.0,0.018055348469803577,0.009887091013540879,0.16790247041235806,0.0,0.0,0.001419113634487148,0.00031902157612545925,0.009764479475350035,0.0,0.0003463297560477256,0.0,0.050937769842431306,0.09827702567117805
s13T5222,0.030353033624433517,0.0,0.0009815441207994477,0.004858013526625957,0.010948496617261149,0.0,0.0,0.0,0.15538592911382387,0.12792389660547443,0.09043201949838933,0.0,0.17209083929806682,0.0,0.0,0.0,0.0,0.1956531667202933,0.03351801879102008,0.0003752449048618266,0.00861140916829037,0.0018174661308776744,0.02736417622054616,0.0,0.0,0.0,0.12671925303218404,0.01296749262705217
s14T5222,0.0,0.0,0.0,0.0057742731220462055,0.0,0.0,0.0,0.0016500046010817894,0.1440816399416599,0.28435781624474354,0.07695620875753834,0.0,0.12985375236817437,0.0,0.0,0.0650525984590927,0.0,0.19432981493368387,0.0,0.0,0.0,0.0,0.0,0.0,0.0,0.0,0.06492094847941439,0.033022943092564885
s15T5222,0.0,0.0,0.0011393774418155221,0.0007838976558512315,0.0,0.0,0.0,0.004507082889977285,0.16472959998248962,0.2004288522688356,0.09976189475433296,0.0,0.1072537476346628,0.020906870394351237,0.0,0.0,0.0,0.20673004635307515,0.04771077288038305,0.0023017249711856686,0.004170544600921143,0.0013566313484551624,0.016240668467853388,0.0,0.001698347685151291,0.0,0.11975059860470666,0.0005293420659523634
s02M0123,0.0,0.0,0.0,0.002954664617129353,0.0,0.0,0.0,0.00027546732108650417,0.000970071468343549,0.031191651992999583,0.010762147719832508,0.0008147212076304648,0.022335117893201063,0.0008747265039078887,0.0010816439254254446,0.06888708324374879,0.0,0.09496716474139007,0.003950066455152391,1.2218970403814583e-05,0.7073509222077188,0.0,0.0,0.0,0.0,0.0001017848552587932,0.05269144616323901,0.0007791007135319499
s03M0123,0.0,0.0,0.000183333755155588,0.004047656459936646,0.0,0.0,0.0,0.0009719405406864079,0.0019704982231765946,0.04524614621285342,0.015497780120189994,0.0008230495081462011,0.047219995523918416,0.0,0.0032019245884217853,0.07076022725414012,0.0,0.12324523423439215,0.008828203517809505,0.0004792387574807115,0.5653047003302832,0.00014659704996296288,0.0,0.0,0.00010041349215836911,0.00010244814736075135,0.10982919965878302,0.0020414126251441836
s04M0123,0.41769878796653276,0.0013355041845775606,0.0,0.004927445313181026,0.0,0.0,0.00037236864941033235,0.0002727414592560277,0.0,0.0,0.0029447040362867946,0.0,0.010632316812101228,0.002331330773988405,0.0,0.0,0.0,0.021798229556327157,0.012037015746073626,0.0003959698669058785,0.4493761254149445,0.00123621303564261,0.0,0.0,0.0,0.0036952731074855667,0.06986197640742138,0.0010839976698650757
s05M0123,0.0,0.0,0.0,0.0,0.0,0.0,0.0,0.0,0.0,0.0001854705954734931,0.0,0.0,0.001301954668195854,0.0018774199133898602,0.0,0.004474415861942181,0.0,0.0,0.0,9.373006794510393e-05,0.9805135728231368,0.0,0.0031559069453454412,0.0,0.0,8.502491376559014e-05,0.00796807973908986,0.0003444244717160567
s06M0123,0.13594071293923368,0.0,0.0,0.0010982611585904976,0.0,0.0002601613380235363,1.9187778452371463e-05,0.0,0.0,0.0005392919156016127,0.003721301293173498,0.0,0.0031229983254376366,0.0,0.0,0.00047520843955403805,0.0,0.006644395975889495,0.0,0.0,0.812394621749225,0.0,0.0,0.0,0.0,0.0008816341114047423,0.034902224975413884,0.0
s07M0123,0.023821129324162988,0.0,0.0,0.0017381383403179097,0.004530572504223728,0.0,0.0,0.000145223491442166,0.0,0.0013819766919621027,0.0011987697517651613,0.0005436589892182333,0.009404790781310532,0.00017350094001574796,0.0,0.015223419093078823,0.0,0.01702464360440986,0.004906267521193186,0.00016842316664711878,0.8840742912824581,0.0,0.0,0.0,0.0006368247624264796,0.0006391341788078901,0.03329034590062953,0.0010988896759305884
s08M0123,0.0,0.0,0.0,0.03848137808461814,0.0,0.0,0.0,0.0,0.05444202614155406,0.0,9.953497059487053e-05,0.06330674373342003,0.0,0.0,0.0,0.0,0.15946087702783374,0.001625754163980725,0.0,0.013851251143234133,0.004696667140426602,0.0,0.0,0.0,0.0,0.0,0.07189276948776709,0.5921429981065705
s09M0123,0.0,0.015989462245626997,0.0,0.008813929440096863,0.012340982194802699,0.0029048071905300914,0.0,0.0008449601534772321,0.15261457280161286,0.11686011238685598,0.04840829373235164,0.013523024418550139,0.15059739145096132,0.0,0.0,0.16082186539874704,0.016533265322965215,0.1726934173625389,0.0,0.0012447135176106192,0.025940070242525967,0.0,0.005321732625914326,0.0,0.00022429877867394883,0.0008522800583791134,0.04128536780241514,0.05218545287536401
s10M0123,0.0,0.0,0.0,0.005802758468010779,0.0,0.0,0.0,0.004075250632964485,0.15727640869910278,0.16626048303054347,0.06178437692395117,0.0,0.12670402583903898,0.0,0.0,0.1728330290472856,0.0,0.21156983328616466,0.0,0.0,0.0,0.0,0.013399764168092467,0.0,0.0,0.0,0.05945736982218828,0.020836700082657384
s11M0123,0.0,0.0,0.0,0.012627795873370394,0.0,0.0,0.0,0.0021983420351163155,0.16766417657468635,0.1098043934586571,0.05473407526334118,0.0,0.09450859591243024,0.0,0.0,0.044463342312400574,0.04412597014934256,0.15264163227385424,0.0,0.0037514465776593243,0.0,0.0,0.0,0.0,0.0,0.0,0.07094695189182273,0.2425332776773191
s12M0123,0.0,0.0,0.0,0.01224559857170685,0.0,0.0,0.0,0.0039198631004858375,0.24901123778367704,0.13398731146160214,0.07147787116986756,0.0,0.09331116760538019,0.0,0.0,0.034690320415820534,0.020965627786185183,0.1447785044390412,0.0,0.0032673192417527817,0.002564589068451306,0.0,0.005560445198992184,0.0,0.00029858283721463283,0.0,0.05916600125930005,0.16475556006052267
s13M0123,0.0,0.0,0.0,0.002634629749141233,0.0,0.0,0.0,0.003324433542265147,0.16046293607932605,0.20359003142776444,0.05374570873223023,0.0,0.12158281507902173,0.0,0.0,0.0873664690014431,0.016389314611017888,0.14859578965545958,0.0,0.0,0.0,0.0,0.0,0.0,0.0,0.0,0.05926567043874559,0.14304220168358506
s14M0123,0.0,0.0,0.0,0.011660801975639738,0.006456030940989155,0.0,0.0,0.003211289994072543,0.15015220941054389,0.22340253517312836,0.06182007984508453,0.0,0.11787378728533222,0.0,0.0,0.05670383172645697,0.0,0.19976632070207523,0.0,0.0,0.013393423088447997,0.0,0.0,0.0,0.0,0.0,0.09827930171938094,0.0572803881388484
s15M0123,0.0,0.0,0.0,0.0022117487449868295,0.0017760131008903736,0.0,0.0,0.004921607553643931,0.12943245599369504,0.21039485463639263,0.056541717273171484,0.0,0.11770034456206087,0.0,0.0,0.14140538622563117,0.0,0.22784164356962985,0.0,0.0,0.0,0.0,0.0026769461968847055,0.0,0.0,0.0,0.08242892512162671,0.022668357021386542
s01X0123,0.1285578375162328,0.0,0.0,0.005406334699360453,0.0,0.0006617580864082788,0.0,0.0005209596359305907,0.003049546024180934,0.07505391970600553,0.020762208739535895,0.0,0.03790319466002289,0.0007958337000849554,0.0,0.27703406796230146,0.0,0.26577793102819897,0.008883718043751394,0.0,0.02702137888244771,0.00022892688147496096,0.0,0.0,0.0,0.0010846638870333897,0.14474572104697228,0.002511999500057576
s02T0123,0.08199789597080169,0.0,0.0,0.00017370158084645837,0.0,0.0,0.0,0.00012610852965054415,0.004100954801277617,0.01321913504556455,0.008198960156891243,0.0011589658161525913,0.012777327888599803,0.0,0.0,0.011659877739137335,0.0,0.03904439546060739,0.023730607271096296,0.00017880429370622215,0.7723324988965657,0.00046416448678416255,0.01040538367909386,0.0,0.0007729163668420918,0.00017357224391869133,0.019484729772463828,0.0
s03T0123,0.025008275442004707,0.0,1.9373247283006272e-05,0.0,0.0,0.0,0.0,0.00034125128142875805,0.002515968676863489,0.007031270360183396,0.003652880144555149,0.0,0.004616523074657349,0.0013069314679699632,0.0006027307530324383,0.005589343235392255,0.0,0.019660270109139094,0.028888300995964282,8.554960020584086e-05,0.8857367426330494,0.00011693184029505635,0.005402260631503784,0.0,0.0,0.0006724251894737093,0.008752971316998348,0.0
s05T0123,0.25501436346415574,0.0,0.0,0.0031512897674205913,0.008223113608621064,0.002427938982622883,0.002735555268226247,0.0,0.004343919474809466,0.008565029838836639,0.002697320473086647,0.0,0.009317313522117053,0.0,0.0,0.04529088030311993,0.0,0.05770591096502421,0.041734932260021174,0.0,0.5297424483993737,0.000709714568722144,0.0,0.0,0.0006629188041757442,0.0,0.02767735029966688,0.0
s06T0123,0.10859771763572387,0.0,0.0,0.0,0.005787498836300212,0.001771658357941035,0.00016053751145382912,5.4251124312744194e-05,0.00012689331043444914,0.010029497261457807,0.004090861030974914,0.000735471500681412,0.0027545229995146877,0.0007131266387006837,0.0,0.0375441911527043,0.001880396580125083,0.0378978886207922,0.041158299958289846,0.0,0.7253834325064532,1.7006514623913626e-05,0.0,0.0,0.001324724853696682,0.0019004324468376709,0.0180715911589812,0.0
s07T0123,0.09158878170662403,0.0,0.0003077492149208301,2.55629310302583e-05,0.0004295467274313388,0.0,7.011438523834772e-05,0.0006137959721323666,0.0,0.004742159292900536,0.007470246855978008,0.001340830994526486,0.02314328154801182,0.010437734707681705,0.0,0.03286016403265416,0.00023604485615905124,0.09459206875757889,0.09793920863680618,0.0005638207183192088,0.5676088533266778,0.0004594746060167353,0.005339438024591506,0.0,0.0005827604500385415,0.0015932498435429492,0.057174572033198395,0.0008805403779408909
s08T0123,0.0,0.0,0.0,0.011006203632539928,0.0,0.0,0.0,0.0,0.057471840203564516,0.0,0.00032146069910578994,0.07775093564207047,0.0,0.0,0.0,0.0,0.13847932016190426,0.002651249935216912,0.0,0.02268513372816797,0.0,0.0,0.0,0.0,0.0,0.0,0.06225605477672276,0.6273778012207073
s09T0123,0.0,0.03817354738658365,0.0,0.024739901059608077,0.0016960026287968267,0.0,0.0,0.010519790337506761,0.20392586845095492,0.015536705036803504,0.0375952236530671,0.07695278565190122,0.043462365042496225,0.0,0.0,0.0015850961468706556,0.11326799875823303,0.06415933477321442,0.0,0.002798256870022995,0.018015180844855493,0.00047987891728310076,0.004857661419188368,0.0,0.0014013398252090126,0.0,0.06181307507068377,0.27901998812672085
s10T0123,0.0,0.0,0.0009286591971483504,0.012560831486700624,0.010635613025428021,0.0,0.0,0.008405736406905267,0.17295703157026845,0.07168234672410893,0.07924080335084323,0.0,0.07664318686107724,0.0,0.0,0.012497743045375221,0.0,0.1731422064636899,0.2811313091759551,0.0,0.000620371081528762,0.0,0.007129295307274526,0.0,0.0,0.0,0.09009595148284175,0.0023289148208545706
s11T0123,0.0,0.0,0.0,0.010728547932570255,0.006021380914771907,0.0,0.0,0.0023048969548913633,0.1646575598698087,0.15416774462903032,0.06525094563426306,0.0,0.10442757307696739,0.0,0.0,0.07683274579524761,0.0,0.2400236729433784,0.05166272681504294,0.0,0.003417802094181071,0.0007194489419208781,0.010164541412368338,0.0,0.0004520552366017626,0.0,0.08436262381141672,0.024805733937539286
s12T0123,0.0,0.0,0.0,0.003436734180895702,0.0,0.0,0.0,0.001251070039944906,0.07683351014968857,0.12437497168784976,0.03538843168178829,0.0,0.07099982230005696,0.0,0.0,0.14096833654135818,0.0,0.24693233126021719,0.1855174232352479,0.0,0.0,0.0,0.0,0.0,0.0,0.0,0.08263161499452867,0.03166575392842394
s13T0123,0.0,0.0,0.0,0.0015259548634867582,0.0,0.0,0.0,0.0,0.028555160288873505,0.052363034509839854,0.016591203932580154,0.0,0.006812585740019011,0.0010821763474453468,0.0,0.014365050117051142,0.0,0.06448686788169396,0.7786224696775009,2.9495708573117574e-05,0.0,0.0,0.0,0.0,0.0,0.0,0.029695285429863102,0.0058707155030730705
s14T0123,0.0,0.0,0.0,0.0011300363066435886,0.002481299627291105,0.0011494487013602771,0.0,0.0,0.019234511671022782,0.04938922427756901,0.009707961245124753,0.0,0.0,0.0035123860238868796,0.0,0.0956323660575267,0.0,0.05117785742169762,0.7349470673413576,0.0,0.0,0.0,0.0001584008681792929,0.0,0.0,0.0,0.026234203795385286,0.005245236662955316
s15T0123,0.0,0.0,0.0,0.003040644819661699,0.0,0.0008973713017143847,0.0,0.0,0.0035629384632531714,0.039164195647151435,0.008291060793921246,0.0,0.007040881369742105,0.003834510606145196,0.0,0.08438707999620933,0.0,0.07345743142245142,0.6957009803459374,0.0,0.026070830450193247,0.0,0.0,0.0,0.0,0.0,0.05218307145570487,0.0023690033279146084
s02M0223,0.14618312301436445,0.0,0.0,0.0003433790985862305,0.0,0.0,0.0,0.0008594536359191277,0.0002111057119135334,0.030708409065342564,0.01774981143398567,0.0,0.06369172418425229,0.0,0.00706230284985195,0.17970997867079785,0.01295303256120547,0.38730774085085945,0.032282487472151844,0.0,0.06367191659032612,0.00030080814004695234,0.0,0.004580561473427139,0.0019549663147908824,0.0,0.03876292858773006,0.011666270344448358
s03M0223,0.0,0.0,0.0,3.9627551642432395e-05,0.0,0.0,0.0,5.233277871410096e-06,0.0,0.03262247031655613,0.013817086115428812,0.0,0.036298011854032204,0.0,0.0004997250986524213,0.233815302808633,0.0,0.41036590641270965,0.23049844635650837,0.0006012624589541921,0.02771534210421862,0.0003356160626104016,0.0,0.0,0.0003742673951698766,0.0,0.01301170218701258,0.0
s04M0223,0.1166309175957676,0.0,0.0,0.006783256245470722,0.0,0.001720654999279067,0.0,0.0008556836624870174,0.0,0.05897370424756907,0.02384939526360889,0.0,0.07552358536736636,0.0,0.006375251472808638,0.19217483123842902,0.0,0.36969362641107134,0.034212646417454924,0.0,0.05137111317499384,0.0006049011053482648,0.0,0.0,0.0,0.0,0.061230432798345155,0.0
s05M0223,0.0,0.0,4.7556406762292906e-06,0.0031926042490272146,0.0,0.0,0.0,0.0,0.0,0.04396498486225788,0.014689688813494512,0.0,0.023843905344736613,0.0,0.0,0.11975614722448052,0.0,0.2225645130868316,0.5246158501636735,0.0021214154331822923,0.008948139756414076,3.346570515455417e-05,0.0,0.0,0.0,0.0,0.03626452972007108,0.0
s06M0223,0.07781263770848428,0.0,0.0002869171404124976,0.0045909087043466594,0.0,0.004286519633711645,0.0,0.0016290679899740935,0.0,0.053882190228078074,0.026129552722404116,0.0,0.0914136099458103,0.0,0.00617479578377032,0.1614850353865451,0.0,0.3459397825882904,0.023466875919743314,0.0,0.10922704548886222,0.0007687591863810059,0.0,0.0,0.0017993004246382046,0.0,0.09110700114854779,0.0
s07M0223,0.0,0.0,1.830741888707796e-05,0.005628618193843947,0.0,0.0,0.0,0.0,0.0,0.036879982956320397,0.018445043436475156,0.0,0.04322517008587621,0.0,0.0016965806211499746,0.03684398025688303,0.0,0.2387200090553892,0.5464371040289914,0.0018691607483718854,0.01800061219732032,0.0,0.0,0.0,0.0017348055529174242,0.0,0.05050062544757396,0.0
s08M0223,0.0,0.0,0.0,0.019430054767779318,0.0,0.0,0.0,0.0,0.05089376149833295,0.0,0.0,0.0,0.0,0.0,0.0,0.0,0.1289607371624815,0.0024358116354868987,0.0,0.008374880432073545,0.0,0.0,0.0,0.0,0.0,0.0,0.0622015318737883,0.7277032226300575
s09M0223,0.012062209011910373,0.0,0.0,0.05975975423367201,0.0,0.0,0.0,0.009497501619421747,0.1446798662983639,0.011609014141543285,0.026034065701550833,0.07876555899626779,0.02174828230682461,0.0,0.0,0.007057939976723425,0.09749395952217844,0.06327590349533203,0.02074264704385594,0.004669349773845013,0.0028227304530216196,5.451665574194117e-05,0.0,0.0,0.00029418276329366545,0.001185034845052624,0.10205141002217681,0.336196073139224
s10M0223,0.0,0.0,0.0,0.02133766963097569,0.0,0.0,0.0,0.0043253150991822845,0.17758768754085438,0.1292553388210137,0.0834381236911394,0.01452684049691938,0.09416170386428029,0.0,0.0,0.05266197659459206,0.005761396343671622,0.23207096119465753,0.019718125070203964,0.0,0.00900836995809587,0.0,0.0,0.0,0.0012530612561705069,0.0,0.07004595929703204,0.08484747114121129
s11M0223,0.0,0.0,0.0,0.03823286894558924,0.0,0.0,0.0,0.00417746063010609,0.11794678922393573,0.06324791453459475,0.0325678802648628,0.037401093990516665,0.04550832840779792,0.0,0.0,0.049923109935446235,0.06367638630531272,0.13449664040249784,0.010484274456900387,0.003182479678288386,0.0033261535654805175,0.0,0.0,0.0,0.0,0.0,0.1010771557503487,0.29475146390832185
s12M0223,0.0,0.0,0.0,0.012875572912211976,0.0,0.0,0.0,0.0019649973478666582,0.16198707830472509,0.14836461842414325,0.05114999451680191,0.01020086186439722,0.07967225274787837,0.0,0.0,0.05821053492047715,0.018823474271871372,0.18926441595547425,0.051221588776334266,0.0,0.0035419743377893063,0.00010742634175119308,0.0,0.0,9.993744603744246e-05,0.0,0.05762769161998059,0.15488758021225985
s13M0223,0.0,0.006395834750030315,0.0,0.02143489294902773,0.0,0.0,0.0,0.0004288159059318193,0.1624038472674715,0.12777016182274448,0.07829326212454576,0.010312805473864426,0.08349258547972867,0.0,0.00022044438277140502,0.03670952067636754,0.006074040780699206,0.28455538291883453,0.05971342008225666,0.0,0.0008310276890859038,0.0,0.0,0.0,0.0004524598902399274,0.0,0.03969798709317257,0.08121351071322755
s14M0223,0.0,0.0026321728598994406,0.0,0.026215900104535006,0.0037112131768963367,0.0,0.0,0.00505117156219245,0.12692067904416354,0.12159733007866166,0.060509926149300786,0.011303910940719404,0.09898231291883508,0.0,0.00376815226856424,0.019254504941510556,0.0002730192007188658,0.2435248879267278,0.18070237891106028,0.0,0.007532662538816523,0.0,0.0,0.0,0.0013744568311764922,0.0,0.05154723170870555,0.03509808883751595
s15M0223,0.0,0.0,0.0,0.002515970639319513,0.0,0.0,0.0,0.0012256351734448705,0.03099745290366866,0.06834454385609513,0.021662289326824874,0.0,0.03200754119365602,0.0,0.0004943759593200486,0.040191667619266194,0.0,0.14863412230030054,0.604341256590906,4.517837918902747e-05,0.001483886759567,0.0,0.0,0.0,0.0005925693966982047,0.0,0.04044711181662983,0.007016398085114126
s01X0223,0.0,0.0,0.0,0.0,0.0,0.0,0.0,0.0035822136234167595,0.007530788239222908,0.06576236932941598,0.02678331755915444,0.0,0.0867767090075821,0.0,0.01873444002893928,0.1533984590504845,0.0,0.3468844208497134,0.21414207593274542,0.002943488992614979,0.008711785038113285,7.850136750467938e-05,0.0,0.0,0.0028627663638940088,0.0,0.06180866461719804,0.0
s02T0223,0.0,0.0,0.0,0.0,0.0,0.0,0.0,0.005401087183042428,0.051555990974168735,0.0446736838506557,0.01830737343418033,0.0,0.052659052107143924,0.0,0.0033319814740384967,0.12570188902720872,0.08321856299437418,0.38669951114876416,0.06929545370581049,0.0019309800225297,0.03000308617820084,0.00023213590054890532,0.0,0.013931674087369632,0.00225341344176582,0.0012078933611476955,0.03710678394214573,0.07248944716690438
s03T0223,0.08959678177192272,0.0006341542286501811,0.0,0.00510192383182412,0.0,3.804712161044805e-05,0.0,0.00038590546398563195,0.0,0.056849458809951826,0.022640472232594164,0.0,0.07824698576994699,0.0,0.0038937969413468556,0.14182355164047772,0.0,0.35191221750635443,0.08345029315145708,0.0009297623322226087,0.08986783414776772,0.0005442227607051648,0.0,0.0,0.0019261773961557632,0.003808383643085958,0.06835003124994084,0.0
s04T0223,0.5568800309425321,0.0,0.0,0.0,0.0,0.0006319587693291545,0.0032214913708368425,0.0,0.0,0.0050789829796600424,0.006995528696960399,0.0,0.006748400001669974,0.0,0.0,0.0,0.0,0.01980963977747328,0.06343482883969435,0.0,0.294474769275295,0.00020756855117920185,0.0,0.0,0.001288080274605548,0.002306993843960986,0.038921726676802895,0.0
s05T0223,0.22279822594366258,0.0,0.0,0.0,0.0,0.0005988229157535192,0.00036975652990421074,0.0,0.0,0.014729223526106007,0.012574906313889614,0.0,0.0037169922324463037,0.0,0.0,0.031160952779349597,0.0,0.06787665003508984,0.5541826446672202,3.395502206359926e-05,0.050466513633235593,0.0003583933277268424,0.0050887023016776495,0.0,0.0009189642275432785,0.0009368076948328096,0.03418848884949818,0.0
s06T0223,0.24602474347951014,0.0,0.0,0.002839426378323331,0.0018406285296434363,0.00018142524403092424,0.00010180957141425276,0.0,0.0,0.018501548666184142,0.016868295682187836,0.0,0.004438837752423917,0.0,0.0,0.011856405020268208,0.0,0.06709792006234351,0.5440425675145403,0.0,0.05292425073992546,0.0008656611490495574,0.004069571815438746,0.0,0.0,0.0015350625098552735,0.026811845884860897,0.0
s07T0223,0.0,0.0,0.0,0.0017985247763559426,0.0,0.0,0.0,0.00011622179069975401,0.0,0.05796662121749867,0.01637370126490319,0.0,0.03400690714257758,0.0,0.0,0.2524518553247012,0.0,0.3584234049916875,0.23330714920388979,0.0005389242869429399,0.03749766309934107,0.00033675001711612387,0.0,0.0,5.417140052114532e-05,0.0,0.00712810548376508,0.0
s08T0223,0.0,0.0,0.0,0.058194847355569186,0.0,0.0,0.0,0.0,0.04493284063671809,0.0,0.0,0.0036617893005453555,0.0,0.0,0.0,0.0,0.12363103449001728,0.0014150714249072684,0.0006148770271594692,0.01723284826282716,0.0,0.0,0.0,0.0,0.0,0.0,0.07140326283692816,0.678913428665328
s09T0223,0.0,0.0,0.0,0.1341030232784255,0.0,0.0,0.0,0.0,0.12235671076260779,0.008687677429199736,0.02489114330447121,0.12983013519770883,0.016562905912292175,0.0,0.0,0.008754388087382608,0.11040123189518308,0.05728067326698127,0.001223430338334115,0.005567257040255268,0.0019940283413779738,0.0,0.0,0.0,0.0,0.00313229247895871,0.07169895815482545,0.30351614451199627
s10T0223,0.0,0.0,0.0,0.010699522513563292,0.0,0.0,0.0,0.0017276666724680026,0.055951643301299085,0.11120381825094926,0.05404137749115802,0.0,0.09886840518431751,0.0,0.0,0.14132656924744222,0.0,0.4608605761453587,0.008573646589638235,0.0,0.0076558262754117595,0.0001168927784671562,0.0,0.0,0.0005036235113356233,0.0,0.027131524187368132,0.021338907851223197
s11T0223,0.003354637900337424,0.0,0.0,0.0260665182486664,0.0,0.0,0.0,0.001167108634227789,0.08362175638950307,0.05958039179038102,0.044834570670277345,0.04199264294143431,0.05139780172832413,0.0,0.005566954173305868,0.06446676160531636,0.05383048519350372,0.28439527940740467,0.01934177196539644,0.0009023961753638232,0.004417852706059391,0.0005003612627682306,0.0,0.0,0.00031002132891383503,0.0,0.03617049777933557,0.2180821900994808
s12T0223,0.32319535197068877,0.0,0.0,0.010563430984588257,0.0039605339989643796,0.0,0.0003620716884148045,0.004244990839976591,0.05779750871259845,0.023935376637443675,0.028540534099182547,0.05933363433617215,0.04446609027118464,0.0,0.010153974338056593,0.040439738655106285,0.01751449167964549,0.15632070716460722,0.01829390430316119,0.0,0.01716568736857406,0.00323518533477454,0.0,0.0,0.0022587349169756288,0.0,0.04768629610861757,0.13053175659126723
s13T0223,0.0,0.0,0.0,0.007103111784028265,0.0,0.0,0.0,0.00035957524014223227,0.06799600512063397,0.09799577289559362,0.055032653932070574,0.0,0.07855515661287485,0.0,0.007133068398828953,0.154533977144723,0.005787931560546682,0.3938695750940577,0.01955075483613092,0.0,0.0,0.00032857103895443435,0.0,0.0,0.00028703681045470374,0.0,0.029874993420543224,0.08159181611041674
s14T0223,0.0,0.0,0.0,0.007248883910149529,0.0,0.0,0.0,0.0,0.07444245839559319,0.11561472643358417,0.047358823922655974,0.0044853927602295845,0.08286596194198116,0.0,0.006843059229566399,0.1522478762045615,0.004274995532425101,0.3187764803124483,0.09750614025753279,0.0,0.0013824950681149298,0.00036476397659829,0.0,0.0,0.0006243001006632289,0.0,0.023887552946340446,0.062076089007555436
s15T0223,0.0,0.0,0.0,0.0044421108229392645,0.0,0.0,0.0,0.001302363205483353,0.03912284829825118,0.08418639676409659,0.028454446624547585,0.0,0.06079888358622875,0.0,0.0,0.2919072822445573,0.0005677682182846094,0.3171978055543233,0.13442405310797467,0.0,0.0014004799840037563,0.0004420463130857226,0.0,0.0,0.0006281954476015207,0.0,0.0093406222356477,0.025784697592974682
s02M0323,0.0,0.0,0.0,0.0,0.0,0.004137034614420911,0.0,0.0008592479044260648,0.0,0.12094428266099465,0.027196760921476708,0.0,0.06679710483506585,0.0,0.0,0.20534001725264148,0.0,0.49961202876495153,0.01070570177953398,0.0,0.06299037888451785,0.0008625967692598415,0.0,0.0,0.0,0.0,0.0005548456127112437,0.0
s03M0323,0.0065772897136070745,0.0,0.0,0.0,0.0,0.0,0.0,0.0013434321138984851,0.0,0.12899400266721486,0.021227573780606822,0.0,0.05115569627835884,0.0,0.0004564166871876537,0.22616920349438915,0.0,0.4933423470277561,0.03565321492241865,0.0,0.03337972302167507,0.0011415625475934324,0.0,0.0,0.0005595377452939049,0.0,0.0,0.0
s04M0323,0.639079916783971,0.000710911569051034,0.0,0.0,0.0,0.0,0.0017165038401350237,0.0,0.0,0.030990638036416215,0.01206456124797512,0.0,0.02016367950470119,0.0,0.0,0.02176126289734203,0.0,0.15169721038909023,0.04261446252232802,0.0,0.03024080322023119,0.0023463175074683058,0.01406826222387377,0.0,0.0,0.0006877595860909787,0.03185771067132573,0.0
s05M0323,0.5052168893752789,0.0006792452529648646,0.0,0.0010813763938784366,0.0,0.0004787002428151247,0.0005663712338357254,0.0,0.0,0.0378795811871387,0.014112303418731268,0.0,0.03131046238914979,0.0,0.0,0.075621566248842,0.0,0.18504506653201752,0.0469778587307119,0.0,0.046402884383515745,0.001802593541992998,0.023567449279359717,0.0,0.0,0.0,0.029257651789767403,0.0
s06M0323,0.11421609606337156,0.0,0.0,0.0006041188591003177,0.0,2.7883136174773518e-05,0.0,0.0023841922862305374,0.002117401087820374,0.07747358298252022,0.017707063028393,0.0,0.017419053450178267,0.0,0.0,0.15396129422881566,0.0,0.34809475174723514,0.24692916637583612,0.0,0.018114860321065327,0.0009505364332587974,0.0,0.0,0.0,0.0,0.0,0.0
s07M0323,0.11899857903474684,0.0,0.0,0.00035236064273047883,0.0,0.0022554824667763403,0.00013540354247523013,0.0,0.0,0.048822782235139466,0.011222254740802858,0.0,0.020814588395180092,0.0,0.0,0.10993458697345584,0.0,0.24436518215601025,0.3976335797928425,0.0,0.03687861814054466,0.0011242134166485841,0.0,0.0,0.0,0.0,0.007462368462646877,0.0
s08M0323,0.0,0.0,0.0,0.04562421090298103,0.0,0.0,0.0,0.0,0.04020246933195316,0.0,0.0,0.07812223660097785,0.0,0.0,0.0,0.0,0.11148990813368743,0.0008004035987056237,0.0,0.006005873387200561,0.0,0.0,0.0,0.0,0.0,0.0,0.053874992028054895,0.6638799060164394
s09M0323,0.0,0.0,0.0,0.08693345244346012,0.0,0.0,0.0,0.0,0.0418277212028576,0.0,0.0004829006032316918,0.039583021248342155,0.0,0.0,0.0,0.0,0.10253522853190587,0.007000620945844571,0.0005443050802237559,0.003949214490881464,0.0,0.0,0.0,0.0,0.0,0.0,0.06258675441843503,0.6545567810348177
s10M0323,0.0,0.0,0.0,0.02003611375744847,0.0,0.0,0.0,0.0,0.06352614982844401,0.06130427551504192,0.03464417832613886,0.0116997106281169,0.06708421655856914,0.0,0.0003758801700367144,0.1511296122705662,0.021679088563001447,0.39066348776731913,0.004571497064030812,0.0009888874033028674,0.0011880303838802055,0.00029704322775707517,0.0,0.0,0.0,0.0,0.01911938720078974,0.15169244133555657
s11M0323,0.0,0.0,0.0,0.05459256163537192,0.0,0.0,0.0,0.0,0.05693507114754394,0.02916232021466888,0.026027138330374216,0.02358880147602513,0.03791326190126109,0.0,0.0018268567442015844,0.09387297324130695,0.05877337208331096,0.2253531324045623,0.00547546737065621,0.004184889466380492,0.0,0.0,0.0,0.0,0.0,0.0,0.03821291355356429,0.344081240430772
s12M0323,0.0,0.0,0.0,0.04370202107568861,0.0,0.0,0.0,0.0,0.06950432180694831,0.0425110290115417,0.023705509350096708,0.019385297650088822,0.04673973583938395,0.0,0.004282023981063388,0.09022439824056988,0.04973743630642864,0.2472276456487943,0.021983268776254478,0.0008541256631176073,0.0,0.00013338508829722944,0.0,0.0,5.6203986262015264e-05,0.0,0.0376450374159931,0.3023085601594714
s13M0323,0.0,0.0,0.0,0.038097828491095755,0.0,0.0,0.0,0.0,0.05092886934696237,0.028444435622794445,0.021180114125661776,0.01473744576223485,0.023483126308431183,0.0,0.0,0.06068608874941708,0.03257388166205416,0.18709997878480827,0.31838519008110877,0.0014463674811170423,0.0,2.8936702576160836e-05,0.0,0.0,0.0,0.0,0.026492851798919838,0.19641488508281832
s14M0323,0.0,0.0,0.0,0.023645381895298054,0.0,0.0,0.0,0.0,0.06116869985707099,0.05318430594136543,0.031593240142939766,0.0,0.03888939094361904,0.0,0.004327745969274371,0.09403590486776901,0.017590897723639094,0.3597763968815507,0.16589425119982248,1.4125038760866764e-06,0.0,0.0,0.0,0.0,0.0,0.0,0.01727373228930549,0.1326186397844694
s15M0323,0.0,0.0,0.0,0.00714621162959804,0.0,0.0,0.0,0.0016785893903935312,0.02934511720158392,0.08039218063526862,0.02614920026459196,0.001141426585271102,0.07046810574464456,0.0,0.008176892972474915,0.12775498270649957,0.002831850846556065,0.38597956808159545,0.20553615705300077,0.0,0.0029528257274745733,0.0,0.0,0.0,0.0012532942572403903,0.0,0.012755680323460163,0.03643791658034658
s01X0323,0.08749991841912355,0.0,0.0,0.0009745750457675535,0.0,0.0,0.0,0.002081375646378091,0.0,0.048243684894704084,0.016237941667935362,0.0,0.05965843076280738,0.0,0.01028920563981668,0.22036215263480707,0.0,0.5020644646452912,0.038700486219498946,0.0,0.003298080740695215,0.0008999027324329688,0.0,0.0020648938184297935,0.0024902029138586155,0.0,0.005134684218453412,0.0
s02T0323,0.0,0.0,0.0,0.0003742216271915223,0.0,0.0,0.0,0.0009730923791481792,0.0,0.04044113686815951,0.013291328556032904,0.0,0.06373658269976039,0.0,0.0035445769777428067,0.3383079514957214,0.0,0.5216039339590545,0.016950807203114447,0.0,0.00010824214935294338,0.00038339099383669594,0.0,0.0,0.0002847350908846286,0.0,0.0,0.0
s03T0323,0.059439150802355074,0.0,0.0,0.0010099181261907983,0.0,0.0,0.0,0.0011157848562614804,0.0,0.056275864952585616,0.014836439529679512,0.0,0.03542126996657824,0.0,0.0003064410563805414,0.2368296201716828,0.0,0.459225213578936,0.12450881234061896,0.0,0.008584292705842284,0.0007375366123931247,0.0,0.0,0.0,0.001709655300495571,0.0,0.0
s04T0323,0.0,0.0,0.0,0.0,0.0,0.0,0.0,0.0010012364149446483,0.0,0.0363155804035411,0.007356160084111332,0.0,0.00622462199001757,0.0,0.0010358345804902108,0.2002479945970763,0.0,0.19356889937608424,0.5451398031484471,0.0,0.005172971719980695,0.0003123629564785705,0.0,0.0,0.0,0.0,0.0036245347288283154,0.0
s05T0323,0.11992906967925446,0.0,0.0,0.0014678794285851481,0.0,0.004480143666644517,0.0,0.0003343844152661571,0.0,0.029284048175479895,0.009633509817269228,0.0,0.026562473351817533,0.0,0.0,0.1228912579067131,0.0,0.1666676358160716,0.47727761696874094,0.0,0.01326013972187458,0.0006678283423903272,0.009614228169483503,0.0,0.00015711785200642528,0.0,0.01777266668840267,0.0
s06T0323,0.41506597797371764,0.0,0.0,0.0,0.0,0.0002626729846510234,0.0005476204230371653,0.0,0.0,0.022869141508379452,0.008837516441703521,0.0,0.02264214798299577,0.0,0.0,0.08168879722646065,0.0,0.13791577897674234,0.22512098853812443,0.0,0.03677330590843912,0.0011680311893534998,0.019235438918547274,0.0,0.0010473573293511443,8.146548791703712e-05,0.02674375911058016,0.0
s07T0323,0.06618307326267214,0.0,0.0,0.0006444424044807655,0.0,0.00042214037691494586,0.0,0.00018575272620483294,0.0,0.030213235863786037,0.008029903656167518,0.0009285557467461581,0.00961848409961684,0.0,0.0,0.11457156811335507,0.0,0.16236001587206286,0.5920111727859197,0.0,0.005554117118894599,0.0004655532647919191,0.006482044743441023,0.0,0.0010412911120323495,0.0012886488529129689,0.0,0.0
s08T0323,0.0,0.0,0.0,0.1292271700605117,0.0,0.0,0.0,0.0,0.031714371387642215,0.0,0.0,0.026182357501157393,0.0,0.0,0.0,0.0,0.09441183561494496,0.0,0.0021256197346692656,0.008813974799830102,0.0,0.0,0.0,0.0,0.0,0.0,0.06573459345792437,0.6417900774433201
s09T0323,0.040437468872039646,0.0,0.0,0.06187307359131722,0.0,0.0011044760923574544,0.0,0.00019363873573049987,0.05641373731166928,0.002691225962088928,0.004191477268919042,0.058683441997920964,0.009509432385690906,0.0,0.019354030752545243,0.012936395859090835,0.1018788615850401,0.04014479627078764,0.0,0.004419934852401466,0.0,0.0,0.0,0.0,0.0,0.0012628198746999796,0.05935190433992804,0.5255532842477727
s10T0323,0.0,0.0,0.0,0.03023683745730298,0.0,0.0,0.0,0.001267449799752211,0.03924683363593965,0.035085326327282035,0.023364659858039177,0.014414095181303724,0.05798017307615297,0.0,0.0054974873141897355,0.22161914950787331,0.023483380233423702,0.35913326841927806,0.006568158781266997,6.14750706139161e-05,0.0,0.0002603921213348198,0.0,0.0,0.0,0.0,0.02901576125777663,0.15276555195847002
s11T0323,0.02690145895313323,0.0,0.0,0.050585459895018156,0.0,0.0,0.0,0.0,0.04623675330074271,0.023236846156175415,0.015335855327707855,0.0306143943304793,0.03981046709114002,0.0,0.0012293862230435724,0.11581086127057773,0.05706017827112127,0.2285535504333409,0.005700806405123381,0.0026698378712777873,0.0,0.0,0.0,0.0,0.0,0.0,0.04361654935774527,0.3126375951133734
s12T0323,0.07895374506689239,0.0,0.0,0.036487195758534784,0.0,0.0,0.0,0.0007658075739733443,0.038000814244843445,0.03724347765368105,0.01699429216226523,0.011482845630578092,0.0346264987521388,0.0,0.010811361942260227,0.1841436577629471,0.027222918674928657,0.2873199382359495,0.03041224842309923,0.0,0.0,0.00027095639637186733,0.0,0.0,0.0,0.0,0.014077865634828242,0.191186376086708
s13T0323,0.0,0.0,0.0,0.02554582936865002,0.0,0.0,0.0,0.0,0.0376905029727515,0.058363282239510685,0.023493625298974908,0.005722571680005697,0.05033890740173184,0.0,0.0,0.2048040756236739,0.018317381372407477,0.40714234477682437,0.04801496742091609,0.0,0.0,5.367315662348398e-06,0.0,0.0,0.0,0.0,0.0,0.12056114452889123
s14T0323,0.0,0.0,0.0,0.013849276501668915,0.0,0.0,0.0,0.002221411895988934,0.04425052398406648,0.0689226924497112,0.024008615831841666,0.0,0.04331035690425854,0.0,0.01161135510244741,0.0953107892857533,0.013333258672462227,0.3250359333784256,0.25567654558559294,0.0,0.0,0.00038760533619852357,0.0,0.0,0.0,0.0,0.0020529497655783053,0.1000286853060059
s15T0323,0.0,0.0,0.0,0.015422192495722064,0.0,0.0,0.0,0.00120831327667043,0.02324505691999258,0.06761377638251284,0.01815069896283409,0.0004598515881783694,0.07926726511131191,0.0,0.004030037017484859,0.2527968022513483,0.005080295617275069,0.42416484657954096,0.04741196806622543,0.0,0.0,3.618281816721747e-05,0.0,0.0009718044576982193,0.0009414445986979368,0.0,0.004554079990152697,0.05464538386618676
s02M0423,0.3795456241404592,0.0006440948340907746,0.0001438451417993118,0.0016267630757368437,0.0,0.0,0.0,0.00035757633226738805,0.0,0.0067030991672863685,0.008180512945381765,0.000971939367471619,0.06609311633774471,0.0,0.0,0.21152815552912377,0.00037930425671175224,0.20221642053302896,0.01116897942732941,0.0,0.008698037083203564,0.0015178817725618379,0.017808903696055197,0.0,0.0005737911170067862,0.0,0.08148684291308689,0.00035511232965378597
s03M0423,0.22970842623429225,0.0016506443573450931,0.0,0.0026125800016822184,0.0,0.0,6.179610772505344e-05,0.0,0.0,0.028324758163820664,0.012798949558501851,0.0005031053277060177,0.07252129574304485,0.0,0.0,0.24421919272202353,0.0,0.23272791312950747,0.05583256953636311,7.383592402176916e-05,0.029760889667175393,0.001532113006658172,0.00042245623436834784,0.0,0.0013362847057422193,0.0025312708917994806,0.08338191868822238,0.0
s04M0423,0.8506972014122767,0.0011046413150532283,0.0,0.0,0.0,0.0,0.004377413071318232,0.0,0.0,0.0,0.0009096182387821042,0.0,0.002777707238458977,0.0,0.0,0.0,0.0,0.0,0.0040430223582526926,0.0,0.04834048567226395,0.0017718526993961003,0.03863001538680096,0.0,0.0037829982146998535,0.004084285999515284,0.03948075839318215,0.0
s05M0423,0.6297573867353474,0.00036644011086082437,0.0,0.0,0.0,0.0,0.0013677137065343323,0.0,0.0,0.009969447572578654,0.008405188523397505,0.0,0.025560404580945623,0.0,0.0,0.014574191764498107,0.0,0.07008262985301404,0.12831747281963696,0.0,0.023598708388448183,0.0017971964045826125,0.019289855733039176,0.0,0.0005923270387771917,0.004221898229247687,0.06209913853909145,0.0
s06M0423,0.21241032627672649,0.0,0.0,0.0030735888227722066,0.0,0.0,0.0,0.0,0.006296652747024507,0.030499972094370772,0.007401024356673813,0.0,0.011990318633722762,0.0,0.0,0.16276356446339055,0.0,0.1397657467388695,0.39007032285432053,1.0029036522979414e-05,0.007972249015855231,0.00111028000834991,0.002963004629128956,0.0,0.0,0.0010980643407236515,0.019324102760030194,0.0032507532215181136
s07M0423,0.26478560217808167,0.0,0.0,0.007638121785113987,0.00017976198584830226,0.004157166063854553,0.0006518110138730368,0.0029129975069107556,0.0,0.056199007307226746,0.0,0.001655257807642368,0.017883113916998615,0.0,0.0,0.41266248248906356,0.001200567654063599,0.005543878149903611,0.1763863247385897,0.0,0.007992183826565658,0.0009473141363330728,0.0,0.0012980069309442945,0.0019237077924966748,0.0022769966826838854,0.029460879982695157,0.0042448180511106895
s08M0423,0.0,0.0,0.0,0.08335457410440922,0.0,0.0,0.0,0.0,0.03443636260864523,0.0,0.0,0.06123779390227557,0.0,0.0,0.0,0.0,0.1086353846856,0.0003045397811017813,0.0,0.00996874562617125,0.0,0.0,0.0,0.0,0.0,0.0,0.046779321033951216,0.6552832782578457
s09M0423,0.0,0.0,0.0,0.16092196714813573,0.0,0.0,0.0,0.0,0.043214423420121696,5.5555364018130166e-05,0.0020789632609419404,0.09700738174019205,0.001198472355179017,0.0,0.0,0.0,0.10901002283561916,0.009539532945533986,0.0,0.006803170556927195,0.0,0.0,0.0,0.0,0.0,0.002634434621002809,0.061925505365205906,0.5056105703871224
s10M0423,0.0,0.0,0.0,0.1503854559609597,0.0,0.0,0.0,0.0,0.04620961021802777,0.0006504056715603896,0.0033867219058354697,0.07813040016676404,0.005768928828447222,0.0,0.0,0.0,0.09937450991988561,0.01299873030095988,0.003062528562526507,0.0035621273521316307,0.0,0.0,0.0,0.0,0.0,0.0,0.06492917307546958,0.5315414080374321
s11M0423,0.0003529969895920526,0.0,0.0,0.13805406897533148,0.0,0.0,0.0,0.0,0.04291231052593376,0.0,0.003527494614210093,0.09131816037964856,0.002357821672806952,0.0,0.00659752501726106,0.0,0.08687104365147028,0.0076012097425615125,0.009925717532642769,0.002568466034659446,0.0,0.0,0.0,0.0,0.0,0.0005090330941059598,0.06407578090447696,0.5433283708652991
s12M0423,0.018236458789830684,0.0,0.0,0.17042924486605873,0.0,6.946559992413337e-05,0.0,0.0,0.03875101973262988,0.0008446249406265354,0.0001577666983125438,0.0786732026669914,0.0002891684311758306,0.0,0.010790633468762249,0.0,0.09361176116997799,0.0005511716483586449,0.02988637962577327,0.0022375422390523455,0.0,0.0,0.0,0.0,0.0003241291687691056,0.0006917989982759202,0.05840637915249588,0.4960492528029849
s13M0423,0.0,0.0,0.0,0.1719034305844552,0.0,0.0,0.0,0.0,0.08043818563578112,0.0006916368457455772,0.008208810235665177,0.12443418877495233,0.016662639899144977,0.0,0.0,0.0,0.10667135622721742,0.03829334272828063,0.07663233394221663,0.003989401360465457,0.0,0.0,0.0,0.0,0.00044191671871079096,0.0,0.043881185480890206,0.32775157156647444
s14M0423,0.0,0.0,0.0,0.08115183817708287,0.0,0.0,0.0,0.0,0.0692427681547518,0.02948567311859928,0.010246083106916793,0.0,0.040595272437326003,0.0,0.0,0.08396886375501392,0.06796551773476844,0.1685163266937708,0.0827146056177136,0.0022383243136673554,0.0,0.0,0.0,0.0,0.0,0.0,0.03356137662817392,0.3303133502622155
s15M0423,0.0,0.0,0.0,0.090423497448825,0.0,0.0,0.0,0.0,0.05418704769560733,0.0007110125483095639,0.005177179081014226,0.06289555865714702,0.006721515967683786,0.0,0.006675593649915336,0.0,0.10342744086734026,0.013944193308744534,0.009331020091741117,0.0024708154527595455,0.0,0.0,0.0,0.0,0.0,0.0,0.07942396910451978,0.5646111561263925
s01X0423,0.35069798715793676,0.0,0.0,0.0,0.003350244544477519,0.0,0.0,0.0,0.0,0.026475611550155296,0.0067949230483526244,0.0007108749050497505,0.05516859023602835,0.006491758090447347,0.0,0.22697920508454017,0.0,0.1333517406766282,0.028021274294506838,0.0005389781081016524,0.0,0.0012015883260258291,0.0,0.0,0.0,0.003083042418336863,0.15677372835691927,0.0003604532024935103
s02T0423,0.23084054547923183,0.0,0.0006055225232098748,0.0,0.0,0.0,0.0,0.0,0.0,0.0,0.0,0.0,0.06143981583221562,0.1619274297119713,0.0,0.05908259787492932,0.00038632822123236437,0.0,0.02271276599728034,0.0013425211185237056,0.0,0.00017494770828786475,0.0,0.0,0.0,0.0,0.4526908403768231,0.008796685156294634
s03T0423,0.3019323349395193,0.0008444992406247939,0.0002376185069602094,0.0,0.0,0.0,0.0,0.0,0.0,0.0,0.0,0.0,0.031600392529352477,0.2456364420369795,0.0,0.03133683019659127,0.0,0.0,0.02052063242211847,0.0029421183329469574,0.1396257811215111,0.0006077524061545688,0.0,0.0,0.0,0.0,0.22368539264118736,0.0010302056260538812
s04T0423,0.5487132140070514,0.0,0.0004509808235189664,0.0,0.0,0.0,0.0,0.0,0.0,0.0,0.0,0.0,0.0318704291794457,0.06040095213957057,0.0,0.013382398325129278,0.0,0.0,0.04931197335984431,0.0015746638039972525,0.015273632363597855,0.0020859236068474303,0.0,0.0,0.0,0.0,0.27167084538590996,0.005264987005087351
s05T0423,0.7201704533850731,0.0004592781218857309,0.0,0.0,0.0,0.0,0.0,0.0,0.0,0.0,0.0,0.0,0.01641010410210611,0.0399173083565736,0.0,0.0,0.0,0.0,0.030476940787150724,0.0010380237288856256,0.00287029746888458,0.0023181300915186996,0.0044499471599450694,0.0,0.0,0.0011082844519792936,0.18078123234599736,0.0
s06T0423,0.6789456542302702,9.888840749547018e-05,0.00038961736093352583,0.0,0.0,0.0,0.0,0.0,0.0,0.0,0.0,0.0,0.019996475758821367,0.05308795750318224,0.0,0.014539572161025863,0.0,0.0,0.0183396845537104,7.583260651162483e-05,0.0018543611295008598,0.001724668314322884,0.0025017741759307205,0.0,0.0,0.0,0.20776259803799627,0.0006829157602985697
s07T0423,0.16724655076378583,0.0,0.0004900266037760921,0.0,0.0,0.0,0.0,0.0,0.0,0.0,0.0,0.0,0.03546790405040043,0.2117680269116946,0.0,0.03980521338059759,0.0,0.0,0.22375006746391277,0.00039597024251868557,0.0,0.000600133560604617,0.0,0.0,0.0,0.0,0.3179885722899179,0.0024875347327914426
s08T0423,0.0,0.0,0.0,0.10923104087467829,0.0,0.0,0.0,0.0,0.019333582288976293,0.0,0.0,0.0015712484470497019,0.0,0.0,0.0,0.0,0.0951901017287316,0.0,0.000456078000180319,0.0021858110160073566,0.0,0.0,0.0,0.0,0.0,0.0,0.05772559493980449,0.7143065427045718
s09T0423,0.0,0.0,0.0,0.17278819913369053,0.0,0.0,0.0,0.0,0.029865552971819115,0.0,0.00022102009144946014,0.1564755869225895,0.0,0.0,0.006329069229899149,0.0,0.09168024463133306,0.0,0.0,0.0034194800216149346,0.0,0.0,0.0,0.0,0.0012147723093030678,0.0,0.052060147922809455,0.4859459267654917
s10T0423,0.1264816758433642,0.0,0.0,0.18482625755112772,0.0,0.0,0.0,0.0,0.08258776418835359,0.001490761865527858,0.013335392240858416,0.22666176151794176,0.015343246045811738,0.0,0.030200723380695186,0.0,0.06555991179538315,0.04007127946618267,0.005009646487811975,0.004512085107728682,0.0,0.0,0.0,0.0,0.0037856485988919703,0.0009753862117884394,0.033688826543582275,0.16546963315495047
s11T0423,0.0,0.0,0.0,0.14657167631031698,0.0,0.0,0.0,0.0,0.03156313264264615,0.0,0.0,0.04931628843890109,0.0,0.0,0.0,0.0,0.10162336502413614,0.001788064976690189,0.0012792284121739988,0.0012429606505422789,0.0,0.0,0.0,0.0,0.0,0.0,0.06267909240800815,0.603936191136585
s12T0423,0.0,0.0,0.0,0.13007866959699457,0.0,0.0,0.0,0.0,0.04576958079675884,0.0,0.00022742033375431145,0.03972129480673582,0.003155238377275474,0.0,0.0,0.0,0.10969730338293968,0.01051215864685568,0.009746897345487306,0.0049958471029466454,0.0,0.0,0.0,0.0,0.0,0.0,0.07450068555586233,0.5715949040543895
s13T0423,0.0,0.0,0.0,0.06484500331645451,0.0,0.0,0.0,0.0,0.05288693744779293,0.0032780503377707526,0.0035122559775065793,0.01879343023338779,0.012527976716677366,0.0,0.0,0.016318270445014153,0.09595267544607564,0.033322461039032296,0.08535301536900713,0.005077274371505141,0.0,0.0,0.0,0.0,0.0,0.0,0.05242040869745301,0.5557122406023228
s14T0423,0.07114149934871536,0.0,0.0,0.0057864061935619,0.0,0.0,0.0,0.001610454088523725,0.017694988941681845,0.01699233782915164,0.0032399098491461267,0.0005648578735406797,0.031797115276198724,0.1079289784638183,0.0,0.12102743255669303,0.004685918540653546,0.045130592851408906,0.37567276049943293,0.0013488106841660914,0.0,0.0004976057971147006,0.0,0.0,0.0,0.0,0.15709626479645644,0.03778406640973613
s15T0423,0.0,0.0,0.00029230831512635976,0.0,0.0,0.0008880857009384347,0.0,0.0,0.0,0.0019312343784082745,0.0,0.0,0.07188290908847177,0.28032888591049976,0.0,0.11729832767258387,0.0,0.0,0.1261340265173242,0.001190637242368161,0.0,0.0,0.0,0.0,0.0,0.0,0.39214199006987394,0.00791159510440523
s02M0523,0.47647380756744206,0.00027448225082034257,0.0005026401790621115,0.0,0.0,0.0,0.0,0.0,0.0,0.0,0.0,0.0,0.03942944572236428,0.13066143548974063,0.0,0.06523316948124523,0.0,0.0,0.007056333085647442,0.001677700185980507,0.0016434557911593531,0.0007982522906952419,0.0,0.0,0.0,0.001176044577440361,0.2750732333784024,0.0
s03M0523,0.6876650100231899,0.0022044006454761786,0.0005126788252312714,0.0,0.0,0.0,0.0017030819323327437,0.0,0.0,0.0,0.0,0.0,0.024070192878135152,0.04992946706871628,0.0,0.0,0.0,0.0,0.001330127224126501,0.0,0.048064593903779075,0.0019707259462395776,0.007039120631393229,0.0,0.0,0.003347905472210407,0.17163543249456173,0.0005272629546080316
s04M0523,0.6869990496261299,0.0014923678502159422,3.9962263098261786e-05,0.0,0.0,0.0,0.0,0.0,0.0,0.0,0.0,0.0,0.025933497202015425,0.0551896032706149,0.0,0.017364327690972833,0.0,0.0,0.0006598440595036017,0.00014327310126249188,0.008099586435544535,0.0017626867116206722,0.007905159890341644,0.0,0.0,0.0017624864887893148,0.19069229426885345,0.001955861141037171
s05M0523,0.6317648285817329,0.0,0.0,0.0,0.0,0.0,0.0,0.0,0.0,0.0,0.0,0.0,0.02259400876101992,0.04676468782051899,0.0,0.0247033971969417,0.0,0.0,0.07244172665365081,0.00014352176167280268,0.0,0.0016674889970402767,0.002228897567318799,0.0,0.0,0.0012352499021617235,0.19500538309359902,0.0014508096643429213
s06M0523,0.6385531060054843,0.0006272155939487521,0.0004934158844205987,0.0,0.0,0.0,0.0,0.0,0.0,0.0,1.2596563137814078e-05,0.0,0.029825624443962473,0.05207034542193762,0.0,0.020659238171724083,0.0,0.0,0.03483999183589234,0.0006429272284217451,0.005757608616593924,0.0023088517503817136,0.00379894333745985,0.0,0.0,0.001045247389061156,0.20789186239363358,0.0014730253639402035
s07M0523,0.22268444111000166,0.0,0.0009084519640699156,0.0,0.0,0.0013910283509539914,0.0,0.0,0.0,0.0,0.0,0.0,0.04456318798757608,0.05384502932204075,0.0,0.18644481608738714,0.0,0.0,0.044115911051858435,0.0008529508022751644,0.0,0.0,0.0,0.0,0.0,0.00405127268243937,0.4363880062025028,0.004754904438894547
s08M0523,0.0,0.0,0.0,0.13609362585688953,0.0,0.0,0.0,0.0,0.015046673705270313,0.0,0.0,0.0470537284413319,0.0,0.0,0.0,0.0,0.08589336424128309,0.0,0.002353549814326916,0.0007317976632058605,0.0,0.0,0.0,0.0,0.0,0.0,0.053910278678351846,0.6589169815993405
s09M0523,0.0,0.0,0.0,0.1157649782880185,0.0,0.0,0.0,0.0,0.03831038784362496,0.0,0.0012063714439768615,0.0699247164230941,0.002368312159702932,0.0,0.0,0.0,0.09675185050428364,0.003616583043074814,0.004229697992450013,0.0068302597036135684,0.0,0.0,0.0,0.0,0.0,0.00031328144680302605,0.040403273082235826,0.6202802880691217
s10M0523,0.3210817203188944,0.0,0.0,0.05829537944174825,0.002227269965893383,0.0,0.0,0.0002521693412842748,0.1696439275434681,0.0,0.037974144775587616,0.040416701976256846,0.03978149632983507,0.0870945431246857,0.02844737901761238,0.0,0.0,0.027546420732100212,0.035236556537053036,0.005431266985897445,0.0,0.0007322443611076863,0.0,0.0,0.002160882556265098,0.00661438101210757,0.12014759128032859,0.016915924699874213
s11M0523,0.06003285117903937,0.0,0.0,0.062226723566356015,0.0,0.0,0.0,0.0,0.08787300900584814,0.025684624500836802,0.020814502912334908,0.021311214964208812,0.10330228388839431,0.02381825326537176,0.002019192836409693,0.07752074538464249,0.03364706033648781,0.16231274790858669,0.005518891264820413,0.0014842929435462332,0.0,6.586499315257009e-05,0.0,0.0,0.0,0.0,0.10323151199910793,0.20913622905085613
s12M0523,0.15089802929939736,0.0,0.0,0.03353941480520915,0.0,0.0013667626812021688,0.0,0.0,0.09404401954666582,0.013764144894000574,0.012865693980616917,0.05435095229602735,0.08984546338534598,0.015798508517503577,0.014142731591003432,0.05930245573950908,0.03745624069968281,0.07775268087555659,0.0333323955585927,0.005005974759815338,0.0,0.0007172899955827815,0.0,0.0,0.001755395728707594,0.0,0.09537595097437081,0.20868589467120993
s13M0523,0.0,0.0,0.0,0.03686717755709444,0.0,0.0,0.0,0.0,0.0996491624285007,0.04396350284524273,0.021424256275124554,0.002345696938690134,0.12658821808346468,0.009776056139899377,0.018108320408660554,0.07597022323970001,0.020555675353395,0.2229138235590671,0.0,0.0,0.0,0.0,0.0,0.0,0.0,0.0,0.13776032361104046,0.18407756356012028
s14M0523,0.021918392745187854,0.0,0.0,0.0,0.0,0.0005791037368854834,0.0,9.673176341086319e-06,0.04235858451746747,0.04726547340862606,0.013814689858596458,0.0,0.13235333996693668,0.0713111841856922,0.006606503721900458,0.11163718000610538,0.003200337648397124,0.11381724705256029,0.0161210294747256,0.0,0.0,0.00012163919594796515,0.0,0.0,0.0,0.0,0.36052194267718074,0.05836367862744909
s15M0523,0.06415690736857077,0.0,0.0,0.0,0.0,0.0,0.0,0.0025733524259193012,0.01841980008560939,0.01630526165235722,0.005488807259752745,0.001461853934406544,0.11467725001465107,0.09149395203734759,0.007471873123310591,0.11287605322976987,0.001278711707868529,0.06275491261915876,0.04001383610014433,0.0011579655556929376,0.0,0.0,0.0,0.0,0.0,0.0,0.4276267070126151,0.032242755872825296
s01X0523,0.31389574495639033,0.0013046868165411955,0.0004185882251264661,0.0,0.0,0.0,0.0,0.00025300543468069985,0.0,0.0,0.0025546732189790145,0.0,0.066103806892899,0.14876984354546388,0.0,0.0817217601752793,0.0,0.05320444747759225,0.06359312728503029,0.002025638629911543,0.0,0.000463417971729842,0.0,0.0,0.0,0.0,0.26344794160698637,0.0022433177633898994
s02T0523,0.2592091879214951,0.0,0.0,0.0,0.0,0.0,0.0,0.001787818437184407,0.0,0.034808034812024075,0.007153012801901349,0.00042472047041567425,0.08960082317522465,0.07045733571094348,0.0023058474081621007,0.17650629566059278,0.008845941671187569,0.13808449808355733,0.0,0.0020295240842647735,0.0,0.0014326621371462574,0.008983367545158976,0.0,0.0,0.0,0.19091449867426788,0.007456431406473416
s03T0523,0.32084886411395913,0.004657248601046897,0.0,0.0,0.0,0.0,0.0,0.001063417990663726,0.0009383911012095182,0.03529725397454251,0.010115008350781555,0.0,0.06006158777157547,0.04588601473199542,0.0,0.15953887253549745,0.0014016247902805066,0.1606701255862427,0.0,0.0022051105558198066,0.004805875495160142,0.0014040254217539722,0.0,0.0,0.0,0.00793629404387985,0.18112493282618042,0.0020453521094108387
s04T0523,0.4196734031841885,0.0,0.0,0.0,0.006385526884821737,0.0,0.0,0.0016822375679974042,0.0,0.006715302177281793,0.0031653239539246947,0.0,0.055917405114337175,0.052876699200775264,0.0015460463656986599,0.11469937223360369,0.0,0.059746230115845955,0.006380687409294375,0.0009840656398738827,0.0,0.0019829961269201917,0.0,0.0,0.0,5.284709850202524e-05,0.26250754072699817,0.00568431619993653
s05T0523,0.38287165456714994,0.0,0.00024261272233658642,0.0,0.0,0.0,0.0,0.0005251298335705092,0.0,0.0,0.0015072446941159234,0.0,0.07342935493753176,0.05446792571686088,0.0,0.12604021555596842,0.0,0.05713423511867853,0.00413374063303759,0.0006216380778105022,0.014498504947214039,0.0010549201015181997,0.0,0.0,0.0,0.0,0.279062758632106,0.004410064462101146
s06T0523,0.2853871418492707,0.0,0.0,0.0,0.0,0.0012262777755996227,0.0,0.000486775316943971,0.0,0.00846234119830415,0.00394169111270812,0.0,0.05558481593179093,0.06922354576739356,0.0,0.16565619833640763,0.0,0.05514390292808829,0.06978001383114733,8.787473343247817e-05,0.01788011569547887,0.0007171904575754321,0.0,0.0,0.0,0.0012501905493325883,0.26069381353131793,0.004478110985208436
s07T0523,0.0,0.0,0.0007062449683541131,0.0,0.0,0.0,0.0,0.0,0.0,0.007745810908607277,0.002889173789487098,0.0,0.0623775652539606,0.12670376102422667,0.0,0.09340694523938098,0.0,0.025793682128740194,0.41813896020318175,0.006657805888006838,0.0,0.0,0.0,0.0,0.0,0.0,0.25399741562833816,0.0015826349677163017
s08T0523,0.0,0.0,0.0,0.11350590963872972,0.0,0.0,0.0,0.0,0.023864517935661862,0.0,0.0,0.013237043922532124,0.0,0.0,0.0,0.0,0.1167306506728255,0.0,0.0,0.002387840616035397,0.0,0.0,0.0,0.0,0.0,0.0,0.05008122055994904,0.6801928166542662
s09T0523,0.0,0.0,0.0,0.12709739447285578,0.0,0.0,0.0,0.0,0.03797599265135838,0.0,0.0,0.03405436129374673,0.0,0.0,0.0,0.0,0.11913093854616556,0.0,0.0,0.0008499559825446668,0.0,0.0,0.0,0.0,0.0,0.0,0.03828628209106102,0.6426050749622679
s10T0523,0.0,0.0,0.0,0.07484764116646957,0.0,0.0,0.0,0.0,0.3996645061307638,0.01820944975795946,0.04693005513610035,0.015854409452920548,0.08419390729648907,0.0,0.0,0.0,0.019346395461089395,0.09924226914989251,0.0,0.00034042858158865553,0.0,0.0,0.009907132917381269,0.0,0.0002625133475744442,0.0,0.01769459358002795,0.21350669802174282
s11T0523,0.0,0.0,0.0,0.06267639474390474,0.0,0.0,0.0,0.0,0.31038402135597937,0.03422140561190764,0.038056422245054,0.0041246664912608765,0.11596403300101388,0.0,0.0,0.004049451285458068,0.03260829942465325,0.13367804589769344,0.0,0.0,0.0,0.0,0.0,0.0,0.0,0.0,0.02401389850562821,0.24022336143744644
s12T0523,0.0,0.0,0.0,0.015546466150117174,0.0,0.0,0.0,0.0,0.1521530830250866,0.13103351325102305,0.02433004791473453,0.0,0.19626023886490554,0.0,0.0,0.1740270611046829,0.0,0.20357315331868944,0.0,0.0,0.0,0.0,0.0,0.0,0.0,0.0,0.015367367796975173,0.08770906857378577
s13T0523,0.0,0.0,0.0,0.012918628820105629,0.0,0.0,0.0,0.0,0.13382750981806638,0.10755369570361935,0.026337922481008143,0.0,0.19196030782169796,0.0,0.0,0.141094324365218,0.0,0.1982363679258153,0.06224809973787842,0.0,0.0,0.0,0.0,0.0,0.0,0.0,0.06273575510958859,0.06308738821700209
s14T0523,0.0,0.0,0.0,0.013081712420562884,0.0,0.0,0.0,0.0,0.1221501515534587,0.07477057306729058,0.027158647169613352,0.0,0.1742201147729282,0.04410916965564504,0.0,0.10472244312471078,0.0,0.18322315997686484,0.07533596537711261,0.0,0.0,0.0,0.0,0.0,0.0,0.0,0.14545127473759506,0.035776788144217975
s15T0523,0.0,0.0,0.0,0.0,0.0,0.0,0.0,0.0,0.006863010478198732,0.015560798190272812,0.0012641857800081275,0.0,0.10883362166008763,0.21274509117041604,0.00033708439792504716,0.10464009361344487,0.0,0.048884420754137466,0.18892943041445023,0.0008836637414835534,0.0,0.0,0.0,0.0,0.0,0.0,0.30400705200446887,0.007051547795106673
s02M0623,0.0,0.0,0.0,0.0,0.0,0.0001705514017113221,0.0,0.0,0.0,0.004714079263673773,4.448027018060705e-05,0.0,0.16850169038310306,0.09404936668422557,0.0027669815353655106,0.4383214699604406,0.001253147081821915,0.01830221311445408,0.0,0.0,0.0,0.00014230738997226525,0.0033985887244816692,0.0,0.0,0.0,0.25742418678126816,0.010910937409301494
s03M0623,0.0,0.0,0.00031148957069024514,0.0,0.0,0.0,0.0,0.0,0.0,0.027985563596180534,0.0070917688618531045,0.0,0.15181197531001808,0.07477350663826039,0.0,0.15432771978570045,0.0,0.054169400169435084,0.2617089766722264,0.0011822618110410663,0.0,0.0,0.0,0.0,0.0,0.0,0.2594620811209001,0.007175256463694467
s04M0623,0.3636255800477233,0.0,0.0,0.0,0.0,0.0,0.004494463973557934,0.0,0.0,0.002181842193907545,0.0011743816931818398,0.0,0.021719484510737862,0.04097669331182144,0.0,0.015448951464523797,0.0,0.0,0.42811725540948153,0.0,0.002356612251388716,0.0013423651965059772,0.016880417913716986,0.0,0.00015899945818641717,0.0012560566019622205,0.10026689597330449,0.0
s05M0623,0.43682202220522387,0.0,0.0,0.0,0.0,0.0,0.00023747032476088988,0.0,0.0,0.0,0.002724924905834865,0.0,0.03322814810206953,0.04960005710497335,0.0,0.02742263457631141,0.0,0.0005409116675933965,0.2922429320159925,0.0,0.007340898246348758,0.0007843448841546634,0.012856840244628619,0.0,0.0,0.0,0.13345000825424203,0.002748807467866034
s06M0623,0.36356015061777447,0.00015904929693359149,0.0009283462029752429,0.0,0.0,0.0,0.0,0.0,0.0,0.004103434233437982,0.0008724056348338652,0.0,0.03707356423963472,0.0277092958789695,0.0,0.0405181650617207,0.0,0.0,0.3696750584180941,0.0,0.019178002741060546,0.0007085339824145205,0.011044841346134973,0.0,0.0,0.0,0.12446915234601567,0.0
s07M0623,0.01987506064256448,0.0,0.0,0.0,0.0,0.002053150980715469,0.0,0.0,0.0,0.015561038313348494,0.00030841527684452943,0.0,0.041736386227330544,0.05794953668692522,0.0,0.13402700032998588,0.0,0.0,0.6037375788406218,0.0,0.0,0.0,0.0,0.0,0.0,0.0,0.12187640200109726,0.0028754307005662235
s08M0623,0.0,0.0,0.0,0.05280442694557264,0.0,0.0,0.0,0.0,0.05090812412675038,0.0,0.0,0.0,0.0,0.0,0.0,0.0,0.14921436441930794,0.001526858878703075,0.0,0.004181612757101773,0.0,0.0,0.0,0.0,0.0,0.0,0.03623884269473524,0.705125770177829
s09M0623,0.0,0.0,0.0,0.021543569061575594,0.0,0.000299853000563957,0.0,0.0,0.06373594796577643,0.0007133918648075773,0.0004836321896257098,0.0,0.004428436174915382,0.0,0.0,0.0,0.13576399832359673,0.007196970339660692,0.0,0.001620042757425687,0.0,0.0,0.0,0.0,0.0,0.0006201509869706318,0.028915716022458817,0.7346782913126227
s10M0623,0.0,0.0,0.0,0.043631273510062095,0.0,0.0,0.0,0.0,0.08467554289973234,0.005840268224706059,0.0031687473709921714,0.0,0.011959651386524075,0.0,0.0,0.0,0.10968153347089922,0.009597059003931374,0.008687365630782644,0.000962626744022547,0.0,0.0,0.0,0.0,0.0,0.0,0.04766202010975191,0.6741339116485955
s11M0623,0.0,0.0,0.0,0.041575291334161726,0.0,0.0004725918951803114,0.0,0.0,0.0650452310140859,0.0024181128400379984,0.0008435366766110446,0.0,0.006113414443055774,0.0,0.0,0.0,0.11609871944290841,0.0,0.1307554817556478,0.0047904883141958775,0.0,0.0,0.0,0.0,0.0,0.0,0.03766996260831734,0.5942171696757977
s12M0623,0.0,0.0,0.0,0.0036996301126204657,0.0,0.0,0.0,0.0,0.22219583595162037,0.12053219567483636,0.022227585522486236,0.0,0.15481020531078987,0.0,0.0,0.010534294391399109,0.0,0.07420613142422128,0.28536052089864433,0.0,0.0,0.0,0.0,0.0,0.0,0.0,0.0,0.10643360071338191
s13M0623,0.0,0.0,0.0,0.00795929175414658,0.0,0.0,0.0,0.0,0.18073241801094325,0.13089421918522917,0.015658407581736714,0.0,0.14685020124164422,0.0,0.0,0.024158484165291334,0.0,0.0598937200600836,0.31944048968812655,0.0,0.0,0.0,0.0,0.0,0.0,0.0,0.0,0.11441276831279851
s14M0623,0.0,0.0,0.0,0.011458316267432466,0.0,0.0,0.0,0.0,0.11720237330173468,0.07008491454742782,0.014887680620019847,0.0,0.07501040636132152,0.0,0.0,0.0014121215762449278,0.0,0.04988135058522961,0.5816440243868025,0.0,0.0,0.0,0.0,0.0,0.0,0.0,0.04539239115040979,0.033026421203376885
s15M0623,0.0,0.0,0.0,0.018930427129015978,0.0,0.0,0.0,0.0,0.2352986310460832,0.10550160101357663,0.03406945250396743,0.0,0.22654010269710645,0.026166538272693877,0.0,0.008667848204424766,0.0,0.212090399739811,0.0,0.0,0.0,0.0,0.0,0.0,0.0,0.0,0.08304097502640576,0.04969402436691488
s01X0623,0.05590571676178288,0.0013690533751763295,0.0002113245400831501,0.0,0.0,0.0,0.0,0.0,0.0,0.006596118309966646,0.006634522381269444,5.798952783870963e-05,0.22629056335999395,0.16063296544860547,0.006838877822477046,0.1725548604094522,0.0,0.055316434446923725,0.02834309065379703,0.0,0.0,0.0009095590334482757,0.0,0.0,0.0,0.0,0.2664642206899785,0.011874703239206596
s02T0623,0.5835657413815585,0.0002171050242093806,0.0,0.0,0.0,0.0,0.0,0.0,0.003793936804693394,0.0030440137271443945,0.006590534455241944,0.0,0.0959979656251673,0.06633749593706033,0.0,0.06358516913785961,0.00016943310876975254,0.022045842957757612,0.0,0.0,0.0,0.0008600582156657637,0.02291169005246069,0.0,0.0,0.0,0.12525307381603862,0.005627939756372597
s03T0623,0.0,0.0,0.00040738261486565874,0.0,0.0,0.0,0.0,0.0,0.009655683504140668,0.0873883654434782,0.009039243848107599,0.0,0.230778338429196,0.05663575791836104,0.0,0.3031887681162822,0.0,0.04960301872613973,0.0,0.0,0.0,0.0,0.0,0.0,0.0,0.0,0.24000853191252847,0.013294909486900328
s04T0623,0.7488426190408878,0.0007923242430490254,0.0,0.00014547979101086958,0.0,0.0,0.0006789409334167459,0.0,0.00011757260603109704,0.0,0.0036578419350145716,0.0,0.042036672049263035,0.02251112278792543,0.0,0.022602049763532996,0.0,0.0005607081438374559,0.008521704339356645,0.0,0.0,0.0016126659366958965,0.02281506147971663,0.0,0.0,0.002834248882399293,0.11861738748850209,0.0036536005793605564
s05T0623,0.68605788656649,0.0019876286452596183,0.00012930734870541302,0.0,0.0,0.0,0.0,0.0,0.0,7.470705728390454e-05,0.004496169531967677,0.0,0.06890086145506884,0.07914862050725703,0.0,0.0028823248503211433,0.0,0.01566827213003761,0.0,0.0,0.0,0.0014496010909023152,0.018101000493194356,0.0,0.0,0.0,0.11859381592126933,0.0025098044022427114
s06T0623,0.7787202490416333,0.0008033967797912745,0.0,0.0,0.0,0.0,0.0,0.0,0.0,0.002691511299277445,0.003050357854001867,0.0,0.03815989601238646,0.009805270681698194,0.0,0.009450786041568715,0.0,0.0035041733455460785,0.0,0.0,0.0033202326381320587,0.0013674981015057697,0.019410664307388702,0.0,0.0,0.002491404223274916,0.12479352252824269,0.0024310371455526134
s07T0623,0.0,0.0,0.0,0.0013638440893357412,0.0,0.0,0.0,0.0,0.030410093380746857,0.04722450176767409,0.008643677633866618,0.0,0.1983228382639034,0.09480724435814274,0.0,0.2367729283192382,0.0,0.0786049912959384,0.0,0.0,0.0,0.0001881538368470264,0.0,0.0,0.0,0.0,0.27590952002958086,0.027752207024725983
s08T0623,0.0,0.0,0.0,0.026794347005442174,0.0,0.0,0.0,0.0,0.03824980877454665,0.0,0.0,0.0,0.0,0.0,0.0,0.0,0.1322032538220411,0.00022231986207651983,0.001407820857352849,0.0013487344265557,0.0,0.0,0.0,0.0,0.0,0.0,0.03888303319492397,0.7608906820570609
s09T0623,0.0,0.0,0.0,0.10074586280722299,0.0,0.0,0.0,0.0,0.07344006726859319,0.0,0.0019420148665008849,0.0,0.016214490936315298,0.0,0.0,0.0,0.13936149793682492,0.014365091939376906,0.0,0.0023392842566883508,0.0,0.0,0.0,0.0,0.0,0.0,0.08215421975398525,0.5694374702344922
s10T0623,0.0,0.0,0.0,0.022794097864963836,0.0,0.008610507793571682,0.0,0.0,0.13182067264401956,0.06285611104839618,0.019990783817063436,0.0,0.21349539433993459,0.0,0.0,0.21325013589725667,0.012722356818206465,0.13328144954782872,0.0,0.0,0.0,0.0,0.0,0.0,0.0,0.0,0.05447614042710718,0.1267023498016517
s11T0623,0.0,0.0,0.0,0.044368246752000906,0.0,0.0,0.0,0.0,0.11497825939255706,0.02545449617174279,0.013080859824834827,0.0,0.10097318181741982,0.0,0.0,0.038598415210933795,0.09475992508079711,0.09080143540005939,0.0,0.0007717898303437667,0.0,0.0,0.0,0.0,0.0,0.0,0.06720970363089299,0.4090036868884175
s12T0623,0.026553250308339136,0.0,0.0,0.0059291231964948956,0.0,0.0,0.0,0.0,0.1725568827468333,0.07051165019133156,0.018928763250106142,0.013298987118196026,0.1695281284216057,0.0,0.009573847306201415,0.07888374152538068,0.024588967344142624,0.07152147538482091,0.01344123472392598,0.0,0.012335896176323064,0.000898958137742707,0.025391828422699204,0.0,0.003248758633082094,0.0,0.05743092006720643,0.22537758704556818
s13T0623,0.0,0.0,0.0,0.030857449756704958,0.0,0.0,0.0,0.0,0.17137246430091635,0.09733833335917794,0.01679938438721817,0.0,0.2112412570086852,0.0,0.0,0.11765617649025953,0.00921853024800712,0.10279214283585413,0.0,0.0,0.0,0.0,0.0,0.0,0.0,0.0,0.058772352885285616,0.18395190872789116
s14T0623,0.0,0.0,0.0,0.057710146849311986,0.0,0.0,0.0,0.0,0.30420125597259684,0.09254705775116238,0.03649463430230329,0.0,0.19810580947054732,0.00392640806021436,0.0,0.0,0.0,0.17074936069271832,0.021898914359585925,0.0,0.0,0.0,0.0,0.0,0.0,0.0,0.03345904117424401,0.08090737136731552
s15T0623,0.0,0.0,0.0,0.01899277188525885,0.0,0.0,0.0,0.0,0.21868005571295343,0.08516616972491783,0.031026927780643802,0.0,0.16131732320114736,0.0,0.0,0.02565658480030907,0.0,0.1856084967265662,0.14560871285664173,0.0,0.0,0.0,0.0,0.0,0.0,0.0,0.07659702338515045,0.05134593392641104
s02M0723,0.2550286423185544,0.0,0.00042175999430360463,0.0,0.0,0.0,0.0,0.0,0.0,0.007738780955806847,0.015370305965379038,0.0,0.12561742133309906,0.08871750501818315,0.0,0.11832191828586393,0.0,0.13183101135398767,0.058947447989021746,0.0010445532482804764,0.059165721761539294,0.0002509186528423823,0.0007985431226864789,0.0,0.00044457779526700593,0.0,0.13500866389302463,0.0012922283121601043
s03M0723,0.3292828490045897,0.0015964239642140023,0.00017550283762192453,0.0,0.0,0.0,0.0,0.0,0.0,0.01867791159566454,0.009009414797591335,0.0,0.12693088163552743,0.059389423267845666,0.0,0.1585498710544344,0.0,0.10985407932333371,0.00465313264598171,0.0002915768931009833,0.013472643981630825,0.0011175589934476037,0.012025016164310686,0.0,0.0,0.0,0.150875449654246,0.004098264186459565
s04M0723,0.2821722101278302,0.0,0.0,0.0,0.0,0.0,0.0,0.0,0.0,0.004230879123709167,0.0068146677957792905,0.0,0.10087127844396085,1.5945798526183047e-05,0.0,0.19343899148712798,0.0,0.08508962483377727,0.0,0.000537752351214082,0.10621875542292332,0.0,0.0,0.0,0.0007814132990544375,0.0013823942987912677,0.20917039223523584,0.00927569478207001
s05M0723,0.47438066781866817,0.0,0.00032352182735257014,0.0,0.0,0.0,0.0,0.0,0.0,0.00611569565331719,0.005623119984905327,0.0,0.10049527537756262,0.05992576867428359,0.0,0.08984498334619109,0.0,0.06763209137798988,0.0,0.0007571626601583397,0.007276632378587297,0.0011228351789115837,0.011265480676005527,0.0,0.0,0.0,0.17189702456953307,0.0033397404765337746
s06M0723,0.5105838179699693,0.0,0.0004071190466434503,0.0,0.0,0.0,0.0,0.0,0.00012843730041771243,0.0034737594159879224,0.005107488190579936,0.0,0.06787595884912781,0.014067775255821868,0.0,0.0764390518402488,0.0,0.02609505675272158,0.0,0.0003135691801206764,0.08811020306685675,0.0002314003573094501,0.0,0.0,0.0,0.0029720381034583545,0.20075866055630665,0.003435664114429841
s07M0723,0.0,0.0,0.0007814927829009458,0.0021242886304718585,0.0,0.0,0.0,0.0,0.0,0.03687348974356516,0.006191039281725212,0.0,0.18746030302270963,0.021608792539839956,0.0,0.3646134666665663,0.0,0.06394932652291663,0.0,0.000774424004725319,0.008571643548307644,0.0,0.0,0.0,0.0,0.0,0.30096813635721537,0.006083596899056059
s08M0723,0.0,0.0,0.0,0.10767981095905735,0.0,0.0,0.0,0.0,0.028139495201218848,0.0,0.0,0.06372902390405809,0.0,0.0,0.0,0.0,0.1428889575949359,0.0,0.0,0.0007682223054744124,0.0,0.0,0.0,0.0,0.0,0.0,0.02912330875788272,0.6276711812773728
s09M0723,0.0,0.0,0.0,0.05478736216337417,0.0,0.0,0.0,0.0,0.02849009889153318,0.0,0.0,0.0,0.0,0.0,0.0,0.0,0.13124410074091278,0.0,0.0,0.0005472796115169516,0.0,0.0,0.0,0.0,0.0,0.00019841747410357996,0.018039428773662897,0.7666933123448963
s10M0723,0.0,0.0,0.0,0.1507359259950794,0.0,0.0,0.0,0.0,0.08109132660920451,0.0,0.0024761259988963836,0.0950867027709775,0.0,0.0,0.0,0.0,0.13378373499169477,0.0,0.00039060215460396476,0.0036461352693188624,0.0,0.0,0.0,0.0,0.0,0.0007080594065404385,0.03365805525563509,0.4984233315480492
s11M0723,0.0,0.0,0.0,0.041879625299357105,0.0,0.001499430540331468,0.0,0.0,0.07510213811092264,0.0,0.0,0.011056833331289094,0.0,0.0015089770795514055,0.0,0.0,0.1893775411925217,0.0006567528204415745,0.0016247840329983725,0.0013412442519369066,0.0,0.0,0.0,0.0,0.0,0.0,0.0007002955220178822,0.6752523778186319
s12M0723,0.0,0.0,0.0,0.09503996377183527,0.0,0.0010764789850859825,0.0,0.0,0.1446822645395283,0.0,0.0,0.06731321622765638,0.0,0.0,0.0,0.0,0.20777942281907297,0.0022599684383918755,0.0011006533076582667,0.0032068656372687262,0.0,0.0,0.0,0.0,0.0,0.0,0.03302281914760679,0.4445183471258955
s13M0723,0.0,0.0,0.0,0.016509538355353078,0.0,0.0006028167697373451,0.0,0.0,0.3826892592353363,0.02706219025948878,0.006533574085294407,0.0,0.051869878490681594,0.0,0.0,0.0009475301403267249,0.13065450888703098,0.03292333369304004,0.0,0.0,0.0,0.0,0.0,0.0,0.0,0.0,0.01369035692175092,0.33651701316195975
s14M0723,0.0,0.0,0.0,0.0056839491659626115,0.0,0.0,0.0,0.0,0.3828225183612692,0.11627517214719259,0.03272345185279513,0.0,0.13467099883767356,0.0,0.0,0.03251689972231082,0.0,0.15219539396417628,0.0,0.0,0.0,0.0,0.0,0.0,0.0,0.0,0.03214774833520218,0.11096386761341771
s15M0723,0.0,0.0,0.0,0.005939367612489364,0.0,0.0055857008004520335,0.0,0.0015077386730030394,0.0005142759476368178,0.2675514318351456,0.0,0.001063846622705648,0.13214824610043,0.02533332168267795,0.0,0.23380456572603348,0.0049668510442461705,0.0,0.1504167760293492,0.0,0.0060138892866382155,0.0,0.0,0.0,0.0007579960910742383,0.0,0.1297760149949732,0.03461997755314506
s01X0723,0.0,0.0,0.0007805754114994085,0.0014020378471297575,0.0,0.0,0.0,0.0010510776350491097,0.0,0.03520804074127686,0.017769231173473794,0.0019230962199959381,0.17847189305392577,0.0,0.01062113888636772,0.11306093647681352,0.0,0.25826009257186744,0.14131102857264255,0.002360159941455677,0.005544974712613518,0.0,0.0,0.0001568710708166122,0.001328073492123662,0.0,0.2307507721929487,0.0
s02T0723,0.15476577857045498,0.0,0.0,0.007250082837931314,0.0,0.0,0.0,0.0,0.0,0.05209883637389062,0.0,0.0002631990464887171,0.08733971940432439,0.0038650355111197396,0.0,0.4864896726207113,0.0,0.1450309415967774,0.000985290897189649,0.000705078578841441,0.0,0.0003618398652403257,0.0,0.0,0.0,0.0005120998111077491,0.060332424885922505,0.0
s03T0723,0.13654410056243954,0.0008414005946706629,0.0,0.0007643719362818858,0.0,0.0,0.0,0.0,0.0,0.030872784381654906,0.000143202835157637,0.0,0.08489446813137289,0.0111036580994409,0.0,0.44168373033747943,0.0,0.1604720558461522,0.0696879487959395,0.0012383532548182255,0.0,0.00011265157474145147,0.0,0.0,0.00010974262228522959,0.001373546301495019,0.0601579847260705,0.0
s04T0723,0.5455892719651999,0.0007944475705257725,0.0,0.0010194156132262513,0.0,0.0,0.0,0.0,0.0,0.008373001420835774,0.0021313745910673597,0.0,0.04276797984110087,0.010253728653731737,0.0,0.07678944704823823,0.0,0.06646339063195938,0.15036907928390092,0.0008907589617427041,0.004317150817541607,0.001448921097082166,0.006883286866621226,0.0,0.0,0.001560220335332945,0.08034852530189317,0.0
s05T0723,0.47619394859865205,0.0012211988694836831,6.751917555123088e-05,0.0,0.0,0.0,0.0,0.0,0.0,0.012428347178085308,0.0024336606815589384,0.0,0.05830801120536633,0.006191435214035013,0.0,0.06867085321714939,0.0,0.052911364416877646,0.22742692288351846,0.0004410523168115345,0.0,0.0007422295390788463,0.011583744228726631,0.0,0.0,0.0,0.07917119725270287,0.0022085152224020337
s06T0723,0.5967744308948111,0.0008212411691008591,2.987850616936257e-06,0.0,0.0,0.0,0.0,0.0,0.0,0.003181850475275748,0.002629402000362293,0.0,0.04358342044075293,0.0027242907799245055,0.0,0.060509293547179564,0.0,0.040567508146199936,0.16052052711850365,0.000420472606181111,0.0,0.00046076510810967505,0.019700602242622208,0.0,0.0,0.0005857969876832314,0.06739240203129485,0.00012500860138133865
s07T0723,0.2537651387340063,9.61946301126619e-05,8.705656197467796e-05,0.0,0.000363495817368425,0.0,0.0,0.00014452012937347898,0.00041378334400733003,0.022726464761977434,0.0056608212892264986,0.0,0.06578831569693011,0.0072926480591276495,0.0036589523583559387,0.01941469224793468,0.0,0.10034680184614377,0.41814740028266867,0.0015754873266290948,0.0,0.0003696837413994501,0.0,0.0,0.0,0.0,0.09729389270153112,0.002854650471232712
s08T0723,0.0,0.0,0.0,0.024800385836846545,0.0,0.0,0.0,0.0,0.02690655996321289,0.0,0.0,0.007016620748603527,0.0,0.0,0.0,0.0,0.14505942405017885,0.0,0.0,0.0,0.0,0.0,0.0,0.0,0.0,0.0,0.005260800447042763,0.7909562089541154
s09T0723,0.0,0.0,0.0,0.11069949775739343,0.0,0.00010973769860201972,0.0,0.0,0.24864814537662408,0.002329797842502816,0.01155471031255595,0.12924740137255603,0.015809996343946357,0.0,0.0,0.0,0.08602653956432968,0.0037427661052051816,0.0,0.003752538363634927,0.0,0.0,0.0,0.0,0.0,0.00303679151118089,0.0435632429014383,0.34147883485003044
s10T0723,0.0,0.0,0.002946871063627012,0.0,0.0,0.0,0.0,0.0,0.5845825839869253,0.035744605300601695,0.05725042451593426,0.0,0.16613855033566827,0.0,0.0,0.0021572538858141226,0.0,0.11952952166511072,0.0,0.0,0.0,0.0,0.0,0.0,0.0,0.0,0.0,0.03165018924631864
s11T0723,0.0,0.0,0.0,0.0430775240133251,0.0,0.0,0.0,0.0,0.24617826164444417,0.03412425926003515,0.017538215791953023,0.026833642798485265,0.04604157453724604,0.0,0.0,0.003927087538899695,0.08721818677125821,0.0369838865120412,0.0,0.0006896896318750813,0.0,0.0,0.0,0.0,0.0,0.0,0.03062721527941982,0.4267604562210172
s12T0723,0.0,0.0,0.0,0.002421358826077414,0.0,0.0,0.0,0.0,0.44581416595258877,0.06564105015299583,0.02542521085081702,0.0,0.12853622739424125,0.0,0.0,0.0028749152440778955,0.029813321669824866,0.07324420341338415,0.0,0.0,0.0,0.0,0.0,0.0,0.0,0.0,0.0,0.22622954649599292
s13T0723,0.0,0.0,0.0,0.009437392985380821,0.0,0.0,0.0,0.0,0.4436286352674346,0.04856769364476565,0.027690271005303187,0.0,0.14910761758648894,0.0,0.0,0.0,0.014031360436545409,0.11690449794801974,0.03774619723419184,0.0,0.0,0.0,0.0,0.0,0.0,0.0,0.0,0.15288633389186973
s14T0723,0.0,0.0,0.0,0.0,0.0,0.0,0.0,0.0,0.294760179045571,0.22889406998777168,0.014044870969735718,0.0,0.18162515379131536,0.0,0.0,0.062122912355582184,0.0,0.10131996259767923,0.0,0.0,0.0,0.0,0.0,0.0,0.0,0.0,0.0,0.11723285125234473
s15T0723,0.0,0.0,0.0,0.0009075277826156153,0.0,0.0,0.0,0.0,0.17835336581583505,0.08493235351321525,0.018080929729820807,0.0,0.12338491607065709,0.0,0.0,0.008210399362521598,0.0,0.10442432588447595,0.3934823965637577,0.0,0.0,0.0,0.0,0.0,0.000878037102283462,0.0,0.06549167771909231,0.021854070455725166
s02M0823,0.0,0.0,0.0,0.0019020595286871743,0.0,0.0,0.0,0.0022144618304454594,0.026882838802454883,0.2672364387513166,0.009940046650387422,0.0,0.06308648967333895,0.0,0.0,0.36382692874634087,0.0,0.2612786957632058,0.0031143059219787372,0.0,0.0,0.0005177343318440162,0.0,0.0,0.0,0.0,0.0,0.0
s03M0823,0.4418510104489684,0.0,0.0,0.002402039282124388,0.0,0.0,0.0,0.00544935844061655,0.04320132538264207,0.07652296208573406,0.016151176265743958,0.0,0.06683194606498613,0.0027344465677039587,0.0,0.1087781122818711,0.0,0.17593679859749864,0.017483396360963382,0.0002995765782929741,0.0,0.001052954503116514,0.00828463564010374,0.0,0.0,0.001743460813118567,0.031276800686515394,0.0
s04M0823,0.12111152048310095,0.0,0.0,0.0007537928100605635,0.0,0.0,0.0,0.0041866136780548445,0.05505395531846816,0.2103137748691188,0.020830598724442217,0.0,0.06673868323493835,0.0,0.0,0.2362634168004411,0.0,0.24305548716335112,0.0011515223326780673,0.00042108161311673535,0.0063145099535655575,0.0006021875394136685,0.0,0.0,0.0,0.001973397421265601,0.03122945805798413,0.0
s05M0823,0.39709895948620116,0.0,0.0,0.006490308453879398,0.0,0.0,0.0,0.005027041896125145,0.03546481425043385,0.1107816574002696,0.01081325317646936,0.0,0.032315862614978035,0.0,0.0,0.16470219045676066,0.0,0.11346126219804949,0.0855309986247554,0.0,0.0006828619334177663,0.0006572009828961771,0.0,0.0,0.0,0.0024787139314849127,0.03449487459427894,0.0
s06M0823,0.17075910435785907,0.0,0.0,0.0,0.0,0.0008828860686500856,0.0,0.007091853962459448,0.05317071465133497,0.1742186300447258,0.020078597668481548,0.0,0.06342879009360035,0.0,0.0,0.15742712525306962,0.0,0.18755004026244415,0.09353687607621634,0.0006521752767324497,0.006572963398262018,0.0005682412200226226,0.006175238746293942,0.0,0.0,0.0,0.05788676291984764,0.0
s07M0823,0.0,0.0,0.0,0.0,0.0,0.0,0.0,0.0,0.018782431197540913,0.3805089736659782,0.011261694976201757,0.0,0.05012854628236274,0.0,0.0,0.30083994475390974,0.0,0.22706203633332872,0.011207617915472704,0.0,0.0,0.00020875487520530156,0.0,0.0,0.0,0.0,0.0,0.0
s08M0823,0.0,0.0,0.0,0.01426613249398321,0.0,0.0005280056845841482,0.0,0.0,0.03820054306237031,0.0,0.0,0.0,0.0,0.0,0.0,0.0,0.16478423484647275,0.0,0.0,0.0,0.0,0.0,0.0,0.0,0.0,0.0,0.004313936416413244,0.7779071474961763
s09M0823,0.0013049830422375908,0.0,0.0,0.018758101180496523,0.0,0.0011233462444705138,0.0,0.0,0.049719143780843335,0.0,0.0,0.0,0.0,0.0006631270997252819,0.0,0.0,0.18499223336823223,0.00048140761701202935,0.00029033990910811835,0.00032249968104849875,0.0,0.0,0.0,0.0,0.0,0.0003653926455465209,0.0002444468740911833,0.7417349785571882
s10M0823,0.0,0.0,0.0013545681137084721,0.0023911796495916142,0.0,0.0,0.0,0.0,0.19649569121964292,0.23764066560680266,0.014585133635825559,0.0,0.18792179019422617,0.0,0.0,0.24484797483587606,0.0,0.10802647037504766,0.0,0.0,0.0,0.0,0.0,0.0,0.0,0.0,0.0,0.006736526369278797
s11M0823,0.0,0.0,0.0,0.00845808674214792,0.0,0.0,0.0,0.0,0.26930371475984655,0.16797872867426314,0.014862837847704275,0.0,0.11276276347061157,0.0,0.0,0.06849065640868407,0.033124290251418005,0.05762640440256724,0.028863981392212936,0.0,0.0,0.0,0.0,0.0,0.0,0.0,0.000615412177492826,0.2379131238730515
s12M0823,0.023303906970062797,0.0,0.0,0.002430395966035654,0.0,0.00248591131199893,4.436445617224976e-05,0.0,0.12520874292066875,0.015974144446083385,0.004371638124580717,0.0,0.0268540442773757,0.0,0.0,0.010927854027365949,0.16443064899750684,0.0077214902617111615,0.030135276127989278,0.0,0.005238088863872964,0.0,0.0,0.0,0.0,0.0,0.014968953115775367,0.5659045401328003
s13M0823,0.0,0.0,2.9893255792939825e-05,0.0,0.0,0.0,0.0,0.0,0.20953881181925127,0.14107713425390572,0.015706242340507395,0.0,0.1616914707087075,0.0,0.0,0.11007794873035938,0.0,0.09844335094831244,0.23733430866170172,0.0,0.0,0.0,0.0,0.0,0.0,0.0,0.0,0.026100839281461695
s14M0823,0.0,0.0,0.0,0.0,0.0,0.0,0.0,0.0,0.24851223662356434,0.22389146819689454,0.02252610051188176,0.0,0.2306998691014288,0.0,0.0,0.04631436806165225,0.0,0.14660199455506565,0.02628623973183463,0.0,0.0,0.0,0.0,0.0,0.0,0.0,0.0,0.05516772321767803
s15M0823,0.0,0.0,9.523586995362382e-05,0.0,0.0,0.0,0.0,0.0,0.14475860464373314,0.1673417388566903,0.008763431615258875,0.0,0.18836489097635195,0.0,0.0,0.11749891810822566,0.0,0.08801826065385554,0.26142079194395623,0.0,0.0,0.0,0.0,0.0,0.0,0.0,0.0,0.02373812733197473
s01X0823,0.0,0.0,0.0,0.0,0.0,0.0,0.0,0.0066774849638238844,0.043740386854399446,0.400268953939008,0.014262157001731354,0.0,0.04351081131195362,0.0,0.0,0.17379234834352847,0.0,0.3177478575855551,0.0,0.0,0.0,0.0,0.0,0.0,0.0,0.0,0.0,0.0
s02T0823,0.0,0.0,0.0,0.0,0.0,0.0,0.0,0.006143920128345814,0.0,0.200743344976763,0.007570649403362437,0.0,0.13866779151515096,0.0,0.005976879279742359,0.29259826221658375,0.002478809902357257,0.3121026131446242,0.018149021159224586,0.0,0.0038369681042872365,0.0,0.0,0.0037986920806566946,0.0009680698905795985,0.0,0.00696497819832209,0.0
s03T0823,0.0,0.0,0.0,0.002332171350006794,0.0,0.0,0.0,0.005637063753778824,0.0,0.1722996807592059,0.0033276953802816975,0.0,0.1251322180247917,0.0,0.0,0.41191962770571067,0.0,0.2348831412458363,0.031754578625727316,0.0,0.0018679500873472242,0.0,0.0,0.0010441455290179562,0.00021593212346438363,0.0,0.00958579541483129,0.0
s04T0823,0.30644251836128655,0.0,0.0,0.004950535091468161,0.0,0.0,8.887932223412475e-05,0.001886877401104913,0.0,0.06998254393823208,0.006040449271031326,0.0,0.07272937371338857,0.0,0.0,0.21367677948631064,0.0,0.11152873583063065,0.15286102581168157,0.0,0.016161594591368705,0.0005287833181051725,0.0,0.0,0.0,0.0008744879938542884,0.04224741586930332,0.0
s05T0823,0.0,0.0,0.0,0.0014505235248241603,0.0,0.0022660650207407484,0.0,0.003713478640560994,0.0009905075709055456,0.1304553465362968,0.012384922882243885,0.0,0.11667979350666226,0.0,0.0,0.19599151474314494,0.0,0.19032591240829486,0.301769204185789,0.0,0.011475430394806084,0.0,0.0,0.0,0.0003298015013934119,0.0,0.0321674990843373,0.0
s06T0823,0.0,0.0,0.0,0.0016602396616382871,0.0,0.00024071143169101522,0.0,0.001667457758097131,0.017491267550777092,0.20663297687484097,0.011961058404765761,0.0,0.03809392491308134,0.0,0.0,0.18990839095163967,0.0,0.15321294359855964,0.36753266598053397,0.0,0.0063864943707215025,0.00031919311661100536,0.0,0.0,0.0,0.0,0.004892675387042648,0.0
s07T0823,0.0,0.0,0.0,0.0004013667516820934,0.0,0.0,0.0,0.0007346263141443082,0.0,0.12016853922178967,0.005951273992756423,0.0005533221145825987,0.08820044703477636,0.0,0.0,0.2605811243880096,0.0,0.12592606043945878,0.36661560036817337,0.0,0.009243442330559267,0.00013966599315461863,0.0,0.0,0.0009685585799245008,0.0,0.020515972470988467,0.0
s08T0823,0.037812012931106205,0.0,0.0,0.05444410313640115,0.0,0.000797641047051179,0.0,0.0,0.09976118351463087,0.0005334816100384205,0.0022351024681071,0.14642215456466784,0.0015649955088918829,0.0,0.0008395867879084517,0.0,0.16979381317951303,0.0,0.039191509493321244,0.0018078306458662564,0.0,0.0,0.0,0.0,0.0,0.0009542239937205145,0.009041910289104881,0.43480045082967106
s09T0823,0.0,0.0,0.0,0.04529463900141631,0.0,0.0001706286365078229,0.0,0.0,0.02677317304349935,0.0,0.0,0.02500962364623852,0.0,0.0003560484964093959,0.0,0.0,0.16650676667013448,0.0,0.0054710453786774,0.0002787262095370888,0.0,0.0,0.0,0.0,0.0,0.0,0.0,0.7301393489175797
s10T0823,0.0,0.0,0.0,0.007673035614651733,0.0,0.0,0.0,0.0,0.41600459490784947,0.01914624856205157,0.020682079291299414,0.006213549489857873,0.05828912539048438,0.0,0.0,0.022444284658684,0.0,0.023795889158640792,0.3282918208818136,0.0005326537835613319,0.0,7.301501207492775e-05,0.011490166465457204,0.0,0.0010438821494387239,0.0003961483251626728,0.023550818930788683,0.06037268737818373
s11T0823,0.01992105585159114,0.0,0.0,0.01151603671386464,0.0,0.0,0.0,0.0,0.13677699699443488,0.0034638071753976215,0.0056225903741573295,0.08312102806013692,0.005617413361008801,0.0,0.014783186148365116,0.0,0.07009909560201047,0.0,0.4115555553091864,0.0009026930162742122,0.0,0.00016455382635503985,0.0,0.0,0.0,0.0,0.020034672871398113,0.21642131469581932
s12T0823,0.0,0.0,0.0,0.0,0.0,0.0,0.0,0.0,0.26353537407706107,0.09124085852480586,0.008929535984968344,0.0,0.08692168720009284,0.0,0.0,0.005603215184138419,0.0,0.029533276902729184,0.44811123544116965,0.0,0.0,0.0,0.0,0.0,0.0,0.0,0.0,0.06612481668503473
s13T0823,0.0,0.0,0.0,0.0,0.0,0.0,0.0,0.0,0.18790566005502982,0.03550387377324725,0.009450589081147494,0.0,0.05898141959408162,0.0,0.0,0.0,0.0,0.005901199099800596,0.6493881382011031,0.0,0.0,0.0,0.003530091128524567,0.0,0.0,0.0,0.0,0.049339029067065554
s14T0823,0.0,0.0,0.0,0.0,0.0,0.0,0.0,0.0,0.19507704547500374,0.20059443856514989,0.009375906986205404,0.0,0.1268632843438681,0.0,0.0,0.01448590518543223,0.0,0.04421945112769355,0.3322424655844476,0.0,0.0,0.0,0.0,0.0,0.0,0.0,0.0,0.07714150273219945
s15T0823,0.0,0.0,0.0004945234734145123,0.0,0.0,0.0,0.0,0.0,0.16616867674559435,0.2250549712299668,0.018868478093977258,0.0,0.19318149545006075,0.0,0.0,0.03807249583446183,0.0,0.1790986169242419,0.1653159900924053,0.0,0.0,0.0,0.0,0.0,0.0,0.0,0.0,0.013744752155877399
s02M0923,0.0,0.0,0.0007241903832378732,0.005491257452846781,0.0,0.0003387443583260554,0.0,0.0,0.05166229191792027,0.12018465058979158,0.012834672260593068,0.0,0.14510923870266723,0.0,0.0,0.3784369878672247,0.0,0.24780360643151017,0.0122035292463982,0.0,0.017288933303287814,0.0,0.0,0.0,3.887668092848705e-05,0.0,0.001876720955084837,0.006006299850182879
s03M0923,0.0,0.0,0.00044164689514626524,0.0,0.0,0.004611363324210112,0.0,0.0,0.06568933070070274,0.12958788420294545,0.018779114786980754,0.0,0.15759691058823513,0.0,0.0,0.3407971196301271,0.0,0.23705443111008936,0.009853920493999975,0.0,0.028461223288645105,0.0,0.0,0.0,0.00010806302634384286,0.0,0.0,0.007018991952574214
s04M0923,0.0487251373627901,0.0,0.000734158766870711,0.0018422722882653296,0.0,0.0,0.0,0.001034653512474804,0.09169632530021907,0.1389987784018506,0.022242862832328486,0.0,0.11820506569282441,0.0,0.0,0.3100596684405907,0.0,0.19633927725509745,0.006871739377168034,0.0,0.03753256182864682,0.0002568720439972351,0.0,0.0,0.0014172700833425915,0.0,0.020306974946369627,0.003736381867164234
s05M0923,0.4845220803586337,0.0,0.0005418985153696582,0.003232245270487818,0.0,0.00041196788888773995,0.0008043593244163111,0.004556495031631631,0.05847823897519671,0.057172017675624826,0.021075079274841008,0.0,0.09035546612374425,0.0,0.0,0.013593280954914341,0.0,0.1147541939369473,0.02496965259119145,0.0,0.07133024328370366,0.0003119496381867546,0.0,0.0,0.0,0.0012986439252891415,0.052592187230933986,0.0
s06M0923,0.0,0.0,0.0008731609460079604,0.004649147040556534,0.0,0.0,0.0,0.0,0.057631334555650615,0.16475689032277782,0.015258493826864453,0.0,0.15352690084190224,0.0,0.0,0.3037884226681138,0.0,0.24070180941224453,0.026592990686108896,0.0,0.020827190047328057,0.0,0.0,0.0,0.0,0.0,0.01094847240683094,0.00044518724561409595
s07M0923,0.0,0.0,0.0,0.0,0.0,0.0,0.0,0.0,0.005614449333574118,0.19150646342774186,0.0018137381778187771,0.0,0.1440822452923485,0.0,0.0,0.4739342116904148,0.0,0.18304889207810207,0.0,0.0,0.0,0.0,0.0,0.0,0.0,0.0,0.0,0.0
s08M0923,0.0,0.0,0.0,0.0012354581553343392,0.0,9.517171714038444e-05,0.0,0.0,0.02973210262452175,0.0,0.0,0.05419800670261544,0.0,0.0,0.002090429784107117,0.0,0.1900944522274651,0.0,0.0,0.0013673835163217046,0.0,0.0,0.0,0.0,0.0,0.0,0.012312350347161103,0.7088746449253331
s09M0923,0.0,0.0,0.0,0.030333889729563898,0.0,0.0002724758257353374,0.0,0.0,0.037648338491869576,0.0,0.0,0.06602475657206587,0.0,0.0,0.011863832043144779,0.0,0.172942446039987,0.0,0.0,0.0,0.0,0.0,0.0,0.0,0.0,0.0004898163950829915,0.0,0.6804244449025505
s10M0923,0.0,0.0,0.0,0.04477920314928968,0.0,0.00023304207463519533,0.0,0.0,0.05834006300390921,0.0,0.0,0.0,0.0,0.0008658507844773918,0.00834349800842885,0.0,0.19119194091076708,0.0,0.0011857818457949446,8.351130360016025e-05,0.001530323807180119,0.0,0.0,0.0,0.0,0.0007336031656054301,0.006735052361763094,0.6859781295845488
s11M0923,0.0,0.0,0.0,0.07250640557179783,0.0,0.0005000026675094087,0.0,0.0,0.09911042693890093,0.0,0.0005811595239506001,0.09969461229246357,0.0,0.0,0.0,0.0,0.22234548424652334,0.0,0.0,0.0014178812607911395,0.0,0.0,0.0,0.0,0.0,0.0,0.002066095449848004,0.5017779320482152
s12M0923,0.0,0.0,0.0,0.008222411686958066,0.0,0.0028714064337374725,1.3635612507345061e-05,0.0,0.24158950038176122,0.008054091690153597,0.0014453432634051737,0.0,0.0024515232289137948,0.0016790422399207848,0.004917494287178376,0.00016434118946815227,0.20471716064181228,0.0,0.007417185441796851,0.0013907367328339416,0.0,0.0,0.0,0.0,0.0,0.0,0.005905143380754999,0.509160983788798
s13M0923,0.0,0.0,0.0,0.027773861507035463,0.0,0.0022023581133805365,0.0,0.0,0.18921101688502054,0.0027096752807705625,0.0007218720735691123,0.06956834300018983,0.0,0.0016174665661426754,0.008416674532721552,0.0003448094367905776,0.24528588257901343,0.0007349480570776411,0.01830193331127933,0.0014850792729546875,0.0,0.0,0.0,0.0,0.0,0.0,0.0009741169527037105,0.43065196243135034
s14M0923,0.0,0.0,0.0,0.005943433831143613,0.0,0.0,0.0,0.0,0.2729010248776805,0.048247698012659726,0.011943226173701244,0.0,0.10499166680792024,0.0,0.009624280977019666,0.0,0.029198661126429618,0.05463042959881134,0.3685724447210004,0.0,0.0,0.0,0.002607358765028322,0.0,0.0,0.0,0.0,0.09133977510860536
s15M0923,0.0,0.0,0.0004713240738615286,0.0,0.0,0.0,0.0,0.0,0.0640181819659618,0.18148099336784085,0.00953002444891041,0.0,0.12923105571044402,0.0,0.0,0.07254682366537828,0.0,0.14221693400692278,0.3989235816419422,0.0,0.0,0.0,0.0,0.0,0.00017171632464046925,0.0,0.0,0.001409364794097572
s01X0923,0.0,0.0,0.0,0.0005347192262197862,0.0,0.0,0.0,0.0,0.0031679473822693424,0.15343066943984784,0.001941644215784791,0.0,0.12122465126782375,0.0,0.0,0.4937620257461723,0.0,0.21029442062439707,0.015643922097485167,0.0,0.0,0.0,0.0,0.0,0.0,0.0,0.0,0.0
s02T0923,0.0,0.0,0.00028959168854288673,0.0,0.0,0.0,0.0,0.0,0.0,0.005285965208850967,0.0019758007557670126,0.0,0.2366492924169486,0.2098344273983143,0.0,0.22963562529071774,0.001363973349229489,0.04862422146660982,0.0,0.0002834650132079206,0.0,0.0,0.0,0.0,0.0,0.0,0.2567389337234714,0.00931870368834003
s03T0923,0.0,0.000604501875428009,0.0002658971531930248,0.0,0.0,0.0,0.0,0.0009875749684147433,0.0,0.0,0.0030337383084300916,0.0,0.22965472935580258,0.2559628576499983,0.0,0.1642655762527554,0.0003041646443895475,0.037348005921434536,0.0009620364881436934,0.008687803031716984,0.0,0.0,0.0,0.0,0.0,0.0,0.29135813744950273,0.006564976900790497
s04T0923,0.0,0.00023676095278932297,0.0010631102201889054,0.0,0.0,0.0,0.0,0.0004958872659878588,0.0,0.0,0.0014316179156385572,0.0,0.19088150362556308,0.11912028347147306,0.0015734757764142371,0.20495484903369152,0.0,0.036353823820132906,0.0,0.2253366721903938,0.0,0.0,0.0,0.0,0.0,0.0,0.21418646215564416,0.0043655535720825474
s05T0923,0.15685407449384975,0.0,0.0,0.007457175985170172,0.0,0.0,0.0,0.00047169647790315343,0.0,0.0,0.006085658813448352,0.0,0.17553240793805822,0.24560512959972994,0.0,0.07042468952571848,0.0,0.045715959476747996,0.008267426724537785,0.015986188820960586,0.0,0.0,0.0,0.0,0.0,0.00010601448236177039,0.2577079120865589,0.00978566557495489
s06T0923,0.04458704889983917,0.0,0.0008517045289772773,0.0027814348362960816,0.0,0.0,0.0,7.183345934821551e-05,0.0,0.0,0.0087855516762496,0.0,0.15041323672463555,0.0826603414540998,0.002019371216952816,0.00975783739699598,0.0,0.05097853346322844,0.004448242122207575,0.36824709580146214,0.08195952582418298,0.0,0.0,0.0,0.0,0.0,0.18983195727039495,0.0026062853251293708
s07T0923,0.0,0.0,0.0009023594110979086,0.0019865283811396537,0.0,0.0,0.0,0.0012059576118643948,0.0,0.005143616436779062,0.008761920492926959,0.0,0.15445840806313574,0.23884497194266482,0.0,0.1232955203021611,0.0006022503375941648,0.03434669029862152,0.006979674553221205,0.13659225540828154,0.0,0.0,0.0,0.0,0.0,0.0,0.27745717672420767,0.009422670036304207
s08T0923,0.0,0.0,0.0,0.0019350161871165162,0.0,0.0,0.0,0.0,0.021788574516507977,0.0,0.0,0.0174744372198025,0.0,0.0,0.0,0.0,0.17494836151951404,0.0,0.0,0.0,0.0,0.0,0.0,0.0,0.0,3.729671035572835e-05,0.0,0.7838163138467031
s09T0923,0.005250456511364844,0.0,0.0,0.01609722836425954,0.0,0.0001082662583395034,0.0,0.0,0.03200591547346424,0.0,0.0,0.00011664064379925728,0.0,0.0008500234323386531,0.005932346219918465,0.0,0.20157595635035333,0.0,0.0,0.0,0.0,0.0,0.0,0.0,0.0,0.00033070152582390626,0.0,0.7377324652203382
s10T0923,0.006343428141298205,0.0,0.0,0.028391363114368393,0.0,0.0005270511324431435,0.0,0.0,0.033360111175224375,0.0002585323017262346,0.0,0.0,0.0,0.0012877553360877182,0.010598462405625057,0.0,0.2504594110665234,0.0,0.00011642581524755109,7.493966823043436e-05,0.0,0.0,0.0,0.0,0.0,0.0008864698530526026,0.0,0.6676960499901727
s11T0923,0.01095065729430577,0.0,0.0,0.042250005180486494,0.0,0.0009379405519578041,0.0,0.0,0.050050162313064805,0.0,0.0,0.08213049696374083,0.0,0.00016715231047621988,0.0043054671822627105,0.0,0.26437034966905687,0.0,0.0,0.0005639640154142719,0.0,0.0,0.0,0.0,0.0,0.0,0.0,0.5442738045192342
s12T0923,0.022574376453942006,0.0,0.0,0.05020183620139613,0.0,0.0016977395496746606,0.0,0.0,0.0684068293167178,0.00016625007665965286,0.0,0.04436733837030743,0.0,0.0,0.007510304105136647,0.0,0.34758661046525197,0.0,0.0010476748087461516,0.00025140602710708814,0.0,0.0,0.0,0.0,0.0,0.0,0.0,0.45618963462506046
s13T0923,0.0062697810382071565,0.0,0.0,0.030302551229869534,0.0,0.00226676150480615,0.0,0.0,0.10368969820371494,0.0007133154858962784,0.0,0.13308439118780893,0.0,0.0,0.030449599096708874,0.0,0.414105472816109,0.0,0.0,0.0006021751837046434,0.0,0.0,0.0,0.0,0.0,0.0,0.003192205622970934,0.27532404863020354
s14T0923,0.09217299334038505,0.0,0.0,0.04163140610377322,0.0,0.003492336290100068,0.0,0.0,0.25958556247836784,0.0012230046101756652,0.0026487342314786425,0.13063661889609876,0.012211323637688445,0.0,0.033679677863582634,0.0010671432389060735,0.19323774605766705,0.0037489721760277923,0.009529077101995366,0.0018501931841278757,0.0,0.0,0.0,0.0,0.0,0.0,0.022523172175383778,0.1907620386142418
s15T0923,0.0,0.0,0.0,0.004439403171632037,0.0,0.0,0.0,0.001324695557765267,0.12893318785105265,0.16280667871832577,0.007337016955269955,0.0,0.14442730713063373,0.0,0.011097507815348904,0.2907376389063497,0.01597971761320701,0.11204776296639561,0.02447734081041183,0.0,0.0,0.0,0.0,0.0,0.0,0.0,0.0,0.09639174250360766
s02M1023,0.08654860502692234,0.0,0.0,0.001020009070212495,0.0,0.0,0.0,0.0,0.0,0.0,0.0012540991132224662,0.0,0.1521726787406078,0.3155708958394332,0.0,0.1901270707574453,0.0,0.030092040923555177,0.002037080672940087,0.0026804263161121435,0.01474779827244079,0.0,0.0,0.0,0.0,0.0,0.1975101184396088,0.006239176827499289
s03M1023,0.049801476398692104,0.00022543268278587503,0.0,0.0,0.0,0.0,0.0,0.0015937504390212448,0.0,0.0008836547247078738,0.0022584128914701416,0.0,0.16442768579902034,0.2652005738041533,0.00019625991533500411,0.19327202623529446,7.135125786392847e-05,0.03048049279362649,0.012910988284465732,0.0022324040575844514,0.04867376802507113,0.0,0.0,0.0,0.0,0.0,0.21800874572562046,0.009762976965287499
s04M1023,0.31683598889602543,0.0,9.294178644811956e-05,0.002015749790265674,0.0,0.0,0.0,0.0003477604291068541,0.0,0.0035961880368468656,0.0,0.0,0.08470850657498255,0.11697757289924138,0.0,0.1835371825463656,0.0,0.002431905606921227,0.04417330471347668,0.000503070355829869,0.028388739265166094,0.0,0.0,0.0,0.0,0.0009179115748752422,0.20943587816636958,0.006037299358078794
s05M1023,0.1826168104560928,0.0,0.0004930020323165172,0.0034291438746877193,0.0,0.0,0.0,0.0,0.0,0.003401421701668719,0.0009574400420225743,0.0,0.10020438441050443,0.10401819254943576,0.0,0.10437116940382703,0.0,0.0,0.2738565012843717,0.0013928131514401576,0.03156794191556978,0.0,0.0,0.0,0.0,0.0,0.19035710905095474,0.0033340701271081085
s06M1023,0.36771730457541707,0.0,0.0003454058148094909,0.0,0.0,0.0,0.0,0.0,0.0,0.004336328926582176,0.0020282017753422876,0.0,0.10148387614483091,0.099343614291699,0.0,0.12676562356699933,0.0,0.0017728661812840027,0.04639976060416633,0.0,0.01379302166813829,0.00019945383358944922,0.0,0.0,0.0,0.0,0.2264017478644821,0.009412794752659472
s07M1023,0.0,0.0,0.0,0.0,0.0,0.0,0.0,0.0,0.0,0.006897393597040559,0.0006627282600476219,0.0,0.17094334531373226,0.15075302995398251,0.0,0.37241738447191225,0.0,0.0,0.023413842348306995,9.982718404144654e-05,0.0,0.0,0.0,0.0,0.0,0.0,0.2612423951648556,0.01357005370608086
s08M1023,0.0,0.0,0.0,0.00641530854808865,0.0,0.00010025223701742754,0.0,0.0,0.01495964773501197,0.0,0.0,0.0,0.0,3.433369387076771e-05,0.0,0.0,0.21483272675869466,0.0,0.00025188639612463455,0.00040224106063753076,0.0,0.0,0.0,0.0,0.0,0.00023645410137462596,0.0,0.7627671494691798
s09M1023,0.0,0.0,0.0,0.0552237110968609,0.0,0.0,0.0,0.0,0.02625699847479358,0.0,0.0,0.11437627944731539,0.0,0.0,0.0,0.0,0.2428687322906942,0.0,0.0,0.0001509335040524921,0.0,0.0,0.0,0.0,0.0,0.0,0.0,0.5611233451862835
s10M1023,0.0,0.050872696824081985,0.0,0.06857795754390142,0.0,0.0,0.0,0.0,0.6037218976853704,0.0011113055735446763,0.004521112361008747,0.1353990348361975,0.0,0.0018291889267791673,0.011616630655100407,0.0012283269203216367,0.025044073112158484,0.0,0.0,0.002489223265340038,0.0,0.0002828332747069003,0.010073764701757972,0.0,0.0005658849453692313,0.006713465923962314,0.04846859241179853,0.027484011038600546
s11M1023,0.017104345007179098,0.0,0.0,0.023820059017530846,0.0,0.0002560348783631546,0.0,0.0,0.08925117117748037,0.0,0.00016250541171855036,0.08329607791815007,0.0,0.0,0.03539966137002605,0.0,0.22277322989561457,0.0,0.0,0.0002829685170180742,0.0,0.0,0.0,0.0,0.0,0.00039313375961119794,0.0,0.527260813047308
s12M1023,0.0,0.0,0.0,0.06301922955528304,0.0,0.0001218347679580826,0.0,0.0,0.04341863857378896,0.0,0.0,0.10533690014992157,0.0,0.0,0.0037461574134613302,0.0,0.2595762871568143,0.0,0.002260467188051585,0.000602235937032803,0.0,0.0,0.0,0.0,0.0,0.0,0.0072696457784303115,0.5146486034792579
s13M1023,0.2049180098359939,0.0,0.0,0.05717569365205948,0.0,0.0017032707437570657,0.0,0.0016492554043886275,0.09261512518734596,0.002505379941173284,0.0,0.09238839775482278,0.004558199874366675,0.0023244040469532126,0.07756076823086826,0.003943305863334907,0.20685655779126624,0.0,0.016816221040679338,0.0020742923774477854,0.0,0.0,0.0,0.0,0.0,0.0011250790999911072,0.018212843696108094,0.21357319545944323
s14M1023,0.16331585410308047,0.0,0.0,0.02945933580919461,0.0,0.0,0.0,0.0,0.12298395880631842,0.01400761468422407,0.010795612576871335,0.030684971975297178,0.1583330854679845,0.028661153014609423,0.010467214483058747,0.06362840020233904,0.06139378138720123,0.035828192746287346,0.028678285200883318,0.002421630580401495,0.0,0.0,0.0,0.0,0.0,0.0005548532369215455,0.11479967334277315,0.12398638238255395
s15M1023,0.10030794104434475,0.006675078185492521,0.0,0.02189898169211959,0.0,0.0,0.0,0.00036059583775934785,0.06507794973712443,0.017270114677544336,0.006459619014255392,0.01673484060312426,0.21177063357355,0.11451877000971523,0.013050304709876547,0.02566577075441328,0.00956465675731405,0.0454792278159346,0.18997042159499755,0.0007751666999379659,0.0,0.0,0.0,0.0,0.0,0.0,0.11303774236593363,0.041382184926562524
s01X1023,0.1262109735958692,0.0010275878371746312,0.0005081022097646117,0.0,0.0,0.0,0.0,0.0,0.0,0.0233408053274959,0.004347413013569951,0.0,0.1837663527649463,0.1805504863958197,0.003088587306661485,0.15872953892135488,0.0,0.06557801594478521,0.044926353422718425,0.0015811005666591233,0.0,0.0,0.0,0.0,0.0,0.0,0.20287700959271762,0.0034676731004629163
s02T1023,0.08801951066615972,0.0,0.0,0.0025959455173080593,0.0,0.0,0.0,0.0014636176675095335,0.0,0.05298695384069651,0.0020205949639003572,0.0,0.1461538037681144,0.19213821764212352,0.0,0.26984777313205405,0.005410210369762875,0.0813845544963031,0.008389951517939292,0.0017571811151254172,0.0,0.0,0.0,0.001186345175435238,0.0,0.0,0.14158808259322608,0.005057257534341887
s03T1023,0.08713931158978157,0.0,6.92719809249058e-05,0.0016770416923617764,0.0,0.0,0.0,0.0020145056177554316,0.0,0.08602242716412363,0.0,0.0,0.09111960714718251,0.11209534157108066,0.0,0.39578482332959286,0.0,0.054464197503952566,0.03929894750525791,0.0,0.0,0.0,0.0,0.0,0.0,0.0,0.1268936558062294,0.0034208690917567216
s04T1023,0.15857764728343351,0.0043009482321245225,0.0,0.00047176997107019314,0.0,0.0,0.0,0.000912595434600169,0.0,0.025565520924951658,0.005108269679395607,0.0,0.167117964939285,0.16665989498196354,0.004194476253146374,0.19987092740811993,0.0,0.06810952822706061,0.005394162337397459,0.0030035416580558457,0.0,6.806897100292711e-05,0.0,0.0,0.0,0.0,0.18466477571126544,0.005979907987127176
s05T1023,0.0,0.0,0.0013711995311747017,0.005138037534296059,0.0,0.0,0.0,0.0,0.0,0.08069903206950681,0.0007415914251810536,0.0,0.1971608736644892,0.03060523764957689,0.0,0.435654755132753,0.0,0.01766804433641746,0.0,0.0016644214858315813,0.0,0.0,0.0,0.0,0.0,0.0,0.22826726671590086,0.0010295404548724234
s06T1023,0.19422993262705276,0.0,0.0007198839174507058,0.001574165951169699,0.0,0.0,0.0,0.0,0.0,0.024347913319050125,0.0019660895198734675,0.0,0.14943303246824796,0.11385179956882518,0.0,0.25781243592252284,0.0,0.0,0.0,0.002359895870089136,0.0,0.0,0.0,0.0,0.0,0.002727840426951615,0.2459008590842187,0.005076151324547808
s07T1023,0.06274242379030356,0.0,0.00021209517351799065,0.0014781790663263932,0.0,0.0,0.0,0.00014217368090437945,0.0,0.041516129689562656,0.004410180576747393,0.0,0.2080774743270774,0.24591051473609568,0.0,0.11003474319095281,0.0,0.0429842921725936,0.0,0.0014233902604592914,0.0,0.0,0.0,0.0,0.0,0.0,0.27062298902427806,0.010445414311180805
s08T1023,0.0,0.07684155111166863,0.0,0.040553478018108144,0.0,0.0,0.0,0.0,0.018844126714059814,0.0,0.0,0.19201836614532403,0.0,0.0,0.0,0.0,0.18923923968383438,0.0,0.0,0.00020815648799193083,0.0,0.0,0.0,0.0,0.0,0.0,0.0,0.4822950818390131
s09T1023,0.09469494828384573,0.0,0.0,0.07695742257742329,0.0,0.00014516975638526487,0.0,0.00028899019026348816,0.06061189808044772,0.00012465635651501183,0.0,0.09263777003189178,0.003224665001575604,0.003387260919513174,0.05133484053449538,0.0,0.35145502340807,0.0,0.0,0.0021193621047413277,0.0,0.0,0.0,0.0,0.0,0.0005277378781829187,0.0018846564272975228,0.2606055984493518
s10T1023,0.0,0.0313773283688181,0.0,0.06132640379454569,0.0,0.0005602700411093385,0.0,0.0,0.1618453482983543,0.0,0.0008110187578880314,0.18000693014904376,0.0,0.0,0.0,0.0,0.3064234401228559,0.0,0.0,0.0014429428767300395,0.0,0.0,0.0,0.0,0.0,0.00014388851671561938,0.009212789059481506,0.24684964001445786
s11T1023,0.0,0.017601009482491978,0.0,0.04180745592674043,0.0,7.855551470242797e-05,0.0,0.0,0.29371641709898677,0.00013129840926495012,0.0037381755404427104,0.141211037874037,0.000613852970970664,0.001996693379582751,0.05217350557736377,0.0,0.15564474362037573,0.0,0.067349181015081,0.0014564045488883693,0.0,0.0,0.0,0.0,0.0,0.0011560206096117467,0.02025340771305052,0.20107224071840918
s12T1023,0.0,0.006381113537736198,0.0,0.02125985322214267,0.0,0.0,0.0,0.0,0.054128509617636954,0.0,0.0,0.05926501549453045,0.0,0.000642840112017873,0.02221738369199053,0.0,0.33070007330996554,0.0,0.09849369150502307,0.0,0.0,0.0,0.0,0.0,0.0,0.0,0.0,0.4069115195089567
s13T1023,0.0,0.0,0.0,0.00897915676232932,0.0,0.0,9.819480068121906e-05,0.0,0.011956523025090315,0.0,0.0,0.0,0.0,0.0007427602089275942,0.0,0.0,0.3296602442441407,0.0,0.18778290866675704,0.0,0.0,0.0,0.0,0.0,0.0,0.0,0.0,0.4607802122920738
s14T1023,0.0,0.0,0.0,0.0038248919508180935,0.0,0.00045607409574506427,0.0,0.0,0.07002676059487764,0.00484534452168143,0.0,0.0,0.009914111625198159,0.003394875044041775,0.002803517668068739,0.0015848905975341509,0.24217237599194472,0.0,0.21026739755205925,0.0,0.0,0.0,0.0,0.0,0.0,0.0,0.0,0.45070976035803095
s15T1023,0.07467597089518709,0.021868168158007663,0.0,0.01924188227607721,0.0,0.0,0.0,0.0,0.16187669629503704,0.026342314007541997,0.007535840875973232,0.01496958094792096,0.23781012652679884,0.19960390286147517,0.009062153579076004,0.02783697826518902,0.0012134702602277282,0.027914652605986145,0.046240134116125514,0.0,0.0,0.0,0.003744573233251433,0.0,0.0,0.0,0.07160910770463691,0.04845444739148811
s02M1123,0.0,0.0,0.0,0.0,0.0,0.00240645525867722,0.0,0.0,0.0,0.08263382962054056,0.002356966132492996,0.0,0.20765770434582606,0.17848904592961662,0.0,0.23068734159802906,0.002680055358940749,0.025336832372046165,0.004146324805290083,0.0,0.0,0.0,0.0,0.0,0.0,0.0,0.252340628245707,0.011264816332833527
s03M1123,0.0,0.0,0.00035529056970964054,0.0,0.0,0.0,0.0,0.0,0.0,0.09714927951187617,0.000627251585140237,0.0,0.17218867139832714,0.18849945137674431,0.0,0.3368907004640408,0.0,0.000176170476138408,0.0,0.0004712975911560559,0.0,0.0,0.0,0.0,0.0,0.0,0.1998413248122109,0.0038005622146564163
s04M1123,0.0,0.0,0.0007881124994555503,0.0,0.0,0.0,0.0,0.0007650976356304461,0.0,0.0523689957014161,0.0,0.0,0.150653777679079,0.1637696255879492,0.0,0.3004586380754955,0.0,0.0,0.0027707732644051677,0.00032275400289890715,0.0,0.0,0.0,0.0,0.0,0.0,0.3234884016792822,0.004613823874387929
s05M1123,0.1702418321598654,0.0,0.0006212821763661657,0.0,0.0,0.0,0.0,0.0,0.0,0.014957163919659138,0.0,0.0,0.12593485104871285,0.24607603124163746,0.0,0.16969987132511968,0.0,0.0,0.027055260582644857,0.005095357729926934,0.0,0.0,0.0,0.0,0.0,0.0,0.23731856573238888,0.0029997840836787516
s06M1123,0.0677252516840852,0.0,0.0,0.0,0.0,0.0,0.0,0.0016837866222665697,0.0,0.06497344698149443,0.0,0.0,0.14300810629488667,0.05929905173699177,0.0,0.2420867108532676,0.0,0.0,0.13184683799698554,0.0013545095954848583,0.0,0.0,0.0,0.0,0.0,0.0,0.27890329668371977,0.00911900155081764
s07M1123,0.0,0.0,0.00015229980821330818,0.0,0.0,0.0,0.0,0.0,0.0,0.06132030765843533,0.0,0.0,0.1520247914394227,0.230012727633855,0.0,0.28138772452245464,0.0,0.0,0.04753684913433015,0.0,0.0,0.0,0.0,0.0,0.0,0.0,0.22392119788794979,0.0036441019153390744
s08M1123,0.0,0.0,0.0,0.035531684444899715,0.0,0.0,0.0,0.0,0.006942482969564776,0.0,0.0,0.0,0.0,0.0008880221630830488,0.0,0.0,0.3325156430330895,0.0,0.0,0.0,0.0,0.0,0.0,0.0,0.0,2.9696521683068806e-05,0.0,0.6240924708676798
s09M1123,0.0241075303765097,0.0,0.0,0.018665386084914335,0.0,0.0,0.0,0.008491609115771185,0.1786473121102902,0.0,0.0006702404883828068,0.0,0.018219864774958242,0.001305394733685161,0.007681377436928957,0.0,0.24521530277637382,0.0005549571892791869,0.0017646891330589613,0.0,0.0,0.0,0.0,0.0,0.0,0.00010806069042811327,0.027705845446454703,0.46686242964296454
s10M1123,0.06097497017355075,0.0,0.0022206039876720507,0.004005246351731704,0.0,0.0,0.0,0.00031486997695340816,0.5763867789453461,0.06965527055576011,0.012228066179291428,0.0,0.12063808227185338,0.015371743414657427,0.01205614506528904,0.004485867106392688,0.0,0.013773684423408155,0.0,0.0,0.0,0.0002936885506155097,0.03115961737792078,0.0,0.0022333649756833356,0.0,0.014117476273635951,0.06008452437023845
s11M1123,0.030313566972531715,0.0,0.0,0.025702928935521802,0.0,0.0,0.0,0.0,0.34086571637807955,0.004495065730277655,0.002805408997941293,0.050670321782536304,0.06598959219574743,0.0026640898703850953,0.005769629126268392,0.005474895090019435,0.1337784423116255,0.008682698550336931,0.002034887167405849,0.0,0.0,0.0,0.014953859496953572,0.0,0.0,0.0,0.010919952317563618,0.29487894507680584
s12M1123,0.0,0.0,0.0,0.0028044479344710967,0.0,0.0,0.0005264891852082882,0.0,0.26599199668233325,0.046667257473582774,0.0,0.032992445084747565,0.09497435559486088,0.0,0.0,0.011575426520054501,0.06897860125155773,0.0,0.19957125976180293,0.0,0.0,0.0002375526305575076,0.00728425478891719,0.0,0.0006808445665725491,0.0,0.0,0.2677150685253339
s13M1123,0.0,0.0,0.0,0.015579557264194417,0.0,0.0,0.0,0.0,0.4317651388227809,0.13138206853621692,0.0004531701963139554,0.0,0.139599319709911,0.0,0.0,0.018976617126609554,0.041254855952765034,0.0,0.053015076047318414,0.0,0.0,0.0,0.0,0.0,0.0,0.0,0.0,0.16797419634388983
s14M1123,0.0,0.0,0.0,0.0,0.0,0.0,0.0,0.0,0.34624269403807806,0.18588070057732828,0.0,0.0,0.13778527708534205,0.0,0.0,0.00286297765012431,0.013544036663224936,0.0,0.17871837468767815,0.0,0.0,0.0,0.003952868959798657,0.0,0.0,0.0,0.0,0.1310130703384255
s15M1123,0.0,0.0,0.0,0.00229395408950039,0.0,0.0,0.0,0.0,0.129029311332594,0.17329188810337962,0.0,0.0,0.14591981137847312,0.043226084015776885,0.0,0.07516514826287797,0.0032116458786466033,0.0,0.3660360624066761,0.0,0.0,0.0,0.0,0.0,0.0,0.0,0.014922986555833422,0.04690310797624188
s01X1123,0.182997782949338,0.0,0.0004953482837805911,0.001379182575858897,0.0,0.0,0.0,0.0,0.0,0.014672152062407129,0.00043524640144273477,0.0,0.11045290989053828,0.3944436802009435,0.0,0.12631479492323797,0.0,0.0019236202361695063,0.04683671125392422,0.001270435088375792,0.0,0.0,0.0,0.0,0.0,0.0,0.11821627458423295,0.00056186154975049
s02T1123,0.0,0.0,0.0007835470990142242,0.005966325348115768,0.0,0.0,0.0,0.0,0.0,0.06284901676366685,0.0,0.0,0.1619587951531313,0.1456458490686049,0.0,0.4498760193793672,0.0,0.0,0.0,0.001678179431074335,0.0,0.0,0.0,0.0,0.0,0.0,0.1692290571063894,0.0020132106506360356
s03T1123,0.10198742116581787,0.0,0.00013467974769311629,0.0038837963796982612,0.0,0.0,0.0,0.0,0.0,0.0318766343291186,0.0,0.0,0.1259747413153781,0.15181905454931705,0.0,0.44532454006028255,0.0,0.0,0.0,0.0027710984349552143,0.0,0.0,0.0,0.0,0.0,0.0005609777555814415,0.13566705626215794,0.0
s04T1123,0.0,0.0,0.0006297803503493716,0.0,0.0,0.0,0.0,0.0,0.0,0.014878222178243559,0.0,0.0,0.1230041147062142,0.24697744326957222,0.0,0.2427465758493911,0.0,0.0,0.0,0.2538744726510209,0.0,0.0,0.0,0.0,0.0,0.0,0.11713862729180419,0.0007507637034044905
s05T1123,0.17294337834428478,0.0,0.00010709413856349545,0.0002073333422661338,0.0,0.0,0.0,0.0,0.0,0.017768000938045578,0.0,0.0,0.14189974219392737,0.30632130423188847,0.0,0.161487628627668,0.0,0.0,0.0,0.0002981460547724909,0.0,0.0,0.0,0.0,0.0,0.0,0.19284539159513558,0.006121980533448179
s06T1123,0.006305660373918102,0.0,0.0013723302009751434,0.0064866278008927965,0.0,0.0,0.0,0.0,0.0,0.007016151448206632,0.0,0.0,0.18982911101695524,0.25860205127941627,0.0,0.27040372665726686,0.0,0.0,0.0,0.006595117344337238,0.0,0.0,0.0,0.0,0.0,0.0,0.2489539168530894,0.004435307024942321
s07T1123,0.061844555178051035,0.0,0.000597310221776385,0.004235032833585592,0.0,0.0,0.0,0.0,0.0,0.019829319323815445,0.0,0.0,0.1623406000266076,0.3642001873392649,0.0,0.1841684049011433,0.0,0.0,0.0,0.003188206887113482,0.0,0.0,0.0,0.0,0.0,0.0,0.19655516559235822,0.0030412176962839733
s08T1123,0.0,0.0,0.0,0.0,0.0,0.0,0.0,0.0,0.008847528202321153,0.0,0.0,0.0,0.0,0.000630086773556681,0.0,0.0,0.3510303139296326,0.0,0.0,0.0,0.0,0.0,0.005234702678552357,0.0,0.0,0.0,0.0,0.6342573684159372
s09T1123,0.0,0.0,0.0,0.0,0.0,0.0,0.0,0.0,0.0,0.00014257703431942424,0.0,0.0,0.0010609871821739751,0.0,0.0,0.00035430514588699684,0.4273834385536685,0.0,0.0,0.0,0.0,0.0,0.002055550806206988,0.0,0.0,0.0,0.0,0.5690031412777442
s10T1123,0.025882242681809255,0.0,0.0,0.002512799478858598,0.0,0.0,0.0,0.0007837012515472443,0.06907316099322544,0.0009096568766871483,0.00038273699965879157,0.0,0.009311378893130792,0.0027496720010837584,0.020549897154931236,0.0,0.4606989804918523,0.0004304697097924525,0.0,0.0005759426642780909,0.0,0.0,0.0,0.0,0.0,0.0006919555091415627,0.0007197719955784045,0.40472763329842487
s11T1123,0.0,0.0,0.0,0.0,0.0,0.0,0.0,0.0,0.17532150257560772,0.031174066262681304,0.0004474867807105984,0.0,0.046054015345288024,0.0,0.0,0.009648593427195215,0.31066905785049714,0.0,0.0,0.0,0.0,0.0,0.009001848584120791,0.0,0.0,0.0,0.0,0.41768342917389917
s12T1123,0.0,0.0,0.0,0.007881900374141604,0.0,6.599901346331175e-05,1.5419193413899873e-06,0.0,0.08219301698591011,0.0031291764887301362,0.0,0.0,0.010497623066537818,0.0009330444456209202,0.0,0.0022156636541200633,0.5051315565462171,0.0,0.0,0.0,0.0,0.0,3.550698233182314e-05,0.0,0.0,0.0,0.00459914511780546,0.3833158254057801
s13T1123,0.0,0.0,0.0,0.0,0.0,0.0,0.0,0.0,0.09443061637454463,0.010502764174009546,0.0,0.0,0.027280373812506937,0.0,0.0,0.003745450457278243,0.40590295856711883,0.0,0.0,0.0,0.0,0.0,0.0030657721730677355,0.0,0.0,0.0,0.0,0.4550720644414741
s14T1123,0.0,0.0,0.0,0.0,0.0,0.0,0.0,0.0,0.22286756476078545,0.09827016616204587,0.0,0.0,0.1348831664985446,0.0,0.0,0.022311857404498658,0.158468388408501,0.0,0.0,0.0,0.0,0.0,0.0039030180960681784,0.0,0.0,0.0,0.0,0.3592958386695563
s15T1123,0.0,0.0,0.0,0.007162805156557907,0.0,0.0,0.0,0.004352667829979702,0.19287224782195211,0.2695599373116382,0.003168750019056022,0.0,0.23181629485912034,0.059727881948380294,0.0,0.11655303626236076,0.0,0.0,0.0,0.0,0.0,0.0,0.0,0.0,0.0,0.0,0.06458657095034523,0.05019980784060933
s02M1223,0.0,0.0,0.0005891420899066858,0.004905637584583207,0.0,0.0,0.0,0.0,0.0,0.13717065068857182,0.0,0.0005709160685247331,0.26750591482867764,0.16700071059732866,0.0,0.27859698200573607,0.0011669874015833137,0.0,0.0032941896847039,0.0008019638073556691,0.0,0.0,0.0,0.0,0.0,0.0,0.13286959009339916,0.005527315149629075
s03M1223,0.5005350459135409,0.0,0.0,0.002820064622760544,0.0,0.0,0.0,0.0002712620190889746,0.0,0.04954109292108181,0.0,0.0,0.1087630357038702,0.0,0.0,0.1589880739175988,0.0,0.0,0.022060067273899652,0.0,0.007217373199908604,0.0,0.0,0.0,0.0,0.002007576603661506,0.13835923996346902,0.009437167861120066
s04M1223,0.3778288144069984,0.00021249026300467635,0.0004861059349188962,0.005222578401150946,0.0,0.0011502875704131963,0.0,0.0,0.010478152952257297,0.02862693549212474,0.0028267563736082755,0.0,0.1269327354714036,0.15316990939920877,0.0,0.08947304306019283,0.0,0.000588516331005347,0.04651159458355465,0.001076683072972941,0.02485655572449322,0.0,0.0,0.0,0.0,0.0,0.12595928578597354,0.004599555176718729
s05M1223,0.2264296461236718,0.0,0.0006427740832643485,0.012696142376073905,0.0,0.0,0.0,0.0,0.0,0.08423217862918428,0.0005330056345849444,0.00015050203606984267,0.1732030439230213,0.09825628998644749,0.0,0.17670029863229045,0.0,0.0,0.022852956742366256,0.0015676438867835458,0.043439656115111344,0.0,0.0,0.0,0.0,0.0,0.15286894011027255,0.0064269217208579804
s06M1223,0.2846479746863979,0.0,0.0005901267907586554,0.01172958482882811,0.0,0.0,0.0,0.0,0.0,0.09468243204174269,0.0014440286843271236,0.0,0.17201026691175808,0.06891908852514668,0.0,0.20522760251072317,0.0,0.0,0.001979319231357883,0.0008164507230192711,0.011089768354969179,0.0,0.0,0.0,0.0,0.0,0.1427920217722954,0.004071334938675702
s07M1223,0.0,0.0,0.00017062640308917969,0.005742653817658973,0.0,0.0,0.0,0.0,0.022443982123137054,0.28100943862643285,0.0,0.0,0.23642345458251152,0.0784712429974353,0.0,0.2737262966260522,0.0,0.0,0.0,0.0,0.0,0.0,0.0,0.0,0.0,0.0,0.08697603012182724,0.015036274701855723
s08M1223,0.0,0.0,0.0010189161930685795,0.0,0.0,0.0,0.0,0.0,0.0,0.0,0.0,0.0,0.0,0.0,0.0,0.0,0.6061640177846739,0.0,0.0,0.0,0.0,0.0,0.003536927879838813,0.0,0.0,0.0,0.0,0.3892801381424187
s09M1223,0.0,0.0,0.020003628812474892,0.0,0.0,0.0,0.0,0.0009881142410084337,0.008142380930607294,0.001677393169888411,0.0,0.0,0.006997765059076901,0.0016339813092985057,0.0,0.0,0.9120573292707388,0.0,0.0003381617327661082,0.0,0.0,0.0,0.008362312761928286,0.0,0.00047464711230985957,0.0,0.0,0.0393242855999025
s10M1223,0.0,0.0,0.005274894814778229,0.0,0.0,0.0,0.00035876348097013384,0.0,0.6616352247500873,0.15114529339264363,0.0062389075320437,0.0,0.11688451106815757,3.0514019190524495e-05,0.0,0.0,0.002124486913522734,0.0,0.0,0.0,0.0,0.0,0.0,0.0,0.0,0.0,0.0,0.056307404028606074
s11M1223,0.0,0.0,0.004064122032014199,0.0,0.0,0.0,0.0,0.007830606746289409,0.29793700785612226,0.04767947075342111,0.001455559092010602,0.0,0.026610809590104978,0.004114742943403059,0.003163836696211054,0.0,0.49716105194783977,0.00046879682896396876,0.0,0.0,0.0,0.0,0.005669767045379257,0.0,0.0,0.0,0.0,0.10384422846824039
s12M1223,0.0,0.0,0.0,0.0,0.0,0.0,0.0,0.0,0.3415983458506246,0.1329426292759559,0.0,0.0,0.09044489351862067,0.0,0.0,0.0,0.16168015131527202,0.0,0.0,0.0,0.0,0.0,0.0,0.0,0.0,0.0,0.0,0.2733339800395268
s13M1223,0.0,0.0,0.0,0.0,0.0,0.0,0.0,0.0015957571056709958,0.221321881266759,0.4829874662828396,0.0,0.0,0.16210971881108852,0.0,0.0,0.0006717490565983775,0.02650848978930119,0.0,0.0,0.0,0.0,0.0,0.0,0.0,0.0,0.0,0.0,0.10480493768774236
s14M1223,0.0,0.0,0.0,0.0038848064418137624,0.0,0.0,0.0,0.0,0.18648763665087942,0.40866302272608157,0.0,0.0,0.21143072729380055,0.0,0.0,0.11371866252001304,0.010274282286166893,0.0,0.0,0.0,0.0,0.0,0.0,0.0,0.0,0.0,0.0,0.06554086208124477
s15M1223,0.0,0.0,0.0,0.0010736266562941953,0.0,0.0,0.0,0.003311769440856442,0.08847768578460223,0.361644714090882,0.0,0.0,0.17344882312957652,0.0,0.0,0.30978624498516977,0.0006408588256060448,0.0,0.0,0.0,0.0,0.0,0.0,0.0,0.0,0.0,0.0,0.06161627708701268
s01X1223,0.10780464298701073,0.0,0.0011869072033090415,0.02401998309295677,0.0,0.0,0.0,0.004129246106681852,0.0,0.029555079138106486,0.01363262453912827,0.0,0.2659563835206517,0.30751154903398015,0.0,0.0051375961164358995,0.0,0.02407314704342112,0.023651179882033756,0.0030079307939247825,0.0,0.0,0.0,0.0015558518712525924,0.0,0.0,0.18173149385294937,0.00704638481815739
s02T1223,0.24227694474939376,0.0,0.0,0.012657258713872497,0.0,0.0,0.0,5.267029496637706e-06,0.0,0.05399287347383799,0.0016553508450142852,0.0,0.20388691260295688,0.2423502015033287,0.0,0.08295697944088924,0.007413107978055927,0.0,0.0,0.0,0.0,0.0,0.0,0.0,0.0,0.0,0.14122290833343984,0.011582195329714206
s03T1223,0.19676330773796744,0.0,3.563592136292818e-05,0.005702465953059378,0.0,0.0,0.0,0.0,0.0,0.10259725341159705,0.0,0.0,0.18974567439210446,0.2337603492223352,0.0,0.13473355215595453,0.0,0.0,0.013643441455618605,0.0,0.0,0.0,0.0,0.0,0.0,0.0,0.1194964510628695,0.00352186868713078
s04T1223,0.2310945263868438,0.0002939909081662975,0.0004958230186455632,0.011656639325978052,0.0,0.0001243645513879302,0.0,0.0,0.0,0.04877492751114615,0.0041829081014202315,0.0,0.17409053912541547,0.11746806289210733,0.0,0.10397743256105205,0.0,0.0,0.141084868551082,0.01325514559617369,0.0,0.0,0.0,0.0,0.0,0.0,0.14777775492552042,0.0057230165450610675
s05T1223,0.29600442069220173,0.0,0.00030487840267987275,0.003167622967316291,0.0,0.0012245281551051482,0.0,0.0,0.0,0.08780435572984649,0.0010705755642696668,0.0,0.20435915358192808,0.11657446342400359,0.0,0.11180990981814665,0.0,0.0,0.0,0.0,0.0,0.0,0.0,0.0,0.0,0.0,0.17079769017957624,0.006882401484926206
s06T1223,0.04233091584018021,0.0,0.0001392652437950755,0.006641366890688561,0.0,0.000569079983221638,0.0,0.0,0.0,0.13948379306067363,0.007719145418670806,0.0,0.18739220229171952,0.17463001108940376,0.0,0.05425415876507798,0.0,0.0,0.24864013916109612,0.00011568935434808352,0.0,0.0,0.0,0.0,0.0,0.0,0.13279165720281338,0.005292575698311357
s07T1223,0.19531921282868506,0.0,8.10607952389235e-05,0.016124524932304523,0.0003895299466396928,0.0,0.0,0.0,0.01037121849889069,0.05480682946994124,0.010212508028352572,0.0,0.1392610532172531,0.15543908473423285,0.0,0.0,0.0,0.0,0.3122564960042289,0.0025841552655333105,0.0,0.0,0.0,0.0,0.0,0.0,0.10315432627869923,0.0
s08T1223,0.0,0.0,0.010975905546637695,0.0,0.0,0.0,0.0,0.0,0.0,0.0,0.0,0.0,0.0,0.0010365398303638597,0.0,3.1926186833461515e-05,0.7222969352323961,0.0,0.0,0.0,0.0,0.0,0.0075964051891380955,0.0,0.0,0.0,0.0,0.2580622880146309
s09T1223,0.09671059659677012,0.0,0.009268730974273783,0.0028431031840641403,0.001971705847643842,0.0,0.0,0.004940520516222727,0.04644744645256935,0.004609659019887328,0.0017607751934574888,0.0,0.025851294101827137,0.006967787987516816,0.01660078064652497,0.0,0.6236408383817613,0.0,0.010136998308894989,0.0003426533354349999,0.0,2.2976293687608492e-05,0.0055980392752321,0.0,0.0006402146357622941,0.0,0.00204874627778141,0.13959713297068763
s10T1223,0.0,0.0,0.0026555073432813535,0.011518164793397427,0.0,0.0,0.0,0.009548572608473355,0.3610383827433596,0.21690415709020885,0.005933001054400704,0.0,0.20275083325000695,0.031359931371141084,0.0,0.059792702040864315,0.0,0.0022854832276251514,0.024218080789394622,0.0,0.0,0.0,0.0,0.0,6.714308426823309e-05,0.0050224809333225245,0.04247098299712615,0.02443457667312952
s11T1223,0.03537073229305857,0.0,0.0009108611430907022,0.0,0.0023156054429026534,0.0,0.0,0.0037210353849219733,0.07648643156899886,0.023403119048261742,0.00021944514636497225,0.0,0.04084276435261096,0.003856910869322141,0.00823968493117232,0.004675074117749578,0.48625307720396743,0.0,0.06342011579238999,0.00013257951184706638,0.0,0.0,0.008917896472588558,0.0,0.0,0.0,0.014192733250835992,0.2270419334699165
s12T1223,0.0,0.0,0.0,0.0,0.0,0.0,2.9936996154477838e-05,0.0037076842723393942,0.17097284657195336,0.13498923832002271,0.0,0.009650720569226143,0.10819715203796251,0.0,0.023131459286955612,0.027264511098286544,0.13526943779898082,0.0,0.04177997490051076,0.0,0.0,0.0,0.004110332102058542,0.0,0.0,0.0,0.00020888547830332798,0.3406878205672458
s13T1223,0.0,0.0,0.0,0.018038580723980378,0.0,0.0,0.0,0.006082624351603367,0.2389099315622785,0.2500701661544225,0.0018745196399799452,0.0,0.1387359305924019,0.009690475563725553,0.0,0.03861991854393247,0.06414729327730061,0.0,0.1043448463691836,0.0,0.0,0.0,0.0,0.0,0.0,0.0,0.007768960137699627,0.12171675308349161
s14T1223,0.0,0.0,0.0,0.005142205524779094,0.0,0.0,0.0,0.0024875207536138562,0.2148705150638964,0.31915673174438514,0.0012983420028545036,0.0,0.1836010682904241,0.0,0.0,0.10927053218663496,0.03466068853811537,0.0,0.050373378348425125,0.0,0.0,0.0,0.0,0.0,0.0,0.0,0.0,0.07913901754687144
s15T1223,0.008211074330089736,0.0,0.0014554179740282774,0.02102616682029508,0.0,0.0,0.0,0.009771812166132246,0.18451382109778094,0.1680771652810524,0.0045989345770473455,0.0,0.1392669399336022,0.15047391367045945,0.0,0.0,0.0,0.0,0.25784357005508224,0.0009272258920313934,0.0,0.0,0.0,0.0058922074673163054,0.0,0.0,0.03417269057959642,0.013769060155485931
s02M1323,0.5796084016844804,0.0,0.0,0.0020049331910038945,0.0,0.0,0.0,0.0,0.020052564374097026,0.04465278445482232,0.006194406950686925,0.0,0.10693786063337213,0.16009526399568033,0.0,0.0,0.009050662050362281,0.0,0.0,0.0,0.0,0.00032133838127632015,0.011534453612428663,0.0,0.0,0.0,0.04908976674720467,0.010457563924585127
s03M1323,0.5246276392567607,0.0,0.00032731679632061803,0.001893041361300923,0.0,6.938737131561781e-05,0.0,0.0,0.0,0.13857380345807144,0.0007465625111736322,0.0,0.11913176870449718,0.05328403103105881,0.0,0.037898779854522065,0.0,0.0,0.0,0.0,0.019593115421936102,8.516197669440433e-05,0.009721847748718933,0.0,0.0,0.0,0.08932847431144936,0.0047190701961803295
s04M1323,0.27867926945334726,0.0,7.394378182325763e-05,0.0018324110468775356,0.0,0.0029213784135776175,0.0,0.0,0.0009734998923520414,0.0575743432859534,0.0009148082564364486,0.0004959361933262515,0.057058834826937556,0.026930273860739876,0.0,0.02621681473940712,0.0,0.0,0.002329260026883628,0.0,0.5059231751322196,0.0,0.0,0.0,0.0,0.0,0.03656190383406302,0.0015141472560554758
s05M1323,0.38721885560822195,0.0,0.00010261512038767553,0.004998555687864891,0.0,0.012251641858825988,0.0,0.0,0.0,0.1258650464215714,0.002972081887347038,0.0,0.11333532483011109,0.042827897042930725,0.0,0.06842515565438567,0.0,0.0,0.0,0.0,0.15269141169199224,0.0,0.0,0.0,0.0,0.0,0.08166911443901297,0.007642299757348395
s06M1323,0.3563180128202767,0.0,0.00020985442739761566,0.005840146143152388,0.0,0.00450271822462981,0.0,0.0,0.0,0.13961315072695665,0.0,0.0,0.15704643872995952,0.08289702609180914,0.0,0.11377759882390119,0.0,0.0,0.0,0.0,0.031277170519806545,0.0,0.0,0.0,0.0,0.0,0.10136921899180369,0.007148664500306867
s07M1323,0.158889685025406,0.0002502607002559446,0.0006794416849074694,0.012220591223064277,0.0,0.0009200724006445901,0.0,0.00032695776609415015,0.004168865806428232,0.26223823378495587,0.002225987383064499,0.0,0.24463706832433985,0.14199276213627074,0.0,0.07108687948596708,0.0,0.0,0.0,0.0,0.0,0.0,0.0,0.0,0.0,0.0,0.09323181627002536,0.007131378008576134
s08M1323,0.0,0.0,0.0,3.746373030780153e-05,0.0,0.0,0.0,0.0,0.007647535645100299,0.0,0.0,0.10639155313785992,0.0,0.0,0.0,0.0,0.49178001379673064,0.0,0.0,0.002399603713648339,0.0,0.0,0.004611295415066865,0.0,0.0,0.0,0.020351775791313136,0.36678075876997296
s09M1323,0.0,0.0,0.0,0.0,0.0,0.0,0.0,0.0,0.004410150000010132,0.0,0.0,0.06295281034084965,0.0,0.0,0.0,0.00010775826833288012,0.4312628046246005,0.0,0.0,0.0,0.0,0.0,0.0040169336840860876,0.0,0.0,0.0,0.0,0.49724954308212066
s10M1323,0.0,0.03482271687320129,0.0,0.0,0.006597340467404505,0.0014554567612403736,0.0,0.0,0.25673432350701014,0.04094931874475736,0.0007064974092165134,0.035428200876641516,0.03081510214713195,0.0006331687935658595,0.0,0.0,0.35369155876224445,0.0,0.0,0.0,0.0,0.0,0.00022624758828740745,0.0,0.0,0.0,0.01816129587871441,0.2197787721905842
s11M1323,0.009740325048623325,0.07487344129740413,0.0008721242712665229,0.0,0.003998167255788855,0.0010469965452779735,0.0,0.0026567702248956964,0.11114900828906812,0.007044421001527065,8.108616535349989e-06,0.03753071192324158,0.007953866759689076,0.002314434235902996,0.004839307715701152,2.757194693662394e-05,0.541685513716229,0.0,0.000905267893346055,5.685588610951144e-05,0.0,0.0,0.006377114392187893,0.0,0.0,0.0,0.001634215664212358,0.18528577731605664
s12M1323,0.0,0.0,0.002125035910710321,0.019608728254371113,0.0,0.006850507464145979,0.0,0.011298838025124717,0.33424156847435615,0.302769135591554,0.004487001731624941,0.0,0.16287529806596346,0.0,0.0,0.11027453745009115,0.0,0.0,0.0,0.0,0.0,0.0,0.0,0.0,0.00020522332180983283,0.0,0.0,0.045264125710248355
s13M1323,0.0,0.0,0.001649183914600921,0.008078884682290982,0.0,0.001817797143539413,0.0,0.0,0.26275825721969587,0.414491521633974,0.0019935694054152046,0.0,0.18159998102357283,0.0,0.0,0.10313334852939197,0.0,0.0,0.0,0.0,0.0,0.0,0.0,0.0,0.0,0.0,0.0,0.024477456447518767
s14M1323,0.0,0.0,0.0,0.007557831244683779,0.0,0.0,0.0,0.015544139182116624,0.15453510029202308,0.3852687263012072,0.0,0.0,0.14684448279249573,0.0,0.0,0.09312251827191721,0.0,0.0,0.15801361728613733,0.0,0.0,0.0,0.0,0.006235931733550391,0.0,0.0,0.006634544144816253,0.026243108751052256
s15M1323,0.01407034628916001,0.0,0.00024443048266504906,0.009721173835636707,0.0,0.006004476401113688,0.0,0.006305313913155263,0.09079447858508817,0.14042472767940076,0.002599916791829578,0.0,0.098434722772877,0.05341618442131306,0.0,0.004971738811143252,0.0,0.0,0.544945629685437,0.0,0.0,0.0,0.0,0.0009544557442037291,0.0,0.0,0.01704897310022465,0.010063431486752133
s01X1323,0.2058120369774066,0.002154653226528743,0.0,0.013752507160324216,0.0,0.002175119004077938,0.0,0.0003482769238188312,0.0,0.1660461082516181,0.006992328261937463,0.0,0.23881533624077053,0.2253064871041248,0.0,0.006294083647299293,0.0,0.030215694716509797,0.05581243960466285,0.0014220294708721997,0.0,0.0,0.0,0.0,0.0,0.0016369867117883715,0.043215912698260375,0.0
s02T1323,0.13500048237021742,0.0,0.0,0.009213414919134019,0.0,0.0,0.0,0.0,0.016758675969742353,0.3508569080062296,0.004298538399866232,0.0,0.23599899181117132,0.11896247719388947,0.0,0.093182697002078,0.0,0.004702794979647575,0.006924498180867676,0.0,0.0,0.0,0.0,0.0,0.0,0.004539931648087351,0.019560589519069107,0.0
s03T1323,0.0,0.0,0.0,0.010049658704372782,0.0,0.0,0.0,0.0,0.0016693618115238558,0.5785952581237765,0.0,0.0,0.2939313511285665,0.06269843619423286,0.0,0.018690709426535928,0.0,0.0,0.024253423924445124,0.00023984160159800337,0.0,0.0,0.0,0.0,0.0,0.0007197586704201955,0.009152200414528114,0.0
s04T1323,0.0,0.0006212303469541378,0.0,0.010141006819016687,0.0,0.0,0.0,0.0,0.0,0.45029471169976015,0.0,0.0,0.24722458856656962,0.020541999440904256,0.0,0.06357438368075974,0.0,0.0,0.17326583919962793,0.0013166649471854518,0.0,0.0,0.0,0.0,0.0,0.006845538633412465,0.02617403666580957,0.0
s05T1323,0.02828448361931279,0.0,0.0005221011130136129,0.008743812578448007,0.0,0.0,0.0,0.00028094905097551456,0.0,0.45565830248039724,0.0,0.0,0.193074315101855,0.02449127107882558,0.0,0.15262425196298077,0.0,0.006319577299441834,0.06277637021287848,0.0,0.0,0.0,0.0,0.0,0.0,0.004200192289258203,0.06266831107060372,0.00035606214200931786
s06T1323,0.0,0.0,0.0,0.007868857269819994,0.0,0.0,0.0,0.0,0.0,0.3544542253059499,0.0,0.0,0.10279281857418644,0.03069584150794714,0.0,0.3193464507082979,0.0,0.0,0.1279759686903272,0.002033357148808914,0.0,0.0,0.0,0.0,0.0,0.0005385991101778771,0.05429388168448484,0.0
s07T1323,0.3176773159535819,0.0006107392003094204,0.0,0.026256233669211686,0.0025197628999581514,0.0,0.0,0.0008639968279390439,0.0,0.05056929741267346,0.013676135514408596,0.0,0.3140491142960857,0.03136278608147387,0.0,0.0,0.0,0.04690893822763712,0.07471351015389543,0.004355447091979808,0.03003224453231365,0.0,0.0,0.007831676650256294,0.0,0.026072990757498644,0.05249981073077733,0.0
s08T1323,0.0,0.0,0.0,0.008219067140753497,0.0,0.0,0.0,0.0,0.0,0.0,0.0,0.008405205813066901,0.0,0.0008531123655488753,0.0,0.0,0.5944317524336672,0.0,0.0,0.0,0.0,0.0,0.004919621807368439,0.0,0.0,0.0,0.0,0.383171240439595
s09T1323,0.10084022515666219,0.07788746002247739,0.0,0.043066672548931,0.0016163971377011798,0.0,0.0,0.00243387640193701,0.0846235417330273,0.002116055880029667,0.0010439014042885398,0.16614575960942032,0.01401495319019675,0.006903775955714313,0.0,0.0,0.3909633437415214,0.0,0.0,0.003608849095423425,0.0,0.0,0.0,0.0,0.0,0.0,0.0069109740809206515,0.09782421404174894
s10T1323,0.06985886994855335,0.04560551126517133,0.0,0.02012319512382624,0.018835976502750443,0.002649528351551047,0.0,0.012618473164693575,0.28806750571227846,0.10892026494252686,0.004468543486513466,0.04662550171539263,0.09357827675202046,0.0,0.0,0.028661940012203457,0.10172201341937394,0.0,0.0,0.0,0.0,0.0,0.0,0.010703468652033364,0.0,0.0,0.0,0.14756093095111136
s11T1323,0.20171292964647247,0.0,0.0,0.01914867717173803,0.01600911650228413,0.00185452600029722,0.0,0.01612291789451039,0.09511552078883985,0.09158987649738144,0.0,0.0,0.02149325717061564,0.0038886426023581645,0.010895087644803158,0.02441327824599609,0.2974188529304044,0.0,0.0,0.0016907545867849683,0.0,0.0,0.0,0.0010947879434871019,0.0,0.0,0.0038670101055100097,0.19368476426851683
s12T1323,0.10983612123008897,0.0,0.0,0.020232050021606853,0.027271153320151266,0.0017524939186566945,5.097942606339457e-05,0.007401729132104547,0.41539172392973606,0.035688079864616376,0.003663645746101708,0.13696163450277896,0.017849276961395537,0.0,0.0,0.0,0.13234000458511158,0.0,0.0,0.0011381626399787038,0.0,0.0,0.0,0.0,0.0,0.0,0.008292184598030062,0.08213076012357917
s13T1323,0.004887293563857546,0.0,0.00538128355288825,0.026528805824007497,0.026064616101327296,0.0002219209064917254,0.0,0.003477985942135508,0.4550546375158893,0.046076245867175764,0.005301024209210791,0.029985115366820782,0.026277774633702965,0.010239533608383488,0.0,0.0,0.3015763769874305,0.0,0.0,0.0019089739231951234,0.0007977010544260169,0.0,0.0,0.0,0.0,0.0025701038226656533,0.006329594256844052,0.04732101286354758
s14T1323,0.030701522874104978,0.0,0.0,0.035015625279385024,0.022934559234864194,0.0010895027677042804,0.0,0.0054264058782768935,0.42893530986940653,0.09584886868614005,0.005422834648312974,0.05826152435811117,0.07251852624537063,0.02459193051136232,0.0,0.0021306682311175522,0.11568071861241942,0.0019243334467186513,0.0,0.0010572198575449616,0.0,0.0,0.0,0.0,0.0,0.002744239231542841,0.015237596800790357,0.08047861346682726
s15T1323,0.27635835834946526,0.0,0.0004838739757090295,0.02692742080804191,0.023184534408186186,0.002730247921741164,0.0,0.01651200692635473,0.20371315570432366,0.04178525053971036,0.01711298507217217,0.019605998481975122,0.14067672563902686,0.04803204228463331,0.014183037994863333,0.0019651331492880025,0.0273218712004691,0.03156555631285145,0.01498597017457749,0.0017774269882906255,0.0,0.0,0.0,0.024066232331724398,0.0,0.0018723749954260213,0.04232603256240091,0.02281376417876923
s02M1423,0.6599612710363618,0.005911249458580308,0.0,0.0069543242116758336,0.008498416469029869,0.0,0.0,0.0023355655941470674,0.017398457268769946,0.0056888132791663845,0.0060100181314505586,0.0018568676388879832,0.11313058488847617,0.05920411434979167,0.00014596478460400137,0.0,0.0018425439897899343,0.0521579623618278,0.032885157203971185,0.001147318130374223,0.0005229435697789001,0.0,0.0,0.004803995112040034,0.0,0.01066607672134134,0.006548268076511699,0.0023300877234233514
s03M1423,0.7025063828917457,0.0027451513363736754,0.0,0.006927097197268195,0.0,0.0,0.0005466304660990683,7.80313665882971e-05,0.007211605738242286,0.0,0.004224408279597753,0.0,0.0668334258701596,0.0627356361106798,0.0,0.0,0.0,0.02244014870026175,0.029029376174658523,0.0013536649964144619,0.06848459488692922,1.7130034191271888e-05,0.0,0.0,0.003824834947326439,0.013344233086031757,0.0076976479174322935,0.0
s04M1423,0.5607488320152919,0.0,0.00013200018059018976,0.006811075026638531,0.007380839829946445,0.0018863201522051364,0.0,0.0050762763140091705,0.02529112616604884,0.04472229868465923,0.0040548780438068805,0.0,0.10739055681253046,0.0,0.0,0.05181347876876818,0.0,0.04716185048632002,0.02008444535879242,0.001095317692107165,0.06068103593031967,0.0,0.0,0.008184452333199355,0.0009057282554431407,0.01402621990999715,0.028868961451152475,0.0036843065881736648
s06M1423,0.48918581573697034,0.0,8.879699543897294e-05,0.006612497077961192,0.0024805215233315806,0.004299477689909287,0.0,0.004278272822674687,0.029419936451723555,0.07246471849061198,0.005161081823047083,0.0008870993762395851,0.13885305400188255,0.0523403112666448,0.0006358760039292589,0.05582307552428648,0.0,0.09351548582207267,0.006169488725816378,0.0005829058607183891,0.0027361156464424104,0.0,0.0,0.005260500846126778,1.2362348696607294e-05,0.002651446291945641,0.021484863845147983,0.0050562958283817214
s07M1423,0.4597002449622893,0.002302805578376889,0.0,0.00926114710697559,0.0,0.0,0.0,0.003994469204191598,0.0012960953662176464,0.10221919202138241,0.004986179106910486,0.00034867746736944033,0.20364557031875363,0.05434638301352731,0.0,0.0071234133315741435,0.0011160639093551461,0.08786796934064235,0.023405050539415995,0.0017639673441578248,0.0,0.0,0.0,0.011262933794113741,0.0,0.02535983759474659,0.0,0.0
s08M1423,0.0,0.0,0.0,0.0,0.0,0.0,0.0,0.0,0.0,0.0,0.0,0.14847199126190883,0.0,0.0008961759688045051,0.0,0.0,0.4810318834043824,0.0,0.0,0.00045654338597701403,0.0,0.0,0.0,0.0,0.0,0.0,0.0,0.3691434059789272
s09M1423,0.01072601203873193,0.11760046226380298,0.007154044866575736,0.0310386987855916,0.0,0.0,0.0,0.0,0.0,0.0,0.0,0.10763266397881859,0.0,0.006783706666750548,0.008329045786860396,0.0,0.580695239549175,0.0,0.0,0.0,0.0,7.825584077553281e-06,0.0,0.0,6.583442083712802e-05,0.0,0.0,0.12996646605877862
s10M1423,0.03612602574856979,0.05547133980759877,0.0,0.02856442892203788,0.0,0.0,0.0,0.0,0.0022424989026663417,0.0,0.0,0.13416902828389624,0.00023479745247983468,0.0010918391695024115,0.03128986557704439,0.0,0.4847296340063469,0.0,0.0,0.0,0.0,0.0,0.0,0.0,0.0,0.0,0.0,0.22608054212985745
s11M1423,0.10333957171181436,0.13932288383820393,0.0012918828197650573,0.045620815610126944,0.0012308118341851119,0.0,0.0,0.00855505645168944,0.0688865282017637,0.0007802717581443817,0.0,0.13903122758386288,1.6438504534059537e-06,0.0050867054335832825,0.016734847526958824,0.0,0.45300473513962325,0.0,0.0,0.0,0.0,0.0,0.0,0.00209015042130664,0.0,0.0,0.0,0.01502286781851877
s12M1423,0.3375675742761146,0.00815338792904892,0.0,0.03814554267670721,0.01735692405902272,0.0,0.0,0.029958323900973187,0.2368738321486391,0.012591157562068387,0.0,0.1037196820476008,0.004119682602319243,0.0047673597222719875,0.009561914352394665,0.0,0.13691954685472713,0.0,0.0,0.0013286233482318205,0.0,0.0,0.0,0.028661883814548605,0.0,0.0,0.00029767845924449015,0.029976886246087076
s13M1423,0.20085559525226457,0.062340871871282844,0.0,0.019654956995908083,0.01672831430075662,0.0,0.0,0.014851075588526526,0.17137946071238472,0.006528973185165812,0.0,0.15091709479523,0.0,0.0033173645255467807,0.022318693526344448,0.0,0.2708525539433921,0.0,0.0,0.0004804582349498943,0.0,0.0,0.0,0.0026737517790181627,0.0,0.0,0.0,0.05710083528922953
s14M1423,0.29706883312317084,0.0,0.0,0.008442281426699652,0.03971600372502886,0.0,0.0,0.02195215905735853,0.2796394876722371,0.13529377383613572,0.0027091465452866253,0.029482013970067462,0.037494158313074136,0.0,0.010550451407688203,0.0,0.04795202832791577,0.0,0.0,0.0007175555146954629,0.0,0.0,0.0,0.019162086995201888,0.0,0.0,0.0,0.06982002008543982
s15M1423,0.3735419408254064,0.0,0.0002381596930630776,0.028985821578658106,0.019993454304597525,0.0,0.0,0.015877371266542473,0.11643569166113678,0.12863546698777406,0.004887137663673744,0.0042196645391091945,0.14395285832007457,0.02787313015280067,0.0,0.0008473442009006383,0.0036409463833635817,0.04209948989019439,0.015555588137980499,0.001721876734761491,0.0,0.0,0.0,0.027102089819975764,0.0,0.013196337177413985,0.00967418571602637,0.021521444946546668
s01X1423,0.09263714369430635,0.0,0.00016754916518416834,0.005419297906127162,0.0,0.007701624722732381,0.0,0.0,0.0002149500544041689,0.3082655457948208,0.002918023256486715,0.0,0.3073039125779959,0.22066178625580185,0.0,0.019222998336119297,0.0,0.030582371593733042,0.0,0.0,0.0,0.0,0.0,0.0,0.0,0.0,0.0,0.00490479664228816
s02T1423,0.21532671438253276,0.0,0.0005134603360446402,0.00964706939898077,0.0003882585235444668,0.008799543258528844,0.0,0.0,0.03293135112486013,0.13224662236240411,0.009119244648402988,0.0,0.28979383572791834,0.26400161079457773,0.002025561446579837,0.0,0.0,0.01604062846678335,0.0,0.0,0.0,0.0,0.0,0.01189980966117852,0.0,0.0,0.0,0.007266289867663687
s03T1423,0.19522328092396402,0.0,0.0005659514756823815,0.002359048915222317,0.0,0.0033616033403718365,0.0,0.0007919411561994824,0.04072168357278135,0.16531115151988116,0.008945830244186074,0.0,0.23265103314458477,0.2705295542985709,0.002621795673620393,0.0,0.0,0.005148154160090401,0.0,0.0,0.059866260976979856,0.0,0.0,0.008636934540325093,0.0,0.0,0.0,0.0032657760575400346
s04T1423,0.40334846537394814,0.0,0.000174845420902212,0.0036658168342398973,0.006678931444511204,0.01107844263222674,0.0,0.0022342168898220106,0.02974233004758547,0.15099089315622766,0.008433724893710168,0.0,0.17494471858554042,0.12516189322877042,0.018410867570661554,0.012320870162169371,0.0,0.0,0.0,0.0,0.0,0.0,0.0,0.0036179067185158455,0.0,0.0,0.022219797154838378,0.026976279886330536
s05T1423,0.4041509180926326,0.0,0.0002856233450346952,0.005491357137170196,0.0,0.014494671441661016,0.0,0.0013949121769573955,0.022975580412312815,0.18717276929460455,0.0041056001767808626,0.0,0.16376380802505003,0.06326697466602772,0.016069873224458773,0.053408729070699525,0.0,0.0,0.0,0.0,0.0,0.0,0.0,0.005980097252429321,0.0,0.0,0.03360322902787174,0.023835856656308496
s06T1423,0.45614953744921694,0.0,0.0,0.008988054820675,0.002745770655472835,0.006982248306396584,0.0,0.00018487099344659383,0.012991307808191917,0.16961418508905202,0.005351766461773276,0.0,0.1792919108208049,0.09550819147088341,0.01693761019736697,0.005400260690934793,0.0,0.0,0.0,0.0,0.0,0.0,0.0,0.006984418545648463,0.0,0.0,0.009940734564868757,0.02292913212526773
s07T1423,0.26571950199092137,0.0,0.0003794240648488729,0.009095272810132074,0.010466812899727763,0.01224594107282933,0.0,0.0,0.017342932537072944,0.1675658946771426,0.004896510121763216,0.0,0.27583887953987607,0.1391742014932935,0.02434723525298825,0.020682072879206422,0.0,0.0,0.0,0.0,0.0,0.0,0.0,0.014347938980480302,0.0,0.0,0.01490893293804882,0.022988448741668513
s08T1423,0.0,0.0,0.0,0.03781146809119391,0.0,0.0,0.0,0.0,0.0006318547265063706,0.0,0.0,0.13851823160488097,0.0,0.007411803590938234,0.0,0.0,0.4445519725711646,0.0,0.0,0.0,0.0,0.0,0.0,0.0,0.0,0.0,0.0,0.37107466941531597
s09T1423,0.0,0.2313939069721995,0.006654114824779585,0.02412827851521138,0.0,0.0,0.0,0.0,0.0,0.0,0.0,0.06144535115402836,0.0,0.008361434007387975,0.002273118408968902,0.0,0.5206094524928234,0.0,0.0,0.0,0.0,0.0,0.0,0.0,0.0,0.0,0.0,0.145134343624601
s10T1423,0.045902431149013545,0.13262245789380356,0.0,0.028496737784181613,0.0,0.0,0.0,0.0049257106218661036,0.048962923953590594,0.000518291117971324,0.0,0.14060882799530375,0.0,0.006227219375415072,0.025865050262200526,0.0,0.5658703498466537,0.0,0.0,0.0,0.0,0.0,0.0,0.0,0.0,0.0,0.0,0.0
s11T1423,0.03631317180942463,0.09505755159953852,0.004190834386662394,0.06515376605148904,0.0,0.0,0.0,0.0008256236238040376,0.020219794706978052,0.00035927014234382826,0.0,0.11027432133082929,0.0,0.011463842683419151,0.015009808746163299,0.0,0.5596166377624656,0.0,0.0,0.0,0.0,0.0,0.0,0.0,0.0,0.0,0.0,0.08151537715688233
s12T1423,0.0013975081100496257,0.07883724397081461,0.0,0.041944227658069315,0.002518313122204556,8.849806543425604e-05,0.0,0.0,0.0290951884746151,0.0006677906668536354,0.0,0.11975909092068145,0.0,0.009577793261887627,0.0,0.0,0.5446754088016086,0.0,0.0,0.0,0.0,0.0,0.0,0.0,0.0,0.0,0.0,0.17143893694778128
s14T1423,0.031796311847246725,0.0,0.018670596643222515,0.05397285852534815,0.0,0.0,0.0,0.002731550469505374,0.002152704880397755,0.0008402067768872763,0.0,0.01263133124668291,0.00035522092891228894,0.009607741103658477,0.004016723236147014,0.0,0.8309512780382983,0.0,0.0,0.0,0.0,0.0,0.0,0.0,0.0009453616807510748,0.0,0.0,0.03132811462294203
s15T1423,0.13356180152893918,0.013196787266415141,0.0,0.04800152035130924,0.014892220935740753,0.000454458013046037,0.0,0.009300885092752805,0.11179029688440481,0.0036080133524951643,0.0,0.12793224158931177,0.0,0.004978148160783638,0.0,0.0,0.395356725031598,0.0,0.0,0.0005214212082676787,0.0,0.0,0.0,0.005125530914846048,0.0,0.0,0.0,0.13127994967008988
s02M1523,0.5350921055713231,0.0,0.0,0.0027149953316326653,0.007647337709701109,0.0,0.0,0.0008623010110307604,0.0,0.0,0.00419256289331983,0.0,0.08621880936431892,0.024050748075155125,0.0013206598028322502,0.016723374683813515,0.0005997507690220929,0.11059430249148308,0.16369956599552962,0.00011315742431511381,0.022487214968941415,0.0,0.0,0.0062963864821585355,0.0032154618306238394,0.014171265594799035,0.0,0.0
s03M1523,0.30654560033327,0.0,0.0,0.0014851910929924753,0.005271592445452293,0.0,0.0,0.0010652265521267793,0.0,0.015302339064330678,0.0008521845146990759,0.0,0.047781458027576815,0.00950828838967559,0.0009294140597745729,0.014482812872678838,0.0,0.0440901182296634,0.5400648296419466,0.0,0.0,0.0,0.0,0.0034164433565638266,0.0007751927677235785,0.008429308651525495,0.0,0.0
s04M1523,0.1875098637687862,0.0,0.0,0.0002254778247684393,0.0020419217555336013,0.0,0.0,0.0013506900354964648,0.0033088817896746755,0.03831066354320583,0.0,0.0,0.011349797911348571,0.005220020747579438,0.0,0.02903627563717672,0.0,0.012396431134057476,0.7067559447832017,0.0,0.0,0.0,0.0,0.0005720629444132723,0.0,0.0019219681247575372,0.0,0.0
s05M1523,0.15428939087366325,0.0,0.0,0.0,0.0008037933095037614,0.0,0.0,0.0010215246541124985,0.00144207350103544,0.032650692469035826,0.0008600546220031276,0.0,0.007445575031815158,0.004460367972144672,0.0016056755410690236,0.008208915724252324,0.0,0.013592266709542541,0.7721310271426505,0.0,0.0,0.0,0.0,0.0,0.0,0.0014886424491718495,0.0,0.0
s06M1523,0.1872881401239955,0.0,0.0,0.0003394230599672632,0.0007982859532664934,0.0,0.0,0.001181407476275417,0.0003488036388036362,0.013519497205339667,0.0,0.0004752312676280257,0.004864000839002103,0.006273031542355069,0.0,0.024098294990392996,7.64430177419273e-05,0.0027869696421936995,0.7543037569770518,0.0,0.0,0.0,0.0,0.0,0.0,0.0036467142659865233,0.0,0.0
s07M1523,0.38960010943887186,0.0008341172812277698,0.0,0.00331377833503401,0.006216973702981966,0.0,0.0,0.0015958157298243739,0.0,0.0,0.001441423482798144,0.0,0.05131243546459146,0.02948318714073877,0.00525472429104734,0.0,0.0007107123068828685,0.0,0.4773791688749768,0.0010402326706346878,0.0,0.0,0.0,0.00991379021243575,0.0030462716056833313,0.018857259462271004,0.0,0.0
s08M1523,0.0,0.07046255296458714,0.0,0.05801997599455796,0.0,0.0,0.0,0.0,0.0,0.0,0.0,0.2062698974691387,0.0,0.010438989519625812,0.0,0.0,0.3556355107851042,0.0,0.18327314705038283,0.0,0.0,0.0,0.0,0.0,0.0,0.0,0.0,0.11589992621660321
s09M1523,0.0563738768895972,0.11924725848303183,0.0005813705668477278,0.0537638007843552,0.0,0.0,0.0,0.0007152486348293838,0.017338006818771644,3.5429752876669606e-05,0.0,0.09778145642806645,0.0,0.01698824535704081,0.0,0.0,0.5288505735034217,0.0,0.093664804682254,0.0,0.0,0.0001633898881480067,0.0,0.012937767230617198,0.0015587709801422394,0.0,0.0,0.0
s10M1523,0.034278151025959366,0.12268574952954757,0.0,0.03695332021191449,0.01000663147502227,0.000534592205319857,0.0,0.0,0.13221210092794353,0.0011115851329378196,0.0,0.18423828889712562,0.0,0.013202838672947517,0.0,0.0,0.3394670018497545,0.0,0.0016805500492573541,0.0002916527374220425,0.0,0.0,0.0,0.12299935330748579,0.0,0.0,0.0,0.00033818397736214053
s11M1523,0.13328600341718255,0.11095412003894803,0.0,0.06123264348679148,0.0007804609961034197,0.0,0.0,0.010440112575999435,0.1185751742092755,0.0009538037565861938,0.0,0.16084742880519914,0.0,0.014149112889735284,0.0,0.0,0.12916327523280705,0.0,0.2021793662424688,9.893023255702465e-06,0.0,0.0,0.0,0.05742860532564726,0.0,0.0,0.0,0.0
s12M1523,0.09311126859059539,0.08596318183805997,0.0,0.04721431348827332,0.009880782997103729,0.0,0.0,0.003894768935065131,0.13579601963432925,0.0004571218062399012,0.0,0.1788242040245488,0.0,0.008842503001719581,0.0,0.0,0.284173138153324,0.0,0.08356914324957299,0.0,0.0,0.00029140692900901476,0.0,0.06798214735215889,0.0,0.0,0.0,0.0
s13M1523,0.07599302094776948,0.2793733068175944,0.0,0.027199082141798628,0.011374498555846203,0.0,0.00021573560900957624,0.002747949820863422,0.12860499418060428,0.0012368007935883013,0.0,0.2182666538995964,0.0,0.002776804357427193,0.0,0.0,0.11117397521153875,0.0,0.08325826266336235,0.0,0.0,0.0,0.0,0.05591232916404475,0.0,0.0,0.0,0.0018665858369562244
s14M1523,0.10762386213585699,0.0,0.0,0.013422237715877167,0.042130991137091005,0.0005069626674017786,0.0,0.009178329992792635,0.23629454009492895,0.11513411871368105,0.0,0.06693387309463737,0.022612195189028555,0.0,0.0,0.0,0.17609635667542703,0.0,0.0,0.0,0.0,0.0,0.0,0.09071321962230343,0.0,0.0,0.0,0.11935331296097389
s15M1523,0.44482402091852735,0.021942756282752603,0.0,0.01675628839571306,0.021213179127615243,0.0,0.0,0.010782211303177622,0.10716109953974624,0.025495772535248408,0.0025436165926116527,0.035922331296837307,0.03915353756999661,0.0023799286059189547,9.940385669446648e-05,0.0,0.02568758348617722,0.028030018867235735,0.13247237602940606,0.00015751882875556544,0.0,0.0,0.0,0.06643402200109508,0.000882007220577485,0.00402412385107094,0.0,0.014038203690842311
s01X1523,0.654413519189765,0.0,0.00014469544540259756,0.0047789464242490145,0.007382500849116919,0.0,0.0,0.0010964739641600415,0.0038045221478734408,0.00877838066805556,0.003381661487894119,0.0,0.12807132010287026,0.09551561461489541,0.014531877696661765,0.015659879599076738,0.0,0.019792825655258153,0.033710858213117756,0.0,0.0,0.0,0.0,0.0,0.0,0.0,0.0,0.008936923941603298
s02T1523,0.6210119304708556,0.0,0.0,0.0002952860580474884,0.0,0.0,0.0,0.0,0.023918009947440998,0.0,0.005351562416630295,0.0,0.1546166777457411,0.1763991534546621,0.0,0.0,0.007327690126648,0.0,0.0,0.0,0.0034239662871858884,0.0001366832819214496,0.0,0.0,0.0,0.0,0.0,0.0075190402108670455
s03T1523,0.7103378394811684,0.0,0.00042632043296889104,0.0010567401178028667,0.0,0.0,0.0,0.0,0.020151486084245277,0.0,0.005446544630024372,0.0,0.10454368355106249,0.15377983213505445,0.0,0.0,0.0,0.0,0.0,0.0,0.002292305423558148,0.000408179706915357,0.0,0.0,0.0,0.0,0.0,0.0015570684371998481
s04T1523,0.42067445790143715,0.0,0.0008551662452233525,0.0,0.0,0.001857994529339408,0.0,0.0,0.012216210598938996,0.05888613841401375,0.001961767590475211,0.0,0.36036952363987423,0.13340254854325723,0.0,0.0,0.0,0.0,0.0,0.0,0.0,0.0,0.0,0.0,0.0,0.0,0.0,0.009776192537440683
s05T1523,0.8040885296017436,0.0,0.0003332880969262764,0.003967668699516131,0.004286972864925296,0.0,0.0,0.0,0.026755604305461828,0.006596514342057915,0.006445853246943111,0.0,0.0884743074970434,0.05402545442448489,0.0,0.0,0.0,0.0,0.0,0.0,0.0,0.0006417380449471796,0.0,0.0,0.0,0.0,0.0,0.004384068875950329
s06T1523,0.7300177609451328,0.0,0.0003975840243613708,0.004404519673767457,0.0002539162408361362,0.0,0.0,0.0,0.0319240393777738,0.011039951943563981,0.009588602467927395,0.0,0.10078242627788653,0.10689228340536622,0.0,0.0,0.0,0.0,0.0,0.0,0.0028637489881028215,0.00022522637046948316,0.0,0.0,0.0,0.0,0.0,0.0016099402848119531
s07T1523,0.5441891637103825,0.0,0.0005904890134718952,0.004493110713935438,0.0,0.0,0.0,0.001725484674831329,0.016906730245013088,0.060022811029198514,0.006791703745005304,0.0,0.17560370835980418,0.15523810322877907,0.009051505146487527,0.0,0.0,0.021273612200628404,0.0,0.0,0.0,0.0,0.0,0.0006897848901463354,2.5986466597862667e-05,0.0,0.0,0.003397806575718445
s08T1523,0.0,0.04103027488151669,0.00038844229553683894,0.028085076023473186,0.0,0.0,0.0,0.0,0.0,0.0,0.0,0.2642746566063963,0.0,0.014103314250389075,0.0,0.0,0.4320353826716934,0.0,0.0,0.00011248767413956281,0.0,0.0,0.0,0.0,0.0,0.0,0.0,0.21997036559685493
s09T1523,0.019613558900314406,0.17879538698036246,0.0,0.08088266540507609,0.0,0.0,0.0,0.0,0.02452073169712638,0.0,0.00011114590021852208,0.2016560651904998,0.0014691725064801592,0.029400841060518625,0.0,0.0,0.46290405195691,0.0,0.0,0.0002946180682382858,0.0,0.0,0.0,0.0,0.0,0.00035176233425528966,0.0,0.0
s10T1523,0.17807423257263524,0.06294334053670954,0.0,0.043152370784277944,0.0046892849192012465,0.0,0.0,0.002615165440190061,0.36572002177218543,0.0011699185772406468,0.005454162918991284,0.19598266834699743,0.0,0.01374485991521893,0.0,0.0,0.05848010520748457,0.0,0.0,0.0009402134458697716,0.0,0.0,0.0,0.05511748702735605,0.0004740600912257655,0.004191410483890606,0.0039139306199770536,0.003336767340548294
s11T1523,0.1833689461192904,0.0,0.0,0.0022912177620432223,0.06261929369466318,9.196969879144306e-05,0.0,0.002932925087365979,0.4645499239027075,0.07384236459571865,0.004000889548658133,0.06724598774712613,0.0,0.0007975061135860378,0.002835783949009277,0.002083951750509765,0.04693182287957553,0.009169042604148808,0.0,7.18070341398915e-05,0.0,0.0,0.0,0.016638843442514067,0.0,0.0,0.0,0.06052772407015213
s12T1523,0.08475475856301615,0.028983459282939085,0.0,0.04134215876385993,0.01675189242101653,0.0,0.0,0.0,0.18243820617269413,0.01114877070632795,0.0006382655816053166,0.18073405688046226,0.0,0.0017726670422132044,0.0,0.0,0.3210850859788198,0.004045203485990031,0.0,0.0007802561240198685,0.0,0.0,0.0,0.03880123855121032,0.0,0.0006630987166402144,0.0,0.08606088172918515
s13T1523,0.168948026225017,0.0,0.0,0.030030784429290847,0.01774161752878399,0.0,0.0,0.004166376874173719,0.5278781685135389,0.025838700890167036,0.010929597772353696,0.10291175993940127,0.0,0.017060985536407714,0.0,0.0,0.03381523268001998,0.0005586540596108919,0.0,0.0009701595570684644,0.0,0.0,0.0,0.0418425391643317,0.0,0.005048914223326648,0.008318840466805559,0.003939642139702628
s14T1523,0.27804294891519055,0.0,0.001306779660534157,0.014803496554549135,0.030124363143198628,0.0,0.0,0.007710590772585707,0.40166739512204647,0.12246748015337691,0.013642374059169512,0.005276538364789009,0.017446441911792374,0.009650685477447355,0.0008520979381952644,0.0,0.0021101801871593997,0.04306795535750506,0.0,0.0008227490926622518,0.0,0.0,0.0,0.038599680379017086,0.0,0.0018909950818544303,0.0,0.010517247828926584
s15T1523,0.3980604580214216,0.0,0.0011549883055163655,0.0069716519069909205,0.017156117101735854,0.0,0.0,0.008740547900130761,0.15129849047447544,0.15706404180453756,0.009582317075380941,0.0,0.0950888014285642,0.028880648181191668,0.0,0.0077046539817437944,0.0,0.07009637643533735,5.111444511180458e-05,0.0,0.0,0.0,0.0,0.04359496775577125,0.0011152257133747062,0.0,0.0,0.003439599468715896
s02M1623,0.765619293535147,0.0,0.0,0.0018671651840814262,0.0028645186000572126,0.0,0.0,0.0023351792946614235,0.014778743771045625,0.023077334269117154,0.0011164589225961545,0.0,0.0564598138151376,0.06227196122556615,0.00802299519553321,0.004161962135269495,0.009671772681753845,0.0339199127803247,0.0,0.0,0.0,0.0002544782903675972,0.0,0.0003069364004666175,0.0,0.0,0.0,0.013271473898874675
s03M1623,0.5211178024541394,0.0,0.0007552553250242317,0.004473612713753312,0.01149338808318808,0.0,0.0,0.009630875837546514,0.07981488217900351,0.10430650772426668,0.006248739157570581,0.0,0.09344997988032075,0.045000886624002104,0.006361908124631462,0.01083538441573759,0.0,0.08180074313088623,0.0,0.0,0.0,0.0,0.0,0.01721915811525204,0.0022089115650053967,0.0,0.0,0.005281964669672185
s04M1623,0.6626849332555266,0.0,0.0002699538621972034,0.008711494680939342,0.0,0.0,0.0,0.003376677867747513,0.019735942407985867,0.0,0.003477068811100124,0.0,0.049662147670384474,0.20848015718885143,0.014753560458697664,0.0,0.0,0.015821186484693883,0.0,0.0,0.004692202118715338,0.0,0.0,0.0,0.0,0.0,0.0,0.008334675193160663
s05M1623,0.8084285030851704,0.0,0.00031580817630747773,0.012420040216279878,0.0,0.0,0.0,0.003983439885869592,0.023347574642346266,0.0034580430739346965,0.004314634544124797,0.0,0.03388859254571027,0.05297149645941693,0.011055677684820636,0.0,0.0,0.0126580174289056,0.0,0.0,0.01721595811329477,0.0,0.0,0.0,0.0008601132943685894,0.0,0.006696540175580131,0.008385560673869839
s06M1623,0.6513512281347025,0.0,0.00020701924310854135,0.007596595712069713,0.0,0.0,0.0,0.0037501601917281175,0.03838771502310618,0.08355999822906844,0.004303763853285566,0.0,0.05312668809089963,0.01414258190590136,0.0019330961235270244,0.03949526996563773,0.0,0.03414285413003311,0.0,0.0,0.05847069298265941,0.0,0.0,0.0019234098192223712,0.0,0.0,0.0,0.007608926595050226
s07M1623,0.6912430009612694,0.0,0.0006289136705613688,0.004699811402271605,0.000408188665898953,0.0,0.0,0.005539351411541358,0.05652428703772081,0.0658553371997121,0.006254773604193285,0.0,0.07264661346600315,0.023978682935045858,0.003926607919254583,0.0,0.0,0.0562644822024062,0.0,0.0,0.0,0.0,0.0,0.007482132288294099,0.0,0.0,0.0,0.004547817235827183
s08M1623,0.0,0.0,0.0,0.056795712673555,0.0,0.0018213243239671149,0.028661490614009126,0.0,0.0,0.0,0.0,0.5350898553512997,0.0,0.045070274482634544,0.0,0.0,0.26440104443615536,0.002296142692196933,0.0,0.005061062264286862,0.0,0.0,0.006488927626649787,0.0,0.0,0.0014123151261702,0.0,0.05290185040907538
s09M1623,0.0,0.0,0.005103690207738312,0.033233455460955456,0.0,0.0,0.0,0.0,0.0,0.0,0.0,0.22908241602770613,0.0,0.030679279167087476,0.0,0.0,0.4660678862903867,0.0,0.0,0.0,0.0,0.0,0.0,0.0,0.0,0.0,0.0,0.23583327284612593
s10M1623,0.0,0.0,0.005173629576085114,0.059087083773648325,0.0,0.0,0.0,0.0,0.024931806359319103,0.0,0.0,0.3053856646007857,0.0,0.028837777005444806,0.0,0.0,0.5395998659473423,0.0,0.0,0.0,0.0,0.0,0.0,0.0,0.0,0.0,0.0,0.03698417273737467
s11M1623,0.0,0.02358382285268626,0.0056556361877695615,0.07144381536668303,0.0,0.0,0.0,0.0,0.0407842780421124,0.0,0.0,0.19671951403478588,0.0,0.026487234974386174,0.0,0.0,0.6254488756681376,0.0,0.0,0.0,0.0,0.0,0.0,0.009640607582053753,0.00023621529138535553,0.0,0.0,0.0
s12M1623,0.0,0.17011460064731362,0.0,0.0396462476319779,0.0,0.0,0.0,0.0,0.10048570828817703,0.0,0.0,0.2600943893993409,0.0,0.02612817559421819,0.0,0.0,0.3791065985928681,0.0,0.0,0.0,0.0,0.0,0.0,0.02442427984610432,0.0,0.0,0.0,0.0
s13M1623,0.0,0.19126450232759692,0.0,0.032712775673489694,0.0,0.0,0.0,0.0,0.35880225092991846,0.0,0.0,0.19479011679708927,0.0,0.02641623452541144,0.0,0.0,0.15556080525909982,0.0,0.0,0.0,0.0,0.0,0.0,0.040453314487394386,0.0,0.0,0.0,0.0
s14M1623,0.2899045572572959,0.048515349406578624,0.0011202305301191734,0.0,0.022802200001685563,0.0,0.0,0.014213179165371268,0.4447464965708776,0.03058472606073628,0.004070426099553519,0.04815787731848608,0.0,0.0005063134146263496,0.0038994848268643903,0.0,0.00977168307378602,0.0,0.0,0.0,0.0,0.0,0.0,0.07887865500043707,0.0,0.0,0.0,0.002828821273582129
s15M1623,0.4727023252481206,0.0,0.0010619298007065246,0.006962098113992663,0.015784440077746813,0.0,0.0,0.016610802561163422,0.2503669291842362,0.06370501056014613,0.017915991007143063,0.0,0.030822045198023156,0.03007712320145796,0.0,0.0,0.0,0.041660841086267206,0.0,0.0,0.0,0.0,0.0,0.05097078336121868,0.0,0.0013596805997776952,0.0,0.0
s01X1623,0.7337157898566598,0.0,0.00024019825856518888,0.006999223499900148,0.0008044255432513457,0.0,0.0,0.0026942806622997635,0.02519689128416648,0.016205348237548062,0.005366705840976458,0.0,0.05016563785871578,0.0687287012641896,0.019630855356495086,0.0,0.0,0.04560819686887517,0.011530186408150683,0.0,0.0,0.0,0.0,0.003728353565307594,0.0034760396759807074,0.0028681544073550862,0.0,0.0030410114115630455
s02T1623,0.8932126161864848,0.002312413621563795,0.0,0.0023313595850320027,0.0,0.0,0.0,0.0014706997158767117,0.010519444183951477,0.005536878502076276,0.0012323204795373955,0.0,0.022004308430331538,0.006392094885159756,0.0,0.0,0.0007666350769282111,0.02455554753601027,0.0,0.0,0.019940539176370665,0.00024193010344102382,0.0,0.0,0.004741709133567586,0.0037060652112322896,0.0,0.0010354381724361661
s03T1623,0.8670859204828896,0.0006017425605465703,0.0,0.0009580733131497588,0.0,0.0,0.0,0.0,0.0057314661162359325,0.0,0.00147552759585515,0.0006097020489351408,0.025478995435850672,0.018609798072469694,0.0,0.0,0.0,0.016613251508663027,0.016169152046765486,0.0,0.0202518529963709,8.750896853141492e-05,0.0015299053526776115,0.0,0.014850156952937914,0.00994694654812127,0.0,0.0
s04T1623,0.9092710346798767,0.0010511469674956103,0.0,0.0005592863427304076,0.0,0.0,0.0,0.0,0.007461405352514329,0.000310684037390537,0.0007412416393451686,0.0007446164243302702,0.005778965256342733,0.0,0.0,0.0,0.0,0.0003465991433427877,0.002609627403321361,0.0,0.055968056364958045,0.00045217571231859,0.001210182120883222,0.0,0.007821224006966953,0.0029423803341134753,0.0027313742140699796,0.0
s05T1623,0.7131814630363972,5.429342190110527e-05,0.0005124385118923569,0.0016021868648176667,0.0005396844335520895,0.0,0.0,0.00251700239802552,0.03226189046167214,0.030172209067560705,0.002510405918275412,0.0,0.03977525314010504,0.017424273970437422,0.0,0.0,0.0,0.04697986113978616,0.04797060073200227,0.0,0.050241904755616906,0.0,0.0,0.001370833836096581,0.008786157443758345,0.004086159748032013,0.0,1.3381120071175595e-05
s06T1623,0.5823182331230397,0.0,0.0,0.0005180210464350029,0.004860061424757109,0.0,0.0,0.005227694193745332,0.0687621195297423,0.04398342478111543,0.006236098040223534,0.0,0.03924520738175822,0.010602164141580451,0.0006258609156618435,0.0,0.0,0.060655233297424685,0.14575121537542418,0.0,0.009719813887539666,0.0,0.0,0.013932456195389242,0.004249170275085034,0.0033132263910781792,0.0,0.0
s07T1623,0.7122286218737255,0.0,4.515289335864357e-05,0.0016910197297312836,0.0014524759938253243,0.0,0.0,0.0027107741032450106,0.025527372087091035,0.04429956756072293,0.0010767380167179528,0.0,0.04228611207041097,0.024941507306330726,0.013814098455091885,0.01599433645650724,0.0,0.05254130051618188,0.03875778778817613,0.0,0.0,0.0,0.0,0.005736239156761158,0.0064649903466464246,0.010431905645475867,0.0,0.0
s08T1623,0.0,0.0,0.0,0.04433901676630793,0.0,0.0,0.0,0.0,0.0,0.0,0.0,0.244293208184169,0.0,0.026132601239328913,0.0,0.0,0.34455348551025133,0.0,0.0,0.0005862298355720067,0.0,0.0,0.0,0.0,0.0,0.0,0.0030505925355494576,0.3370448659288213
s09T1623,0.0,0.0,0.0,0.010923339812761517,0.00495341557117667,0.0,0.0,0.0,0.028045745202374236,0.00024113830474474437,0.0,0.24017489048184104,0.0,0.012792813230921362,0.0,0.0,0.328535585747902,0.0,0.0009812208666238418,0.0,0.0,0.0,0.0,0.06398190866989306,0.0,0.0,0.0,0.30936994211176155
s10T1623,0.0,0.10222883810362057,0.0,0.015564025540368417,0.01049439122262776,0.0003167592923523577,0.0,0.0,0.08155221479091958,0.0032021876719519394,0.0,0.22663410128558617,0.0,0.03368166805198799,0.0,0.0,0.2905990449100503,0.0,0.0,0.0,0.0,0.0,0.0,0.18551882107874723,0.0,0.0,0.0,0.05020794805178745
s11T1623,0.0,0.15345518496411317,0.0,0.02395294745718682,0.00774970047160579,0.0,0.0,0.0,0.0696267710396432,0.0003268912664993418,0.0,0.3223512566864763,0.0,0.03772795533001079,0.0,0.0,0.2591336644802222,0.0,0.007477315673826841,0.0,0.0,0.0015734807503983914,0.0,0.11662483188001734,0.0,0.0,0.0,0.0
s12T1623,0.0,0.21612988142641318,0.0,0.012790854462098895,0.005503231612226488,0.0,0.00025783103874056,0.0,0.09484714935315826,0.0050382732946637225,0.0,0.3061580968223375,0.0,0.007378289465556935,0.0,0.0,0.2015154917776439,0.0,0.038013137416073414,0.0,0.0,0.0,0.0,0.11236776333108693,0.0,0.0,0.0,0.0
s13T1623,0.0,0.29038141392975036,0.0,0.014172903828043752,0.0033930118829783047,0.0,0.0,0.0,0.07653024148297441,0.0027812585168530907,0.0,0.2698511074528498,0.0,0.032606869693636936,0.0,0.0,0.22464181279142387,0.0,0.006325579106787498,0.0,0.0,0.0,0.0,0.079315801314702,0.0,0.0,0.0,0.0
s14T1623,0.06400476669607523,0.1407890362787373,0.0,0.012232898522536196,0.021445492703517956,0.0,0.0,0.000840327929378859,0.1736032454163188,0.020409640919338022,0.0,0.23080350893899418,0.0,0.022563540814189688,0.0,0.0,0.11566535214921668,0.0,0.05157341682246902,0.0,0.0,0.0,0.0,0.14555040493141402,0.0,0.0,0.0,0.0005183678778140127
s15T1623,0.44402245716995076,0.0006468820554967357,0.0009627139507683491,0.011022375961331432,0.008153429895949608,0.0,0.0,0.016280741553346013,0.12456134979540437,0.1109657681617658,0.012302368947575169,0.0,0.04222288765217071,0.00213153091852156,0.0,0.013225510613233933,0.0,0.05011931854314661,0.10853921423280301,0.0,0.0,0.0,0.0,0.05145720331831794,0.0,0.0,0.0,0.0033862472302181165
s02M1723,0.5012974647796362,0.0,0.0,0.001307030303938919,0.0024263844880674,0.0,0.0,0.001505633070168655,0.023833731495127707,0.006678077623537862,0.000948336647226473,0.0,0.008552680359259041,0.13050126691770603,0.006103399601827274,0.0,0.0,0.007877183248957713,0.2545823876342219,0.0,0.04999921988897794,0.0,0.0,0.0,0.0011588579939551295,0.0,0.0,0.0032283459473914917
s03M1723,0.6724027697313074,0.0,0.0003423614047332241,0.008644133028477136,0.0046736044054630985,0.0,0.0,0.0007526927222727022,0.02549653114176259,0.06536645551117723,0.0009289157576405229,0.0,0.05226849896199854,0.036722046387448914,0.0064965825808276974,0.048061244306175026,0.0,0.06299954302360856,0.009393129999311314,0.0,0.0,0.0,0.0,0.0,0.0009980691009153241,0.0,0.0,0.004453421936880847
s04M1723,0.6132897485591633,0.0,0.0005103886970994329,0.01054311565011686,0.0,0.0004472449581064264,0.0,0.0002837227054773549,0.07698416769838456,0.05635799254349407,0.0008455389857642434,0.0,0.05932140897425487,0.0775835567916191,0.013186558621708564,0.032330762432661544,0.0,0.011783468287710987,0.027159084767202295,0.002258085663913343,0.0,0.0,0.0,0.0,0.0,0.0,0.0,0.017115154663323112
s05M1723,0.6639293766373177,0.0,0.00014970716310730095,0.007411984568116904,0.0,0.0033293922840675486,0.0,0.000855984415234819,0.03348174680459974,0.03821737530942731,0.000753197760388696,0.0,0.04918805405689285,0.06420388713077546,0.0070214095605936715,0.0496339041711383,0.0,0.024525735215811213,0.031068943306290318,0.0,0.016641032484746958,0.0,0.0,0.0,0.0004587822153151149,0.0,0.0,0.009129486916176195
s06M1723,0.7233832138023635,0.0,0.0002743502336119758,0.003585879684078908,0.0,0.0018200936410069282,0.0,0.0005083174846299584,0.040852554198775495,0.03003366524062753,0.0012371632495320525,0.0,0.02966044016237485,0.02811648848041629,0.007300930051870052,0.01927544236245578,0.0,0.0016183608992614558,0.0877793243639247,0.0035191015594861403,0.0,6.89989077377321e-05,0.0,0.0,0.0,0.0,0.00895215437509049,0.012013521302756139
s07M1723,0.6784346380759604,0.0,0.0,0.008448915928977141,0.0,0.0,0.0,0.003742223696568957,0.0017020578799391282,0.01520151724071096,6.375185376979933e-05,0.0,0.009069723444131431,0.08801857899533778,0.014395627531956294,0.0,0.001057288620667319,0.0,0.17610145792932672,0.0005877082386415225,0.0,3.2973295194095484e-05,0.0,0.0,0.00021499193885912953,0.0,0.002357308015950671,0.000571237314008795
s08M1723,0.0,0.0,0.0172789541524875,0.03902765966062333,0.0,0.0,0.0,0.0,0.0,0.0,0.0,0.6285823436545118,0.0,0.04957225818286151,0.0,0.0,0.14539671830910175,0.0,0.0,0.0,0.0,0.0,0.0,0.0,0.0,0.0,0.0,0.12014206604041411
s09M1723,0.08920351433957208,0.15151733219836178,0.010553537243968241,0.03668387599190069,0.0016333939452385763,0.0,0.0,0.007079043595051724,0.10682386791701427,0.0,0.0,0.43895602653686383,0.0,0.023047643084132246,0.014696091144209064,0.0,0.05550370295939415,0.0,0.0,0.0,0.0,0.0010076047264616847,0.0,0.06329436631783165,0.0,0.0,0.0,0.0
s10M1723,0.05353392251214882,0.10326916280541108,0.0,0.024448816269604885,0.0,0.0,0.0,0.021228753526248263,0.4027754215364821,0.0,0.00039469725722596113,0.18254650520077917,0.0,0.017113850738981463,0.0,0.0,0.0,0.0,0.0,0.0,0.0,0.000149309115756036,0.0022560166021526125,0.1922835444352098,0.0,0.0,0.0,0.0
s11M1723,0.0,0.10715577742687904,0.001784276892028034,0.019827173936767254,0.037084237784065166,0.0,0.0,0.0,0.2435219755769509,0.002774934611326214,0.0,0.12710502586470332,0.0,0.008914928768781598,0.0,0.0,0.03698424622071941,0.0,0.05327868539864259,0.0,0.0,0.0,0.0,0.34683861074246897,0.0,0.0,0.0,0.014730126776667327
s12M1723,0.1118180153106256,0.0,0.0016118219225373424,0.008694769075221192,0.0614090403342051,0.0,0.0,0.018805975136722605,0.38652928661173963,0.022892021765775535,0.008017150532016815,0.02438645615677165,0.0,0.0,0.0,0.0,0.0,0.0,0.07908291253355501,0.0,0.0,0.0,0.0,0.26076258020558685,0.0,0.0,0.0,0.01598997041524257
s13M1723,0.1415889793872636,0.07292186055788426,0.0,0.024026099133370653,0.0,0.0,0.0,0.02441273980517453,0.36335185273292936,0.0001873944326163953,0.007019502404843152,0.15102995479331355,0.0,0.02173198077899175,0.049940908889090786,0.0,0.0009285260841920901,0.0,0.0,0.0,0.0,0.0,0.0,0.1417250531751712,0.0,0.0011351478251586862,0.0,0.0
s14M1723,0.2942355256888259,0.0,0.001381607590371394,0.01024714623758806,0.05586991232204211,0.0,0.0,0.02327976791620165,0.2154852634692188,0.147626153684595,0.007977397467264087,0.0,0.0,0.0,0.0,0.0,0.0,0.006416035737507217,0.07235580388899052,0.0,0.0,0.0,0.0,0.1529262237037261,0.0,0.0,0.0,0.012199162293669213
s15M1723,0.5107612532269363,0.0,0.0006898120892823634,0.005350217456019535,0.005792190105362657,0.0,0.0,0.008279268099384568,0.05486919025591666,0.06774568569124591,0.002766034617762205,0.0,0.02462291330677249,0.04190496478987785,0.01939225041673672,0.0,0.0,0.028601873735150243,0.20335692927373197,0.0009286705880278895,0.0,0.0,0.0,0.023228196137216876,0.0005014835976324877,0.0,0.0,0.0012090666129430168
s01X1723,0.8136786947637549,0.0,0.0,0.0068051475358971315,0.0,0.0,0.0,0.0005693210104487571,0.019492274615416753,0.005793772543410582,0.0019070164901109148,0.0,0.01632727902288888,0.08772947213171683,0.011540205181228978,0.0,0.0,0.002979902241719323,0.028112283620703542,0.00021671636747913454,0.0,0.0,0.0,0.0,0.0007207880065283658,0.00035435677244997134,0.003772769696245801,0.0
s02T1723,0.6751592201626981,0.0,0.0002500424961268012,0.00019596062523568008,0.0,0.0,0.0,0.0013287185115197543,0.02026636889139672,0.04147367159102194,0.013707937648904146,0.0,0.013106205081304872,0.17832667114430356,0.009638605540534093,0.0,0.0,0.014985101429372703,0.009220832401512802,0.0,0.01882440713158679,0.00018304117420922362,0.0,0.0,0.0,0.0,0.0,0.003333216170272802
s03T1723,0.6677835502761171,0.0,8.322339511587392e-05,0.0011330788476909225,0.0,0.0017858552705923702,0.0,0.0019835154544089726,0.026767418209118158,0.048423215056859904,0.016355193132114462,0.0,0.01342672391868853,0.13264324614198744,0.009921678831625693,0.0015008597803424864,0.0,0.016739336481813933,0.051737146438544976,0.0003943077655101072,0.0004296652102240233,1.2650779493940687e-06,0.0,0.0,0.0,0.0,0.002096873221451618,0.006793847489843939
s04T1723,0.6717290002750809,0.0,2.4893109784991567e-05,0.0004009433769919467,0.0,0.0007269935173371317,0.0,0.0,0.024344364694282267,0.020569812606633067,0.00703429272185168,0.0,0.0,0.03433440628764821,0.0,0.0,0.0,0.0,0.22327052433350766,0.0013319289082639589,0.014018047427283683,0.00017621284234940564,0.0,0.0,0.0,0.0,0.0006398830039442441,0.0013986968950409444
s05T1723,0.6349611073102166,0.0,0.000438237675521315,0.0,0.0,0.006952861849944621,0.0,0.0,0.09559134864117586,0.08086747423416016,0.005413769995509197,0.0,0.01847354079513854,0.04622188035820001,0.0,0.010793325594736416,0.0,0.02244000729826821,0.007661831318040125,0.0,0.052233226053463366,7.36320588583806e-05,0.0,0.0,0.0,0.0,0.007120498054042222,0.010757258762724759
s06T1723,0.6415153032619897,0.0,0.0002590060723487888,0.0012481313392835864,0.0,0.002978964524457689,0.0,0.0,0.0547168506345444,0.04672747380687711,0.0017324718805974914,0.0,0.010674348806165843,0.025283416085900085,0.0,0.0017104782909925364,0.0,0.008130735010186524,0.08297978926277637,0.0,0.11144559402998731,0.0,0.0,0.0,0.0,0.0,0.0030931621067467304,0.007504274887146029
s08T1723,0.0,0.019712632692556985,0.012934662917652667,0.023865393396764363,0.0,0.0,0.0,0.0,0.0,0.0,0.0,0.834348192083033,0.0,0.07830451465211252,0.0,0.0,0.00756798751020442,0.0,0.020624497719633227,0.0,0.0,0.0,0.0,0.0,0.0,0.0026421190280427956,0.0,0.0
s10T1723,0.0,0.18788318641642326,0.0029710352065091448,0.027739533215285755,0.0,0.0,0.0,0.0,0.0035074683694869342,0.0,0.0,0.7312140447931791,0.0002764502798361064,0.04594406897128777,0.0,0.0,0.0,0.0,0.0,0.0,0.0,0.0,0.0,0.0,0.0,0.000464212747992018,0.0,0.0
s11T1723,0.049109986197271555,0.17833692797537082,0.0018849594662237448,0.03637877033153563,0.0,0.0,0.0,0.0,0.025268947432819093,0.0,0.0,0.6264914184224604,0.0,0.026333801117791964,0.0,0.0,0.0,0.0,0.05619518905652687,0.0,0.0,0.0,0.0,0.0,0.0,0.0,0.0,0.0
s12T1723,0.07687109015781597,0.14861097880805627,0.014743094797657539,0.03605920589468542,0.0,0.0,0.0,0.009974036299198857,0.0618441132428734,0.0,0.0,0.5366775301481748,0.0,0.04085732574333453,0.02533924909480994,0.0,0.0,0.0,0.0,0.0,0.0,0.0,0.0,0.04902337581339328,0.0,0.0,0.0,0.0
s13T1723,0.10734324660996417,0.15108298921475127,0.0,0.005584334612573245,0.0,0.0,0.0,0.0028474122068649155,0.20260290348158558,0.0,0.008146162679139255,0.1831765272383406,0.0,0.03857753663119045,0.04807703085680815,0.0,0.0,0.0,0.051774365896927015,0.0,0.0,0.0,0.0,0.19777645622931977,0.0,0.003011034342535641,0.0,0.0
s14T1723,0.3357378957875542,0.0,0.0005980969509230986,0.009160794313588036,0.0003934199127194862,0.0,0.0,0.004165418664864911,0.0999683348414099,0.020121813685265732,0.014242270674322361,0.03435125058235837,0.0,0.050212969944007535,0.01883450280574176,0.0,0.0003285485853030424,0.0015112042362442504,0.30062085432415725,7.092145839236868e-05,0.0,0.0,0.0,0.10570962891466186,0.0,0.0,0.0,0.003972074318485636
s15T1723,0.4411112356375787,0.0,0.000682460811806894,0.002574968940480823,0.0022807867095776075,0.0025415399144517585,0.0,0.005544303861754989,0.0865878924401888,0.12472424114472089,0.007259336538381547,0.0,0.040769606394873384,0.0825365253831082,0.0010211024794117578,0.013265483470946075,0.0,0.04333555069871184,0.11752070889111094,0.0,0.0,0.0,0.0,0.02507663371719812,0.0,0.0,0.0,0.003167622965697799
s02M1823,0.6393174833614969,0.0,8.567633275781674e-06,0.010377797876739392,0.0,0.0,0.0,0.00029766629682110744,0.05042241689988413,0.02347245675558092,0.006695317209619431,0.0,0.00973513417506101,0.17048960076812272,0.007667649160675987,0.011621546924338783,0.0,0.013190405557398609,0.039516547368872265,0.000327357517260686,0.010909185180230556,0.0,0.0,0.0,0.0,0.0,0.0,0.005950867314621767
s03M1823,0.7060711507020421,0.0,0.0,0.004416392359489071,0.0032839000640008317,0.0,0.0,9.345980871763589e-06,0.021108797914660197,0.03192351580845014,0.0035817044906936235,0.0,0.009762855779829322,0.16825310956074538,0.007648823530679739,0.005795933654779644,0.0,0.018606288978592025,0.004193987101221872,0.0,0.008157762135843146,0.0,0.0,0.0,0.0022843150002478316,0.0,0.0,0.004902116937853187
s04M1823,0.6964082709178364,0.0,0.0001014956212946434,0.0018711865335099887,0.0033026786304361593,0.0012912605796036054,0.0,0.0,0.032405560730234435,0.05261174784373334,0.006301429170918185,0.0,0.010644647317753374,0.14612394361525718,0.008286501856418115,0.0007263750289865557,0.0,0.017613474726651937,0.012531810549892563,0.00020717773906691404,0.0,0.00024785564667121013,0.0,0.00018154027866122433,0.0022248826914289988,0.0,0.0,0.006918160521645165
s05M1823,0.7693057501776062,0.0,0.00020684239066321307,0.004450756622863865,0.0,0.000363033225745858,0.0,0.0006768825231911086,0.03612096097325544,0.03341316843089219,0.004843541367022902,0.0,0.007842453684210136,0.11001928610684886,0.0014491263904417191,0.0,0.0,0.006284579366691293,0.016242284996867834,2.959585839937453e-05,0.0,0.0,0.0,0.0,0.0,0.0,0.001007080590840526,0.007744657294459456
s06M1823,0.7376650400917771,0.0,0.0006784494609458287,0.001931102554372657,0.0,0.002046439599846848,0.0,0.0,0.08792143384038091,0.07348271306566372,0.004943220668844815,0.0,0.003290917824363982,0.04764633554077898,0.0,0.0,0.0,0.00992675687766982,0.0006931044086171555,0.0,0.012442296396608387,0.0,0.0,0.0,0.0,0.0,0.010777057943385404,0.0065551317267443406
s07M1823,0.5641248774454345,0.0,0.0005504293786312928,0.0,0.0,0.007586356883768919,0.0,0.0,0.08985410243780141,0.1000387931260983,0.006419502721816251,0.0,0.01293702915221881,0.062439205891106894,0.0,0.0,0.0,0.03179239524312723,0.0,0.0,0.12425730771999635,0.0,0.0,0.0,0.0,0.0,0.0,0.0
s08M1823,0.0,0.015492699684129932,0.023495664877028533,0.0,0.0,0.0,0.0,0.0,0.0,0.0,0.0,0.6758139953670381,0.0,0.05823922660620175,0.0,0.0,0.19371761946539418,0.0,0.0,0.0,0.0,0.0,0.0,0.0,0.002256159790507647,0.0,0.0,0.03098463420969981
s09M1823,0.0,0.09012633466180489,0.047764084021420315,0.023548069067980563,0.0,0.0,0.0,0.02239429564091548,0.032311724683701665,0.002360950667867335,0.0,0.46852737742924455,0.0,0.04791363344793509,0.0,0.0,0.10483211650114588,0.0,0.0,0.0,0.0,0.0,0.0,0.15911639302394362,0.0,0.001105020854040752,0.0,0.0
s10M1823,0.27805318406614804,0.0,0.0,0.0,0.0,0.0,0.0,0.017794088888724937,0.10830817096030654,0.0006438658757468008,0.006955459131916243,0.20217247783399428,0.0,0.012973912592562944,0.15780218697506296,0.0,0.0,0.0,0.0,0.0,0.0,0.0,4.7255943809821415e-05,0.2129964892380299,0.0,0.0012027224346986619,0.0,0.0010501860589985789
s11M1823,0.09036167182722116,0.038088488674421404,0.028549513527435608,0.020506347120799562,0.0,0.0,0.0,0.033164469491185934,0.08238818878834239,0.003316528484306465,0.0005569634408342072,0.36493636312042815,0.0,0.034226965757565564,0.0432509336924743,0.0,0.02475556559971693,0.0,0.0,0.0,0.0,0.0,0.009542964276892623,0.22635503619837577,0.0,0.0,0.0,0.0
s12M1823,0.0,0.0371612175785368,0.010146738347183215,0.0033932259362079906,0.0,0.0,0.0005106229317871896,0.009062183624430287,0.06963549510243738,0.01373766410890125,0.011845709569511068,0.17490100268555125,0.0,0.003742689526932976,0.0,0.0,0.019328918670275606,0.0,0.0,0.0,0.0,0.0018960199808964262,0.0,0.6320095634213518,0.0,0.0,0.007649447387006143,0.004979501128990688
s13M1823,0.0,0.0,0.01784335941832231,0.020115284429389847,0.0,0.0,0.0,0.03117761099880888,0.07318373860647157,0.04277374323433745,0.0023746956258505437,0.12831232677281118,0.0,0.01340992846756695,0.0,0.006242612402591515,0.022295830361423064,0.0,0.0,0.0,0.0,0.0012453216175912236,0.007511804064120311,0.6118790492228648,0.0,0.0,0.005441599034760384,0.01619309574308997
s14M1823,0.05755221058758818,0.005967469985716037,0.005460351551083701,0.0,0.0,0.0,0.0001964838921926783,0.0,0.12139427290535293,0.031489731485898384,0.036316307164518204,0.01832974233481124,0.0,0.028750976790917822,0.08352663394024859,0.012207177281228882,0.006240894579101852,0.0,0.0,0.0,0.0,0.0,0.0,0.5724022046667666,0.0,0.0,0.005961362517066458,0.014204180317508384
s15M1823,0.40385546238115677,0.0,0.0031810021458460866,0.011571817864947636,0.0,0.0006278863099191966,0.0,0.025460034315868938,0.06442089749617504,0.06345355463293181,0.017592027556812426,0.011483692493093587,0.012129490058748006,0.09403411156970394,0.0,0.009344423806727297,0.0028090761031148797,0.01282643947266829,0.0,0.0,0.0,0.0,0.0,0.2499072383963729,0.0,0.0,0.0,0.017302845395913265
s01X1823,0.6622765222043537,0.0,0.0,0.0028217830231387015,0.0,0.00469164128473982,0.0,0.0,0.016528919456448955,0.027082784207879657,0.012456080048268254,0.0,0.007328845972300247,0.17881683276411423,0.0,0.03578417871351373,0.0,0.01653701644148145,0.024847249969813287,0.0,0.0,0.0,0.0,0.0,0.0022020601167182527,0.0,0.00019014566640137553,0.008435940130828264
s02T1823,0.5594804605174583,0.0,2.0459688432517426e-05,0.006061748843393844,0.0,0.017508731809957115,0.0,0.0,0.024782752680022717,0.10579495433377274,0.0026482869172870754,0.0,0.0,0.12624837915735213,0.0,0.11837510674966532,0.0,0.030283399990649464,0.0,0.0,0.0,0.0,0.0,0.0,0.0,0.0,0.0,0.008795719312008784
s03T1823,0.47592385796270753,0.0,7.230828648436803e-05,0.00939265572259374,0.0,0.01949112608205928,0.0,0.0,0.04028299265019761,0.08633500964047737,0.006245787974034036,0.0,0.006042297845125252,0.18548581147436174,0.0,0.11780806169234855,0.0,0.025462083927052816,0.01212816071921726,0.0,0.003197839332427975,0.0,0.0,0.0,0.0,0.0,0.0,0.01213200669091243
s04T1823,0.42748037009023343,0.0,0.00025358551542284743,0.0035313413865900186,0.0,0.04533482453617843,0.0,0.0,0.04000190989740998,0.19620184674947475,0.012976741350547362,0.0,0.0,0.06790600025594111,0.0,0.15833502864720927,0.0,0.028652090458491656,0.007394498968782734,0.0,0.0,0.0,0.0,0.0,0.0,0.0,0.0,0.011931762143718294
s05T1823,0.4799055386313354,0.0,0.0,0.0032299118258182174,0.0,0.03684279184640745,0.0,0.0,0.04617013868142188,0.16058288927113326,0.01291683906741761,0.0,0.0,0.09758553939048889,0.0,0.0940028123756802,0.0,0.008885788996981316,0.03318604670074016,0.0,0.01589305788890049,0.0,0.0,0.0,0.0,0.0,0.0,0.010798645323675166
s06T1823,0.5147939895911617,0.0,0.0,0.0024837416413090885,0.0,0.04415183435296985,0.0,0.0,0.04088279711374399,0.1912408861999854,0.0054855695203072504,0.0,0.002059978504564222,0.05953808164007288,0.0,0.08149605375290227,0.0,0.02403059403169025,0.023328372020029135,0.0,0.0,0.0,0.0,0.0004074419762953507,0.0,0.0,0.0,0.010100659654968541
s07T1823,0.4301862228600828,0.0,0.0001166427574317189,0.002261170760870326,0.0,0.06439525997193817,0.0,0.0,0.025792158396247215,0.22175073650329674,0.0001672468866228571,0.0,0.0,0.07165676939095651,0.0,0.12736348810583137,0.0,0.02443263167374283,0.025739037024267136,0.0,0.0,0.0,0.0,0.0,0.0,0.0,0.0,0.006138635668712342
s08T1823,0.0,0.0,0.0327306885117792,0.004853942848895167,0.0,0.0,0.0,0.0,0.0,0.0,0.0,0.7785077942375618,0.0,0.0953622275212269,0.0,0.0,0.08833318879482893,0.0,0.0,0.0,0.0,0.0,0.0,0.0,0.0,0.00021215808570797506,0.0,0.0
s09T1823,0.0,0.1531829521819611,0.005505760830770479,0.0,0.0,0.0,0.0,0.0,0.0,0.0,0.0,0.748292500389532,0.0,0.05025027429541992,0.0,0.0,0.04276851230231655,0.0,0.0,0.0,0.0,0.0,0.0,0.0,0.0,0.0,0.0,0.0
s10T1823,0.0056293930935256455,0.0529039006821039,0.02582086498660251,0.00713712512481726,0.0,0.0,0.0,0.017674037881553167,0.00934057676300562,0.0004955919843335852,0.0,0.42763029828944604,0.0,0.08298233023650743,0.0,7.672632758787726e-05,0.05595651399170954,0.0,0.0,0.0,0.0,0.0,0.017188324537288812,0.29648923220896906,0.0,0.000254257658384459,0.0,0.0004208262341650484
s11T1823,0.0,0.15740854466233153,0.027897123284260646,0.0,0.0,0.0,0.0,0.005929387276665073,0.010325269342152747,0.00044345301202315034,0.0,0.5076366134525939,0.0,0.052412687140055945,0.0,0.0,0.05894951942271014,0.0,0.0,0.0,0.0,0.0,0.007211419084658692,0.17178598332254819,0.0,0.0,0.0,0.0
s12T1823,0.13293636456992167,0.04401095393604642,0.011316228637894526,0.013276628728760741,0.0,0.0,0.0,0.013700995017406356,0.03172529624372341,0.0027878706735868187,0.0,0.3829758270631276,0.0002992656095711462,0.04306828156263666,0.07767948967474582,0.0,0.032291039507557316,0.0,0.002396058367254648,0.0,0.0,0.0,0.015740783785168026,0.19220736367951574,0.0,0.0035875529430829224,0.0,0.0
s14T1823,0.26949719302277764,0.010288999034028717,0.011018556313553467,0.026752772774046613,0.0,0.0,0.0,0.035712567668177334,0.026612860749665134,0.008412664560028107,0.0,0.301516821647513,0.00033283439175386243,0.08773379888300042,0.0,0.0,0.04024076744669378,0.0,0.02207199171575077,0.0,0.0,0.0,0.010626633401882123,0.14721785001702625,0.0,0.0019636883741027673,0.0,0.0
s15T1823,0.40777912187119725,0.0,0.0006695916484691666,0.013722218197276278,0.0,0.006068144347423797,0.0,0.019935767771495347,0.041551694606956936,0.12845532427720807,0.03122675736386428,0.0,0.01034841017687897,0.08474545894721472,0.023884393196512567,0.026591304137746546,0.0,0.0346546115513828,0.0044378547339582256,0.0,0.0,0.0,0.0,0.16288752496657738,0.000260703112364736,0.0,0.0,0.002781119093472855
s04M1923,0.42964570007820857,0.0,0.0,0.005484661107751609,0.0,0.0,0.0,0.000543270870166648,0.0,0.004423127019700478,0.0006721671741990824,0.0,0.006284935878091536,0.49170085600786784,0.0,0.0,0.0,0.008743316661227057,0.03622084044752685,0.0,0.0,0.0,0.0,0.0,0.01628112475526038,0.0,0.0,0.0
s05M1923,0.518642175777858,0.0,0.0,0.007768775959920514,0.0,0.0,0.0,0.001307636344447027,0.0019256618678137253,0.0033446951633585606,0.0007558607650328601,0.0,0.005815413819084892,0.3489158329477617,0.002851595346416755,0.0,0.0,0.01744703745288927,0.0793942005169554,0.0,0.0,0.0,0.0,0.0,0.00745647077226404,0.00180784955463058,0.0,0.002566793711566836
s06M1923,0.4366610794026791,0.000332321148437892,0.0,0.0007472983769017097,0.0,0.0,0.0,0.0007492462816227601,0.00251507883373895,0.011074803767920968,0.0016916466327076844,0.0,0.0,0.25487732967756455,0.0017344201750827254,0.0024031300499405338,0.0003851586995324409,0.0332853998596401,0.2391218333876021,0.0,0.0,0.0,0.0,0.0,0.010867850348383029,0.0035534033582452296,0.0,0.0
s07M1923,0.5932220100258996,0.0,0.0,0.0,0.0008573675108296896,0.001363013881193967,0.0,0.0020305185466341544,0.005960751754704136,0.03291322607581458,0.0007715396384578344,0.0,0.008129550136671139,0.11737665512127939,0.014566056243619419,0.04185857346217845,0.0,0.08883187892382151,0.06813427415405976,0.0,0.0,0.0,0.0,0.011250653523249434,0.0071252409857442715,0.00560869001584282,0.0,0.0
s08M1923,0.0,0.169855209930297,0.0,0.0,0.0,0.0,0.0,0.0,0.0,0.0,0.0,0.7406870475003493,0.0,0.03678142349553734,0.0,0.0,0.052676319073816334,0.0,0.0,0.0,0.0,0.0,0.0,0.0,0.0,0.0,0.0,0.0
s09M1923,0.1524676847736042,0.07212766594286683,0.0,0.003902626106466578,0.0,0.0,0.0,0.032095056103602145,0.021899615075135836,0.0,0.0004063492399850831,0.399745840943829,0.0,0.026528176881521804,0.0,0.0,0.0,0.0,0.0,0.0,0.0,0.0,0.02730500546039242,0.262702719180139,0.0005928144093102984,0.0,0.00022644588314695352,0.0
s10M1923,0.0,0.12337300646543284,0.0,0.0033870131775961656,0.0,0.0,0.0,0.0,0.020858856455357056,0.0,0.012026051655373944,0.2117289046577578,0.0,0.01998511301635047,0.0,0.0013162024662213216,8.500546989249613e-06,0.0,0.0,0.00011906259721910152,0.0,0.0004818085957737214,0.03032847820973125,0.5610319634191883,0.0016635225901042374,0.0,0.01369151614690461,0.0
s11M1923,0.0,0.09301962932183713,0.0,0.003471517643724577,0.0,0.0,0.0,0.0,0.009916173702675314,0.0,0.013085082753781313,0.13237906833592303,0.0,0.014617060119314162,0.0,0.002960547610846819,0.011810615841167901,0.0,0.0,0.00011951401703671302,0.0,0.0007905742671823225,0.030895191542020396,0.6738635085378086,0.0009457374708344064,0.0,0.012125778835847202,0.0
s12M1923,0.1960790694469997,0.07036847347942746,0.0,0.006694897539926421,0.0,0.0,0.0,0.06031837276060296,0.043320292194883335,0.0005195290152656064,0.006895024920109352,0.14878925019481443,0.0,0.0,0.0,0.0,0.0,0.0,0.009994221126903374,0.0,0.0055542500437639995,0.0021174501775013473,0.01543322864247476,0.41965283540564613,0.000545311633184273,0.0,0.01371779341849675,0.0
s13M1923,0.10240874946255381,0.010960298096357273,0.0,0.012618195096149502,0.0,0.0,0.0,0.04911649491407124,0.028624645235875365,0.004238384114608582,0.0030318625917690007,0.14008587671257303,0.0,0.025032882668385523,0.0370878513279116,0.0030280416321837034,0.0,0.0,0.04087091457499481,0.0,0.0,0.0004977196443053155,0.04168930408877031,0.48468745645828293,0.002934359973639675,0.0,0.007276327559065642,0.005810635848502667
s14M1923,0.19031591344854742,0.021062856719965342,0.0007414934708162841,0.016174590549548697,0.0,0.0021507914035407373,0.0,0.05956945505036272,0.05416401060678416,0.02043747050731075,0.024429897687759314,0.001672302094580361,0.003524069975280857,0.0022465362309130824,0.0998571221863073,0.006352041208080968,0.0,0.003728567354411306,0.0023250303322838797,0.0,0.0013232518052444945,0.0,0.0,0.47950266445640954,0.0,0.0,0.0037858758577362477,0.006636059054116572
s15M1923,0.2434364606379107,0.001595762809273769,0.0011617431295726454,0.0,0.0,0.002183347242935001,0.0,0.0,0.0216727591045241,0.02358612278887805,0.043872501781125756,0.0,0.004514641274407937,0.06008966994188578,0.06323890949904672,0.01004034830541173,0.003947298024390508,0.007827749608977872,0.06403495013047764,4.8070113058509134e-05,0.0,0.0,0.0034416494194498153,0.4306090387950114,0.007200146422405871,0.003233318100371794,0.0033870016523444486,0.0008785112185400557
s02T1923,0.5329425375263336,0.0,0.0,0.00457532656876682,0.0035432590524351235,0.0,0.0,0.0003588674941170127,0.005088367934766832,0.011756511090592133,0.0012558640744305392,0.0,0.001945724356107071,0.3313049345160102,0.0054786859307709105,0.010006110113385636,0.001899493666406736,0.05404207913856347,2.9693225991148116e-05,0.0,0.005132427619294419,0.0,0.0,0.003938587324175159,0.014484580962919113,0.008012046047942745,0.0,0.004204903356991388
s03T1923,0.4339753694625715,0.0,0.0,0.0,0.000768683728874383,0.0,0.0,0.0036985302869705955,0.02025778790864089,0.010888151074004534,0.0016172434238281481,0.0,0.0008198802385404002,0.35846104745433,0.0,0.0,0.03170112433339784,0.014998238312893035,0.0,0.0,0.08142221272751947,0.0,0.0,0.0053788037707249705,0.017014778090687358,0.008272395184412031,0.0,0.010725754002604755
s04T1923,0.43417033079347456,0.0,0.0,0.0015887038618527063,0.0013359376215427014,0.0,0.0,0.001542487807170956,0.00027228349804431695,0.013628103692984277,0.0009252107280865622,0.004013449886590865,0.0021254529669080422,0.46679285920181735,0.006041658765674306,0.0,0.0,0.030989597259893264,0.0,0.0,0.0,0.0,0.0,0.0029562271017958036,0.01661133747344562,0.013311067547562783,0.0,0.00369529179315602
s05T1923,0.6305875474703445,0.0,2.3640346617410112e-05,0.006953776356449462,0.0014939977223166988,0.0,0.0,0.0012103589085832639,0.004563504055607109,0.012681542412982541,0.002945325496172957,0.0,0.007877532677114994,0.22856509480716944,0.0020964773358287765,0.0,0.0,0.07240355866557595,0.0,0.0,0.008042037408438297,0.0,0.0,0.0036994350334665573,0.009039535012356496,0.0033996685558168437,0.0,0.004416967735158907
s06T1923,0.6986956106464357,0.0,0.0,0.0030687658810044506,0.0,0.0,0.0,0.0020685444740621236,0.002845233294368275,0.008598518225154018,0.0012250880152656874,0.0,0.0007154793753892068,0.19714494297101598,0.0,0.019123603889964237,0.0,0.03173291330382072,0.0,0.0,0.019993194508681637,0.0,0.0,0.0,0.004387826256840205,0.008555102939292803,0.0,0.0018451762187049515
s07T1923,0.45089509067878514,0.0,0.0,0.0,0.0,0.0,0.0,0.0014235756066781115,0.00803916979970583,0.019846817495587386,0.012271383990557038,0.0,0.007306634193485702,0.3388356075144289,0.016590165598509947,0.0036346303492205767,0.0,0.06514300480925458,8.637816395961049e-05,0.0,0.0,0.0,0.0,0.03946031778257046,0.02536927844082404,0.011097945576432693,0.0,0.0
s08T1923,0.0,0.12839892596578803,0.010837475213300947,0.0,0.0,0.0,0.0,0.0,0.0,0.0,0.0,0.7866386286940603,0.0,0.05537298122853771,0.0,0.0,0.016681206766884057,0.0,0.0,0.0,0.0,0.0,0.0,0.0,0.0,0.0020707821314288975,0.0,0.0
s09T1923,0.0,0.20466424576819228,0.0,0.0,0.0,0.0,0.0,0.020811774606544715,0.03659980137060101,0.0,0.0,0.5845433382622661,0.0,0.04530153171856782,0.0,0.0,0.0,0.0,0.0,0.0,0.0,0.0,0.010472613833764704,0.09430403395041549,0.0,0.003302660489647654,0.0,0.0
s10T1923,0.0,0.10799248840839641,0.0,0.0021347325846686757,0.0,0.0,0.0,0.02683986922906238,0.07051208586471679,0.0,0.011364558940294579,0.30779970017179886,0.0,0.033392195866485494,0.0,0.00025671506558543213,0.0,0.0,0.0,0.0,0.0,0.0,0.019290901312087157,0.416287813624796,0.0,0.004128938932108332,0.0,0.0
s11T1923,0.14217170430647924,0.020892859789714377,0.0,0.0,0.0,0.0,0.0,0.02150689729274062,0.09379443987512442,0.0001608990167961472,0.00720408622599991,0.369161203349666,0.001272258903983252,0.06622566247441673,0.0,0.0,0.0,0.0,0.0,0.0,0.0,0.0,0.02743066050898784,0.24282429903099348,0.001670955981469709,0.005684073243628323,0.0,0.0
s12T1923,0.0,0.040493482354220046,0.0024620969807829223,0.0,0.0,0.000331642433199021,0.0007583448155143742,0.0,0.0,0.0010271117227157506,0.02491368842558243,0.001987698783407487,0.0,0.0052907232087649626,0.0,0.005644897353805572,0.02348329064005724,0.0,0.0,0.000400267618583926,0.0,0.0003462084935977021,0.0,0.88228905639491,0.0,0.0,0.007133674961742862,0.0034378158131157235
s13T1923,0.0,0.04598020529458527,0.00019219971366890844,0.0,0.0,0.0009138626063285668,0.0,0.0,0.0,0.0034823689152675003,0.035964724288780815,0.0564175212176345,0.0,0.023458342504838168,0.0,0.004433550750098239,0.016971192828485963,0.0,0.0,0.00028103235208982763,0.0,0.0007244612856049785,0.012804849810795408,0.7910475078897524,0.0,0.0013455874149239492,0.0033003135506682033,0.002682279576477395
s14T1923,0.437576729188411,0.0,0.0,0.0,0.0,0.002910932929323704,0.0,0.023059458569776654,0.020214287156653916,0.03264137925873176,0.05077355014938214,0.0,0.0034712770852077038,0.041007890799057145,0.10820110581148357,0.0,0.0,0.015408171000648419,0.0063389560166709396,0.0,0.0,0.0,0.0,0.257627710932338,0.00041368400604670035,0.0003548670962685247,0.0,0.0
s15T1923,0.48057243226056623,0.0,0.0,0.0035066927038658836,0.0,0.0032982473747146606,0.0,0.018392167728030817,0.013972937217613696,0.06959025805296384,0.031166302827424802,0.0,0.011334928474776509,0.12484132848520725,0.0309421858415351,0.00866402036635561,0.0,0.058442364367130496,0.00349875553792244,0.0,0.0,0.0,0.0,0.13029162543056877,0.0072245007896044305,0.00426125254171939,0.0,0.0
s05M2023,0.7078581034514634,0.0,6.0629018172012816e-05,0.004991105907874636,0.0,0.006087772113697778,0.0,0.0008994309380095737,0.0,0.015194090062238581,0.00048563666738107923,0.0,0.0,0.02771698375452699,0.0,0.07191926920474966,0.0,0.010113759034251582,0.0,0.0,0.14422996975622768,0.0,0.0,0.0,0.0019197436712401748,0.004967857051372343,0.0,0.0035556493687945593
s06M2023,0.6124541290399068,0.0,0.0,0.006081670931109659,0.0,0.011991278911204127,0.0,0.00413378563875748,0.00516009969656433,0.03974828129345973,0.006645389339961986,0.0,0.0,0.18801685343341845,0.005760254726800678,0.03458604997641794,0.0,0.04739351257894783,0.0,0.0,0.018701415104561688,0.0,0.0,0.0063478611431987235,0.0038695224058879468,0.002631852656831501,0.0,0.006478043122971113
s07M2023,0.4873429206991562,0.0,0.0,0.00332881257162675,0.0,0.0055000978560834045,0.0,0.0020932996090593293,0.003686292683026395,0.019880155084731274,0.007143149239492337,0.0,0.0,0.31770221175837593,0.009119183425174529,0.04783775492527682,0.0,0.05311850591045545,0.0,0.0,0.0,0.0,0.0,0.020461957382042387,0.009357916269035024,0.008341118919207278,0.0,0.0050866236672567535
s08M2023,0.0,0.032810811201851774,0.2687957918312095,0.013987413261050121,0.0,0.0,0.0,0.0,0.0,0.0,0.0,0.657106953520043,0.0,0.026063744465551698,0.0,0.0,0.0,0.0,0.0,0.0,0.0,0.0,0.0,0.0,0.0,0.0012352857202939322,0.0,0.0
s09M2023,0.0,0.13079283897806393,0.14473400798712127,0.006319534575476478,0.0,0.00016841430863565572,0.0,0.017772327282628394,0.0,0.0,0.0002884871368777166,0.3652178833404912,0.0,0.018095986480590225,0.0,0.00041511941049036423,0.0,0.0,0.0,0.0,0.0,0.0,2.9044683627915532e-06,0.3114024990529337,0.004789996978328297,0.0,0.0,0.0
s10M2023,0.0,0.0728301672991383,0.0,0.0,0.0,0.0,0.0,0.01216629868205819,0.0,0.0002932859839295312,0.007960548896617878,0.15121570750619992,0.0,0.014131684621736276,0.059968201754887665,0.002909019176390887,0.0,0.0,0.0,0.0,0.0,0.0055608791400293,0.019076354829070368,0.6272496019389276,0.026638250171014007,0.0,0.0,0.0
s11M2023,0.0,0.0,0.0,0.0,0.0,0.0,0.0,0.05074455574282312,0.0,0.0012869036788080441,0.002492868782821064,0.14803146557704075,0.0,0.019812688699569734,0.10615769355451389,0.00389873800560669,0.0,0.0,0.0,0.0,0.0,0.0015362244807949664,0.04742924132873431,0.591516835551597,0.015372248437570462,0.0008391609031229696,0.002490698325942554,0.008390676931054376
s12M2023,0.2254649016482596,0.0,0.0,0.012616171503186387,0.0,0.0,0.0,0.04873766859418811,0.003443029103035695,0.022382670785159188,0.016262569498379967,0.005729155655599149,0.0,0.024400131054236416,0.2004408010673789,0.0013694064481497327,0.0,0.0,0.0,0.0,0.0,0.0,0.01152566366261792,0.41496986217526877,0.008129231428311567,0.001791257978030967,0.0,0.002737479398197457
s13M2023,0.27472280277462147,0.0,0.0,0.0,0.0,0.0,0.0,0.05917571850596133,0.0,0.031963507124963014,0.011820244270523469,0.035544191527925914,0.0,0.019567145239347876,0.22304119366302486,0.0,0.0,0.0,0.0,0.0,0.0,0.0,0.001203785623395386,0.3239599730276863,0.013203928241546037,0.002856189256695275,0.0,0.0029413207443090912
s14M2023,0.14660937022384973,0.1008561943276405,0.10091307824918039,0.0,0.0012803073028979733,0.006527618001511975,0.0,0.048023480901049555,0.029831753589953172,0.03732771132397061,0.048142413212299874,0.000751189838318566,0.0,0.023913380329918407,0.04028858054491447,0.012021090135840188,0.016340209026702895,0.016806033556347754,0.0,0.0,0.0,0.0,0.0,0.249253325041489,0.0025270816191314944,0.0,0.0,0.11858718277498359
s15M2023,0.3442123870705013,0.0,0.0,0.0005449182445618851,0.0,0.013581364451427038,0.0,0.009342357101478594,0.007441025002602431,0.06070917597652774,0.03720640906726094,0.0,0.011162560450525808,0.20079710720763755,0.03271366244500028,0.011804127200858293,0.0,0.15531457184314582,0.0,0.0,0.0,0.0,0.0,0.09456789659729462,0.013950336058404412,0.004165040870424877,0.0,0.002487060412348453
s01X2023,0.39925157276601886,0.0,0.0,0.0,0.0,0.009791998471399804,0.0,0.0,0.0007327333520949606,0.024978844101471935,0.0024361232165596137,0.0077503872646775395,0.0,0.3060848141368147,0.0,0.06499822040651562,0.0,0.15259438771822187,0.0,0.0,0.0,0.0,0.0,0.0,0.009745957855510922,0.021634960710714295,0.0,0.0
